TRACE::2025-08-16.15:22:51::SCWPlatform::Trying to open the hw design at C:/Users/ilpes/Desktop/Antenne_e_clocks/McDMA_workspace/McDMA_v2_TF/hw/McDMA_v2_TF.xsa
TRACE::2025-08-16.15:22:51::SCWPlatform::DSA given C:/Users/ilpes/Desktop/Antenne_e_clocks/McDMA_workspace/McDMA_v2_TF/hw/McDMA_v2_TF.xsa
TRACE::2025-08-16.15:22:51::SCWPlatform::DSA absoulate path C:/Users/ilpes/Desktop/Antenne_e_clocks/McDMA_workspace/McDMA_v2_TF/hw/McDMA_v2_TF.xsa
TRACE::2025-08-16.15:22:59::SCWPlatform::DSA directory C:/Users/ilpes/Desktop/Antenne_e_clocks/McDMA_workspace/McDMA_v2_TF/hw
TRACE::2025-08-16.15:22:59::SCWPlatform:: Platform Path C:/Users/ilpes/Desktop/Antenne_e_clocks/McDMA_workspace/McDMA_v2_TF/hw/McDMA_v2_TF.xsa
TRACE::2025-08-16.15:22:59::SCWPlatform:: Unique name xilinx:cmod_a7-35t::0.0
TRACE::2025-08-16.15:22:59::SCWPlatform::Do not have an existing db opened. 
TRACE::2025-08-16.15:23:00::SCWPlatform::Opened new HwDB with name user_35t_wrapper_0
TRACE::2025-08-16.15:23:00::SCWWriter::formatted JSON is {
	"platformName":	"McDMA_v2_TF",
	"sprVersion":	"2.0",
	"mode":	"gui",
	"dsaType":	"Fixed",
	"platformDesc":	"McDMA_v2_TF",
	"platHandOff":	"C:/Users/ilpes/Desktop/INSEGNAMENTO/Didattica2023/McDMA/McDMA_v2/McDMA_v2_TF.xsa",
	"platIntHandOff":	"<platformDir>/hw/McDMA_v2_TF.xsa",
	"deviceType":	"FPGA",
	"platIsPrebuiltAutogen":	"false",
	"platIsNoBootBsp":	"false",
	"hasFsblMakeHasChanges":	"false",
	"hasPmufwMakeHasChanges":	"false",
	"platPreBuiltFlag":	false,
	"platformSamplesDir":	""
}
TRACE::2025-08-16.15:23:00::SCWWriter::formatted JSON is {
	"platformName":	"McDMA_v2_TF",
	"sprVersion":	"2.0",
	"mode":	"gui",
	"dsaType":	"Fixed",
	"platformDesc":	"McDMA_v2_TF",
	"platHandOff":	"C:/Users/ilpes/Desktop/INSEGNAMENTO/Didattica2023/McDMA/McDMA_v2/McDMA_v2_TF.xsa",
	"platIntHandOff":	"<platformDir>/hw/McDMA_v2_TF.xsa",
	"deviceType":	"FPGA",
	"platIsPrebuiltAutogen":	"false",
	"platIsNoBootBsp":	"false",
	"hasFsblMakeHasChanges":	"false",
	"hasPmufwMakeHasChanges":	"false",
	"platPreBuiltFlag":	false,
	"platformSamplesDir":	"",
	"platActiveSys":	"McDMA_v2_TF",
	"systems":	[{
			"systemName":	"McDMA_v2_TF",
			"systemDesc":	"McDMA_v2_TF",
			"sysIsBootAutoGen":	"true",
			"systemDispName":	"McDMA_v2_TF"
		}]
}
TRACE::2025-08-16.15:23:00::SCWPlatform::Boot application domains not present, creating them
TRACE::2025-08-16.15:23:00::SCWPlatform::Pure FPGA device, no boot application will be created.
TRACE::2025-08-16.15:23:00::SCWWriter::formatted JSON is {
	"platformName":	"McDMA_v2_TF",
	"sprVersion":	"2.0",
	"mode":	"gui",
	"dsaType":	"Fixed",
	"platformDesc":	"McDMA_v2_TF",
	"platHandOff":	"C:/Users/ilpes/Desktop/INSEGNAMENTO/Didattica2023/McDMA/McDMA_v2/McDMA_v2_TF.xsa",
	"platIntHandOff":	"<platformDir>/hw/McDMA_v2_TF.xsa",
	"deviceType":	"FPGA",
	"platIsPrebuiltAutogen":	"false",
	"platIsNoBootBsp":	"false",
	"hasFsblMakeHasChanges":	"false",
	"hasPmufwMakeHasChanges":	"false",
	"platPreBuiltFlag":	false,
	"platformSamplesDir":	"",
	"platActiveSys":	"McDMA_v2_TF",
	"systems":	[{
			"systemName":	"McDMA_v2_TF",
			"systemDesc":	"McDMA_v2_TF",
			"sysIsBootAutoGen":	"true",
			"systemDispName":	"McDMA_v2_TF"
		}]
}
TRACE::2025-08-16.15:23:00::SCWPlatform::Trying to open the hw design at C:/Users/ilpes/Desktop/Antenne_e_clocks/McDMA_workspace/McDMA_v2_TF/hw/McDMA_v2_TF.xsa
TRACE::2025-08-16.15:23:00::SCWPlatform::DSA given C:/Users/ilpes/Desktop/Antenne_e_clocks/McDMA_workspace/McDMA_v2_TF/hw/McDMA_v2_TF.xsa
TRACE::2025-08-16.15:23:00::SCWPlatform::DSA absoulate path C:/Users/ilpes/Desktop/Antenne_e_clocks/McDMA_workspace/McDMA_v2_TF/hw/McDMA_v2_TF.xsa
TRACE::2025-08-16.15:23:00::SCWPlatform::DSA directory C:/Users/ilpes/Desktop/Antenne_e_clocks/McDMA_workspace/McDMA_v2_TF/hw
TRACE::2025-08-16.15:23:00::SCWPlatform:: Platform Path C:/Users/ilpes/Desktop/Antenne_e_clocks/McDMA_workspace/McDMA_v2_TF/hw/McDMA_v2_TF.xsa
TRACE::2025-08-16.15:23:00::SCWPlatform:: Unique name xilinx:cmod_a7-35t::0.0
TRACE::2025-08-16.15:23:00::SCWPlatform::Trying to set the existing hwdb with name user_35t_wrapper_0
TRACE::2025-08-16.15:23:00::SCWPlatform::Opened existing hwdb user_35t_wrapper_0
TRACE::2025-08-16.15:23:00::SCWPlatform::Found the Hw Db part of the input DSA
TRACE::2025-08-16.15:23:00::SCWDomain::checking for install qemu data   : 
TRACE::2025-08-16.15:23:00::SCWPlatform::Trying to open the hw design at C:/Users/ilpes/Desktop/Antenne_e_clocks/McDMA_workspace/McDMA_v2_TF/hw/McDMA_v2_TF.xsa
TRACE::2025-08-16.15:23:00::SCWPlatform::DSA given C:/Users/ilpes/Desktop/Antenne_e_clocks/McDMA_workspace/McDMA_v2_TF/hw/McDMA_v2_TF.xsa
TRACE::2025-08-16.15:23:00::SCWPlatform::DSA absoulate path C:/Users/ilpes/Desktop/Antenne_e_clocks/McDMA_workspace/McDMA_v2_TF/hw/McDMA_v2_TF.xsa
TRACE::2025-08-16.15:23:00::SCWPlatform::DSA directory C:/Users/ilpes/Desktop/Antenne_e_clocks/McDMA_workspace/McDMA_v2_TF/hw
TRACE::2025-08-16.15:23:00::SCWPlatform:: Platform Path C:/Users/ilpes/Desktop/Antenne_e_clocks/McDMA_workspace/McDMA_v2_TF/hw/McDMA_v2_TF.xsa
TRACE::2025-08-16.15:23:00::SCWPlatform:: Unique name xilinx:cmod_a7-35t::0.0
TRACE::2025-08-16.15:23:00::SCWPlatform::Trying to set the existing hwdb with name user_35t_wrapper_0
TRACE::2025-08-16.15:23:00::SCWPlatform::Opened existing hwdb user_35t_wrapper_0
TRACE::2025-08-16.15:23:00::SCWPlatform::Found the Hw Db part of the input DSA
TRACE::2025-08-16.15:23:00::SCWPlatform::Trying to open the hw design at C:/Users/ilpes/Desktop/Antenne_e_clocks/McDMA_workspace/McDMA_v2_TF/hw/McDMA_v2_TF.xsa
TRACE::2025-08-16.15:23:00::SCWPlatform::DSA given C:/Users/ilpes/Desktop/Antenne_e_clocks/McDMA_workspace/McDMA_v2_TF/hw/McDMA_v2_TF.xsa
TRACE::2025-08-16.15:23:00::SCWPlatform::DSA absoulate path C:/Users/ilpes/Desktop/Antenne_e_clocks/McDMA_workspace/McDMA_v2_TF/hw/McDMA_v2_TF.xsa
TRACE::2025-08-16.15:23:00::SCWPlatform::DSA directory C:/Users/ilpes/Desktop/Antenne_e_clocks/McDMA_workspace/McDMA_v2_TF/hw
TRACE::2025-08-16.15:23:00::SCWPlatform:: Platform Path C:/Users/ilpes/Desktop/Antenne_e_clocks/McDMA_workspace/McDMA_v2_TF/hw/McDMA_v2_TF.xsa
TRACE::2025-08-16.15:23:00::SCWPlatform:: Unique name xilinx:cmod_a7-35t::0.0
TRACE::2025-08-16.15:23:00::SCWPlatform::Trying to set the existing hwdb with name user_35t_wrapper_0
TRACE::2025-08-16.15:23:00::SCWPlatform::Opened existing hwdb user_35t_wrapper_0
TRACE::2025-08-16.15:23:00::SCWPlatform::Found the Hw Db part of the input DSA
TRACE::2025-08-16.15:23:00::SCWPlatform::Trying to open the hw design at C:/Users/ilpes/Desktop/Antenne_e_clocks/McDMA_workspace/McDMA_v2_TF/hw/McDMA_v2_TF.xsa
TRACE::2025-08-16.15:23:00::SCWPlatform::DSA given C:/Users/ilpes/Desktop/Antenne_e_clocks/McDMA_workspace/McDMA_v2_TF/hw/McDMA_v2_TF.xsa
TRACE::2025-08-16.15:23:00::SCWPlatform::DSA absoulate path C:/Users/ilpes/Desktop/Antenne_e_clocks/McDMA_workspace/McDMA_v2_TF/hw/McDMA_v2_TF.xsa
TRACE::2025-08-16.15:23:00::SCWPlatform::DSA directory C:/Users/ilpes/Desktop/Antenne_e_clocks/McDMA_workspace/McDMA_v2_TF/hw
TRACE::2025-08-16.15:23:00::SCWPlatform:: Platform Path C:/Users/ilpes/Desktop/Antenne_e_clocks/McDMA_workspace/McDMA_v2_TF/hw/McDMA_v2_TF.xsa
TRACE::2025-08-16.15:23:00::SCWPlatform:: Unique name xilinx:cmod_a7-35t::0.0
TRACE::2025-08-16.15:23:00::SCWPlatform::Trying to set the existing hwdb with name user_35t_wrapper_0
TRACE::2025-08-16.15:23:00::SCWPlatform::Opened existing hwdb user_35t_wrapper_0
TRACE::2025-08-16.15:23:00::SCWPlatform::Found the Hw Db part of the input DSA
TRACE::2025-08-16.15:23:00::SCWMssOS::Checking the sw design at  C:/Users/ilpes/Desktop/Antenne_e_clocks/McDMA_workspace/McDMA_v2_TF/microblaze_0/standalone_domain/bsp/system.mss
TRACE::2025-08-16.15:23:00::SCWMssOS::DEBUG:  swdes dump  
TRACE::2025-08-16.15:23:00::SCWMssOS::No sw design opened at  C:/Users/ilpes/Desktop/Antenne_e_clocks/McDMA_workspace/McDMA_v2_TF/microblaze_0/standalone_domain/bsp/system.mss
TRACE::2025-08-16.15:23:00::SCWMssOS::mss does not exists at C:/Users/ilpes/Desktop/Antenne_e_clocks/McDMA_workspace/McDMA_v2_TF/microblaze_0/standalone_domain/bsp/system.mss
TRACE::2025-08-16.15:23:00::SCWMssOS::Creating sw design at  C:/Users/ilpes/Desktop/Antenne_e_clocks/McDMA_workspace/McDMA_v2_TF/microblaze_0/standalone_domain/bsp/system.mss
TRACE::2025-08-16.15:23:00::SCWMssOS::Adding the swdes entry, created swdb C:/Users/ilpes/Desktop/Antenne_e_clocks/McDMA_workspace/McDMA_v2_TF/microblaze_0/standalone_domain/bsp/system.mss with des name C:/Users/ilpes/Desktop/Antenne_e_clocks/McDMA_workspace/McDMA_v2_TF/microblaze_0/standalone_domain/bsp/system.mss
TRACE::2025-08-16.15:23:00::SCWMssOS::updating the scw layer changes to swdes at   C:/Users/ilpes/Desktop/Antenne_e_clocks/McDMA_workspace/McDMA_v2_TF/microblaze_0/standalone_domain/bsp/system.mss
TRACE::2025-08-16.15:23:00::SCWMssOS::Writing mss at C:/Users/ilpes/Desktop/Antenne_e_clocks/McDMA_workspace/McDMA_v2_TF/microblaze_0/standalone_domain/bsp/system.mss
TRACE::2025-08-16.15:23:00::SCWMssOS::Completed writing the mss file at C:/Users/ilpes/Desktop/Antenne_e_clocks/McDMA_workspace/McDMA_v2_TF/microblaze_0/standalone_domain/bsp
TRACE::2025-08-16.15:23:00::SCWMssOS::Picking up changes from newly written mss file into SCW Layer. 
TRACE::2025-08-16.15:23:00::SCWMssOS::Updated the changes from newly written mss file into SCW Layer. 
TRACE::2025-08-16.15:23:00::SCWMssOS::Completed writing the mss file at C:/Users/ilpes/Desktop/Antenne_e_clocks/McDMA_workspace/McDMA_v2_TF/microblaze_0/standalone_domain/bsp
TRACE::2025-08-16.15:23:00::SCWMssOS::Forcing BSP Sources regeneration.
TRACE::2025-08-16.15:23:06::SCWMssOS::Saving the mss changes C:/Users/ilpes/Desktop/Antenne_e_clocks/McDMA_workspace/McDMA_v2_TF/microblaze_0/standalone_domain/bsp/system.mss
TRACE::2025-08-16.15:23:06::SCWMssOS::Found a swdesign opened with the mssfile.
TRACE::2025-08-16.15:23:06::SCWMssOS::Running validate of swdbs.
KEYINFO::2025-08-16.15:23:06::SCWMssOS::Could not open the swdb for C:/Users/ilpes/Desktop/Antenne_e_clocks/McDMA_workspace/McDMA_v2_TF/microblaze_0/standalone_domain/bsp/system.mss
KEYINFO::2025-08-16.15:23:06::SCWMssOS::Could not open the sw design at  C:/Users/ilpes/Desktop/Antenne_e_clocks/McDMA_workspace/McDMA_v2_TF/microblaze_0/standalone_domain/bsp/system.mss
ERROR: [Hsi 55-1558] Software Design C:/Users/ilpes/Desktop/Antenne_e_clocks/McDMA_workspace/McDMA_v2_TF/microblaze_0/standalone_domain/bsp/system.mss is not found

TRACE::2025-08-16.15:23:06::SCWMssOS::Cleared the swdb table entry
TRACE::2025-08-16.15:23:06::SCWMssOS::Adding the swdes entry, mss present, able to open swdb C:/Users/ilpes/Desktop/Antenne_e_clocks/McDMA_workspace/McDMA_v2_TF/microblaze_0/standalone_domain/bsp/system.mss with des name system
TRACE::2025-08-16.15:23:06::SCWMssOS::Writing the mss file completed C:/Users/ilpes/Desktop/Antenne_e_clocks/McDMA_workspace/McDMA_v2_TF/microblaze_0/standalone_domain/bsp/system.mss
TRACE::2025-08-16.15:23:06::SCWMssOS::Commit changes completed.
TRACE::2025-08-16.15:23:06::SCWPlatform::Trying to open the hw design at C:/Users/ilpes/Desktop/Antenne_e_clocks/McDMA_workspace/McDMA_v2_TF/hw/McDMA_v2_TF.xsa
TRACE::2025-08-16.15:23:06::SCWPlatform::DSA given C:/Users/ilpes/Desktop/Antenne_e_clocks/McDMA_workspace/McDMA_v2_TF/hw/McDMA_v2_TF.xsa
TRACE::2025-08-16.15:23:06::SCWPlatform::DSA absoulate path C:/Users/ilpes/Desktop/Antenne_e_clocks/McDMA_workspace/McDMA_v2_TF/hw/McDMA_v2_TF.xsa
TRACE::2025-08-16.15:23:06::SCWPlatform::DSA directory C:/Users/ilpes/Desktop/Antenne_e_clocks/McDMA_workspace/McDMA_v2_TF/hw
TRACE::2025-08-16.15:23:06::SCWPlatform:: Platform Path C:/Users/ilpes/Desktop/Antenne_e_clocks/McDMA_workspace/McDMA_v2_TF/hw/McDMA_v2_TF.xsa
TRACE::2025-08-16.15:23:06::SCWPlatform:: Unique name xilinx:cmod_a7-35t::0.0
TRACE::2025-08-16.15:23:06::SCWPlatform::Trying to set the existing hwdb with name user_35t_wrapper_0
TRACE::2025-08-16.15:23:06::SCWPlatform::Opened existing hwdb user_35t_wrapper_0
TRACE::2025-08-16.15:23:06::SCWPlatform::Found the Hw Db part of the input DSA
TRACE::2025-08-16.15:23:06::SCWMssOS::Checking the sw design at  C:/Users/ilpes/Desktop/Antenne_e_clocks/McDMA_workspace/McDMA_v2_TF/microblaze_0/standalone_domain/bsp/system.mss
TRACE::2025-08-16.15:23:06::SCWMssOS::DEBUG:  swdes dump  C:/Users/ilpes/Desktop/Antenne_e_clocks/McDMA_workspace/McDMA_v2_TF/microblaze_0/standalone_domain/bsp/system.mss|system||

TRACE::2025-08-16.15:23:06::SCWMssOS::Sw design exists and opened at  C:/Users/ilpes/Desktop/Antenne_e_clocks/McDMA_workspace/McDMA_v2_TF/microblaze_0/standalone_domain/bsp/system.mss
TRACE::2025-08-16.15:23:06::SCWPlatform::Trying to open the hw design at C:/Users/ilpes/Desktop/Antenne_e_clocks/McDMA_workspace/McDMA_v2_TF/hw/McDMA_v2_TF.xsa
TRACE::2025-08-16.15:23:06::SCWPlatform::DSA given C:/Users/ilpes/Desktop/Antenne_e_clocks/McDMA_workspace/McDMA_v2_TF/hw/McDMA_v2_TF.xsa
TRACE::2025-08-16.15:23:06::SCWPlatform::DSA absoulate path C:/Users/ilpes/Desktop/Antenne_e_clocks/McDMA_workspace/McDMA_v2_TF/hw/McDMA_v2_TF.xsa
TRACE::2025-08-16.15:23:06::SCWPlatform::DSA directory C:/Users/ilpes/Desktop/Antenne_e_clocks/McDMA_workspace/McDMA_v2_TF/hw
TRACE::2025-08-16.15:23:06::SCWPlatform:: Platform Path C:/Users/ilpes/Desktop/Antenne_e_clocks/McDMA_workspace/McDMA_v2_TF/hw/McDMA_v2_TF.xsa
TRACE::2025-08-16.15:23:06::SCWPlatform:: Unique name xilinx:cmod_a7-35t::0.0
TRACE::2025-08-16.15:23:06::SCWPlatform::Trying to set the existing hwdb with name user_35t_wrapper_0
TRACE::2025-08-16.15:23:06::SCWPlatform::Opened existing hwdb user_35t_wrapper_0
TRACE::2025-08-16.15:23:06::SCWPlatform::Found the Hw Db part of the input DSA
TRACE::2025-08-16.15:23:06::SCWMssOS::Checking the sw design at  C:/Users/ilpes/Desktop/Antenne_e_clocks/McDMA_workspace/McDMA_v2_TF/microblaze_0/standalone_domain/bsp/system.mss
TRACE::2025-08-16.15:23:06::SCWMssOS::DEBUG:  swdes dump  C:/Users/ilpes/Desktop/Antenne_e_clocks/McDMA_workspace/McDMA_v2_TF/microblaze_0/standalone_domain/bsp/system.mss|system||

TRACE::2025-08-16.15:23:06::SCWMssOS::Sw design exists and opened at  C:/Users/ilpes/Desktop/Antenne_e_clocks/McDMA_workspace/McDMA_v2_TF/microblaze_0/standalone_domain/bsp/system.mss
TRACE::2025-08-16.15:23:06::SCWPlatform::Trying to open the hw design at C:/Users/ilpes/Desktop/Antenne_e_clocks/McDMA_workspace/McDMA_v2_TF/hw/McDMA_v2_TF.xsa
TRACE::2025-08-16.15:23:06::SCWPlatform::DSA given C:/Users/ilpes/Desktop/Antenne_e_clocks/McDMA_workspace/McDMA_v2_TF/hw/McDMA_v2_TF.xsa
TRACE::2025-08-16.15:23:06::SCWPlatform::DSA absoulate path C:/Users/ilpes/Desktop/Antenne_e_clocks/McDMA_workspace/McDMA_v2_TF/hw/McDMA_v2_TF.xsa
TRACE::2025-08-16.15:23:06::SCWPlatform::DSA directory C:/Users/ilpes/Desktop/Antenne_e_clocks/McDMA_workspace/McDMA_v2_TF/hw
TRACE::2025-08-16.15:23:06::SCWPlatform:: Platform Path C:/Users/ilpes/Desktop/Antenne_e_clocks/McDMA_workspace/McDMA_v2_TF/hw/McDMA_v2_TF.xsa
TRACE::2025-08-16.15:23:06::SCWPlatform:: Unique name xilinx:cmod_a7-35t::0.0
TRACE::2025-08-16.15:23:06::SCWPlatform::Trying to set the existing hwdb with name user_35t_wrapper_0
TRACE::2025-08-16.15:23:06::SCWPlatform::Opened existing hwdb user_35t_wrapper_0
TRACE::2025-08-16.15:23:06::SCWPlatform::Found the Hw Db part of the input DSA
TRACE::2025-08-16.15:23:06::SCWMssOS::Checking the sw design at  C:/Users/ilpes/Desktop/Antenne_e_clocks/McDMA_workspace/McDMA_v2_TF/microblaze_0/standalone_domain/bsp/system.mss
TRACE::2025-08-16.15:23:06::SCWMssOS::DEBUG:  swdes dump  C:/Users/ilpes/Desktop/Antenne_e_clocks/McDMA_workspace/McDMA_v2_TF/microblaze_0/standalone_domain/bsp/system.mss|system||

TRACE::2025-08-16.15:23:06::SCWMssOS::Sw design exists and opened at  C:/Users/ilpes/Desktop/Antenne_e_clocks/McDMA_workspace/McDMA_v2_TF/microblaze_0/standalone_domain/bsp/system.mss
TRACE::2025-08-16.15:23:06::SCWWriter::formatted JSON is {
	"platformName":	"McDMA_v2_TF",
	"sprVersion":	"2.0",
	"mode":	"gui",
	"dsaType":	"Fixed",
	"platformDesc":	"McDMA_v2_TF",
	"platHandOff":	"C:/Users/ilpes/Desktop/INSEGNAMENTO/Didattica2023/McDMA/McDMA_v2/McDMA_v2_TF.xsa",
	"platIntHandOff":	"<platformDir>/hw/McDMA_v2_TF.xsa",
	"deviceType":	"FPGA",
	"platIsPrebuiltAutogen":	"false",
	"platIsNoBootBsp":	"false",
	"hasFsblMakeHasChanges":	"false",
	"hasPmufwMakeHasChanges":	"false",
	"platPreBuiltFlag":	false,
	"platformSamplesDir":	"",
	"platActiveSys":	"McDMA_v2_TF",
	"systems":	[{
			"systemName":	"McDMA_v2_TF",
			"systemDesc":	"McDMA_v2_TF",
			"sysIsBootAutoGen":	"true",
			"systemDispName":	"McDMA_v2_TF",
			"sysActiveDom":	"standalone_domain",
			"sysDefaultDom":	"standalone_domain",
			"domains":	[{
					"domainName":	"standalone_domain",
					"domainDispName":	"standalone_domain",
					"domainDesc":	"standalone_domain",
					"processors":	"microblaze_0",
					"os":	"standalone",
					"sdxOs":	"standalone",
					"debugEnable":	"False",
					"domRuntimes":	["cpp"],
					"swRepo":	"",
					"mssOsVer":	"7.3",
					"mssFile":	"",
					"md5Digest":	"b556b028d03c86c66c02c5206503ee30",
					"compatibleApp":	"",
					"domType":	"mssDomain",
					"arch":	"32-bit",
					"appSettings":	{
						"appCompilerFlags":	"",
						"appLinkerFlags":	""
					},
					"addedLibs":	[],
					"libOptions":	{
						"libsContainingOptions":	[]
					},
					"prebuiltLibs":	{
						"prebuiltIncPath":	[],
						"prebuiltLibPath":	[]
					},
					"isolation":	{
					}
				}]
		}]
}
LOG::2025-08-16.15:23:06::SCWPlatform::Started generating the artifacts platform McDMA_v2_TF
TRACE::2025-08-16.15:23:06::SCWPlatform::Sanity checking of platform is completed
LOG::2025-08-16.15:23:06::SCWPlatform::Started generating the artifacts for system configuration McDMA_v2_TF
LOG::2025-08-16.15:23:06::SCWSystem::Checking the domain standalone_domain
LOG::2025-08-16.15:23:06::SCWSystem::Not a boot domain 
LOG::2025-08-16.15:23:06::SCWSystem::Started Processing the domain standalone_domain
TRACE::2025-08-16.15:23:06::SCWDomain::Generating domain artifcats
TRACE::2025-08-16.15:23:06::SCWMssOS::Generating standalone artifcats
TRACE::2025-08-16.15:23:06::SCWMssOS:: Copying the user libraries. 
TRACE::2025-08-16.15:23:06::SCWPlatform::Trying to open the hw design at C:/Users/ilpes/Desktop/Antenne_e_clocks/McDMA_workspace/McDMA_v2_TF/hw/McDMA_v2_TF.xsa
TRACE::2025-08-16.15:23:06::SCWPlatform::DSA given C:/Users/ilpes/Desktop/Antenne_e_clocks/McDMA_workspace/McDMA_v2_TF/hw/McDMA_v2_TF.xsa
TRACE::2025-08-16.15:23:06::SCWPlatform::DSA absoulate path C:/Users/ilpes/Desktop/Antenne_e_clocks/McDMA_workspace/McDMA_v2_TF/hw/McDMA_v2_TF.xsa
TRACE::2025-08-16.15:23:06::SCWPlatform::DSA directory C:/Users/ilpes/Desktop/Antenne_e_clocks/McDMA_workspace/McDMA_v2_TF/hw
TRACE::2025-08-16.15:23:06::SCWPlatform:: Platform Path C:/Users/ilpes/Desktop/Antenne_e_clocks/McDMA_workspace/McDMA_v2_TF/hw/McDMA_v2_TF.xsa
TRACE::2025-08-16.15:23:06::SCWPlatform:: Unique name xilinx:cmod_a7-35t::0.0
TRACE::2025-08-16.15:23:06::SCWPlatform::Trying to set the existing hwdb with name user_35t_wrapper_0
TRACE::2025-08-16.15:23:06::SCWPlatform::Opened existing hwdb user_35t_wrapper_0
TRACE::2025-08-16.15:23:06::SCWPlatform::Found the Hw Db part of the input DSA
TRACE::2025-08-16.15:23:06::SCWMssOS::Checking the sw design at  C:/Users/ilpes/Desktop/Antenne_e_clocks/McDMA_workspace/McDMA_v2_TF/microblaze_0/standalone_domain/bsp/system.mss
TRACE::2025-08-16.15:23:06::SCWMssOS::DEBUG:  swdes dump  C:/Users/ilpes/Desktop/Antenne_e_clocks/McDMA_workspace/McDMA_v2_TF/microblaze_0/standalone_domain/bsp/system.mss|system||

TRACE::2025-08-16.15:23:06::SCWMssOS::Sw design exists and opened at  C:/Users/ilpes/Desktop/Antenne_e_clocks/McDMA_workspace/McDMA_v2_TF/microblaze_0/standalone_domain/bsp/system.mss
TRACE::2025-08-16.15:23:06::SCWMssOS::Completed writing the mss file at C:/Users/ilpes/Desktop/Antenne_e_clocks/McDMA_workspace/McDMA_v2_TF/microblaze_0/standalone_domain/bsp
TRACE::2025-08-16.15:23:06::SCWMssOS::Mss edits present, copying mssfile into export location C:/Users/ilpes/Desktop/Antenne_e_clocks/McDMA_workspace/McDMA_v2_TF/microblaze_0/standalone_domain/bsp/system.mss
TRACE::2025-08-16.15:23:06::SCWMssOS::bsp generated is upto date with the mss file. Skipping bsp generation.
TRACE::2025-08-16.15:23:06::SCWMssOS::BSP is already built. skipping the bsp build ... 
TRACE::2025-08-16.15:23:06::SCWDomain::Skipping the build for domain :  standalone_domain
TRACE::2025-08-16.15:23:06::SCWMssOS::skipping the bsp build ... 
TRACE::2025-08-16.15:23:06::SCWMssOS::Copying to export directory.
TRACE::2025-08-16.15:23:06::SCWMssOS:: Checking if to create the Supporting Applications
TRACE::2025-08-16.15:23:06::SCWMssOS:: No Linux domain exists, trying to generate FSBL 
LOG::2025-08-16.15:23:06::SCWSystem::Completed Processing the domain standalone_domain
LOG::2025-08-16.15:23:06::SCWSystem::Completed Processing the sysconfig McDMA_v2_TF
LOG::2025-08-16.15:23:06::SCWPlatform::Completed generating the artifacts for system configuration McDMA_v2_TF
TRACE::2025-08-16.15:23:06::SCWPlatform::Started preparing the platform 
TRACE::2025-08-16.15:23:06::SCWSystem::Writing the bif file for system config McDMA_v2_TF
TRACE::2025-08-16.15:23:06::SCWSystem::dir created 
TRACE::2025-08-16.15:23:06::SCWSystem::Writing the bif 
TRACE::2025-08-16.15:23:06::SCWPlatform::Started writing the spfm file 
TRACE::2025-08-16.15:23:06::SCWPlatform::Started writing the xpfm file 
TRACE::2025-08-16.15:23:06::SCWPlatform::Completed generating the platform
TRACE::2025-08-16.15:23:06::SCWMssOS::Saving the mss changes C:/Users/ilpes/Desktop/Antenne_e_clocks/McDMA_workspace/McDMA_v2_TF/microblaze_0/standalone_domain/bsp/system.mss
TRACE::2025-08-16.15:23:06::SCWMssOS::Found a swdesign opened with the mssfile.
TRACE::2025-08-16.15:23:06::SCWMssOS::Completed writemss as part of save.
TRACE::2025-08-16.15:23:06::SCWMssOS::Commit changes completed.
TRACE::2025-08-16.15:23:06::SCWPlatform::Trying to open the hw design at C:/Users/ilpes/Desktop/Antenne_e_clocks/McDMA_workspace/McDMA_v2_TF/hw/McDMA_v2_TF.xsa
TRACE::2025-08-16.15:23:06::SCWPlatform::DSA given C:/Users/ilpes/Desktop/Antenne_e_clocks/McDMA_workspace/McDMA_v2_TF/hw/McDMA_v2_TF.xsa
TRACE::2025-08-16.15:23:06::SCWPlatform::DSA absoulate path C:/Users/ilpes/Desktop/Antenne_e_clocks/McDMA_workspace/McDMA_v2_TF/hw/McDMA_v2_TF.xsa
TRACE::2025-08-16.15:23:06::SCWPlatform::DSA directory C:/Users/ilpes/Desktop/Antenne_e_clocks/McDMA_workspace/McDMA_v2_TF/hw
TRACE::2025-08-16.15:23:06::SCWPlatform:: Platform Path C:/Users/ilpes/Desktop/Antenne_e_clocks/McDMA_workspace/McDMA_v2_TF/hw/McDMA_v2_TF.xsa
TRACE::2025-08-16.15:23:06::SCWPlatform:: Unique name xilinx:cmod_a7-35t::0.0
TRACE::2025-08-16.15:23:06::SCWPlatform::Trying to set the existing hwdb with name user_35t_wrapper_0
TRACE::2025-08-16.15:23:06::SCWPlatform::Opened existing hwdb user_35t_wrapper_0
TRACE::2025-08-16.15:23:06::SCWPlatform::Found the Hw Db part of the input DSA
TRACE::2025-08-16.15:23:06::SCWMssOS::Checking the sw design at  C:/Users/ilpes/Desktop/Antenne_e_clocks/McDMA_workspace/McDMA_v2_TF/microblaze_0/standalone_domain/bsp/system.mss
TRACE::2025-08-16.15:23:06::SCWMssOS::DEBUG:  swdes dump  C:/Users/ilpes/Desktop/Antenne_e_clocks/McDMA_workspace/McDMA_v2_TF/microblaze_0/standalone_domain/bsp/system.mss|system||

TRACE::2025-08-16.15:23:06::SCWMssOS::Sw design exists and opened at  C:/Users/ilpes/Desktop/Antenne_e_clocks/McDMA_workspace/McDMA_v2_TF/microblaze_0/standalone_domain/bsp/system.mss
TRACE::2025-08-16.15:23:06::SCWPlatform::Trying to open the hw design at C:/Users/ilpes/Desktop/Antenne_e_clocks/McDMA_workspace/McDMA_v2_TF/hw/McDMA_v2_TF.xsa
TRACE::2025-08-16.15:23:06::SCWPlatform::DSA given C:/Users/ilpes/Desktop/Antenne_e_clocks/McDMA_workspace/McDMA_v2_TF/hw/McDMA_v2_TF.xsa
TRACE::2025-08-16.15:23:06::SCWPlatform::DSA absoulate path C:/Users/ilpes/Desktop/Antenne_e_clocks/McDMA_workspace/McDMA_v2_TF/hw/McDMA_v2_TF.xsa
TRACE::2025-08-16.15:23:06::SCWPlatform::DSA directory C:/Users/ilpes/Desktop/Antenne_e_clocks/McDMA_workspace/McDMA_v2_TF/hw
TRACE::2025-08-16.15:23:06::SCWPlatform:: Platform Path C:/Users/ilpes/Desktop/Antenne_e_clocks/McDMA_workspace/McDMA_v2_TF/hw/McDMA_v2_TF.xsa
TRACE::2025-08-16.15:23:06::SCWPlatform:: Unique name xilinx:cmod_a7-35t::0.0
TRACE::2025-08-16.15:23:06::SCWPlatform::Trying to set the existing hwdb with name user_35t_wrapper_0
TRACE::2025-08-16.15:23:06::SCWPlatform::Opened existing hwdb user_35t_wrapper_0
TRACE::2025-08-16.15:23:06::SCWPlatform::Found the Hw Db part of the input DSA
TRACE::2025-08-16.15:23:06::SCWMssOS::Checking the sw design at  C:/Users/ilpes/Desktop/Antenne_e_clocks/McDMA_workspace/McDMA_v2_TF/microblaze_0/standalone_domain/bsp/system.mss
TRACE::2025-08-16.15:23:06::SCWMssOS::DEBUG:  swdes dump  C:/Users/ilpes/Desktop/Antenne_e_clocks/McDMA_workspace/McDMA_v2_TF/microblaze_0/standalone_domain/bsp/system.mss|system||

TRACE::2025-08-16.15:23:06::SCWMssOS::Sw design exists and opened at  C:/Users/ilpes/Desktop/Antenne_e_clocks/McDMA_workspace/McDMA_v2_TF/microblaze_0/standalone_domain/bsp/system.mss
TRACE::2025-08-16.15:23:06::SCWPlatform::Trying to open the hw design at C:/Users/ilpes/Desktop/Antenne_e_clocks/McDMA_workspace/McDMA_v2_TF/hw/McDMA_v2_TF.xsa
TRACE::2025-08-16.15:23:06::SCWPlatform::DSA given C:/Users/ilpes/Desktop/Antenne_e_clocks/McDMA_workspace/McDMA_v2_TF/hw/McDMA_v2_TF.xsa
TRACE::2025-08-16.15:23:06::SCWPlatform::DSA absoulate path C:/Users/ilpes/Desktop/Antenne_e_clocks/McDMA_workspace/McDMA_v2_TF/hw/McDMA_v2_TF.xsa
TRACE::2025-08-16.15:23:06::SCWPlatform::DSA directory C:/Users/ilpes/Desktop/Antenne_e_clocks/McDMA_workspace/McDMA_v2_TF/hw
TRACE::2025-08-16.15:23:06::SCWPlatform:: Platform Path C:/Users/ilpes/Desktop/Antenne_e_clocks/McDMA_workspace/McDMA_v2_TF/hw/McDMA_v2_TF.xsa
TRACE::2025-08-16.15:23:06::SCWPlatform:: Unique name xilinx:cmod_a7-35t::0.0
TRACE::2025-08-16.15:23:06::SCWPlatform::Trying to set the existing hwdb with name user_35t_wrapper_0
TRACE::2025-08-16.15:23:06::SCWPlatform::Opened existing hwdb user_35t_wrapper_0
TRACE::2025-08-16.15:23:06::SCWPlatform::Found the Hw Db part of the input DSA
TRACE::2025-08-16.15:23:06::SCWMssOS::Checking the sw design at  C:/Users/ilpes/Desktop/Antenne_e_clocks/McDMA_workspace/McDMA_v2_TF/microblaze_0/standalone_domain/bsp/system.mss
TRACE::2025-08-16.15:23:06::SCWMssOS::DEBUG:  swdes dump  C:/Users/ilpes/Desktop/Antenne_e_clocks/McDMA_workspace/McDMA_v2_TF/microblaze_0/standalone_domain/bsp/system.mss|system||

TRACE::2025-08-16.15:23:06::SCWMssOS::Sw design exists and opened at  C:/Users/ilpes/Desktop/Antenne_e_clocks/McDMA_workspace/McDMA_v2_TF/microblaze_0/standalone_domain/bsp/system.mss
TRACE::2025-08-16.15:23:06::SCWWriter::formatted JSON is {
	"platformName":	"McDMA_v2_TF",
	"sprVersion":	"2.0",
	"mode":	"gui",
	"dsaType":	"Fixed",
	"platformDesc":	"McDMA_v2_TF",
	"platHandOff":	"C:/Users/ilpes/Desktop/INSEGNAMENTO/Didattica2023/McDMA/McDMA_v2/McDMA_v2_TF.xsa",
	"platIntHandOff":	"<platformDir>/hw/McDMA_v2_TF.xsa",
	"deviceType":	"FPGA",
	"platIsPrebuiltAutogen":	"false",
	"platIsNoBootBsp":	"false",
	"hasFsblMakeHasChanges":	"false",
	"hasPmufwMakeHasChanges":	"false",
	"platPreBuiltFlag":	false,
	"platformSamplesDir":	"",
	"platActiveSys":	"McDMA_v2_TF",
	"systems":	[{
			"systemName":	"McDMA_v2_TF",
			"systemDesc":	"McDMA_v2_TF",
			"sysIsBootAutoGen":	"true",
			"systemDispName":	"McDMA_v2_TF",
			"sysActiveDom":	"standalone_domain",
			"sysDefaultDom":	"standalone_domain",
			"domains":	[{
					"domainName":	"standalone_domain",
					"domainDispName":	"standalone_domain",
					"domainDesc":	"standalone_domain",
					"processors":	"microblaze_0",
					"os":	"standalone",
					"sdxOs":	"standalone",
					"debugEnable":	"False",
					"domRuntimes":	["cpp"],
					"swRepo":	"",
					"mssOsVer":	"7.3",
					"mssFile":	"",
					"md5Digest":	"b556b028d03c86c66c02c5206503ee30",
					"compatibleApp":	"",
					"domType":	"mssDomain",
					"arch":	"32-bit",
					"appSettings":	{
						"appCompilerFlags":	"",
						"appLinkerFlags":	""
					},
					"addedLibs":	[],
					"libOptions":	{
						"libsContainingOptions":	[]
					},
					"prebuiltLibs":	{
						"prebuiltIncPath":	[],
						"prebuiltLibPath":	[]
					},
					"isolation":	{
					}
				}]
		}]
}
KEYINFO::2025-08-16.15:23:06::SCWPlatform::updated the xpfm file.
TRACE::2025-08-16.15:23:06::SCWPlatform::Trying to open the hw design at C:/Users/ilpes/Desktop/Antenne_e_clocks/McDMA_workspace/McDMA_v2_TF/hw/McDMA_v2_TF.xsa
TRACE::2025-08-16.15:23:06::SCWPlatform::DSA given C:/Users/ilpes/Desktop/Antenne_e_clocks/McDMA_workspace/McDMA_v2_TF/hw/McDMA_v2_TF.xsa
TRACE::2025-08-16.15:23:06::SCWPlatform::DSA absoulate path C:/Users/ilpes/Desktop/Antenne_e_clocks/McDMA_workspace/McDMA_v2_TF/hw/McDMA_v2_TF.xsa
TRACE::2025-08-16.15:23:06::SCWPlatform::DSA directory C:/Users/ilpes/Desktop/Antenne_e_clocks/McDMA_workspace/McDMA_v2_TF/hw
TRACE::2025-08-16.15:23:06::SCWPlatform:: Platform Path C:/Users/ilpes/Desktop/Antenne_e_clocks/McDMA_workspace/McDMA_v2_TF/hw/McDMA_v2_TF.xsa
TRACE::2025-08-16.15:23:06::SCWPlatform:: Unique name xilinx:cmod_a7-35t::0.0
TRACE::2025-08-16.15:23:06::SCWPlatform::Trying to set the existing hwdb with name user_35t_wrapper_0
TRACE::2025-08-16.15:23:06::SCWPlatform::Opened existing hwdb user_35t_wrapper_0
TRACE::2025-08-16.15:23:06::SCWPlatform::Found the Hw Db part of the input DSA
TRACE::2025-08-16.15:23:06::SCWMssOS::Checking the sw design at  C:/Users/ilpes/Desktop/Antenne_e_clocks/McDMA_workspace/McDMA_v2_TF/microblaze_0/standalone_domain/bsp/system.mss
TRACE::2025-08-16.15:23:06::SCWMssOS::DEBUG:  swdes dump  C:/Users/ilpes/Desktop/Antenne_e_clocks/McDMA_workspace/McDMA_v2_TF/microblaze_0/standalone_domain/bsp/system.mss|system||

TRACE::2025-08-16.15:23:06::SCWMssOS::Sw design exists and opened at  C:/Users/ilpes/Desktop/Antenne_e_clocks/McDMA_workspace/McDMA_v2_TF/microblaze_0/standalone_domain/bsp/system.mss
TRACE::2025-08-16.15:23:06::SCWMssOS::Saving the mss changes C:/Users/ilpes/Desktop/Antenne_e_clocks/McDMA_workspace/McDMA_v2_TF/microblaze_0/standalone_domain/bsp/system.mss
TRACE::2025-08-16.15:23:06::SCWMssOS::Found a swdesign opened with the mssfile.
TRACE::2025-08-16.15:23:06::SCWMssOS::Completed writemss as part of save.
TRACE::2025-08-16.15:23:06::SCWMssOS::Commit changes completed.
TRACE::2025-08-16.15:23:06::SCWPlatform::Trying to open the hw design at C:/Users/ilpes/Desktop/Antenne_e_clocks/McDMA_workspace/McDMA_v2_TF/hw/McDMA_v2_TF.xsa
TRACE::2025-08-16.15:23:06::SCWPlatform::DSA given C:/Users/ilpes/Desktop/Antenne_e_clocks/McDMA_workspace/McDMA_v2_TF/hw/McDMA_v2_TF.xsa
TRACE::2025-08-16.15:23:06::SCWPlatform::DSA absoulate path C:/Users/ilpes/Desktop/Antenne_e_clocks/McDMA_workspace/McDMA_v2_TF/hw/McDMA_v2_TF.xsa
TRACE::2025-08-16.15:23:06::SCWPlatform::DSA directory C:/Users/ilpes/Desktop/Antenne_e_clocks/McDMA_workspace/McDMA_v2_TF/hw
TRACE::2025-08-16.15:23:06::SCWPlatform:: Platform Path C:/Users/ilpes/Desktop/Antenne_e_clocks/McDMA_workspace/McDMA_v2_TF/hw/McDMA_v2_TF.xsa
TRACE::2025-08-16.15:23:06::SCWPlatform:: Unique name xilinx:cmod_a7-35t::0.0
TRACE::2025-08-16.15:23:06::SCWPlatform::Trying to set the existing hwdb with name user_35t_wrapper_0
TRACE::2025-08-16.15:23:06::SCWPlatform::Opened existing hwdb user_35t_wrapper_0
TRACE::2025-08-16.15:23:06::SCWPlatform::Found the Hw Db part of the input DSA
TRACE::2025-08-16.15:23:06::SCWMssOS::Checking the sw design at  C:/Users/ilpes/Desktop/Antenne_e_clocks/McDMA_workspace/McDMA_v2_TF/microblaze_0/standalone_domain/bsp/system.mss
TRACE::2025-08-16.15:23:06::SCWMssOS::DEBUG:  swdes dump  C:/Users/ilpes/Desktop/Antenne_e_clocks/McDMA_workspace/McDMA_v2_TF/microblaze_0/standalone_domain/bsp/system.mss|system||

TRACE::2025-08-16.15:23:06::SCWMssOS::Sw design exists and opened at  C:/Users/ilpes/Desktop/Antenne_e_clocks/McDMA_workspace/McDMA_v2_TF/microblaze_0/standalone_domain/bsp/system.mss
TRACE::2025-08-16.15:23:06::SCWPlatform::Trying to open the hw design at C:/Users/ilpes/Desktop/Antenne_e_clocks/McDMA_workspace/McDMA_v2_TF/hw/McDMA_v2_TF.xsa
TRACE::2025-08-16.15:23:06::SCWPlatform::DSA given C:/Users/ilpes/Desktop/Antenne_e_clocks/McDMA_workspace/McDMA_v2_TF/hw/McDMA_v2_TF.xsa
TRACE::2025-08-16.15:23:06::SCWPlatform::DSA absoulate path C:/Users/ilpes/Desktop/Antenne_e_clocks/McDMA_workspace/McDMA_v2_TF/hw/McDMA_v2_TF.xsa
TRACE::2025-08-16.15:23:06::SCWPlatform::DSA directory C:/Users/ilpes/Desktop/Antenne_e_clocks/McDMA_workspace/McDMA_v2_TF/hw
TRACE::2025-08-16.15:23:06::SCWPlatform:: Platform Path C:/Users/ilpes/Desktop/Antenne_e_clocks/McDMA_workspace/McDMA_v2_TF/hw/McDMA_v2_TF.xsa
TRACE::2025-08-16.15:23:06::SCWPlatform:: Unique name xilinx:cmod_a7-35t::0.0
TRACE::2025-08-16.15:23:06::SCWPlatform::Trying to set the existing hwdb with name user_35t_wrapper_0
TRACE::2025-08-16.15:23:06::SCWPlatform::Opened existing hwdb user_35t_wrapper_0
TRACE::2025-08-16.15:23:06::SCWPlatform::Found the Hw Db part of the input DSA
TRACE::2025-08-16.15:23:06::SCWMssOS::Checking the sw design at  C:/Users/ilpes/Desktop/Antenne_e_clocks/McDMA_workspace/McDMA_v2_TF/microblaze_0/standalone_domain/bsp/system.mss
TRACE::2025-08-16.15:23:06::SCWMssOS::DEBUG:  swdes dump  C:/Users/ilpes/Desktop/Antenne_e_clocks/McDMA_workspace/McDMA_v2_TF/microblaze_0/standalone_domain/bsp/system.mss|system||

TRACE::2025-08-16.15:23:06::SCWMssOS::Sw design exists and opened at  C:/Users/ilpes/Desktop/Antenne_e_clocks/McDMA_workspace/McDMA_v2_TF/microblaze_0/standalone_domain/bsp/system.mss
TRACE::2025-08-16.15:23:06::SCWPlatform::Trying to open the hw design at C:/Users/ilpes/Desktop/Antenne_e_clocks/McDMA_workspace/McDMA_v2_TF/hw/McDMA_v2_TF.xsa
TRACE::2025-08-16.15:23:06::SCWPlatform::DSA given C:/Users/ilpes/Desktop/Antenne_e_clocks/McDMA_workspace/McDMA_v2_TF/hw/McDMA_v2_TF.xsa
TRACE::2025-08-16.15:23:06::SCWPlatform::DSA absoulate path C:/Users/ilpes/Desktop/Antenne_e_clocks/McDMA_workspace/McDMA_v2_TF/hw/McDMA_v2_TF.xsa
TRACE::2025-08-16.15:23:06::SCWPlatform::DSA directory C:/Users/ilpes/Desktop/Antenne_e_clocks/McDMA_workspace/McDMA_v2_TF/hw
TRACE::2025-08-16.15:23:06::SCWPlatform:: Platform Path C:/Users/ilpes/Desktop/Antenne_e_clocks/McDMA_workspace/McDMA_v2_TF/hw/McDMA_v2_TF.xsa
TRACE::2025-08-16.15:23:06::SCWPlatform:: Unique name xilinx:cmod_a7-35t::0.0
TRACE::2025-08-16.15:23:06::SCWPlatform::Trying to set the existing hwdb with name user_35t_wrapper_0
TRACE::2025-08-16.15:23:06::SCWPlatform::Opened existing hwdb user_35t_wrapper_0
TRACE::2025-08-16.15:23:06::SCWPlatform::Found the Hw Db part of the input DSA
TRACE::2025-08-16.15:23:06::SCWMssOS::Checking the sw design at  C:/Users/ilpes/Desktop/Antenne_e_clocks/McDMA_workspace/McDMA_v2_TF/microblaze_0/standalone_domain/bsp/system.mss
TRACE::2025-08-16.15:23:06::SCWMssOS::DEBUG:  swdes dump  C:/Users/ilpes/Desktop/Antenne_e_clocks/McDMA_workspace/McDMA_v2_TF/microblaze_0/standalone_domain/bsp/system.mss|system||

TRACE::2025-08-16.15:23:06::SCWMssOS::Sw design exists and opened at  C:/Users/ilpes/Desktop/Antenne_e_clocks/McDMA_workspace/McDMA_v2_TF/microblaze_0/standalone_domain/bsp/system.mss
TRACE::2025-08-16.15:23:06::SCWWriter::formatted JSON is {
	"platformName":	"McDMA_v2_TF",
	"sprVersion":	"2.0",
	"mode":	"gui",
	"dsaType":	"Fixed",
	"platformDesc":	"McDMA_v2_TF",
	"platHandOff":	"C:/Users/ilpes/Desktop/INSEGNAMENTO/Didattica2023/McDMA/McDMA_v2/McDMA_v2_TF.xsa",
	"platIntHandOff":	"<platformDir>/hw/McDMA_v2_TF.xsa",
	"deviceType":	"FPGA",
	"platIsPrebuiltAutogen":	"false",
	"platIsNoBootBsp":	"false",
	"hasFsblMakeHasChanges":	"false",
	"hasPmufwMakeHasChanges":	"false",
	"platPreBuiltFlag":	false,
	"platformSamplesDir":	"",
	"platActiveSys":	"McDMA_v2_TF",
	"systems":	[{
			"systemName":	"McDMA_v2_TF",
			"systemDesc":	"McDMA_v2_TF",
			"sysIsBootAutoGen":	"true",
			"systemDispName":	"McDMA_v2_TF",
			"sysActiveDom":	"standalone_domain",
			"sysDefaultDom":	"standalone_domain",
			"domains":	[{
					"domainName":	"standalone_domain",
					"domainDispName":	"standalone_domain",
					"domainDesc":	"standalone_domain",
					"processors":	"microblaze_0",
					"os":	"standalone",
					"sdxOs":	"standalone",
					"debugEnable":	"False",
					"domRuntimes":	["cpp"],
					"swRepo":	"",
					"mssOsVer":	"7.3",
					"mssFile":	"",
					"md5Digest":	"b556b028d03c86c66c02c5206503ee30",
					"compatibleApp":	"",
					"domType":	"mssDomain",
					"arch":	"32-bit",
					"appSettings":	{
						"appCompilerFlags":	"",
						"appLinkerFlags":	""
					},
					"addedLibs":	[],
					"libOptions":	{
						"libsContainingOptions":	[]
					},
					"prebuiltLibs":	{
						"prebuiltIncPath":	[],
						"prebuiltLibPath":	[]
					},
					"isolation":	{
					}
				}]
		}]
}
TRACE::2025-08-16.15:23:06::SCWPlatform::Trying to open the hw design at C:/Users/ilpes/Desktop/Antenne_e_clocks/McDMA_workspace/McDMA_v2_TF/hw/McDMA_v2_TF.xsa
TRACE::2025-08-16.15:23:06::SCWPlatform::DSA given C:/Users/ilpes/Desktop/Antenne_e_clocks/McDMA_workspace/McDMA_v2_TF/hw/McDMA_v2_TF.xsa
TRACE::2025-08-16.15:23:06::SCWPlatform::DSA absoulate path C:/Users/ilpes/Desktop/Antenne_e_clocks/McDMA_workspace/McDMA_v2_TF/hw/McDMA_v2_TF.xsa
TRACE::2025-08-16.15:23:06::SCWPlatform::DSA directory C:/Users/ilpes/Desktop/Antenne_e_clocks/McDMA_workspace/McDMA_v2_TF/hw
TRACE::2025-08-16.15:23:06::SCWPlatform:: Platform Path C:/Users/ilpes/Desktop/Antenne_e_clocks/McDMA_workspace/McDMA_v2_TF/hw/McDMA_v2_TF.xsa
TRACE::2025-08-16.15:23:06::SCWPlatform:: Unique name xilinx:cmod_a7-35t::0.0
TRACE::2025-08-16.15:23:06::SCWPlatform::Trying to set the existing hwdb with name user_35t_wrapper_0
TRACE::2025-08-16.15:23:06::SCWPlatform::Opened existing hwdb user_35t_wrapper_0
TRACE::2025-08-16.15:23:06::SCWPlatform::Found the Hw Db part of the input DSA
TRACE::2025-08-16.15:23:06::SCWMssOS::Checking the sw design at  C:/Users/ilpes/Desktop/Antenne_e_clocks/McDMA_workspace/McDMA_v2_TF/microblaze_0/standalone_domain/bsp/system.mss
TRACE::2025-08-16.15:23:06::SCWMssOS::DEBUG:  swdes dump  C:/Users/ilpes/Desktop/Antenne_e_clocks/McDMA_workspace/McDMA_v2_TF/microblaze_0/standalone_domain/bsp/system.mss|system||

TRACE::2025-08-16.15:23:06::SCWMssOS::Sw design exists and opened at  C:/Users/ilpes/Desktop/Antenne_e_clocks/McDMA_workspace/McDMA_v2_TF/microblaze_0/standalone_domain/bsp/system.mss
TRACE::2025-08-16.15:23:06::SCWPlatform::Trying to open the hw design at C:/Users/ilpes/Desktop/Antenne_e_clocks/McDMA_workspace/McDMA_v2_TF/hw/McDMA_v2_TF.xsa
TRACE::2025-08-16.15:23:06::SCWPlatform::DSA given C:/Users/ilpes/Desktop/Antenne_e_clocks/McDMA_workspace/McDMA_v2_TF/hw/McDMA_v2_TF.xsa
TRACE::2025-08-16.15:23:06::SCWPlatform::DSA absoulate path C:/Users/ilpes/Desktop/Antenne_e_clocks/McDMA_workspace/McDMA_v2_TF/hw/McDMA_v2_TF.xsa
TRACE::2025-08-16.15:23:06::SCWPlatform::DSA directory C:/Users/ilpes/Desktop/Antenne_e_clocks/McDMA_workspace/McDMA_v2_TF/hw
TRACE::2025-08-16.15:23:06::SCWPlatform:: Platform Path C:/Users/ilpes/Desktop/Antenne_e_clocks/McDMA_workspace/McDMA_v2_TF/hw/McDMA_v2_TF.xsa
TRACE::2025-08-16.15:23:06::SCWPlatform:: Unique name xilinx:cmod_a7-35t::0.0
TRACE::2025-08-16.15:23:06::SCWPlatform::Trying to set the existing hwdb with name user_35t_wrapper_0
TRACE::2025-08-16.15:23:06::SCWPlatform::Opened existing hwdb user_35t_wrapper_0
TRACE::2025-08-16.15:23:06::SCWPlatform::Found the Hw Db part of the input DSA
TRACE::2025-08-16.15:23:06::SCWMssOS::Checking the sw design at  C:/Users/ilpes/Desktop/Antenne_e_clocks/McDMA_workspace/McDMA_v2_TF/microblaze_0/standalone_domain/bsp/system.mss
TRACE::2025-08-16.15:23:06::SCWMssOS::DEBUG:  swdes dump  C:/Users/ilpes/Desktop/Antenne_e_clocks/McDMA_workspace/McDMA_v2_TF/microblaze_0/standalone_domain/bsp/system.mss|system||

TRACE::2025-08-16.15:23:06::SCWMssOS::Sw design exists and opened at  C:/Users/ilpes/Desktop/Antenne_e_clocks/McDMA_workspace/McDMA_v2_TF/microblaze_0/standalone_domain/bsp/system.mss
TRACE::2025-08-16.15:23:06::SCWPlatform::Trying to open the hw design at C:/Users/ilpes/Desktop/Antenne_e_clocks/McDMA_workspace/McDMA_v2_TF/hw/McDMA_v2_TF.xsa
TRACE::2025-08-16.15:23:06::SCWPlatform::DSA given C:/Users/ilpes/Desktop/Antenne_e_clocks/McDMA_workspace/McDMA_v2_TF/hw/McDMA_v2_TF.xsa
TRACE::2025-08-16.15:23:06::SCWPlatform::DSA absoulate path C:/Users/ilpes/Desktop/Antenne_e_clocks/McDMA_workspace/McDMA_v2_TF/hw/McDMA_v2_TF.xsa
TRACE::2025-08-16.15:23:06::SCWPlatform::DSA directory C:/Users/ilpes/Desktop/Antenne_e_clocks/McDMA_workspace/McDMA_v2_TF/hw
TRACE::2025-08-16.15:23:06::SCWPlatform:: Platform Path C:/Users/ilpes/Desktop/Antenne_e_clocks/McDMA_workspace/McDMA_v2_TF/hw/McDMA_v2_TF.xsa
TRACE::2025-08-16.15:23:06::SCWPlatform:: Unique name xilinx:cmod_a7-35t::0.0
TRACE::2025-08-16.15:23:06::SCWPlatform::Trying to set the existing hwdb with name user_35t_wrapper_0
TRACE::2025-08-16.15:23:06::SCWPlatform::Opened existing hwdb user_35t_wrapper_0
TRACE::2025-08-16.15:23:06::SCWPlatform::Found the Hw Db part of the input DSA
TRACE::2025-08-16.15:23:06::SCWMssOS::Checking the sw design at  C:/Users/ilpes/Desktop/Antenne_e_clocks/McDMA_workspace/McDMA_v2_TF/microblaze_0/standalone_domain/bsp/system.mss
TRACE::2025-08-16.15:23:06::SCWMssOS::DEBUG:  swdes dump  C:/Users/ilpes/Desktop/Antenne_e_clocks/McDMA_workspace/McDMA_v2_TF/microblaze_0/standalone_domain/bsp/system.mss|system||

TRACE::2025-08-16.15:23:06::SCWMssOS::Sw design exists and opened at  C:/Users/ilpes/Desktop/Antenne_e_clocks/McDMA_workspace/McDMA_v2_TF/microblaze_0/standalone_domain/bsp/system.mss
TRACE::2025-08-16.15:23:06::SCWMssOS::Saving the mss changes C:/Users/ilpes/Desktop/Antenne_e_clocks/McDMA_workspace/McDMA_v2_TF/microblaze_0/standalone_domain/bsp/system.mss
TRACE::2025-08-16.15:23:06::SCWMssOS::Found a swdesign opened with the mssfile.
TRACE::2025-08-16.15:23:06::SCWMssOS::Completed writemss as part of save.
TRACE::2025-08-16.15:23:06::SCWMssOS::Commit changes completed.
TRACE::2025-08-16.15:23:06::SCWPlatform::Trying to open the hw design at C:/Users/ilpes/Desktop/Antenne_e_clocks/McDMA_workspace/McDMA_v2_TF/hw/McDMA_v2_TF.xsa
TRACE::2025-08-16.15:23:06::SCWPlatform::DSA given C:/Users/ilpes/Desktop/Antenne_e_clocks/McDMA_workspace/McDMA_v2_TF/hw/McDMA_v2_TF.xsa
TRACE::2025-08-16.15:23:06::SCWPlatform::DSA absoulate path C:/Users/ilpes/Desktop/Antenne_e_clocks/McDMA_workspace/McDMA_v2_TF/hw/McDMA_v2_TF.xsa
TRACE::2025-08-16.15:23:06::SCWPlatform::DSA directory C:/Users/ilpes/Desktop/Antenne_e_clocks/McDMA_workspace/McDMA_v2_TF/hw
TRACE::2025-08-16.15:23:06::SCWPlatform:: Platform Path C:/Users/ilpes/Desktop/Antenne_e_clocks/McDMA_workspace/McDMA_v2_TF/hw/McDMA_v2_TF.xsa
TRACE::2025-08-16.15:23:06::SCWPlatform:: Unique name xilinx:cmod_a7-35t::0.0
TRACE::2025-08-16.15:23:06::SCWPlatform::Trying to set the existing hwdb with name user_35t_wrapper_0
TRACE::2025-08-16.15:23:06::SCWPlatform::Opened existing hwdb user_35t_wrapper_0
TRACE::2025-08-16.15:23:06::SCWPlatform::Found the Hw Db part of the input DSA
TRACE::2025-08-16.15:23:06::SCWMssOS::Checking the sw design at  C:/Users/ilpes/Desktop/Antenne_e_clocks/McDMA_workspace/McDMA_v2_TF/microblaze_0/standalone_domain/bsp/system.mss
TRACE::2025-08-16.15:23:06::SCWMssOS::DEBUG:  swdes dump  C:/Users/ilpes/Desktop/Antenne_e_clocks/McDMA_workspace/McDMA_v2_TF/microblaze_0/standalone_domain/bsp/system.mss|system||

TRACE::2025-08-16.15:23:06::SCWMssOS::Sw design exists and opened at  C:/Users/ilpes/Desktop/Antenne_e_clocks/McDMA_workspace/McDMA_v2_TF/microblaze_0/standalone_domain/bsp/system.mss
TRACE::2025-08-16.15:23:06::SCWPlatform::Trying to open the hw design at C:/Users/ilpes/Desktop/Antenne_e_clocks/McDMA_workspace/McDMA_v2_TF/hw/McDMA_v2_TF.xsa
TRACE::2025-08-16.15:23:06::SCWPlatform::DSA given C:/Users/ilpes/Desktop/Antenne_e_clocks/McDMA_workspace/McDMA_v2_TF/hw/McDMA_v2_TF.xsa
TRACE::2025-08-16.15:23:06::SCWPlatform::DSA absoulate path C:/Users/ilpes/Desktop/Antenne_e_clocks/McDMA_workspace/McDMA_v2_TF/hw/McDMA_v2_TF.xsa
TRACE::2025-08-16.15:23:06::SCWPlatform::DSA directory C:/Users/ilpes/Desktop/Antenne_e_clocks/McDMA_workspace/McDMA_v2_TF/hw
TRACE::2025-08-16.15:23:06::SCWPlatform:: Platform Path C:/Users/ilpes/Desktop/Antenne_e_clocks/McDMA_workspace/McDMA_v2_TF/hw/McDMA_v2_TF.xsa
TRACE::2025-08-16.15:23:06::SCWPlatform:: Unique name xilinx:cmod_a7-35t::0.0
TRACE::2025-08-16.15:23:06::SCWPlatform::Trying to set the existing hwdb with name user_35t_wrapper_0
TRACE::2025-08-16.15:23:06::SCWPlatform::Opened existing hwdb user_35t_wrapper_0
TRACE::2025-08-16.15:23:06::SCWPlatform::Found the Hw Db part of the input DSA
TRACE::2025-08-16.15:23:06::SCWMssOS::Checking the sw design at  C:/Users/ilpes/Desktop/Antenne_e_clocks/McDMA_workspace/McDMA_v2_TF/microblaze_0/standalone_domain/bsp/system.mss
TRACE::2025-08-16.15:23:06::SCWMssOS::DEBUG:  swdes dump  C:/Users/ilpes/Desktop/Antenne_e_clocks/McDMA_workspace/McDMA_v2_TF/microblaze_0/standalone_domain/bsp/system.mss|system||

TRACE::2025-08-16.15:23:06::SCWMssOS::Sw design exists and opened at  C:/Users/ilpes/Desktop/Antenne_e_clocks/McDMA_workspace/McDMA_v2_TF/microblaze_0/standalone_domain/bsp/system.mss
TRACE::2025-08-16.15:23:06::SCWPlatform::Trying to open the hw design at C:/Users/ilpes/Desktop/Antenne_e_clocks/McDMA_workspace/McDMA_v2_TF/hw/McDMA_v2_TF.xsa
TRACE::2025-08-16.15:23:06::SCWPlatform::DSA given C:/Users/ilpes/Desktop/Antenne_e_clocks/McDMA_workspace/McDMA_v2_TF/hw/McDMA_v2_TF.xsa
TRACE::2025-08-16.15:23:06::SCWPlatform::DSA absoulate path C:/Users/ilpes/Desktop/Antenne_e_clocks/McDMA_workspace/McDMA_v2_TF/hw/McDMA_v2_TF.xsa
TRACE::2025-08-16.15:23:06::SCWPlatform::DSA directory C:/Users/ilpes/Desktop/Antenne_e_clocks/McDMA_workspace/McDMA_v2_TF/hw
TRACE::2025-08-16.15:23:06::SCWPlatform:: Platform Path C:/Users/ilpes/Desktop/Antenne_e_clocks/McDMA_workspace/McDMA_v2_TF/hw/McDMA_v2_TF.xsa
TRACE::2025-08-16.15:23:06::SCWPlatform:: Unique name xilinx:cmod_a7-35t::0.0
TRACE::2025-08-16.15:23:06::SCWPlatform::Trying to set the existing hwdb with name user_35t_wrapper_0
TRACE::2025-08-16.15:23:06::SCWPlatform::Opened existing hwdb user_35t_wrapper_0
TRACE::2025-08-16.15:23:06::SCWPlatform::Found the Hw Db part of the input DSA
TRACE::2025-08-16.15:23:06::SCWMssOS::Checking the sw design at  C:/Users/ilpes/Desktop/Antenne_e_clocks/McDMA_workspace/McDMA_v2_TF/microblaze_0/standalone_domain/bsp/system.mss
TRACE::2025-08-16.15:23:06::SCWMssOS::DEBUG:  swdes dump  C:/Users/ilpes/Desktop/Antenne_e_clocks/McDMA_workspace/McDMA_v2_TF/microblaze_0/standalone_domain/bsp/system.mss|system||

TRACE::2025-08-16.15:23:06::SCWMssOS::Sw design exists and opened at  C:/Users/ilpes/Desktop/Antenne_e_clocks/McDMA_workspace/McDMA_v2_TF/microblaze_0/standalone_domain/bsp/system.mss
TRACE::2025-08-16.15:23:06::SCWWriter::formatted JSON is {
	"platformName":	"McDMA_v2_TF",
	"sprVersion":	"2.0",
	"mode":	"gui",
	"dsaType":	"Fixed",
	"platformDesc":	"McDMA_v2_TF",
	"platHandOff":	"C:/Users/ilpes/Desktop/INSEGNAMENTO/Didattica2023/McDMA/McDMA_v2/McDMA_v2_TF.xsa",
	"platIntHandOff":	"<platformDir>/hw/McDMA_v2_TF.xsa",
	"deviceType":	"FPGA",
	"platIsPrebuiltAutogen":	"false",
	"platIsNoBootBsp":	"false",
	"hasFsblMakeHasChanges":	"false",
	"hasPmufwMakeHasChanges":	"false",
	"platPreBuiltFlag":	false,
	"platformSamplesDir":	"",
	"platActiveSys":	"McDMA_v2_TF",
	"systems":	[{
			"systemName":	"McDMA_v2_TF",
			"systemDesc":	"McDMA_v2_TF",
			"sysIsBootAutoGen":	"true",
			"systemDispName":	"McDMA_v2_TF",
			"sysActiveDom":	"standalone_domain",
			"sysDefaultDom":	"standalone_domain",
			"domains":	[{
					"domainName":	"standalone_domain",
					"domainDispName":	"standalone on microblaze_0",
					"domainDesc":	"standalone_domain",
					"processors":	"microblaze_0",
					"os":	"standalone",
					"sdxOs":	"standalone",
					"debugEnable":	"False",
					"domRuntimes":	["cpp"],
					"swRepo":	"",
					"mssOsVer":	"7.3",
					"mssFile":	"",
					"md5Digest":	"b556b028d03c86c66c02c5206503ee30",
					"compatibleApp":	"",
					"domType":	"mssDomain",
					"arch":	"32-bit",
					"appSettings":	{
						"appCompilerFlags":	"",
						"appLinkerFlags":	""
					},
					"addedLibs":	[],
					"libOptions":	{
						"libsContainingOptions":	[]
					},
					"prebuiltLibs":	{
						"prebuiltIncPath":	[],
						"prebuiltLibPath":	[]
					},
					"isolation":	{
					}
				}]
		}]
}
TRACE::2025-08-16.15:23:06::SCWMssOS::Saving the mss changes C:/Users/ilpes/Desktop/Antenne_e_clocks/McDMA_workspace/McDMA_v2_TF/microblaze_0/standalone_domain/bsp/system.mss
TRACE::2025-08-16.15:23:06::SCWMssOS::Found a swdesign opened with the mssfile.
TRACE::2025-08-16.15:23:06::SCWMssOS::Completed writemss as part of save.
TRACE::2025-08-16.15:23:06::SCWMssOS::Commit changes completed.
TRACE::2025-08-16.15:23:06::SCWPlatform::Trying to open the hw design at C:/Users/ilpes/Desktop/Antenne_e_clocks/McDMA_workspace/McDMA_v2_TF/hw/McDMA_v2_TF.xsa
TRACE::2025-08-16.15:23:06::SCWPlatform::DSA given C:/Users/ilpes/Desktop/Antenne_e_clocks/McDMA_workspace/McDMA_v2_TF/hw/McDMA_v2_TF.xsa
TRACE::2025-08-16.15:23:06::SCWPlatform::DSA absoulate path C:/Users/ilpes/Desktop/Antenne_e_clocks/McDMA_workspace/McDMA_v2_TF/hw/McDMA_v2_TF.xsa
TRACE::2025-08-16.15:23:06::SCWPlatform::DSA directory C:/Users/ilpes/Desktop/Antenne_e_clocks/McDMA_workspace/McDMA_v2_TF/hw
TRACE::2025-08-16.15:23:06::SCWPlatform:: Platform Path C:/Users/ilpes/Desktop/Antenne_e_clocks/McDMA_workspace/McDMA_v2_TF/hw/McDMA_v2_TF.xsa
TRACE::2025-08-16.15:23:06::SCWPlatform:: Unique name xilinx:cmod_a7-35t::0.0
TRACE::2025-08-16.15:23:06::SCWPlatform::Trying to set the existing hwdb with name user_35t_wrapper_0
TRACE::2025-08-16.15:23:06::SCWPlatform::Opened existing hwdb user_35t_wrapper_0
TRACE::2025-08-16.15:23:06::SCWPlatform::Found the Hw Db part of the input DSA
TRACE::2025-08-16.15:23:06::SCWMssOS::Checking the sw design at  C:/Users/ilpes/Desktop/Antenne_e_clocks/McDMA_workspace/McDMA_v2_TF/microblaze_0/standalone_domain/bsp/system.mss
TRACE::2025-08-16.15:23:06::SCWMssOS::DEBUG:  swdes dump  C:/Users/ilpes/Desktop/Antenne_e_clocks/McDMA_workspace/McDMA_v2_TF/microblaze_0/standalone_domain/bsp/system.mss|system||

TRACE::2025-08-16.15:23:06::SCWMssOS::Sw design exists and opened at  C:/Users/ilpes/Desktop/Antenne_e_clocks/McDMA_workspace/McDMA_v2_TF/microblaze_0/standalone_domain/bsp/system.mss
TRACE::2025-08-16.15:23:06::SCWPlatform::Trying to open the hw design at C:/Users/ilpes/Desktop/Antenne_e_clocks/McDMA_workspace/McDMA_v2_TF/hw/McDMA_v2_TF.xsa
TRACE::2025-08-16.15:23:06::SCWPlatform::DSA given C:/Users/ilpes/Desktop/Antenne_e_clocks/McDMA_workspace/McDMA_v2_TF/hw/McDMA_v2_TF.xsa
TRACE::2025-08-16.15:23:06::SCWPlatform::DSA absoulate path C:/Users/ilpes/Desktop/Antenne_e_clocks/McDMA_workspace/McDMA_v2_TF/hw/McDMA_v2_TF.xsa
TRACE::2025-08-16.15:23:06::SCWPlatform::DSA directory C:/Users/ilpes/Desktop/Antenne_e_clocks/McDMA_workspace/McDMA_v2_TF/hw
TRACE::2025-08-16.15:23:06::SCWPlatform:: Platform Path C:/Users/ilpes/Desktop/Antenne_e_clocks/McDMA_workspace/McDMA_v2_TF/hw/McDMA_v2_TF.xsa
TRACE::2025-08-16.15:23:06::SCWPlatform:: Unique name xilinx:cmod_a7-35t::0.0
TRACE::2025-08-16.15:23:06::SCWPlatform::Trying to set the existing hwdb with name user_35t_wrapper_0
TRACE::2025-08-16.15:23:06::SCWPlatform::Opened existing hwdb user_35t_wrapper_0
TRACE::2025-08-16.15:23:06::SCWPlatform::Found the Hw Db part of the input DSA
TRACE::2025-08-16.15:23:06::SCWMssOS::Checking the sw design at  C:/Users/ilpes/Desktop/Antenne_e_clocks/McDMA_workspace/McDMA_v2_TF/microblaze_0/standalone_domain/bsp/system.mss
TRACE::2025-08-16.15:23:06::SCWMssOS::DEBUG:  swdes dump  C:/Users/ilpes/Desktop/Antenne_e_clocks/McDMA_workspace/McDMA_v2_TF/microblaze_0/standalone_domain/bsp/system.mss|system||

TRACE::2025-08-16.15:23:06::SCWMssOS::Sw design exists and opened at  C:/Users/ilpes/Desktop/Antenne_e_clocks/McDMA_workspace/McDMA_v2_TF/microblaze_0/standalone_domain/bsp/system.mss
TRACE::2025-08-16.15:23:06::SCWPlatform::Trying to open the hw design at C:/Users/ilpes/Desktop/Antenne_e_clocks/McDMA_workspace/McDMA_v2_TF/hw/McDMA_v2_TF.xsa
TRACE::2025-08-16.15:23:06::SCWPlatform::DSA given C:/Users/ilpes/Desktop/Antenne_e_clocks/McDMA_workspace/McDMA_v2_TF/hw/McDMA_v2_TF.xsa
TRACE::2025-08-16.15:23:06::SCWPlatform::DSA absoulate path C:/Users/ilpes/Desktop/Antenne_e_clocks/McDMA_workspace/McDMA_v2_TF/hw/McDMA_v2_TF.xsa
TRACE::2025-08-16.15:23:06::SCWPlatform::DSA directory C:/Users/ilpes/Desktop/Antenne_e_clocks/McDMA_workspace/McDMA_v2_TF/hw
TRACE::2025-08-16.15:23:06::SCWPlatform:: Platform Path C:/Users/ilpes/Desktop/Antenne_e_clocks/McDMA_workspace/McDMA_v2_TF/hw/McDMA_v2_TF.xsa
TRACE::2025-08-16.15:23:06::SCWPlatform:: Unique name xilinx:cmod_a7-35t::0.0
TRACE::2025-08-16.15:23:06::SCWPlatform::Trying to set the existing hwdb with name user_35t_wrapper_0
TRACE::2025-08-16.15:23:06::SCWPlatform::Opened existing hwdb user_35t_wrapper_0
TRACE::2025-08-16.15:23:06::SCWPlatform::Found the Hw Db part of the input DSA
TRACE::2025-08-16.15:23:06::SCWMssOS::Checking the sw design at  C:/Users/ilpes/Desktop/Antenne_e_clocks/McDMA_workspace/McDMA_v2_TF/microblaze_0/standalone_domain/bsp/system.mss
TRACE::2025-08-16.15:23:06::SCWMssOS::DEBUG:  swdes dump  C:/Users/ilpes/Desktop/Antenne_e_clocks/McDMA_workspace/McDMA_v2_TF/microblaze_0/standalone_domain/bsp/system.mss|system||

TRACE::2025-08-16.15:23:06::SCWMssOS::Sw design exists and opened at  C:/Users/ilpes/Desktop/Antenne_e_clocks/McDMA_workspace/McDMA_v2_TF/microblaze_0/standalone_domain/bsp/system.mss
TRACE::2025-08-16.15:23:06::SCWWriter::formatted JSON is {
	"platformName":	"McDMA_v2_TF",
	"sprVersion":	"2.0",
	"mode":	"gui",
	"dsaType":	"Fixed",
	"platformDesc":	"McDMA_v2_TF",
	"platHandOff":	"C:/Users/ilpes/Desktop/INSEGNAMENTO/Didattica2023/McDMA/McDMA_v2/McDMA_v2_TF.xsa",
	"platIntHandOff":	"<platformDir>/hw/McDMA_v2_TF.xsa",
	"deviceType":	"FPGA",
	"platIsPrebuiltAutogen":	"false",
	"platIsNoBootBsp":	"false",
	"hasFsblMakeHasChanges":	"false",
	"hasPmufwMakeHasChanges":	"false",
	"platPreBuiltFlag":	false,
	"platformSamplesDir":	"",
	"platActiveSys":	"McDMA_v2_TF",
	"systems":	[{
			"systemName":	"McDMA_v2_TF",
			"systemDesc":	"McDMA_v2_TF",
			"sysIsBootAutoGen":	"true",
			"systemDispName":	"McDMA_v2_TF",
			"sysActiveDom":	"standalone_domain",
			"sysDefaultDom":	"standalone_domain",
			"domains":	[{
					"domainName":	"standalone_domain",
					"domainDispName":	"standalone on microblaze_0",
					"domainDesc":	"standalone_domain",
					"processors":	"microblaze_0",
					"os":	"standalone",
					"sdxOs":	"standalone",
					"debugEnable":	"False",
					"domRuntimes":	["cpp"],
					"swRepo":	"",
					"mssOsVer":	"7.3",
					"mssFile":	"",
					"md5Digest":	"b556b028d03c86c66c02c5206503ee30",
					"compatibleApp":	"",
					"domType":	"mssDomain",
					"arch":	"32-bit",
					"appSettings":	{
						"appCompilerFlags":	"",
						"appLinkerFlags":	""
					},
					"addedLibs":	[],
					"libOptions":	{
						"libsContainingOptions":	[]
					},
					"prebuiltLibs":	{
						"prebuiltIncPath":	[],
						"prebuiltLibPath":	[]
					},
					"isolation":	{
					}
				}]
		}]
}
TRACE::2025-08-16.15:23:07::SCWPlatform::Clearing the existing platform
TRACE::2025-08-16.15:23:07::SCWSystem::Clearing the existing sysconfig
TRACE::2025-08-16.15:23:07::SCWMssOS::Removing the swdes entry for  C:/Users/ilpes/Desktop/Antenne_e_clocks/McDMA_workspace/McDMA_v2_TF/microblaze_0/standalone_domain/bsp/system.mss
TRACE::2025-08-16.15:23:07::SCWSystem::Clearing the domains completed.
TRACE::2025-08-16.15:23:07::SCWPlatform::Clearing the opened hw db.
TRACE::2025-08-16.15:23:07::SCWPlatform::DSA given C:/Users/ilpes/Desktop/Antenne_e_clocks/McDMA_workspace/McDMA_v2_TF/hw/McDMA_v2_TF.xsa
TRACE::2025-08-16.15:23:07::SCWPlatform::DSA absoulate path C:/Users/ilpes/Desktop/Antenne_e_clocks/McDMA_workspace/McDMA_v2_TF/hw/McDMA_v2_TF.xsa
TRACE::2025-08-16.15:23:07::SCWPlatform:: Platform location is C:/Users/ilpes/Desktop/Antenne_e_clocks/McDMA_workspace/McDMA_v2_TF/hw
TRACE::2025-08-16.15:23:07::SCWPlatform:: Platform Path C:/Users/ilpes/Desktop/Antenne_e_clocks/McDMA_workspace/McDMA_v2_TF/hw/McDMA_v2_TF.xsa
TRACE::2025-08-16.15:23:07::SCWPlatform:: Unique name xilinx:cmod_a7-35t::0.0
TRACE::2025-08-16.15:23:07::SCWPlatform::Removing the HwDB with name C:/Users/ilpes/Desktop/Antenne_e_clocks/McDMA_workspace/McDMA_v2_TF/hw/McDMA_v2_TF.xsa
TRACE::2025-08-16.15:23:07::SCWPlatform::Trying to open the hw design at C:/Users/ilpes/Desktop/Antenne_e_clocks/McDMA_workspace/McDMA_v2_TF/hw/McDMA_v2_TF.xsa
TRACE::2025-08-16.15:23:07::SCWPlatform::DSA given C:/Users/ilpes/Desktop/Antenne_e_clocks/McDMA_workspace/McDMA_v2_TF/hw/McDMA_v2_TF.xsa
TRACE::2025-08-16.15:23:07::SCWPlatform::DSA absoulate path C:/Users/ilpes/Desktop/Antenne_e_clocks/McDMA_workspace/McDMA_v2_TF/hw/McDMA_v2_TF.xsa
TRACE::2025-08-16.15:23:07::SCWPlatform::DSA directory C:/Users/ilpes/Desktop/Antenne_e_clocks/McDMA_workspace/McDMA_v2_TF/hw
TRACE::2025-08-16.15:23:07::SCWPlatform:: Platform Path C:/Users/ilpes/Desktop/Antenne_e_clocks/McDMA_workspace/McDMA_v2_TF/hw/McDMA_v2_TF.xsa
TRACE::2025-08-16.15:23:07::SCWPlatform:: Unique name xilinx:cmod_a7-35t::0.0
TRACE::2025-08-16.15:23:07::SCWPlatform::Do not have an existing db opened. 
TRACE::2025-08-16.15:23:08::SCWPlatform::Opened new HwDB with name user_35t_wrapper_1
TRACE::2025-08-16.15:23:08::SCWReader::Active system found as  McDMA_v2_TF
TRACE::2025-08-16.15:23:08::SCWReader::Handling sysconfig McDMA_v2_TF
TRACE::2025-08-16.15:23:08::SCWDomain::checking for install qemu data   : 
TRACE::2025-08-16.15:23:08::SCWPlatform::Trying to open the hw design at C:/Users/ilpes/Desktop/Antenne_e_clocks/McDMA_workspace/McDMA_v2_TF/hw/McDMA_v2_TF.xsa
TRACE::2025-08-16.15:23:08::SCWPlatform::DSA given C:/Users/ilpes/Desktop/Antenne_e_clocks/McDMA_workspace/McDMA_v2_TF/hw/McDMA_v2_TF.xsa
TRACE::2025-08-16.15:23:08::SCWPlatform::DSA absoulate path C:/Users/ilpes/Desktop/Antenne_e_clocks/McDMA_workspace/McDMA_v2_TF/hw/McDMA_v2_TF.xsa
TRACE::2025-08-16.15:23:08::SCWPlatform::DSA directory C:/Users/ilpes/Desktop/Antenne_e_clocks/McDMA_workspace/McDMA_v2_TF/hw
TRACE::2025-08-16.15:23:08::SCWPlatform:: Platform Path C:/Users/ilpes/Desktop/Antenne_e_clocks/McDMA_workspace/McDMA_v2_TF/hw/McDMA_v2_TF.xsa
TRACE::2025-08-16.15:23:08::SCWPlatform:: Unique name xilinx:cmod_a7-35t::0.0
TRACE::2025-08-16.15:23:08::SCWPlatform::Trying to set the existing hwdb with name user_35t_wrapper_1
TRACE::2025-08-16.15:23:08::SCWPlatform::Opened existing hwdb user_35t_wrapper_1
TRACE::2025-08-16.15:23:08::SCWPlatform::Found the Hw Db part of the input DSA
TRACE::2025-08-16.15:23:08::SCWPlatform::Trying to open the hw design at C:/Users/ilpes/Desktop/Antenne_e_clocks/McDMA_workspace/McDMA_v2_TF/hw/McDMA_v2_TF.xsa
TRACE::2025-08-16.15:23:08::SCWPlatform::DSA given C:/Users/ilpes/Desktop/Antenne_e_clocks/McDMA_workspace/McDMA_v2_TF/hw/McDMA_v2_TF.xsa
TRACE::2025-08-16.15:23:08::SCWPlatform::DSA absoulate path C:/Users/ilpes/Desktop/Antenne_e_clocks/McDMA_workspace/McDMA_v2_TF/hw/McDMA_v2_TF.xsa
TRACE::2025-08-16.15:23:08::SCWPlatform::DSA directory C:/Users/ilpes/Desktop/Antenne_e_clocks/McDMA_workspace/McDMA_v2_TF/hw
TRACE::2025-08-16.15:23:08::SCWPlatform:: Platform Path C:/Users/ilpes/Desktop/Antenne_e_clocks/McDMA_workspace/McDMA_v2_TF/hw/McDMA_v2_TF.xsa
TRACE::2025-08-16.15:23:08::SCWPlatform:: Unique name xilinx:cmod_a7-35t::0.0
TRACE::2025-08-16.15:23:08::SCWPlatform::Trying to set the existing hwdb with name user_35t_wrapper_1
TRACE::2025-08-16.15:23:08::SCWPlatform::Opened existing hwdb user_35t_wrapper_1
TRACE::2025-08-16.15:23:08::SCWPlatform::Found the Hw Db part of the input DSA
TRACE::2025-08-16.15:23:08::SCWPlatform::Trying to open the hw design at C:/Users/ilpes/Desktop/Antenne_e_clocks/McDMA_workspace/McDMA_v2_TF/hw/McDMA_v2_TF.xsa
TRACE::2025-08-16.15:23:08::SCWPlatform::DSA given C:/Users/ilpes/Desktop/Antenne_e_clocks/McDMA_workspace/McDMA_v2_TF/hw/McDMA_v2_TF.xsa
TRACE::2025-08-16.15:23:08::SCWPlatform::DSA absoulate path C:/Users/ilpes/Desktop/Antenne_e_clocks/McDMA_workspace/McDMA_v2_TF/hw/McDMA_v2_TF.xsa
TRACE::2025-08-16.15:23:08::SCWPlatform::DSA directory C:/Users/ilpes/Desktop/Antenne_e_clocks/McDMA_workspace/McDMA_v2_TF/hw
TRACE::2025-08-16.15:23:08::SCWPlatform:: Platform Path C:/Users/ilpes/Desktop/Antenne_e_clocks/McDMA_workspace/McDMA_v2_TF/hw/McDMA_v2_TF.xsa
TRACE::2025-08-16.15:23:08::SCWPlatform:: Unique name xilinx:cmod_a7-35t::0.0
TRACE::2025-08-16.15:23:08::SCWPlatform::Trying to set the existing hwdb with name user_35t_wrapper_1
TRACE::2025-08-16.15:23:08::SCWPlatform::Opened existing hwdb user_35t_wrapper_1
TRACE::2025-08-16.15:23:08::SCWPlatform::Found the Hw Db part of the input DSA
TRACE::2025-08-16.15:23:08::SCWPlatform::Trying to open the hw design at C:/Users/ilpes/Desktop/Antenne_e_clocks/McDMA_workspace/McDMA_v2_TF/hw/McDMA_v2_TF.xsa
TRACE::2025-08-16.15:23:08::SCWPlatform::DSA given C:/Users/ilpes/Desktop/Antenne_e_clocks/McDMA_workspace/McDMA_v2_TF/hw/McDMA_v2_TF.xsa
TRACE::2025-08-16.15:23:08::SCWPlatform::DSA absoulate path C:/Users/ilpes/Desktop/Antenne_e_clocks/McDMA_workspace/McDMA_v2_TF/hw/McDMA_v2_TF.xsa
TRACE::2025-08-16.15:23:08::SCWPlatform::DSA directory C:/Users/ilpes/Desktop/Antenne_e_clocks/McDMA_workspace/McDMA_v2_TF/hw
TRACE::2025-08-16.15:23:08::SCWPlatform:: Platform Path C:/Users/ilpes/Desktop/Antenne_e_clocks/McDMA_workspace/McDMA_v2_TF/hw/McDMA_v2_TF.xsa
TRACE::2025-08-16.15:23:08::SCWPlatform:: Unique name xilinx:cmod_a7-35t::0.0
TRACE::2025-08-16.15:23:08::SCWPlatform::Trying to set the existing hwdb with name user_35t_wrapper_1
TRACE::2025-08-16.15:23:08::SCWPlatform::Opened existing hwdb user_35t_wrapper_1
TRACE::2025-08-16.15:23:08::SCWPlatform::Found the Hw Db part of the input DSA
TRACE::2025-08-16.15:23:08::SCWMssOS::Checking the sw design at  C:/Users/ilpes/Desktop/Antenne_e_clocks/McDMA_workspace/McDMA_v2_TF/microblaze_0/standalone_domain/bsp/system.mss
TRACE::2025-08-16.15:23:08::SCWMssOS::DEBUG:  swdes dump  
TRACE::2025-08-16.15:23:08::SCWMssOS::No sw design opened at  C:/Users/ilpes/Desktop/Antenne_e_clocks/McDMA_workspace/McDMA_v2_TF/microblaze_0/standalone_domain/bsp/system.mss
TRACE::2025-08-16.15:23:08::SCWMssOS::mss exists loading the mss file  C:/Users/ilpes/Desktop/Antenne_e_clocks/McDMA_workspace/McDMA_v2_TF/microblaze_0/standalone_domain/bsp/system.mss
TRACE::2025-08-16.15:23:08::SCWMssOS::Opened the sw design from mss  C:/Users/ilpes/Desktop/Antenne_e_clocks/McDMA_workspace/McDMA_v2_TF/microblaze_0/standalone_domain/bsp/system.mss
TRACE::2025-08-16.15:23:08::SCWMssOS::Adding the swdes entry C:/Users/ilpes/Desktop/Antenne_e_clocks/McDMA_workspace/McDMA_v2_TF/microblaze_0/standalone_domain/bsp/system.mss with des name system
TRACE::2025-08-16.15:23:08::SCWMssOS::updating the scw layer about changes
TRACE::2025-08-16.15:23:08::SCWMssOS::Opened the sw design.  C:/Users/ilpes/Desktop/Antenne_e_clocks/McDMA_workspace/McDMA_v2_TF/microblaze_0/standalone_domain/bsp/system.mss
TRACE::2025-08-16.15:23:08::SCWMssOS::Saving the mss changes C:/Users/ilpes/Desktop/Antenne_e_clocks/McDMA_workspace/McDMA_v2_TF/microblaze_0/standalone_domain/bsp/system.mss
TRACE::2025-08-16.15:23:08::SCWMssOS::Found a swdesign opened with the mssfile.
TRACE::2025-08-16.15:23:08::SCWMssOS::Completed writemss as part of save.
TRACE::2025-08-16.15:23:08::SCWMssOS::Commit changes completed.
TRACE::2025-08-16.15:23:08::SCWReader::Adding prebuilt librarypaths as   
TRACE::2025-08-16.15:23:08::SCWReader::Adding prebuilt incpaths  as   
TRACE::2025-08-16.15:23:08::SCWPlatform::Trying to open the hw design at C:/Users/ilpes/Desktop/Antenne_e_clocks/McDMA_workspace/McDMA_v2_TF/hw/McDMA_v2_TF.xsa
TRACE::2025-08-16.15:23:08::SCWPlatform::DSA given C:/Users/ilpes/Desktop/Antenne_e_clocks/McDMA_workspace/McDMA_v2_TF/hw/McDMA_v2_TF.xsa
TRACE::2025-08-16.15:23:08::SCWPlatform::DSA absoulate path C:/Users/ilpes/Desktop/Antenne_e_clocks/McDMA_workspace/McDMA_v2_TF/hw/McDMA_v2_TF.xsa
TRACE::2025-08-16.15:23:08::SCWPlatform::DSA directory C:/Users/ilpes/Desktop/Antenne_e_clocks/McDMA_workspace/McDMA_v2_TF/hw
TRACE::2025-08-16.15:23:08::SCWPlatform:: Platform Path C:/Users/ilpes/Desktop/Antenne_e_clocks/McDMA_workspace/McDMA_v2_TF/hw/McDMA_v2_TF.xsa
TRACE::2025-08-16.15:23:08::SCWPlatform:: Unique name xilinx:cmod_a7-35t::0.0
TRACE::2025-08-16.15:23:08::SCWPlatform::Trying to set the existing hwdb with name user_35t_wrapper_1
TRACE::2025-08-16.15:23:08::SCWPlatform::Opened existing hwdb user_35t_wrapper_1
TRACE::2025-08-16.15:23:08::SCWPlatform::Found the Hw Db part of the input DSA
TRACE::2025-08-16.15:23:08::SCWMssOS::Checking the sw design at  C:/Users/ilpes/Desktop/Antenne_e_clocks/McDMA_workspace/McDMA_v2_TF/microblaze_0/standalone_domain/bsp/system.mss
TRACE::2025-08-16.15:23:08::SCWMssOS::DEBUG:  swdes dump  C:/Users/ilpes/Desktop/Antenne_e_clocks/McDMA_workspace/McDMA_v2_TF/microblaze_0/standalone_domain/bsp/system.mss|system||

TRACE::2025-08-16.15:23:08::SCWMssOS::Sw design exists and opened at  C:/Users/ilpes/Desktop/Antenne_e_clocks/McDMA_workspace/McDMA_v2_TF/microblaze_0/standalone_domain/bsp/system.mss
TRACE::2025-08-16.15:23:08::SCWReader::No isolation master present  
LOG::2025-08-16.15:26:20::SCWPlatform::Started generating the artifacts platform McDMA_v2_TF
TRACE::2025-08-16.15:26:20::SCWPlatform::Sanity checking of platform is completed
LOG::2025-08-16.15:26:20::SCWPlatform::Started generating the artifacts for system configuration McDMA_v2_TF
LOG::2025-08-16.15:26:20::SCWSystem::Checking the domain standalone_domain
LOG::2025-08-16.15:26:20::SCWSystem::Not a boot domain 
LOG::2025-08-16.15:26:20::SCWSystem::Started Processing the domain standalone_domain
TRACE::2025-08-16.15:26:20::SCWDomain::Generating domain artifcats
TRACE::2025-08-16.15:26:20::SCWMssOS::Generating standalone artifcats
TRACE::2025-08-16.15:26:20::SCWMssOS:: Copying the user libraries. 
TRACE::2025-08-16.15:26:20::SCWPlatform::Trying to open the hw design at C:/Users/ilpes/Desktop/Antenne_e_clocks/McDMA_workspace/McDMA_v2_TF/hw/McDMA_v2_TF.xsa
TRACE::2025-08-16.15:26:20::SCWPlatform::DSA given C:/Users/ilpes/Desktop/Antenne_e_clocks/McDMA_workspace/McDMA_v2_TF/hw/McDMA_v2_TF.xsa
TRACE::2025-08-16.15:26:20::SCWPlatform::DSA absoulate path C:/Users/ilpes/Desktop/Antenne_e_clocks/McDMA_workspace/McDMA_v2_TF/hw/McDMA_v2_TF.xsa
TRACE::2025-08-16.15:26:20::SCWPlatform::DSA directory C:/Users/ilpes/Desktop/Antenne_e_clocks/McDMA_workspace/McDMA_v2_TF/hw
TRACE::2025-08-16.15:26:20::SCWPlatform:: Platform Path C:/Users/ilpes/Desktop/Antenne_e_clocks/McDMA_workspace/McDMA_v2_TF/hw/McDMA_v2_TF.xsa
TRACE::2025-08-16.15:26:20::SCWPlatform:: Unique name xilinx:cmod_a7-35t::0.0
TRACE::2025-08-16.15:26:20::SCWPlatform::Trying to set the existing hwdb with name user_35t_wrapper_1
TRACE::2025-08-16.15:26:20::SCWPlatform::Opened existing hwdb user_35t_wrapper_1
TRACE::2025-08-16.15:26:20::SCWPlatform::Found the Hw Db part of the input DSA
TRACE::2025-08-16.15:26:20::SCWMssOS::Checking the sw design at  C:/Users/ilpes/Desktop/Antenne_e_clocks/McDMA_workspace/McDMA_v2_TF/microblaze_0/standalone_domain/bsp/system.mss
TRACE::2025-08-16.15:26:20::SCWMssOS::DEBUG:  swdes dump  C:/Users/ilpes/Desktop/Antenne_e_clocks/McDMA_workspace/McDMA_v2_TF/microblaze_0/standalone_domain/bsp/system.mss|system||

TRACE::2025-08-16.15:26:20::SCWMssOS::Sw design exists and opened at  C:/Users/ilpes/Desktop/Antenne_e_clocks/McDMA_workspace/McDMA_v2_TF/microblaze_0/standalone_domain/bsp/system.mss
TRACE::2025-08-16.15:26:20::SCWMssOS::Completed writing the mss file at C:/Users/ilpes/Desktop/Antenne_e_clocks/McDMA_workspace/McDMA_v2_TF/microblaze_0/standalone_domain/bsp
TRACE::2025-08-16.15:26:20::SCWMssOS::Mss edits present, copying mssfile into export location C:/Users/ilpes/Desktop/Antenne_e_clocks/McDMA_workspace/McDMA_v2_TF/microblaze_0/standalone_domain/bsp/system.mss
TRACE::2025-08-16.15:26:20::SCWMssOS::bsp generated is upto date with the mss file. Skipping bsp generation.
TRACE::2025-08-16.15:26:20::SCWMssOS::BSP is already built. skipping the bsp build ... 
TRACE::2025-08-16.15:26:20::SCWDomain::Building the domain as part of full build :  standalone_domain
TRACE::2025-08-16.15:26:20::SCWMssOS::doing bsp build ... 
TRACE::2025-08-16.15:26:20::SCWMssOS::System Command Ran  C: & cd  C:/Users/ilpes/Desktop/Antenne_e_clocks/McDMA_workspace/McDMA_v2_TF/microblaze_0/standalone_domain/bsp & make 
TRACE::2025-08-16.15:26:20::SCWMssOS::make --no-print-directory seq_libs

TRACE::2025-08-16.15:26:20::SCWMssOS::'Finished building libraries sequentially.'

TRACE::2025-08-16.15:26:20::SCWMssOS::make -j --no-print-directory par_libs

TRACE::2025-08-16.15:26:20::SCWMssOS::"Running Make include in microblaze_0/libsrc/axidma_v9_12/src"

TRACE::2025-08-16.15:26:20::SCWMssOS::make -C microblaze_0/libsrc/axidma_v9_12/src -s include  "SHELL=CMD" "COMPILER=mb-gcc" "ASSEMBLER=mb-as" "ARCHIVER=mb-ar" "COMP
TRACE::2025-08-16.15:26:20::SCWMssOS::ILER_FLAGS=  -O2 -c -mcpu=v11.0 -mlittle-endian -mno-xl-soft-div -mno-xl-soft-mul -mxl-barrel-shift -mxl-pattern-compare" "EXTR
TRACE::2025-08-16.15:26:20::SCWMssOS::A_COMPILER_FLAGS=-g -ffunction-sections -fdata-sections -Wall -Wextra"

TRACE::2025-08-16.15:26:20::SCWMssOS::"Running Make include in microblaze_0/libsrc/bram_v4_5/src"

TRACE::2025-08-16.15:26:20::SCWMssOS::make -C microblaze_0/libsrc/bram_v4_5/src -s include  "SHELL=CMD" "COMPILER=mb-gcc" "ASSEMBLER=mb-as" "ARCHIVER=mb-ar" "COMPILE
TRACE::2025-08-16.15:26:20::SCWMssOS::R_FLAGS=  -O2 -c -mcpu=v11.0 -mlittle-endian -mno-xl-soft-div -mno-xl-soft-mul -mxl-barrel-shift -mxl-pattern-compare" "EXTRA_C
TRACE::2025-08-16.15:26:20::SCWMssOS::OMPILER_FLAGS=-g -ffunction-sections -fdata-sections -Wall -Wextra"

TRACE::2025-08-16.15:26:20::SCWMssOS::"Running Make include in microblaze_0/libsrc/gpio_v4_7/src"

TRACE::2025-08-16.15:26:20::SCWMssOS::make -C microblaze_0/libsrc/gpio_v4_7/src -s include  "SHELL=CMD" "COMPILER=mb-gcc" "ASSEMBLER=mb-as" "ARCHIVER=mb-ar" "COMPILE
TRACE::2025-08-16.15:26:20::SCWMssOS::R_FLAGS=  -O2 -c -mcpu=v11.0 -mlittle-endian -mno-xl-soft-div -mno-xl-soft-mul -mxl-barrel-shift -mxl-pattern-compare" "EXTRA_C
TRACE::2025-08-16.15:26:20::SCWMssOS::OMPILER_FLAGS=-g -ffunction-sections -fdata-sections -Wall -Wextra"

TRACE::2025-08-16.15:26:21::SCWMssOS::"Running Make include in microblaze_0/libsrc/cpu_v2_12/src"

TRACE::2025-08-16.15:26:21::SCWMssOS::"Running Make include in microblaze_0/libsrc/intc_v3_12/src"

TRACE::2025-08-16.15:26:21::SCWMssOS::"Running Make include in microblaze_0/libsrc/spi_v4_7/src"

TRACE::2025-08-16.15:26:21::SCWMssOS::"Running Make include in microblaze_0/libsrc/iic_v3_7/src"

TRACE::2025-08-16.15:26:21::SCWMssOS::make -C microblaze_0/libsrc/cpu_v2_12/src -s include  "SHELL=CMD" "COMPILER=mb-gcc" "ASSEMBLER=mb-as" "ARCHIVER=mb-ar" "COMPILE
TRACE::2025-08-16.15:26:21::SCWMssOS::R_FLAGS=  -O2 -c -mcpu=v11.0 -mlittle-endian -mno-xl-soft-div -mno-xl-soft-mul -mxl-barrel-shift -mxl-pattern-compare" "EXTRA_C
TRACE::2025-08-16.15:26:21::SCWMssOS::OMPILER_FLAGS=-g -ffunction-sections -fdata-sections -Wall -Wextra"

TRACE::2025-08-16.15:26:21::SCWMssOS::make -C microblaze_0/libsrc/iic_v3_7/src -s include  "SHELL=CMD" "COMPILER=mb-gcc" "ASSEMBLER=mb-as" "ARCHIVER=mb-ar" "COMPILER
TRACE::2025-08-16.15:26:21::SCWMssOS::_FLAGS=  -O2 -c -mcpu=v11.0 -mlittle-endian -mno-xl-soft-div -mno-xl-soft-mul -mxl-barrel-shift -mxl-pattern-compare" "EXTRA_CO
TRACE::2025-08-16.15:26:21::SCWMssOS::MPILER_FLAGS=-g -ffunction-sections -fdata-sections -Wall -Wextra"

TRACE::2025-08-16.15:26:21::SCWMssOS::make -C microblaze_0/libsrc/intc_v3_12/src -s include  "SHELL=CMD" "COMPILER=mb-gcc" "ASSEMBLER=mb-as" "ARCHIVER=mb-ar" "COMPIL
TRACE::2025-08-16.15:26:21::SCWMssOS::ER_FLAGS=  -O2 -c -mcpu=v11.0 -mlittle-endian -mno-xl-soft-div -mno-xl-soft-mul -mxl-barrel-shift -mxl-pattern-compare" "EXTRA_
TRACE::2025-08-16.15:26:21::SCWMssOS::COMPILER_FLAGS=-g -ffunction-sections -fdata-sections -Wall -Wextra"

TRACE::2025-08-16.15:26:21::SCWMssOS::make -C microblaze_0/libsrc/spi_v4_7/src -s include  "SHELL=CMD" "COMPILER=mb-gcc" "ASSEMBLER=mb-as" "ARCHIVER=mb-ar" "COMPILER
TRACE::2025-08-16.15:26:21::SCWMssOS::_FLAGS=  -O2 -c -mcpu=v11.0 -mlittle-endian -mno-xl-soft-div -mno-xl-soft-mul -mxl-barrel-shift -mxl-pattern-compare" "EXTRA_CO
TRACE::2025-08-16.15:26:21::SCWMssOS::MPILER_FLAGS=-g -ffunction-sections -fdata-sections -Wall -Wextra"

TRACE::2025-08-16.15:26:21::SCWMssOS::"Running Make include in microblaze_0/libsrc/standalone_v7_3/src"

TRACE::2025-08-16.15:26:21::SCWMssOS::"Running Make include in microblaze_0/libsrc/sysmon_v7_7/src"

TRACE::2025-08-16.15:26:21::SCWMssOS::make -C microblaze_0/libsrc/standalone_v7_3/src -s include  "SHELL=CMD" "COMPILER=mb-gcc" "ASSEMBLER=mb-as" "ARCHIVER=mb-ar" "C
TRACE::2025-08-16.15:26:21::SCWMssOS::OMPILER_FLAGS=  -O2 -c -mcpu=v11.0 -mlittle-endian -mno-xl-soft-div -mno-xl-soft-mul -mxl-barrel-shift -mxl-pattern-compare" "E
TRACE::2025-08-16.15:26:21::SCWMssOS::XTRA_COMPILER_FLAGS=-g -ffunction-sections -fdata-sections -Wall -Wextra"

TRACE::2025-08-16.15:26:21::SCWMssOS::make -C microblaze_0/libsrc/sysmon_v7_7/src -s include  "SHELL=CMD" "COMPILER=mb-gcc" "ASSEMBLER=mb-as" "ARCHIVER=mb-ar" "COMPI
TRACE::2025-08-16.15:26:21::SCWMssOS::LER_FLAGS=  -O2 -c -mcpu=v11.0 -mlittle-endian -mno-xl-soft-div -mno-xl-soft-mul -mxl-barrel-shift -mxl-pattern-compare" "EXTRA
TRACE::2025-08-16.15:26:21::SCWMssOS::_COMPILER_FLAGS=-g -ffunction-sections -fdata-sections -Wall -Wextra"

TRACE::2025-08-16.15:26:21::SCWMssOS::"Running Make include in microblaze_0/libsrc/trafgen_v4_4/src"

TRACE::2025-08-16.15:26:21::SCWMssOS::"Running Make include in microblaze_0/libsrc/tmrctr_v4_7/src"

TRACE::2025-08-16.15:26:21::SCWMssOS::make -C microblaze_0/libsrc/tmrctr_v4_7/src -s include  "SHELL=CMD" "COMPILER=mb-gcc" "ASSEMBLER=mb-as" "ARCHIVER=mb-ar" "COMPI
TRACE::2025-08-16.15:26:21::SCWMssOS::LER_FLAGS=  -O2 -c -mcpu=v11.0 -mlittle-endian -mno-xl-soft-div -mno-xl-soft-mul -mxl-barrel-shift -mxl-pattern-compare" "EXTRA
TRACE::2025-08-16.15:26:21::SCWMssOS::_COMPILER_FLAGS=-g -ffunction-sections -fdata-sections -Wall -Wextra"

TRACE::2025-08-16.15:26:21::SCWMssOS::make -C microblaze_0/libsrc/trafgen_v4_4/src -s include  "SHELL=CMD" "COMPILER=mb-gcc" "ASSEMBLER=mb-as" "ARCHIVER=mb-ar" "COMP
TRACE::2025-08-16.15:26:21::SCWMssOS::ILER_FLAGS=  -O2 -c -mcpu=v11.0 -mlittle-endian -mno-xl-soft-div -mno-xl-soft-mul -mxl-barrel-shift -mxl-pattern-compare" "EXTR
TRACE::2025-08-16.15:26:21::SCWMssOS::A_COMPILER_FLAGS=-g -ffunction-sections -fdata-sections -Wall -Wextra"

TRACE::2025-08-16.15:26:21::SCWMssOS::"Running Make include in microblaze_0/libsrc/uartlite_v3_5/src"

TRACE::2025-08-16.15:26:21::SCWMssOS::make -C microblaze_0/libsrc/uartlite_v3_5/src -s include  "SHELL=CMD" "COMPILER=mb-gcc" "ASSEMBLER=mb-as" "ARCHIVER=mb-ar" "COM
TRACE::2025-08-16.15:26:21::SCWMssOS::PILER_FLAGS=  -O2 -c -mcpu=v11.0 -mlittle-endian -mno-xl-soft-div -mno-xl-soft-mul -mxl-barrel-shift -mxl-pattern-compare" "EXT
TRACE::2025-08-16.15:26:21::SCWMssOS::RA_COMPILER_FLAGS=-g -ffunction-sections -fdata-sections -Wall -Wextra"

TRACE::2025-08-16.15:26:22::SCWMssOS::"Running Make libs in microblaze_0/libsrc/axidma_v9_12/src"

TRACE::2025-08-16.15:26:22::SCWMssOS::make -C microblaze_0/libsrc/axidma_v9_12/src -s libs  "SHELL=CMD" "COMPILER=mb-gcc" "ASSEMBLER=mb-as" "ARCHIVER=mb-ar" "COMPILE
TRACE::2025-08-16.15:26:22::SCWMssOS::R_FLAGS=  -O2 -c -mcpu=v11.0 -mlittle-endian -mno-xl-soft-div -mno-xl-soft-mul -mxl-barrel-shift -mxl-pattern-compare" "EXTRA_C
TRACE::2025-08-16.15:26:22::SCWMssOS::OMPILER_FLAGS=-g -ffunction-sections -fdata-sections -Wall -Wextra"

TRACE::2025-08-16.15:26:22::SCWMssOS::"Running Make libs in microblaze_0/libsrc/bram_v4_5/src"

TRACE::2025-08-16.15:26:22::SCWMssOS::make -C microblaze_0/libsrc/bram_v4_5/src -s libs  "SHELL=CMD" "COMPILER=mb-gcc" "ASSEMBLER=mb-as" "ARCHIVER=mb-ar" "COMPILER_F
TRACE::2025-08-16.15:26:22::SCWMssOS::LAGS=  -O2 -c -mcpu=v11.0 -mlittle-endian -mno-xl-soft-div -mno-xl-soft-mul -mxl-barrel-shift -mxl-pattern-compare" "EXTRA_COMP
TRACE::2025-08-16.15:26:22::SCWMssOS::ILER_FLAGS=-g -ffunction-sections -fdata-sections -Wall -Wextra"

TRACE::2025-08-16.15:26:22::SCWMssOS::"Running Make libs in microblaze_0/libsrc/cpu_v2_12/src"

TRACE::2025-08-16.15:26:22::SCWMssOS::make -C microblaze_0/libsrc/cpu_v2_12/src -s libs  "SHELL=CMD" "COMPILER=mb-gcc" "ASSEMBLER=mb-as" "ARCHIVER=mb-ar" "COMPILER_F
TRACE::2025-08-16.15:26:22::SCWMssOS::LAGS=  -O2 -c -mcpu=v11.0 -mlittle-endian -mno-xl-soft-div -mno-xl-soft-mul -mxl-barrel-shift -mxl-pattern-compare" "EXTRA_COMP
TRACE::2025-08-16.15:26:22::SCWMssOS::ILER_FLAGS=-g -ffunction-sections -fdata-sections -Wall -Wextra"

TRACE::2025-08-16.15:26:22::SCWMssOS::"Running Make libs in microblaze_0/libsrc/gpio_v4_7/src"

TRACE::2025-08-16.15:26:22::SCWMssOS::make -C microblaze_0/libsrc/gpio_v4_7/src -s libs  "SHELL=CMD" "COMPILER=mb-gcc" "ASSEMBLER=mb-as" "ARCHIVER=mb-ar" "COMPILER_F
TRACE::2025-08-16.15:26:22::SCWMssOS::LAGS=  -O2 -c -mcpu=v11.0 -mlittle-endian -mno-xl-soft-div -mno-xl-soft-mul -mxl-barrel-shift -mxl-pattern-compare" "EXTRA_COMP
TRACE::2025-08-16.15:26:22::SCWMssOS::ILER_FLAGS=-g -ffunction-sections -fdata-sections -Wall -Wextra"

TRACE::2025-08-16.15:26:22::SCWMssOS::"Running Make libs in microblaze_0/libsrc/iic_v3_7/src"

TRACE::2025-08-16.15:26:22::SCWMssOS::make -C microblaze_0/libsrc/iic_v3_7/src -s libs  "SHELL=CMD" "COMPILER=mb-gcc" "ASSEMBLER=mb-as" "ARCHIVER=mb-ar" "COMPILER_FL
TRACE::2025-08-16.15:26:22::SCWMssOS::AGS=  -O2 -c -mcpu=v11.0 -mlittle-endian -mno-xl-soft-div -mno-xl-soft-mul -mxl-barrel-shift -mxl-pattern-compare" "EXTRA_COMPI
TRACE::2025-08-16.15:26:22::SCWMssOS::LER_FLAGS=-g -ffunction-sections -fdata-sections -Wall -Wextra"

TRACE::2025-08-16.15:26:22::SCWMssOS::"Running Make libs in microblaze_0/libsrc/intc_v3_12/src"

TRACE::2025-08-16.15:26:23::SCWMssOS::"Running Make libs in microblaze_0/libsrc/spi_v4_7/src"

TRACE::2025-08-16.15:26:23::SCWMssOS::make -C microblaze_0/libsrc/intc_v3_12/src -s libs  "SHELL=CMD" "COMPILER=mb-gcc" "ASSEMBLER=mb-as" "ARCHIVER=mb-ar" "COMPILER_
TRACE::2025-08-16.15:26:23::SCWMssOS::FLAGS=  -O2 -c -mcpu=v11.0 -mlittle-endian -mno-xl-soft-div -mno-xl-soft-mul -mxl-barrel-shift -mxl-pattern-compare" "EXTRA_COM
TRACE::2025-08-16.15:26:23::SCWMssOS::PILER_FLAGS=-g -ffunction-sections -fdata-sections -Wall -Wextra"

TRACE::2025-08-16.15:26:23::SCWMssOS::make -C microblaze_0/libsrc/spi_v4_7/src -s libs  "SHELL=CMD" "COMPILER=mb-gcc" "ASSEMBLER=mb-as" "ARCHIVER=mb-ar" "COMPILER_FL
TRACE::2025-08-16.15:26:23::SCWMssOS::AGS=  -O2 -c -mcpu=v11.0 -mlittle-endian -mno-xl-soft-div -mno-xl-soft-mul -mxl-barrel-shift -mxl-pattern-compare" "EXTRA_COMPI
TRACE::2025-08-16.15:26:23::SCWMssOS::LER_FLAGS=-g -ffunction-sections -fdata-sections -Wall -Wextra"

TRACE::2025-08-16.15:26:23::SCWMssOS::"Running Make libs in microblaze_0/libsrc/standalone_v7_3/src"

TRACE::2025-08-16.15:26:23::SCWMssOS::"Running Make libs in microblaze_0/libsrc/sysmon_v7_7/src"

TRACE::2025-08-16.15:26:23::SCWMssOS::make -C microblaze_0/libsrc/standalone_v7_3/src -s libs  "SHELL=CMD" "COMPILER=mb-gcc" "ASSEMBLER=mb-as" "ARCHIVER=mb-ar" "COMP
TRACE::2025-08-16.15:26:23::SCWMssOS::ILER_FLAGS=  -O2 -c -mcpu=v11.0 -mlittle-endian -mno-xl-soft-div -mno-xl-soft-mul -mxl-barrel-shift -mxl-pattern-compare" "EXTR
TRACE::2025-08-16.15:26:23::SCWMssOS::A_COMPILER_FLAGS=-g -ffunction-sections -fdata-sections -Wall -Wextra"

TRACE::2025-08-16.15:26:23::SCWMssOS::"Running Make libs in microblaze_0/libsrc/uartlite_v3_5/src"

TRACE::2025-08-16.15:26:23::SCWMssOS::"Running Make libs in microblaze_0/libsrc/trafgen_v4_4/src"

TRACE::2025-08-16.15:26:23::SCWMssOS::make -C microblaze_0/libsrc/uartlite_v3_5/src -s libs  "SHELL=CMD" "COMPILER=mb-gcc" "ASSEMBLER=mb-as" "ARCHIVER=mb-ar" "COMPIL
TRACE::2025-08-16.15:26:23::SCWMssOS::ER_FLAGS=  -O2 -c -mcpu=v11.0 -mlittle-endian -mno-xl-soft-div -mno-xl-soft-mul -mxl-barrel-shift -mxl-pattern-compare" "EXTRA_
TRACE::2025-08-16.15:26:23::SCWMssOS::COMPILER_FLAGS=-g -ffunction-sections -fdata-sections -Wall -Wextra"

TRACE::2025-08-16.15:26:23::SCWMssOS::"Running Make libs in microblaze_0/libsrc/tmrctr_v4_7/src"

TRACE::2025-08-16.15:26:23::SCWMssOS::make -C microblaze_0/libsrc/sysmon_v7_7/src -s libs  "SHELL=CMD" "COMPILER=mb-gcc" "ASSEMBLER=mb-as" "ARCHIVER=mb-ar" "COMPILER
TRACE::2025-08-16.15:26:23::SCWMssOS::_FLAGS=  -O2 -c -mcpu=v11.0 -mlittle-endian -mno-xl-soft-div -mno-xl-soft-mul -mxl-barrel-shift -mxl-pattern-compare" "EXTRA_CO
TRACE::2025-08-16.15:26:23::SCWMssOS::MPILER_FLAGS=-g -ffunction-sections -fdata-sections -Wall -Wextra"

TRACE::2025-08-16.15:26:23::SCWMssOS::make -C microblaze_0/libsrc/tmrctr_v4_7/src -s libs  "SHELL=CMD" "COMPILER=mb-gcc" "ASSEMBLER=mb-as" "ARCHIVER=mb-ar" "COMPILER
TRACE::2025-08-16.15:26:23::SCWMssOS::_FLAGS=  -O2 -c -mcpu=v11.0 -mlittle-endian -mno-xl-soft-div -mno-xl-soft-mul -mxl-barrel-shift -mxl-pattern-compare" "EXTRA_CO
TRACE::2025-08-16.15:26:23::SCWMssOS::MPILER_FLAGS=-g -ffunction-sections -fdata-sections -Wall -Wextra"

TRACE::2025-08-16.15:26:23::SCWMssOS::make -C microblaze_0/libsrc/trafgen_v4_4/src -s libs  "SHELL=CMD" "COMPILER=mb-gcc" "ASSEMBLER=mb-as" "ARCHIVER=mb-ar" "COMPILE
TRACE::2025-08-16.15:26:23::SCWMssOS::R_FLAGS=  -O2 -c -mcpu=v11.0 -mlittle-endian -mno-xl-soft-div -mno-xl-soft-mul -mxl-barrel-shift -mxl-pattern-compare" "EXTRA_C
TRACE::2025-08-16.15:26:23::SCWMssOS::OMPILER_FLAGS=-g -ffunction-sections -fdata-sections -Wall -Wextra"

TRACE::2025-08-16.15:26:26::SCWMssOS::"DEBUG NON_LTO_OBJECTS is ../../../lib/microblaze_interrupt_handler.o"

TRACE::2025-08-16.15:26:27::SCWMssOS::'Finished building libraries parallelly.'

TRACE::2025-08-16.15:26:27::SCWMssOS::make --no-print-directory archive

TRACE::2025-08-16.15:26:27::SCWMssOS::mb-ar -r  microblaze_0/lib/libxil.a microblaze_0/lib/xtmrctr_l.o microblaze_0/lib/xplatform_info.o microblaze_0/lib/xtmrctr_opt
TRACE::2025-08-16.15:26:27::SCWMssOS::ions.o microblaze_0/lib/microblaze_disable_exceptions.o microblaze_0/lib/print.o microblaze_0/lib/xspi_options.o microblaze_0/l
TRACE::2025-08-16.15:26:27::SCWMssOS::ib/xil_testio.o microblaze_0/lib/microblaze_disable_dcache.o microblaze_0/lib/microblaze_flush_dcache_range.o microblaze_0/lib/
TRACE::2025-08-16.15:26:27::SCWMssOS::xspi_g.o microblaze_0/lib/microblaze_flush_cache_ext.o microblaze_0/lib/xspi.o microblaze_0/lib/xspi_sinit.o microblaze_0/lib/i
TRACE::2025-08-16.15:26:27::SCWMssOS::nbyte.o microblaze_0/lib/xtrafgen_g.o microblaze_0/lib/xil_misc_psreset_api.o microblaze_0/lib/xspi_selftest.o microblaze_0/lib
TRACE::2025-08-16.15:26:27::SCWMssOS::/xsysmon_g.o microblaze_0/lib/xil_cache.o microblaze_0/lib/xil_util.o microblaze_0/lib/xiic_g.o microblaze_0/lib/xiic_multi_mas
TRACE::2025-08-16.15:26:27::SCWMssOS::ter.o microblaze_0/lib/xiic_sinit.o microblaze_0/lib/microblaze_exception_handler.o microblaze_0/lib/xbram_g.o microblaze_0/lib
TRACE::2025-08-16.15:26:27::SCWMssOS::/xbram_sinit.o microblaze_0/lib/xtrafgen.o microblaze_0/lib/microblaze_scrub.o microblaze_0/lib/xtmrctr_intr.o microblaze_0/lib
TRACE::2025-08-16.15:26:27::SCWMssOS::/microblaze_invalidate_dcache.o microblaze_0/lib/microblaze_disable_interrupts.o microblaze_0/lib/xbram_selftest.o microblaze_0
TRACE::2025-08-16.15:26:27::SCWMssOS::/lib/microblaze_interrupt_handler.o microblaze_0/lib/microblaze_disable_icache.o microblaze_0/lib/xaxidma_sinit.o microblaze_0/
TRACE::2025-08-16.15:26:27::SCWMssOS::lib/xsysmon_intr.o microblaze_0/lib/xgpio_g.o microblaze_0/lib/xuartlite_g.o microblaze_0/lib/xtmrctr_stats.o microblaze_0/lib/
TRACE::2025-08-16.15:26:27::SCWMssOS::xaxidma_selftest.o microblaze_0/lib/xiic_master.o microblaze_0/lib/xspi_stats.o microblaze_0/lib/microblaze_flush_cache_ext_ran
TRACE::2025-08-16.15:26:27::SCWMssOS::ge.o microblaze_0/lib/xaxidma_bd.o microblaze_0/lib/xiic_intr.o microblaze_0/lib/xbram_intr.o microblaze_0/lib/xil_sleepcommon.
TRACE::2025-08-16.15:26:27::SCWMssOS::o microblaze_0/lib/xil_printf.o microblaze_0/lib/xintc_g.o microblaze_0/lib/xintc_selftest.o microblaze_0/lib/xintc_l.o microbl
TRACE::2025-08-16.15:26:27::SCWMssOS::aze_0/lib/outbyte.o microblaze_0/lib/xgpio_extra.o microblaze_0/lib/xgpio_intr.o microblaze_0/lib/xiic_slave.o microblaze_0/lib
TRACE::2025-08-16.15:26:27::SCWMssOS::/microblaze_invalidate_dcache_range.o microblaze_0/lib/xil_testmem.o microblaze_0/lib/microblaze_invalidate_cache_ext.o microbl
TRACE::2025-08-16.15:26:27::SCWMssOS::aze_0/lib/microblaze_sleep.o microblaze_0/lib/xuartlite_sinit.o microblaze_0/lib/hw_exception_handler.o microblaze_0/lib/xtmrct
TRACE::2025-08-16.15:26:27::SCWMssOS::r.o microblaze_0/lib/xintc_options.o microblaze_0/lib/xuartlite_selftest.o microblaze_0/lib/xgpio_sinit.o microblaze_0/lib/xuar
TRACE::2025-08-16.15:26:27::SCWMssOS::tlite.o microblaze_0/lib/microblaze_update_dcache.o microblaze_0/lib/xaxidma_g.o microblaze_0/lib/xil_testcache.o microblaze_0/
TRACE::2025-08-16.15:26:27::SCWMssOS::lib/microblaze_selftest.o microblaze_0/lib/microblaze_interrupts_g.o microblaze_0/lib/microblaze_enable_exceptions.o microblaze
TRACE::2025-08-16.15:26:27::SCWMssOS::_0/lib/xil_mem.o microblaze_0/lib/xsysmon_sinit.o microblaze_0/lib/xtmrctr_g.o microblaze_0/lib/microblaze_enable_dcache.o micr
TRACE::2025-08-16.15:26:27::SCWMssOS::oblaze_0/lib/xiic_l.o microblaze_0/lib/_exit.o microblaze_0/lib/xuartlite_intr.o microblaze_0/lib/microblaze_invalidate_icache_
TRACE::2025-08-16.15:26:27::SCWMssOS::range.o microblaze_0/lib/xtmrctr_selftest.o microblaze_0/lib/xgpio.o microblaze_0/lib/microblaze_init_dcache_range.o microblaze
TRACE::2025-08-16.15:26:27::SCWMssOS::_0/lib/microblaze_invalidate_icache.o microblaze_0/lib/xaxidma.o microblaze_0/lib/errno.o microblaze_0/lib/xiic_dyn_master.o mi
TRACE::2025-08-16.15:26:27::SCWMssOS::croblaze_0/lib/xintc.o microblaze_0/lib/xuartlite_stats.o microblaze_0/lib/microblaze_invalidate_cache_ext_range.o microblaze_0
TRACE::2025-08-16.15:26:27::SCWMssOS::/lib/xintc_intr.o microblaze_0/lib/xil_exception.o microblaze_0/lib/pvr.o microblaze_0/lib/xbram.o microblaze_0/lib/xiic_option
TRACE::2025-08-16.15:26:27::SCWMssOS::s.o microblaze_0/lib/xtrafgen_sinit.o microblaze_0/lib/microblaze_update_icache.o microblaze_0/lib/microblaze_flush_dcache.o mi
TRACE::2025-08-16.15:26:27::SCWMssOS::croblaze_0/lib/xil_clocking.o microblaze_0/lib/xil_assert.o microblaze_0/lib/xiic_stats.o microblaze_0/lib/microblaze_enable_in
TRACE::2025-08-16.15:26:27::SCWMssOS::terrupts.o microblaze_0/lib/xio.o microblaze_0/lib/microblaze_enable_icache.o microblaze_0/lib/xiic.o microblaze_0/lib/xsysmon.
TRACE::2025-08-16.15:26:27::SCWMssOS::o microblaze_0/lib/microblaze_init_icache_range.o microblaze_0/lib/xaxidma_bdring.o microblaze_0/lib/xuartlite_l.o microblaze_0
TRACE::2025-08-16.15:26:27::SCWMssOS::/lib/xtmrctr_sinit.o microblaze_0/lib/xiic_selftest.o microblaze_0/lib/xsysmon_selftest.o microblaze_0/lib/fcntl.o microblaze_0
TRACE::2025-08-16.15:26:27::SCWMssOS::/lib/xgpio_selftest.o

TRACE::2025-08-16.15:26:27::SCWMssOS::'Finished building libraries'

TRACE::2025-08-16.15:26:28::SCWMssOS::Copying to export directory.
TRACE::2025-08-16.15:26:28::SCWMssOS:: Checking if to create the Supporting Applications
TRACE::2025-08-16.15:26:28::SCWMssOS:: No Linux domain exists, trying to generate FSBL 
LOG::2025-08-16.15:26:28::SCWSystem::Completed Processing the domain standalone_domain
LOG::2025-08-16.15:26:28::SCWSystem::Completed Processing the sysconfig McDMA_v2_TF
LOG::2025-08-16.15:26:28::SCWPlatform::Completed generating the artifacts for system configuration McDMA_v2_TF
TRACE::2025-08-16.15:26:28::SCWPlatform::Started preparing the platform 
TRACE::2025-08-16.15:26:28::SCWSystem::Writing the bif file for system config McDMA_v2_TF
TRACE::2025-08-16.15:26:28::SCWSystem::dir created 
TRACE::2025-08-16.15:26:28::SCWSystem::Writing the bif 
TRACE::2025-08-16.15:26:28::SCWPlatform::Started writing the spfm file 
TRACE::2025-08-16.15:26:28::SCWPlatform::Started writing the xpfm file 
TRACE::2025-08-16.15:26:28::SCWPlatform::Completed generating the platform
TRACE::2025-08-16.15:26:28::SCWMssOS::Saving the mss changes C:/Users/ilpes/Desktop/Antenne_e_clocks/McDMA_workspace/McDMA_v2_TF/microblaze_0/standalone_domain/bsp/system.mss
TRACE::2025-08-16.15:26:28::SCWMssOS::Found a swdesign opened with the mssfile.
TRACE::2025-08-16.15:26:28::SCWMssOS::Completed writemss as part of save.
TRACE::2025-08-16.15:26:28::SCWMssOS::Commit changes completed.
TRACE::2025-08-16.15:26:28::SCWPlatform::Trying to open the hw design at C:/Users/ilpes/Desktop/Antenne_e_clocks/McDMA_workspace/McDMA_v2_TF/hw/McDMA_v2_TF.xsa
TRACE::2025-08-16.15:26:28::SCWPlatform::DSA given C:/Users/ilpes/Desktop/Antenne_e_clocks/McDMA_workspace/McDMA_v2_TF/hw/McDMA_v2_TF.xsa
TRACE::2025-08-16.15:26:28::SCWPlatform::DSA absoulate path C:/Users/ilpes/Desktop/Antenne_e_clocks/McDMA_workspace/McDMA_v2_TF/hw/McDMA_v2_TF.xsa
TRACE::2025-08-16.15:26:28::SCWPlatform::DSA directory C:/Users/ilpes/Desktop/Antenne_e_clocks/McDMA_workspace/McDMA_v2_TF/hw
TRACE::2025-08-16.15:26:28::SCWPlatform:: Platform Path C:/Users/ilpes/Desktop/Antenne_e_clocks/McDMA_workspace/McDMA_v2_TF/hw/McDMA_v2_TF.xsa
TRACE::2025-08-16.15:26:28::SCWPlatform:: Unique name xilinx:cmod_a7-35t::0.0
TRACE::2025-08-16.15:26:28::SCWPlatform::Trying to set the existing hwdb with name user_35t_wrapper_1
TRACE::2025-08-16.15:26:28::SCWPlatform::Opened existing hwdb user_35t_wrapper_1
TRACE::2025-08-16.15:26:28::SCWPlatform::Found the Hw Db part of the input DSA
TRACE::2025-08-16.15:26:28::SCWMssOS::Checking the sw design at  C:/Users/ilpes/Desktop/Antenne_e_clocks/McDMA_workspace/McDMA_v2_TF/microblaze_0/standalone_domain/bsp/system.mss
TRACE::2025-08-16.15:26:28::SCWMssOS::DEBUG:  swdes dump  C:/Users/ilpes/Desktop/Antenne_e_clocks/McDMA_workspace/McDMA_v2_TF/microblaze_0/standalone_domain/bsp/system.mss|system||

TRACE::2025-08-16.15:26:28::SCWMssOS::Sw design exists and opened at  C:/Users/ilpes/Desktop/Antenne_e_clocks/McDMA_workspace/McDMA_v2_TF/microblaze_0/standalone_domain/bsp/system.mss
TRACE::2025-08-16.15:26:28::SCWWriter::formatted JSON is {
	"platformName":	"McDMA_v2_TF",
	"sprVersion":	"2.0",
	"mode":	"gui",
	"dsaType":	"Fixed",
	"platformDesc":	"McDMA_v2_TF",
	"platHandOff":	"C:/Users/ilpes/Desktop/INSEGNAMENTO/Didattica2023/McDMA/McDMA_v2/McDMA_v2_TF.xsa",
	"platIntHandOff":	"<platformDir>/hw/McDMA_v2_TF.xsa",
	"deviceType":	"FPGA",
	"platIsPrebuiltAutogen":	"false",
	"platIsNoBootBsp":	"false",
	"hasFsblMakeHasChanges":	"false",
	"hasPmufwMakeHasChanges":	"false",
	"platPreBuiltFlag":	false,
	"platformSamplesDir":	"",
	"platActiveSys":	"McDMA_v2_TF",
	"systems":	[{
			"systemName":	"McDMA_v2_TF",
			"systemDesc":	"McDMA_v2_TF",
			"sysIsBootAutoGen":	"true",
			"systemDispName":	"McDMA_v2_TF",
			"sysActiveDom":	"standalone_domain",
			"sysDefaultDom":	"standalone_domain",
			"domains":	[{
					"domainName":	"standalone_domain",
					"domainDispName":	"standalone on microblaze_0",
					"domainDesc":	"standalone_domain",
					"processors":	"microblaze_0",
					"os":	"standalone",
					"sdxOs":	"standalone",
					"debugEnable":	"False",
					"domRuntimes":	["cpp"],
					"swRepo":	"",
					"mssOsVer":	"7.3",
					"mssFile":	"",
					"md5Digest":	"b556b028d03c86c66c02c5206503ee30",
					"compatibleApp":	"",
					"domType":	"mssDomain",
					"arch":	"32-bit",
					"appSettings":	{
						"appCompilerFlags":	"",
						"appLinkerFlags":	""
					},
					"addedLibs":	[],
					"libOptions":	{
						"libsContainingOptions":	[]
					},
					"prebuiltLibs":	{
						"prebuiltIncPath":	[],
						"prebuiltLibPath":	[]
					},
					"isolation":	{
					}
				}]
		}]
}
KEYINFO::2025-08-16.15:26:28::SCWPlatform::updated the xpfm file.
TRACE::2025-08-16.15:26:28::SCWPlatform::Trying to open the hw design at C:/Users/ilpes/Desktop/Antenne_e_clocks/McDMA_workspace/McDMA_v2_TF/hw/McDMA_v2_TF.xsa
TRACE::2025-08-16.15:26:28::SCWPlatform::DSA given C:/Users/ilpes/Desktop/Antenne_e_clocks/McDMA_workspace/McDMA_v2_TF/hw/McDMA_v2_TF.xsa
TRACE::2025-08-16.15:26:28::SCWPlatform::DSA absoulate path C:/Users/ilpes/Desktop/Antenne_e_clocks/McDMA_workspace/McDMA_v2_TF/hw/McDMA_v2_TF.xsa
TRACE::2025-08-16.15:26:28::SCWPlatform::DSA directory C:/Users/ilpes/Desktop/Antenne_e_clocks/McDMA_workspace/McDMA_v2_TF/hw
TRACE::2025-08-16.15:26:28::SCWPlatform:: Platform Path C:/Users/ilpes/Desktop/Antenne_e_clocks/McDMA_workspace/McDMA_v2_TF/hw/McDMA_v2_TF.xsa
TRACE::2025-08-16.15:26:28::SCWPlatform:: Unique name xilinx:cmod_a7-35t::0.0
TRACE::2025-08-16.15:26:28::SCWPlatform::Trying to set the existing hwdb with name user_35t_wrapper_1
TRACE::2025-08-16.15:26:28::SCWPlatform::Opened existing hwdb user_35t_wrapper_1
TRACE::2025-08-16.15:26:28::SCWPlatform::Found the Hw Db part of the input DSA
TRACE::2025-08-16.15:26:28::SCWMssOS::Checking the sw design at  C:/Users/ilpes/Desktop/Antenne_e_clocks/McDMA_workspace/McDMA_v2_TF/microblaze_0/standalone_domain/bsp/system.mss
TRACE::2025-08-16.15:26:28::SCWMssOS::DEBUG:  swdes dump  C:/Users/ilpes/Desktop/Antenne_e_clocks/McDMA_workspace/McDMA_v2_TF/microblaze_0/standalone_domain/bsp/system.mss|system||

TRACE::2025-08-16.15:26:28::SCWMssOS::Sw design exists and opened at  C:/Users/ilpes/Desktop/Antenne_e_clocks/McDMA_workspace/McDMA_v2_TF/microblaze_0/standalone_domain/bsp/system.mss
TRACE::2025-08-17.00:41:39::SCWPlatform::Trying to open the hw design at C:/Users/ilpes/Desktop/Antenne_e_clocks/McDMA_workspace/McDMA_v2_TF/hw/McDMA_v2_TF.xsa
TRACE::2025-08-17.00:41:39::SCWPlatform::DSA given C:/Users/ilpes/Desktop/Antenne_e_clocks/McDMA_workspace/McDMA_v2_TF/hw/McDMA_v2_TF.xsa
TRACE::2025-08-17.00:41:39::SCWPlatform::DSA absoulate path C:/Users/ilpes/Desktop/Antenne_e_clocks/McDMA_workspace/McDMA_v2_TF/hw/McDMA_v2_TF.xsa
TRACE::2025-08-17.00:41:43::SCWPlatform::DSA directory C:/Users/ilpes/Desktop/Antenne_e_clocks/McDMA_workspace/McDMA_v2_TF/hw
TRACE::2025-08-17.00:41:43::SCWPlatform:: Platform Path C:/Users/ilpes/Desktop/Antenne_e_clocks/McDMA_workspace/McDMA_v2_TF/hw/McDMA_v2_TF.xsa
TRACE::2025-08-17.00:41:43::SCWPlatform:: Unique name xilinx:cmod_a7-35t::0.0
TRACE::2025-08-17.00:41:43::SCWPlatform::Do not have an existing db opened. 
TRACE::2025-08-17.00:41:44::SCWPlatform::Opened new HwDB with name user_35t_wrapper_11
TRACE::2025-08-17.00:41:44::SCWReader::Active system found as  McDMA_v2_TF
TRACE::2025-08-17.00:41:44::SCWReader::Handling sysconfig McDMA_v2_TF
TRACE::2025-08-17.00:41:44::SCWDomain::checking for install qemu data   : 
TRACE::2025-08-17.00:41:44::SCWPlatform::Trying to open the hw design at C:/Users/ilpes/Desktop/Antenne_e_clocks/McDMA_workspace/McDMA_v2_TF/hw/McDMA_v2_TF.xsa
TRACE::2025-08-17.00:41:44::SCWPlatform::DSA given C:/Users/ilpes/Desktop/Antenne_e_clocks/McDMA_workspace/McDMA_v2_TF/hw/McDMA_v2_TF.xsa
TRACE::2025-08-17.00:41:44::SCWPlatform::DSA absoulate path C:/Users/ilpes/Desktop/Antenne_e_clocks/McDMA_workspace/McDMA_v2_TF/hw/McDMA_v2_TF.xsa
TRACE::2025-08-17.00:41:44::SCWPlatform::DSA directory C:/Users/ilpes/Desktop/Antenne_e_clocks/McDMA_workspace/McDMA_v2_TF/hw
TRACE::2025-08-17.00:41:44::SCWPlatform:: Platform Path C:/Users/ilpes/Desktop/Antenne_e_clocks/McDMA_workspace/McDMA_v2_TF/hw/McDMA_v2_TF.xsa
TRACE::2025-08-17.00:41:44::SCWPlatform:: Unique name xilinx:cmod_a7-35t::0.0
TRACE::2025-08-17.00:41:44::SCWPlatform::Trying to set the existing hwdb with name user_35t_wrapper_11
TRACE::2025-08-17.00:41:44::SCWPlatform::Opened existing hwdb user_35t_wrapper_11
TRACE::2025-08-17.00:41:44::SCWPlatform::Found the Hw Db part of the input DSA
TRACE::2025-08-17.00:41:44::SCWPlatform::Trying to open the hw design at C:/Users/ilpes/Desktop/Antenne_e_clocks/McDMA_workspace/McDMA_v2_TF/hw/McDMA_v2_TF.xsa
TRACE::2025-08-17.00:41:44::SCWPlatform::DSA given C:/Users/ilpes/Desktop/Antenne_e_clocks/McDMA_workspace/McDMA_v2_TF/hw/McDMA_v2_TF.xsa
TRACE::2025-08-17.00:41:44::SCWPlatform::DSA absoulate path C:/Users/ilpes/Desktop/Antenne_e_clocks/McDMA_workspace/McDMA_v2_TF/hw/McDMA_v2_TF.xsa
TRACE::2025-08-17.00:41:44::SCWPlatform::DSA directory C:/Users/ilpes/Desktop/Antenne_e_clocks/McDMA_workspace/McDMA_v2_TF/hw
TRACE::2025-08-17.00:41:44::SCWPlatform:: Platform Path C:/Users/ilpes/Desktop/Antenne_e_clocks/McDMA_workspace/McDMA_v2_TF/hw/McDMA_v2_TF.xsa
TRACE::2025-08-17.00:41:44::SCWPlatform:: Unique name xilinx:cmod_a7-35t::0.0
TRACE::2025-08-17.00:41:44::SCWPlatform::Trying to set the existing hwdb with name user_35t_wrapper_11
TRACE::2025-08-17.00:41:44::SCWPlatform::Opened existing hwdb user_35t_wrapper_11
TRACE::2025-08-17.00:41:44::SCWPlatform::Found the Hw Db part of the input DSA
TRACE::2025-08-17.00:41:44::SCWPlatform::Trying to open the hw design at C:/Users/ilpes/Desktop/Antenne_e_clocks/McDMA_workspace/McDMA_v2_TF/hw/McDMA_v2_TF.xsa
TRACE::2025-08-17.00:41:44::SCWPlatform::DSA given C:/Users/ilpes/Desktop/Antenne_e_clocks/McDMA_workspace/McDMA_v2_TF/hw/McDMA_v2_TF.xsa
TRACE::2025-08-17.00:41:44::SCWPlatform::DSA absoulate path C:/Users/ilpes/Desktop/Antenne_e_clocks/McDMA_workspace/McDMA_v2_TF/hw/McDMA_v2_TF.xsa
TRACE::2025-08-17.00:41:44::SCWPlatform::DSA directory C:/Users/ilpes/Desktop/Antenne_e_clocks/McDMA_workspace/McDMA_v2_TF/hw
TRACE::2025-08-17.00:41:44::SCWPlatform:: Platform Path C:/Users/ilpes/Desktop/Antenne_e_clocks/McDMA_workspace/McDMA_v2_TF/hw/McDMA_v2_TF.xsa
TRACE::2025-08-17.00:41:44::SCWPlatform:: Unique name xilinx:cmod_a7-35t::0.0
TRACE::2025-08-17.00:41:44::SCWPlatform::Trying to set the existing hwdb with name user_35t_wrapper_11
TRACE::2025-08-17.00:41:44::SCWPlatform::Opened existing hwdb user_35t_wrapper_11
TRACE::2025-08-17.00:41:44::SCWPlatform::Found the Hw Db part of the input DSA
TRACE::2025-08-17.00:41:44::SCWPlatform::Trying to open the hw design at C:/Users/ilpes/Desktop/Antenne_e_clocks/McDMA_workspace/McDMA_v2_TF/hw/McDMA_v2_TF.xsa
TRACE::2025-08-17.00:41:44::SCWPlatform::DSA given C:/Users/ilpes/Desktop/Antenne_e_clocks/McDMA_workspace/McDMA_v2_TF/hw/McDMA_v2_TF.xsa
TRACE::2025-08-17.00:41:44::SCWPlatform::DSA absoulate path C:/Users/ilpes/Desktop/Antenne_e_clocks/McDMA_workspace/McDMA_v2_TF/hw/McDMA_v2_TF.xsa
TRACE::2025-08-17.00:41:44::SCWPlatform::DSA directory C:/Users/ilpes/Desktop/Antenne_e_clocks/McDMA_workspace/McDMA_v2_TF/hw
TRACE::2025-08-17.00:41:44::SCWPlatform:: Platform Path C:/Users/ilpes/Desktop/Antenne_e_clocks/McDMA_workspace/McDMA_v2_TF/hw/McDMA_v2_TF.xsa
TRACE::2025-08-17.00:41:44::SCWPlatform:: Unique name xilinx:cmod_a7-35t::0.0
TRACE::2025-08-17.00:41:44::SCWPlatform::Trying to set the existing hwdb with name user_35t_wrapper_11
TRACE::2025-08-17.00:41:44::SCWPlatform::Opened existing hwdb user_35t_wrapper_11
TRACE::2025-08-17.00:41:44::SCWPlatform::Found the Hw Db part of the input DSA
TRACE::2025-08-17.00:41:44::SCWMssOS::Checking the sw design at  C:/Users/ilpes/Desktop/Antenne_e_clocks/McDMA_workspace/McDMA_v2_TF/microblaze_0/standalone_domain/bsp/system.mss
TRACE::2025-08-17.00:41:44::SCWMssOS::DEBUG:  swdes dump  
TRACE::2025-08-17.00:41:44::SCWMssOS::No sw design opened at  C:/Users/ilpes/Desktop/Antenne_e_clocks/McDMA_workspace/McDMA_v2_TF/microblaze_0/standalone_domain/bsp/system.mss
TRACE::2025-08-17.00:41:44::SCWMssOS::mss exists loading the mss file  C:/Users/ilpes/Desktop/Antenne_e_clocks/McDMA_workspace/McDMA_v2_TF/microblaze_0/standalone_domain/bsp/system.mss
TRACE::2025-08-17.00:41:44::SCWMssOS::Opened the sw design from mss  C:/Users/ilpes/Desktop/Antenne_e_clocks/McDMA_workspace/McDMA_v2_TF/microblaze_0/standalone_domain/bsp/system.mss
TRACE::2025-08-17.00:41:44::SCWMssOS::Adding the swdes entry C:/Users/ilpes/Desktop/Antenne_e_clocks/McDMA_workspace/McDMA_v2_TF/microblaze_0/standalone_domain/bsp/system.mss with des name system
TRACE::2025-08-17.00:41:44::SCWMssOS::updating the scw layer about changes
TRACE::2025-08-17.00:41:44::SCWMssOS::Opened the sw design.  C:/Users/ilpes/Desktop/Antenne_e_clocks/McDMA_workspace/McDMA_v2_TF/microblaze_0/standalone_domain/bsp/system.mss
TRACE::2025-08-17.00:41:44::SCWMssOS::Saving the mss changes C:/Users/ilpes/Desktop/Antenne_e_clocks/McDMA_workspace/McDMA_v2_TF/microblaze_0/standalone_domain/bsp/system.mss
TRACE::2025-08-17.00:41:44::SCWMssOS::Found a swdesign opened with the mssfile.
TRACE::2025-08-17.00:41:44::SCWMssOS::Completed writemss as part of save.
TRACE::2025-08-17.00:41:44::SCWMssOS::Commit changes completed.
TRACE::2025-08-17.00:41:44::SCWReader::Adding prebuilt librarypaths as   
TRACE::2025-08-17.00:41:44::SCWReader::Adding prebuilt incpaths  as   
TRACE::2025-08-17.00:41:44::SCWPlatform::Trying to open the hw design at C:/Users/ilpes/Desktop/Antenne_e_clocks/McDMA_workspace/McDMA_v2_TF/hw/McDMA_v2_TF.xsa
TRACE::2025-08-17.00:41:44::SCWPlatform::DSA given C:/Users/ilpes/Desktop/Antenne_e_clocks/McDMA_workspace/McDMA_v2_TF/hw/McDMA_v2_TF.xsa
TRACE::2025-08-17.00:41:44::SCWPlatform::DSA absoulate path C:/Users/ilpes/Desktop/Antenne_e_clocks/McDMA_workspace/McDMA_v2_TF/hw/McDMA_v2_TF.xsa
TRACE::2025-08-17.00:41:44::SCWPlatform::DSA directory C:/Users/ilpes/Desktop/Antenne_e_clocks/McDMA_workspace/McDMA_v2_TF/hw
TRACE::2025-08-17.00:41:44::SCWPlatform:: Platform Path C:/Users/ilpes/Desktop/Antenne_e_clocks/McDMA_workspace/McDMA_v2_TF/hw/McDMA_v2_TF.xsa
TRACE::2025-08-17.00:41:44::SCWPlatform:: Unique name xilinx:cmod_a7-35t::0.0
TRACE::2025-08-17.00:41:44::SCWPlatform::Trying to set the existing hwdb with name user_35t_wrapper_11
TRACE::2025-08-17.00:41:44::SCWPlatform::Opened existing hwdb user_35t_wrapper_11
TRACE::2025-08-17.00:41:44::SCWPlatform::Found the Hw Db part of the input DSA
TRACE::2025-08-17.00:41:44::SCWMssOS::Checking the sw design at  C:/Users/ilpes/Desktop/Antenne_e_clocks/McDMA_workspace/McDMA_v2_TF/microblaze_0/standalone_domain/bsp/system.mss
TRACE::2025-08-17.00:41:44::SCWMssOS::DEBUG:  swdes dump  C:/Users/ilpes/Desktop/Antenne_e_clocks/McDMA_workspace/McDMA_v2_TF/microblaze_0/standalone_domain/bsp/system.mss|system||

TRACE::2025-08-17.00:41:44::SCWMssOS::Sw design exists and opened at  C:/Users/ilpes/Desktop/Antenne_e_clocks/McDMA_workspace/McDMA_v2_TF/microblaze_0/standalone_domain/bsp/system.mss
TRACE::2025-08-17.00:41:44::SCWReader::No isolation master present  
LOG::2025-08-17.00:42:49::SCWPlatform::Started generating the artifacts platform McDMA_v2_TF
TRACE::2025-08-17.00:42:49::SCWPlatform::Sanity checking of platform is completed
LOG::2025-08-17.00:42:49::SCWPlatform::Started generating the artifacts for system configuration McDMA_v2_TF
LOG::2025-08-17.00:42:49::SCWSystem::Checking the domain standalone_domain
LOG::2025-08-17.00:42:49::SCWSystem::Not a boot domain 
LOG::2025-08-17.00:42:49::SCWSystem::Started Processing the domain standalone_domain
TRACE::2025-08-17.00:42:49::SCWDomain::Generating domain artifcats
TRACE::2025-08-17.00:42:49::SCWMssOS::Generating standalone artifcats
TRACE::2025-08-17.00:42:49::SCWMssOS:: Copying the user libraries. 
TRACE::2025-08-17.00:42:49::SCWPlatform::Trying to open the hw design at C:/Users/ilpes/Desktop/Antenne_e_clocks/McDMA_workspace/McDMA_v2_TF/hw/McDMA_v2_TF.xsa
TRACE::2025-08-17.00:42:49::SCWPlatform::DSA given C:/Users/ilpes/Desktop/Antenne_e_clocks/McDMA_workspace/McDMA_v2_TF/hw/McDMA_v2_TF.xsa
TRACE::2025-08-17.00:42:49::SCWPlatform::DSA absoulate path C:/Users/ilpes/Desktop/Antenne_e_clocks/McDMA_workspace/McDMA_v2_TF/hw/McDMA_v2_TF.xsa
TRACE::2025-08-17.00:42:49::SCWPlatform::DSA directory C:/Users/ilpes/Desktop/Antenne_e_clocks/McDMA_workspace/McDMA_v2_TF/hw
TRACE::2025-08-17.00:42:49::SCWPlatform:: Platform Path C:/Users/ilpes/Desktop/Antenne_e_clocks/McDMA_workspace/McDMA_v2_TF/hw/McDMA_v2_TF.xsa
TRACE::2025-08-17.00:42:49::SCWPlatform:: Unique name xilinx:cmod_a7-35t::0.0
TRACE::2025-08-17.00:42:49::SCWPlatform::Trying to set the existing hwdb with name user_35t_wrapper_11
TRACE::2025-08-17.00:42:49::SCWPlatform::Opened existing hwdb user_35t_wrapper_11
TRACE::2025-08-17.00:42:49::SCWPlatform::Found the Hw Db part of the input DSA
TRACE::2025-08-17.00:42:49::SCWMssOS::Checking the sw design at  C:/Users/ilpes/Desktop/Antenne_e_clocks/McDMA_workspace/McDMA_v2_TF/microblaze_0/standalone_domain/bsp/system.mss
TRACE::2025-08-17.00:42:49::SCWMssOS::DEBUG:  swdes dump  C:/Users/ilpes/Desktop/Antenne_e_clocks/McDMA_workspace/McDMA_v2_TF/microblaze_0/standalone_domain/bsp/system.mss|system||

TRACE::2025-08-17.00:42:49::SCWMssOS::Sw design exists and opened at  C:/Users/ilpes/Desktop/Antenne_e_clocks/McDMA_workspace/McDMA_v2_TF/microblaze_0/standalone_domain/bsp/system.mss
TRACE::2025-08-17.00:42:49::SCWMssOS::Completed writing the mss file at C:/Users/ilpes/Desktop/Antenne_e_clocks/McDMA_workspace/McDMA_v2_TF/microblaze_0/standalone_domain/bsp
TRACE::2025-08-17.00:42:49::SCWMssOS::Mss edits present, copying mssfile into export location C:/Users/ilpes/Desktop/Antenne_e_clocks/McDMA_workspace/McDMA_v2_TF/microblaze_0/standalone_domain/bsp/system.mss
TRACE::2025-08-17.00:42:49::SCWMssOS::bsp generated is upto date with the mss file. Skipping bsp generation.
TRACE::2025-08-17.00:42:49::SCWMssOS::BSP is already built. skipping the bsp build ... 
TRACE::2025-08-17.00:42:49::SCWDomain::Building the domain as part of full build :  standalone_domain
TRACE::2025-08-17.00:42:49::SCWMssOS::doing bsp build ... 
TRACE::2025-08-17.00:42:49::SCWMssOS::System Command Ran  C: & cd  C:/Users/ilpes/Desktop/Antenne_e_clocks/McDMA_workspace/McDMA_v2_TF/microblaze_0/standalone_domain/bsp & make 
TRACE::2025-08-17.00:42:49::SCWMssOS::make --no-print-directory seq_libs

TRACE::2025-08-17.00:42:49::SCWMssOS::'Finished building libraries sequentially.'

TRACE::2025-08-17.00:42:49::SCWMssOS::make -j --no-print-directory par_libs

TRACE::2025-08-17.00:42:49::SCWMssOS::"Running Make include in microblaze_0/libsrc/axidma_v9_12/src"

TRACE::2025-08-17.00:42:49::SCWMssOS::make -C microblaze_0/libsrc/axidma_v9_12/src -s include  "SHELL=CMD" "COMPILER=mb-gcc" "ASSEMBLER=mb-as" "ARCHIVER=mb-ar" "COMP
TRACE::2025-08-17.00:42:49::SCWMssOS::ILER_FLAGS=  -O2 -c -mcpu=v11.0 -mlittle-endian -mno-xl-soft-div -mno-xl-soft-mul -mxl-barrel-shift -mxl-pattern-compare" "EXTR
TRACE::2025-08-17.00:42:49::SCWMssOS::A_COMPILER_FLAGS=-g -ffunction-sections -fdata-sections -Wall -Wextra"

TRACE::2025-08-17.00:42:49::SCWMssOS::"Running Make include in microblaze_0/libsrc/bram_v4_5/src"

TRACE::2025-08-17.00:42:49::SCWMssOS::make -C microblaze_0/libsrc/bram_v4_5/src -s include  "SHELL=CMD" "COMPILER=mb-gcc" "ASSEMBLER=mb-as" "ARCHIVER=mb-ar" "COMPILE
TRACE::2025-08-17.00:42:49::SCWMssOS::R_FLAGS=  -O2 -c -mcpu=v11.0 -mlittle-endian -mno-xl-soft-div -mno-xl-soft-mul -mxl-barrel-shift -mxl-pattern-compare" "EXTRA_C
TRACE::2025-08-17.00:42:49::SCWMssOS::OMPILER_FLAGS=-g -ffunction-sections -fdata-sections -Wall -Wextra"

TRACE::2025-08-17.00:42:49::SCWMssOS::"Running Make include in microblaze_0/libsrc/cpu_v2_12/src"

TRACE::2025-08-17.00:42:49::SCWMssOS::make -C microblaze_0/libsrc/cpu_v2_12/src -s include  "SHELL=CMD" "COMPILER=mb-gcc" "ASSEMBLER=mb-as" "ARCHIVER=mb-ar" "COMPILE
TRACE::2025-08-17.00:42:49::SCWMssOS::R_FLAGS=  -O2 -c -mcpu=v11.0 -mlittle-endian -mno-xl-soft-div -mno-xl-soft-mul -mxl-barrel-shift -mxl-pattern-compare" "EXTRA_C
TRACE::2025-08-17.00:42:49::SCWMssOS::OMPILER_FLAGS=-g -ffunction-sections -fdata-sections -Wall -Wextra"

TRACE::2025-08-17.00:42:49::SCWMssOS::"Running Make include in microblaze_0/libsrc/gpio_v4_7/src"

TRACE::2025-08-17.00:42:50::SCWMssOS::make -C microblaze_0/libsrc/gpio_v4_7/src -s include  "SHELL=CMD" "COMPILER=mb-gcc" "ASSEMBLER=mb-as" "ARCHIVER=mb-ar" "COMPILE
TRACE::2025-08-17.00:42:50::SCWMssOS::R_FLAGS=  -O2 -c -mcpu=v11.0 -mlittle-endian -mno-xl-soft-div -mno-xl-soft-mul -mxl-barrel-shift -mxl-pattern-compare" "EXTRA_C
TRACE::2025-08-17.00:42:50::SCWMssOS::OMPILER_FLAGS=-g -ffunction-sections -fdata-sections -Wall -Wextra"

TRACE::2025-08-17.00:42:50::SCWMssOS::"Running Make include in microblaze_0/libsrc/iic_v3_7/src"

TRACE::2025-08-17.00:42:50::SCWMssOS::make -C microblaze_0/libsrc/iic_v3_7/src -s include  "SHELL=CMD" "COMPILER=mb-gcc" "ASSEMBLER=mb-as" "ARCHIVER=mb-ar" "COMPILER
TRACE::2025-08-17.00:42:50::SCWMssOS::_FLAGS=  -O2 -c -mcpu=v11.0 -mlittle-endian -mno-xl-soft-div -mno-xl-soft-mul -mxl-barrel-shift -mxl-pattern-compare" "EXTRA_CO
TRACE::2025-08-17.00:42:50::SCWMssOS::MPILER_FLAGS=-g -ffunction-sections -fdata-sections -Wall -Wextra"

TRACE::2025-08-17.00:42:50::SCWMssOS::"Running Make include in microblaze_0/libsrc/intc_v3_12/src"

TRACE::2025-08-17.00:42:50::SCWMssOS::make -C microblaze_0/libsrc/intc_v3_12/src -s include  "SHELL=CMD" "COMPILER=mb-gcc" "ASSEMBLER=mb-as" "ARCHIVER=mb-ar" "COMPIL
TRACE::2025-08-17.00:42:50::SCWMssOS::ER_FLAGS=  -O2 -c -mcpu=v11.0 -mlittle-endian -mno-xl-soft-div -mno-xl-soft-mul -mxl-barrel-shift -mxl-pattern-compare" "EXTRA_
TRACE::2025-08-17.00:42:50::SCWMssOS::COMPILER_FLAGS=-g -ffunction-sections -fdata-sections -Wall -Wextra"

TRACE::2025-08-17.00:42:50::SCWMssOS::"Running Make include in microblaze_0/libsrc/spi_v4_7/src"

TRACE::2025-08-17.00:42:50::SCWMssOS::make -C microblaze_0/libsrc/spi_v4_7/src -s include  "SHELL=CMD" "COMPILER=mb-gcc" "ASSEMBLER=mb-as" "ARCHIVER=mb-ar" "COMPILER
TRACE::2025-08-17.00:42:50::SCWMssOS::_FLAGS=  -O2 -c -mcpu=v11.0 -mlittle-endian -mno-xl-soft-div -mno-xl-soft-mul -mxl-barrel-shift -mxl-pattern-compare" "EXTRA_CO
TRACE::2025-08-17.00:42:50::SCWMssOS::MPILER_FLAGS=-g -ffunction-sections -fdata-sections -Wall -Wextra"

TRACE::2025-08-17.00:42:50::SCWMssOS::"Running Make include in microblaze_0/libsrc/standalone_v7_3/src"

TRACE::2025-08-17.00:42:50::SCWMssOS::make -C microblaze_0/libsrc/standalone_v7_3/src -s include  "SHELL=CMD" "COMPILER=mb-gcc" "ASSEMBLER=mb-as" "ARCHIVER=mb-ar" "C
TRACE::2025-08-17.00:42:50::SCWMssOS::OMPILER_FLAGS=  -O2 -c -mcpu=v11.0 -mlittle-endian -mno-xl-soft-div -mno-xl-soft-mul -mxl-barrel-shift -mxl-pattern-compare" "E
TRACE::2025-08-17.00:42:50::SCWMssOS::XTRA_COMPILER_FLAGS=-g -ffunction-sections -fdata-sections -Wall -Wextra"

TRACE::2025-08-17.00:42:50::SCWMssOS::"Running Make include in microblaze_0/libsrc/sysmon_v7_7/src"

TRACE::2025-08-17.00:42:50::SCWMssOS::make -C microblaze_0/libsrc/sysmon_v7_7/src -s include  "SHELL=CMD" "COMPILER=mb-gcc" "ASSEMBLER=mb-as" "ARCHIVER=mb-ar" "COMPI
TRACE::2025-08-17.00:42:50::SCWMssOS::LER_FLAGS=  -O2 -c -mcpu=v11.0 -mlittle-endian -mno-xl-soft-div -mno-xl-soft-mul -mxl-barrel-shift -mxl-pattern-compare" "EXTRA
TRACE::2025-08-17.00:42:50::SCWMssOS::_COMPILER_FLAGS=-g -ffunction-sections -fdata-sections -Wall -Wextra"

TRACE::2025-08-17.00:42:50::SCWMssOS::"Running Make include in microblaze_0/libsrc/tmrctr_v4_7/src"

TRACE::2025-08-17.00:42:50::SCWMssOS::make -C microblaze_0/libsrc/tmrctr_v4_7/src -s include  "SHELL=CMD" "COMPILER=mb-gcc" "ASSEMBLER=mb-as" "ARCHIVER=mb-ar" "COMPI
TRACE::2025-08-17.00:42:50::SCWMssOS::LER_FLAGS=  -O2 -c -mcpu=v11.0 -mlittle-endian -mno-xl-soft-div -mno-xl-soft-mul -mxl-barrel-shift -mxl-pattern-compare" "EXTRA
TRACE::2025-08-17.00:42:50::SCWMssOS::_COMPILER_FLAGS=-g -ffunction-sections -fdata-sections -Wall -Wextra"

TRACE::2025-08-17.00:42:50::SCWMssOS::"Running Make include in microblaze_0/libsrc/trafgen_v4_4/src"

TRACE::2025-08-17.00:42:50::SCWMssOS::make -C microblaze_0/libsrc/trafgen_v4_4/src -s include  "SHELL=CMD" "COMPILER=mb-gcc" "ASSEMBLER=mb-as" "ARCHIVER=mb-ar" "COMP
TRACE::2025-08-17.00:42:50::SCWMssOS::ILER_FLAGS=  -O2 -c -mcpu=v11.0 -mlittle-endian -mno-xl-soft-div -mno-xl-soft-mul -mxl-barrel-shift -mxl-pattern-compare" "EXTR
TRACE::2025-08-17.00:42:50::SCWMssOS::A_COMPILER_FLAGS=-g -ffunction-sections -fdata-sections -Wall -Wextra"

TRACE::2025-08-17.00:42:50::SCWMssOS::"Running Make include in microblaze_0/libsrc/uartlite_v3_5/src"

TRACE::2025-08-17.00:42:50::SCWMssOS::make -C microblaze_0/libsrc/uartlite_v3_5/src -s include  "SHELL=CMD" "COMPILER=mb-gcc" "ASSEMBLER=mb-as" "ARCHIVER=mb-ar" "COM
TRACE::2025-08-17.00:42:50::SCWMssOS::PILER_FLAGS=  -O2 -c -mcpu=v11.0 -mlittle-endian -mno-xl-soft-div -mno-xl-soft-mul -mxl-barrel-shift -mxl-pattern-compare" "EXT
TRACE::2025-08-17.00:42:50::SCWMssOS::RA_COMPILER_FLAGS=-g -ffunction-sections -fdata-sections -Wall -Wextra"

TRACE::2025-08-17.00:42:52::SCWMssOS::"Running Make libs in microblaze_0/libsrc/axidma_v9_12/src"

TRACE::2025-08-17.00:42:52::SCWMssOS::make -C microblaze_0/libsrc/axidma_v9_12/src -s libs  "SHELL=CMD" "COMPILER=mb-gcc" "ASSEMBLER=mb-as" "ARCHIVER=mb-ar" "COMPILE
TRACE::2025-08-17.00:42:52::SCWMssOS::R_FLAGS=  -O2 -c -mcpu=v11.0 -mlittle-endian -mno-xl-soft-div -mno-xl-soft-mul -mxl-barrel-shift -mxl-pattern-compare" "EXTRA_C
TRACE::2025-08-17.00:42:52::SCWMssOS::OMPILER_FLAGS=-g -ffunction-sections -fdata-sections -Wall -Wextra"

TRACE::2025-08-17.00:42:52::SCWMssOS::"Running Make libs in microblaze_0/libsrc/bram_v4_5/src"

TRACE::2025-08-17.00:42:52::SCWMssOS::make -C microblaze_0/libsrc/bram_v4_5/src -s libs  "SHELL=CMD" "COMPILER=mb-gcc" "ASSEMBLER=mb-as" "ARCHIVER=mb-ar" "COMPILER_F
TRACE::2025-08-17.00:42:52::SCWMssOS::LAGS=  -O2 -c -mcpu=v11.0 -mlittle-endian -mno-xl-soft-div -mno-xl-soft-mul -mxl-barrel-shift -mxl-pattern-compare" "EXTRA_COMP
TRACE::2025-08-17.00:42:52::SCWMssOS::ILER_FLAGS=-g -ffunction-sections -fdata-sections -Wall -Wextra"

TRACE::2025-08-17.00:42:52::SCWMssOS::"Running Make libs in microblaze_0/libsrc/cpu_v2_12/src"

TRACE::2025-08-17.00:42:52::SCWMssOS::make -C microblaze_0/libsrc/cpu_v2_12/src -s libs  "SHELL=CMD" "COMPILER=mb-gcc" "ASSEMBLER=mb-as" "ARCHIVER=mb-ar" "COMPILER_F
TRACE::2025-08-17.00:42:52::SCWMssOS::LAGS=  -O2 -c -mcpu=v11.0 -mlittle-endian -mno-xl-soft-div -mno-xl-soft-mul -mxl-barrel-shift -mxl-pattern-compare" "EXTRA_COMP
TRACE::2025-08-17.00:42:52::SCWMssOS::ILER_FLAGS=-g -ffunction-sections -fdata-sections -Wall -Wextra"

TRACE::2025-08-17.00:42:52::SCWMssOS::"Running Make libs in microblaze_0/libsrc/gpio_v4_7/src"

TRACE::2025-08-17.00:42:52::SCWMssOS::make -C microblaze_0/libsrc/gpio_v4_7/src -s libs  "SHELL=CMD" "COMPILER=mb-gcc" "ASSEMBLER=mb-as" "ARCHIVER=mb-ar" "COMPILER_F
TRACE::2025-08-17.00:42:52::SCWMssOS::LAGS=  -O2 -c -mcpu=v11.0 -mlittle-endian -mno-xl-soft-div -mno-xl-soft-mul -mxl-barrel-shift -mxl-pattern-compare" "EXTRA_COMP
TRACE::2025-08-17.00:42:52::SCWMssOS::ILER_FLAGS=-g -ffunction-sections -fdata-sections -Wall -Wextra"

TRACE::2025-08-17.00:42:52::SCWMssOS::"Running Make libs in microblaze_0/libsrc/iic_v3_7/src"

TRACE::2025-08-17.00:42:52::SCWMssOS::make -C microblaze_0/libsrc/iic_v3_7/src -s libs  "SHELL=CMD" "COMPILER=mb-gcc" "ASSEMBLER=mb-as" "ARCHIVER=mb-ar" "COMPILER_FL
TRACE::2025-08-17.00:42:52::SCWMssOS::AGS=  -O2 -c -mcpu=v11.0 -mlittle-endian -mno-xl-soft-div -mno-xl-soft-mul -mxl-barrel-shift -mxl-pattern-compare" "EXTRA_COMPI
TRACE::2025-08-17.00:42:52::SCWMssOS::LER_FLAGS=-g -ffunction-sections -fdata-sections -Wall -Wextra"

TRACE::2025-08-17.00:42:52::SCWMssOS::"Running Make libs in microblaze_0/libsrc/intc_v3_12/src"

TRACE::2025-08-17.00:42:52::SCWMssOS::make -C microblaze_0/libsrc/intc_v3_12/src -s libs  "SHELL=CMD" "COMPILER=mb-gcc" "ASSEMBLER=mb-as" "ARCHIVER=mb-ar" "COMPILER_
TRACE::2025-08-17.00:42:52::SCWMssOS::FLAGS=  -O2 -c -mcpu=v11.0 -mlittle-endian -mno-xl-soft-div -mno-xl-soft-mul -mxl-barrel-shift -mxl-pattern-compare" "EXTRA_COM
TRACE::2025-08-17.00:42:52::SCWMssOS::PILER_FLAGS=-g -ffunction-sections -fdata-sections -Wall -Wextra"

TRACE::2025-08-17.00:42:52::SCWMssOS::"Running Make libs in microblaze_0/libsrc/spi_v4_7/src"

TRACE::2025-08-17.00:42:52::SCWMssOS::make -C microblaze_0/libsrc/spi_v4_7/src -s libs  "SHELL=CMD" "COMPILER=mb-gcc" "ASSEMBLER=mb-as" "ARCHIVER=mb-ar" "COMPILER_FL
TRACE::2025-08-17.00:42:52::SCWMssOS::AGS=  -O2 -c -mcpu=v11.0 -mlittle-endian -mno-xl-soft-div -mno-xl-soft-mul -mxl-barrel-shift -mxl-pattern-compare" "EXTRA_COMPI
TRACE::2025-08-17.00:42:52::SCWMssOS::LER_FLAGS=-g -ffunction-sections -fdata-sections -Wall -Wextra"

TRACE::2025-08-17.00:42:52::SCWMssOS::"Running Make libs in microblaze_0/libsrc/standalone_v7_3/src"

TRACE::2025-08-17.00:42:53::SCWMssOS::make -C microblaze_0/libsrc/standalone_v7_3/src -s libs  "SHELL=CMD" "COMPILER=mb-gcc" "ASSEMBLER=mb-as" "ARCHIVER=mb-ar" "COMP
TRACE::2025-08-17.00:42:53::SCWMssOS::ILER_FLAGS=  -O2 -c -mcpu=v11.0 -mlittle-endian -mno-xl-soft-div -mno-xl-soft-mul -mxl-barrel-shift -mxl-pattern-compare" "EXTR
TRACE::2025-08-17.00:42:53::SCWMssOS::A_COMPILER_FLAGS=-g -ffunction-sections -fdata-sections -Wall -Wextra"

TRACE::2025-08-17.00:42:53::SCWMssOS::"Running Make libs in microblaze_0/libsrc/sysmon_v7_7/src"

TRACE::2025-08-17.00:42:53::SCWMssOS::make -C microblaze_0/libsrc/sysmon_v7_7/src -s libs  "SHELL=CMD" "COMPILER=mb-gcc" "ASSEMBLER=mb-as" "ARCHIVER=mb-ar" "COMPILER
TRACE::2025-08-17.00:42:53::SCWMssOS::_FLAGS=  -O2 -c -mcpu=v11.0 -mlittle-endian -mno-xl-soft-div -mno-xl-soft-mul -mxl-barrel-shift -mxl-pattern-compare" "EXTRA_CO
TRACE::2025-08-17.00:42:53::SCWMssOS::MPILER_FLAGS=-g -ffunction-sections -fdata-sections -Wall -Wextra"

TRACE::2025-08-17.00:42:53::SCWMssOS::"Running Make libs in microblaze_0/libsrc/tmrctr_v4_7/src"

TRACE::2025-08-17.00:42:53::SCWMssOS::make -C microblaze_0/libsrc/tmrctr_v4_7/src -s libs  "SHELL=CMD" "COMPILER=mb-gcc" "ASSEMBLER=mb-as" "ARCHIVER=mb-ar" "COMPILER
TRACE::2025-08-17.00:42:53::SCWMssOS::_FLAGS=  -O2 -c -mcpu=v11.0 -mlittle-endian -mno-xl-soft-div -mno-xl-soft-mul -mxl-barrel-shift -mxl-pattern-compare" "EXTRA_CO
TRACE::2025-08-17.00:42:53::SCWMssOS::MPILER_FLAGS=-g -ffunction-sections -fdata-sections -Wall -Wextra"

TRACE::2025-08-17.00:42:53::SCWMssOS::"Running Make libs in microblaze_0/libsrc/trafgen_v4_4/src"

TRACE::2025-08-17.00:42:53::SCWMssOS::make -C microblaze_0/libsrc/trafgen_v4_4/src -s libs  "SHELL=CMD" "COMPILER=mb-gcc" "ASSEMBLER=mb-as" "ARCHIVER=mb-ar" "COMPILE
TRACE::2025-08-17.00:42:53::SCWMssOS::R_FLAGS=  -O2 -c -mcpu=v11.0 -mlittle-endian -mno-xl-soft-div -mno-xl-soft-mul -mxl-barrel-shift -mxl-pattern-compare" "EXTRA_C
TRACE::2025-08-17.00:42:53::SCWMssOS::OMPILER_FLAGS=-g -ffunction-sections -fdata-sections -Wall -Wextra"

TRACE::2025-08-17.00:42:53::SCWMssOS::"Running Make libs in microblaze_0/libsrc/uartlite_v3_5/src"

TRACE::2025-08-17.00:42:53::SCWMssOS::make -C microblaze_0/libsrc/uartlite_v3_5/src -s libs  "SHELL=CMD" "COMPILER=mb-gcc" "ASSEMBLER=mb-as" "ARCHIVER=mb-ar" "COMPIL
TRACE::2025-08-17.00:42:53::SCWMssOS::ER_FLAGS=  -O2 -c -mcpu=v11.0 -mlittle-endian -mno-xl-soft-div -mno-xl-soft-mul -mxl-barrel-shift -mxl-pattern-compare" "EXTRA_
TRACE::2025-08-17.00:42:53::SCWMssOS::COMPILER_FLAGS=-g -ffunction-sections -fdata-sections -Wall -Wextra"

TRACE::2025-08-17.00:42:53::SCWMssOS::'Finished building libraries parallelly.'

TRACE::2025-08-17.00:42:53::SCWMssOS::make --no-print-directory archive

TRACE::2025-08-17.00:42:53::SCWMssOS::mb-ar -r  microblaze_0/lib/libxil.a microblaze_0/lib/xtmrctr_l.o microblaze_0/lib/xplatform_info.o microblaze_0/lib/xtmrctr_opt
TRACE::2025-08-17.00:42:53::SCWMssOS::ions.o microblaze_0/lib/microblaze_disable_exceptions.o microblaze_0/lib/print.o microblaze_0/lib/xspi_options.o microblaze_0/l
TRACE::2025-08-17.00:42:53::SCWMssOS::ib/xil_testio.o microblaze_0/lib/microblaze_disable_dcache.o microblaze_0/lib/microblaze_flush_dcache_range.o microblaze_0/lib/
TRACE::2025-08-17.00:42:53::SCWMssOS::xspi_g.o microblaze_0/lib/microblaze_flush_cache_ext.o microblaze_0/lib/xspi.o microblaze_0/lib/xspi_sinit.o microblaze_0/lib/i
TRACE::2025-08-17.00:42:53::SCWMssOS::nbyte.o microblaze_0/lib/xtrafgen_g.o microblaze_0/lib/xil_misc_psreset_api.o microblaze_0/lib/xspi_selftest.o microblaze_0/lib
TRACE::2025-08-17.00:42:53::SCWMssOS::/xsysmon_g.o microblaze_0/lib/xil_cache.o microblaze_0/lib/xil_util.o microblaze_0/lib/xiic_g.o microblaze_0/lib/xiic_multi_mas
TRACE::2025-08-17.00:42:53::SCWMssOS::ter.o microblaze_0/lib/xiic_sinit.o microblaze_0/lib/microblaze_exception_handler.o microblaze_0/lib/xbram_g.o microblaze_0/lib
TRACE::2025-08-17.00:42:53::SCWMssOS::/xbram_sinit.o microblaze_0/lib/xtrafgen.o microblaze_0/lib/microblaze_scrub.o microblaze_0/lib/xtmrctr_intr.o microblaze_0/lib
TRACE::2025-08-17.00:42:53::SCWMssOS::/microblaze_invalidate_dcache.o microblaze_0/lib/microblaze_disable_interrupts.o microblaze_0/lib/xbram_selftest.o microblaze_0
TRACE::2025-08-17.00:42:53::SCWMssOS::/lib/microblaze_interrupt_handler.o microblaze_0/lib/microblaze_disable_icache.o microblaze_0/lib/xaxidma_sinit.o microblaze_0/
TRACE::2025-08-17.00:42:53::SCWMssOS::lib/xsysmon_intr.o microblaze_0/lib/xgpio_g.o microblaze_0/lib/xuartlite_g.o microblaze_0/lib/xtmrctr_stats.o microblaze_0/lib/
TRACE::2025-08-17.00:42:53::SCWMssOS::xaxidma_selftest.o microblaze_0/lib/xiic_master.o microblaze_0/lib/xspi_stats.o microblaze_0/lib/microblaze_flush_cache_ext_ran
TRACE::2025-08-17.00:42:53::SCWMssOS::ge.o microblaze_0/lib/xaxidma_bd.o microblaze_0/lib/xiic_intr.o microblaze_0/lib/xbram_intr.o microblaze_0/lib/xil_sleepcommon.
TRACE::2025-08-17.00:42:53::SCWMssOS::o microblaze_0/lib/xil_printf.o microblaze_0/lib/xintc_g.o microblaze_0/lib/xintc_selftest.o microblaze_0/lib/xintc_l.o microbl
TRACE::2025-08-17.00:42:53::SCWMssOS::aze_0/lib/outbyte.o microblaze_0/lib/xgpio_extra.o microblaze_0/lib/xgpio_intr.o microblaze_0/lib/xiic_slave.o microblaze_0/lib
TRACE::2025-08-17.00:42:53::SCWMssOS::/microblaze_invalidate_dcache_range.o microblaze_0/lib/xil_testmem.o microblaze_0/lib/microblaze_invalidate_cache_ext.o microbl
TRACE::2025-08-17.00:42:53::SCWMssOS::aze_0/lib/microblaze_sleep.o microblaze_0/lib/xuartlite_sinit.o microblaze_0/lib/hw_exception_handler.o microblaze_0/lib/xtmrct
TRACE::2025-08-17.00:42:53::SCWMssOS::r.o microblaze_0/lib/xintc_options.o microblaze_0/lib/xuartlite_selftest.o microblaze_0/lib/xgpio_sinit.o microblaze_0/lib/xuar
TRACE::2025-08-17.00:42:53::SCWMssOS::tlite.o microblaze_0/lib/microblaze_update_dcache.o microblaze_0/lib/xaxidma_g.o microblaze_0/lib/xil_testcache.o microblaze_0/
TRACE::2025-08-17.00:42:53::SCWMssOS::lib/microblaze_selftest.o microblaze_0/lib/microblaze_interrupts_g.o microblaze_0/lib/microblaze_enable_exceptions.o microblaze
TRACE::2025-08-17.00:42:53::SCWMssOS::_0/lib/xil_mem.o microblaze_0/lib/xsysmon_sinit.o microblaze_0/lib/xtmrctr_g.o microblaze_0/lib/microblaze_enable_dcache.o micr
TRACE::2025-08-17.00:42:53::SCWMssOS::oblaze_0/lib/xiic_l.o microblaze_0/lib/_exit.o microblaze_0/lib/xuartlite_intr.o microblaze_0/lib/microblaze_invalidate_icache_
TRACE::2025-08-17.00:42:53::SCWMssOS::range.o microblaze_0/lib/xtmrctr_selftest.o microblaze_0/lib/xgpio.o microblaze_0/lib/microblaze_init_dcache_range.o microblaze
TRACE::2025-08-17.00:42:53::SCWMssOS::_0/lib/microblaze_invalidate_icache.o microblaze_0/lib/xaxidma.o microblaze_0/lib/errno.o microblaze_0/lib/xiic_dyn_master.o mi
TRACE::2025-08-17.00:42:53::SCWMssOS::croblaze_0/lib/xintc.o microblaze_0/lib/xuartlite_stats.o microblaze_0/lib/microblaze_invalidate_cache_ext_range.o microblaze_0
TRACE::2025-08-17.00:42:53::SCWMssOS::/lib/xintc_intr.o microblaze_0/lib/xil_exception.o microblaze_0/lib/pvr.o microblaze_0/lib/xbram.o microblaze_0/lib/xiic_option
TRACE::2025-08-17.00:42:53::SCWMssOS::s.o microblaze_0/lib/xtrafgen_sinit.o microblaze_0/lib/microblaze_update_icache.o microblaze_0/lib/microblaze_flush_dcache.o mi
TRACE::2025-08-17.00:42:53::SCWMssOS::croblaze_0/lib/xil_clocking.o microblaze_0/lib/xil_assert.o microblaze_0/lib/xiic_stats.o microblaze_0/lib/microblaze_enable_in
TRACE::2025-08-17.00:42:53::SCWMssOS::terrupts.o microblaze_0/lib/xio.o microblaze_0/lib/microblaze_enable_icache.o microblaze_0/lib/xiic.o microblaze_0/lib/xsysmon.
TRACE::2025-08-17.00:42:53::SCWMssOS::o microblaze_0/lib/microblaze_init_icache_range.o microblaze_0/lib/xaxidma_bdring.o microblaze_0/lib/xuartlite_l.o microblaze_0
TRACE::2025-08-17.00:42:53::SCWMssOS::/lib/xtmrctr_sinit.o microblaze_0/lib/xiic_selftest.o microblaze_0/lib/xsysmon_selftest.o microblaze_0/lib/fcntl.o microblaze_0
TRACE::2025-08-17.00:42:53::SCWMssOS::/lib/xgpio_selftest.o

TRACE::2025-08-17.00:42:56::SCWMssOS::'Finished building libraries'

TRACE::2025-08-17.00:42:56::SCWMssOS::Copying to export directory.
TRACE::2025-08-17.00:42:57::SCWMssOS:: Checking if to create the Supporting Applications
TRACE::2025-08-17.00:42:57::SCWMssOS:: No Linux domain exists, trying to generate FSBL 
LOG::2025-08-17.00:42:57::SCWSystem::Completed Processing the domain standalone_domain
LOG::2025-08-17.00:42:57::SCWSystem::Completed Processing the sysconfig McDMA_v2_TF
LOG::2025-08-17.00:42:57::SCWPlatform::Completed generating the artifacts for system configuration McDMA_v2_TF
TRACE::2025-08-17.00:42:57::SCWPlatform::Started preparing the platform 
TRACE::2025-08-17.00:42:57::SCWSystem::Writing the bif file for system config McDMA_v2_TF
TRACE::2025-08-17.00:42:57::SCWSystem::dir created 
TRACE::2025-08-17.00:42:57::SCWSystem::Writing the bif 
TRACE::2025-08-17.00:42:57::SCWPlatform::Started writing the spfm file 
TRACE::2025-08-17.00:42:57::SCWPlatform::Started writing the xpfm file 
TRACE::2025-08-17.00:42:57::SCWPlatform::Completed generating the platform
TRACE::2025-08-17.00:42:57::SCWMssOS::Saving the mss changes C:/Users/ilpes/Desktop/Antenne_e_clocks/McDMA_workspace/McDMA_v2_TF/microblaze_0/standalone_domain/bsp/system.mss
TRACE::2025-08-17.00:42:57::SCWMssOS::Found a swdesign opened with the mssfile.
TRACE::2025-08-17.00:42:57::SCWMssOS::Completed writemss as part of save.
TRACE::2025-08-17.00:42:57::SCWMssOS::Commit changes completed.
TRACE::2025-08-17.00:42:57::SCWPlatform::Trying to open the hw design at C:/Users/ilpes/Desktop/Antenne_e_clocks/McDMA_workspace/McDMA_v2_TF/hw/McDMA_v2_TF.xsa
TRACE::2025-08-17.00:42:57::SCWPlatform::DSA given C:/Users/ilpes/Desktop/Antenne_e_clocks/McDMA_workspace/McDMA_v2_TF/hw/McDMA_v2_TF.xsa
TRACE::2025-08-17.00:42:57::SCWPlatform::DSA absoulate path C:/Users/ilpes/Desktop/Antenne_e_clocks/McDMA_workspace/McDMA_v2_TF/hw/McDMA_v2_TF.xsa
TRACE::2025-08-17.00:42:57::SCWPlatform::DSA directory C:/Users/ilpes/Desktop/Antenne_e_clocks/McDMA_workspace/McDMA_v2_TF/hw
TRACE::2025-08-17.00:42:57::SCWPlatform:: Platform Path C:/Users/ilpes/Desktop/Antenne_e_clocks/McDMA_workspace/McDMA_v2_TF/hw/McDMA_v2_TF.xsa
TRACE::2025-08-17.00:42:57::SCWPlatform:: Unique name xilinx:cmod_a7-35t::0.0
TRACE::2025-08-17.00:42:57::SCWPlatform::Trying to set the existing hwdb with name user_35t_wrapper_11
TRACE::2025-08-17.00:42:57::SCWPlatform::Opened existing hwdb user_35t_wrapper_11
TRACE::2025-08-17.00:42:57::SCWPlatform::Found the Hw Db part of the input DSA
TRACE::2025-08-17.00:42:57::SCWMssOS::Checking the sw design at  C:/Users/ilpes/Desktop/Antenne_e_clocks/McDMA_workspace/McDMA_v2_TF/microblaze_0/standalone_domain/bsp/system.mss
TRACE::2025-08-17.00:42:57::SCWMssOS::DEBUG:  swdes dump  C:/Users/ilpes/Desktop/Antenne_e_clocks/McDMA_workspace/McDMA_v2_TF/microblaze_0/standalone_domain/bsp/system.mss|system||

TRACE::2025-08-17.00:42:57::SCWMssOS::Sw design exists and opened at  C:/Users/ilpes/Desktop/Antenne_e_clocks/McDMA_workspace/McDMA_v2_TF/microblaze_0/standalone_domain/bsp/system.mss
TRACE::2025-08-17.00:42:57::SCWWriter::formatted JSON is {
	"platformName":	"McDMA_v2_TF",
	"sprVersion":	"2.0",
	"mode":	"cmd",
	"dsaType":	"Fixed",
	"platformDesc":	"McDMA_v2_TF",
	"platHandOff":	"C:/Users/ilpes/Desktop/INSEGNAMENTO/Didattica2023/McDMA/McDMA_v2/McDMA_v2_TF.xsa",
	"platIntHandOff":	"<platformDir>/hw/McDMA_v2_TF.xsa",
	"deviceType":	"FPGA",
	"platIsPrebuiltAutogen":	"false",
	"platIsNoBootBsp":	"false",
	"hasFsblMakeHasChanges":	"false",
	"hasPmufwMakeHasChanges":	"false",
	"platPreBuiltFlag":	false,
	"platformSamplesDir":	"",
	"platActiveSys":	"McDMA_v2_TF",
	"systems":	[{
			"systemName":	"McDMA_v2_TF",
			"systemDesc":	"McDMA_v2_TF",
			"sysIsBootAutoGen":	"true",
			"systemDispName":	"McDMA_v2_TF",
			"sysActiveDom":	"standalone_domain",
			"sysDefaultDom":	"standalone_domain",
			"domains":	[{
					"domainName":	"standalone_domain",
					"domainDispName":	"standalone on microblaze_0",
					"domainDesc":	"standalone_domain",
					"processors":	"microblaze_0",
					"os":	"standalone",
					"sdxOs":	"standalone",
					"debugEnable":	"False",
					"domRuntimes":	["cpp"],
					"swRepo":	"",
					"mssOsVer":	"7.3",
					"mssFile":	"",
					"md5Digest":	"b556b028d03c86c66c02c5206503ee30",
					"compatibleApp":	"",
					"domType":	"mssDomain",
					"arch":	"32-bit",
					"appSettings":	{
						"appCompilerFlags":	"",
						"appLinkerFlags":	""
					},
					"addedLibs":	[],
					"libOptions":	{
						"libsContainingOptions":	[]
					},
					"prebuiltLibs":	{
						"prebuiltIncPath":	[],
						"prebuiltLibPath":	[]
					},
					"isolation":	{
					}
				}]
		}]
}
KEYINFO::2025-08-17.00:42:57::SCWPlatform::updated the xpfm file.
TRACE::2025-08-17.00:42:57::SCWPlatform::Trying to open the hw design at C:/Users/ilpes/Desktop/Antenne_e_clocks/McDMA_workspace/McDMA_v2_TF/hw/McDMA_v2_TF.xsa
TRACE::2025-08-17.00:42:57::SCWPlatform::DSA given C:/Users/ilpes/Desktop/Antenne_e_clocks/McDMA_workspace/McDMA_v2_TF/hw/McDMA_v2_TF.xsa
TRACE::2025-08-17.00:42:57::SCWPlatform::DSA absoulate path C:/Users/ilpes/Desktop/Antenne_e_clocks/McDMA_workspace/McDMA_v2_TF/hw/McDMA_v2_TF.xsa
TRACE::2025-08-17.00:42:57::SCWPlatform::DSA directory C:/Users/ilpes/Desktop/Antenne_e_clocks/McDMA_workspace/McDMA_v2_TF/hw
TRACE::2025-08-17.00:42:57::SCWPlatform:: Platform Path C:/Users/ilpes/Desktop/Antenne_e_clocks/McDMA_workspace/McDMA_v2_TF/hw/McDMA_v2_TF.xsa
TRACE::2025-08-17.00:42:57::SCWPlatform:: Unique name xilinx:cmod_a7-35t::0.0
TRACE::2025-08-17.00:42:57::SCWPlatform::Trying to set the existing hwdb with name user_35t_wrapper_11
TRACE::2025-08-17.00:42:57::SCWPlatform::Opened existing hwdb user_35t_wrapper_11
TRACE::2025-08-17.00:42:57::SCWPlatform::Found the Hw Db part of the input DSA
TRACE::2025-08-17.00:42:57::SCWMssOS::Checking the sw design at  C:/Users/ilpes/Desktop/Antenne_e_clocks/McDMA_workspace/McDMA_v2_TF/microblaze_0/standalone_domain/bsp/system.mss
TRACE::2025-08-17.00:42:57::SCWMssOS::DEBUG:  swdes dump  C:/Users/ilpes/Desktop/Antenne_e_clocks/McDMA_workspace/McDMA_v2_TF/microblaze_0/standalone_domain/bsp/system.mss|system||

TRACE::2025-08-17.00:42:57::SCWMssOS::Sw design exists and opened at  C:/Users/ilpes/Desktop/Antenne_e_clocks/McDMA_workspace/McDMA_v2_TF/microblaze_0/standalone_domain/bsp/system.mss
TRACE::2025-08-17.08:02:18::SCWPlatform::Trying to open the hw design at C:/Users/ilpes/Desktop/Antenne_e_clocks/McDMA_workspace/McDMA_v2_TF/hw/McDMA_v2_TF.xsa
TRACE::2025-08-17.08:02:18::SCWPlatform::DSA given C:/Users/ilpes/Desktop/Antenne_e_clocks/McDMA_workspace/McDMA_v2_TF/hw/McDMA_v2_TF.xsa
TRACE::2025-08-17.08:02:18::SCWPlatform::DSA absoulate path C:/Users/ilpes/Desktop/Antenne_e_clocks/McDMA_workspace/McDMA_v2_TF/hw/McDMA_v2_TF.xsa
TRACE::2025-08-17.08:02:22::SCWPlatform::DSA directory C:/Users/ilpes/Desktop/Antenne_e_clocks/McDMA_workspace/McDMA_v2_TF/hw
TRACE::2025-08-17.08:02:22::SCWPlatform:: Platform Path C:/Users/ilpes/Desktop/Antenne_e_clocks/McDMA_workspace/McDMA_v2_TF/hw/McDMA_v2_TF.xsa
TRACE::2025-08-17.08:02:22::SCWPlatform:: Unique name xilinx:cmod_a7-35t::0.0
TRACE::2025-08-17.08:02:22::SCWPlatform::Do not have an existing db opened. 
TRACE::2025-08-17.08:02:25::SCWPlatform::Opened new HwDB with name user_35t_wrapper_1
TRACE::2025-08-17.08:02:25::SCWReader::Active system found as  McDMA_v2_TF
TRACE::2025-08-17.08:02:25::SCWReader::Handling sysconfig McDMA_v2_TF
TRACE::2025-08-17.08:02:25::SCWDomain::checking for install qemu data   : 
TRACE::2025-08-17.08:02:25::SCWPlatform::Trying to open the hw design at C:/Users/ilpes/Desktop/Antenne_e_clocks/McDMA_workspace/McDMA_v2_TF/hw/McDMA_v2_TF.xsa
TRACE::2025-08-17.08:02:25::SCWPlatform::DSA given C:/Users/ilpes/Desktop/Antenne_e_clocks/McDMA_workspace/McDMA_v2_TF/hw/McDMA_v2_TF.xsa
TRACE::2025-08-17.08:02:25::SCWPlatform::DSA absoulate path C:/Users/ilpes/Desktop/Antenne_e_clocks/McDMA_workspace/McDMA_v2_TF/hw/McDMA_v2_TF.xsa
TRACE::2025-08-17.08:02:25::SCWPlatform::DSA directory C:/Users/ilpes/Desktop/Antenne_e_clocks/McDMA_workspace/McDMA_v2_TF/hw
TRACE::2025-08-17.08:02:25::SCWPlatform:: Platform Path C:/Users/ilpes/Desktop/Antenne_e_clocks/McDMA_workspace/McDMA_v2_TF/hw/McDMA_v2_TF.xsa
TRACE::2025-08-17.08:02:25::SCWPlatform:: Unique name xilinx:cmod_a7-35t::0.0
TRACE::2025-08-17.08:02:25::SCWPlatform::Trying to set the existing hwdb with name user_35t_wrapper_1
TRACE::2025-08-17.08:02:25::SCWPlatform::Opened existing hwdb user_35t_wrapper_1
TRACE::2025-08-17.08:02:25::SCWPlatform::Found the Hw Db part of the input DSA
TRACE::2025-08-17.08:02:25::SCWPlatform::Trying to open the hw design at C:/Users/ilpes/Desktop/Antenne_e_clocks/McDMA_workspace/McDMA_v2_TF/hw/McDMA_v2_TF.xsa
TRACE::2025-08-17.08:02:25::SCWPlatform::DSA given C:/Users/ilpes/Desktop/Antenne_e_clocks/McDMA_workspace/McDMA_v2_TF/hw/McDMA_v2_TF.xsa
TRACE::2025-08-17.08:02:25::SCWPlatform::DSA absoulate path C:/Users/ilpes/Desktop/Antenne_e_clocks/McDMA_workspace/McDMA_v2_TF/hw/McDMA_v2_TF.xsa
TRACE::2025-08-17.08:02:25::SCWPlatform::DSA directory C:/Users/ilpes/Desktop/Antenne_e_clocks/McDMA_workspace/McDMA_v2_TF/hw
TRACE::2025-08-17.08:02:25::SCWPlatform:: Platform Path C:/Users/ilpes/Desktop/Antenne_e_clocks/McDMA_workspace/McDMA_v2_TF/hw/McDMA_v2_TF.xsa
TRACE::2025-08-17.08:02:25::SCWPlatform:: Unique name xilinx:cmod_a7-35t::0.0
TRACE::2025-08-17.08:02:25::SCWPlatform::Trying to set the existing hwdb with name user_35t_wrapper_1
TRACE::2025-08-17.08:02:25::SCWPlatform::Opened existing hwdb user_35t_wrapper_1
TRACE::2025-08-17.08:02:25::SCWPlatform::Found the Hw Db part of the input DSA
TRACE::2025-08-17.08:02:25::SCWPlatform::Trying to open the hw design at C:/Users/ilpes/Desktop/Antenne_e_clocks/McDMA_workspace/McDMA_v2_TF/hw/McDMA_v2_TF.xsa
TRACE::2025-08-17.08:02:25::SCWPlatform::DSA given C:/Users/ilpes/Desktop/Antenne_e_clocks/McDMA_workspace/McDMA_v2_TF/hw/McDMA_v2_TF.xsa
TRACE::2025-08-17.08:02:25::SCWPlatform::DSA absoulate path C:/Users/ilpes/Desktop/Antenne_e_clocks/McDMA_workspace/McDMA_v2_TF/hw/McDMA_v2_TF.xsa
TRACE::2025-08-17.08:02:25::SCWPlatform::DSA directory C:/Users/ilpes/Desktop/Antenne_e_clocks/McDMA_workspace/McDMA_v2_TF/hw
TRACE::2025-08-17.08:02:25::SCWPlatform:: Platform Path C:/Users/ilpes/Desktop/Antenne_e_clocks/McDMA_workspace/McDMA_v2_TF/hw/McDMA_v2_TF.xsa
TRACE::2025-08-17.08:02:25::SCWPlatform:: Unique name xilinx:cmod_a7-35t::0.0
TRACE::2025-08-17.08:02:25::SCWPlatform::Trying to set the existing hwdb with name user_35t_wrapper_1
TRACE::2025-08-17.08:02:25::SCWPlatform::Opened existing hwdb user_35t_wrapper_1
TRACE::2025-08-17.08:02:25::SCWPlatform::Found the Hw Db part of the input DSA
TRACE::2025-08-17.08:02:25::SCWPlatform::Trying to open the hw design at C:/Users/ilpes/Desktop/Antenne_e_clocks/McDMA_workspace/McDMA_v2_TF/hw/McDMA_v2_TF.xsa
TRACE::2025-08-17.08:02:25::SCWPlatform::DSA given C:/Users/ilpes/Desktop/Antenne_e_clocks/McDMA_workspace/McDMA_v2_TF/hw/McDMA_v2_TF.xsa
TRACE::2025-08-17.08:02:25::SCWPlatform::DSA absoulate path C:/Users/ilpes/Desktop/Antenne_e_clocks/McDMA_workspace/McDMA_v2_TF/hw/McDMA_v2_TF.xsa
TRACE::2025-08-17.08:02:25::SCWPlatform::DSA directory C:/Users/ilpes/Desktop/Antenne_e_clocks/McDMA_workspace/McDMA_v2_TF/hw
TRACE::2025-08-17.08:02:25::SCWPlatform:: Platform Path C:/Users/ilpes/Desktop/Antenne_e_clocks/McDMA_workspace/McDMA_v2_TF/hw/McDMA_v2_TF.xsa
TRACE::2025-08-17.08:02:25::SCWPlatform:: Unique name xilinx:cmod_a7-35t::0.0
TRACE::2025-08-17.08:02:25::SCWPlatform::Trying to set the existing hwdb with name user_35t_wrapper_1
TRACE::2025-08-17.08:02:25::SCWPlatform::Opened existing hwdb user_35t_wrapper_1
TRACE::2025-08-17.08:02:25::SCWPlatform::Found the Hw Db part of the input DSA
TRACE::2025-08-17.08:02:25::SCWMssOS::Checking the sw design at  C:/Users/ilpes/Desktop/Antenne_e_clocks/McDMA_workspace/McDMA_v2_TF/microblaze_0/standalone_domain/bsp/system.mss
TRACE::2025-08-17.08:02:25::SCWMssOS::DEBUG:  swdes dump  
TRACE::2025-08-17.08:02:25::SCWMssOS::No sw design opened at  C:/Users/ilpes/Desktop/Antenne_e_clocks/McDMA_workspace/McDMA_v2_TF/microblaze_0/standalone_domain/bsp/system.mss
TRACE::2025-08-17.08:02:25::SCWMssOS::mss exists loading the mss file  C:/Users/ilpes/Desktop/Antenne_e_clocks/McDMA_workspace/McDMA_v2_TF/microblaze_0/standalone_domain/bsp/system.mss
TRACE::2025-08-17.08:02:25::SCWMssOS::Opened the sw design from mss  C:/Users/ilpes/Desktop/Antenne_e_clocks/McDMA_workspace/McDMA_v2_TF/microblaze_0/standalone_domain/bsp/system.mss
TRACE::2025-08-17.08:02:25::SCWMssOS::Adding the swdes entry C:/Users/ilpes/Desktop/Antenne_e_clocks/McDMA_workspace/McDMA_v2_TF/microblaze_0/standalone_domain/bsp/system.mss with des name system
TRACE::2025-08-17.08:02:25::SCWMssOS::updating the scw layer about changes
TRACE::2025-08-17.08:02:25::SCWMssOS::Opened the sw design.  C:/Users/ilpes/Desktop/Antenne_e_clocks/McDMA_workspace/McDMA_v2_TF/microblaze_0/standalone_domain/bsp/system.mss
TRACE::2025-08-17.08:02:25::SCWMssOS::Saving the mss changes C:/Users/ilpes/Desktop/Antenne_e_clocks/McDMA_workspace/McDMA_v2_TF/microblaze_0/standalone_domain/bsp/system.mss
TRACE::2025-08-17.08:02:25::SCWMssOS::Found a swdesign opened with the mssfile.
TRACE::2025-08-17.08:02:25::SCWMssOS::Completed writemss as part of save.
TRACE::2025-08-17.08:02:25::SCWMssOS::Commit changes completed.
TRACE::2025-08-17.08:02:25::SCWReader::Adding prebuilt librarypaths as   
TRACE::2025-08-17.08:02:25::SCWReader::Adding prebuilt incpaths  as   
TRACE::2025-08-17.08:02:25::SCWPlatform::Trying to open the hw design at C:/Users/ilpes/Desktop/Antenne_e_clocks/McDMA_workspace/McDMA_v2_TF/hw/McDMA_v2_TF.xsa
TRACE::2025-08-17.08:02:25::SCWPlatform::DSA given C:/Users/ilpes/Desktop/Antenne_e_clocks/McDMA_workspace/McDMA_v2_TF/hw/McDMA_v2_TF.xsa
TRACE::2025-08-17.08:02:25::SCWPlatform::DSA absoulate path C:/Users/ilpes/Desktop/Antenne_e_clocks/McDMA_workspace/McDMA_v2_TF/hw/McDMA_v2_TF.xsa
TRACE::2025-08-17.08:02:25::SCWPlatform::DSA directory C:/Users/ilpes/Desktop/Antenne_e_clocks/McDMA_workspace/McDMA_v2_TF/hw
TRACE::2025-08-17.08:02:25::SCWPlatform:: Platform Path C:/Users/ilpes/Desktop/Antenne_e_clocks/McDMA_workspace/McDMA_v2_TF/hw/McDMA_v2_TF.xsa
TRACE::2025-08-17.08:02:25::SCWPlatform:: Unique name xilinx:cmod_a7-35t::0.0
TRACE::2025-08-17.08:02:25::SCWPlatform::Trying to set the existing hwdb with name user_35t_wrapper_1
TRACE::2025-08-17.08:02:25::SCWPlatform::Opened existing hwdb user_35t_wrapper_1
TRACE::2025-08-17.08:02:25::SCWPlatform::Found the Hw Db part of the input DSA
TRACE::2025-08-17.08:02:25::SCWMssOS::Checking the sw design at  C:/Users/ilpes/Desktop/Antenne_e_clocks/McDMA_workspace/McDMA_v2_TF/microblaze_0/standalone_domain/bsp/system.mss
TRACE::2025-08-17.08:02:25::SCWMssOS::DEBUG:  swdes dump  C:/Users/ilpes/Desktop/Antenne_e_clocks/McDMA_workspace/McDMA_v2_TF/microblaze_0/standalone_domain/bsp/system.mss|system||

TRACE::2025-08-17.08:02:25::SCWMssOS::Sw design exists and opened at  C:/Users/ilpes/Desktop/Antenne_e_clocks/McDMA_workspace/McDMA_v2_TF/microblaze_0/standalone_domain/bsp/system.mss
TRACE::2025-08-17.08:02:25::SCWReader::No isolation master present  
LOG::2025-08-17.08:02:25::SCWPlatform::Started generating the artifacts platform McDMA_v2_TF
TRACE::2025-08-17.08:02:25::SCWPlatform::Sanity checking of platform is completed
LOG::2025-08-17.08:02:25::SCWPlatform::Started generating the artifacts for system configuration McDMA_v2_TF
LOG::2025-08-17.08:02:25::SCWSystem::Checking the domain standalone_domain
LOG::2025-08-17.08:02:25::SCWSystem::Not a boot domain 
LOG::2025-08-17.08:02:25::SCWSystem::Started Processing the domain standalone_domain
TRACE::2025-08-17.08:02:25::SCWDomain::Generating domain artifcats
TRACE::2025-08-17.08:02:25::SCWMssOS::Generating standalone artifcats
TRACE::2025-08-17.08:02:25::SCWMssOS:: Copying the user libraries. 
TRACE::2025-08-17.08:02:25::SCWPlatform::Trying to open the hw design at C:/Users/ilpes/Desktop/Antenne_e_clocks/McDMA_workspace/McDMA_v2_TF/hw/McDMA_v2_TF.xsa
TRACE::2025-08-17.08:02:25::SCWPlatform::DSA given C:/Users/ilpes/Desktop/Antenne_e_clocks/McDMA_workspace/McDMA_v2_TF/hw/McDMA_v2_TF.xsa
TRACE::2025-08-17.08:02:25::SCWPlatform::DSA absoulate path C:/Users/ilpes/Desktop/Antenne_e_clocks/McDMA_workspace/McDMA_v2_TF/hw/McDMA_v2_TF.xsa
TRACE::2025-08-17.08:02:25::SCWPlatform::DSA directory C:/Users/ilpes/Desktop/Antenne_e_clocks/McDMA_workspace/McDMA_v2_TF/hw
TRACE::2025-08-17.08:02:25::SCWPlatform:: Platform Path C:/Users/ilpes/Desktop/Antenne_e_clocks/McDMA_workspace/McDMA_v2_TF/hw/McDMA_v2_TF.xsa
TRACE::2025-08-17.08:02:25::SCWPlatform:: Unique name xilinx:cmod_a7-35t::0.0
TRACE::2025-08-17.08:02:25::SCWPlatform::Trying to set the existing hwdb with name user_35t_wrapper_1
TRACE::2025-08-17.08:02:25::SCWPlatform::Opened existing hwdb user_35t_wrapper_1
TRACE::2025-08-17.08:02:25::SCWPlatform::Found the Hw Db part of the input DSA
TRACE::2025-08-17.08:02:25::SCWMssOS::Checking the sw design at  C:/Users/ilpes/Desktop/Antenne_e_clocks/McDMA_workspace/McDMA_v2_TF/microblaze_0/standalone_domain/bsp/system.mss
TRACE::2025-08-17.08:02:25::SCWMssOS::DEBUG:  swdes dump  C:/Users/ilpes/Desktop/Antenne_e_clocks/McDMA_workspace/McDMA_v2_TF/microblaze_0/standalone_domain/bsp/system.mss|system||

TRACE::2025-08-17.08:02:25::SCWMssOS::Sw design exists and opened at  C:/Users/ilpes/Desktop/Antenne_e_clocks/McDMA_workspace/McDMA_v2_TF/microblaze_0/standalone_domain/bsp/system.mss
TRACE::2025-08-17.08:02:25::SCWMssOS::Completed writing the mss file at C:/Users/ilpes/Desktop/Antenne_e_clocks/McDMA_workspace/McDMA_v2_TF/microblaze_0/standalone_domain/bsp
TRACE::2025-08-17.08:02:25::SCWMssOS::Mss edits present, copying mssfile into export location C:/Users/ilpes/Desktop/Antenne_e_clocks/McDMA_workspace/McDMA_v2_TF/microblaze_0/standalone_domain/bsp/system.mss
TRACE::2025-08-17.08:02:25::SCWMssOS::bsp generated is upto date with the mss file. Skipping bsp generation.
TRACE::2025-08-17.08:02:25::SCWMssOS::BSP is already built. skipping the bsp build ... 
TRACE::2025-08-17.08:02:25::SCWDomain::Building the domain as part of full build :  standalone_domain
TRACE::2025-08-17.08:02:25::SCWMssOS::doing bsp build ... 
TRACE::2025-08-17.08:02:25::SCWMssOS::System Command Ran  C: & cd  C:/Users/ilpes/Desktop/Antenne_e_clocks/McDMA_workspace/McDMA_v2_TF/microblaze_0/standalone_domain/bsp & make 
TRACE::2025-08-17.08:02:26::SCWMssOS::make --no-print-directory seq_libs

TRACE::2025-08-17.08:02:26::SCWMssOS::'Finished building libraries sequentially.'

TRACE::2025-08-17.08:02:26::SCWMssOS::make -j --no-print-directory par_libs

TRACE::2025-08-17.08:02:26::SCWMssOS::"Running Make include in microblaze_0/libsrc/axidma_v9_12/src"

TRACE::2025-08-17.08:02:26::SCWMssOS::make -C microblaze_0/libsrc/axidma_v9_12/src -s include  "SHELL=CMD" "COMPILER=mb-gcc" "ASSEMBLER=mb-as" "ARCHIVER=mb-ar" "COMP
TRACE::2025-08-17.08:02:26::SCWMssOS::ILER_FLAGS=  -O2 -c -mcpu=v11.0 -mlittle-endian -mno-xl-soft-div -mno-xl-soft-mul -mxl-barrel-shift -mxl-pattern-compare" "EXTR
TRACE::2025-08-17.08:02:26::SCWMssOS::A_COMPILER_FLAGS=-g -ffunction-sections -fdata-sections -Wall -Wextra"

TRACE::2025-08-17.08:02:26::SCWMssOS::"Running Make include in microblaze_0/libsrc/bram_v4_5/src"

TRACE::2025-08-17.08:02:26::SCWMssOS::make -C microblaze_0/libsrc/bram_v4_5/src -s include  "SHELL=CMD" "COMPILER=mb-gcc" "ASSEMBLER=mb-as" "ARCHIVER=mb-ar" "COMPILE
TRACE::2025-08-17.08:02:26::SCWMssOS::R_FLAGS=  -O2 -c -mcpu=v11.0 -mlittle-endian -mno-xl-soft-div -mno-xl-soft-mul -mxl-barrel-shift -mxl-pattern-compare" "EXTRA_C
TRACE::2025-08-17.08:02:26::SCWMssOS::OMPILER_FLAGS=-g -ffunction-sections -fdata-sections -Wall -Wextra"

TRACE::2025-08-17.08:02:26::SCWMssOS::"Running Make include in microblaze_0/libsrc/cpu_v2_12/src"

TRACE::2025-08-17.08:02:26::SCWMssOS::make -C microblaze_0/libsrc/cpu_v2_12/src -s include  "SHELL=CMD" "COMPILER=mb-gcc" "ASSEMBLER=mb-as" "ARCHIVER=mb-ar" "COMPILE
TRACE::2025-08-17.08:02:26::SCWMssOS::R_FLAGS=  -O2 -c -mcpu=v11.0 -mlittle-endian -mno-xl-soft-div -mno-xl-soft-mul -mxl-barrel-shift -mxl-pattern-compare" "EXTRA_C
TRACE::2025-08-17.08:02:26::SCWMssOS::OMPILER_FLAGS=-g -ffunction-sections -fdata-sections -Wall -Wextra"

TRACE::2025-08-17.08:02:26::SCWMssOS::"Running Make include in microblaze_0/libsrc/gpio_v4_7/src"

TRACE::2025-08-17.08:02:27::SCWMssOS::make -C microblaze_0/libsrc/gpio_v4_7/src -s include  "SHELL=CMD" "COMPILER=mb-gcc" "ASSEMBLER=mb-as" "ARCHIVER=mb-ar" "COMPILE
TRACE::2025-08-17.08:02:27::SCWMssOS::R_FLAGS=  -O2 -c -mcpu=v11.0 -mlittle-endian -mno-xl-soft-div -mno-xl-soft-mul -mxl-barrel-shift -mxl-pattern-compare" "EXTRA_C
TRACE::2025-08-17.08:02:27::SCWMssOS::OMPILER_FLAGS=-g -ffunction-sections -fdata-sections -Wall -Wextra"

TRACE::2025-08-17.08:02:27::SCWMssOS::"Running Make include in microblaze_0/libsrc/iic_v3_7/src"

TRACE::2025-08-17.08:02:27::SCWMssOS::make -C microblaze_0/libsrc/iic_v3_7/src -s include  "SHELL=CMD" "COMPILER=mb-gcc" "ASSEMBLER=mb-as" "ARCHIVER=mb-ar" "COMPILER
TRACE::2025-08-17.08:02:27::SCWMssOS::_FLAGS=  -O2 -c -mcpu=v11.0 -mlittle-endian -mno-xl-soft-div -mno-xl-soft-mul -mxl-barrel-shift -mxl-pattern-compare" "EXTRA_CO
TRACE::2025-08-17.08:02:27::SCWMssOS::MPILER_FLAGS=-g -ffunction-sections -fdata-sections -Wall -Wextra"

TRACE::2025-08-17.08:02:27::SCWMssOS::"Running Make include in microblaze_0/libsrc/intc_v3_12/src"

TRACE::2025-08-17.08:02:27::SCWMssOS::make -C microblaze_0/libsrc/intc_v3_12/src -s include  "SHELL=CMD" "COMPILER=mb-gcc" "ASSEMBLER=mb-as" "ARCHIVER=mb-ar" "COMPIL
TRACE::2025-08-17.08:02:27::SCWMssOS::ER_FLAGS=  -O2 -c -mcpu=v11.0 -mlittle-endian -mno-xl-soft-div -mno-xl-soft-mul -mxl-barrel-shift -mxl-pattern-compare" "EXTRA_
TRACE::2025-08-17.08:02:27::SCWMssOS::COMPILER_FLAGS=-g -ffunction-sections -fdata-sections -Wall -Wextra"

TRACE::2025-08-17.08:02:27::SCWMssOS::"Running Make include in microblaze_0/libsrc/spi_v4_7/src"

TRACE::2025-08-17.08:02:27::SCWMssOS::make -C microblaze_0/libsrc/spi_v4_7/src -s include  "SHELL=CMD" "COMPILER=mb-gcc" "ASSEMBLER=mb-as" "ARCHIVER=mb-ar" "COMPILER
TRACE::2025-08-17.08:02:27::SCWMssOS::_FLAGS=  -O2 -c -mcpu=v11.0 -mlittle-endian -mno-xl-soft-div -mno-xl-soft-mul -mxl-barrel-shift -mxl-pattern-compare" "EXTRA_CO
TRACE::2025-08-17.08:02:27::SCWMssOS::MPILER_FLAGS=-g -ffunction-sections -fdata-sections -Wall -Wextra"

TRACE::2025-08-17.08:02:27::SCWMssOS::"Running Make include in microblaze_0/libsrc/standalone_v7_3/src"

TRACE::2025-08-17.08:02:28::SCWMssOS::make -C microblaze_0/libsrc/standalone_v7_3/src -s include  "SHELL=CMD" "COMPILER=mb-gcc" "ASSEMBLER=mb-as" "ARCHIVER=mb-ar" "C
TRACE::2025-08-17.08:02:28::SCWMssOS::OMPILER_FLAGS=  -O2 -c -mcpu=v11.0 -mlittle-endian -mno-xl-soft-div -mno-xl-soft-mul -mxl-barrel-shift -mxl-pattern-compare" "E
TRACE::2025-08-17.08:02:28::SCWMssOS::XTRA_COMPILER_FLAGS=-g -ffunction-sections -fdata-sections -Wall -Wextra"

TRACE::2025-08-17.08:02:28::SCWMssOS::"Running Make include in microblaze_0/libsrc/sysmon_v7_7/src"

TRACE::2025-08-17.08:02:28::SCWMssOS::make -C microblaze_0/libsrc/sysmon_v7_7/src -s include  "SHELL=CMD" "COMPILER=mb-gcc" "ASSEMBLER=mb-as" "ARCHIVER=mb-ar" "COMPI
TRACE::2025-08-17.08:02:28::SCWMssOS::LER_FLAGS=  -O2 -c -mcpu=v11.0 -mlittle-endian -mno-xl-soft-div -mno-xl-soft-mul -mxl-barrel-shift -mxl-pattern-compare" "EXTRA
TRACE::2025-08-17.08:02:28::SCWMssOS::_COMPILER_FLAGS=-g -ffunction-sections -fdata-sections -Wall -Wextra"

TRACE::2025-08-17.08:02:28::SCWMssOS::"Running Make include in microblaze_0/libsrc/tmrctr_v4_7/src"

TRACE::2025-08-17.08:02:28::SCWMssOS::make -C microblaze_0/libsrc/tmrctr_v4_7/src -s include  "SHELL=CMD" "COMPILER=mb-gcc" "ASSEMBLER=mb-as" "ARCHIVER=mb-ar" "COMPI
TRACE::2025-08-17.08:02:28::SCWMssOS::LER_FLAGS=  -O2 -c -mcpu=v11.0 -mlittle-endian -mno-xl-soft-div -mno-xl-soft-mul -mxl-barrel-shift -mxl-pattern-compare" "EXTRA
TRACE::2025-08-17.08:02:28::SCWMssOS::_COMPILER_FLAGS=-g -ffunction-sections -fdata-sections -Wall -Wextra"

TRACE::2025-08-17.08:02:28::SCWMssOS::"Running Make include in microblaze_0/libsrc/trafgen_v4_4/src"

TRACE::2025-08-17.08:02:28::SCWMssOS::make -C microblaze_0/libsrc/trafgen_v4_4/src -s include  "SHELL=CMD" "COMPILER=mb-gcc" "ASSEMBLER=mb-as" "ARCHIVER=mb-ar" "COMP
TRACE::2025-08-17.08:02:28::SCWMssOS::ILER_FLAGS=  -O2 -c -mcpu=v11.0 -mlittle-endian -mno-xl-soft-div -mno-xl-soft-mul -mxl-barrel-shift -mxl-pattern-compare" "EXTR
TRACE::2025-08-17.08:02:28::SCWMssOS::A_COMPILER_FLAGS=-g -ffunction-sections -fdata-sections -Wall -Wextra"

TRACE::2025-08-17.08:02:29::SCWMssOS::"Running Make include in microblaze_0/libsrc/uartlite_v3_5/src"

TRACE::2025-08-17.08:02:29::SCWMssOS::make -C microblaze_0/libsrc/uartlite_v3_5/src -s include  "SHELL=CMD" "COMPILER=mb-gcc" "ASSEMBLER=mb-as" "ARCHIVER=mb-ar" "COM
TRACE::2025-08-17.08:02:29::SCWMssOS::PILER_FLAGS=  -O2 -c -mcpu=v11.0 -mlittle-endian -mno-xl-soft-div -mno-xl-soft-mul -mxl-barrel-shift -mxl-pattern-compare" "EXT
TRACE::2025-08-17.08:02:29::SCWMssOS::RA_COMPILER_FLAGS=-g -ffunction-sections -fdata-sections -Wall -Wextra"

TRACE::2025-08-17.08:02:30::SCWMssOS::"Running Make libs in microblaze_0/libsrc/axidma_v9_12/src"

TRACE::2025-08-17.08:02:30::SCWMssOS::make -C microblaze_0/libsrc/axidma_v9_12/src -s libs  "SHELL=CMD" "COMPILER=mb-gcc" "ASSEMBLER=mb-as" "ARCHIVER=mb-ar" "COMPILE
TRACE::2025-08-17.08:02:30::SCWMssOS::R_FLAGS=  -O2 -c -mcpu=v11.0 -mlittle-endian -mno-xl-soft-div -mno-xl-soft-mul -mxl-barrel-shift -mxl-pattern-compare" "EXTRA_C
TRACE::2025-08-17.08:02:30::SCWMssOS::OMPILER_FLAGS=-g -ffunction-sections -fdata-sections -Wall -Wextra"

TRACE::2025-08-17.08:02:30::SCWMssOS::"Running Make libs in microblaze_0/libsrc/bram_v4_5/src"

TRACE::2025-08-17.08:02:30::SCWMssOS::make -C microblaze_0/libsrc/bram_v4_5/src -s libs  "SHELL=CMD" "COMPILER=mb-gcc" "ASSEMBLER=mb-as" "ARCHIVER=mb-ar" "COMPILER_F
TRACE::2025-08-17.08:02:30::SCWMssOS::LAGS=  -O2 -c -mcpu=v11.0 -mlittle-endian -mno-xl-soft-div -mno-xl-soft-mul -mxl-barrel-shift -mxl-pattern-compare" "EXTRA_COMP
TRACE::2025-08-17.08:02:30::SCWMssOS::ILER_FLAGS=-g -ffunction-sections -fdata-sections -Wall -Wextra"

TRACE::2025-08-17.08:02:30::SCWMssOS::"Running Make libs in microblaze_0/libsrc/cpu_v2_12/src"

TRACE::2025-08-17.08:02:31::SCWMssOS::make -C microblaze_0/libsrc/cpu_v2_12/src -s libs  "SHELL=CMD" "COMPILER=mb-gcc" "ASSEMBLER=mb-as" "ARCHIVER=mb-ar" "COMPILER_F
TRACE::2025-08-17.08:02:31::SCWMssOS::LAGS=  -O2 -c -mcpu=v11.0 -mlittle-endian -mno-xl-soft-div -mno-xl-soft-mul -mxl-barrel-shift -mxl-pattern-compare" "EXTRA_COMP
TRACE::2025-08-17.08:02:31::SCWMssOS::ILER_FLAGS=-g -ffunction-sections -fdata-sections -Wall -Wextra"

TRACE::2025-08-17.08:02:31::SCWMssOS::"Running Make libs in microblaze_0/libsrc/gpio_v4_7/src"

TRACE::2025-08-17.08:02:31::SCWMssOS::make -C microblaze_0/libsrc/gpio_v4_7/src -s libs  "SHELL=CMD" "COMPILER=mb-gcc" "ASSEMBLER=mb-as" "ARCHIVER=mb-ar" "COMPILER_F
TRACE::2025-08-17.08:02:31::SCWMssOS::LAGS=  -O2 -c -mcpu=v11.0 -mlittle-endian -mno-xl-soft-div -mno-xl-soft-mul -mxl-barrel-shift -mxl-pattern-compare" "EXTRA_COMP
TRACE::2025-08-17.08:02:31::SCWMssOS::ILER_FLAGS=-g -ffunction-sections -fdata-sections -Wall -Wextra"

TRACE::2025-08-17.08:02:31::SCWMssOS::"Running Make libs in microblaze_0/libsrc/iic_v3_7/src"

TRACE::2025-08-17.08:02:31::SCWMssOS::make -C microblaze_0/libsrc/iic_v3_7/src -s libs  "SHELL=CMD" "COMPILER=mb-gcc" "ASSEMBLER=mb-as" "ARCHIVER=mb-ar" "COMPILER_FL
TRACE::2025-08-17.08:02:31::SCWMssOS::AGS=  -O2 -c -mcpu=v11.0 -mlittle-endian -mno-xl-soft-div -mno-xl-soft-mul -mxl-barrel-shift -mxl-pattern-compare" "EXTRA_COMPI
TRACE::2025-08-17.08:02:31::SCWMssOS::LER_FLAGS=-g -ffunction-sections -fdata-sections -Wall -Wextra"

TRACE::2025-08-17.08:02:31::SCWMssOS::"Running Make libs in microblaze_0/libsrc/intc_v3_12/src"

TRACE::2025-08-17.08:02:31::SCWMssOS::make -C microblaze_0/libsrc/intc_v3_12/src -s libs  "SHELL=CMD" "COMPILER=mb-gcc" "ASSEMBLER=mb-as" "ARCHIVER=mb-ar" "COMPILER_
TRACE::2025-08-17.08:02:31::SCWMssOS::FLAGS=  -O2 -c -mcpu=v11.0 -mlittle-endian -mno-xl-soft-div -mno-xl-soft-mul -mxl-barrel-shift -mxl-pattern-compare" "EXTRA_COM
TRACE::2025-08-17.08:02:31::SCWMssOS::PILER_FLAGS=-g -ffunction-sections -fdata-sections -Wall -Wextra"

TRACE::2025-08-17.08:02:31::SCWMssOS::"Running Make libs in microblaze_0/libsrc/spi_v4_7/src"

TRACE::2025-08-17.08:02:31::SCWMssOS::make -C microblaze_0/libsrc/spi_v4_7/src -s libs  "SHELL=CMD" "COMPILER=mb-gcc" "ASSEMBLER=mb-as" "ARCHIVER=mb-ar" "COMPILER_FL
TRACE::2025-08-17.08:02:31::SCWMssOS::AGS=  -O2 -c -mcpu=v11.0 -mlittle-endian -mno-xl-soft-div -mno-xl-soft-mul -mxl-barrel-shift -mxl-pattern-compare" "EXTRA_COMPI
TRACE::2025-08-17.08:02:31::SCWMssOS::LER_FLAGS=-g -ffunction-sections -fdata-sections -Wall -Wextra"

TRACE::2025-08-17.08:02:32::SCWMssOS::"Running Make libs in microblaze_0/libsrc/standalone_v7_3/src"

TRACE::2025-08-17.08:02:32::SCWMssOS::make -C microblaze_0/libsrc/standalone_v7_3/src -s libs  "SHELL=CMD" "COMPILER=mb-gcc" "ASSEMBLER=mb-as" "ARCHIVER=mb-ar" "COMP
TRACE::2025-08-17.08:02:32::SCWMssOS::ILER_FLAGS=  -O2 -c -mcpu=v11.0 -mlittle-endian -mno-xl-soft-div -mno-xl-soft-mul -mxl-barrel-shift -mxl-pattern-compare" "EXTR
TRACE::2025-08-17.08:02:32::SCWMssOS::A_COMPILER_FLAGS=-g -ffunction-sections -fdata-sections -Wall -Wextra"

TRACE::2025-08-17.08:02:32::SCWMssOS::"Running Make libs in microblaze_0/libsrc/sysmon_v7_7/src"

TRACE::2025-08-17.08:02:32::SCWMssOS::make -C microblaze_0/libsrc/sysmon_v7_7/src -s libs  "SHELL=CMD" "COMPILER=mb-gcc" "ASSEMBLER=mb-as" "ARCHIVER=mb-ar" "COMPILER
TRACE::2025-08-17.08:02:32::SCWMssOS::_FLAGS=  -O2 -c -mcpu=v11.0 -mlittle-endian -mno-xl-soft-div -mno-xl-soft-mul -mxl-barrel-shift -mxl-pattern-compare" "EXTRA_CO
TRACE::2025-08-17.08:02:32::SCWMssOS::MPILER_FLAGS=-g -ffunction-sections -fdata-sections -Wall -Wextra"

TRACE::2025-08-17.08:02:32::SCWMssOS::"Running Make libs in microblaze_0/libsrc/tmrctr_v4_7/src"

TRACE::2025-08-17.08:02:32::SCWMssOS::make -C microblaze_0/libsrc/tmrctr_v4_7/src -s libs  "SHELL=CMD" "COMPILER=mb-gcc" "ASSEMBLER=mb-as" "ARCHIVER=mb-ar" "COMPILER
TRACE::2025-08-17.08:02:32::SCWMssOS::_FLAGS=  -O2 -c -mcpu=v11.0 -mlittle-endian -mno-xl-soft-div -mno-xl-soft-mul -mxl-barrel-shift -mxl-pattern-compare" "EXTRA_CO
TRACE::2025-08-17.08:02:32::SCWMssOS::MPILER_FLAGS=-g -ffunction-sections -fdata-sections -Wall -Wextra"

TRACE::2025-08-17.08:02:32::SCWMssOS::"Running Make libs in microblaze_0/libsrc/trafgen_v4_4/src"

TRACE::2025-08-17.08:02:32::SCWMssOS::make -C microblaze_0/libsrc/trafgen_v4_4/src -s libs  "SHELL=CMD" "COMPILER=mb-gcc" "ASSEMBLER=mb-as" "ARCHIVER=mb-ar" "COMPILE
TRACE::2025-08-17.08:02:32::SCWMssOS::R_FLAGS=  -O2 -c -mcpu=v11.0 -mlittle-endian -mno-xl-soft-div -mno-xl-soft-mul -mxl-barrel-shift -mxl-pattern-compare" "EXTRA_C
TRACE::2025-08-17.08:02:32::SCWMssOS::OMPILER_FLAGS=-g -ffunction-sections -fdata-sections -Wall -Wextra"

TRACE::2025-08-17.08:02:33::SCWMssOS::"Running Make libs in microblaze_0/libsrc/uartlite_v3_5/src"

TRACE::2025-08-17.08:02:33::SCWMssOS::make -C microblaze_0/libsrc/uartlite_v3_5/src -s libs  "SHELL=CMD" "COMPILER=mb-gcc" "ASSEMBLER=mb-as" "ARCHIVER=mb-ar" "COMPIL
TRACE::2025-08-17.08:02:33::SCWMssOS::ER_FLAGS=  -O2 -c -mcpu=v11.0 -mlittle-endian -mno-xl-soft-div -mno-xl-soft-mul -mxl-barrel-shift -mxl-pattern-compare" "EXTRA_
TRACE::2025-08-17.08:02:33::SCWMssOS::COMPILER_FLAGS=-g -ffunction-sections -fdata-sections -Wall -Wextra"

TRACE::2025-08-17.08:02:34::SCWMssOS::'Finished building libraries parallelly.'

TRACE::2025-08-17.08:02:34::SCWMssOS::make --no-print-directory archive

TRACE::2025-08-17.08:02:34::SCWMssOS::mb-ar -r  microblaze_0/lib/libxil.a microblaze_0/lib/xtmrctr_l.o microblaze_0/lib/xplatform_info.o microblaze_0/lib/xtmrctr_opt
TRACE::2025-08-17.08:02:34::SCWMssOS::ions.o microblaze_0/lib/microblaze_disable_exceptions.o microblaze_0/lib/print.o microblaze_0/lib/xspi_options.o microblaze_0/l
TRACE::2025-08-17.08:02:34::SCWMssOS::ib/xil_testio.o microblaze_0/lib/microblaze_disable_dcache.o microblaze_0/lib/microblaze_flush_dcache_range.o microblaze_0/lib/
TRACE::2025-08-17.08:02:34::SCWMssOS::xspi_g.o microblaze_0/lib/microblaze_flush_cache_ext.o microblaze_0/lib/xspi.o microblaze_0/lib/xspi_sinit.o microblaze_0/lib/i
TRACE::2025-08-17.08:02:34::SCWMssOS::nbyte.o microblaze_0/lib/xtrafgen_g.o microblaze_0/lib/xil_misc_psreset_api.o microblaze_0/lib/xspi_selftest.o microblaze_0/lib
TRACE::2025-08-17.08:02:34::SCWMssOS::/xsysmon_g.o microblaze_0/lib/xil_cache.o microblaze_0/lib/xil_util.o microblaze_0/lib/xiic_g.o microblaze_0/lib/xiic_multi_mas
TRACE::2025-08-17.08:02:34::SCWMssOS::ter.o microblaze_0/lib/xiic_sinit.o microblaze_0/lib/microblaze_exception_handler.o microblaze_0/lib/xbram_g.o microblaze_0/lib
TRACE::2025-08-17.08:02:34::SCWMssOS::/xbram_sinit.o microblaze_0/lib/xtrafgen.o microblaze_0/lib/microblaze_scrub.o microblaze_0/lib/xtmrctr_intr.o microblaze_0/lib
TRACE::2025-08-17.08:02:34::SCWMssOS::/microblaze_invalidate_dcache.o microblaze_0/lib/microblaze_disable_interrupts.o microblaze_0/lib/xbram_selftest.o microblaze_0
TRACE::2025-08-17.08:02:34::SCWMssOS::/lib/microblaze_interrupt_handler.o microblaze_0/lib/microblaze_disable_icache.o microblaze_0/lib/xaxidma_sinit.o microblaze_0/
TRACE::2025-08-17.08:02:34::SCWMssOS::lib/xsysmon_intr.o microblaze_0/lib/xgpio_g.o microblaze_0/lib/xuartlite_g.o microblaze_0/lib/xtmrctr_stats.o microblaze_0/lib/
TRACE::2025-08-17.08:02:34::SCWMssOS::xaxidma_selftest.o microblaze_0/lib/xiic_master.o microblaze_0/lib/xspi_stats.o microblaze_0/lib/microblaze_flush_cache_ext_ran
TRACE::2025-08-17.08:02:34::SCWMssOS::ge.o microblaze_0/lib/xaxidma_bd.o microblaze_0/lib/xiic_intr.o microblaze_0/lib/xbram_intr.o microblaze_0/lib/xil_sleepcommon.
TRACE::2025-08-17.08:02:34::SCWMssOS::o microblaze_0/lib/xil_printf.o microblaze_0/lib/xintc_g.o microblaze_0/lib/xintc_selftest.o microblaze_0/lib/xintc_l.o microbl
TRACE::2025-08-17.08:02:34::SCWMssOS::aze_0/lib/outbyte.o microblaze_0/lib/xgpio_extra.o microblaze_0/lib/xgpio_intr.o microblaze_0/lib/xiic_slave.o microblaze_0/lib
TRACE::2025-08-17.08:02:34::SCWMssOS::/microblaze_invalidate_dcache_range.o microblaze_0/lib/xil_testmem.o microblaze_0/lib/microblaze_invalidate_cache_ext.o microbl
TRACE::2025-08-17.08:02:34::SCWMssOS::aze_0/lib/microblaze_sleep.o microblaze_0/lib/xuartlite_sinit.o microblaze_0/lib/hw_exception_handler.o microblaze_0/lib/xtmrct
TRACE::2025-08-17.08:02:34::SCWMssOS::r.o microblaze_0/lib/xintc_options.o microblaze_0/lib/xuartlite_selftest.o microblaze_0/lib/xgpio_sinit.o microblaze_0/lib/xuar
TRACE::2025-08-17.08:02:34::SCWMssOS::tlite.o microblaze_0/lib/microblaze_update_dcache.o microblaze_0/lib/xaxidma_g.o microblaze_0/lib/xil_testcache.o microblaze_0/
TRACE::2025-08-17.08:02:34::SCWMssOS::lib/microblaze_selftest.o microblaze_0/lib/microblaze_interrupts_g.o microblaze_0/lib/microblaze_enable_exceptions.o microblaze
TRACE::2025-08-17.08:02:34::SCWMssOS::_0/lib/xil_mem.o microblaze_0/lib/xsysmon_sinit.o microblaze_0/lib/xtmrctr_g.o microblaze_0/lib/microblaze_enable_dcache.o micr
TRACE::2025-08-17.08:02:34::SCWMssOS::oblaze_0/lib/xiic_l.o microblaze_0/lib/_exit.o microblaze_0/lib/xuartlite_intr.o microblaze_0/lib/microblaze_invalidate_icache_
TRACE::2025-08-17.08:02:34::SCWMssOS::range.o microblaze_0/lib/xtmrctr_selftest.o microblaze_0/lib/xgpio.o microblaze_0/lib/microblaze_init_dcache_range.o microblaze
TRACE::2025-08-17.08:02:34::SCWMssOS::_0/lib/microblaze_invalidate_icache.o microblaze_0/lib/xaxidma.o microblaze_0/lib/errno.o microblaze_0/lib/xiic_dyn_master.o mi
TRACE::2025-08-17.08:02:34::SCWMssOS::croblaze_0/lib/xintc.o microblaze_0/lib/xuartlite_stats.o microblaze_0/lib/microblaze_invalidate_cache_ext_range.o microblaze_0
TRACE::2025-08-17.08:02:34::SCWMssOS::/lib/xintc_intr.o microblaze_0/lib/xil_exception.o microblaze_0/lib/pvr.o microblaze_0/lib/xbram.o microblaze_0/lib/xiic_option
TRACE::2025-08-17.08:02:34::SCWMssOS::s.o microblaze_0/lib/xtrafgen_sinit.o microblaze_0/lib/microblaze_update_icache.o microblaze_0/lib/microblaze_flush_dcache.o mi
TRACE::2025-08-17.08:02:34::SCWMssOS::croblaze_0/lib/xil_clocking.o microblaze_0/lib/xil_assert.o microblaze_0/lib/xiic_stats.o microblaze_0/lib/microblaze_enable_in
TRACE::2025-08-17.08:02:34::SCWMssOS::terrupts.o microblaze_0/lib/xio.o microblaze_0/lib/microblaze_enable_icache.o microblaze_0/lib/xiic.o microblaze_0/lib/xsysmon.
TRACE::2025-08-17.08:02:34::SCWMssOS::o microblaze_0/lib/microblaze_init_icache_range.o microblaze_0/lib/xaxidma_bdring.o microblaze_0/lib/xuartlite_l.o microblaze_0
TRACE::2025-08-17.08:02:34::SCWMssOS::/lib/xtmrctr_sinit.o microblaze_0/lib/xiic_selftest.o microblaze_0/lib/xsysmon_selftest.o microblaze_0/lib/fcntl.o microblaze_0
TRACE::2025-08-17.08:02:34::SCWMssOS::/lib/xgpio_selftest.o

TRACE::2025-08-17.08:02:34::SCWMssOS::'Finished building libraries'

TRACE::2025-08-17.08:02:35::SCWMssOS::Copying to export directory.
TRACE::2025-08-17.08:02:36::SCWMssOS:: Checking if to create the Supporting Applications
TRACE::2025-08-17.08:02:36::SCWMssOS:: No Linux domain exists, trying to generate FSBL 
LOG::2025-08-17.08:02:36::SCWSystem::Completed Processing the domain standalone_domain
LOG::2025-08-17.08:02:36::SCWSystem::Completed Processing the sysconfig McDMA_v2_TF
LOG::2025-08-17.08:02:36::SCWPlatform::Completed generating the artifacts for system configuration McDMA_v2_TF
TRACE::2025-08-17.08:02:36::SCWPlatform::Started preparing the platform 
TRACE::2025-08-17.08:02:36::SCWSystem::Writing the bif file for system config McDMA_v2_TF
TRACE::2025-08-17.08:02:36::SCWSystem::dir created 
TRACE::2025-08-17.08:02:36::SCWSystem::Writing the bif 
TRACE::2025-08-17.08:02:36::SCWPlatform::Started writing the spfm file 
TRACE::2025-08-17.08:02:36::SCWPlatform::Started writing the xpfm file 
TRACE::2025-08-17.08:02:36::SCWPlatform::Completed generating the platform
TRACE::2025-08-17.08:02:36::SCWMssOS::Saving the mss changes C:/Users/ilpes/Desktop/Antenne_e_clocks/McDMA_workspace/McDMA_v2_TF/microblaze_0/standalone_domain/bsp/system.mss
TRACE::2025-08-17.08:02:36::SCWMssOS::Found a swdesign opened with the mssfile.
TRACE::2025-08-17.08:02:36::SCWMssOS::Completed writemss as part of save.
TRACE::2025-08-17.08:02:36::SCWMssOS::Commit changes completed.
TRACE::2025-08-17.08:02:36::SCWPlatform::Trying to open the hw design at C:/Users/ilpes/Desktop/Antenne_e_clocks/McDMA_workspace/McDMA_v2_TF/hw/McDMA_v2_TF.xsa
TRACE::2025-08-17.08:02:36::SCWPlatform::DSA given C:/Users/ilpes/Desktop/Antenne_e_clocks/McDMA_workspace/McDMA_v2_TF/hw/McDMA_v2_TF.xsa
TRACE::2025-08-17.08:02:36::SCWPlatform::DSA absoulate path C:/Users/ilpes/Desktop/Antenne_e_clocks/McDMA_workspace/McDMA_v2_TF/hw/McDMA_v2_TF.xsa
TRACE::2025-08-17.08:02:36::SCWPlatform::DSA directory C:/Users/ilpes/Desktop/Antenne_e_clocks/McDMA_workspace/McDMA_v2_TF/hw
TRACE::2025-08-17.08:02:36::SCWPlatform:: Platform Path C:/Users/ilpes/Desktop/Antenne_e_clocks/McDMA_workspace/McDMA_v2_TF/hw/McDMA_v2_TF.xsa
TRACE::2025-08-17.08:02:36::SCWPlatform:: Unique name xilinx:cmod_a7-35t::0.0
TRACE::2025-08-17.08:02:36::SCWPlatform::Trying to set the existing hwdb with name user_35t_wrapper_1
TRACE::2025-08-17.08:02:36::SCWPlatform::Opened existing hwdb user_35t_wrapper_1
TRACE::2025-08-17.08:02:36::SCWPlatform::Found the Hw Db part of the input DSA
TRACE::2025-08-17.08:02:36::SCWMssOS::Checking the sw design at  C:/Users/ilpes/Desktop/Antenne_e_clocks/McDMA_workspace/McDMA_v2_TF/microblaze_0/standalone_domain/bsp/system.mss
TRACE::2025-08-17.08:02:36::SCWMssOS::DEBUG:  swdes dump  C:/Users/ilpes/Desktop/Antenne_e_clocks/McDMA_workspace/McDMA_v2_TF/microblaze_0/standalone_domain/bsp/system.mss|system||

TRACE::2025-08-17.08:02:36::SCWMssOS::Sw design exists and opened at  C:/Users/ilpes/Desktop/Antenne_e_clocks/McDMA_workspace/McDMA_v2_TF/microblaze_0/standalone_domain/bsp/system.mss
TRACE::2025-08-17.08:02:36::SCWWriter::formatted JSON is {
	"platformName":	"McDMA_v2_TF",
	"sprVersion":	"2.0",
	"mode":	"gui",
	"dsaType":	"Fixed",
	"platformDesc":	"McDMA_v2_TF",
	"platHandOff":	"C:/Users/ilpes/Desktop/INSEGNAMENTO/Didattica2023/McDMA/McDMA_v2/McDMA_v2_TF.xsa",
	"platIntHandOff":	"<platformDir>/hw/McDMA_v2_TF.xsa",
	"deviceType":	"FPGA",
	"platIsPrebuiltAutogen":	"false",
	"platIsNoBootBsp":	"false",
	"hasFsblMakeHasChanges":	"false",
	"hasPmufwMakeHasChanges":	"false",
	"platPreBuiltFlag":	false,
	"platformSamplesDir":	"",
	"platActiveSys":	"McDMA_v2_TF",
	"systems":	[{
			"systemName":	"McDMA_v2_TF",
			"systemDesc":	"McDMA_v2_TF",
			"sysIsBootAutoGen":	"true",
			"systemDispName":	"McDMA_v2_TF",
			"sysActiveDom":	"standalone_domain",
			"sysDefaultDom":	"standalone_domain",
			"domains":	[{
					"domainName":	"standalone_domain",
					"domainDispName":	"standalone on microblaze_0",
					"domainDesc":	"standalone_domain",
					"processors":	"microblaze_0",
					"os":	"standalone",
					"sdxOs":	"standalone",
					"debugEnable":	"False",
					"domRuntimes":	["cpp"],
					"swRepo":	"",
					"mssOsVer":	"7.3",
					"mssFile":	"",
					"md5Digest":	"b556b028d03c86c66c02c5206503ee30",
					"compatibleApp":	"",
					"domType":	"mssDomain",
					"arch":	"32-bit",
					"appSettings":	{
						"appCompilerFlags":	"",
						"appLinkerFlags":	""
					},
					"addedLibs":	[],
					"libOptions":	{
						"libsContainingOptions":	[]
					},
					"prebuiltLibs":	{
						"prebuiltIncPath":	[],
						"prebuiltLibPath":	[]
					},
					"isolation":	{
					}
				}]
		}]
}
KEYINFO::2025-08-17.08:02:36::SCWPlatform::updated the xpfm file.
TRACE::2025-08-17.08:02:37::SCWPlatform::Trying to open the hw design at C:/Users/ilpes/Desktop/Antenne_e_clocks/McDMA_workspace/McDMA_v2_TF/hw/McDMA_v2_TF.xsa
TRACE::2025-08-17.08:02:37::SCWPlatform::DSA given C:/Users/ilpes/Desktop/Antenne_e_clocks/McDMA_workspace/McDMA_v2_TF/hw/McDMA_v2_TF.xsa
TRACE::2025-08-17.08:02:37::SCWPlatform::DSA absoulate path C:/Users/ilpes/Desktop/Antenne_e_clocks/McDMA_workspace/McDMA_v2_TF/hw/McDMA_v2_TF.xsa
TRACE::2025-08-17.08:02:37::SCWPlatform::DSA directory C:/Users/ilpes/Desktop/Antenne_e_clocks/McDMA_workspace/McDMA_v2_TF/hw
TRACE::2025-08-17.08:02:37::SCWPlatform:: Platform Path C:/Users/ilpes/Desktop/Antenne_e_clocks/McDMA_workspace/McDMA_v2_TF/hw/McDMA_v2_TF.xsa
TRACE::2025-08-17.08:02:37::SCWPlatform:: Unique name xilinx:cmod_a7-35t::0.0
TRACE::2025-08-17.08:02:37::SCWPlatform::Trying to set the existing hwdb with name user_35t_wrapper_1
TRACE::2025-08-17.08:02:37::SCWPlatform::Opened existing hwdb user_35t_wrapper_1
TRACE::2025-08-17.08:02:37::SCWPlatform::Found the Hw Db part of the input DSA
TRACE::2025-08-17.08:02:37::SCWMssOS::Checking the sw design at  C:/Users/ilpes/Desktop/Antenne_e_clocks/McDMA_workspace/McDMA_v2_TF/microblaze_0/standalone_domain/bsp/system.mss
TRACE::2025-08-17.08:02:37::SCWMssOS::DEBUG:  swdes dump  C:/Users/ilpes/Desktop/Antenne_e_clocks/McDMA_workspace/McDMA_v2_TF/microblaze_0/standalone_domain/bsp/system.mss|system||

TRACE::2025-08-17.08:02:37::SCWMssOS::Sw design exists and opened at  C:/Users/ilpes/Desktop/Antenne_e_clocks/McDMA_workspace/McDMA_v2_TF/microblaze_0/standalone_domain/bsp/system.mss
LOG::2025-08-17.09:21:25::SCWPlatform::Started generating the artifacts platform McDMA_v2_TF
TRACE::2025-08-17.09:21:25::SCWPlatform::Sanity checking of platform is completed
LOG::2025-08-17.09:21:25::SCWPlatform::Started generating the artifacts for system configuration McDMA_v2_TF
LOG::2025-08-17.09:21:25::SCWSystem::Checking the domain standalone_domain
LOG::2025-08-17.09:21:25::SCWSystem::Not a boot domain 
LOG::2025-08-17.09:21:25::SCWSystem::Started Processing the domain standalone_domain
TRACE::2025-08-17.09:21:25::SCWDomain::Generating domain artifcats
TRACE::2025-08-17.09:21:25::SCWMssOS::Generating standalone artifcats
TRACE::2025-08-17.09:21:25::SCWMssOS:: Copying the user libraries. 
TRACE::2025-08-17.09:21:25::SCWPlatform::Trying to open the hw design at C:/Users/ilpes/Desktop/Antenne_e_clocks/McDMA_workspace/McDMA_v2_TF/hw/McDMA_v2_TF.xsa
TRACE::2025-08-17.09:21:25::SCWPlatform::DSA given C:/Users/ilpes/Desktop/Antenne_e_clocks/McDMA_workspace/McDMA_v2_TF/hw/McDMA_v2_TF.xsa
TRACE::2025-08-17.09:21:25::SCWPlatform::DSA absoulate path C:/Users/ilpes/Desktop/Antenne_e_clocks/McDMA_workspace/McDMA_v2_TF/hw/McDMA_v2_TF.xsa
TRACE::2025-08-17.09:21:25::SCWPlatform::DSA directory C:/Users/ilpes/Desktop/Antenne_e_clocks/McDMA_workspace/McDMA_v2_TF/hw
TRACE::2025-08-17.09:21:25::SCWPlatform:: Platform Path C:/Users/ilpes/Desktop/Antenne_e_clocks/McDMA_workspace/McDMA_v2_TF/hw/McDMA_v2_TF.xsa
TRACE::2025-08-17.09:21:25::SCWPlatform:: Unique name xilinx:cmod_a7-35t::0.0
TRACE::2025-08-17.09:21:25::SCWPlatform::Trying to set the existing hwdb with name user_35t_wrapper_1
TRACE::2025-08-17.09:21:25::SCWPlatform::Opened existing hwdb user_35t_wrapper_1
TRACE::2025-08-17.09:21:25::SCWPlatform::Found the Hw Db part of the input DSA
TRACE::2025-08-17.09:21:25::SCWMssOS::Checking the sw design at  C:/Users/ilpes/Desktop/Antenne_e_clocks/McDMA_workspace/McDMA_v2_TF/microblaze_0/standalone_domain/bsp/system.mss
TRACE::2025-08-17.09:21:25::SCWMssOS::DEBUG:  swdes dump  C:/Users/ilpes/Desktop/Antenne_e_clocks/McDMA_workspace/McDMA_v2_TF/microblaze_0/standalone_domain/bsp/system.mss|system||

TRACE::2025-08-17.09:21:25::SCWMssOS::Sw design exists and opened at  C:/Users/ilpes/Desktop/Antenne_e_clocks/McDMA_workspace/McDMA_v2_TF/microblaze_0/standalone_domain/bsp/system.mss
TRACE::2025-08-17.09:21:25::SCWMssOS::Completed writing the mss file at C:/Users/ilpes/Desktop/Antenne_e_clocks/McDMA_workspace/McDMA_v2_TF/microblaze_0/standalone_domain/bsp
TRACE::2025-08-17.09:21:25::SCWMssOS::Mss edits present, copying mssfile into export location C:/Users/ilpes/Desktop/Antenne_e_clocks/McDMA_workspace/McDMA_v2_TF/microblaze_0/standalone_domain/bsp/system.mss
TRACE::2025-08-17.09:21:25::SCWMssOS::bsp generated is upto date with the mss file. Skipping bsp generation.
TRACE::2025-08-17.09:21:25::SCWMssOS::BSP is already built. skipping the bsp build ... 
TRACE::2025-08-17.09:21:25::SCWDomain::Skipping the build for domain :  standalone_domain
TRACE::2025-08-17.09:21:25::SCWMssOS::skipping the bsp build ... 
TRACE::2025-08-17.09:21:25::SCWMssOS::Copying to export directory.
TRACE::2025-08-17.09:21:25::SCWMssOS:: Checking if to create the Supporting Applications
TRACE::2025-08-17.09:21:25::SCWMssOS:: No Linux domain exists, trying to generate FSBL 
LOG::2025-08-17.09:21:25::SCWSystem::Completed Processing the domain standalone_domain
LOG::2025-08-17.09:21:25::SCWSystem::Completed Processing the sysconfig McDMA_v2_TF
LOG::2025-08-17.09:21:25::SCWPlatform::Completed generating the artifacts for system configuration McDMA_v2_TF
TRACE::2025-08-17.09:21:25::SCWPlatform::Started preparing the platform 
TRACE::2025-08-17.09:21:25::SCWSystem::Writing the bif file for system config McDMA_v2_TF
TRACE::2025-08-17.09:21:25::SCWSystem::dir created 
TRACE::2025-08-17.09:21:25::SCWSystem::Writing the bif 
TRACE::2025-08-17.09:21:25::SCWPlatform::Started writing the spfm file 
TRACE::2025-08-17.09:21:25::SCWPlatform::Started writing the xpfm file 
TRACE::2025-08-17.09:21:25::SCWPlatform::Completed generating the platform
TRACE::2025-08-17.09:21:25::SCWMssOS::Saving the mss changes C:/Users/ilpes/Desktop/Antenne_e_clocks/McDMA_workspace/McDMA_v2_TF/microblaze_0/standalone_domain/bsp/system.mss
TRACE::2025-08-17.09:21:25::SCWMssOS::Found a swdesign opened with the mssfile.
TRACE::2025-08-17.09:21:25::SCWMssOS::Completed writemss as part of save.
TRACE::2025-08-17.09:21:25::SCWMssOS::Commit changes completed.
TRACE::2025-08-17.09:21:25::SCWPlatform::Trying to open the hw design at C:/Users/ilpes/Desktop/Antenne_e_clocks/McDMA_workspace/McDMA_v2_TF/hw/McDMA_v2_TF.xsa
TRACE::2025-08-17.09:21:25::SCWPlatform::DSA given C:/Users/ilpes/Desktop/Antenne_e_clocks/McDMA_workspace/McDMA_v2_TF/hw/McDMA_v2_TF.xsa
TRACE::2025-08-17.09:21:25::SCWPlatform::DSA absoulate path C:/Users/ilpes/Desktop/Antenne_e_clocks/McDMA_workspace/McDMA_v2_TF/hw/McDMA_v2_TF.xsa
TRACE::2025-08-17.09:21:25::SCWPlatform::DSA directory C:/Users/ilpes/Desktop/Antenne_e_clocks/McDMA_workspace/McDMA_v2_TF/hw
TRACE::2025-08-17.09:21:26::SCWPlatform:: Platform Path C:/Users/ilpes/Desktop/Antenne_e_clocks/McDMA_workspace/McDMA_v2_TF/hw/McDMA_v2_TF.xsa
TRACE::2025-08-17.09:21:26::SCWPlatform:: Unique name xilinx:cmod_a7-35t::0.0
TRACE::2025-08-17.09:21:26::SCWPlatform::Trying to set the existing hwdb with name user_35t_wrapper_1
TRACE::2025-08-17.09:21:26::SCWPlatform::Opened existing hwdb user_35t_wrapper_1
TRACE::2025-08-17.09:21:26::SCWPlatform::Found the Hw Db part of the input DSA
TRACE::2025-08-17.09:21:26::SCWMssOS::Checking the sw design at  C:/Users/ilpes/Desktop/Antenne_e_clocks/McDMA_workspace/McDMA_v2_TF/microblaze_0/standalone_domain/bsp/system.mss
TRACE::2025-08-17.09:21:26::SCWMssOS::DEBUG:  swdes dump  C:/Users/ilpes/Desktop/Antenne_e_clocks/McDMA_workspace/McDMA_v2_TF/microblaze_0/standalone_domain/bsp/system.mss|system||

TRACE::2025-08-17.09:21:26::SCWMssOS::Sw design exists and opened at  C:/Users/ilpes/Desktop/Antenne_e_clocks/McDMA_workspace/McDMA_v2_TF/microblaze_0/standalone_domain/bsp/system.mss
TRACE::2025-08-17.09:21:26::SCWWriter::formatted JSON is {
	"platformName":	"McDMA_v2_TF",
	"sprVersion":	"2.0",
	"mode":	"gui",
	"dsaType":	"Fixed",
	"platformDesc":	"McDMA_v2_TF",
	"platHandOff":	"C:/Users/ilpes/Desktop/INSEGNAMENTO/Didattica2023/McDMA/McDMA_v2/McDMA_v2_TF.xsa",
	"platIntHandOff":	"<platformDir>/hw/McDMA_v2_TF.xsa",
	"deviceType":	"FPGA",
	"platIsPrebuiltAutogen":	"false",
	"platIsNoBootBsp":	"false",
	"hasFsblMakeHasChanges":	"false",
	"hasPmufwMakeHasChanges":	"false",
	"platPreBuiltFlag":	false,
	"platformSamplesDir":	"",
	"platActiveSys":	"McDMA_v2_TF",
	"systems":	[{
			"systemName":	"McDMA_v2_TF",
			"systemDesc":	"McDMA_v2_TF",
			"sysIsBootAutoGen":	"true",
			"systemDispName":	"McDMA_v2_TF",
			"sysActiveDom":	"standalone_domain",
			"sysDefaultDom":	"standalone_domain",
			"domains":	[{
					"domainName":	"standalone_domain",
					"domainDispName":	"standalone on microblaze_0",
					"domainDesc":	"standalone_domain",
					"processors":	"microblaze_0",
					"os":	"standalone",
					"sdxOs":	"standalone",
					"debugEnable":	"False",
					"domRuntimes":	["cpp"],
					"swRepo":	"",
					"mssOsVer":	"7.3",
					"mssFile":	"",
					"md5Digest":	"b556b028d03c86c66c02c5206503ee30",
					"compatibleApp":	"",
					"domType":	"mssDomain",
					"arch":	"32-bit",
					"appSettings":	{
						"appCompilerFlags":	"",
						"appLinkerFlags":	""
					},
					"addedLibs":	[],
					"libOptions":	{
						"libsContainingOptions":	[]
					},
					"prebuiltLibs":	{
						"prebuiltIncPath":	[],
						"prebuiltLibPath":	[]
					},
					"isolation":	{
					}
				}]
		}]
}
KEYINFO::2025-08-17.09:21:26::SCWPlatform::updated the xpfm file.
TRACE::2025-08-17.09:21:26::SCWPlatform::Trying to open the hw design at C:/Users/ilpes/Desktop/Antenne_e_clocks/McDMA_workspace/McDMA_v2_TF/hw/McDMA_v2_TF.xsa
TRACE::2025-08-17.09:21:26::SCWPlatform::DSA given C:/Users/ilpes/Desktop/Antenne_e_clocks/McDMA_workspace/McDMA_v2_TF/hw/McDMA_v2_TF.xsa
TRACE::2025-08-17.09:21:26::SCWPlatform::DSA absoulate path C:/Users/ilpes/Desktop/Antenne_e_clocks/McDMA_workspace/McDMA_v2_TF/hw/McDMA_v2_TF.xsa
TRACE::2025-08-17.09:21:26::SCWPlatform::DSA directory C:/Users/ilpes/Desktop/Antenne_e_clocks/McDMA_workspace/McDMA_v2_TF/hw
TRACE::2025-08-17.09:21:26::SCWPlatform:: Platform Path C:/Users/ilpes/Desktop/Antenne_e_clocks/McDMA_workspace/McDMA_v2_TF/hw/McDMA_v2_TF.xsa
TRACE::2025-08-17.09:21:26::SCWPlatform:: Unique name xilinx:cmod_a7-35t::0.0
TRACE::2025-08-17.09:21:26::SCWPlatform::Trying to set the existing hwdb with name user_35t_wrapper_1
TRACE::2025-08-17.09:21:26::SCWPlatform::Opened existing hwdb user_35t_wrapper_1
TRACE::2025-08-17.09:21:26::SCWPlatform::Found the Hw Db part of the input DSA
TRACE::2025-08-17.09:21:26::SCWMssOS::Checking the sw design at  C:/Users/ilpes/Desktop/Antenne_e_clocks/McDMA_workspace/McDMA_v2_TF/microblaze_0/standalone_domain/bsp/system.mss
TRACE::2025-08-17.09:21:26::SCWMssOS::DEBUG:  swdes dump  C:/Users/ilpes/Desktop/Antenne_e_clocks/McDMA_workspace/McDMA_v2_TF/microblaze_0/standalone_domain/bsp/system.mss|system||

TRACE::2025-08-17.09:21:26::SCWMssOS::Sw design exists and opened at  C:/Users/ilpes/Desktop/Antenne_e_clocks/McDMA_workspace/McDMA_v2_TF/microblaze_0/standalone_domain/bsp/system.mss
LOG::2025-08-17.09:26:49::SCWPlatform::Started generating the artifacts platform McDMA_v2_TF
TRACE::2025-08-17.09:26:49::SCWPlatform::Sanity checking of platform is completed
LOG::2025-08-17.09:26:49::SCWPlatform::Started generating the artifacts for system configuration McDMA_v2_TF
LOG::2025-08-17.09:26:49::SCWSystem::Checking the domain standalone_domain
LOG::2025-08-17.09:26:49::SCWSystem::Not a boot domain 
LOG::2025-08-17.09:26:49::SCWSystem::Started Processing the domain standalone_domain
TRACE::2025-08-17.09:26:49::SCWDomain::Generating domain artifcats
TRACE::2025-08-17.09:26:49::SCWMssOS::Generating standalone artifcats
TRACE::2025-08-17.09:26:49::SCWMssOS:: Copying the user libraries. 
TRACE::2025-08-17.09:26:49::SCWPlatform::Trying to open the hw design at C:/Users/ilpes/Desktop/Antenne_e_clocks/McDMA_workspace/McDMA_v2_TF/hw/McDMA_v2_TF.xsa
TRACE::2025-08-17.09:26:49::SCWPlatform::DSA given C:/Users/ilpes/Desktop/Antenne_e_clocks/McDMA_workspace/McDMA_v2_TF/hw/McDMA_v2_TF.xsa
TRACE::2025-08-17.09:26:49::SCWPlatform::DSA absoulate path C:/Users/ilpes/Desktop/Antenne_e_clocks/McDMA_workspace/McDMA_v2_TF/hw/McDMA_v2_TF.xsa
TRACE::2025-08-17.09:26:49::SCWPlatform::DSA directory C:/Users/ilpes/Desktop/Antenne_e_clocks/McDMA_workspace/McDMA_v2_TF/hw
TRACE::2025-08-17.09:26:49::SCWPlatform:: Platform Path C:/Users/ilpes/Desktop/Antenne_e_clocks/McDMA_workspace/McDMA_v2_TF/hw/McDMA_v2_TF.xsa
TRACE::2025-08-17.09:26:49::SCWPlatform:: Unique name xilinx:cmod_a7-35t::0.0
TRACE::2025-08-17.09:26:49::SCWPlatform::Trying to set the existing hwdb with name user_35t_wrapper_1
TRACE::2025-08-17.09:26:49::SCWPlatform::Opened existing hwdb user_35t_wrapper_1
TRACE::2025-08-17.09:26:49::SCWPlatform::Found the Hw Db part of the input DSA
TRACE::2025-08-17.09:26:49::SCWMssOS::Checking the sw design at  C:/Users/ilpes/Desktop/Antenne_e_clocks/McDMA_workspace/McDMA_v2_TF/microblaze_0/standalone_domain/bsp/system.mss
TRACE::2025-08-17.09:26:49::SCWMssOS::DEBUG:  swdes dump  C:/Users/ilpes/Desktop/Antenne_e_clocks/McDMA_workspace/McDMA_v2_TF/microblaze_0/standalone_domain/bsp/system.mss|system||

TRACE::2025-08-17.09:26:49::SCWMssOS::Sw design exists and opened at  C:/Users/ilpes/Desktop/Antenne_e_clocks/McDMA_workspace/McDMA_v2_TF/microblaze_0/standalone_domain/bsp/system.mss
TRACE::2025-08-17.09:26:49::SCWMssOS::Completed writing the mss file at C:/Users/ilpes/Desktop/Antenne_e_clocks/McDMA_workspace/McDMA_v2_TF/microblaze_0/standalone_domain/bsp
TRACE::2025-08-17.09:26:49::SCWMssOS::Mss edits present, copying mssfile into export location C:/Users/ilpes/Desktop/Antenne_e_clocks/McDMA_workspace/McDMA_v2_TF/microblaze_0/standalone_domain/bsp/system.mss
TRACE::2025-08-17.09:26:49::SCWMssOS::bsp generated is upto date with the mss file. Skipping bsp generation.
TRACE::2025-08-17.09:26:49::SCWMssOS::BSP is already built. skipping the bsp build ... 
TRACE::2025-08-17.09:26:49::SCWDomain::Skipping the build for domain :  standalone_domain
TRACE::2025-08-17.09:26:49::SCWMssOS::skipping the bsp build ... 
TRACE::2025-08-17.09:26:49::SCWMssOS::Copying to export directory.
TRACE::2025-08-17.09:26:49::SCWMssOS:: Checking if to create the Supporting Applications
TRACE::2025-08-17.09:26:49::SCWMssOS:: No Linux domain exists, trying to generate FSBL 
LOG::2025-08-17.09:26:49::SCWSystem::Completed Processing the domain standalone_domain
LOG::2025-08-17.09:26:49::SCWSystem::Completed Processing the sysconfig McDMA_v2_TF
LOG::2025-08-17.09:26:49::SCWPlatform::Completed generating the artifacts for system configuration McDMA_v2_TF
TRACE::2025-08-17.09:26:49::SCWPlatform::Started preparing the platform 
TRACE::2025-08-17.09:26:49::SCWSystem::Writing the bif file for system config McDMA_v2_TF
TRACE::2025-08-17.09:26:49::SCWSystem::dir created 
TRACE::2025-08-17.09:26:49::SCWSystem::Writing the bif 
TRACE::2025-08-17.09:26:49::SCWPlatform::Started writing the spfm file 
TRACE::2025-08-17.09:26:49::SCWPlatform::Started writing the xpfm file 
TRACE::2025-08-17.09:26:49::SCWPlatform::Completed generating the platform
TRACE::2025-08-17.09:26:49::SCWMssOS::Saving the mss changes C:/Users/ilpes/Desktop/Antenne_e_clocks/McDMA_workspace/McDMA_v2_TF/microblaze_0/standalone_domain/bsp/system.mss
TRACE::2025-08-17.09:26:49::SCWMssOS::Found a swdesign opened with the mssfile.
TRACE::2025-08-17.09:26:49::SCWMssOS::Completed writemss as part of save.
TRACE::2025-08-17.09:26:49::SCWMssOS::Commit changes completed.
TRACE::2025-08-17.09:26:49::SCWPlatform::Trying to open the hw design at C:/Users/ilpes/Desktop/Antenne_e_clocks/McDMA_workspace/McDMA_v2_TF/hw/McDMA_v2_TF.xsa
TRACE::2025-08-17.09:26:49::SCWPlatform::DSA given C:/Users/ilpes/Desktop/Antenne_e_clocks/McDMA_workspace/McDMA_v2_TF/hw/McDMA_v2_TF.xsa
TRACE::2025-08-17.09:26:49::SCWPlatform::DSA absoulate path C:/Users/ilpes/Desktop/Antenne_e_clocks/McDMA_workspace/McDMA_v2_TF/hw/McDMA_v2_TF.xsa
TRACE::2025-08-17.09:26:49::SCWPlatform::DSA directory C:/Users/ilpes/Desktop/Antenne_e_clocks/McDMA_workspace/McDMA_v2_TF/hw
TRACE::2025-08-17.09:26:49::SCWPlatform:: Platform Path C:/Users/ilpes/Desktop/Antenne_e_clocks/McDMA_workspace/McDMA_v2_TF/hw/McDMA_v2_TF.xsa
TRACE::2025-08-17.09:26:49::SCWPlatform:: Unique name xilinx:cmod_a7-35t::0.0
TRACE::2025-08-17.09:26:49::SCWPlatform::Trying to set the existing hwdb with name user_35t_wrapper_1
TRACE::2025-08-17.09:26:49::SCWPlatform::Opened existing hwdb user_35t_wrapper_1
TRACE::2025-08-17.09:26:49::SCWPlatform::Found the Hw Db part of the input DSA
TRACE::2025-08-17.09:26:49::SCWMssOS::Checking the sw design at  C:/Users/ilpes/Desktop/Antenne_e_clocks/McDMA_workspace/McDMA_v2_TF/microblaze_0/standalone_domain/bsp/system.mss
TRACE::2025-08-17.09:26:49::SCWMssOS::DEBUG:  swdes dump  C:/Users/ilpes/Desktop/Antenne_e_clocks/McDMA_workspace/McDMA_v2_TF/microblaze_0/standalone_domain/bsp/system.mss|system||

TRACE::2025-08-17.09:26:49::SCWMssOS::Sw design exists and opened at  C:/Users/ilpes/Desktop/Antenne_e_clocks/McDMA_workspace/McDMA_v2_TF/microblaze_0/standalone_domain/bsp/system.mss
TRACE::2025-08-17.09:26:49::SCWWriter::formatted JSON is {
	"platformName":	"McDMA_v2_TF",
	"sprVersion":	"2.0",
	"mode":	"gui",
	"dsaType":	"Fixed",
	"platformDesc":	"McDMA_v2_TF",
	"platHandOff":	"C:/Users/ilpes/Desktop/INSEGNAMENTO/Didattica2023/McDMA/McDMA_v2/McDMA_v2_TF.xsa",
	"platIntHandOff":	"<platformDir>/hw/McDMA_v2_TF.xsa",
	"deviceType":	"FPGA",
	"platIsPrebuiltAutogen":	"false",
	"platIsNoBootBsp":	"false",
	"hasFsblMakeHasChanges":	"false",
	"hasPmufwMakeHasChanges":	"false",
	"platPreBuiltFlag":	false,
	"platformSamplesDir":	"",
	"platActiveSys":	"McDMA_v2_TF",
	"systems":	[{
			"systemName":	"McDMA_v2_TF",
			"systemDesc":	"McDMA_v2_TF",
			"sysIsBootAutoGen":	"true",
			"systemDispName":	"McDMA_v2_TF",
			"sysActiveDom":	"standalone_domain",
			"sysDefaultDom":	"standalone_domain",
			"domains":	[{
					"domainName":	"standalone_domain",
					"domainDispName":	"standalone on microblaze_0",
					"domainDesc":	"standalone_domain",
					"processors":	"microblaze_0",
					"os":	"standalone",
					"sdxOs":	"standalone",
					"debugEnable":	"False",
					"domRuntimes":	["cpp"],
					"swRepo":	"",
					"mssOsVer":	"7.3",
					"mssFile":	"",
					"md5Digest":	"b556b028d03c86c66c02c5206503ee30",
					"compatibleApp":	"",
					"domType":	"mssDomain",
					"arch":	"32-bit",
					"appSettings":	{
						"appCompilerFlags":	"",
						"appLinkerFlags":	""
					},
					"addedLibs":	[],
					"libOptions":	{
						"libsContainingOptions":	[]
					},
					"prebuiltLibs":	{
						"prebuiltIncPath":	[],
						"prebuiltLibPath":	[]
					},
					"isolation":	{
					}
				}]
		}]
}
KEYINFO::2025-08-17.09:26:49::SCWPlatform::updated the xpfm file.
TRACE::2025-08-17.09:26:49::SCWPlatform::Trying to open the hw design at C:/Users/ilpes/Desktop/Antenne_e_clocks/McDMA_workspace/McDMA_v2_TF/hw/McDMA_v2_TF.xsa
TRACE::2025-08-17.09:26:49::SCWPlatform::DSA given C:/Users/ilpes/Desktop/Antenne_e_clocks/McDMA_workspace/McDMA_v2_TF/hw/McDMA_v2_TF.xsa
TRACE::2025-08-17.09:26:49::SCWPlatform::DSA absoulate path C:/Users/ilpes/Desktop/Antenne_e_clocks/McDMA_workspace/McDMA_v2_TF/hw/McDMA_v2_TF.xsa
TRACE::2025-08-17.09:26:49::SCWPlatform::DSA directory C:/Users/ilpes/Desktop/Antenne_e_clocks/McDMA_workspace/McDMA_v2_TF/hw
TRACE::2025-08-17.09:26:49::SCWPlatform:: Platform Path C:/Users/ilpes/Desktop/Antenne_e_clocks/McDMA_workspace/McDMA_v2_TF/hw/McDMA_v2_TF.xsa
TRACE::2025-08-17.09:26:49::SCWPlatform:: Unique name xilinx:cmod_a7-35t::0.0
TRACE::2025-08-17.09:26:49::SCWPlatform::Trying to set the existing hwdb with name user_35t_wrapper_1
TRACE::2025-08-17.09:26:49::SCWPlatform::Opened existing hwdb user_35t_wrapper_1
TRACE::2025-08-17.09:26:49::SCWPlatform::Found the Hw Db part of the input DSA
TRACE::2025-08-17.09:26:49::SCWMssOS::Checking the sw design at  C:/Users/ilpes/Desktop/Antenne_e_clocks/McDMA_workspace/McDMA_v2_TF/microblaze_0/standalone_domain/bsp/system.mss
TRACE::2025-08-17.09:26:49::SCWMssOS::DEBUG:  swdes dump  C:/Users/ilpes/Desktop/Antenne_e_clocks/McDMA_workspace/McDMA_v2_TF/microblaze_0/standalone_domain/bsp/system.mss|system||

TRACE::2025-08-17.09:26:49::SCWMssOS::Sw design exists and opened at  C:/Users/ilpes/Desktop/Antenne_e_clocks/McDMA_workspace/McDMA_v2_TF/microblaze_0/standalone_domain/bsp/system.mss
TRACE::2025-08-18.12:58:04::SCWPlatform::Trying to open the hw design at C:/Users/ilpes/Desktop/Antenne_e_clocks/McDMA_workspace/McDMA_v2_TF/hw/McDMA_v2_TF.xsa
TRACE::2025-08-18.12:58:04::SCWPlatform::DSA given C:/Users/ilpes/Desktop/Antenne_e_clocks/McDMA_workspace/McDMA_v2_TF/hw/McDMA_v2_TF.xsa
TRACE::2025-08-18.12:58:04::SCWPlatform::DSA absoulate path C:/Users/ilpes/Desktop/Antenne_e_clocks/McDMA_workspace/McDMA_v2_TF/hw/McDMA_v2_TF.xsa
TRACE::2025-08-18.12:58:04::SCWPlatform::DSA directory C:/Users/ilpes/Desktop/Antenne_e_clocks/McDMA_workspace/McDMA_v2_TF/hw
TRACE::2025-08-18.12:58:04::SCWPlatform:: Platform Path C:/Users/ilpes/Desktop/Antenne_e_clocks/McDMA_workspace/McDMA_v2_TF/hw/McDMA_v2_TF.xsa
TRACE::2025-08-18.12:58:04::SCWPlatform:: Unique name xilinx:cmod_a7-35t::0.0
TRACE::2025-08-18.12:58:04::SCWPlatform::Do not have an existing db opened. 
TRACE::2025-08-18.12:58:06::SCWPlatform::Opened new HwDB with name user_35t_wrapper_9
TRACE::2025-08-18.12:58:06::SCWReader::Active system found as  McDMA_v2_TF
TRACE::2025-08-18.12:58:06::SCWReader::Handling sysconfig McDMA_v2_TF
TRACE::2025-08-18.12:58:06::SCWDomain::checking for install qemu data   : 
TRACE::2025-08-18.12:58:06::SCWPlatform::Trying to open the hw design at C:/Users/ilpes/Desktop/Antenne_e_clocks/McDMA_workspace/McDMA_v2_TF/hw/McDMA_v2_TF.xsa
TRACE::2025-08-18.12:58:06::SCWPlatform::DSA given C:/Users/ilpes/Desktop/Antenne_e_clocks/McDMA_workspace/McDMA_v2_TF/hw/McDMA_v2_TF.xsa
TRACE::2025-08-18.12:58:06::SCWPlatform::DSA absoulate path C:/Users/ilpes/Desktop/Antenne_e_clocks/McDMA_workspace/McDMA_v2_TF/hw/McDMA_v2_TF.xsa
TRACE::2025-08-18.12:58:06::SCWPlatform::DSA directory C:/Users/ilpes/Desktop/Antenne_e_clocks/McDMA_workspace/McDMA_v2_TF/hw
TRACE::2025-08-18.12:58:06::SCWPlatform:: Platform Path C:/Users/ilpes/Desktop/Antenne_e_clocks/McDMA_workspace/McDMA_v2_TF/hw/McDMA_v2_TF.xsa
TRACE::2025-08-18.12:58:06::SCWPlatform:: Unique name xilinx:cmod_a7-35t::0.0
TRACE::2025-08-18.12:58:06::SCWPlatform::Trying to set the existing hwdb with name user_35t_wrapper_9
TRACE::2025-08-18.12:58:06::SCWPlatform::Opened existing hwdb user_35t_wrapper_9
TRACE::2025-08-18.12:58:06::SCWPlatform::Found the Hw Db part of the input DSA
TRACE::2025-08-18.12:58:06::SCWPlatform::Trying to open the hw design at C:/Users/ilpes/Desktop/Antenne_e_clocks/McDMA_workspace/McDMA_v2_TF/hw/McDMA_v2_TF.xsa
TRACE::2025-08-18.12:58:06::SCWPlatform::DSA given C:/Users/ilpes/Desktop/Antenne_e_clocks/McDMA_workspace/McDMA_v2_TF/hw/McDMA_v2_TF.xsa
TRACE::2025-08-18.12:58:06::SCWPlatform::DSA absoulate path C:/Users/ilpes/Desktop/Antenne_e_clocks/McDMA_workspace/McDMA_v2_TF/hw/McDMA_v2_TF.xsa
TRACE::2025-08-18.12:58:06::SCWPlatform::DSA directory C:/Users/ilpes/Desktop/Antenne_e_clocks/McDMA_workspace/McDMA_v2_TF/hw
TRACE::2025-08-18.12:58:06::SCWPlatform:: Platform Path C:/Users/ilpes/Desktop/Antenne_e_clocks/McDMA_workspace/McDMA_v2_TF/hw/McDMA_v2_TF.xsa
TRACE::2025-08-18.12:58:06::SCWPlatform:: Unique name xilinx:cmod_a7-35t::0.0
TRACE::2025-08-18.12:58:06::SCWPlatform::Trying to set the existing hwdb with name user_35t_wrapper_9
TRACE::2025-08-18.12:58:06::SCWPlatform::Opened existing hwdb user_35t_wrapper_9
TRACE::2025-08-18.12:58:06::SCWPlatform::Found the Hw Db part of the input DSA
TRACE::2025-08-18.12:58:06::SCWPlatform::Trying to open the hw design at C:/Users/ilpes/Desktop/Antenne_e_clocks/McDMA_workspace/McDMA_v2_TF/hw/McDMA_v2_TF.xsa
TRACE::2025-08-18.12:58:06::SCWPlatform::DSA given C:/Users/ilpes/Desktop/Antenne_e_clocks/McDMA_workspace/McDMA_v2_TF/hw/McDMA_v2_TF.xsa
TRACE::2025-08-18.12:58:06::SCWPlatform::DSA absoulate path C:/Users/ilpes/Desktop/Antenne_e_clocks/McDMA_workspace/McDMA_v2_TF/hw/McDMA_v2_TF.xsa
TRACE::2025-08-18.12:58:06::SCWPlatform::DSA directory C:/Users/ilpes/Desktop/Antenne_e_clocks/McDMA_workspace/McDMA_v2_TF/hw
TRACE::2025-08-18.12:58:06::SCWPlatform:: Platform Path C:/Users/ilpes/Desktop/Antenne_e_clocks/McDMA_workspace/McDMA_v2_TF/hw/McDMA_v2_TF.xsa
TRACE::2025-08-18.12:58:06::SCWPlatform:: Unique name xilinx:cmod_a7-35t::0.0
TRACE::2025-08-18.12:58:06::SCWPlatform::Trying to set the existing hwdb with name user_35t_wrapper_9
TRACE::2025-08-18.12:58:06::SCWPlatform::Opened existing hwdb user_35t_wrapper_9
TRACE::2025-08-18.12:58:06::SCWPlatform::Found the Hw Db part of the input DSA
TRACE::2025-08-18.12:58:06::SCWPlatform::Trying to open the hw design at C:/Users/ilpes/Desktop/Antenne_e_clocks/McDMA_workspace/McDMA_v2_TF/hw/McDMA_v2_TF.xsa
TRACE::2025-08-18.12:58:06::SCWPlatform::DSA given C:/Users/ilpes/Desktop/Antenne_e_clocks/McDMA_workspace/McDMA_v2_TF/hw/McDMA_v2_TF.xsa
TRACE::2025-08-18.12:58:06::SCWPlatform::DSA absoulate path C:/Users/ilpes/Desktop/Antenne_e_clocks/McDMA_workspace/McDMA_v2_TF/hw/McDMA_v2_TF.xsa
TRACE::2025-08-18.12:58:06::SCWPlatform::DSA directory C:/Users/ilpes/Desktop/Antenne_e_clocks/McDMA_workspace/McDMA_v2_TF/hw
TRACE::2025-08-18.12:58:06::SCWPlatform:: Platform Path C:/Users/ilpes/Desktop/Antenne_e_clocks/McDMA_workspace/McDMA_v2_TF/hw/McDMA_v2_TF.xsa
TRACE::2025-08-18.12:58:06::SCWPlatform:: Unique name xilinx:cmod_a7-35t::0.0
TRACE::2025-08-18.12:58:06::SCWPlatform::Trying to set the existing hwdb with name user_35t_wrapper_9
TRACE::2025-08-18.12:58:06::SCWPlatform::Opened existing hwdb user_35t_wrapper_9
TRACE::2025-08-18.12:58:06::SCWPlatform::Found the Hw Db part of the input DSA
TRACE::2025-08-18.12:58:06::SCWMssOS::Checking the sw design at  C:/Users/ilpes/Desktop/Antenne_e_clocks/McDMA_workspace/McDMA_v2_TF/microblaze_0/standalone_domain/bsp/system.mss
TRACE::2025-08-18.12:58:06::SCWMssOS::DEBUG:  swdes dump  C:/Users/ilpes/Desktop/Antenne_e_clocks/McDMA_workspace/MCDMA_ila_bsp/microblaze_0/standalone_domain/bsp/system.mss|system_0||
C:/Users/ilpes/Desktop/Antenne_e_clocks/McDMA_workspace/McDMA_bsp/microblaze_0/standalone_domain/bsp/system.mss|system_1||
C:/Users/ilpes/Desktop/Antenne_e_clocks/McDMA_workspace/McDMA_v1/microblaze_0/standalone_domain/bsp/system.mss|system_2||
C:/Users/ilpes/Desktop/Antenne_e_clocks/McDMA_workspace/McDMA_v2_bootloop/microblaze_0/standalone_domain/bsp/system.mss|system||

TRACE::2025-08-18.12:58:06::SCWMssOS::No sw design opened at  C:/Users/ilpes/Desktop/Antenne_e_clocks/McDMA_workspace/McDMA_v2_TF/microblaze_0/standalone_domain/bsp/system.mss
TRACE::2025-08-18.12:58:06::SCWMssOS::mss exists loading the mss file  C:/Users/ilpes/Desktop/Antenne_e_clocks/McDMA_workspace/McDMA_v2_TF/microblaze_0/standalone_domain/bsp/system.mss
TRACE::2025-08-18.12:58:06::SCWMssOS::Opened the sw design from mss  C:/Users/ilpes/Desktop/Antenne_e_clocks/McDMA_workspace/McDMA_v2_TF/microblaze_0/standalone_domain/bsp/system.mss
TRACE::2025-08-18.12:58:06::SCWMssOS::Adding the swdes entry C:/Users/ilpes/Desktop/Antenne_e_clocks/McDMA_workspace/McDMA_v2_TF/microblaze_0/standalone_domain/bsp/system.mss with des name system_3
TRACE::2025-08-18.12:58:06::SCWMssOS::updating the scw layer about changes
TRACE::2025-08-18.12:58:06::SCWMssOS::Opened the sw design.  C:/Users/ilpes/Desktop/Antenne_e_clocks/McDMA_workspace/McDMA_v2_TF/microblaze_0/standalone_domain/bsp/system.mss
TRACE::2025-08-18.12:58:06::SCWMssOS::Saving the mss changes C:/Users/ilpes/Desktop/Antenne_e_clocks/McDMA_workspace/McDMA_v2_TF/microblaze_0/standalone_domain/bsp/system.mss
TRACE::2025-08-18.12:58:06::SCWMssOS::Found a swdesign opened with the mssfile.
TRACE::2025-08-18.12:58:06::SCWMssOS::Completed writemss as part of save.
TRACE::2025-08-18.12:58:06::SCWMssOS::Commit changes completed.
TRACE::2025-08-18.12:58:06::SCWReader::Adding prebuilt librarypaths as   
TRACE::2025-08-18.12:58:06::SCWReader::Adding prebuilt incpaths  as   
TRACE::2025-08-18.12:58:06::SCWPlatform::Trying to open the hw design at C:/Users/ilpes/Desktop/Antenne_e_clocks/McDMA_workspace/McDMA_v2_TF/hw/McDMA_v2_TF.xsa
TRACE::2025-08-18.12:58:06::SCWPlatform::DSA given C:/Users/ilpes/Desktop/Antenne_e_clocks/McDMA_workspace/McDMA_v2_TF/hw/McDMA_v2_TF.xsa
TRACE::2025-08-18.12:58:06::SCWPlatform::DSA absoulate path C:/Users/ilpes/Desktop/Antenne_e_clocks/McDMA_workspace/McDMA_v2_TF/hw/McDMA_v2_TF.xsa
TRACE::2025-08-18.12:58:06::SCWPlatform::DSA directory C:/Users/ilpes/Desktop/Antenne_e_clocks/McDMA_workspace/McDMA_v2_TF/hw
TRACE::2025-08-18.12:58:06::SCWPlatform:: Platform Path C:/Users/ilpes/Desktop/Antenne_e_clocks/McDMA_workspace/McDMA_v2_TF/hw/McDMA_v2_TF.xsa
TRACE::2025-08-18.12:58:06::SCWPlatform:: Unique name xilinx:cmod_a7-35t::0.0
TRACE::2025-08-18.12:58:06::SCWPlatform::Trying to set the existing hwdb with name user_35t_wrapper_9
TRACE::2025-08-18.12:58:06::SCWPlatform::Opened existing hwdb user_35t_wrapper_9
TRACE::2025-08-18.12:58:06::SCWPlatform::Found the Hw Db part of the input DSA
TRACE::2025-08-18.12:58:06::SCWMssOS::Checking the sw design at  C:/Users/ilpes/Desktop/Antenne_e_clocks/McDMA_workspace/McDMA_v2_TF/microblaze_0/standalone_domain/bsp/system.mss
TRACE::2025-08-18.12:58:06::SCWMssOS::DEBUG:  swdes dump  C:/Users/ilpes/Desktop/Antenne_e_clocks/McDMA_workspace/MCDMA_ila_bsp/microblaze_0/standalone_domain/bsp/system.mss|system_0||
C:/Users/ilpes/Desktop/Antenne_e_clocks/McDMA_workspace/McDMA_bsp/microblaze_0/standalone_domain/bsp/system.mss|system_1||
C:/Users/ilpes/Desktop/Antenne_e_clocks/McDMA_workspace/McDMA_v1/microblaze_0/standalone_domain/bsp/system.mss|system_2||
C:/Users/ilpes/Desktop/Antenne_e_clocks/McDMA_workspace/McDMA_v2_TF/microblaze_0/standalone_domain/bsp/system.mss|system_3||
C:/Users/ilpes/Desktop/Antenne_e_clocks/McDMA_workspace/McDMA_v2_bootloop/microblaze_0/standalone_domain/bsp/system.mss|system||

TRACE::2025-08-18.12:58:06::SCWMssOS::Sw design exists and opened at  C:/Users/ilpes/Desktop/Antenne_e_clocks/McDMA_workspace/McDMA_v2_TF/microblaze_0/standalone_domain/bsp/system.mss
TRACE::2025-08-18.12:58:06::SCWReader::No isolation master present  
LOG::2025-08-18.12:58:06::SCWPlatform::Started generating the artifacts platform McDMA_v2_TF
TRACE::2025-08-18.12:58:06::SCWPlatform::Sanity checking of platform is completed
LOG::2025-08-18.12:58:06::SCWPlatform::Started generating the artifacts for system configuration McDMA_v2_TF
LOG::2025-08-18.12:58:06::SCWSystem::Checking the domain standalone_domain
LOG::2025-08-18.12:58:06::SCWSystem::Not a boot domain 
LOG::2025-08-18.12:58:06::SCWSystem::Started Processing the domain standalone_domain
TRACE::2025-08-18.12:58:06::SCWDomain::Generating domain artifcats
TRACE::2025-08-18.12:58:06::SCWMssOS::Generating standalone artifcats
TRACE::2025-08-18.12:58:06::SCWMssOS:: Copying the user libraries. 
TRACE::2025-08-18.12:58:06::SCWPlatform::Trying to open the hw design at C:/Users/ilpes/Desktop/Antenne_e_clocks/McDMA_workspace/McDMA_v2_TF/hw/McDMA_v2_TF.xsa
TRACE::2025-08-18.12:58:06::SCWPlatform::DSA given C:/Users/ilpes/Desktop/Antenne_e_clocks/McDMA_workspace/McDMA_v2_TF/hw/McDMA_v2_TF.xsa
TRACE::2025-08-18.12:58:06::SCWPlatform::DSA absoulate path C:/Users/ilpes/Desktop/Antenne_e_clocks/McDMA_workspace/McDMA_v2_TF/hw/McDMA_v2_TF.xsa
TRACE::2025-08-18.12:58:06::SCWPlatform::DSA directory C:/Users/ilpes/Desktop/Antenne_e_clocks/McDMA_workspace/McDMA_v2_TF/hw
TRACE::2025-08-18.12:58:06::SCWPlatform:: Platform Path C:/Users/ilpes/Desktop/Antenne_e_clocks/McDMA_workspace/McDMA_v2_TF/hw/McDMA_v2_TF.xsa
TRACE::2025-08-18.12:58:06::SCWPlatform:: Unique name xilinx:cmod_a7-35t::0.0
TRACE::2025-08-18.12:58:06::SCWPlatform::Trying to set the existing hwdb with name user_35t_wrapper_9
TRACE::2025-08-18.12:58:06::SCWPlatform::Opened existing hwdb user_35t_wrapper_9
TRACE::2025-08-18.12:58:06::SCWPlatform::Found the Hw Db part of the input DSA
TRACE::2025-08-18.12:58:06::SCWMssOS::Checking the sw design at  C:/Users/ilpes/Desktop/Antenne_e_clocks/McDMA_workspace/McDMA_v2_TF/microblaze_0/standalone_domain/bsp/system.mss
TRACE::2025-08-18.12:58:06::SCWMssOS::DEBUG:  swdes dump  C:/Users/ilpes/Desktop/Antenne_e_clocks/McDMA_workspace/MCDMA_ila_bsp/microblaze_0/standalone_domain/bsp/system.mss|system_0||
C:/Users/ilpes/Desktop/Antenne_e_clocks/McDMA_workspace/McDMA_bsp/microblaze_0/standalone_domain/bsp/system.mss|system_1||
C:/Users/ilpes/Desktop/Antenne_e_clocks/McDMA_workspace/McDMA_v1/microblaze_0/standalone_domain/bsp/system.mss|system_2||
C:/Users/ilpes/Desktop/Antenne_e_clocks/McDMA_workspace/McDMA_v2_TF/microblaze_0/standalone_domain/bsp/system.mss|system_3||
C:/Users/ilpes/Desktop/Antenne_e_clocks/McDMA_workspace/McDMA_v2_bootloop/microblaze_0/standalone_domain/bsp/system.mss|system||

TRACE::2025-08-18.12:58:06::SCWMssOS::Sw design exists and opened at  C:/Users/ilpes/Desktop/Antenne_e_clocks/McDMA_workspace/McDMA_v2_TF/microblaze_0/standalone_domain/bsp/system.mss
TRACE::2025-08-18.12:58:06::SCWMssOS::Completed writing the mss file at C:/Users/ilpes/Desktop/Antenne_e_clocks/McDMA_workspace/McDMA_v2_TF/microblaze_0/standalone_domain/bsp
TRACE::2025-08-18.12:58:06::SCWMssOS::Mss edits present, copying mssfile into export location C:/Users/ilpes/Desktop/Antenne_e_clocks/McDMA_workspace/McDMA_v2_TF/microblaze_0/standalone_domain/bsp/system.mss
TRACE::2025-08-18.12:58:06::SCWMssOS::bsp generated is upto date with the mss file. Skipping bsp generation.
TRACE::2025-08-18.12:58:06::SCWMssOS::BSP is already built. skipping the bsp build ... 
TRACE::2025-08-18.12:58:06::SCWDomain::Building the domain as part of full build :  standalone_domain
TRACE::2025-08-18.12:58:06::SCWMssOS::doing bsp build ... 
TRACE::2025-08-18.12:58:06::SCWMssOS::System Command Ran  C: & cd  C:/Users/ilpes/Desktop/Antenne_e_clocks/McDMA_workspace/McDMA_v2_TF/microblaze_0/standalone_domain/bsp & make 
TRACE::2025-08-18.12:58:06::SCWMssOS::make --no-print-directory seq_libs

TRACE::2025-08-18.12:58:06::SCWMssOS::'Finished building libraries sequentially.'

TRACE::2025-08-18.12:58:06::SCWMssOS::make -j --no-print-directory par_libs

TRACE::2025-08-18.12:58:06::SCWMssOS::"Running Make include in microblaze_0/libsrc/axidma_v9_12/src"

TRACE::2025-08-18.12:58:06::SCWMssOS::make -C microblaze_0/libsrc/axidma_v9_12/src -s include  "SHELL=CMD" "COMPILER=mb-gcc" "ASSEMBLER=mb-as" "ARCHIVER=mb-ar" "COMP
TRACE::2025-08-18.12:58:06::SCWMssOS::ILER_FLAGS=  -O2 -c -mcpu=v11.0 -mlittle-endian -mno-xl-soft-div -mno-xl-soft-mul -mxl-barrel-shift -mxl-pattern-compare" "EXTR
TRACE::2025-08-18.12:58:06::SCWMssOS::A_COMPILER_FLAGS=-g -ffunction-sections -fdata-sections -Wall -Wextra"

TRACE::2025-08-18.12:58:06::SCWMssOS::"Running Make include in microblaze_0/libsrc/bram_v4_5/src"

TRACE::2025-08-18.12:58:06::SCWMssOS::make -C microblaze_0/libsrc/bram_v4_5/src -s include  "SHELL=CMD" "COMPILER=mb-gcc" "ASSEMBLER=mb-as" "ARCHIVER=mb-ar" "COMPILE
TRACE::2025-08-18.12:58:06::SCWMssOS::R_FLAGS=  -O2 -c -mcpu=v11.0 -mlittle-endian -mno-xl-soft-div -mno-xl-soft-mul -mxl-barrel-shift -mxl-pattern-compare" "EXTRA_C
TRACE::2025-08-18.12:58:06::SCWMssOS::OMPILER_FLAGS=-g -ffunction-sections -fdata-sections -Wall -Wextra"

TRACE::2025-08-18.12:58:06::SCWMssOS::"Running Make include in microblaze_0/libsrc/cpu_v2_12/src"

TRACE::2025-08-18.12:58:06::SCWMssOS::make -C microblaze_0/libsrc/cpu_v2_12/src -s include  "SHELL=CMD" "COMPILER=mb-gcc" "ASSEMBLER=mb-as" "ARCHIVER=mb-ar" "COMPILE
TRACE::2025-08-18.12:58:06::SCWMssOS::R_FLAGS=  -O2 -c -mcpu=v11.0 -mlittle-endian -mno-xl-soft-div -mno-xl-soft-mul -mxl-barrel-shift -mxl-pattern-compare" "EXTRA_C
TRACE::2025-08-18.12:58:06::SCWMssOS::OMPILER_FLAGS=-g -ffunction-sections -fdata-sections -Wall -Wextra"

TRACE::2025-08-18.12:58:06::SCWMssOS::"Running Make include in microblaze_0/libsrc/gpio_v4_7/src"

TRACE::2025-08-18.12:58:06::SCWMssOS::"Running Make include in microblaze_0/libsrc/iic_v3_7/src"

TRACE::2025-08-18.12:58:06::SCWMssOS::make -C microblaze_0/libsrc/gpio_v4_7/src -s include  "SHELL=CMD" "COMPILER=mb-gcc" "ASSEMBLER=mb-as" "ARCHIVER=mb-ar" "COMPILE
TRACE::2025-08-18.12:58:06::SCWMssOS::R_FLAGS=  -O2 -c -mcpu=v11.0 -mlittle-endian -mno-xl-soft-div -mno-xl-soft-mul -mxl-barrel-shift -mxl-pattern-compare" "EXTRA_C
TRACE::2025-08-18.12:58:06::SCWMssOS::OMPILER_FLAGS=-g -ffunction-sections -fdata-sections -Wall -Wextra"

TRACE::2025-08-18.12:58:06::SCWMssOS::"Running Make include in microblaze_0/libsrc/intc_v3_12/src"

TRACE::2025-08-18.12:58:06::SCWMssOS::make -C microblaze_0/libsrc/iic_v3_7/src -s include  "SHELL=CMD" "COMPILER=mb-gcc" "ASSEMBLER=mb-as" "ARCHIVER=mb-ar" "COMPILER
TRACE::2025-08-18.12:58:06::SCWMssOS::_FLAGS=  -O2 -c -mcpu=v11.0 -mlittle-endian -mno-xl-soft-div -mno-xl-soft-mul -mxl-barrel-shift -mxl-pattern-compare" "EXTRA_CO
TRACE::2025-08-18.12:58:06::SCWMssOS::MPILER_FLAGS=-g -ffunction-sections -fdata-sections -Wall -Wextra"

TRACE::2025-08-18.12:58:06::SCWMssOS::make -C microblaze_0/libsrc/intc_v3_12/src -s include  "SHELL=CMD" "COMPILER=mb-gcc" "ASSEMBLER=mb-as" "ARCHIVER=mb-ar" "COMPIL
TRACE::2025-08-18.12:58:06::SCWMssOS::ER_FLAGS=  -O2 -c -mcpu=v11.0 -mlittle-endian -mno-xl-soft-div -mno-xl-soft-mul -mxl-barrel-shift -mxl-pattern-compare" "EXTRA_
TRACE::2025-08-18.12:58:06::SCWMssOS::COMPILER_FLAGS=-g -ffunction-sections -fdata-sections -Wall -Wextra"

TRACE::2025-08-18.12:58:06::SCWMssOS::"Running Make include in microblaze_0/libsrc/standalone_v7_3/src"

TRACE::2025-08-18.12:58:06::SCWMssOS::"Running Make include in microblaze_0/libsrc/spi_v4_7/src"

TRACE::2025-08-18.12:58:06::SCWMssOS::"Running Make include in microblaze_0/libsrc/sysmon_v7_7/src"

TRACE::2025-08-18.12:58:06::SCWMssOS::make -C microblaze_0/libsrc/spi_v4_7/src -s include  "SHELL=CMD" "COMPILER=mb-gcc" "ASSEMBLER=mb-as" "ARCHIVER=mb-ar" "COMPILER
TRACE::2025-08-18.12:58:06::SCWMssOS::_FLAGS=  -O2 -c -mcpu=v11.0 -mlittle-endian -mno-xl-soft-div -mno-xl-soft-mul -mxl-barrel-shift -mxl-pattern-compare" "EXTRA_CO
TRACE::2025-08-18.12:58:06::SCWMssOS::MPILER_FLAGS=-g -ffunction-sections -fdata-sections -Wall -Wextra"

TRACE::2025-08-18.12:58:06::SCWMssOS::make -C microblaze_0/libsrc/standalone_v7_3/src -s include  "SHELL=CMD" "COMPILER=mb-gcc" "ASSEMBLER=mb-as" "ARCHIVER=mb-ar" "C
TRACE::2025-08-18.12:58:06::SCWMssOS::OMPILER_FLAGS=  -O2 -c -mcpu=v11.0 -mlittle-endian -mno-xl-soft-div -mno-xl-soft-mul -mxl-barrel-shift -mxl-pattern-compare" "E
TRACE::2025-08-18.12:58:06::SCWMssOS::XTRA_COMPILER_FLAGS=-g -ffunction-sections -fdata-sections -Wall -Wextra"

TRACE::2025-08-18.12:58:06::SCWMssOS::make -C microblaze_0/libsrc/sysmon_v7_7/src -s include  "SHELL=CMD" "COMPILER=mb-gcc" "ASSEMBLER=mb-as" "ARCHIVER=mb-ar" "COMPI
TRACE::2025-08-18.12:58:06::SCWMssOS::LER_FLAGS=  -O2 -c -mcpu=v11.0 -mlittle-endian -mno-xl-soft-div -mno-xl-soft-mul -mxl-barrel-shift -mxl-pattern-compare" "EXTRA
TRACE::2025-08-18.12:58:06::SCWMssOS::_COMPILER_FLAGS=-g -ffunction-sections -fdata-sections -Wall -Wextra"

TRACE::2025-08-18.12:58:06::SCWMssOS::"Running Make include in microblaze_0/libsrc/tmrctr_v4_7/src"

TRACE::2025-08-18.12:58:07::SCWMssOS::make -C microblaze_0/libsrc/tmrctr_v4_7/src -s include  "SHELL=CMD" "COMPILER=mb-gcc" "ASSEMBLER=mb-as" "ARCHIVER=mb-ar" "COMPI
TRACE::2025-08-18.12:58:07::SCWMssOS::LER_FLAGS=  -O2 -c -mcpu=v11.0 -mlittle-endian -mno-xl-soft-div -mno-xl-soft-mul -mxl-barrel-shift -mxl-pattern-compare" "EXTRA
TRACE::2025-08-18.12:58:07::SCWMssOS::_COMPILER_FLAGS=-g -ffunction-sections -fdata-sections -Wall -Wextra"

TRACE::2025-08-18.12:58:07::SCWMssOS::"Running Make include in microblaze_0/libsrc/trafgen_v4_4/src"

TRACE::2025-08-18.12:58:07::SCWMssOS::"Running Make include in microblaze_0/libsrc/uartlite_v3_5/src"

TRACE::2025-08-18.12:58:07::SCWMssOS::make -C microblaze_0/libsrc/trafgen_v4_4/src -s include  "SHELL=CMD" "COMPILER=mb-gcc" "ASSEMBLER=mb-as" "ARCHIVER=mb-ar" "COMP
TRACE::2025-08-18.12:58:07::SCWMssOS::ILER_FLAGS=  -O2 -c -mcpu=v11.0 -mlittle-endian -mno-xl-soft-div -mno-xl-soft-mul -mxl-barrel-shift -mxl-pattern-compare" "EXTR
TRACE::2025-08-18.12:58:07::SCWMssOS::A_COMPILER_FLAGS=-g -ffunction-sections -fdata-sections -Wall -Wextra"

TRACE::2025-08-18.12:58:07::SCWMssOS::make -C microblaze_0/libsrc/uartlite_v3_5/src -s include  "SHELL=CMD" "COMPILER=mb-gcc" "ASSEMBLER=mb-as" "ARCHIVER=mb-ar" "COM
TRACE::2025-08-18.12:58:07::SCWMssOS::PILER_FLAGS=  -O2 -c -mcpu=v11.0 -mlittle-endian -mno-xl-soft-div -mno-xl-soft-mul -mxl-barrel-shift -mxl-pattern-compare" "EXT
TRACE::2025-08-18.12:58:07::SCWMssOS::RA_COMPILER_FLAGS=-g -ffunction-sections -fdata-sections -Wall -Wextra"

TRACE::2025-08-18.12:58:07::SCWMssOS::"Running Make libs in microblaze_0/libsrc/axidma_v9_12/src"

TRACE::2025-08-18.12:58:07::SCWMssOS::make -C microblaze_0/libsrc/axidma_v9_12/src -s libs  "SHELL=CMD" "COMPILER=mb-gcc" "ASSEMBLER=mb-as" "ARCHIVER=mb-ar" "COMPILE
TRACE::2025-08-18.12:58:07::SCWMssOS::R_FLAGS=  -O2 -c -mcpu=v11.0 -mlittle-endian -mno-xl-soft-div -mno-xl-soft-mul -mxl-barrel-shift -mxl-pattern-compare" "EXTRA_C
TRACE::2025-08-18.12:58:07::SCWMssOS::OMPILER_FLAGS=-g -ffunction-sections -fdata-sections -Wall -Wextra"

TRACE::2025-08-18.12:58:07::SCWMssOS::"Running Make libs in microblaze_0/libsrc/bram_v4_5/src"

TRACE::2025-08-18.12:58:07::SCWMssOS::make -C microblaze_0/libsrc/bram_v4_5/src -s libs  "SHELL=CMD" "COMPILER=mb-gcc" "ASSEMBLER=mb-as" "ARCHIVER=mb-ar" "COMPILER_F
TRACE::2025-08-18.12:58:07::SCWMssOS::LAGS=  -O2 -c -mcpu=v11.0 -mlittle-endian -mno-xl-soft-div -mno-xl-soft-mul -mxl-barrel-shift -mxl-pattern-compare" "EXTRA_COMP
TRACE::2025-08-18.12:58:07::SCWMssOS::ILER_FLAGS=-g -ffunction-sections -fdata-sections -Wall -Wextra"

TRACE::2025-08-18.12:58:07::SCWMssOS::"Running Make libs in microblaze_0/libsrc/cpu_v2_12/src"

TRACE::2025-08-18.12:58:07::SCWMssOS::make -C microblaze_0/libsrc/cpu_v2_12/src -s libs  "SHELL=CMD" "COMPILER=mb-gcc" "ASSEMBLER=mb-as" "ARCHIVER=mb-ar" "COMPILER_F
TRACE::2025-08-18.12:58:07::SCWMssOS::LAGS=  -O2 -c -mcpu=v11.0 -mlittle-endian -mno-xl-soft-div -mno-xl-soft-mul -mxl-barrel-shift -mxl-pattern-compare" "EXTRA_COMP
TRACE::2025-08-18.12:58:07::SCWMssOS::ILER_FLAGS=-g -ffunction-sections -fdata-sections -Wall -Wextra"

TRACE::2025-08-18.12:58:07::SCWMssOS::"Running Make libs in microblaze_0/libsrc/gpio_v4_7/src"

TRACE::2025-08-18.12:58:07::SCWMssOS::make -C microblaze_0/libsrc/gpio_v4_7/src -s libs  "SHELL=CMD" "COMPILER=mb-gcc" "ASSEMBLER=mb-as" "ARCHIVER=mb-ar" "COMPILER_F
TRACE::2025-08-18.12:58:07::SCWMssOS::LAGS=  -O2 -c -mcpu=v11.0 -mlittle-endian -mno-xl-soft-div -mno-xl-soft-mul -mxl-barrel-shift -mxl-pattern-compare" "EXTRA_COMP
TRACE::2025-08-18.12:58:07::SCWMssOS::ILER_FLAGS=-g -ffunction-sections -fdata-sections -Wall -Wextra"

TRACE::2025-08-18.12:58:07::SCWMssOS::"Running Make libs in microblaze_0/libsrc/iic_v3_7/src"

TRACE::2025-08-18.12:58:07::SCWMssOS::make -C microblaze_0/libsrc/iic_v3_7/src -s libs  "SHELL=CMD" "COMPILER=mb-gcc" "ASSEMBLER=mb-as" "ARCHIVER=mb-ar" "COMPILER_FL
TRACE::2025-08-18.12:58:07::SCWMssOS::AGS=  -O2 -c -mcpu=v11.0 -mlittle-endian -mno-xl-soft-div -mno-xl-soft-mul -mxl-barrel-shift -mxl-pattern-compare" "EXTRA_COMPI
TRACE::2025-08-18.12:58:07::SCWMssOS::LER_FLAGS=-g -ffunction-sections -fdata-sections -Wall -Wextra"

TRACE::2025-08-18.12:58:07::SCWMssOS::"Running Make libs in microblaze_0/libsrc/intc_v3_12/src"

TRACE::2025-08-18.12:58:07::SCWMssOS::make -C microblaze_0/libsrc/intc_v3_12/src -s libs  "SHELL=CMD" "COMPILER=mb-gcc" "ASSEMBLER=mb-as" "ARCHIVER=mb-ar" "COMPILER_
TRACE::2025-08-18.12:58:07::SCWMssOS::FLAGS=  -O2 -c -mcpu=v11.0 -mlittle-endian -mno-xl-soft-div -mno-xl-soft-mul -mxl-barrel-shift -mxl-pattern-compare" "EXTRA_COM
TRACE::2025-08-18.12:58:07::SCWMssOS::PILER_FLAGS=-g -ffunction-sections -fdata-sections -Wall -Wextra"

TRACE::2025-08-18.12:58:07::SCWMssOS::"Running Make libs in microblaze_0/libsrc/spi_v4_7/src"

TRACE::2025-08-18.12:58:07::SCWMssOS::make -C microblaze_0/libsrc/spi_v4_7/src -s libs  "SHELL=CMD" "COMPILER=mb-gcc" "ASSEMBLER=mb-as" "ARCHIVER=mb-ar" "COMPILER_FL
TRACE::2025-08-18.12:58:07::SCWMssOS::AGS=  -O2 -c -mcpu=v11.0 -mlittle-endian -mno-xl-soft-div -mno-xl-soft-mul -mxl-barrel-shift -mxl-pattern-compare" "EXTRA_COMPI
TRACE::2025-08-18.12:58:07::SCWMssOS::LER_FLAGS=-g -ffunction-sections -fdata-sections -Wall -Wextra"

TRACE::2025-08-18.12:58:07::SCWMssOS::"Running Make libs in microblaze_0/libsrc/standalone_v7_3/src"

TRACE::2025-08-18.12:58:07::SCWMssOS::make -C microblaze_0/libsrc/standalone_v7_3/src -s libs  "SHELL=CMD" "COMPILER=mb-gcc" "ASSEMBLER=mb-as" "ARCHIVER=mb-ar" "COMP
TRACE::2025-08-18.12:58:07::SCWMssOS::ILER_FLAGS=  -O2 -c -mcpu=v11.0 -mlittle-endian -mno-xl-soft-div -mno-xl-soft-mul -mxl-barrel-shift -mxl-pattern-compare" "EXTR
TRACE::2025-08-18.12:58:07::SCWMssOS::A_COMPILER_FLAGS=-g -ffunction-sections -fdata-sections -Wall -Wextra"

TRACE::2025-08-18.12:58:07::SCWMssOS::"Running Make libs in microblaze_0/libsrc/sysmon_v7_7/src"

TRACE::2025-08-18.12:58:07::SCWMssOS::make -C microblaze_0/libsrc/sysmon_v7_7/src -s libs  "SHELL=CMD" "COMPILER=mb-gcc" "ASSEMBLER=mb-as" "ARCHIVER=mb-ar" "COMPILER
TRACE::2025-08-18.12:58:07::SCWMssOS::_FLAGS=  -O2 -c -mcpu=v11.0 -mlittle-endian -mno-xl-soft-div -mno-xl-soft-mul -mxl-barrel-shift -mxl-pattern-compare" "EXTRA_CO
TRACE::2025-08-18.12:58:07::SCWMssOS::MPILER_FLAGS=-g -ffunction-sections -fdata-sections -Wall -Wextra"

TRACE::2025-08-18.12:58:07::SCWMssOS::"Running Make libs in microblaze_0/libsrc/tmrctr_v4_7/src"

TRACE::2025-08-18.12:58:08::SCWMssOS::make -C microblaze_0/libsrc/tmrctr_v4_7/src -s libs  "SHELL=CMD" "COMPILER=mb-gcc" "ASSEMBLER=mb-as" "ARCHIVER=mb-ar" "COMPILER
TRACE::2025-08-18.12:58:08::SCWMssOS::_FLAGS=  -O2 -c -mcpu=v11.0 -mlittle-endian -mno-xl-soft-div -mno-xl-soft-mul -mxl-barrel-shift -mxl-pattern-compare" "EXTRA_CO
TRACE::2025-08-18.12:58:08::SCWMssOS::MPILER_FLAGS=-g -ffunction-sections -fdata-sections -Wall -Wextra"

TRACE::2025-08-18.12:58:08::SCWMssOS::"Running Make libs in microblaze_0/libsrc/trafgen_v4_4/src"

TRACE::2025-08-18.12:58:08::SCWMssOS::make -C microblaze_0/libsrc/trafgen_v4_4/src -s libs  "SHELL=CMD" "COMPILER=mb-gcc" "ASSEMBLER=mb-as" "ARCHIVER=mb-ar" "COMPILE
TRACE::2025-08-18.12:58:08::SCWMssOS::R_FLAGS=  -O2 -c -mcpu=v11.0 -mlittle-endian -mno-xl-soft-div -mno-xl-soft-mul -mxl-barrel-shift -mxl-pattern-compare" "EXTRA_C
TRACE::2025-08-18.12:58:08::SCWMssOS::OMPILER_FLAGS=-g -ffunction-sections -fdata-sections -Wall -Wextra"

TRACE::2025-08-18.12:58:08::SCWMssOS::"Running Make libs in microblaze_0/libsrc/uartlite_v3_5/src"

TRACE::2025-08-18.12:58:08::SCWMssOS::make -C microblaze_0/libsrc/uartlite_v3_5/src -s libs  "SHELL=CMD" "COMPILER=mb-gcc" "ASSEMBLER=mb-as" "ARCHIVER=mb-ar" "COMPIL
TRACE::2025-08-18.12:58:08::SCWMssOS::ER_FLAGS=  -O2 -c -mcpu=v11.0 -mlittle-endian -mno-xl-soft-div -mno-xl-soft-mul -mxl-barrel-shift -mxl-pattern-compare" "EXTRA_
TRACE::2025-08-18.12:58:08::SCWMssOS::COMPILER_FLAGS=-g -ffunction-sections -fdata-sections -Wall -Wextra"

TRACE::2025-08-18.12:58:08::SCWMssOS::'Finished building libraries parallelly.'

TRACE::2025-08-18.12:58:08::SCWMssOS::make --no-print-directory archive

TRACE::2025-08-18.12:58:08::SCWMssOS::mb-ar -r  microblaze_0/lib/libxil.a microblaze_0/lib/xtmrctr_l.o microblaze_0/lib/xplatform_info.o microblaze_0/lib/xtmrctr_opt
TRACE::2025-08-18.12:58:08::SCWMssOS::ions.o microblaze_0/lib/microblaze_disable_exceptions.o microblaze_0/lib/print.o microblaze_0/lib/xspi_options.o microblaze_0/l
TRACE::2025-08-18.12:58:08::SCWMssOS::ib/xil_testio.o microblaze_0/lib/microblaze_disable_dcache.o microblaze_0/lib/microblaze_flush_dcache_range.o microblaze_0/lib/
TRACE::2025-08-18.12:58:08::SCWMssOS::xspi_g.o microblaze_0/lib/microblaze_flush_cache_ext.o microblaze_0/lib/xspi.o microblaze_0/lib/xspi_sinit.o microblaze_0/lib/i
TRACE::2025-08-18.12:58:08::SCWMssOS::nbyte.o microblaze_0/lib/xtrafgen_g.o microblaze_0/lib/xil_misc_psreset_api.o microblaze_0/lib/xspi_selftest.o microblaze_0/lib
TRACE::2025-08-18.12:58:08::SCWMssOS::/xsysmon_g.o microblaze_0/lib/xil_cache.o microblaze_0/lib/xil_util.o microblaze_0/lib/xiic_g.o microblaze_0/lib/xiic_multi_mas
TRACE::2025-08-18.12:58:08::SCWMssOS::ter.o microblaze_0/lib/xiic_sinit.o microblaze_0/lib/microblaze_exception_handler.o microblaze_0/lib/xbram_g.o microblaze_0/lib
TRACE::2025-08-18.12:58:08::SCWMssOS::/xbram_sinit.o microblaze_0/lib/xtrafgen.o microblaze_0/lib/microblaze_scrub.o microblaze_0/lib/xtmrctr_intr.o microblaze_0/lib
TRACE::2025-08-18.12:58:08::SCWMssOS::/microblaze_invalidate_dcache.o microblaze_0/lib/microblaze_disable_interrupts.o microblaze_0/lib/xbram_selftest.o microblaze_0
TRACE::2025-08-18.12:58:08::SCWMssOS::/lib/microblaze_interrupt_handler.o microblaze_0/lib/microblaze_disable_icache.o microblaze_0/lib/xaxidma_sinit.o microblaze_0/
TRACE::2025-08-18.12:58:08::SCWMssOS::lib/xsysmon_intr.o microblaze_0/lib/xgpio_g.o microblaze_0/lib/xuartlite_g.o microblaze_0/lib/xtmrctr_stats.o microblaze_0/lib/
TRACE::2025-08-18.12:58:08::SCWMssOS::xaxidma_selftest.o microblaze_0/lib/xiic_master.o microblaze_0/lib/xspi_stats.o microblaze_0/lib/microblaze_flush_cache_ext_ran
TRACE::2025-08-18.12:58:08::SCWMssOS::ge.o microblaze_0/lib/xaxidma_bd.o microblaze_0/lib/xiic_intr.o microblaze_0/lib/xbram_intr.o microblaze_0/lib/xil_sleepcommon.
TRACE::2025-08-18.12:58:08::SCWMssOS::o microblaze_0/lib/xil_printf.o microblaze_0/lib/xintc_g.o microblaze_0/lib/xintc_selftest.o microblaze_0/lib/xintc_l.o microbl
TRACE::2025-08-18.12:58:08::SCWMssOS::aze_0/lib/outbyte.o microblaze_0/lib/xgpio_extra.o microblaze_0/lib/xgpio_intr.o microblaze_0/lib/xiic_slave.o microblaze_0/lib
TRACE::2025-08-18.12:58:08::SCWMssOS::/microblaze_invalidate_dcache_range.o microblaze_0/lib/xil_testmem.o microblaze_0/lib/microblaze_invalidate_cache_ext.o microbl
TRACE::2025-08-18.12:58:08::SCWMssOS::aze_0/lib/microblaze_sleep.o microblaze_0/lib/xuartlite_sinit.o microblaze_0/lib/hw_exception_handler.o microblaze_0/lib/xtmrct
TRACE::2025-08-18.12:58:08::SCWMssOS::r.o microblaze_0/lib/xintc_options.o microblaze_0/lib/xuartlite_selftest.o microblaze_0/lib/xgpio_sinit.o microblaze_0/lib/xuar
TRACE::2025-08-18.12:58:08::SCWMssOS::tlite.o microblaze_0/lib/microblaze_update_dcache.o microblaze_0/lib/xaxidma_g.o microblaze_0/lib/xil_testcache.o microblaze_0/
TRACE::2025-08-18.12:58:08::SCWMssOS::lib/microblaze_selftest.o microblaze_0/lib/microblaze_interrupts_g.o microblaze_0/lib/microblaze_enable_exceptions.o microblaze
TRACE::2025-08-18.12:58:08::SCWMssOS::_0/lib/xil_mem.o microblaze_0/lib/xsysmon_sinit.o microblaze_0/lib/xtmrctr_g.o microblaze_0/lib/microblaze_enable_dcache.o micr
TRACE::2025-08-18.12:58:08::SCWMssOS::oblaze_0/lib/xiic_l.o microblaze_0/lib/_exit.o microblaze_0/lib/xuartlite_intr.o microblaze_0/lib/microblaze_invalidate_icache_
TRACE::2025-08-18.12:58:08::SCWMssOS::range.o microblaze_0/lib/xtmrctr_selftest.o microblaze_0/lib/xgpio.o microblaze_0/lib/microblaze_init_dcache_range.o microblaze
TRACE::2025-08-18.12:58:08::SCWMssOS::_0/lib/microblaze_invalidate_icache.o microblaze_0/lib/xaxidma.o microblaze_0/lib/errno.o microblaze_0/lib/xiic_dyn_master.o mi
TRACE::2025-08-18.12:58:08::SCWMssOS::croblaze_0/lib/xintc.o microblaze_0/lib/xuartlite_stats.o microblaze_0/lib/microblaze_invalidate_cache_ext_range.o microblaze_0
TRACE::2025-08-18.12:58:08::SCWMssOS::/lib/xintc_intr.o microblaze_0/lib/xil_exception.o microblaze_0/lib/pvr.o microblaze_0/lib/xbram.o microblaze_0/lib/xiic_option
TRACE::2025-08-18.12:58:08::SCWMssOS::s.o microblaze_0/lib/xtrafgen_sinit.o microblaze_0/lib/microblaze_update_icache.o microblaze_0/lib/microblaze_flush_dcache.o mi
TRACE::2025-08-18.12:58:08::SCWMssOS::croblaze_0/lib/xil_clocking.o microblaze_0/lib/xil_assert.o microblaze_0/lib/xiic_stats.o microblaze_0/lib/microblaze_enable_in
TRACE::2025-08-18.12:58:08::SCWMssOS::terrupts.o microblaze_0/lib/xio.o microblaze_0/lib/microblaze_enable_icache.o microblaze_0/lib/xiic.o microblaze_0/lib/xsysmon.
TRACE::2025-08-18.12:58:08::SCWMssOS::o microblaze_0/lib/microblaze_init_icache_range.o microblaze_0/lib/xaxidma_bdring.o microblaze_0/lib/xuartlite_l.o microblaze_0
TRACE::2025-08-18.12:58:08::SCWMssOS::/lib/xtmrctr_sinit.o microblaze_0/lib/xiic_selftest.o microblaze_0/lib/xsysmon_selftest.o microblaze_0/lib/fcntl.o microblaze_0
TRACE::2025-08-18.12:58:08::SCWMssOS::/lib/xgpio_selftest.o

TRACE::2025-08-18.12:58:09::SCWMssOS::'Finished building libraries'

TRACE::2025-08-18.12:58:10::SCWMssOS::Copying to export directory.
TRACE::2025-08-18.12:58:10::SCWMssOS:: Checking if to create the Supporting Applications
TRACE::2025-08-18.12:58:10::SCWMssOS:: No Linux domain exists, trying to generate FSBL 
LOG::2025-08-18.12:58:10::SCWSystem::Completed Processing the domain standalone_domain
LOG::2025-08-18.12:58:10::SCWSystem::Completed Processing the sysconfig McDMA_v2_TF
LOG::2025-08-18.12:58:10::SCWPlatform::Completed generating the artifacts for system configuration McDMA_v2_TF
TRACE::2025-08-18.12:58:10::SCWPlatform::Started preparing the platform 
TRACE::2025-08-18.12:58:10::SCWSystem::Writing the bif file for system config McDMA_v2_TF
TRACE::2025-08-18.12:58:10::SCWSystem::dir created 
TRACE::2025-08-18.12:58:10::SCWSystem::Writing the bif 
TRACE::2025-08-18.12:58:10::SCWPlatform::Started writing the spfm file 
TRACE::2025-08-18.12:58:10::SCWPlatform::Started writing the xpfm file 
TRACE::2025-08-18.12:58:10::SCWPlatform::Completed generating the platform
TRACE::2025-08-18.12:58:10::SCWMssOS::Saving the mss changes C:/Users/ilpes/Desktop/Antenne_e_clocks/McDMA_workspace/McDMA_v2_TF/microblaze_0/standalone_domain/bsp/system.mss
TRACE::2025-08-18.12:58:10::SCWMssOS::Found a swdesign opened with the mssfile.
TRACE::2025-08-18.12:58:10::SCWMssOS::Completed writemss as part of save.
TRACE::2025-08-18.12:58:10::SCWMssOS::Commit changes completed.
TRACE::2025-08-18.12:58:10::SCWPlatform::Trying to open the hw design at C:/Users/ilpes/Desktop/Antenne_e_clocks/McDMA_workspace/McDMA_v2_TF/hw/McDMA_v2_TF.xsa
TRACE::2025-08-18.12:58:10::SCWPlatform::DSA given C:/Users/ilpes/Desktop/Antenne_e_clocks/McDMA_workspace/McDMA_v2_TF/hw/McDMA_v2_TF.xsa
TRACE::2025-08-18.12:58:10::SCWPlatform::DSA absoulate path C:/Users/ilpes/Desktop/Antenne_e_clocks/McDMA_workspace/McDMA_v2_TF/hw/McDMA_v2_TF.xsa
TRACE::2025-08-18.12:58:10::SCWPlatform::DSA directory C:/Users/ilpes/Desktop/Antenne_e_clocks/McDMA_workspace/McDMA_v2_TF/hw
TRACE::2025-08-18.12:58:10::SCWPlatform:: Platform Path C:/Users/ilpes/Desktop/Antenne_e_clocks/McDMA_workspace/McDMA_v2_TF/hw/McDMA_v2_TF.xsa
TRACE::2025-08-18.12:58:10::SCWPlatform:: Unique name xilinx:cmod_a7-35t::0.0
TRACE::2025-08-18.12:58:10::SCWPlatform::Trying to set the existing hwdb with name user_35t_wrapper_9
TRACE::2025-08-18.12:58:10::SCWPlatform::Opened existing hwdb user_35t_wrapper_9
TRACE::2025-08-18.12:58:10::SCWPlatform::Found the Hw Db part of the input DSA
TRACE::2025-08-18.12:58:10::SCWMssOS::Checking the sw design at  C:/Users/ilpes/Desktop/Antenne_e_clocks/McDMA_workspace/McDMA_v2_TF/microblaze_0/standalone_domain/bsp/system.mss
TRACE::2025-08-18.12:58:10::SCWMssOS::DEBUG:  swdes dump  C:/Users/ilpes/Desktop/Antenne_e_clocks/McDMA_workspace/MCDMA_ila_bsp/microblaze_0/standalone_domain/bsp/system.mss|system_0||
C:/Users/ilpes/Desktop/Antenne_e_clocks/McDMA_workspace/McDMA_bsp/microblaze_0/standalone_domain/bsp/system.mss|system_1||
C:/Users/ilpes/Desktop/Antenne_e_clocks/McDMA_workspace/McDMA_v1/microblaze_0/standalone_domain/bsp/system.mss|system_2||
C:/Users/ilpes/Desktop/Antenne_e_clocks/McDMA_workspace/McDMA_v2_TF/microblaze_0/standalone_domain/bsp/system.mss|system_3||
C:/Users/ilpes/Desktop/Antenne_e_clocks/McDMA_workspace/McDMA_v2_bootloop/microblaze_0/standalone_domain/bsp/system.mss|system||

TRACE::2025-08-18.12:58:10::SCWMssOS::Sw design exists and opened at  C:/Users/ilpes/Desktop/Antenne_e_clocks/McDMA_workspace/McDMA_v2_TF/microblaze_0/standalone_domain/bsp/system.mss
TRACE::2025-08-18.12:58:10::SCWWriter::formatted JSON is {
	"platformName":	"McDMA_v2_TF",
	"sprVersion":	"2.0",
	"mode":	"gui",
	"dsaType":	"Fixed",
	"platformDesc":	"McDMA_v2_TF",
	"platHandOff":	"C:/Users/ilpes/Desktop/INSEGNAMENTO/Didattica2023/McDMA/McDMA_v2/McDMA_v2_TF.xsa",
	"platIntHandOff":	"<platformDir>/hw/McDMA_v2_TF.xsa",
	"deviceType":	"FPGA",
	"platIsPrebuiltAutogen":	"false",
	"platIsNoBootBsp":	"false",
	"hasFsblMakeHasChanges":	"false",
	"hasPmufwMakeHasChanges":	"false",
	"platPreBuiltFlag":	false,
	"platformSamplesDir":	"",
	"platActiveSys":	"McDMA_v2_TF",
	"systems":	[{
			"systemName":	"McDMA_v2_TF",
			"systemDesc":	"McDMA_v2_TF",
			"sysIsBootAutoGen":	"true",
			"systemDispName":	"McDMA_v2_TF",
			"sysActiveDom":	"standalone_domain",
			"sysDefaultDom":	"standalone_domain",
			"domains":	[{
					"domainName":	"standalone_domain",
					"domainDispName":	"standalone on microblaze_0",
					"domainDesc":	"standalone_domain",
					"processors":	"microblaze_0",
					"os":	"standalone",
					"sdxOs":	"standalone",
					"debugEnable":	"False",
					"domRuntimes":	["cpp"],
					"swRepo":	"",
					"mssOsVer":	"7.3",
					"mssFile":	"",
					"md5Digest":	"b556b028d03c86c66c02c5206503ee30",
					"compatibleApp":	"",
					"domType":	"mssDomain",
					"arch":	"32-bit",
					"appSettings":	{
						"appCompilerFlags":	"",
						"appLinkerFlags":	""
					},
					"addedLibs":	[],
					"libOptions":	{
						"libsContainingOptions":	[]
					},
					"prebuiltLibs":	{
						"prebuiltIncPath":	[],
						"prebuiltLibPath":	[]
					},
					"isolation":	{
					}
				}]
		}]
}
KEYINFO::2025-08-18.12:58:10::SCWPlatform::updated the xpfm file.
TRACE::2025-08-18.12:58:10::SCWPlatform::Trying to open the hw design at C:/Users/ilpes/Desktop/Antenne_e_clocks/McDMA_workspace/McDMA_v2_TF/hw/McDMA_v2_TF.xsa
TRACE::2025-08-18.12:58:10::SCWPlatform::DSA given C:/Users/ilpes/Desktop/Antenne_e_clocks/McDMA_workspace/McDMA_v2_TF/hw/McDMA_v2_TF.xsa
TRACE::2025-08-18.12:58:10::SCWPlatform::DSA absoulate path C:/Users/ilpes/Desktop/Antenne_e_clocks/McDMA_workspace/McDMA_v2_TF/hw/McDMA_v2_TF.xsa
TRACE::2025-08-18.12:58:10::SCWPlatform::DSA directory C:/Users/ilpes/Desktop/Antenne_e_clocks/McDMA_workspace/McDMA_v2_TF/hw
TRACE::2025-08-18.12:58:10::SCWPlatform:: Platform Path C:/Users/ilpes/Desktop/Antenne_e_clocks/McDMA_workspace/McDMA_v2_TF/hw/McDMA_v2_TF.xsa
TRACE::2025-08-18.12:58:10::SCWPlatform:: Unique name xilinx:cmod_a7-35t::0.0
TRACE::2025-08-18.12:58:10::SCWPlatform::Trying to set the existing hwdb with name user_35t_wrapper_9
TRACE::2025-08-18.12:58:10::SCWPlatform::Opened existing hwdb user_35t_wrapper_9
TRACE::2025-08-18.12:58:10::SCWPlatform::Found the Hw Db part of the input DSA
TRACE::2025-08-18.12:58:10::SCWMssOS::Checking the sw design at  C:/Users/ilpes/Desktop/Antenne_e_clocks/McDMA_workspace/McDMA_v2_TF/microblaze_0/standalone_domain/bsp/system.mss
TRACE::2025-08-18.12:58:10::SCWMssOS::DEBUG:  swdes dump  C:/Users/ilpes/Desktop/Antenne_e_clocks/McDMA_workspace/MCDMA_ila_bsp/microblaze_0/standalone_domain/bsp/system.mss|system_0||
C:/Users/ilpes/Desktop/Antenne_e_clocks/McDMA_workspace/McDMA_bsp/microblaze_0/standalone_domain/bsp/system.mss|system_1||
C:/Users/ilpes/Desktop/Antenne_e_clocks/McDMA_workspace/McDMA_v1/microblaze_0/standalone_domain/bsp/system.mss|system_2||
C:/Users/ilpes/Desktop/Antenne_e_clocks/McDMA_workspace/McDMA_v2_TF/microblaze_0/standalone_domain/bsp/system.mss|system_3||
C:/Users/ilpes/Desktop/Antenne_e_clocks/McDMA_workspace/McDMA_v2_bootloop/microblaze_0/standalone_domain/bsp/system.mss|system||

TRACE::2025-08-18.12:58:10::SCWMssOS::Sw design exists and opened at  C:/Users/ilpes/Desktop/Antenne_e_clocks/McDMA_workspace/McDMA_v2_TF/microblaze_0/standalone_domain/bsp/system.mss
