
*** Running vivado
    with args -log user_35t_wrapper.vdi -applog -m64 -product Vivado -messageDb vivado.pb -mode batch -source user_35t_wrapper.tcl -notrace



****** Vivado v2020.2 (64-bit)
  **** SW Build 3064766 on Wed Nov 18 09:12:45 MST 2020
  **** IP Build 3064653 on Wed Nov 18 14:17:31 MST 2020
    ** Copyright 1986-2020 Xilinx, Inc. All Rights Reserved.

source user_35t_wrapper.tcl -notrace
INFO: [IP_Flow 19-234] Refreshing IP repositories
INFO: [IP_Flow 19-1704] No user IP repositories specified
INFO: [IP_Flow 19-2313] Loaded Vivado IP repository 'C:/XVITIS/Vivado/2020.2/data/ip'.
INFO: [Project 1-1697] Successfully associated ELF file C:/Users/ilpes/Desktop/INSEGNAMENTO/Didattica2023/McDMA/McDMA_v3/McDMA_v3.srcs/sources_1/imports/Release/led_blinking_bootloop.elf to BD user_35t and cell microblaze_0.
INFO: [Project 1-1697] Successfully associated ELF file C:/Users/ilpes/Desktop/INSEGNAMENTO/Didattica2023/McDMA/McDMA_v3/McDMA_v3.srcs/sim_1/imports/Release/led_blinking_bootloop.elf to BD user_35t and cell microblaze_0.
add_files: Time (s): cpu = 00:00:11 ; elapsed = 00:00:22 . Memory (MB): peak = 1126.469 ; gain = 0.000
WARNING: [filemgmt 56-12] File 'C:/Users/ilpes/Desktop/INSEGNAMENTO/Didattica2023/McDMA/McDMA_v3/McDMA_v3.srcs/sources_1/imports/Release/led_blinking_bootloop.elf' cannot be added to the project because it already exists in the project, skipping this file
Command: link_design -top user_35t_wrapper -part xc7a35tcpg236-1
Design is defaulting to srcset: sources_1
Design is defaulting to constrset: constrs_1
INFO: [Device 21-403] Loading part xc7a35tcpg236-1
INFO: [Project 1-454] Reading design checkpoint 'c:/Users/ilpes/Desktop/INSEGNAMENTO/Didattica2023/McDMA/McDMA_v3/McDMA_v3.srcs/sources_1/bd/user_35t/ip/user_35t_axi_dma_0_0/user_35t_axi_dma_0_0.dcp' for cell 'user_35t_i/axi_dma_0'
INFO: [Project 1-454] Reading design checkpoint 'c:/Users/ilpes/Desktop/INSEGNAMENTO/Didattica2023/McDMA/McDMA_v3/McDMA_v3.srcs/sources_1/bd/user_35t/ip/user_35t_axi_dma_0_1/user_35t_axi_dma_0_1.dcp' for cell 'user_35t_i/axi_dma_16counters'
INFO: [Project 1-454] Reading design checkpoint 'c:/Users/ilpes/Desktop/INSEGNAMENTO/Didattica2023/McDMA/McDMA_v3/McDMA_v3.srcs/sources_1/bd/user_35t/ip/user_35t_axi_emc_0_0/user_35t_axi_emc_0_0.dcp' for cell 'user_35t_i/axi_emc_0'
INFO: [Project 1-454] Reading design checkpoint 'c:/Users/ilpes/Desktop/INSEGNAMENTO/Didattica2023/McDMA/McDMA_v3/McDMA_v3.srcs/sources_1/bd/user_35t/ip/user_35t_axi_gpio_0_1/user_35t_axi_gpio_0_1.dcp' for cell 'user_35t_i/axi_gpio_0'
INFO: [Project 1-454] Reading design checkpoint 'c:/Users/ilpes/Desktop/INSEGNAMENTO/Didattica2023/McDMA/McDMA_v3/McDMA_v3.srcs/sources_1/bd/user_35t/ip/user_35t_axi_iic_0_0/user_35t_axi_iic_0_0.dcp' for cell 'user_35t_i/axi_iic'
INFO: [Project 1-454] Reading design checkpoint 'c:/Users/ilpes/Desktop/INSEGNAMENTO/Didattica2023/McDMA/McDMA_v3/McDMA_v3.srcs/sources_1/bd/user_35t/ip/user_35t_axi_intc_0_0/user_35t_axi_intc_0_0.dcp' for cell 'user_35t_i/axi_intc_0'
INFO: [Project 1-454] Reading design checkpoint 'c:/Users/ilpes/Desktop/INSEGNAMENTO/Didattica2023/McDMA/McDMA_v3/McDMA_v3.srcs/sources_1/bd/user_35t/ip/user_35t_axi_quad_spi_0_0/user_35t_axi_quad_spi_0_0.dcp' for cell 'user_35t_i/axi_quad_spi_0'
INFO: [Project 1-454] Reading design checkpoint 'c:/Users/ilpes/Desktop/INSEGNAMENTO/Didattica2023/McDMA/McDMA_v3/McDMA_v3.srcs/sources_1/bd/user_35t/ip/user_35t_axi_timer_0_0/user_35t_axi_timer_0_0.dcp' for cell 'user_35t_i/axi_timer_0'
INFO: [Project 1-454] Reading design checkpoint 'c:/Users/ilpes/Desktop/INSEGNAMENTO/Didattica2023/McDMA/McDMA_v1/McDMA_v1.srcs/sources_1/bd/user_35t/ip/user_35t_axi_traffic_gen_0_0/user_35t_axi_traffic_gen_0_0.dcp' for cell 'user_35t_i/axi_traffic_gen_0'
INFO: [Project 1-454] Reading design checkpoint 'c:/Users/ilpes/Desktop/INSEGNAMENTO/Didattica2023/McDMA/McDMA_v3/McDMA_v3.srcs/sources_1/bd/user_35t/ip/user_35t_axi_uartlite_0_0/user_35t_axi_uartlite_0_0.dcp' for cell 'user_35t_i/axi_uartlite_0'
INFO: [Project 1-454] Reading design checkpoint 'c:/Users/ilpes/Desktop/INSEGNAMENTO/Didattica2023/McDMA/McDMA_v3/McDMA_v3.srcs/sources_1/bd/user_35t/ip/user_35t_axis_combiner_0_0/user_35t_axis_combiner_0_0.dcp' for cell 'user_35t_i/axis_combiner_0'
INFO: [Project 1-454] Reading design checkpoint 'c:/Users/ilpes/Desktop/INSEGNAMENTO/Didattica2023/McDMA/McDMA_v3/McDMA_v3.srcs/sources_1/bd/user_35t/ip/user_35t_axis_data_fifo_0_0/user_35t_axis_data_fifo_0_0.dcp' for cell 'user_35t_i/axis_data_fifo_0'
INFO: [Project 1-454] Reading design checkpoint 'c:/Users/ilpes/Desktop/INSEGNAMENTO/Didattica2023/McDMA/McDMA_v3/McDMA_v3.srcs/sources_1/bd/user_35t/ip/user_35t_clk_wiz_0_0/user_35t_clk_wiz_0_0.dcp' for cell 'user_35t_i/clk_wiz_0'
INFO: [Project 1-454] Reading design checkpoint 'c:/Users/ilpes/Desktop/INSEGNAMENTO/Didattica2023/McDMA/McDMA_v3/McDMA_v3.srcs/sources_1/bd/user_35t/ip/user_35t_axi_gpio_1_0/user_35t_axi_gpio_1_0.dcp' for cell 'user_35t_i/gpio_1_cnt_axidata_fifo'
INFO: [Project 1-454] Reading design checkpoint 'c:/Users/ilpes/Desktop/INSEGNAMENTO/Didattica2023/McDMA/McDMA_v3/McDMA_v3.srcs/sources_1/bd/user_35t/ip/user_35t_ila_ch0_0/user_35t_ila_ch0_0.dcp' for cell 'user_35t_i/ila_TF'
INFO: [Project 1-454] Reading design checkpoint 'c:/Users/ilpes/Desktop/INSEGNAMENTO/Didattica2023/McDMA/McDMA_v3/McDMA_v3.srcs/sources_1/bd/user_35t/ip/user_35t_ila_TF_0/user_35t_ila_TF_0.dcp' for cell 'user_35t_i/ila_XADC'
INFO: [Project 1-454] Reading design checkpoint 'c:/Users/ilpes/Desktop/INSEGNAMENTO/Didattica2023/McDMA/McDMA_v3/McDMA_v3.srcs/sources_1/bd/user_35t/ip/user_35t_ila_combiner_1/user_35t_ila_combiner_1.dcp' for cell 'user_35t_i/ila_ch0'
INFO: [Project 1-454] Reading design checkpoint 'c:/Users/ilpes/Desktop/INSEGNAMENTO/Didattica2023/McDMA/McDMA_v3/McDMA_v3.srcs/sources_1/bd/user_35t/ip/user_35t_ila_0_0/user_35t_ila_0_0.dcp' for cell 'user_35t_i/ila_combiner'
INFO: [Project 1-454] Reading design checkpoint 'c:/Users/ilpes/Desktop/INSEGNAMENTO/Didattica2023/McDMA/McDMA_v3/McDMA_v3.srcs/sources_1/bd/user_35t/ip/user_35t_axi_gpio_0_0/user_35t_axi_gpio_0_0.dcp' for cell 'user_35t_i/led_but_gpio'
INFO: [Project 1-454] Reading design checkpoint 'c:/Users/ilpes/Desktop/INSEGNAMENTO/Didattica2023/McDMA/McDMA_v3/McDMA_v3.srcs/sources_1/bd/user_35t/ip/user_35t_mdm_1_0/user_35t_mdm_1_0.dcp' for cell 'user_35t_i/mdm_1'
INFO: [Project 1-454] Reading design checkpoint 'c:/Users/ilpes/Desktop/INSEGNAMENTO/Didattica2023/McDMA/McDMA_v3/McDMA_v3.srcs/sources_1/bd/user_35t/ip/user_35t_microblaze_0_0/user_35t_microblaze_0_0.dcp' for cell 'user_35t_i/microblaze_0'
INFO: [Project 1-454] Reading design checkpoint 'c:/Users/ilpes/Desktop/INSEGNAMENTO/Didattica2023/McDMA/McDMA_v3/McDMA_v3.srcs/sources_1/bd/user_35t/ip/user_35t_rst_clk_wiz_0_100M_0/user_35t_rst_clk_wiz_0_100M_0.dcp' for cell 'user_35t_i/rst_clk_wiz_0_100M'
INFO: [Project 1-454] Reading design checkpoint 'c:/Users/ilpes/Desktop/INSEGNAMENTO/Didattica2023/McDMA/McDMA_v3/McDMA_v3.srcs/sources_1/bd/user_35t/ip/user_35t_xadc_wiz_0_0/user_35t_xadc_wiz_0_0.dcp' for cell 'user_35t_i/xadc_wiz_0'
INFO: [Project 1-454] Reading design checkpoint 'c:/Users/ilpes/Desktop/INSEGNAMENTO/Didattica2023/McDMA/McDMA_v3/McDMA_v3.srcs/sources_1/bd/user_35t/ip/user_35t_xbar_4/user_35t_xbar_4.dcp' for cell 'user_35t_i/axi_interconnect_0/xbar'
INFO: [Project 1-454] Reading design checkpoint 'c:/Users/ilpes/Desktop/INSEGNAMENTO/Didattica2023/McDMA/McDMA_v3/McDMA_v3.srcs/sources_1/bd/user_35t/ip/user_35t_auto_ds_0/user_35t_auto_ds_0.dcp' for cell 'user_35t_i/axi_interconnect_0/m00_couplers/auto_ds'
INFO: [Project 1-454] Reading design checkpoint 'c:/Users/ilpes/Desktop/INSEGNAMENTO/Didattica2023/McDMA/McDMA_v3/McDMA_v3.srcs/sources_1/bd/user_35t/ip/user_35t_auto_us_0/user_35t_auto_us_0.dcp' for cell 'user_35t_i/axi_interconnect_0/s01_couplers/auto_us'
INFO: [Project 1-454] Reading design checkpoint 'c:/Users/ilpes/Desktop/INSEGNAMENTO/Didattica2023/McDMA/McDMA_v3/McDMA_v3.srcs/sources_1/bd/user_35t/ip/user_35t_auto_us_1/user_35t_auto_us_1.dcp' for cell 'user_35t_i/axi_interconnect_0/s02_couplers/auto_us'
INFO: [Project 1-454] Reading design checkpoint 'c:/Users/ilpes/Desktop/INSEGNAMENTO/Didattica2023/McDMA/McDMA_v3/McDMA_v3.srcs/sources_1/bd/user_35t/ip/user_35t_auto_us_2/user_35t_auto_us_2.dcp' for cell 'user_35t_i/axi_interconnect_0/s03_couplers/auto_us'
INFO: [Project 1-454] Reading design checkpoint 'c:/Users/ilpes/Desktop/INSEGNAMENTO/Didattica2023/McDMA/McDMA_v3/McDMA_v3.srcs/sources_1/bd/user_35t/ip/user_35t_xbar_5/user_35t_xbar_5.dcp' for cell 'user_35t_i/axi_interconnect_1/xbar'
INFO: [Project 1-454] Reading design checkpoint 'c:/Users/ilpes/Desktop/INSEGNAMENTO/Didattica2023/McDMA/McDMA_v3/McDMA_v3.srcs/sources_1/bd/user_35t/ip/user_35t_auto_pc_0/user_35t_auto_pc_0.dcp' for cell 'user_35t_i/axi_interconnect_1/m10_couplers/auto_pc'
INFO: [Project 1-454] Reading design checkpoint 'c:/Users/ilpes/Desktop/INSEGNAMENTO/Didattica2023/McDMA/McDMA_v3/McDMA_v3.srcs/sources_1/bd/user_35t/ip/user_35t_c_counter_binary_0_1/user_35t_c_counter_binary_0_1.dcp' for cell 'user_35t_i/channel_0/c0'
INFO: [Project 1-454] Reading design checkpoint 'c:/Users/ilpes/Desktop/INSEGNAMENTO/Didattica2023/McDMA/McDMA_v3/McDMA_v3.srcs/sources_1/bd/user_35t/ip/user_35t_stream_tlaster_0_2/user_35t_stream_tlaster_0_2.dcp' for cell 'user_35t_i/channel_0/streamer_c0'
INFO: [Project 1-454] Reading design checkpoint 'c:/Users/ilpes/Desktop/INSEGNAMENTO/Didattica2023/McDMA/McDMA_v3/McDMA_v3.srcs/sources_1/bd/user_35t/ip/user_35t_c0_0/user_35t_c0_0.dcp' for cell 'user_35t_i/channel_1/c0'
INFO: [Project 1-454] Reading design checkpoint 'c:/Users/ilpes/Desktop/INSEGNAMENTO/Didattica2023/McDMA/McDMA_v3/McDMA_v3.srcs/sources_1/bd/user_35t/ip/user_35t_streamer_c0_0/user_35t_streamer_c0_0.dcp' for cell 'user_35t_i/channel_1/streamer_c0'
INFO: [Project 1-454] Reading design checkpoint 'c:/Users/ilpes/Desktop/INSEGNAMENTO/Didattica2023/McDMA/McDMA_v3/McDMA_v3.srcs/sources_1/bd/user_35t/ip/user_35t_c0_9/user_35t_c0_9.dcp' for cell 'user_35t_i/channel_10/c0'
INFO: [Project 1-454] Reading design checkpoint 'c:/Users/ilpes/Desktop/INSEGNAMENTO/Didattica2023/McDMA/McDMA_v3/McDMA_v3.srcs/sources_1/bd/user_35t/ip/user_35t_streamer_c0_9/user_35t_streamer_c0_9.dcp' for cell 'user_35t_i/channel_10/streamer_c0'
INFO: [Project 1-454] Reading design checkpoint 'c:/Users/ilpes/Desktop/INSEGNAMENTO/Didattica2023/McDMA/McDMA_v3/McDMA_v3.srcs/sources_1/bd/user_35t/ip/user_35t_c0_10/user_35t_c0_10.dcp' for cell 'user_35t_i/channel_11/c0'
INFO: [Project 1-454] Reading design checkpoint 'c:/Users/ilpes/Desktop/INSEGNAMENTO/Didattica2023/McDMA/McDMA_v3/McDMA_v3.srcs/sources_1/bd/user_35t/ip/user_35t_streamer_c0_10/user_35t_streamer_c0_10.dcp' for cell 'user_35t_i/channel_11/streamer_c0'
INFO: [Project 1-454] Reading design checkpoint 'c:/Users/ilpes/Desktop/INSEGNAMENTO/Didattica2023/McDMA/McDMA_v3/McDMA_v3.srcs/sources_1/bd/user_35t/ip/user_35t_c0_11/user_35t_c0_11.dcp' for cell 'user_35t_i/channel_12/c0'
INFO: [Project 1-454] Reading design checkpoint 'c:/Users/ilpes/Desktop/INSEGNAMENTO/Didattica2023/McDMA/McDMA_v3/McDMA_v3.srcs/sources_1/bd/user_35t/ip/user_35t_streamer_c0_11/user_35t_streamer_c0_11.dcp' for cell 'user_35t_i/channel_12/streamer_c0'
INFO: [Project 1-454] Reading design checkpoint 'c:/Users/ilpes/Desktop/INSEGNAMENTO/Didattica2023/McDMA/McDMA_v3/McDMA_v3.srcs/sources_1/bd/user_35t/ip/user_35t_c0_12/user_35t_c0_12.dcp' for cell 'user_35t_i/channel_13/c0'
INFO: [Project 1-454] Reading design checkpoint 'c:/Users/ilpes/Desktop/INSEGNAMENTO/Didattica2023/McDMA/McDMA_v3/McDMA_v3.srcs/sources_1/bd/user_35t/ip/user_35t_streamer_c0_12/user_35t_streamer_c0_12.dcp' for cell 'user_35t_i/channel_13/streamer_c0'
INFO: [Project 1-454] Reading design checkpoint 'c:/Users/ilpes/Desktop/INSEGNAMENTO/Didattica2023/McDMA/McDMA_v3/McDMA_v3.srcs/sources_1/bd/user_35t/ip/user_35t_c0_13/user_35t_c0_13.dcp' for cell 'user_35t_i/channel_14/c0'
INFO: [Project 1-454] Reading design checkpoint 'c:/Users/ilpes/Desktop/INSEGNAMENTO/Didattica2023/McDMA/McDMA_v3/McDMA_v3.srcs/sources_1/bd/user_35t/ip/user_35t_streamer_c0_13/user_35t_streamer_c0_13.dcp' for cell 'user_35t_i/channel_14/streamer_c0'
INFO: [Project 1-454] Reading design checkpoint 'c:/Users/ilpes/Desktop/INSEGNAMENTO/Didattica2023/McDMA/McDMA_v3/McDMA_v3.srcs/sources_1/bd/user_35t/ip/user_35t_c0_14/user_35t_c0_14.dcp' for cell 'user_35t_i/channel_15/c0'
INFO: [Project 1-454] Reading design checkpoint 'c:/Users/ilpes/Desktop/INSEGNAMENTO/Didattica2023/McDMA/McDMA_v3/McDMA_v3.srcs/sources_1/bd/user_35t/ip/user_35t_streamer_c0_14/user_35t_streamer_c0_14.dcp' for cell 'user_35t_i/channel_15/streamer_c0'
INFO: [Project 1-454] Reading design checkpoint 'c:/Users/ilpes/Desktop/INSEGNAMENTO/Didattica2023/McDMA/McDMA_v3/McDMA_v3.srcs/sources_1/bd/user_35t/ip/user_35t_c0_1/user_35t_c0_1.dcp' for cell 'user_35t_i/channel_2/c0'
INFO: [Project 1-454] Reading design checkpoint 'c:/Users/ilpes/Desktop/INSEGNAMENTO/Didattica2023/McDMA/McDMA_v3/McDMA_v3.srcs/sources_1/bd/user_35t/ip/user_35t_streamer_c0_1/user_35t_streamer_c0_1.dcp' for cell 'user_35t_i/channel_2/streamer_c0'
INFO: [Project 1-454] Reading design checkpoint 'c:/Users/ilpes/Desktop/INSEGNAMENTO/Didattica2023/McDMA/McDMA_v3/McDMA_v3.srcs/sources_1/bd/user_35t/ip/user_35t_c0_2/user_35t_c0_2.dcp' for cell 'user_35t_i/channel_3/c0'
INFO: [Project 1-454] Reading design checkpoint 'c:/Users/ilpes/Desktop/INSEGNAMENTO/Didattica2023/McDMA/McDMA_v3/McDMA_v3.srcs/sources_1/bd/user_35t/ip/user_35t_streamer_c0_2/user_35t_streamer_c0_2.dcp' for cell 'user_35t_i/channel_3/streamer_c0'
INFO: [Project 1-454] Reading design checkpoint 'c:/Users/ilpes/Desktop/INSEGNAMENTO/Didattica2023/McDMA/McDMA_v3/McDMA_v3.srcs/sources_1/bd/user_35t/ip/user_35t_c0_3/user_35t_c0_3.dcp' for cell 'user_35t_i/channel_4/c0'
INFO: [Project 1-454] Reading design checkpoint 'c:/Users/ilpes/Desktop/INSEGNAMENTO/Didattica2023/McDMA/McDMA_v3/McDMA_v3.srcs/sources_1/bd/user_35t/ip/user_35t_streamer_c0_3/user_35t_streamer_c0_3.dcp' for cell 'user_35t_i/channel_4/streamer_c0'
INFO: [Project 1-454] Reading design checkpoint 'c:/Users/ilpes/Desktop/INSEGNAMENTO/Didattica2023/McDMA/McDMA_v3/McDMA_v3.srcs/sources_1/bd/user_35t/ip/user_35t_c0_4/user_35t_c0_4.dcp' for cell 'user_35t_i/channel_5/c0'
INFO: [Project 1-454] Reading design checkpoint 'c:/Users/ilpes/Desktop/INSEGNAMENTO/Didattica2023/McDMA/McDMA_v3/McDMA_v3.srcs/sources_1/bd/user_35t/ip/user_35t_streamer_c0_4/user_35t_streamer_c0_4.dcp' for cell 'user_35t_i/channel_5/streamer_c0'
INFO: [Project 1-454] Reading design checkpoint 'c:/Users/ilpes/Desktop/INSEGNAMENTO/Didattica2023/McDMA/McDMA_v3/McDMA_v3.srcs/sources_1/bd/user_35t/ip/user_35t_c0_5/user_35t_c0_5.dcp' for cell 'user_35t_i/channel_6/c0'
INFO: [Project 1-454] Reading design checkpoint 'c:/Users/ilpes/Desktop/INSEGNAMENTO/Didattica2023/McDMA/McDMA_v3/McDMA_v3.srcs/sources_1/bd/user_35t/ip/user_35t_streamer_c0_5/user_35t_streamer_c0_5.dcp' for cell 'user_35t_i/channel_6/streamer_c0'
INFO: [Project 1-454] Reading design checkpoint 'c:/Users/ilpes/Desktop/INSEGNAMENTO/Didattica2023/McDMA/McDMA_v3/McDMA_v3.srcs/sources_1/bd/user_35t/ip/user_35t_c0_6/user_35t_c0_6.dcp' for cell 'user_35t_i/channel_7/c0'
INFO: [Project 1-454] Reading design checkpoint 'c:/Users/ilpes/Desktop/INSEGNAMENTO/Didattica2023/McDMA/McDMA_v3/McDMA_v3.srcs/sources_1/bd/user_35t/ip/user_35t_streamer_c0_6/user_35t_streamer_c0_6.dcp' for cell 'user_35t_i/channel_7/streamer_c0'
INFO: [Project 1-454] Reading design checkpoint 'c:/Users/ilpes/Desktop/INSEGNAMENTO/Didattica2023/McDMA/McDMA_v3/McDMA_v3.srcs/sources_1/bd/user_35t/ip/user_35t_c0_7/user_35t_c0_7.dcp' for cell 'user_35t_i/channel_8/c0'
INFO: [Project 1-454] Reading design checkpoint 'c:/Users/ilpes/Desktop/INSEGNAMENTO/Didattica2023/McDMA/McDMA_v3/McDMA_v3.srcs/sources_1/bd/user_35t/ip/user_35t_streamer_c0_7/user_35t_streamer_c0_7.dcp' for cell 'user_35t_i/channel_8/streamer_c0'
INFO: [Project 1-454] Reading design checkpoint 'c:/Users/ilpes/Desktop/INSEGNAMENTO/Didattica2023/McDMA/McDMA_v3/McDMA_v3.srcs/sources_1/bd/user_35t/ip/user_35t_dlmb_bram_if_cntlr_0/user_35t_dlmb_bram_if_cntlr_0.dcp' for cell 'user_35t_i/microblaze_0_local_memory/dlmb_bram_if_cntlr'
INFO: [Project 1-454] Reading design checkpoint 'c:/Users/ilpes/Desktop/INSEGNAMENTO/Didattica2023/McDMA/McDMA_v3/McDMA_v3.srcs/sources_1/bd/user_35t/ip/user_35t_dlmb_v10_0/user_35t_dlmb_v10_0.dcp' for cell 'user_35t_i/microblaze_0_local_memory/dlmb_v10'
INFO: [Project 1-454] Reading design checkpoint 'c:/Users/ilpes/Desktop/INSEGNAMENTO/Didattica2023/McDMA/McDMA_v3/McDMA_v3.srcs/sources_1/bd/user_35t/ip/user_35t_ilmb_bram_if_cntlr_0/user_35t_ilmb_bram_if_cntlr_0.dcp' for cell 'user_35t_i/microblaze_0_local_memory/ilmb_bram_if_cntlr'
INFO: [Project 1-454] Reading design checkpoint 'c:/Users/ilpes/Desktop/INSEGNAMENTO/Didattica2023/McDMA/McDMA_v3/McDMA_v3.srcs/sources_1/bd/user_35t/ip/user_35t_ilmb_v10_0/user_35t_ilmb_v10_0.dcp' for cell 'user_35t_i/microblaze_0_local_memory/ilmb_v10'
INFO: [Project 1-454] Reading design checkpoint 'c:/Users/ilpes/Desktop/INSEGNAMENTO/Didattica2023/McDMA/McDMA_v3/McDMA_v3.srcs/sources_1/bd/user_35t/ip/user_35t_lmb_bram_0/user_35t_lmb_bram_0.dcp' for cell 'user_35t_i/microblaze_0_local_memory/lmb_bram'
Netlist sorting complete. Time (s): cpu = 00:00:02 ; elapsed = 00:00:02 . Memory (MB): peak = 1277.348 ; gain = 0.000
INFO: [Netlist 29-17] Analyzing 2175 Unisim elements for replacement
INFO: [Netlist 29-28] Unisim Transformation completed in 0 CPU seconds
INFO: [Project 1-479] Netlist was created with Vivado 2020.2
INFO: [Project 1-570] Preparing netlist for logic optimization
WARNING: [Opt 31-35] Removing redundant IBUF, user_35t_i/clk_wiz_0/inst/clkin1_ibufg, from the path connected to top-level port: sys_clock 
Resolution: The tool has removed redundant IBUF. To resolve this warning, check for redundant IBUF in the input design.
WARNING: [Constraints 18-550] Could not create 'IBUF_LOW_PWR' constraint because net 'user_35t_i/clk_wiz_0/clk_in1' is not directly connected to top level port. Synthesis is ignored for IBUF_LOW_PWR but preserved for implementation.
INFO: [Chipscope 16-324] Core: user_35t_i/ila_TF UUID: 8bf45804-65c2-5ff6-a261-3a0f3a911efc 
INFO: [Chipscope 16-324] Core: user_35t_i/ila_XADC UUID: 7e5c5791-2700-579f-8d7b-8854bca90f17 
INFO: [Chipscope 16-324] Core: user_35t_i/ila_ch0 UUID: f0b8fd32-1047-5cb3-b774-b12bcc3bc634 
INFO: [Chipscope 16-324] Core: user_35t_i/ila_combiner UUID: 5e7634a8-181a-5a8f-84a3-857adeff5b28 
Parsing XDC File [c:/Users/ilpes/Desktop/INSEGNAMENTO/Didattica2023/McDMA/McDMA_v3/McDMA_v3.srcs/sources_1/bd/user_35t/ip/user_35t_axi_emc_0_0/user_35t_axi_emc_0_0_board.xdc] for cell 'user_35t_i/axi_emc_0'
Finished Parsing XDC File [c:/Users/ilpes/Desktop/INSEGNAMENTO/Didattica2023/McDMA/McDMA_v3/McDMA_v3.srcs/sources_1/bd/user_35t/ip/user_35t_axi_emc_0_0/user_35t_axi_emc_0_0_board.xdc] for cell 'user_35t_i/axi_emc_0'
Parsing XDC File [c:/Users/ilpes/Desktop/INSEGNAMENTO/Didattica2023/McDMA/McDMA_v3/McDMA_v3.srcs/sources_1/bd/user_35t/ip/user_35t_axi_emc_0_0/user_35t_axi_emc_0_0.xdc] for cell 'user_35t_i/axi_emc_0'
Finished Parsing XDC File [c:/Users/ilpes/Desktop/INSEGNAMENTO/Didattica2023/McDMA/McDMA_v3/McDMA_v3.srcs/sources_1/bd/user_35t/ip/user_35t_axi_emc_0_0/user_35t_axi_emc_0_0.xdc] for cell 'user_35t_i/axi_emc_0'
Parsing XDC File [c:/Users/ilpes/Desktop/INSEGNAMENTO/Didattica2023/McDMA/McDMA_v3/McDMA_v3.srcs/sources_1/bd/user_35t/ip/user_35t_axi_gpio_0_0/user_35t_axi_gpio_0_0_board.xdc] for cell 'user_35t_i/led_but_gpio/U0'
Finished Parsing XDC File [c:/Users/ilpes/Desktop/INSEGNAMENTO/Didattica2023/McDMA/McDMA_v3/McDMA_v3.srcs/sources_1/bd/user_35t/ip/user_35t_axi_gpio_0_0/user_35t_axi_gpio_0_0_board.xdc] for cell 'user_35t_i/led_but_gpio/U0'
Parsing XDC File [c:/Users/ilpes/Desktop/INSEGNAMENTO/Didattica2023/McDMA/McDMA_v3/McDMA_v3.srcs/sources_1/bd/user_35t/ip/user_35t_axi_gpio_0_0/user_35t_axi_gpio_0_0.xdc] for cell 'user_35t_i/led_but_gpio/U0'
Finished Parsing XDC File [c:/Users/ilpes/Desktop/INSEGNAMENTO/Didattica2023/McDMA/McDMA_v3/McDMA_v3.srcs/sources_1/bd/user_35t/ip/user_35t_axi_gpio_0_0/user_35t_axi_gpio_0_0.xdc] for cell 'user_35t_i/led_but_gpio/U0'
Parsing XDC File [c:/Users/ilpes/Desktop/INSEGNAMENTO/Didattica2023/McDMA/McDMA_v3/McDMA_v3.srcs/sources_1/bd/user_35t/ip/user_35t_axi_intc_0_0/user_35t_axi_intc_0_0.xdc] for cell 'user_35t_i/axi_intc_0/U0'
Finished Parsing XDC File [c:/Users/ilpes/Desktop/INSEGNAMENTO/Didattica2023/McDMA/McDMA_v3/McDMA_v3.srcs/sources_1/bd/user_35t/ip/user_35t_axi_intc_0_0/user_35t_axi_intc_0_0.xdc] for cell 'user_35t_i/axi_intc_0/U0'
Parsing XDC File [c:/Users/ilpes/Desktop/INSEGNAMENTO/Didattica2023/McDMA/McDMA_v3/McDMA_v3.srcs/sources_1/bd/user_35t/ip/user_35t_axi_timer_0_0/user_35t_axi_timer_0_0.xdc] for cell 'user_35t_i/axi_timer_0/U0'
Finished Parsing XDC File [c:/Users/ilpes/Desktop/INSEGNAMENTO/Didattica2023/McDMA/McDMA_v3/McDMA_v3.srcs/sources_1/bd/user_35t/ip/user_35t_axi_timer_0_0/user_35t_axi_timer_0_0.xdc] for cell 'user_35t_i/axi_timer_0/U0'
Parsing XDC File [c:/Users/ilpes/Desktop/INSEGNAMENTO/Didattica2023/McDMA/McDMA_v3/McDMA_v3.srcs/sources_1/bd/user_35t/ip/user_35t_axi_uartlite_0_0/user_35t_axi_uartlite_0_0_board.xdc] for cell 'user_35t_i/axi_uartlite_0/U0'
Finished Parsing XDC File [c:/Users/ilpes/Desktop/INSEGNAMENTO/Didattica2023/McDMA/McDMA_v3/McDMA_v3.srcs/sources_1/bd/user_35t/ip/user_35t_axi_uartlite_0_0/user_35t_axi_uartlite_0_0_board.xdc] for cell 'user_35t_i/axi_uartlite_0/U0'
Parsing XDC File [c:/Users/ilpes/Desktop/INSEGNAMENTO/Didattica2023/McDMA/McDMA_v3/McDMA_v3.srcs/sources_1/bd/user_35t/ip/user_35t_axi_uartlite_0_0/user_35t_axi_uartlite_0_0.xdc] for cell 'user_35t_i/axi_uartlite_0/U0'
Finished Parsing XDC File [c:/Users/ilpes/Desktop/INSEGNAMENTO/Didattica2023/McDMA/McDMA_v3/McDMA_v3.srcs/sources_1/bd/user_35t/ip/user_35t_axi_uartlite_0_0/user_35t_axi_uartlite_0_0.xdc] for cell 'user_35t_i/axi_uartlite_0/U0'
Parsing XDC File [c:/Users/ilpes/Desktop/INSEGNAMENTO/Didattica2023/McDMA/McDMA_v3/McDMA_v3.srcs/sources_1/bd/user_35t/ip/user_35t_clk_wiz_0_0/user_35t_clk_wiz_0_0_board.xdc] for cell 'user_35t_i/clk_wiz_0/inst'
Finished Parsing XDC File [c:/Users/ilpes/Desktop/INSEGNAMENTO/Didattica2023/McDMA/McDMA_v3/McDMA_v3.srcs/sources_1/bd/user_35t/ip/user_35t_clk_wiz_0_0/user_35t_clk_wiz_0_0_board.xdc] for cell 'user_35t_i/clk_wiz_0/inst'
Parsing XDC File [c:/Users/ilpes/Desktop/INSEGNAMENTO/Didattica2023/McDMA/McDMA_v3/McDMA_v3.srcs/sources_1/bd/user_35t/ip/user_35t_clk_wiz_0_0/user_35t_clk_wiz_0_0.xdc] for cell 'user_35t_i/clk_wiz_0/inst'
INFO: [Timing 38-35] Done setting XDC timing constraints. [c:/Users/ilpes/Desktop/INSEGNAMENTO/Didattica2023/McDMA/McDMA_v3/McDMA_v3.srcs/sources_1/bd/user_35t/ip/user_35t_clk_wiz_0_0/user_35t_clk_wiz_0_0.xdc:57]
INFO: [Timing 38-2] Deriving generated clocks [c:/Users/ilpes/Desktop/INSEGNAMENTO/Didattica2023/McDMA/McDMA_v3/McDMA_v3.srcs/sources_1/bd/user_35t/ip/user_35t_clk_wiz_0_0/user_35t_clk_wiz_0_0.xdc:57]
get_clocks: Time (s): cpu = 00:00:14 ; elapsed = 00:00:13 . Memory (MB): peak = 2051.086 ; gain = 588.984
WARNING: [Vivado 12-2489] -input_jitter contains time 0.833330 which will be rounded to 0.833 to ensure it is an integer multiple of 1 picosecond [c:/Users/ilpes/Desktop/INSEGNAMENTO/Didattica2023/McDMA/McDMA_v3/McDMA_v3.srcs/sources_1/bd/user_35t/ip/user_35t_clk_wiz_0_0/user_35t_clk_wiz_0_0.xdc:57]
Finished Parsing XDC File [c:/Users/ilpes/Desktop/INSEGNAMENTO/Didattica2023/McDMA/McDMA_v3/McDMA_v3.srcs/sources_1/bd/user_35t/ip/user_35t_clk_wiz_0_0/user_35t_clk_wiz_0_0.xdc] for cell 'user_35t_i/clk_wiz_0/inst'
Parsing XDC File [c:/Users/ilpes/Desktop/INSEGNAMENTO/Didattica2023/McDMA/McDMA_v3/McDMA_v3.srcs/sources_1/bd/user_35t/ip/user_35t_mdm_1_0/user_35t_mdm_1_0.xdc] for cell 'user_35t_i/mdm_1/U0'
Finished Parsing XDC File [c:/Users/ilpes/Desktop/INSEGNAMENTO/Didattica2023/McDMA/McDMA_v3/McDMA_v3.srcs/sources_1/bd/user_35t/ip/user_35t_mdm_1_0/user_35t_mdm_1_0.xdc] for cell 'user_35t_i/mdm_1/U0'
Parsing XDC File [c:/Users/ilpes/Desktop/INSEGNAMENTO/Didattica2023/McDMA/McDMA_v3/McDMA_v3.srcs/sources_1/bd/user_35t/ip/user_35t_microblaze_0_0/user_35t_microblaze_0_0.xdc] for cell 'user_35t_i/microblaze_0/U0'
Finished Parsing XDC File [c:/Users/ilpes/Desktop/INSEGNAMENTO/Didattica2023/McDMA/McDMA_v3/McDMA_v3.srcs/sources_1/bd/user_35t/ip/user_35t_microblaze_0_0/user_35t_microblaze_0_0.xdc] for cell 'user_35t_i/microblaze_0/U0'
Parsing XDC File [c:/Users/ilpes/Desktop/INSEGNAMENTO/Didattica2023/McDMA/McDMA_v3/McDMA_v3.srcs/sources_1/bd/user_35t/ip/user_35t_rst_clk_wiz_0_100M_0/user_35t_rst_clk_wiz_0_100M_0_board.xdc] for cell 'user_35t_i/rst_clk_wiz_0_100M/U0'
Finished Parsing XDC File [c:/Users/ilpes/Desktop/INSEGNAMENTO/Didattica2023/McDMA/McDMA_v3/McDMA_v3.srcs/sources_1/bd/user_35t/ip/user_35t_rst_clk_wiz_0_100M_0/user_35t_rst_clk_wiz_0_100M_0_board.xdc] for cell 'user_35t_i/rst_clk_wiz_0_100M/U0'
Parsing XDC File [c:/Users/ilpes/Desktop/INSEGNAMENTO/Didattica2023/McDMA/McDMA_v3/McDMA_v3.srcs/sources_1/bd/user_35t/ip/user_35t_rst_clk_wiz_0_100M_0/user_35t_rst_clk_wiz_0_100M_0.xdc] for cell 'user_35t_i/rst_clk_wiz_0_100M/U0'
Finished Parsing XDC File [c:/Users/ilpes/Desktop/INSEGNAMENTO/Didattica2023/McDMA/McDMA_v3/McDMA_v3.srcs/sources_1/bd/user_35t/ip/user_35t_rst_clk_wiz_0_100M_0/user_35t_rst_clk_wiz_0_100M_0.xdc] for cell 'user_35t_i/rst_clk_wiz_0_100M/U0'
Parsing XDC File [c:/Users/ilpes/Desktop/INSEGNAMENTO/Didattica2023/McDMA/McDMA_v3/McDMA_v3.srcs/sources_1/bd/user_35t/ip/user_35t_axi_iic_0_0/user_35t_axi_iic_0_0_board.xdc] for cell 'user_35t_i/axi_iic/U0'
Finished Parsing XDC File [c:/Users/ilpes/Desktop/INSEGNAMENTO/Didattica2023/McDMA/McDMA_v3/McDMA_v3.srcs/sources_1/bd/user_35t/ip/user_35t_axi_iic_0_0/user_35t_axi_iic_0_0_board.xdc] for cell 'user_35t_i/axi_iic/U0'
Parsing XDC File [c:/Users/ilpes/Desktop/INSEGNAMENTO/Didattica2023/McDMA/McDMA_v3/McDMA_v3.srcs/sources_1/bd/user_35t/ip/user_35t_axi_quad_spi_0_0/user_35t_axi_quad_spi_0_0_board.xdc] for cell 'user_35t_i/axi_quad_spi_0/U0'
Finished Parsing XDC File [c:/Users/ilpes/Desktop/INSEGNAMENTO/Didattica2023/McDMA/McDMA_v3/McDMA_v3.srcs/sources_1/bd/user_35t/ip/user_35t_axi_quad_spi_0_0/user_35t_axi_quad_spi_0_0_board.xdc] for cell 'user_35t_i/axi_quad_spi_0/U0'
Parsing XDC File [c:/Users/ilpes/Desktop/INSEGNAMENTO/Didattica2023/McDMA/McDMA_v3/McDMA_v3.srcs/sources_1/bd/user_35t/ip/user_35t_axi_quad_spi_0_0/user_35t_axi_quad_spi_0_0.xdc] for cell 'user_35t_i/axi_quad_spi_0/U0'
Finished Parsing XDC File [c:/Users/ilpes/Desktop/INSEGNAMENTO/Didattica2023/McDMA/McDMA_v3/McDMA_v3.srcs/sources_1/bd/user_35t/ip/user_35t_axi_quad_spi_0_0/user_35t_axi_quad_spi_0_0.xdc] for cell 'user_35t_i/axi_quad_spi_0/U0'
Parsing XDC File [c:/Users/ilpes/Desktop/INSEGNAMENTO/Didattica2023/McDMA/McDMA_v3/McDMA_v3.srcs/sources_1/bd/user_35t/ip/user_35t_xadc_wiz_0_0/user_35t_xadc_wiz_0_0.xdc] for cell 'user_35t_i/xadc_wiz_0/inst'
Finished Parsing XDC File [c:/Users/ilpes/Desktop/INSEGNAMENTO/Didattica2023/McDMA/McDMA_v3/McDMA_v3.srcs/sources_1/bd/user_35t/ip/user_35t_xadc_wiz_0_0/user_35t_xadc_wiz_0_0.xdc] for cell 'user_35t_i/xadc_wiz_0/inst'
Parsing XDC File [c:/Users/ilpes/Desktop/INSEGNAMENTO/Didattica2023/McDMA/McDMA_v3/McDMA_v3.srcs/sources_1/bd/user_35t/ip/user_35t_axi_dma_0_0/user_35t_axi_dma_0_0.xdc] for cell 'user_35t_i/axi_dma_0/U0'
WARNING: [Vivado_Tcl 4-921] Waiver ID 'CDC-1' -to list should not be empty. [c:/Users/ilpes/Desktop/INSEGNAMENTO/Didattica2023/McDMA/McDMA_v3/McDMA_v3.srcs/sources_1/bd/user_35t/ip/user_35t_axi_dma_0_0/user_35t_axi_dma_0_0.xdc:52]
WARNING: [Vivado_Tcl 4-921] Waiver ID 'CDC-1' -to list should not be empty. [c:/Users/ilpes/Desktop/INSEGNAMENTO/Didattica2023/McDMA/McDMA_v3/McDMA_v3.srcs/sources_1/bd/user_35t/ip/user_35t_axi_dma_0_0/user_35t_axi_dma_0_0.xdc:56]
WARNING: [Vivado_Tcl 4-919] Waiver ID 'CDC-1' -from list should not be empty. [c:/Users/ilpes/Desktop/INSEGNAMENTO/Didattica2023/McDMA/McDMA_v3/McDMA_v3.srcs/sources_1/bd/user_35t/ip/user_35t_axi_dma_0_0/user_35t_axi_dma_0_0.xdc:61]
Finished Parsing XDC File [c:/Users/ilpes/Desktop/INSEGNAMENTO/Didattica2023/McDMA/McDMA_v3/McDMA_v3.srcs/sources_1/bd/user_35t/ip/user_35t_axi_dma_0_0/user_35t_axi_dma_0_0.xdc] for cell 'user_35t_i/axi_dma_0/U0'
Parsing XDC File [c:/Users/ilpes/Desktop/INSEGNAMENTO/Didattica2023/McDMA/McDMA_v3/McDMA_v3.srcs/sources_1/bd/user_35t/ip/user_35t_axi_gpio_0_1/user_35t_axi_gpio_0_1_board.xdc] for cell 'user_35t_i/axi_gpio_0/U0'
Finished Parsing XDC File [c:/Users/ilpes/Desktop/INSEGNAMENTO/Didattica2023/McDMA/McDMA_v3/McDMA_v3.srcs/sources_1/bd/user_35t/ip/user_35t_axi_gpio_0_1/user_35t_axi_gpio_0_1_board.xdc] for cell 'user_35t_i/axi_gpio_0/U0'
Parsing XDC File [c:/Users/ilpes/Desktop/INSEGNAMENTO/Didattica2023/McDMA/McDMA_v3/McDMA_v3.srcs/sources_1/bd/user_35t/ip/user_35t_axi_gpio_0_1/user_35t_axi_gpio_0_1.xdc] for cell 'user_35t_i/axi_gpio_0/U0'
Finished Parsing XDC File [c:/Users/ilpes/Desktop/INSEGNAMENTO/Didattica2023/McDMA/McDMA_v3/McDMA_v3.srcs/sources_1/bd/user_35t/ip/user_35t_axi_gpio_0_1/user_35t_axi_gpio_0_1.xdc] for cell 'user_35t_i/axi_gpio_0/U0'
Parsing XDC File [c:/Users/ilpes/Desktop/INSEGNAMENTO/Didattica2023/McDMA/McDMA_v3/McDMA_v3.srcs/sources_1/bd/user_35t/ip/user_35t_axi_dma_0_1/user_35t_axi_dma_0_1.xdc] for cell 'user_35t_i/axi_dma_16counters/U0'
WARNING: [Vivado_Tcl 4-921] Waiver ID 'CDC-1' -to list should not be empty. [c:/Users/ilpes/Desktop/INSEGNAMENTO/Didattica2023/McDMA/McDMA_v3/McDMA_v3.srcs/sources_1/bd/user_35t/ip/user_35t_axi_dma_0_1/user_35t_axi_dma_0_1.xdc:52]
WARNING: [Vivado_Tcl 4-921] Waiver ID 'CDC-1' -to list should not be empty. [c:/Users/ilpes/Desktop/INSEGNAMENTO/Didattica2023/McDMA/McDMA_v3/McDMA_v3.srcs/sources_1/bd/user_35t/ip/user_35t_axi_dma_0_1/user_35t_axi_dma_0_1.xdc:56]
WARNING: [Vivado_Tcl 4-919] Waiver ID 'CDC-1' -from list should not be empty. [c:/Users/ilpes/Desktop/INSEGNAMENTO/Didattica2023/McDMA/McDMA_v3/McDMA_v3.srcs/sources_1/bd/user_35t/ip/user_35t_axi_dma_0_1/user_35t_axi_dma_0_1.xdc:61]
Finished Parsing XDC File [c:/Users/ilpes/Desktop/INSEGNAMENTO/Didattica2023/McDMA/McDMA_v3/McDMA_v3.srcs/sources_1/bd/user_35t/ip/user_35t_axi_dma_0_1/user_35t_axi_dma_0_1.xdc] for cell 'user_35t_i/axi_dma_16counters/U0'
Parsing XDC File [c:/Users/ilpes/Desktop/INSEGNAMENTO/Didattica2023/McDMA/McDMA_v3/McDMA_v3.srcs/sources_1/bd/user_35t/ip/user_35t_ila_0_0/ila_v6_2/constraints/ila_impl.xdc] for cell 'user_35t_i/ila_combiner/inst'
Finished Parsing XDC File [c:/Users/ilpes/Desktop/INSEGNAMENTO/Didattica2023/McDMA/McDMA_v3/McDMA_v3.srcs/sources_1/bd/user_35t/ip/user_35t_ila_0_0/ila_v6_2/constraints/ila_impl.xdc] for cell 'user_35t_i/ila_combiner/inst'
Parsing XDC File [c:/Users/ilpes/Desktop/INSEGNAMENTO/Didattica2023/McDMA/McDMA_v3/McDMA_v3.srcs/sources_1/bd/user_35t/ip/user_35t_ila_0_0/ila_v6_2/constraints/ila.xdc] for cell 'user_35t_i/ila_combiner/inst'
Finished Parsing XDC File [c:/Users/ilpes/Desktop/INSEGNAMENTO/Didattica2023/McDMA/McDMA_v3/McDMA_v3.srcs/sources_1/bd/user_35t/ip/user_35t_ila_0_0/ila_v6_2/constraints/ila.xdc] for cell 'user_35t_i/ila_combiner/inst'
Parsing XDC File [c:/Users/ilpes/Desktop/INSEGNAMENTO/Didattica2023/McDMA/McDMA_v3/McDMA_v3.srcs/sources_1/bd/user_35t/ip/user_35t_ila_combiner_1/ila_v6_2/constraints/ila_impl.xdc] for cell 'user_35t_i/ila_ch0/inst'
Finished Parsing XDC File [c:/Users/ilpes/Desktop/INSEGNAMENTO/Didattica2023/McDMA/McDMA_v3/McDMA_v3.srcs/sources_1/bd/user_35t/ip/user_35t_ila_combiner_1/ila_v6_2/constraints/ila_impl.xdc] for cell 'user_35t_i/ila_ch0/inst'
Parsing XDC File [c:/Users/ilpes/Desktop/INSEGNAMENTO/Didattica2023/McDMA/McDMA_v3/McDMA_v3.srcs/sources_1/bd/user_35t/ip/user_35t_ila_combiner_1/ila_v6_2/constraints/ila.xdc] for cell 'user_35t_i/ila_ch0/inst'
Finished Parsing XDC File [c:/Users/ilpes/Desktop/INSEGNAMENTO/Didattica2023/McDMA/McDMA_v3/McDMA_v3.srcs/sources_1/bd/user_35t/ip/user_35t_ila_combiner_1/ila_v6_2/constraints/ila.xdc] for cell 'user_35t_i/ila_ch0/inst'
Parsing XDC File [c:/Users/ilpes/Desktop/INSEGNAMENTO/Didattica2023/McDMA/McDMA_v1/McDMA_v1.srcs/sources_1/bd/user_35t/ip/user_35t_axi_traffic_gen_0_0/user_35t_axi_traffic_gen_0_0.xdc] for cell 'user_35t_i/axi_traffic_gen_0/inst'
Finished Parsing XDC File [c:/Users/ilpes/Desktop/INSEGNAMENTO/Didattica2023/McDMA/McDMA_v1/McDMA_v1.srcs/sources_1/bd/user_35t/ip/user_35t_axi_traffic_gen_0_0/user_35t_axi_traffic_gen_0_0.xdc] for cell 'user_35t_i/axi_traffic_gen_0/inst'
Parsing XDC File [c:/Users/ilpes/Desktop/INSEGNAMENTO/Didattica2023/McDMA/McDMA_v3/McDMA_v3.srcs/sources_1/bd/user_35t/ip/user_35t_ila_ch0_0/ila_v6_2/constraints/ila_impl.xdc] for cell 'user_35t_i/ila_TF/inst'
Finished Parsing XDC File [c:/Users/ilpes/Desktop/INSEGNAMENTO/Didattica2023/McDMA/McDMA_v3/McDMA_v3.srcs/sources_1/bd/user_35t/ip/user_35t_ila_ch0_0/ila_v6_2/constraints/ila_impl.xdc] for cell 'user_35t_i/ila_TF/inst'
Parsing XDC File [c:/Users/ilpes/Desktop/INSEGNAMENTO/Didattica2023/McDMA/McDMA_v3/McDMA_v3.srcs/sources_1/bd/user_35t/ip/user_35t_ila_ch0_0/ila_v6_2/constraints/ila.xdc] for cell 'user_35t_i/ila_TF/inst'
Finished Parsing XDC File [c:/Users/ilpes/Desktop/INSEGNAMENTO/Didattica2023/McDMA/McDMA_v3/McDMA_v3.srcs/sources_1/bd/user_35t/ip/user_35t_ila_ch0_0/ila_v6_2/constraints/ila.xdc] for cell 'user_35t_i/ila_TF/inst'
Parsing XDC File [c:/Users/ilpes/Desktop/INSEGNAMENTO/Didattica2023/McDMA/McDMA_v3/McDMA_v3.srcs/sources_1/bd/user_35t/ip/user_35t_ila_TF_0/ila_v6_2/constraints/ila_impl.xdc] for cell 'user_35t_i/ila_XADC/inst'
Finished Parsing XDC File [c:/Users/ilpes/Desktop/INSEGNAMENTO/Didattica2023/McDMA/McDMA_v3/McDMA_v3.srcs/sources_1/bd/user_35t/ip/user_35t_ila_TF_0/ila_v6_2/constraints/ila_impl.xdc] for cell 'user_35t_i/ila_XADC/inst'
Parsing XDC File [c:/Users/ilpes/Desktop/INSEGNAMENTO/Didattica2023/McDMA/McDMA_v3/McDMA_v3.srcs/sources_1/bd/user_35t/ip/user_35t_ila_TF_0/ila_v6_2/constraints/ila.xdc] for cell 'user_35t_i/ila_XADC/inst'
Finished Parsing XDC File [c:/Users/ilpes/Desktop/INSEGNAMENTO/Didattica2023/McDMA/McDMA_v3/McDMA_v3.srcs/sources_1/bd/user_35t/ip/user_35t_ila_TF_0/ila_v6_2/constraints/ila.xdc] for cell 'user_35t_i/ila_XADC/inst'
Parsing XDC File [c:/Users/ilpes/Desktop/INSEGNAMENTO/Didattica2023/McDMA/McDMA_v3/McDMA_v3.srcs/sources_1/bd/user_35t/ip/user_35t_axi_gpio_1_0/user_35t_axi_gpio_1_0_board.xdc] for cell 'user_35t_i/gpio_1_cnt_axidata_fifo/U0'
Finished Parsing XDC File [c:/Users/ilpes/Desktop/INSEGNAMENTO/Didattica2023/McDMA/McDMA_v3/McDMA_v3.srcs/sources_1/bd/user_35t/ip/user_35t_axi_gpio_1_0/user_35t_axi_gpio_1_0_board.xdc] for cell 'user_35t_i/gpio_1_cnt_axidata_fifo/U0'
Parsing XDC File [c:/Users/ilpes/Desktop/INSEGNAMENTO/Didattica2023/McDMA/McDMA_v3/McDMA_v3.srcs/sources_1/bd/user_35t/ip/user_35t_axi_gpio_1_0/user_35t_axi_gpio_1_0.xdc] for cell 'user_35t_i/gpio_1_cnt_axidata_fifo/U0'
Finished Parsing XDC File [c:/Users/ilpes/Desktop/INSEGNAMENTO/Didattica2023/McDMA/McDMA_v3/McDMA_v3.srcs/sources_1/bd/user_35t/ip/user_35t_axi_gpio_1_0/user_35t_axi_gpio_1_0.xdc] for cell 'user_35t_i/gpio_1_cnt_axidata_fifo/U0'
Parsing XDC File [C:/Users/ilpes/Desktop/INSEGNAMENTO/Didattica2023/McDMA/McDMA_v3/McDMA_v3.srcs/constrs_1/imports/Downloads/Cmod-A7-Master.xdc]
Finished Parsing XDC File [C:/Users/ilpes/Desktop/INSEGNAMENTO/Didattica2023/McDMA/McDMA_v3/McDMA_v3.srcs/constrs_1/imports/Downloads/Cmod-A7-Master.xdc]
Parsing XDC File [c:/Users/ilpes/Desktop/INSEGNAMENTO/Didattica2023/McDMA/McDMA_v3/McDMA_v3.srcs/sources_1/bd/user_35t/ip/user_35t_axi_intc_0_0/user_35t_axi_intc_0_0_clocks.xdc] for cell 'user_35t_i/axi_intc_0/U0'
Finished Parsing XDC File [c:/Users/ilpes/Desktop/INSEGNAMENTO/Didattica2023/McDMA/McDMA_v3/McDMA_v3.srcs/sources_1/bd/user_35t/ip/user_35t_axi_intc_0_0/user_35t_axi_intc_0_0_clocks.xdc] for cell 'user_35t_i/axi_intc_0/U0'
Parsing XDC File [c:/Users/ilpes/Desktop/INSEGNAMENTO/Didattica2023/McDMA/McDMA_v3/McDMA_v3.srcs/sources_1/bd/user_35t/ip/user_35t_axi_quad_spi_0_0/user_35t_axi_quad_spi_0_0_clocks.xdc] for cell 'user_35t_i/axi_quad_spi_0/U0'
Finished Parsing XDC File [c:/Users/ilpes/Desktop/INSEGNAMENTO/Didattica2023/McDMA/McDMA_v3/McDMA_v3.srcs/sources_1/bd/user_35t/ip/user_35t_axi_quad_spi_0_0/user_35t_axi_quad_spi_0_0_clocks.xdc] for cell 'user_35t_i/axi_quad_spi_0/U0'
Parsing XDC File [c:/Users/ilpes/Desktop/INSEGNAMENTO/Didattica2023/McDMA/McDMA_v3/McDMA_v3.srcs/sources_1/bd/user_35t/ip/user_35t_axi_dma_0_0/user_35t_axi_dma_0_0_clocks.xdc] for cell 'user_35t_i/axi_dma_0/U0'
Finished Parsing XDC File [c:/Users/ilpes/Desktop/INSEGNAMENTO/Didattica2023/McDMA/McDMA_v3/McDMA_v3.srcs/sources_1/bd/user_35t/ip/user_35t_axi_dma_0_0/user_35t_axi_dma_0_0_clocks.xdc] for cell 'user_35t_i/axi_dma_0/U0'
Parsing XDC File [c:/Users/ilpes/Desktop/INSEGNAMENTO/Didattica2023/McDMA/McDMA_v3/McDMA_v3.srcs/sources_1/bd/user_35t/ip/user_35t_axi_dma_0_1/user_35t_axi_dma_0_1_clocks.xdc] for cell 'user_35t_i/axi_dma_16counters/U0'
Finished Parsing XDC File [c:/Users/ilpes/Desktop/INSEGNAMENTO/Didattica2023/McDMA/McDMA_v3/McDMA_v3.srcs/sources_1/bd/user_35t/ip/user_35t_axi_dma_0_1/user_35t_axi_dma_0_1_clocks.xdc] for cell 'user_35t_i/axi_dma_16counters/U0'
Parsing XDC File [c:/Users/ilpes/Desktop/INSEGNAMENTO/Didattica2023/McDMA/McDMA_v3/McDMA_v3.srcs/sources_1/bd/user_35t/ip/user_35t_auto_us_0/user_35t_auto_us_0_clocks.xdc] for cell 'user_35t_i/axi_interconnect_0/s01_couplers/auto_us/inst'
Finished Parsing XDC File [c:/Users/ilpes/Desktop/INSEGNAMENTO/Didattica2023/McDMA/McDMA_v3/McDMA_v3.srcs/sources_1/bd/user_35t/ip/user_35t_auto_us_0/user_35t_auto_us_0_clocks.xdc] for cell 'user_35t_i/axi_interconnect_0/s01_couplers/auto_us/inst'
Parsing XDC File [c:/Users/ilpes/Desktop/INSEGNAMENTO/Didattica2023/McDMA/McDMA_v3/McDMA_v3.srcs/sources_1/bd/user_35t/ip/user_35t_auto_us_1/user_35t_auto_us_1_clocks.xdc] for cell 'user_35t_i/axi_interconnect_0/s02_couplers/auto_us/inst'
Finished Parsing XDC File [c:/Users/ilpes/Desktop/INSEGNAMENTO/Didattica2023/McDMA/McDMA_v3/McDMA_v3.srcs/sources_1/bd/user_35t/ip/user_35t_auto_us_1/user_35t_auto_us_1_clocks.xdc] for cell 'user_35t_i/axi_interconnect_0/s02_couplers/auto_us/inst'
Parsing XDC File [c:/Users/ilpes/Desktop/INSEGNAMENTO/Didattica2023/McDMA/McDMA_v3/McDMA_v3.srcs/sources_1/bd/user_35t/ip/user_35t_auto_us_2/user_35t_auto_us_2_clocks.xdc] for cell 'user_35t_i/axi_interconnect_0/s03_couplers/auto_us/inst'
Finished Parsing XDC File [c:/Users/ilpes/Desktop/INSEGNAMENTO/Didattica2023/McDMA/McDMA_v3/McDMA_v3.srcs/sources_1/bd/user_35t/ip/user_35t_auto_us_2/user_35t_auto_us_2_clocks.xdc] for cell 'user_35t_i/axi_interconnect_0/s03_couplers/auto_us/inst'
Parsing XDC File [c:/Users/ilpes/Desktop/INSEGNAMENTO/Didattica2023/McDMA/McDMA_v3/McDMA_v3.srcs/sources_1/bd/user_35t/ip/user_35t_auto_ds_0/user_35t_auto_ds_0_clocks.xdc] for cell 'user_35t_i/axi_interconnect_0/m00_couplers/auto_ds/inst'
Finished Parsing XDC File [c:/Users/ilpes/Desktop/INSEGNAMENTO/Didattica2023/McDMA/McDMA_v3/McDMA_v3.srcs/sources_1/bd/user_35t/ip/user_35t_auto_ds_0/user_35t_auto_ds_0_clocks.xdc] for cell 'user_35t_i/axi_interconnect_0/m00_couplers/auto_ds/inst'
WARNING: [XPM_CDC_GRAY: TCL-1000] The source and destination clocks are the same. 
     Instance: user_35t_i/axi_quad_spi_0/U0/NO_DUAL_QUAD_MODE.QSPI_NORMAL/QSPI_LEGACY_MD_GEN.QSPI_CORE_INTERFACE_I/FIFO_EXISTS.TX_FIFO_II/xpm_fifo_instance.xpm_fifo_async_inst/gnuram_async_fifo.xpm_fifo_base_inst/gen_cdc_pntr.rd_pntr_cdc_inst 
  This will add unnecessary latency to the design. Please check the design for the following: 
 1) Manually instantiated XPM_CDC modules: Xilinx recommends that you remove these modules. 
 2) Xilinx IP that contains XPM_CDC modules: Verify the connections to the IP to determine whether you can safely ignore this message.
 [C:/XVITIS/Vivado/2020.2/data/ip/xpm/xpm_cdc/tcl/xpm_cdc_gray.tcl:16]
WARNING: [XPM_CDC_GRAY: TCL-1000] The source and destination clocks are the same. 
     Instance: user_35t_i/axi_quad_spi_0/U0/NO_DUAL_QUAD_MODE.QSPI_NORMAL/QSPI_LEGACY_MD_GEN.QSPI_CORE_INTERFACE_I/FIFO_EXISTS.RX_FIFO_II/gnuram_async_fifo.xpm_fifo_base_inst/gen_cdc_pntr.wr_pntr_cdc_inst 
  This will add unnecessary latency to the design. Please check the design for the following: 
 1) Manually instantiated XPM_CDC modules: Xilinx recommends that you remove these modules. 
 2) Xilinx IP that contains XPM_CDC modules: Verify the connections to the IP to determine whether you can safely ignore this message.
 [C:/XVITIS/Vivado/2020.2/data/ip/xpm/xpm_cdc/tcl/xpm_cdc_gray.tcl:16]
WARNING: [XPM_CDC_GRAY: TCL-1000] The source and destination clocks are the same. 
     Instance: user_35t_i/axi_quad_spi_0/U0/NO_DUAL_QUAD_MODE.QSPI_NORMAL/QSPI_LEGACY_MD_GEN.QSPI_CORE_INTERFACE_I/FIFO_EXISTS.RX_FIFO_II/gnuram_async_fifo.xpm_fifo_base_inst/gen_cdc_pntr.rd_pntr_cdc_inst 
  This will add unnecessary latency to the design. Please check the design for the following: 
 1) Manually instantiated XPM_CDC modules: Xilinx recommends that you remove these modules. 
 2) Xilinx IP that contains XPM_CDC modules: Verify the connections to the IP to determine whether you can safely ignore this message.
 [C:/XVITIS/Vivado/2020.2/data/ip/xpm/xpm_cdc/tcl/xpm_cdc_gray.tcl:16]
WARNING: [XPM_CDC_GRAY: TCL-1000] The source and destination clocks are the same. 
     Instance: user_35t_i/axi_quad_spi_0/U0/NO_DUAL_QUAD_MODE.QSPI_NORMAL/QSPI_LEGACY_MD_GEN.QSPI_CORE_INTERFACE_I/FIFO_EXISTS.TX_FIFO_II/xpm_fifo_instance.xpm_fifo_async_inst/gnuram_async_fifo.xpm_fifo_base_inst/gen_cdc_pntr.wr_pntr_cdc_inst 
  This will add unnecessary latency to the design. Please check the design for the following: 
 1) Manually instantiated XPM_CDC modules: Xilinx recommends that you remove these modules. 
 2) Xilinx IP that contains XPM_CDC modules: Verify the connections to the IP to determine whether you can safely ignore this message.
 [C:/XVITIS/Vivado/2020.2/data/ip/xpm/xpm_cdc/tcl/xpm_cdc_gray.tcl:16]
WARNING: [XPM_CDC_GRAY: TCL-1000] The source and destination clocks are the same. 
     Instance: user_35t_i/axi_quad_spi_0/U0/NO_DUAL_QUAD_MODE.QSPI_NORMAL/QSPI_LEGACY_MD_GEN.QSPI_CORE_INTERFACE_I/FIFO_EXISTS.TX_FIFO_II/xpm_fifo_instance.xpm_fifo_async_inst/gnuram_async_fifo.xpm_fifo_base_inst/gen_cdc_pntr.wr_pntr_cdc_dc_inst 
  This will add unnecessary latency to the design. Please check the design for the following: 
 1) Manually instantiated XPM_CDC modules: Xilinx recommends that you remove these modules. 
 2) Xilinx IP that contains XPM_CDC modules: Verify the connections to the IP to determine whether you can safely ignore this message.
 [C:/XVITIS/Vivado/2020.2/data/ip/xpm/xpm_cdc/tcl/xpm_cdc_gray.tcl:16]
WARNING: [XPM_CDC_GRAY: TCL-1000] The source and destination clocks are the same. 
     Instance: user_35t_i/axi_quad_spi_0/U0/NO_DUAL_QUAD_MODE.QSPI_NORMAL/QSPI_LEGACY_MD_GEN.QSPI_CORE_INTERFACE_I/FIFO_EXISTS.RX_FIFO_II/gnuram_async_fifo.xpm_fifo_base_inst/gen_cdc_pntr.wr_pntr_cdc_dc_inst 
  This will add unnecessary latency to the design. Please check the design for the following: 
 1) Manually instantiated XPM_CDC modules: Xilinx recommends that you remove these modules. 
 2) Xilinx IP that contains XPM_CDC modules: Verify the connections to the IP to determine whether you can safely ignore this message.
 [C:/XVITIS/Vivado/2020.2/data/ip/xpm/xpm_cdc/tcl/xpm_cdc_gray.tcl:16]
WARNING: [XPM_CDC_GRAY: TCL-1000] The source and destination clocks are the same. 
     Instance: user_35t_i/axi_quad_spi_0/U0/NO_DUAL_QUAD_MODE.QSPI_NORMAL/QSPI_LEGACY_MD_GEN.QSPI_CORE_INTERFACE_I/FIFO_EXISTS.TX_FIFO_II/xpm_fifo_instance.xpm_fifo_async_inst/gnuram_async_fifo.xpm_fifo_base_inst/gen_cdc_pntr.rd_pntr_cdc_dc_inst 
  This will add unnecessary latency to the design. Please check the design for the following: 
 1) Manually instantiated XPM_CDC modules: Xilinx recommends that you remove these modules. 
 2) Xilinx IP that contains XPM_CDC modules: Verify the connections to the IP to determine whether you can safely ignore this message.
 [C:/XVITIS/Vivado/2020.2/data/ip/xpm/xpm_cdc/tcl/xpm_cdc_gray.tcl:16]
WARNING: [XPM_CDC_GRAY: TCL-1000] The source and destination clocks are the same. 
     Instance: user_35t_i/axi_quad_spi_0/U0/NO_DUAL_QUAD_MODE.QSPI_NORMAL/QSPI_LEGACY_MD_GEN.QSPI_CORE_INTERFACE_I/FIFO_EXISTS.RX_FIFO_II/gnuram_async_fifo.xpm_fifo_base_inst/gen_cdc_pntr.rd_pntr_cdc_dc_inst 
  This will add unnecessary latency to the design. Please check the design for the following: 
 1) Manually instantiated XPM_CDC modules: Xilinx recommends that you remove these modules. 
 2) Xilinx IP that contains XPM_CDC modules: Verify the connections to the IP to determine whether you can safely ignore this message.
 [C:/XVITIS/Vivado/2020.2/data/ip/xpm/xpm_cdc/tcl/xpm_cdc_gray.tcl:16]
INFO: [Project 1-1715] 6 XPM XDC files have been applied to the design.
INFO: [Opt 31-138] Pushed 0 inverter(s) to 0 load pin(s).
WARNING: [Constraints 18-5572] Instance user_35t_i/axi_emc_0/U0/EMC_CTRL_I/IO_REGISTERS_I/mem_ben_reg_reg[0] has IOB constraint set, However, the instance does not seem to have valid I/O connection to be placed into I/O. The constraint on the instance will be ignored.
WARNING: [Constraints 18-5572] Instance user_35t_i/axi_emc_0/U0/EMC_CTRL_I/IO_REGISTERS_I/mem_ce_reg_reg[0] has IOB constraint set, However, the instance does not seem to have valid I/O connection to be placed into I/O. The constraint on the instance will be ignored.
WARNING: [Constraints 18-5572] Instance user_35t_i/axi_emc_0/U0/EMC_CTRL_I/IO_REGISTERS_I/mem_qwen_reg_reg[0] has IOB constraint set, However, the instance does not seem to have valid I/O connection to be placed into I/O. The constraint on the instance will be ignored.
WARNING: [Constraints 18-5572] Instance user_35t_i/axi_emc_0/U0/EMC_CTRL_I/IO_REGISTERS_I/mem_rnw_reg_reg has IOB constraint set, However, the instance does not seem to have valid I/O connection to be placed into I/O. The constraint on the instance will be ignored.
WARNING: [Constraints 18-5572] Instance user_35t_i/axi_emc_0/U0/EMC_CTRL_I/IO_REGISTERS_I/mem_rpn_reg_reg has IOB constraint set, However, the instance does not seem to have valid I/O connection to be placed into I/O. The constraint on the instance will be ignored.
WARNING: [Constraints 18-5572] Instance user_35t_i/axi_emc_0/U0/mem_a_int_reg[19] has IOB constraint set, However, the instance does not seem to have valid I/O connection to be placed into I/O. The constraint on the instance will be ignored.
WARNING: [Constraints 18-5572] Instance user_35t_i/axi_emc_0/U0/mem_a_int_reg[20] has IOB constraint set, However, the instance does not seem to have valid I/O connection to be placed into I/O. The constraint on the instance will be ignored.
WARNING: [Constraints 18-5572] Instance user_35t_i/axi_emc_0/U0/mem_a_int_reg[21] has IOB constraint set, However, the instance does not seem to have valid I/O connection to be placed into I/O. The constraint on the instance will be ignored.
WARNING: [Constraints 18-5572] Instance user_35t_i/axi_emc_0/U0/mem_a_int_reg[22] has IOB constraint set, However, the instance does not seem to have valid I/O connection to be placed into I/O. The constraint on the instance will be ignored.
WARNING: [Constraints 18-5572] Instance user_35t_i/axi_emc_0/U0/mem_a_int_reg[23] has IOB constraint set, However, the instance does not seem to have valid I/O connection to be placed into I/O. The constraint on the instance will be ignored.
WARNING: [Constraints 18-5572] Instance user_35t_i/axi_emc_0/U0/mem_a_int_reg[24] has IOB constraint set, However, the instance does not seem to have valid I/O connection to be placed into I/O. The constraint on the instance will be ignored.
WARNING: [Constraints 18-5572] Instance user_35t_i/axi_emc_0/U0/mem_a_int_reg[25] has IOB constraint set, However, the instance does not seem to have valid I/O connection to be placed into I/O. The constraint on the instance will be ignored.
WARNING: [Constraints 18-5572] Instance user_35t_i/axi_emc_0/U0/mem_a_int_reg[26] has IOB constraint set, However, the instance does not seem to have valid I/O connection to be placed into I/O. The constraint on the instance will be ignored.
WARNING: [Constraints 18-5572] Instance user_35t_i/axi_emc_0/U0/mem_a_int_reg[27] has IOB constraint set, However, the instance does not seem to have valid I/O connection to be placed into I/O. The constraint on the instance will be ignored.
WARNING: [Constraints 18-5572] Instance user_35t_i/axi_emc_0/U0/mem_a_int_reg[28] has IOB constraint set, However, the instance does not seem to have valid I/O connection to be placed into I/O. The constraint on the instance will be ignored.
WARNING: [Constraints 18-5572] Instance user_35t_i/axi_emc_0/U0/mem_a_int_reg[29] has IOB constraint set, However, the instance does not seem to have valid I/O connection to be placed into I/O. The constraint on the instance will be ignored.
WARNING: [Constraints 18-5572] Instance user_35t_i/axi_emc_0/U0/mem_a_int_reg[30] has IOB constraint set, However, the instance does not seem to have valid I/O connection to be placed into I/O. The constraint on the instance will be ignored.
WARNING: [Constraints 18-5572] Instance user_35t_i/axi_emc_0/U0/mem_a_int_reg[31] has IOB constraint set, However, the instance does not seem to have valid I/O connection to be placed into I/O. The constraint on the instance will be ignored.
Generating merged BMM file for the design top 'user_35t_wrapper'...
INFO: [Memdata 28-144] Successfully populated the BRAM INIT strings from the following elf files: C:/Users/ilpes/Desktop/INSEGNAMENTO/Didattica2023/McDMA/McDMA_v3/McDMA_v3.srcs/sources_1/imports/Release/led_blinking_bootloop.elf C:/Users/ilpes/Desktop/INSEGNAMENTO/Didattica2023/McDMA/McDMA_v3/McDMA_v3.srcs/sim_1/imports/Release/led_blinking_bootloop.elf 
Netlist sorting complete. Time (s): cpu = 00:00:00 ; elapsed = 00:00:00.058 . Memory (MB): peak = 2051.250 ; gain = 0.000
INFO: [Project 1-111] Unisim Transformation Summary:
  A total of 628 instances were transformed.
  CFGLUT5 => CFGLUT5 (SRL16E, SRLC32E): 492 instances
  IOBUF => IOBUF (IBUF, OBUFT): 15 instances
  LUT6_2 => LUT6_2 (LUT5, LUT6): 80 instances
  RAM32M => RAM32M (RAMD32(x6), RAMS32(x2)): 41 instances

85 Infos, 36 Warnings, 0 Critical Warnings and 0 Errors encountered.
link_design completed successfully
link_design: Time (s): cpu = 00:01:05 ; elapsed = 00:01:25 . Memory (MB): peak = 2051.250 ; gain = 924.781
Command: opt_design
Attempting to get a license for feature 'Implementation' and/or device 'xc7a35t'
INFO: [Common 17-349] Got license for feature 'Implementation' and/or device 'xc7a35t'
Running DRC as a precondition to command opt_design

Starting DRC Task
INFO: [DRC 23-27] Running DRC with 2 threads
INFO: [Project 1-461] DRC finished with 0 Errors
INFO: [Project 1-462] Please refer to the DRC report (report_drc) for more information.

Time (s): cpu = 00:00:04 ; elapsed = 00:00:02 . Memory (MB): peak = 2051.250 ; gain = 0.000

Starting Cache Timing Information Task
INFO: [Timing 38-35] Done setting XDC timing constraints.
Ending Cache Timing Information Task | Checksum: 1497944bb

Time (s): cpu = 00:00:05 ; elapsed = 00:00:03 . Memory (MB): peak = 2051.250 ; gain = 0.000

Starting Logic Optimization Task

Phase 1 Generate And Synthesize Debug Cores
INFO: [Chipscope 16-329] Generating Script for core instance : dbg_hub 
INFO: [IP_Flow 19-3806] Processing IP xilinx.com:ip:xsdbm:3.0 for cell dbg_hub_CV.
Netlist sorting complete. Time (s): cpu = 00:00:00 ; elapsed = 00:00:00.111 . Memory (MB): peak = 2300.715 ; gain = 0.000
Phase 1 Generate And Synthesize Debug Cores | Checksum: 19058ec66

Time (s): cpu = 00:00:10 ; elapsed = 00:01:52 . Memory (MB): peak = 2300.715 ; gain = 43.559

Phase 2 Retarget
INFO: [Opt 31-138] Pushed 7 inverter(s) to 32 load pin(s).
INFO: [Opt 31-49] Retargeted 0 cell(s).
Phase 2 Retarget | Checksum: 10b5f3c37

Time (s): cpu = 00:00:15 ; elapsed = 00:01:56 . Memory (MB): peak = 2300.715 ; gain = 43.559
INFO: [Opt 31-389] Phase Retarget created 283 cells and removed 472 cells
INFO: [Opt 31-1021] In phase Retarget, 154 netlist objects are constrained preventing optimization. Please run opt_design with -debug_log to get more detail. 

Phase 3 Constant propagation
INFO: [Opt 31-138] Pushed 15 inverter(s) to 25 load pin(s).
Phase 3 Constant propagation | Checksum: 9c000cba

Time (s): cpu = 00:00:16 ; elapsed = 00:01:57 . Memory (MB): peak = 2300.715 ; gain = 43.559
INFO: [Opt 31-389] Phase Constant propagation created 1094 cells and removed 3069 cells
INFO: [Opt 31-1021] In phase Constant propagation, 83 netlist objects are constrained preventing optimization. Please run opt_design with -debug_log to get more detail. 

Phase 4 Sweep
Phase 4 Sweep | Checksum: 1477462ef

Time (s): cpu = 00:00:18 ; elapsed = 00:01:59 . Memory (MB): peak = 2300.715 ; gain = 43.559
INFO: [Opt 31-389] Phase Sweep created 2 cells and removed 1081 cells
INFO: [Opt 31-1021] In phase Sweep, 2569 netlist objects are constrained preventing optimization. Please run opt_design with -debug_log to get more detail. 

Phase 5 BUFG optimization
INFO: [Opt 31-194] Inserted BUFG user_35t_i/mdm_1/U0/Use_E2.BSCAN_I/Dbg_Update_0_BUFG_inst to drive 40 load(s) on clock net user_35t_i/mdm_1/U0/Use_E2.BSCAN_I/Dbg_Update_0_BUFG
INFO: [Opt 31-194] Inserted BUFG sys_clock_IBUF_BUFG_inst to drive 38 load(s) on clock net sys_clock_IBUF_BUFG
INFO: [Opt 31-193] Inserted 2 BUFG(s) on clock nets
Phase 5 BUFG optimization | Checksum: 124b24505

Time (s): cpu = 00:00:19 ; elapsed = 00:02:00 . Memory (MB): peak = 2300.715 ; gain = 43.559
INFO: [Opt 31-662] Phase BUFG optimization created 2 cells of which 2 are BUFGs and removed 0 cells.

Phase 6 Shift Register Optimization
INFO: [Opt 31-1064] SRL Remap converted 0 SRLs to 0 registers and converted 0 registers of register chains to 0 SRLs
Phase 6 Shift Register Optimization | Checksum: 124b24505

Time (s): cpu = 00:00:20 ; elapsed = 00:02:00 . Memory (MB): peak = 2300.715 ; gain = 43.559
INFO: [Opt 31-389] Phase Shift Register Optimization created 0 cells and removed 0 cells

Phase 7 Post Processing Netlist
Phase 7 Post Processing Netlist | Checksum: 120efb9a1

Time (s): cpu = 00:00:20 ; elapsed = 00:02:01 . Memory (MB): peak = 2300.715 ; gain = 43.559
INFO: [Opt 31-389] Phase Post Processing Netlist created 0 cells and removed 2 cells
INFO: [Opt 31-1021] In phase Post Processing Netlist, 100 netlist objects are constrained preventing optimization. Please run opt_design with -debug_log to get more detail. 
Opt_design Change Summary
=========================


-------------------------------------------------------------------------------------------------------------------------
|  Phase                        |  #Cells created  |  #Cells Removed  |  #Constrained objects preventing optimizations  |
-------------------------------------------------------------------------------------------------------------------------
|  Retarget                     |             283  |             472  |                                            154  |
|  Constant propagation         |            1094  |            3069  |                                             83  |
|  Sweep                        |               2  |            1081  |                                           2569  |
|  BUFG optimization            |               2  |               0  |                                              0  |
|  Shift Register Optimization  |               0  |               0  |                                              0  |
|  Post Processing Netlist      |               0  |               2  |                                            100  |
-------------------------------------------------------------------------------------------------------------------------



Starting Connectivity Check Task

Time (s): cpu = 00:00:00 ; elapsed = 00:00:00.112 . Memory (MB): peak = 2300.715 ; gain = 0.000
Ending Logic Optimization Task | Checksum: 178f46ea5

Time (s): cpu = 00:00:21 ; elapsed = 00:02:02 . Memory (MB): peak = 2300.715 ; gain = 43.559

Starting Power Optimization Task
INFO: [Pwropt 34-132] Skipping clock gating for clocks with a period < 2.00 ns.
INFO: [Power 33-23] Power model is not available for STARTUP_7SERIES_GEN.STARTUP2_7SERIES_inst
INFO: [Timing 38-35] Done setting XDC timing constraints.
INFO: [Pwropt 34-9] Applying IDT optimizations ...
INFO: [Pwropt 34-10] Applying ODC optimizations ...
Running Vector-less Activity Propagation...

Finished Running Vector-less Activity Propagation


Starting PowerOpt Patch Enables Task
INFO: [Pwropt 34-162] WRITE_MODE attribute of 0 BRAM(s) out of a total of 39 has been updated to save power. Run report_power_opt to get a complete listing of the BRAMs updated.
INFO: [Pwropt 34-201] Structural ODC has moved 1 WE to EN ports
Number of BRAM Ports augmented: 25 newly gated: 2 Total Ports: 78
Ending PowerOpt Patch Enables Task | Checksum: 10175c53a

Time (s): cpu = 00:00:00 ; elapsed = 00:00:00.440 . Memory (MB): peak = 2673.816 ; gain = 0.000
Ending Power Optimization Task | Checksum: 10175c53a

Time (s): cpu = 00:00:29 ; elapsed = 00:00:14 . Memory (MB): peak = 2673.816 ; gain = 373.102

Starting Final Cleanup Task

Starting Logic Optimization Task
INFO: [Timing 38-35] Done setting XDC timing constraints.
Ending Logic Optimization Task | Checksum: 113703a7b

Time (s): cpu = 00:00:08 ; elapsed = 00:00:06 . Memory (MB): peak = 2673.816 ; gain = 0.000
Ending Final Cleanup Task | Checksum: 113703a7b

Time (s): cpu = 00:00:11 ; elapsed = 00:00:09 . Memory (MB): peak = 2673.816 ; gain = 0.000

Starting Netlist Obfuscation Task
Netlist sorting complete. Time (s): cpu = 00:00:00 ; elapsed = 00:00:00.063 . Memory (MB): peak = 2673.816 ; gain = 0.000
Ending Netlist Obfuscation Task | Checksum: 113703a7b

Time (s): cpu = 00:00:00 ; elapsed = 00:00:00.064 . Memory (MB): peak = 2673.816 ; gain = 0.000
INFO: [Common 17-83] Releasing license: Implementation
121 Infos, 36 Warnings, 0 Critical Warnings and 0 Errors encountered.
opt_design completed successfully
opt_design: Time (s): cpu = 00:01:15 ; elapsed = 00:02:35 . Memory (MB): peak = 2673.816 ; gain = 622.566
INFO: [Timing 38-35] Done setting XDC timing constraints.
INFO: [Timing 38-480] Writing timing data to binary archive.
Writing placer database...
Writing XDEF routing.
Writing XDEF routing logical nets.
Writing XDEF routing special nets.
Write XDEF Complete: Time (s): cpu = 00:00:00 ; elapsed = 00:00:00.076 . Memory (MB): peak = 2673.816 ; gain = 0.000
INFO: [Common 17-1381] The checkpoint 'C:/Users/ilpes/Desktop/INSEGNAMENTO/Didattica2023/McDMA/McDMA_v3/McDMA_v3.runs/impl_1/user_35t_wrapper_opt.dcp' has been generated.
write_checkpoint: Time (s): cpu = 00:00:27 ; elapsed = 00:00:16 . Memory (MB): peak = 2673.816 ; gain = 0.000
INFO: [runtcl-4] Executing : report_drc -file user_35t_wrapper_drc_opted.rpt -pb user_35t_wrapper_drc_opted.pb -rpx user_35t_wrapper_drc_opted.rpx
Command: report_drc -file user_35t_wrapper_drc_opted.rpt -pb user_35t_wrapper_drc_opted.pb -rpx user_35t_wrapper_drc_opted.rpx
INFO: [IP_Flow 19-1839] IP Catalog is up to date.
INFO: [DRC 23-27] Running DRC with 2 threads
INFO: [Coretcl 2-168] The results of DRC are in file C:/Users/ilpes/Desktop/INSEGNAMENTO/Didattica2023/McDMA/McDMA_v3/McDMA_v3.runs/impl_1/user_35t_wrapper_drc_opted.rpt.
report_drc completed successfully
report_drc: Time (s): cpu = 00:00:18 ; elapsed = 00:00:13 . Memory (MB): peak = 2673.816 ; gain = 0.000
INFO: [Chipscope 16-240] Debug cores have already been implemented
Command: place_design
Attempting to get a license for feature 'Implementation' and/or device 'xc7a35t'
INFO: [Common 17-349] Got license for feature 'Implementation' and/or device 'xc7a35t'
INFO: [DRC 23-27] Running DRC with 2 threads
INFO: [Vivado_Tcl 4-198] DRC finished with 0 Errors
INFO: [Vivado_Tcl 4-199] Please refer to the DRC report (report_drc) for more information.
Running DRC as a precondition to command place_design
INFO: [DRC 23-27] Running DRC with 2 threads
INFO: [Vivado_Tcl 4-198] DRC finished with 0 Errors
INFO: [Vivado_Tcl 4-199] Please refer to the DRC report (report_drc) for more information.

Starting Placer Task
INFO: [Place 30-611] Multithreading enabled for place_design using a maximum of 2 CPUs

Phase 1 Placer Initialization

Phase 1.1 Placer Initialization Netlist Sorting
Netlist sorting complete. Time (s): cpu = 00:00:00 ; elapsed = 00:00:00.046 . Memory (MB): peak = 2673.816 ; gain = 0.000
Phase 1.1 Placer Initialization Netlist Sorting | Checksum: d4963565

Time (s): cpu = 00:00:00 ; elapsed = 00:00:00.082 . Memory (MB): peak = 2673.816 ; gain = 0.000
Netlist sorting complete. Time (s): cpu = 00:00:00 ; elapsed = 00:00:00.038 . Memory (MB): peak = 2673.816 ; gain = 0.000

Phase 1.2 IO Placement/ Clock Placement/ Build Placer Device
Phase 1.2 IO Placement/ Clock Placement/ Build Placer Device | Checksum: fe76cd7c

Time (s): cpu = 00:00:05 ; elapsed = 00:00:04 . Memory (MB): peak = 2673.816 ; gain = 0.000

Phase 1.3 Build Placer Netlist Model
Phase 1.3 Build Placer Netlist Model | Checksum: 129944d54

Time (s): cpu = 00:00:22 ; elapsed = 00:00:15 . Memory (MB): peak = 2673.816 ; gain = 0.000

Phase 1.4 Constrain Clocks/Macros
Phase 1.4 Constrain Clocks/Macros | Checksum: 129944d54

Time (s): cpu = 00:00:22 ; elapsed = 00:00:15 . Memory (MB): peak = 2673.816 ; gain = 0.000
Phase 1 Placer Initialization | Checksum: 129944d54

Time (s): cpu = 00:00:22 ; elapsed = 00:00:15 . Memory (MB): peak = 2673.816 ; gain = 0.000

Phase 2 Global Placement

Phase 2.1 Floorplanning
Phase 2.1 Floorplanning | Checksum: 15b6cc3e2

Time (s): cpu = 00:00:27 ; elapsed = 00:00:18 . Memory (MB): peak = 2673.816 ; gain = 0.000

Phase 2.2 Update Timing before SLR Path Opt
Phase 2.2 Update Timing before SLR Path Opt | Checksum: 17cdab55d

Time (s): cpu = 00:00:31 ; elapsed = 00:00:21 . Memory (MB): peak = 2673.816 ; gain = 0.000

Phase 2.3 Global Placement Core

Phase 2.3.1 Physical Synthesis In Placer
INFO: [Physopt 32-1035] Found 58 LUTNM shape to break, 1246 LUT instances to create LUTNM shape
INFO: [Physopt 32-1044] Break lutnm for timing: one critical 19, two critical 39, total 58, new lutff created 5
INFO: [Physopt 32-775] End 1 Pass. Optimized 552 nets or cells. Created 58 new cells, deleted 494 existing cells and moved 0 existing cell
INFO: [Physopt 32-65] No nets found for high-fanout optimization.
INFO: [Physopt 32-232] Optimized 0 net. Created 0 new instance.
INFO: [Physopt 32-775] End 1 Pass. Optimized 0 net or cell. Created 0 new cell, deleted 0 existing cell and moved 0 existing cell
INFO: [Physopt 32-456] No candidate cells for DSP register optimization found in the design.
INFO: [Physopt 32-775] End 2 Pass. Optimized 0 net or cell. Created 0 new cell, deleted 0 existing cell and moved 0 existing cell
INFO: [Physopt 32-1123] No candidate cells found for Shift Register to Pipeline optimization
INFO: [Physopt 32-775] End 1 Pass. Optimized 0 net or cell. Created 0 new cell, deleted 0 existing cell and moved 0 existing cell
INFO: [Physopt 32-677] No candidate cells for Shift Register optimization found in the design
INFO: [Physopt 32-775] End 1 Pass. Optimized 0 net or cell. Created 0 new cell, deleted 0 existing cell and moved 0 existing cell
INFO: [Physopt 32-526] No candidate cells for BRAM register optimization found in the design
INFO: [Physopt 32-775] End 1 Pass. Optimized 0 net or cell. Created 0 new cell, deleted 0 existing cell and moved 0 existing cell
INFO: [Physopt 32-846] No candidate cells for URAM register optimization found in the design
INFO: [Physopt 32-775] End 2 Pass. Optimized 0 net or cell. Created 0 new cell, deleted 0 existing cell and moved 0 existing cell
INFO: [Physopt 32-949] No candidate nets found for dynamic/static region interface net replication
INFO: [Physopt 32-775] End 1 Pass. Optimized 0 net or cell. Created 0 new cell, deleted 0 existing cell and moved 0 existing cell
Netlist sorting complete. Time (s): cpu = 00:00:00 ; elapsed = 00:00:00.045 . Memory (MB): peak = 2673.816 ; gain = 0.000

Summary of Physical Synthesis Optimizations
============================================


-----------------------------------------------------------------------------------------------------------------------------------------------------------
|  Optimization                                     |  Added Cells  |  Removed Cells  |  Optimized Cells/Nets  |  Dont Touch  |  Iterations  |  Elapsed   |
-----------------------------------------------------------------------------------------------------------------------------------------------------------
|  LUT Combining                                    |           58  |            494  |                   552  |           0  |           1  |  00:00:01  |
|  Very High Fanout                                 |            0  |              0  |                     0  |           0  |           1  |  00:00:00  |
|  DSP Register                                     |            0  |              0  |                     0  |           0  |           1  |  00:00:00  |
|  Shift Register to Pipeline                       |            0  |              0  |                     0  |           0  |           1  |  00:00:00  |
|  Shift Register                                   |            0  |              0  |                     0  |           0  |           1  |  00:00:00  |
|  BRAM Register                                    |            0  |              0  |                     0  |           0  |           1  |  00:00:00  |
|  URAM Register                                    |            0  |              0  |                     0  |           0  |           1  |  00:00:00  |
|  Dynamic/Static Region Interface Net Replication  |            0  |              0  |                     0  |           0  |           1  |  00:00:00  |
|  Total                                            |           58  |            494  |                   552  |           0  |           8  |  00:00:02  |
-----------------------------------------------------------------------------------------------------------------------------------------------------------


Phase 2.3.1 Physical Synthesis In Placer | Checksum: 1cb56253e

Time (s): cpu = 00:01:19 ; elapsed = 00:00:55 . Memory (MB): peak = 2673.816 ; gain = 0.000
Phase 2.3 Global Placement Core | Checksum: 1ed235dcf

Time (s): cpu = 00:01:21 ; elapsed = 00:00:56 . Memory (MB): peak = 2673.816 ; gain = 0.000
Phase 2 Global Placement | Checksum: 1ed235dcf

Time (s): cpu = 00:01:21 ; elapsed = 00:00:56 . Memory (MB): peak = 2673.816 ; gain = 0.000

Phase 3 Detail Placement

Phase 3.1 Commit Multi Column Macros
Phase 3.1 Commit Multi Column Macros | Checksum: 2119712fd

Time (s): cpu = 00:01:26 ; elapsed = 00:00:59 . Memory (MB): peak = 2673.816 ; gain = 0.000

Phase 3.2 Commit Most Macros & LUTRAMs
Phase 3.2 Commit Most Macros & LUTRAMs | Checksum: 1d464a384

Time (s): cpu = 00:01:35 ; elapsed = 00:01:05 . Memory (MB): peak = 2673.816 ; gain = 0.000

Phase 3.3 Area Swap Optimization
Phase 3.3 Area Swap Optimization | Checksum: 1b8a36ea9

Time (s): cpu = 00:01:35 ; elapsed = 00:01:06 . Memory (MB): peak = 2673.816 ; gain = 0.000

Phase 3.4 Pipeline Register Optimization
Phase 3.4 Pipeline Register Optimization | Checksum: 182ea436f

Time (s): cpu = 00:01:35 ; elapsed = 00:01:06 . Memory (MB): peak = 2673.816 ; gain = 0.000

Phase 3.5 Fast Optimization
Phase 3.5 Fast Optimization | Checksum: 1ff7ebfc1

Time (s): cpu = 00:01:46 ; elapsed = 00:01:13 . Memory (MB): peak = 2673.816 ; gain = 0.000

Phase 3.6 Small Shape Detail Placement
Phase 3.6 Small Shape Detail Placement | Checksum: 16b29236a

Time (s): cpu = 00:02:16 ; elapsed = 00:01:54 . Memory (MB): peak = 2673.816 ; gain = 0.000

Phase 3.7 Re-assign LUT pins
Phase 3.7 Re-assign LUT pins | Checksum: 20964f7d1

Time (s): cpu = 00:02:21 ; elapsed = 00:01:59 . Memory (MB): peak = 2673.816 ; gain = 0.000

Phase 3.8 Pipeline Register Optimization
Phase 3.8 Pipeline Register Optimization | Checksum: 15883cca0

Time (s): cpu = 00:02:21 ; elapsed = 00:02:00 . Memory (MB): peak = 2673.816 ; gain = 0.000

Phase 3.9 Fast Optimization
Phase 3.9 Fast Optimization | Checksum: 23c4778ae

Time (s): cpu = 00:02:56 ; elapsed = 00:02:24 . Memory (MB): peak = 2673.816 ; gain = 0.000
Phase 3 Detail Placement | Checksum: 23c4778ae

Time (s): cpu = 00:02:57 ; elapsed = 00:02:24 . Memory (MB): peak = 2673.816 ; gain = 0.000

Phase 4 Post Placement Optimization and Clean-Up

Phase 4.1 Post Commit Optimization
INFO: [Timing 38-35] Done setting XDC timing constraints.

Phase 4.1.1 Post Placement Optimization
Post Placement Optimization Initialization | Checksum: 151d63cb2

Phase 4.1.1.1 BUFG Insertion

Starting Physical Synthesis Task

Phase 1 Physical Synthesis Initialization
INFO: [Physopt 32-721] Multithreading enabled for phys_opt_design using a maximum of 2 CPUs
INFO: [Physopt 32-619] Estimated Timing Summary | WNS=-1.261 | TNS=-399.574 |
Phase 1 Physical Synthesis Initialization | Checksum: c4f41af4

Time (s): cpu = 00:00:08 ; elapsed = 00:00:04 . Memory (MB): peak = 2673.816 ; gain = 0.000
INFO: [Place 46-33] Processed net user_35t_i/microblaze_0/U0/MicroBlaze_Core_I/sync_reset, BUFG insertion was skipped due to placement/routing conflicts.
INFO: [Place 46-33] Processed net user_35t_i/axi_dma_16counters/U0/I_PRMRY_DATAMOVER/GEN_S2MM_FULL.I_S2MM_FULL_WRAPPER/I_RESET/sig_stream_rst, BUFG insertion was skipped due to placement/routing conflicts.
INFO: [Place 46-56] BUFG insertion identified 2 candidate nets. Inserted BUFG: 0, Replicated BUFG Driver: 0, Skipped due to Placement/Routing Conflicts: 2, Skipped due to Timing Degradation: 0, Skipped due to Illegal Netlist: 0.
Ending Physical Synthesis Task | Checksum: 1765aef32

Time (s): cpu = 00:00:09 ; elapsed = 00:00:06 . Memory (MB): peak = 2673.816 ; gain = 0.000
Phase 4.1.1.1 BUFG Insertion | Checksum: 151d63cb2

Time (s): cpu = 00:03:36 ; elapsed = 00:02:50 . Memory (MB): peak = 2673.816 ; gain = 0.000
INFO: [Place 30-746] Post Placement Timing Summary WNS=0.303. For the most accurate timing information please run report_timing.

Time (s): cpu = 00:04:32 ; elapsed = 00:03:34 . Memory (MB): peak = 2673.816 ; gain = 0.000
Phase 4.1 Post Commit Optimization | Checksum: 130e60207

Time (s): cpu = 00:04:33 ; elapsed = 00:03:34 . Memory (MB): peak = 2673.816 ; gain = 0.000

Phase 4.2 Post Placement Cleanup
Phase 4.2 Post Placement Cleanup | Checksum: 130e60207

Time (s): cpu = 00:04:33 ; elapsed = 00:03:35 . Memory (MB): peak = 2673.816 ; gain = 0.000

Phase 4.3 Placer Reporting

Phase 4.3.1 Print Estimated Congestion
INFO: [Place 30-612] Post-Placement Estimated Congestion 
 ____________________________________________________
|           | Global Congestion | Short Congestion  |
| Direction | Region Size       | Region Size       |
|___________|___________________|___________________|
|      North|                1x1|                2x2|
|___________|___________________|___________________|
|      South|                1x1|                2x2|
|___________|___________________|___________________|
|       East|                1x1|                4x4|
|___________|___________________|___________________|
|       West|                1x1|                1x1|
|___________|___________________|___________________|

Phase 4.3.1 Print Estimated Congestion | Checksum: 130e60207

Time (s): cpu = 00:04:34 ; elapsed = 00:03:35 . Memory (MB): peak = 2673.816 ; gain = 0.000
Phase 4.3 Placer Reporting | Checksum: 130e60207

Time (s): cpu = 00:04:34 ; elapsed = 00:03:36 . Memory (MB): peak = 2673.816 ; gain = 0.000

Phase 4.4 Final Placement Cleanup
Netlist sorting complete. Time (s): cpu = 00:00:00 ; elapsed = 00:00:00.075 . Memory (MB): peak = 2673.816 ; gain = 0.000

Time (s): cpu = 00:04:34 ; elapsed = 00:03:36 . Memory (MB): peak = 2673.816 ; gain = 0.000
Phase 4 Post Placement Optimization and Clean-Up | Checksum: 14f9a2641

Time (s): cpu = 00:04:35 ; elapsed = 00:03:36 . Memory (MB): peak = 2673.816 ; gain = 0.000
Ending Placer Task | Checksum: e7c16320

Time (s): cpu = 00:04:35 ; elapsed = 00:03:36 . Memory (MB): peak = 2673.816 ; gain = 0.000
INFO: [Common 17-83] Releasing license: Implementation
164 Infos, 36 Warnings, 0 Critical Warnings and 0 Errors encountered.
place_design completed successfully
place_design: Time (s): cpu = 00:04:40 ; elapsed = 00:03:40 . Memory (MB): peak = 2673.816 ; gain = 0.000
INFO: [Timing 38-480] Writing timing data to binary archive.
Writing placer database...
Writing XDEF routing.
Writing XDEF routing logical nets.
Writing XDEF routing special nets.
Write XDEF Complete: Time (s): cpu = 00:00:23 ; elapsed = 00:00:07 . Memory (MB): peak = 2673.816 ; gain = 0.000
INFO: [Common 17-1381] The checkpoint 'C:/Users/ilpes/Desktop/INSEGNAMENTO/Didattica2023/McDMA/McDMA_v3/McDMA_v3.runs/impl_1/user_35t_wrapper_placed.dcp' has been generated.
write_checkpoint: Time (s): cpu = 00:00:47 ; elapsed = 00:00:24 . Memory (MB): peak = 2673.816 ; gain = 0.000
INFO: [runtcl-4] Executing : report_io -file user_35t_wrapper_io_placed.rpt
report_io: Time (s): cpu = 00:00:00 ; elapsed = 00:00:00.119 . Memory (MB): peak = 2673.816 ; gain = 0.000
INFO: [runtcl-4] Executing : report_utilization -file user_35t_wrapper_utilization_placed.rpt -pb user_35t_wrapper_utilization_placed.pb
INFO: [runtcl-4] Executing : report_control_sets -verbose -file user_35t_wrapper_control_sets_placed.rpt
report_control_sets: Time (s): cpu = 00:00:01 ; elapsed = 00:00:00.310 . Memory (MB): peak = 2673.816 ; gain = 0.000
Command: route_design
Attempting to get a license for feature 'Implementation' and/or device 'xc7a35t'
INFO: [Common 17-349] Got license for feature 'Implementation' and/or device 'xc7a35t'
Running DRC as a precondition to command route_design
INFO: [DRC 23-27] Running DRC with 2 threads
INFO: [Vivado_Tcl 4-198] DRC finished with 0 Errors
INFO: [Vivado_Tcl 4-199] Please refer to the DRC report (report_drc) for more information.


Starting Routing Task
INFO: [Route 35-254] Multithreading enabled for route_design using a maximum of 2 CPUs
Checksum: PlaceDB: 5d487b9e ConstDB: 0 ShapeSum: 8a78e782 RouteDB: 0

Phase 1 Build RT Design
Phase 1 Build RT Design | Checksum: 13c69ef0

Time (s): cpu = 00:00:55 ; elapsed = 00:00:44 . Memory (MB): peak = 2673.816 ; gain = 0.000
Post Restoration Checksum: NetGraph: bf8e36e NumContArr: 7cdbb82 Constraints: 0 Timing: 0

Phase 2 Router Initialization

Phase 2.1 Create Timer
Phase 2.1 Create Timer | Checksum: 13c69ef0

Time (s): cpu = 00:00:56 ; elapsed = 00:00:45 . Memory (MB): peak = 2673.816 ; gain = 0.000

Phase 2.2 Fix Topology Constraints
Phase 2.2 Fix Topology Constraints | Checksum: 13c69ef0

Time (s): cpu = 00:00:57 ; elapsed = 00:00:45 . Memory (MB): peak = 2673.816 ; gain = 0.000

Phase 2.3 Pre Route Cleanup
Phase 2.3 Pre Route Cleanup | Checksum: 13c69ef0

Time (s): cpu = 00:00:57 ; elapsed = 00:00:45 . Memory (MB): peak = 2673.816 ; gain = 0.000
 Number of Nodes with overlaps = 0

Phase 2.4 Update Timing
Phase 2.4 Update Timing | Checksum: a752ca8c

Time (s): cpu = 00:01:37 ; elapsed = 00:01:11 . Memory (MB): peak = 2688.383 ; gain = 14.566
INFO: [Route 35-416] Intermediate Timing Summary | WNS=0.528  | TNS=0.000  | WHS=-0.349 | THS=-701.420|


Phase 2.5 Update Timing for Bus Skew

Phase 2.5.1 Update Timing
Phase 2.5.1 Update Timing | Checksum: 130cc52ad

Time (s): cpu = 00:02:09 ; elapsed = 00:01:30 . Memory (MB): peak = 2724.297 ; gain = 50.480
INFO: [Route 35-416] Intermediate Timing Summary | WNS=0.528  | TNS=0.000  | WHS=N/A    | THS=N/A    |

Phase 2.5 Update Timing for Bus Skew | Checksum: 1404d724c

Time (s): cpu = 00:02:09 ; elapsed = 00:01:31 . Memory (MB): peak = 2724.301 ; gain = 50.484
Phase 2 Router Initialization | Checksum: 15b665415

Time (s): cpu = 00:02:09 ; elapsed = 00:01:31 . Memory (MB): peak = 2724.301 ; gain = 50.484

Router Utilization Summary
  Global Vertical Routing Utilization    = 0.00334848 %
  Global Horizontal Routing Utilization  = 0.000650703 %
  Routable Net Status*
  *Does not include unroutable nets such as driverless and loadless.
  Run report_route_status for detailed report.
  Number of Failed Nets               = 35878
    (Failed Nets is the sum of unrouted and partially routed nets)
  Number of Unrouted Nets             = 35878
  Number of Partially Routed Nets     = 0
  Number of Node Overlaps             = 0


Phase 3 Initial Routing

Phase 3.1 Global Routing
Phase 3.1 Global Routing | Checksum: 15b665415

Time (s): cpu = 00:02:10 ; elapsed = 00:01:31 . Memory (MB): peak = 2724.301 ; gain = 50.484
Phase 3 Initial Routing | Checksum: 1ba1294f0

Time (s): cpu = 00:02:35 ; elapsed = 00:01:45 . Memory (MB): peak = 2727.598 ; gain = 53.781

Phase 4 Rip-up And Reroute

Phase 4.1 Global Iteration 0
 Number of Nodes with overlaps = 3243
 Number of Nodes with overlaps = 394
 Number of Nodes with overlaps = 134
 Number of Nodes with overlaps = 42
 Number of Nodes with overlaps = 20
 Number of Nodes with overlaps = 15
 Number of Nodes with overlaps = 7
 Number of Nodes with overlaps = 4
 Number of Nodes with overlaps = 0
INFO: [Route 35-416] Intermediate Timing Summary | WNS=-0.032 | TNS=-0.126 | WHS=N/A    | THS=N/A    |

Phase 4.1 Global Iteration 0 | Checksum: 153913e2a

Time (s): cpu = 00:03:28 ; elapsed = 00:02:26 . Memory (MB): peak = 2728.281 ; gain = 54.465

Phase 4.2 Global Iteration 1
 Number of Nodes with overlaps = 226
 Number of Nodes with overlaps = 46
 Number of Nodes with overlaps = 16
 Number of Nodes with overlaps = 13
 Number of Nodes with overlaps = 5
 Number of Nodes with overlaps = 4
 Number of Nodes with overlaps = 0
INFO: [Route 35-416] Intermediate Timing Summary | WNS=0.259  | TNS=0.000  | WHS=N/A    | THS=N/A    |

Phase 4.2 Global Iteration 1 | Checksum: 1fbb63419

Time (s): cpu = 00:03:35 ; elapsed = 00:02:32 . Memory (MB): peak = 2728.281 ; gain = 54.465
Phase 4 Rip-up And Reroute | Checksum: 1fbb63419

Time (s): cpu = 00:03:35 ; elapsed = 00:02:32 . Memory (MB): peak = 2728.281 ; gain = 54.465

Phase 5 Delay and Skew Optimization

Phase 5.1 Delay CleanUp

Phase 5.1.1 Update Timing
Phase 5.1.1 Update Timing | Checksum: 26578ca17

Time (s): cpu = 00:03:38 ; elapsed = 00:02:34 . Memory (MB): peak = 2728.281 ; gain = 54.465
INFO: [Route 35-416] Intermediate Timing Summary | WNS=0.353  | TNS=0.000  | WHS=N/A    | THS=N/A    |

Phase 5.1 Delay CleanUp | Checksum: 2148f0b3b

Time (s): cpu = 00:03:38 ; elapsed = 00:02:34 . Memory (MB): peak = 2728.281 ; gain = 54.465

Phase 5.2 Clock Skew Optimization
Phase 5.2 Clock Skew Optimization | Checksum: 2148f0b3b

Time (s): cpu = 00:03:38 ; elapsed = 00:02:34 . Memory (MB): peak = 2728.281 ; gain = 54.465
Phase 5 Delay and Skew Optimization | Checksum: 2148f0b3b

Time (s): cpu = 00:03:38 ; elapsed = 00:02:34 . Memory (MB): peak = 2728.281 ; gain = 54.465

Phase 6 Post Hold Fix

Phase 6.1 Hold Fix Iter

Phase 6.1.1 Update Timing
Phase 6.1.1 Update Timing | Checksum: 1a0118fe1

Time (s): cpu = 00:03:42 ; elapsed = 00:02:36 . Memory (MB): peak = 2728.281 ; gain = 54.465
INFO: [Route 35-416] Intermediate Timing Summary | WNS=0.353  | TNS=0.000  | WHS=0.012  | THS=0.000  |

Phase 6.1 Hold Fix Iter | Checksum: 1c3fec6b1

Time (s): cpu = 00:03:42 ; elapsed = 00:02:36 . Memory (MB): peak = 2728.281 ; gain = 54.465
Phase 6 Post Hold Fix | Checksum: 1c3fec6b1

Time (s): cpu = 00:03:42 ; elapsed = 00:02:36 . Memory (MB): peak = 2728.281 ; gain = 54.465

Phase 7 Route finalize

Router Utilization Summary
  Global Vertical Routing Utilization    = 11.9239 %
  Global Horizontal Routing Utilization  = 14.0695 %
  Routable Net Status*
  *Does not include unroutable nets such as driverless and loadless.
  Run report_route_status for detailed report.
  Number of Failed Nets               = 0
    (Failed Nets is the sum of unrouted and partially routed nets)
  Number of Unrouted Nets             = 0
  Number of Partially Routed Nets     = 0
  Number of Node Overlaps             = 0

Phase 7 Route finalize | Checksum: 1f98eac53

Time (s): cpu = 00:03:42 ; elapsed = 00:02:36 . Memory (MB): peak = 2728.281 ; gain = 54.465

Phase 8 Verifying routed nets

 Verification completed successfully
Phase 8 Verifying routed nets | Checksum: 1f98eac53

Time (s): cpu = 00:03:42 ; elapsed = 00:02:36 . Memory (MB): peak = 2728.281 ; gain = 54.465

Phase 9 Depositing Routes
Phase 9 Depositing Routes | Checksum: 1eb1ce488

Time (s): cpu = 00:03:45 ; elapsed = 00:02:39 . Memory (MB): peak = 2728.281 ; gain = 54.465

Phase 10 Post Router Timing
INFO: [Route 35-57] Estimated Timing Summary | WNS=0.353  | TNS=0.000  | WHS=0.012  | THS=0.000  |

INFO: [Route 35-327] The final timing numbers are based on the router estimated timing analysis. For a complete and accurate timing signoff, please run report_timing_summary.
Phase 10 Post Router Timing | Checksum: 1eb1ce488

Time (s): cpu = 00:03:45 ; elapsed = 00:02:39 . Memory (MB): peak = 2728.281 ; gain = 54.465
INFO: [Route 35-16] Router Completed Successfully

Time (s): cpu = 00:03:45 ; elapsed = 00:02:39 . Memory (MB): peak = 2728.281 ; gain = 54.465

Routing Is Done.
INFO: [Common 17-83] Releasing license: Implementation
184 Infos, 36 Warnings, 0 Critical Warnings and 0 Errors encountered.
route_design completed successfully
route_design: Time (s): cpu = 00:04:22 ; elapsed = 00:03:00 . Memory (MB): peak = 2728.281 ; gain = 54.465
INFO: [Timing 38-480] Writing timing data to binary archive.
Writing placer database...
Writing XDEF routing.
Writing XDEF routing logical nets.
Writing XDEF routing special nets.
Write XDEF Complete: Time (s): cpu = 00:00:13 ; elapsed = 00:00:04 . Memory (MB): peak = 2728.281 ; gain = 0.000
INFO: [Common 17-1381] The checkpoint 'C:/Users/ilpes/Desktop/INSEGNAMENTO/Didattica2023/McDMA/McDMA_v3/McDMA_v3.runs/impl_1/user_35t_wrapper_routed.dcp' has been generated.
write_checkpoint: Time (s): cpu = 00:00:20 ; elapsed = 00:00:10 . Memory (MB): peak = 2728.281 ; gain = 0.000
INFO: [runtcl-4] Executing : report_drc -file user_35t_wrapper_drc_routed.rpt -pb user_35t_wrapper_drc_routed.pb -rpx user_35t_wrapper_drc_routed.rpx
Command: report_drc -file user_35t_wrapper_drc_routed.rpt -pb user_35t_wrapper_drc_routed.pb -rpx user_35t_wrapper_drc_routed.rpx
INFO: [IP_Flow 19-1839] IP Catalog is up to date.
INFO: [DRC 23-27] Running DRC with 2 threads
INFO: [Coretcl 2-168] The results of DRC are in file C:/Users/ilpes/Desktop/INSEGNAMENTO/Didattica2023/McDMA/McDMA_v3/McDMA_v3.runs/impl_1/user_35t_wrapper_drc_routed.rpt.
report_drc completed successfully
report_drc: Time (s): cpu = 00:00:33 ; elapsed = 00:00:18 . Memory (MB): peak = 2792.711 ; gain = 64.430
INFO: [runtcl-4] Executing : report_methodology -file user_35t_wrapper_methodology_drc_routed.rpt -pb user_35t_wrapper_methodology_drc_routed.pb -rpx user_35t_wrapper_methodology_drc_routed.rpx
Command: report_methodology -file user_35t_wrapper_methodology_drc_routed.rpt -pb user_35t_wrapper_methodology_drc_routed.pb -rpx user_35t_wrapper_methodology_drc_routed.rpx
INFO: [Timing 38-35] Done setting XDC timing constraints.
INFO: [DRC 23-133] Running Methodology with 2 threads
INFO: [Coretcl 2-1520] The results of Report Methodology are in file C:/Users/ilpes/Desktop/INSEGNAMENTO/Didattica2023/McDMA/McDMA_v3/McDMA_v3.runs/impl_1/user_35t_wrapper_methodology_drc_routed.rpt.
report_methodology completed successfully
report_methodology: Time (s): cpu = 00:00:20 ; elapsed = 00:00:11 . Memory (MB): peak = 2792.711 ; gain = 0.000
INFO: [runtcl-4] Executing : report_power -file user_35t_wrapper_power_routed.rpt -pb user_35t_wrapper_power_summary_routed.pb -rpx user_35t_wrapper_power_routed.rpx
Command: report_power -file user_35t_wrapper_power_routed.rpt -pb user_35t_wrapper_power_summary_routed.pb -rpx user_35t_wrapper_power_routed.rpx
INFO: [Power 33-23] Power model is not available for STARTUP_7SERIES_GEN.STARTUP2_7SERIES_inst
INFO: [Timing 38-35] Done setting XDC timing constraints.
Running Vector-less Activity Propagation...

Finished Running Vector-less Activity Propagation
WARNING: [Power 33-332] Found switching activity that implies high-fanout reset nets being asserted for excessive periods of time which may result in inaccurate power analysis.
Resolution: To review and fix problems, please run Power Constraints Advisor in the GUI from Tools > Power Constraints Advisor or run report_power with the -advisory option to generate a text report.
197 Infos, 37 Warnings, 0 Critical Warnings and 0 Errors encountered.
report_power completed successfully
report_power: Time (s): cpu = 00:00:22 ; elapsed = 00:00:12 . Memory (MB): peak = 2796.305 ; gain = 3.594
INFO: [runtcl-4] Executing : report_route_status -file user_35t_wrapper_route_status.rpt -pb user_35t_wrapper_route_status.pb
INFO: [runtcl-4] Executing : report_timing_summary -max_paths 10 -file user_35t_wrapper_timing_summary_routed.rpt -pb user_35t_wrapper_timing_summary_routed.pb -rpx user_35t_wrapper_timing_summary_routed.rpx -warn_on_violation 
INFO: [Timing 38-91] UpdateTimingParams: Speed grade: -1, Delay Type: min_max.
INFO: [Timing 38-191] Multithreading enabled for timing update using a maximum of 2 CPUs
WARNING: [Timing 38-436] There are set_bus_skew constraint(s) in this design. Please run report_bus_skew to ensure that bus skew requirements are met.
INFO: [runtcl-4] Executing : report_incremental_reuse -file user_35t_wrapper_incremental_reuse_routed.rpt
INFO: [Vivado_Tcl 4-1062] Incremental flow is disabled. No incremental reuse Info to report.
INFO: [runtcl-4] Executing : report_clock_utilization -file user_35t_wrapper_clock_utilization_routed.rpt
INFO: [runtcl-4] Executing : report_bus_skew -warn_on_violation -file user_35t_wrapper_bus_skew_routed.rpt -pb user_35t_wrapper_bus_skew_routed.pb -rpx user_35t_wrapper_bus_skew_routed.rpx
INFO: [Timing 38-91] UpdateTimingParams: Speed grade: -1, Delay Type: min_max.
INFO: [Timing 38-191] Multithreading enabled for timing update using a maximum of 2 CPUs
INFO: [Memdata 28-208] The XPM instance: <user_35t_i/axis_data_fifo_0/inst/gen_fifo.xpm_fifo_axis_inst/xpm_fifo_base_inst/gen_sdpram.xpm_memory_base_inst> is part of IP: <user_35t_i/axis_data_fifo_0>. This XPM instance will be excluded from the .mmi because updatemem is prohibited from making changes to an XPM that is part of an IP.
INFO: [Memdata 28-208] The XPM instance: <user_35t_i/axi_quad_spi_0/U0/NO_DUAL_QUAD_MODE.QSPI_NORMAL/QSPI_LEGACY_MD_GEN.QSPI_CORE_INTERFACE_I/FIFO_EXISTS.TX_FIFO_II/xpm_fifo_instance.xpm_fifo_async_inst/gnuram_async_fifo.xpm_fifo_base_inst/gen_sdpram.xpm_memory_base_inst> is part of IP: <user_35t_i/axi_quad_spi_0>. This XPM instance will be excluded from the .mmi because updatemem is prohibited from making changes to an XPM that is part of an IP.
INFO: [Memdata 28-208] The XPM instance: <user_35t_i/axi_quad_spi_0/U0/NO_DUAL_QUAD_MODE.QSPI_NORMAL/QSPI_LEGACY_MD_GEN.QSPI_CORE_INTERFACE_I/FIFO_EXISTS.RX_FIFO_II/gnuram_async_fifo.xpm_fifo_base_inst/gen_sdpram.xpm_memory_base_inst> is part of IP: <user_35t_i/axi_quad_spi_0>. This XPM instance will be excluded from the .mmi because updatemem is prohibited from making changes to an XPM that is part of an IP.
INFO: [Memdata 28-167] Found XPM memory block user_35t_i/axi_dma_16counters/U0/I_PRMRY_DATAMOVER/GEN_S2MM_FULL.I_S2MM_FULL_WRAPPER/GEN_INCLUDE_REALIGNER.I_S2MM_REALIGNER/GEN_INCLUDE_SCATTER.I_S2MM_SCATTER/I_TSTRB_FIFO/USE_SYNC_FIFO.I_SYNC_FIFO/NON_BLK_MEM.I_SYNC_FIFOGEN_FIFO/xpm_fifo_instance.xpm_fifo_sync_inst/xpm_fifo_base_inst/gen_sdpram.xpm_memory_base_inst with a P_MEMORY_PRIMITIVE property set to auto. A value of block is required. You will not be able to use the updatemem program to update the bitstream with new data for the user_35t_i/axi_dma_16counters/U0/I_PRMRY_DATAMOVER/GEN_S2MM_FULL.I_S2MM_FULL_WRAPPER/GEN_INCLUDE_REALIGNER.I_S2MM_REALIGNER/GEN_INCLUDE_SCATTER.I_S2MM_SCATTER/I_TSTRB_FIFO/USE_SYNC_FIFO.I_SYNC_FIFO/NON_BLK_MEM.I_SYNC_FIFOGEN_FIFO/xpm_fifo_instance.xpm_fifo_sync_inst/xpm_fifo_base_inst/gen_sdpram.xpm_memory_base_inst block.
INFO: [Memdata 28-167] Found XPM memory block user_35t_i/axi_dma_16counters/U0/I_PRMRY_DATAMOVER/GEN_S2MM_FULL.I_S2MM_FULL_WRAPPER/GEN_ENABLE_INDET_BTT_SF.I_INDET_BTT/I_XD_FIFO/NON_BLK_MEM.I_SYNC_FIFOGEN_FIFO/xpm_fifo_instance.xpm_fifo_sync_inst/xpm_fifo_base_inst/gen_sdpram.xpm_memory_base_inst with a P_MEMORY_PRIMITIVE property set to auto. A value of block is required. You will not be able to use the updatemem program to update the bitstream with new data for the user_35t_i/axi_dma_16counters/U0/I_PRMRY_DATAMOVER/GEN_S2MM_FULL.I_S2MM_FULL_WRAPPER/GEN_ENABLE_INDET_BTT_SF.I_INDET_BTT/I_XD_FIFO/NON_BLK_MEM.I_SYNC_FIFOGEN_FIFO/xpm_fifo_instance.xpm_fifo_sync_inst/xpm_fifo_base_inst/gen_sdpram.xpm_memory_base_inst block.
INFO: [Memdata 28-208] The XPM instance: <user_35t_i/axi_dma_16counters/U0/I_PRMRY_DATAMOVER/GEN_S2MM_FULL.I_S2MM_FULL_WRAPPER/GEN_ENABLE_INDET_BTT_SF.I_INDET_BTT/I_DATA_FIFO/BLK_MEM.I_SYNC_FIFOGEN_FIFO/xpm_fifo_instance.xpm_fifo_sync_inst/xpm_fifo_base_inst/gen_sdpram.xpm_memory_base_inst> is part of IP: <user_35t_i/axi_dma_16counters>. This XPM instance will be excluded from the .mmi because updatemem is prohibited from making changes to an XPM that is part of an IP.
INFO: [Memdata 28-167] Found XPM memory block user_35t_i/axi_dma_0/U0/I_PRMRY_DATAMOVER/GEN_S2MM_FULL.I_S2MM_FULL_WRAPPER/GEN_ENABLE_INDET_BTT_SF.I_INDET_BTT/I_XD_FIFO/NON_BLK_MEM.I_SYNC_FIFOGEN_FIFO/xpm_fifo_instance.xpm_fifo_sync_inst/xpm_fifo_base_inst/gen_sdpram.xpm_memory_base_inst with a P_MEMORY_PRIMITIVE property set to auto. A value of block is required. You will not be able to use the updatemem program to update the bitstream with new data for the user_35t_i/axi_dma_0/U0/I_PRMRY_DATAMOVER/GEN_S2MM_FULL.I_S2MM_FULL_WRAPPER/GEN_ENABLE_INDET_BTT_SF.I_INDET_BTT/I_XD_FIFO/NON_BLK_MEM.I_SYNC_FIFOGEN_FIFO/xpm_fifo_instance.xpm_fifo_sync_inst/xpm_fifo_base_inst/gen_sdpram.xpm_memory_base_inst block.
INFO: [Memdata 28-208] The XPM instance: <user_35t_i/axi_dma_0/U0/I_PRMRY_DATAMOVER/GEN_S2MM_FULL.I_S2MM_FULL_WRAPPER/GEN_ENABLE_INDET_BTT_SF.I_INDET_BTT/I_DATA_FIFO/BLK_MEM.I_SYNC_FIFOGEN_FIFO/xpm_fifo_instance.xpm_fifo_sync_inst/xpm_fifo_base_inst/gen_sdpram.xpm_memory_base_inst> is part of IP: <user_35t_i/axi_dma_0>. This XPM instance will be excluded from the .mmi because updatemem is prohibited from making changes to an XPM that is part of an IP.
Command: write_bitstream -force user_35t_wrapper.bit
Attempting to get a license for feature 'Implementation' and/or device 'xc7a35t'
INFO: [Common 17-349] Got license for feature 'Implementation' and/or device 'xc7a35t'
Running DRC as a precondition to command write_bitstream
INFO: [IP_Flow 19-1839] IP Catalog is up to date.
INFO: [DRC 23-27] Running DRC with 2 threads
WARNING: [DRC BUFC-1] Input Buffer Connections: Input buffer spi_bus_ss_iobuf_0/IBUF has no loads. It is recommended to have an input buffer drive an internal load.
WARNING: [DRC CFGBVS-1] Missing CFGBVS and CONFIG_VOLTAGE Design Properties: Neither the CFGBVS nor CONFIG_VOLTAGE voltage property is set in the current_design.  Configuration bank voltage select (CFGBVS) must be set to VCCO or GND, and CONFIG_VOLTAGE must be set to the correct configuration voltage, in order to determine the I/O voltage support for the pins in bank 0.  It is suggested to specify these either using the 'Edit Device Properties' function in the GUI or directly in the XDC file using the following syntax:

 set_property CFGBVS value1 [current_design]
 #where value1 is either VCCO or GND

 set_property CONFIG_VOLTAGE value2 [current_design]
 #where value2 is the voltage provided to configuration bank 0

Refer to the device configuration user guide for more information.
WARNING: [DRC DPIP-1] Input pipelining: DSP user_35t_i/microblaze_0/U0/MicroBlaze_Core_I/Performance.Core/Data_Flow_I/MUL_Unit_I/Use_HW_MUL.Using_DSP48_Architectures.No_MUL64.dsp_module_I2/Using_DSP48E1.DSP48E1_I1/Using_FPGA.DSP48E1_I1 input user_35t_i/microblaze_0/U0/MicroBlaze_Core_I/Performance.Core/Data_Flow_I/MUL_Unit_I/Use_HW_MUL.Using_DSP48_Architectures.No_MUL64.dsp_module_I2/Using_DSP48E1.DSP48E1_I1/Using_FPGA.DSP48E1_I1/A[29:0] is not pipelined. Pipelining DSP48 input will improve performance.
WARNING: [DRC DPIP-1] Input pipelining: DSP user_35t_i/microblaze_0/U0/MicroBlaze_Core_I/Performance.Core/Data_Flow_I/MUL_Unit_I/Use_HW_MUL.Using_DSP48_Architectures.No_MUL64.dsp_module_I2/Using_DSP48E1.DSP48E1_I1/Using_FPGA.DSP48E1_I1 input user_35t_i/microblaze_0/U0/MicroBlaze_Core_I/Performance.Core/Data_Flow_I/MUL_Unit_I/Use_HW_MUL.Using_DSP48_Architectures.No_MUL64.dsp_module_I2/Using_DSP48E1.DSP48E1_I1/Using_FPGA.DSP48E1_I1/B[17:0] is not pipelined. Pipelining DSP48 input will improve performance.
WARNING: [DRC DPIP-1] Input pipelining: DSP user_35t_i/microblaze_0/U0/MicroBlaze_Core_I/Performance.Core/Data_Flow_I/MUL_Unit_I/Use_HW_MUL.Using_DSP48_Architectures.dsp_module_I1/Using_DSP48E1.DSP48E1_I1/Using_FPGA.DSP48E1_I1 input user_35t_i/microblaze_0/U0/MicroBlaze_Core_I/Performance.Core/Data_Flow_I/MUL_Unit_I/Use_HW_MUL.Using_DSP48_Architectures.dsp_module_I1/Using_DSP48E1.DSP48E1_I1/Using_FPGA.DSP48E1_I1/A[29:0] is not pipelined. Pipelining DSP48 input will improve performance.
WARNING: [DRC DPIP-1] Input pipelining: DSP user_35t_i/microblaze_0/U0/MicroBlaze_Core_I/Performance.Core/Data_Flow_I/MUL_Unit_I/Use_HW_MUL.Using_DSP48_Architectures.dsp_module_I1/Using_DSP48E1.DSP48E1_I1/Using_FPGA.DSP48E1_I1 input user_35t_i/microblaze_0/U0/MicroBlaze_Core_I/Performance.Core/Data_Flow_I/MUL_Unit_I/Use_HW_MUL.Using_DSP48_Architectures.dsp_module_I1/Using_DSP48E1.DSP48E1_I1/Using_FPGA.DSP48E1_I1/B[17:0] is not pipelined. Pipelining DSP48 input will improve performance.
WARNING: [DRC DPOP-1] PREG Output pipelining: DSP user_35t_i/microblaze_0/U0/MicroBlaze_Core_I/Performance.Core/Data_Flow_I/MUL_Unit_I/Use_HW_MUL.Using_DSP48_Architectures.No_MUL64.dsp_module_I3/Using_DSP48E1.DSP48E1_I1/Using_FPGA.DSP48E1_I1 output user_35t_i/microblaze_0/U0/MicroBlaze_Core_I/Performance.Core/Data_Flow_I/MUL_Unit_I/Use_HW_MUL.Using_DSP48_Architectures.No_MUL64.dsp_module_I3/Using_DSP48E1.DSP48E1_I1/Using_FPGA.DSP48E1_I1/P[47:0] is not pipelined (PREG=0). Pipelining the DSP48 output will improve performance and often saves power so it is suggested whenever possible to fully pipeline this function.  If this DSP48 function was inferred, it is suggested to describe an additional register stage after this function.  If the DSP48 was instantiated in the design, it is suggested to set the PREG attribute to 1.
WARNING: [DRC DPOP-2] MREG Output pipelining: DSP user_35t_i/microblaze_0/U0/MicroBlaze_Core_I/Performance.Core/Data_Flow_I/MUL_Unit_I/Use_HW_MUL.Using_DSP48_Architectures.dsp_module_I1/Using_DSP48E1.DSP48E1_I1/Using_FPGA.DSP48E1_I1 multiplier stage user_35t_i/microblaze_0/U0/MicroBlaze_Core_I/Performance.Core/Data_Flow_I/MUL_Unit_I/Use_HW_MUL.Using_DSP48_Architectures.dsp_module_I1/Using_DSP48E1.DSP48E1_I1/Using_FPGA.DSP48E1_I1/P[47:0] is not pipelined (MREG=0). Pipelining the multiplier function will improve performance and will save significant power so it is suggested whenever possible to fully pipeline this function.  If this multiplier was inferred, it is suggested to describe an additional register stage after this function.  If there is no registered adder/accumulator following the multiply function, two pipeline stages are suggested to allow both the MREG and PREG registers to be used.  If the DSP48 was instantiated in the design, it is suggested to set both the MREG and PREG attributes to 1 when performing multiply functions.
WARNING: [DRC RTSTAT-10] No routable loads: 76 net(s) have no routable loads. The problem bus(es) and/or net(s) are user_35t_i/axi_interconnect_0/m00_couplers/auto_ds/inst/gen_downsizer.gen_simple_downsizer.axi_downsizer_inst/USE_WRITE.write_addr_inst/USE_B_CHANNEL.cmd_b_queue/inst/fifo_gen_inst/inst_fifo_gen/gconvfifo.rf/grf.rf/gntv_or_sync_fifo.gl0.rd/gr1.gr1_int.rfwft/aempty_fwft_i, user_35t_i/axi_interconnect_0/m00_couplers/auto_ds/inst/gen_downsizer.gen_simple_downsizer.axi_downsizer_inst/USE_WRITE.write_addr_inst/cmd_queue/inst/fifo_gen_inst/inst_fifo_gen/gconvfifo.rf/grf.rf/gntv_or_sync_fifo.gl0.rd/gr1.gr1_int.rfwft/aempty_fwft_i, dbg_hub/inst/BSCANID.u_xsdbm_id/CORE_XSDB.UUT_MASTER/U_ICON_INTERFACE/U_CMD6_RD/U_RD_FIFO/SUBCORE_FIFO.xsdbm_v3_0_0_rdfifo_inst/inst_fifo_gen/gconvfifo.rf/grf.rf/gntv_or_sync_fifo.gl0.rd/gr1.gr1_int.rfwft/aempty_fwft_i, user_35t_i/axi_interconnect_0/m00_couplers/auto_ds/inst/gen_downsizer.gen_simple_downsizer.axi_downsizer_inst/USE_READ.read_addr_inst/cmd_queue/inst/fifo_gen_inst/inst_fifo_gen/gconvfifo.rf/grf.rf/gntv_or_sync_fifo.gl0.rd/gr1.gr1_int.rfwft/aempty_fwft_i, dbg_hub/inst/BSCANID.u_xsdbm_id/CORE_XSDB.UUT_MASTER/U_ICON_INTERFACE/U_CMD7_CTL/ctl_reg[2:0], dbg_hub/inst/BSCANID.u_xsdbm_id/CORE_XSDB.UUT_MASTER/U_ICON_INTERFACE/U_CMD1/ctl_reg_en_2[1], dbg_hub/inst/BSCANID.u_xsdbm_id/CORE_XSDB.UUT_MASTER/U_ICON_INTERFACE/U_CMD7_CTL/ctl_reg_en_2[1], dbg_hub/inst/BSCANID.u_xsdbm_id/SWITCH_N_EXT_BSCAN.bscan_switch/m_bscan_capture[0], dbg_hub/inst/BSCANID.u_xsdbm_id/SWITCH_N_EXT_BSCAN.bscan_switch/m_bscan_drck[0], dbg_hub/inst/BSCANID.u_xsdbm_id/SWITCH_N_EXT_BSCAN.bscan_switch/m_bscan_runtest[0], dbg_hub/inst/BSCANID.u_xsdbm_id/CORE_XSDB.UUT_MASTER/U_ICON_INTERFACE/U_CMD6_WR/U_WR_FIFO/SUBCORE_FIFO.xsdbm_v3_0_0_wrfifo_inst/inst_fifo_gen/gconvfifo.rf/grf.rf/gntv_or_sync_fifo.gl0.wr/gwhf.whf/overflow, dbg_hub/inst/BSCANID.u_xsdbm_id/CORE_XSDB.UUT_MASTER/U_ICON_INTERFACE/U_CMD6_RD/U_RD_FIFO/SUBCORE_FIFO.xsdbm_v3_0_0_rdfifo_inst/inst_fifo_gen/gconvfifo.rf/grf.rf/gntv_or_sync_fifo.gl0.wr/gwhf.whf/overflow, user_35t_i/axi_interconnect_0/m00_couplers/auto_ds/inst/gen_downsizer.gen_simple_downsizer.axi_downsizer_inst/USE_WRITE.write_addr_inst/USE_B_CHANNEL.cmd_b_queue/inst/fifo_gen_inst/inst_fifo_gen/gconvfifo.rf/grf.rf/gntv_or_sync_fifo.gl0.wr/gwss.wsts/ram_afull_fb, user_35t_i/axi_interconnect_0/m00_couplers/auto_ds/inst/gen_downsizer.gen_simple_downsizer.axi_downsizer_inst/USE_WRITE.write_addr_inst/cmd_queue/inst/fifo_gen_inst/inst_fifo_gen/gconvfifo.rf/grf.rf/gntv_or_sync_fifo.gl0.wr/gwss.wsts/ram_afull_fb, user_35t_i/axi_interconnect_0/m00_couplers/auto_ds/inst/gen_downsizer.gen_simple_downsizer.axi_downsizer_inst/USE_READ.read_addr_inst/cmd_queue/inst/fifo_gen_inst/inst_fifo_gen/gconvfifo.rf/grf.rf/gntv_or_sync_fifo.gl0.wr/gwss.wsts/ram_afull_fb... and (the first 15 of 62 listed).
INFO: [DRC REQP-165] writefirst: Synchronous clocking is detected for BRAM (user_35t_i/axi_dma_16counters/U0/I_PRMRY_DATAMOVER/GEN_S2MM_FULL.I_S2MM_FULL_WRAPPER/GEN_ENABLE_INDET_BTT_SF.I_INDET_BTT/I_DATA_FIFO/BLK_MEM.I_SYNC_FIFOGEN_FIFO/xpm_fifo_instance.xpm_fifo_sync_inst/xpm_fifo_base_inst/gen_sdpram.xpm_memory_base_inst/gen_wr_a.gen_word_narrow.mem_reg_4) in SDP mode with WRITE_FIRST write-mode. This is the preferred mode for best power characteristics, however it may exhibit address collisions if the same address appears on both read and write ports resulting in unknown or corrupted read data. It is suggested to confirm via simulation that an address collision never occurs and if so it is suggested to try and avoid this situation. If address collisions cannot be avoided, the write-mode may be set to READ_FIRST which guarantees that the read data is the prior contents of the memory at the cost of additional power in the design. See the FPGA Memory Resources User Guide for additional information.
INFO: [DRC REQP-181] writefirst: Synchronous clocking is detected for BRAM (user_35t_i/axi_dma_0/U0/I_PRMRY_DATAMOVER/GEN_S2MM_FULL.I_S2MM_FULL_WRAPPER/GEN_ENABLE_INDET_BTT_SF.I_INDET_BTT/I_DATA_FIFO/BLK_MEM.I_SYNC_FIFOGEN_FIFO/xpm_fifo_instance.xpm_fifo_sync_inst/xpm_fifo_base_inst/gen_sdpram.xpm_memory_base_inst/gen_wr_a.gen_word_narrow.mem_reg) in SDP mode with WRITE_FIRST write-mode. This is the preferred mode for best power characteristics, however it may exhibit address collisions if the same address appears on both read and write ports resulting in unknown or corrupted read data. It is suggested to confirm via simulation that an address collision never occurs and if so it is suggested to try and avoid this situation. If address collisions cannot be avoided, the write-mode may be set to READ_FIRST which guarantees that the read data is the prior contents of the memory at the cost of additional power in the design. See the FPGA Memory Resources User Guide for additional information.
INFO: [DRC REQP-181] writefirst: Synchronous clocking is detected for BRAM (user_35t_i/axi_dma_16counters/U0/I_PRMRY_DATAMOVER/GEN_S2MM_FULL.I_S2MM_FULL_WRAPPER/GEN_ENABLE_INDET_BTT_SF.I_INDET_BTT/I_DATA_FIFO/BLK_MEM.I_SYNC_FIFOGEN_FIFO/xpm_fifo_instance.xpm_fifo_sync_inst/xpm_fifo_base_inst/gen_sdpram.xpm_memory_base_inst/gen_wr_a.gen_word_narrow.mem_reg_0) in SDP mode with WRITE_FIRST write-mode. This is the preferred mode for best power characteristics, however it may exhibit address collisions if the same address appears on both read and write ports resulting in unknown or corrupted read data. It is suggested to confirm via simulation that an address collision never occurs and if so it is suggested to try and avoid this situation. If address collisions cannot be avoided, the write-mode may be set to READ_FIRST which guarantees that the read data is the prior contents of the memory at the cost of additional power in the design. See the FPGA Memory Resources User Guide for additional information.
INFO: [DRC REQP-181] writefirst: Synchronous clocking is detected for BRAM (user_35t_i/axi_dma_16counters/U0/I_PRMRY_DATAMOVER/GEN_S2MM_FULL.I_S2MM_FULL_WRAPPER/GEN_ENABLE_INDET_BTT_SF.I_INDET_BTT/I_DATA_FIFO/BLK_MEM.I_SYNC_FIFOGEN_FIFO/xpm_fifo_instance.xpm_fifo_sync_inst/xpm_fifo_base_inst/gen_sdpram.xpm_memory_base_inst/gen_wr_a.gen_word_narrow.mem_reg_1) in SDP mode with WRITE_FIRST write-mode. This is the preferred mode for best power characteristics, however it may exhibit address collisions if the same address appears on both read and write ports resulting in unknown or corrupted read data. It is suggested to confirm via simulation that an address collision never occurs and if so it is suggested to try and avoid this situation. If address collisions cannot be avoided, the write-mode may be set to READ_FIRST which guarantees that the read data is the prior contents of the memory at the cost of additional power in the design. See the FPGA Memory Resources User Guide for additional information.
INFO: [DRC REQP-181] writefirst: Synchronous clocking is detected for BRAM (user_35t_i/axi_dma_16counters/U0/I_PRMRY_DATAMOVER/GEN_S2MM_FULL.I_S2MM_FULL_WRAPPER/GEN_ENABLE_INDET_BTT_SF.I_INDET_BTT/I_DATA_FIFO/BLK_MEM.I_SYNC_FIFOGEN_FIFO/xpm_fifo_instance.xpm_fifo_sync_inst/xpm_fifo_base_inst/gen_sdpram.xpm_memory_base_inst/gen_wr_a.gen_word_narrow.mem_reg_2) in SDP mode with WRITE_FIRST write-mode. This is the preferred mode for best power characteristics, however it may exhibit address collisions if the same address appears on both read and write ports resulting in unknown or corrupted read data. It is suggested to confirm via simulation that an address collision never occurs and if so it is suggested to try and avoid this situation. If address collisions cannot be avoided, the write-mode may be set to READ_FIRST which guarantees that the read data is the prior contents of the memory at the cost of additional power in the design. See the FPGA Memory Resources User Guide for additional information.
INFO: [DRC REQP-181] writefirst: Synchronous clocking is detected for BRAM (user_35t_i/axi_dma_16counters/U0/I_PRMRY_DATAMOVER/GEN_S2MM_FULL.I_S2MM_FULL_WRAPPER/GEN_ENABLE_INDET_BTT_SF.I_INDET_BTT/I_DATA_FIFO/BLK_MEM.I_SYNC_FIFOGEN_FIFO/xpm_fifo_instance.xpm_fifo_sync_inst/xpm_fifo_base_inst/gen_sdpram.xpm_memory_base_inst/gen_wr_a.gen_word_narrow.mem_reg_3) in SDP mode with WRITE_FIRST write-mode. This is the preferred mode for best power characteristics, however it may exhibit address collisions if the same address appears on both read and write ports resulting in unknown or corrupted read data. It is suggested to confirm via simulation that an address collision never occurs and if so it is suggested to try and avoid this situation. If address collisions cannot be avoided, the write-mode may be set to READ_FIRST which guarantees that the read data is the prior contents of the memory at the cost of additional power in the design. See the FPGA Memory Resources User Guide for additional information.
INFO: [Vivado 12-3199] DRC finished with 0 Errors, 9 Warnings, 6 Advisories
INFO: [Vivado 12-3200] Please refer to the DRC report (report_drc) for more information.
Generating merged BMM file for the design top 'user_35t_wrapper'...
INFO: [Memdata 28-144] Successfully populated the BRAM INIT strings from the following elf files: C:/Users/ilpes/Desktop/INSEGNAMENTO/Didattica2023/McDMA/McDMA_v3/McDMA_v3.srcs/sources_1/imports/Release/led_blinking_bootloop.elf C:/Users/ilpes/Desktop/INSEGNAMENTO/Didattica2023/McDMA/McDMA_v3/McDMA_v3.srcs/sim_1/imports/Release/led_blinking_bootloop.elf 
INFO: [Designutils 20-2272] Running write_bitstream with 2 threads.
Loading data files...
Loading site data...
Loading route data...
Processing options...
Creating bitmap...
Creating bitstream...
Bitstream compression saved 4689728 bits.
Writing bitstream ./user_35t_wrapper.bit...
INFO: [Vivado 12-1842] Bitgen Completed Successfully.
INFO: [Common 17-83] Releasing license: Implementation
26 Infos, 9 Warnings, 0 Critical Warnings and 0 Errors encountered.
write_bitstream completed successfully
write_bitstream: Time (s): cpu = 00:00:39 ; elapsed = 00:00:25 . Memory (MB): peak = 3322.594 ; gain = 501.031
INFO: [Common 17-206] Exiting Vivado at Sat Aug 23 11:16:10 2025...
