TRACE::2025-07-12.09:03:59::SCWPlatform::Trying to open the hw design at C:/Users/ilpes/Desktop/Antenne_e_clocks/obb_golden_INTC_UART_MMCM/iic_spi_10KHz_ILA/hw/user_35t_withILA.xsa
TRACE::2025-07-12.09:03:59::SCWPlatform::DSA given C:/Users/ilpes/Desktop/Antenne_e_clocks/obb_golden_INTC_UART_MMCM/iic_spi_10KHz_ILA/hw/user_35t_withILA.xsa
TRACE::2025-07-12.09:03:59::SCWPlatform::DSA absoulate path C:/Users/ilpes/Desktop/Antenne_e_clocks/obb_golden_INTC_UART_MMCM/iic_spi_10KHz_ILA/hw/user_35t_withILA.xsa
TRACE::2025-07-12.09:04:05::SCWPlatform::DSA directory C:/Users/ilpes/Desktop/Antenne_e_clocks/obb_golden_INTC_UART_MMCM/iic_spi_10KHz_ILA/hw
TRACE::2025-07-12.09:04:05::SCWPlatform:: Platform Path C:/Users/ilpes/Desktop/Antenne_e_clocks/obb_golden_INTC_UART_MMCM/iic_spi_10KHz_ILA/hw/user_35t_withILA.xsa
TRACE::2025-07-12.09:04:05::SCWPlatform:: Unique name xilinx:cmod_a7-35t::0.0
TRACE::2025-07-12.09:04:05::SCWPlatform::Do not have an existing db opened. 
TRACE::2025-07-12.09:04:05::SCWPlatform::Opened new HwDB with name user_35t_wrapper_10
TRACE::2025-07-12.09:04:05::SCWWriter::formatted JSON is {
	"platformName":	"iic_spi_10KHz_ILA",
	"sprVersion":	"2.0",
	"mode":	"gui",
	"dsaType":	"Fixed",
	"platformDesc":	"iic_spi_10KHz_ILA",
	"platHandOff":	"C:/Users/ilpes/Desktop/INSEGNAMENTO/Didattica2023/CMOD_A35t_emc_uart_iic_spi/project_1/user_35t_withILA.xsa",
	"platIntHandOff":	"<platformDir>/hw/user_35t_withILA.xsa",
	"deviceType":	"FPGA",
	"platIsPrebuiltAutogen":	"false",
	"platIsNoBootBsp":	"false",
	"hasFsblMakeHasChanges":	"false",
	"hasPmufwMakeHasChanges":	"false",
	"platPreBuiltFlag":	false,
	"platformSamplesDir":	""
}
TRACE::2025-07-12.09:04:05::SCWWriter::formatted JSON is {
	"platformName":	"iic_spi_10KHz_ILA",
	"sprVersion":	"2.0",
	"mode":	"gui",
	"dsaType":	"Fixed",
	"platformDesc":	"iic_spi_10KHz_ILA",
	"platHandOff":	"C:/Users/ilpes/Desktop/INSEGNAMENTO/Didattica2023/CMOD_A35t_emc_uart_iic_spi/project_1/user_35t_withILA.xsa",
	"platIntHandOff":	"<platformDir>/hw/user_35t_withILA.xsa",
	"deviceType":	"FPGA",
	"platIsPrebuiltAutogen":	"false",
	"platIsNoBootBsp":	"false",
	"hasFsblMakeHasChanges":	"false",
	"hasPmufwMakeHasChanges":	"false",
	"platPreBuiltFlag":	false,
	"platformSamplesDir":	"",
	"platActiveSys":	"iic_spi_10KHz_ILA",
	"systems":	[{
			"systemName":	"iic_spi_10KHz_ILA",
			"systemDesc":	"iic_spi_10KHz_ILA",
			"sysIsBootAutoGen":	"true",
			"systemDispName":	"iic_spi_10KHz_ILA"
		}]
}
TRACE::2025-07-12.09:04:05::SCWPlatform::Boot application domains not present, creating them
TRACE::2025-07-12.09:04:05::SCWPlatform::Pure FPGA device, no boot application will be created.
TRACE::2025-07-12.09:04:05::SCWWriter::formatted JSON is {
	"platformName":	"iic_spi_10KHz_ILA",
	"sprVersion":	"2.0",
	"mode":	"gui",
	"dsaType":	"Fixed",
	"platformDesc":	"iic_spi_10KHz_ILA",
	"platHandOff":	"C:/Users/ilpes/Desktop/INSEGNAMENTO/Didattica2023/CMOD_A35t_emc_uart_iic_spi/project_1/user_35t_withILA.xsa",
	"platIntHandOff":	"<platformDir>/hw/user_35t_withILA.xsa",
	"deviceType":	"FPGA",
	"platIsPrebuiltAutogen":	"false",
	"platIsNoBootBsp":	"false",
	"hasFsblMakeHasChanges":	"false",
	"hasPmufwMakeHasChanges":	"false",
	"platPreBuiltFlag":	false,
	"platformSamplesDir":	"",
	"platActiveSys":	"iic_spi_10KHz_ILA",
	"systems":	[{
			"systemName":	"iic_spi_10KHz_ILA",
			"systemDesc":	"iic_spi_10KHz_ILA",
			"sysIsBootAutoGen":	"true",
			"systemDispName":	"iic_spi_10KHz_ILA"
		}]
}
TRACE::2025-07-12.09:04:06::SCWPlatform::Trying to open the hw design at C:/Users/ilpes/Desktop/Antenne_e_clocks/obb_golden_INTC_UART_MMCM/iic_spi_10KHz_ILA/hw/user_35t_withILA.xsa
TRACE::2025-07-12.09:04:06::SCWPlatform::DSA given C:/Users/ilpes/Desktop/Antenne_e_clocks/obb_golden_INTC_UART_MMCM/iic_spi_10KHz_ILA/hw/user_35t_withILA.xsa
TRACE::2025-07-12.09:04:06::SCWPlatform::DSA absoulate path C:/Users/ilpes/Desktop/Antenne_e_clocks/obb_golden_INTC_UART_MMCM/iic_spi_10KHz_ILA/hw/user_35t_withILA.xsa
TRACE::2025-07-12.09:04:06::SCWPlatform::DSA directory C:/Users/ilpes/Desktop/Antenne_e_clocks/obb_golden_INTC_UART_MMCM/iic_spi_10KHz_ILA/hw
TRACE::2025-07-12.09:04:06::SCWPlatform:: Platform Path C:/Users/ilpes/Desktop/Antenne_e_clocks/obb_golden_INTC_UART_MMCM/iic_spi_10KHz_ILA/hw/user_35t_withILA.xsa
TRACE::2025-07-12.09:04:06::SCWPlatform:: Unique name xilinx:cmod_a7-35t::0.0
TRACE::2025-07-12.09:04:06::SCWPlatform::Trying to set the existing hwdb with name user_35t_wrapper_10
TRACE::2025-07-12.09:04:06::SCWPlatform::Opened existing hwdb user_35t_wrapper_10
TRACE::2025-07-12.09:04:06::SCWPlatform::Found the Hw Db part of the input DSA
TRACE::2025-07-12.09:04:06::SCWDomain::checking for install qemu data   : 
TRACE::2025-07-12.09:04:06::SCWPlatform::Trying to open the hw design at C:/Users/ilpes/Desktop/Antenne_e_clocks/obb_golden_INTC_UART_MMCM/iic_spi_10KHz_ILA/hw/user_35t_withILA.xsa
TRACE::2025-07-12.09:04:06::SCWPlatform::DSA given C:/Users/ilpes/Desktop/Antenne_e_clocks/obb_golden_INTC_UART_MMCM/iic_spi_10KHz_ILA/hw/user_35t_withILA.xsa
TRACE::2025-07-12.09:04:06::SCWPlatform::DSA absoulate path C:/Users/ilpes/Desktop/Antenne_e_clocks/obb_golden_INTC_UART_MMCM/iic_spi_10KHz_ILA/hw/user_35t_withILA.xsa
TRACE::2025-07-12.09:04:06::SCWPlatform::DSA directory C:/Users/ilpes/Desktop/Antenne_e_clocks/obb_golden_INTC_UART_MMCM/iic_spi_10KHz_ILA/hw
TRACE::2025-07-12.09:04:06::SCWPlatform:: Platform Path C:/Users/ilpes/Desktop/Antenne_e_clocks/obb_golden_INTC_UART_MMCM/iic_spi_10KHz_ILA/hw/user_35t_withILA.xsa
TRACE::2025-07-12.09:04:06::SCWPlatform:: Unique name xilinx:cmod_a7-35t::0.0
TRACE::2025-07-12.09:04:06::SCWPlatform::Trying to set the existing hwdb with name user_35t_wrapper_10
TRACE::2025-07-12.09:04:06::SCWPlatform::Opened existing hwdb user_35t_wrapper_10
TRACE::2025-07-12.09:04:06::SCWPlatform::Found the Hw Db part of the input DSA
TRACE::2025-07-12.09:04:06::SCWPlatform::Trying to open the hw design at C:/Users/ilpes/Desktop/Antenne_e_clocks/obb_golden_INTC_UART_MMCM/iic_spi_10KHz_ILA/hw/user_35t_withILA.xsa
TRACE::2025-07-12.09:04:06::SCWPlatform::DSA given C:/Users/ilpes/Desktop/Antenne_e_clocks/obb_golden_INTC_UART_MMCM/iic_spi_10KHz_ILA/hw/user_35t_withILA.xsa
TRACE::2025-07-12.09:04:06::SCWPlatform::DSA absoulate path C:/Users/ilpes/Desktop/Antenne_e_clocks/obb_golden_INTC_UART_MMCM/iic_spi_10KHz_ILA/hw/user_35t_withILA.xsa
TRACE::2025-07-12.09:04:06::SCWPlatform::DSA directory C:/Users/ilpes/Desktop/Antenne_e_clocks/obb_golden_INTC_UART_MMCM/iic_spi_10KHz_ILA/hw
TRACE::2025-07-12.09:04:06::SCWPlatform:: Platform Path C:/Users/ilpes/Desktop/Antenne_e_clocks/obb_golden_INTC_UART_MMCM/iic_spi_10KHz_ILA/hw/user_35t_withILA.xsa
TRACE::2025-07-12.09:04:06::SCWPlatform:: Unique name xilinx:cmod_a7-35t::0.0
TRACE::2025-07-12.09:04:06::SCWPlatform::Trying to set the existing hwdb with name user_35t_wrapper_10
TRACE::2025-07-12.09:04:06::SCWPlatform::Opened existing hwdb user_35t_wrapper_10
TRACE::2025-07-12.09:04:06::SCWPlatform::Found the Hw Db part of the input DSA
TRACE::2025-07-12.09:04:06::SCWPlatform::Trying to open the hw design at C:/Users/ilpes/Desktop/Antenne_e_clocks/obb_golden_INTC_UART_MMCM/iic_spi_10KHz_ILA/hw/user_35t_withILA.xsa
TRACE::2025-07-12.09:04:06::SCWPlatform::DSA given C:/Users/ilpes/Desktop/Antenne_e_clocks/obb_golden_INTC_UART_MMCM/iic_spi_10KHz_ILA/hw/user_35t_withILA.xsa
TRACE::2025-07-12.09:04:06::SCWPlatform::DSA absoulate path C:/Users/ilpes/Desktop/Antenne_e_clocks/obb_golden_INTC_UART_MMCM/iic_spi_10KHz_ILA/hw/user_35t_withILA.xsa
TRACE::2025-07-12.09:04:06::SCWPlatform::DSA directory C:/Users/ilpes/Desktop/Antenne_e_clocks/obb_golden_INTC_UART_MMCM/iic_spi_10KHz_ILA/hw
TRACE::2025-07-12.09:04:06::SCWPlatform:: Platform Path C:/Users/ilpes/Desktop/Antenne_e_clocks/obb_golden_INTC_UART_MMCM/iic_spi_10KHz_ILA/hw/user_35t_withILA.xsa
TRACE::2025-07-12.09:04:06::SCWPlatform:: Unique name xilinx:cmod_a7-35t::0.0
TRACE::2025-07-12.09:04:06::SCWPlatform::Trying to set the existing hwdb with name user_35t_wrapper_10
TRACE::2025-07-12.09:04:06::SCWPlatform::Opened existing hwdb user_35t_wrapper_10
TRACE::2025-07-12.09:04:06::SCWPlatform::Found the Hw Db part of the input DSA
TRACE::2025-07-12.09:04:06::SCWMssOS::Checking the sw design at  C:/Users/ilpes/Desktop/Antenne_e_clocks/obb_golden_INTC_UART_MMCM/iic_spi_10KHz_ILA/microblaze_0/standalone_domain/bsp/system.mss
TRACE::2025-07-12.09:04:06::SCWMssOS::DEBUG:  swdes dump  
TRACE::2025-07-12.09:04:06::SCWMssOS::No sw design opened at  C:/Users/ilpes/Desktop/Antenne_e_clocks/obb_golden_INTC_UART_MMCM/iic_spi_10KHz_ILA/microblaze_0/standalone_domain/bsp/system.mss
TRACE::2025-07-12.09:04:06::SCWMssOS::mss does not exists at C:/Users/ilpes/Desktop/Antenne_e_clocks/obb_golden_INTC_UART_MMCM/iic_spi_10KHz_ILA/microblaze_0/standalone_domain/bsp/system.mss
TRACE::2025-07-12.09:04:06::SCWMssOS::Creating sw design at  C:/Users/ilpes/Desktop/Antenne_e_clocks/obb_golden_INTC_UART_MMCM/iic_spi_10KHz_ILA/microblaze_0/standalone_domain/bsp/system.mss
TRACE::2025-07-12.09:04:06::SCWMssOS::Adding the swdes entry, created swdb C:/Users/ilpes/Desktop/Antenne_e_clocks/obb_golden_INTC_UART_MMCM/iic_spi_10KHz_ILA/microblaze_0/standalone_domain/bsp/system.mss with des name C:/Users/ilpes/Desktop/Antenne_e_clocks/obb_golden_INTC_UART_MMCM/iic_spi_10KHz_ILA/microblaze_0/standalone_domain/bsp/system.mss
TRACE::2025-07-12.09:04:06::SCWMssOS::updating the scw layer changes to swdes at   C:/Users/ilpes/Desktop/Antenne_e_clocks/obb_golden_INTC_UART_MMCM/iic_spi_10KHz_ILA/microblaze_0/standalone_domain/bsp/system.mss
TRACE::2025-07-12.09:04:06::SCWMssOS::Writing mss at C:/Users/ilpes/Desktop/Antenne_e_clocks/obb_golden_INTC_UART_MMCM/iic_spi_10KHz_ILA/microblaze_0/standalone_domain/bsp/system.mss
TRACE::2025-07-12.09:04:06::SCWMssOS::Completed writing the mss file at C:/Users/ilpes/Desktop/Antenne_e_clocks/obb_golden_INTC_UART_MMCM/iic_spi_10KHz_ILA/microblaze_0/standalone_domain/bsp
TRACE::2025-07-12.09:04:06::SCWMssOS::Picking up changes from newly written mss file into SCW Layer. 
TRACE::2025-07-12.09:04:06::SCWMssOS::Updated the changes from newly written mss file into SCW Layer. 
TRACE::2025-07-12.09:04:06::SCWMssOS::Completed writing the mss file at C:/Users/ilpes/Desktop/Antenne_e_clocks/obb_golden_INTC_UART_MMCM/iic_spi_10KHz_ILA/microblaze_0/standalone_domain/bsp
TRACE::2025-07-12.09:04:06::SCWMssOS::Forcing BSP Sources regeneration.
TRACE::2025-07-12.09:04:09::SCWMssOS::Saving the mss changes C:/Users/ilpes/Desktop/Antenne_e_clocks/obb_golden_INTC_UART_MMCM/iic_spi_10KHz_ILA/microblaze_0/standalone_domain/bsp/system.mss
TRACE::2025-07-12.09:04:09::SCWMssOS::Found a swdesign opened with the mssfile.
TRACE::2025-07-12.09:04:09::SCWMssOS::Running validate of swdbs.
KEYINFO::2025-07-12.09:04:09::SCWMssOS::Could not open the swdb for C:/Users/ilpes/Desktop/Antenne_e_clocks/obb_golden_INTC_UART_MMCM/iic_spi_10KHz_ILA/microblaze_0/standalone_domain/bsp/system.mss
KEYINFO::2025-07-12.09:04:09::SCWMssOS::Could not open the sw design at  C:/Users/ilpes/Desktop/Antenne_e_clocks/obb_golden_INTC_UART_MMCM/iic_spi_10KHz_ILA/microblaze_0/standalone_domain/bsp/system.mss
ERROR: [Hsi 55-1558] Software Design C:/Users/ilpes/Desktop/Antenne_e_clocks/obb_golden_INTC_UART_MMCM/iic_spi_10KHz_ILA/microblaze_0/standalone_domain/bsp/system.mss is not found

TRACE::2025-07-12.09:04:09::SCWMssOS::Cleared the swdb table entry
TRACE::2025-07-12.09:04:09::SCWMssOS::Adding the swdes entry, mss present, able to open swdb C:/Users/ilpes/Desktop/Antenne_e_clocks/obb_golden_INTC_UART_MMCM/iic_spi_10KHz_ILA/microblaze_0/standalone_domain/bsp/system.mss with des name system
TRACE::2025-07-12.09:04:09::SCWMssOS::Writing the mss file completed C:/Users/ilpes/Desktop/Antenne_e_clocks/obb_golden_INTC_UART_MMCM/iic_spi_10KHz_ILA/microblaze_0/standalone_domain/bsp/system.mss
TRACE::2025-07-12.09:04:09::SCWMssOS::Commit changes completed.
TRACE::2025-07-12.09:04:09::SCWPlatform::Trying to open the hw design at C:/Users/ilpes/Desktop/Antenne_e_clocks/obb_golden_INTC_UART_MMCM/iic_spi_10KHz_ILA/hw/user_35t_withILA.xsa
TRACE::2025-07-12.09:04:09::SCWPlatform::DSA given C:/Users/ilpes/Desktop/Antenne_e_clocks/obb_golden_INTC_UART_MMCM/iic_spi_10KHz_ILA/hw/user_35t_withILA.xsa
TRACE::2025-07-12.09:04:09::SCWPlatform::DSA absoulate path C:/Users/ilpes/Desktop/Antenne_e_clocks/obb_golden_INTC_UART_MMCM/iic_spi_10KHz_ILA/hw/user_35t_withILA.xsa
TRACE::2025-07-12.09:04:09::SCWPlatform::DSA directory C:/Users/ilpes/Desktop/Antenne_e_clocks/obb_golden_INTC_UART_MMCM/iic_spi_10KHz_ILA/hw
TRACE::2025-07-12.09:04:09::SCWPlatform:: Platform Path C:/Users/ilpes/Desktop/Antenne_e_clocks/obb_golden_INTC_UART_MMCM/iic_spi_10KHz_ILA/hw/user_35t_withILA.xsa
TRACE::2025-07-12.09:04:09::SCWPlatform:: Unique name xilinx:cmod_a7-35t::0.0
TRACE::2025-07-12.09:04:09::SCWPlatform::Trying to set the existing hwdb with name user_35t_wrapper_10
TRACE::2025-07-12.09:04:09::SCWPlatform::Opened existing hwdb user_35t_wrapper_10
TRACE::2025-07-12.09:04:09::SCWPlatform::Found the Hw Db part of the input DSA
TRACE::2025-07-12.09:04:09::SCWMssOS::Checking the sw design at  C:/Users/ilpes/Desktop/Antenne_e_clocks/obb_golden_INTC_UART_MMCM/iic_spi_10KHz_ILA/microblaze_0/standalone_domain/bsp/system.mss
TRACE::2025-07-12.09:04:09::SCWMssOS::DEBUG:  swdes dump  C:/Users/ilpes/Desktop/Antenne_e_clocks/obb_golden_INTC_UART_MMCM/iic_spi_10KHz_ILA/microblaze_0/standalone_domain/bsp/system.mss|system||

TRACE::2025-07-12.09:04:09::SCWMssOS::Sw design exists and opened at  C:/Users/ilpes/Desktop/Antenne_e_clocks/obb_golden_INTC_UART_MMCM/iic_spi_10KHz_ILA/microblaze_0/standalone_domain/bsp/system.mss
TRACE::2025-07-12.09:04:09::SCWPlatform::Trying to open the hw design at C:/Users/ilpes/Desktop/Antenne_e_clocks/obb_golden_INTC_UART_MMCM/iic_spi_10KHz_ILA/hw/user_35t_withILA.xsa
TRACE::2025-07-12.09:04:09::SCWPlatform::DSA given C:/Users/ilpes/Desktop/Antenne_e_clocks/obb_golden_INTC_UART_MMCM/iic_spi_10KHz_ILA/hw/user_35t_withILA.xsa
TRACE::2025-07-12.09:04:09::SCWPlatform::DSA absoulate path C:/Users/ilpes/Desktop/Antenne_e_clocks/obb_golden_INTC_UART_MMCM/iic_spi_10KHz_ILA/hw/user_35t_withILA.xsa
TRACE::2025-07-12.09:04:09::SCWPlatform::DSA directory C:/Users/ilpes/Desktop/Antenne_e_clocks/obb_golden_INTC_UART_MMCM/iic_spi_10KHz_ILA/hw
TRACE::2025-07-12.09:04:09::SCWPlatform:: Platform Path C:/Users/ilpes/Desktop/Antenne_e_clocks/obb_golden_INTC_UART_MMCM/iic_spi_10KHz_ILA/hw/user_35t_withILA.xsa
TRACE::2025-07-12.09:04:09::SCWPlatform:: Unique name xilinx:cmod_a7-35t::0.0
TRACE::2025-07-12.09:04:09::SCWPlatform::Trying to set the existing hwdb with name user_35t_wrapper_10
TRACE::2025-07-12.09:04:09::SCWPlatform::Opened existing hwdb user_35t_wrapper_10
TRACE::2025-07-12.09:04:09::SCWPlatform::Found the Hw Db part of the input DSA
TRACE::2025-07-12.09:04:09::SCWMssOS::Checking the sw design at  C:/Users/ilpes/Desktop/Antenne_e_clocks/obb_golden_INTC_UART_MMCM/iic_spi_10KHz_ILA/microblaze_0/standalone_domain/bsp/system.mss
TRACE::2025-07-12.09:04:09::SCWMssOS::DEBUG:  swdes dump  C:/Users/ilpes/Desktop/Antenne_e_clocks/obb_golden_INTC_UART_MMCM/iic_spi_10KHz_ILA/microblaze_0/standalone_domain/bsp/system.mss|system||

TRACE::2025-07-12.09:04:09::SCWMssOS::Sw design exists and opened at  C:/Users/ilpes/Desktop/Antenne_e_clocks/obb_golden_INTC_UART_MMCM/iic_spi_10KHz_ILA/microblaze_0/standalone_domain/bsp/system.mss
TRACE::2025-07-12.09:04:09::SCWPlatform::Trying to open the hw design at C:/Users/ilpes/Desktop/Antenne_e_clocks/obb_golden_INTC_UART_MMCM/iic_spi_10KHz_ILA/hw/user_35t_withILA.xsa
TRACE::2025-07-12.09:04:09::SCWPlatform::DSA given C:/Users/ilpes/Desktop/Antenne_e_clocks/obb_golden_INTC_UART_MMCM/iic_spi_10KHz_ILA/hw/user_35t_withILA.xsa
TRACE::2025-07-12.09:04:09::SCWPlatform::DSA absoulate path C:/Users/ilpes/Desktop/Antenne_e_clocks/obb_golden_INTC_UART_MMCM/iic_spi_10KHz_ILA/hw/user_35t_withILA.xsa
TRACE::2025-07-12.09:04:09::SCWPlatform::DSA directory C:/Users/ilpes/Desktop/Antenne_e_clocks/obb_golden_INTC_UART_MMCM/iic_spi_10KHz_ILA/hw
TRACE::2025-07-12.09:04:09::SCWPlatform:: Platform Path C:/Users/ilpes/Desktop/Antenne_e_clocks/obb_golden_INTC_UART_MMCM/iic_spi_10KHz_ILA/hw/user_35t_withILA.xsa
TRACE::2025-07-12.09:04:09::SCWPlatform:: Unique name xilinx:cmod_a7-35t::0.0
TRACE::2025-07-12.09:04:09::SCWPlatform::Trying to set the existing hwdb with name user_35t_wrapper_10
TRACE::2025-07-12.09:04:09::SCWPlatform::Opened existing hwdb user_35t_wrapper_10
TRACE::2025-07-12.09:04:09::SCWPlatform::Found the Hw Db part of the input DSA
TRACE::2025-07-12.09:04:09::SCWMssOS::Checking the sw design at  C:/Users/ilpes/Desktop/Antenne_e_clocks/obb_golden_INTC_UART_MMCM/iic_spi_10KHz_ILA/microblaze_0/standalone_domain/bsp/system.mss
TRACE::2025-07-12.09:04:09::SCWMssOS::DEBUG:  swdes dump  C:/Users/ilpes/Desktop/Antenne_e_clocks/obb_golden_INTC_UART_MMCM/iic_spi_10KHz_ILA/microblaze_0/standalone_domain/bsp/system.mss|system||

TRACE::2025-07-12.09:04:09::SCWMssOS::Sw design exists and opened at  C:/Users/ilpes/Desktop/Antenne_e_clocks/obb_golden_INTC_UART_MMCM/iic_spi_10KHz_ILA/microblaze_0/standalone_domain/bsp/system.mss
TRACE::2025-07-12.09:04:09::SCWWriter::formatted JSON is {
	"platformName":	"iic_spi_10KHz_ILA",
	"sprVersion":	"2.0",
	"mode":	"gui",
	"dsaType":	"Fixed",
	"platformDesc":	"iic_spi_10KHz_ILA",
	"platHandOff":	"C:/Users/ilpes/Desktop/INSEGNAMENTO/Didattica2023/CMOD_A35t_emc_uart_iic_spi/project_1/user_35t_withILA.xsa",
	"platIntHandOff":	"<platformDir>/hw/user_35t_withILA.xsa",
	"deviceType":	"FPGA",
	"platIsPrebuiltAutogen":	"false",
	"platIsNoBootBsp":	"false",
	"hasFsblMakeHasChanges":	"false",
	"hasPmufwMakeHasChanges":	"false",
	"platPreBuiltFlag":	false,
	"platformSamplesDir":	"",
	"platActiveSys":	"iic_spi_10KHz_ILA",
	"systems":	[{
			"systemName":	"iic_spi_10KHz_ILA",
			"systemDesc":	"iic_spi_10KHz_ILA",
			"sysIsBootAutoGen":	"true",
			"systemDispName":	"iic_spi_10KHz_ILA",
			"sysActiveDom":	"standalone_domain",
			"sysDefaultDom":	"standalone_domain",
			"domains":	[{
					"domainName":	"standalone_domain",
					"domainDispName":	"standalone_domain",
					"domainDesc":	"standalone_domain",
					"processors":	"microblaze_0",
					"os":	"standalone",
					"sdxOs":	"standalone",
					"debugEnable":	"False",
					"domRuntimes":	["cpp"],
					"swRepo":	"",
					"mssOsVer":	"7.3",
					"mssFile":	"",
					"md5Digest":	"4ff912ba097ec0244cd8262b18dcbf48",
					"compatibleApp":	"",
					"domType":	"mssDomain",
					"arch":	"32-bit",
					"appSettings":	{
						"appCompilerFlags":	"",
						"appLinkerFlags":	""
					},
					"addedLibs":	[],
					"libOptions":	{
						"libsContainingOptions":	[]
					},
					"prebuiltLibs":	{
						"prebuiltIncPath":	[],
						"prebuiltLibPath":	[]
					},
					"isolation":	{
					}
				}]
		}]
}
LOG::2025-07-12.09:04:09::SCWPlatform::Started generating the artifacts platform iic_spi_10KHz_ILA
TRACE::2025-07-12.09:04:09::SCWPlatform::Sanity checking of platform is completed
LOG::2025-07-12.09:04:09::SCWPlatform::Started generating the artifacts for system configuration iic_spi_10KHz_ILA
LOG::2025-07-12.09:04:09::SCWSystem::Checking the domain standalone_domain
LOG::2025-07-12.09:04:09::SCWSystem::Not a boot domain 
LOG::2025-07-12.09:04:09::SCWSystem::Started Processing the domain standalone_domain
TRACE::2025-07-12.09:04:09::SCWDomain::Generating domain artifcats
TRACE::2025-07-12.09:04:09::SCWMssOS::Generating standalone artifcats
TRACE::2025-07-12.09:04:09::SCWMssOS:: Copying the user libraries. 
TRACE::2025-07-12.09:04:09::SCWPlatform::Trying to open the hw design at C:/Users/ilpes/Desktop/Antenne_e_clocks/obb_golden_INTC_UART_MMCM/iic_spi_10KHz_ILA/hw/user_35t_withILA.xsa
TRACE::2025-07-12.09:04:09::SCWPlatform::DSA given C:/Users/ilpes/Desktop/Antenne_e_clocks/obb_golden_INTC_UART_MMCM/iic_spi_10KHz_ILA/hw/user_35t_withILA.xsa
TRACE::2025-07-12.09:04:09::SCWPlatform::DSA absoulate path C:/Users/ilpes/Desktop/Antenne_e_clocks/obb_golden_INTC_UART_MMCM/iic_spi_10KHz_ILA/hw/user_35t_withILA.xsa
TRACE::2025-07-12.09:04:09::SCWPlatform::DSA directory C:/Users/ilpes/Desktop/Antenne_e_clocks/obb_golden_INTC_UART_MMCM/iic_spi_10KHz_ILA/hw
TRACE::2025-07-12.09:04:09::SCWPlatform:: Platform Path C:/Users/ilpes/Desktop/Antenne_e_clocks/obb_golden_INTC_UART_MMCM/iic_spi_10KHz_ILA/hw/user_35t_withILA.xsa
TRACE::2025-07-12.09:04:09::SCWPlatform:: Unique name xilinx:cmod_a7-35t::0.0
TRACE::2025-07-12.09:04:09::SCWPlatform::Trying to set the existing hwdb with name user_35t_wrapper_10
TRACE::2025-07-12.09:04:09::SCWPlatform::Opened existing hwdb user_35t_wrapper_10
TRACE::2025-07-12.09:04:09::SCWPlatform::Found the Hw Db part of the input DSA
TRACE::2025-07-12.09:04:09::SCWMssOS::Checking the sw design at  C:/Users/ilpes/Desktop/Antenne_e_clocks/obb_golden_INTC_UART_MMCM/iic_spi_10KHz_ILA/microblaze_0/standalone_domain/bsp/system.mss
TRACE::2025-07-12.09:04:09::SCWMssOS::DEBUG:  swdes dump  C:/Users/ilpes/Desktop/Antenne_e_clocks/obb_golden_INTC_UART_MMCM/iic_spi_10KHz_ILA/microblaze_0/standalone_domain/bsp/system.mss|system||

TRACE::2025-07-12.09:04:09::SCWMssOS::Sw design exists and opened at  C:/Users/ilpes/Desktop/Antenne_e_clocks/obb_golden_INTC_UART_MMCM/iic_spi_10KHz_ILA/microblaze_0/standalone_domain/bsp/system.mss
TRACE::2025-07-12.09:04:09::SCWMssOS::Completed writing the mss file at C:/Users/ilpes/Desktop/Antenne_e_clocks/obb_golden_INTC_UART_MMCM/iic_spi_10KHz_ILA/microblaze_0/standalone_domain/bsp
TRACE::2025-07-12.09:04:09::SCWMssOS::Mss edits present, copying mssfile into export location C:/Users/ilpes/Desktop/Antenne_e_clocks/obb_golden_INTC_UART_MMCM/iic_spi_10KHz_ILA/microblaze_0/standalone_domain/bsp/system.mss
TRACE::2025-07-12.09:04:09::SCWMssOS::bsp generated is upto date with the mss file. Skipping bsp generation.
TRACE::2025-07-12.09:04:09::SCWMssOS::BSP is already built. skipping the bsp build ... 
TRACE::2025-07-12.09:04:09::SCWDomain::Skipping the build for domain :  standalone_domain
TRACE::2025-07-12.09:04:09::SCWMssOS::skipping the bsp build ... 
TRACE::2025-07-12.09:04:09::SCWMssOS::Copying to export directory.
TRACE::2025-07-12.09:04:09::SCWMssOS:: Checking if to create the Supporting Applications
TRACE::2025-07-12.09:04:09::SCWMssOS:: No Linux domain exists, trying to generate FSBL 
LOG::2025-07-12.09:04:09::SCWSystem::Completed Processing the domain standalone_domain
LOG::2025-07-12.09:04:09::SCWSystem::Completed Processing the sysconfig iic_spi_10KHz_ILA
LOG::2025-07-12.09:04:09::SCWPlatform::Completed generating the artifacts for system configuration iic_spi_10KHz_ILA
TRACE::2025-07-12.09:04:09::SCWPlatform::Started preparing the platform 
TRACE::2025-07-12.09:04:09::SCWSystem::Writing the bif file for system config iic_spi_10KHz_ILA
TRACE::2025-07-12.09:04:09::SCWSystem::dir created 
TRACE::2025-07-12.09:04:09::SCWSystem::Writing the bif 
TRACE::2025-07-12.09:04:09::SCWPlatform::Started writing the spfm file 
TRACE::2025-07-12.09:04:09::SCWPlatform::Started writing the xpfm file 
TRACE::2025-07-12.09:04:09::SCWPlatform::Completed generating the platform
TRACE::2025-07-12.09:04:09::SCWMssOS::Saving the mss changes C:/Users/ilpes/Desktop/Antenne_e_clocks/obb_golden_INTC_UART_MMCM/iic_spi_10KHz_ILA/microblaze_0/standalone_domain/bsp/system.mss
TRACE::2025-07-12.09:04:09::SCWMssOS::Found a swdesign opened with the mssfile.
TRACE::2025-07-12.09:04:09::SCWMssOS::Completed writemss as part of save.
TRACE::2025-07-12.09:04:09::SCWMssOS::Commit changes completed.
TRACE::2025-07-12.09:04:09::SCWPlatform::Trying to open the hw design at C:/Users/ilpes/Desktop/Antenne_e_clocks/obb_golden_INTC_UART_MMCM/iic_spi_10KHz_ILA/hw/user_35t_withILA.xsa
TRACE::2025-07-12.09:04:09::SCWPlatform::DSA given C:/Users/ilpes/Desktop/Antenne_e_clocks/obb_golden_INTC_UART_MMCM/iic_spi_10KHz_ILA/hw/user_35t_withILA.xsa
TRACE::2025-07-12.09:04:09::SCWPlatform::DSA absoulate path C:/Users/ilpes/Desktop/Antenne_e_clocks/obb_golden_INTC_UART_MMCM/iic_spi_10KHz_ILA/hw/user_35t_withILA.xsa
TRACE::2025-07-12.09:04:09::SCWPlatform::DSA directory C:/Users/ilpes/Desktop/Antenne_e_clocks/obb_golden_INTC_UART_MMCM/iic_spi_10KHz_ILA/hw
TRACE::2025-07-12.09:04:09::SCWPlatform:: Platform Path C:/Users/ilpes/Desktop/Antenne_e_clocks/obb_golden_INTC_UART_MMCM/iic_spi_10KHz_ILA/hw/user_35t_withILA.xsa
TRACE::2025-07-12.09:04:09::SCWPlatform:: Unique name xilinx:cmod_a7-35t::0.0
TRACE::2025-07-12.09:04:09::SCWPlatform::Trying to set the existing hwdb with name user_35t_wrapper_10
TRACE::2025-07-12.09:04:09::SCWPlatform::Opened existing hwdb user_35t_wrapper_10
TRACE::2025-07-12.09:04:09::SCWPlatform::Found the Hw Db part of the input DSA
TRACE::2025-07-12.09:04:09::SCWMssOS::Checking the sw design at  C:/Users/ilpes/Desktop/Antenne_e_clocks/obb_golden_INTC_UART_MMCM/iic_spi_10KHz_ILA/microblaze_0/standalone_domain/bsp/system.mss
TRACE::2025-07-12.09:04:09::SCWMssOS::DEBUG:  swdes dump  C:/Users/ilpes/Desktop/Antenne_e_clocks/obb_golden_INTC_UART_MMCM/iic_spi_10KHz_ILA/microblaze_0/standalone_domain/bsp/system.mss|system||

TRACE::2025-07-12.09:04:09::SCWMssOS::Sw design exists and opened at  C:/Users/ilpes/Desktop/Antenne_e_clocks/obb_golden_INTC_UART_MMCM/iic_spi_10KHz_ILA/microblaze_0/standalone_domain/bsp/system.mss
TRACE::2025-07-12.09:04:09::SCWPlatform::Trying to open the hw design at C:/Users/ilpes/Desktop/Antenne_e_clocks/obb_golden_INTC_UART_MMCM/iic_spi_10KHz_ILA/hw/user_35t_withILA.xsa
TRACE::2025-07-12.09:04:09::SCWPlatform::DSA given C:/Users/ilpes/Desktop/Antenne_e_clocks/obb_golden_INTC_UART_MMCM/iic_spi_10KHz_ILA/hw/user_35t_withILA.xsa
TRACE::2025-07-12.09:04:09::SCWPlatform::DSA absoulate path C:/Users/ilpes/Desktop/Antenne_e_clocks/obb_golden_INTC_UART_MMCM/iic_spi_10KHz_ILA/hw/user_35t_withILA.xsa
TRACE::2025-07-12.09:04:09::SCWPlatform::DSA directory C:/Users/ilpes/Desktop/Antenne_e_clocks/obb_golden_INTC_UART_MMCM/iic_spi_10KHz_ILA/hw
TRACE::2025-07-12.09:04:09::SCWPlatform:: Platform Path C:/Users/ilpes/Desktop/Antenne_e_clocks/obb_golden_INTC_UART_MMCM/iic_spi_10KHz_ILA/hw/user_35t_withILA.xsa
TRACE::2025-07-12.09:04:09::SCWPlatform:: Unique name xilinx:cmod_a7-35t::0.0
TRACE::2025-07-12.09:04:09::SCWPlatform::Trying to set the existing hwdb with name user_35t_wrapper_10
TRACE::2025-07-12.09:04:09::SCWPlatform::Opened existing hwdb user_35t_wrapper_10
TRACE::2025-07-12.09:04:09::SCWPlatform::Found the Hw Db part of the input DSA
TRACE::2025-07-12.09:04:09::SCWMssOS::Checking the sw design at  C:/Users/ilpes/Desktop/Antenne_e_clocks/obb_golden_INTC_UART_MMCM/iic_spi_10KHz_ILA/microblaze_0/standalone_domain/bsp/system.mss
TRACE::2025-07-12.09:04:09::SCWMssOS::DEBUG:  swdes dump  C:/Users/ilpes/Desktop/Antenne_e_clocks/obb_golden_INTC_UART_MMCM/iic_spi_10KHz_ILA/microblaze_0/standalone_domain/bsp/system.mss|system||

TRACE::2025-07-12.09:04:09::SCWMssOS::Sw design exists and opened at  C:/Users/ilpes/Desktop/Antenne_e_clocks/obb_golden_INTC_UART_MMCM/iic_spi_10KHz_ILA/microblaze_0/standalone_domain/bsp/system.mss
TRACE::2025-07-12.09:04:09::SCWPlatform::Trying to open the hw design at C:/Users/ilpes/Desktop/Antenne_e_clocks/obb_golden_INTC_UART_MMCM/iic_spi_10KHz_ILA/hw/user_35t_withILA.xsa
TRACE::2025-07-12.09:04:09::SCWPlatform::DSA given C:/Users/ilpes/Desktop/Antenne_e_clocks/obb_golden_INTC_UART_MMCM/iic_spi_10KHz_ILA/hw/user_35t_withILA.xsa
TRACE::2025-07-12.09:04:09::SCWPlatform::DSA absoulate path C:/Users/ilpes/Desktop/Antenne_e_clocks/obb_golden_INTC_UART_MMCM/iic_spi_10KHz_ILA/hw/user_35t_withILA.xsa
TRACE::2025-07-12.09:04:09::SCWPlatform::DSA directory C:/Users/ilpes/Desktop/Antenne_e_clocks/obb_golden_INTC_UART_MMCM/iic_spi_10KHz_ILA/hw
TRACE::2025-07-12.09:04:09::SCWPlatform:: Platform Path C:/Users/ilpes/Desktop/Antenne_e_clocks/obb_golden_INTC_UART_MMCM/iic_spi_10KHz_ILA/hw/user_35t_withILA.xsa
TRACE::2025-07-12.09:04:09::SCWPlatform:: Unique name xilinx:cmod_a7-35t::0.0
TRACE::2025-07-12.09:04:09::SCWPlatform::Trying to set the existing hwdb with name user_35t_wrapper_10
TRACE::2025-07-12.09:04:09::SCWPlatform::Opened existing hwdb user_35t_wrapper_10
TRACE::2025-07-12.09:04:09::SCWPlatform::Found the Hw Db part of the input DSA
TRACE::2025-07-12.09:04:09::SCWMssOS::Checking the sw design at  C:/Users/ilpes/Desktop/Antenne_e_clocks/obb_golden_INTC_UART_MMCM/iic_spi_10KHz_ILA/microblaze_0/standalone_domain/bsp/system.mss
TRACE::2025-07-12.09:04:09::SCWMssOS::DEBUG:  swdes dump  C:/Users/ilpes/Desktop/Antenne_e_clocks/obb_golden_INTC_UART_MMCM/iic_spi_10KHz_ILA/microblaze_0/standalone_domain/bsp/system.mss|system||

TRACE::2025-07-12.09:04:09::SCWMssOS::Sw design exists and opened at  C:/Users/ilpes/Desktop/Antenne_e_clocks/obb_golden_INTC_UART_MMCM/iic_spi_10KHz_ILA/microblaze_0/standalone_domain/bsp/system.mss
TRACE::2025-07-12.09:04:09::SCWWriter::formatted JSON is {
	"platformName":	"iic_spi_10KHz_ILA",
	"sprVersion":	"2.0",
	"mode":	"gui",
	"dsaType":	"Fixed",
	"platformDesc":	"iic_spi_10KHz_ILA",
	"platHandOff":	"C:/Users/ilpes/Desktop/INSEGNAMENTO/Didattica2023/CMOD_A35t_emc_uart_iic_spi/project_1/user_35t_withILA.xsa",
	"platIntHandOff":	"<platformDir>/hw/user_35t_withILA.xsa",
	"deviceType":	"FPGA",
	"platIsPrebuiltAutogen":	"false",
	"platIsNoBootBsp":	"false",
	"hasFsblMakeHasChanges":	"false",
	"hasPmufwMakeHasChanges":	"false",
	"platPreBuiltFlag":	false,
	"platformSamplesDir":	"",
	"platActiveSys":	"iic_spi_10KHz_ILA",
	"systems":	[{
			"systemName":	"iic_spi_10KHz_ILA",
			"systemDesc":	"iic_spi_10KHz_ILA",
			"sysIsBootAutoGen":	"true",
			"systemDispName":	"iic_spi_10KHz_ILA",
			"sysActiveDom":	"standalone_domain",
			"sysDefaultDom":	"standalone_domain",
			"domains":	[{
					"domainName":	"standalone_domain",
					"domainDispName":	"standalone_domain",
					"domainDesc":	"standalone_domain",
					"processors":	"microblaze_0",
					"os":	"standalone",
					"sdxOs":	"standalone",
					"debugEnable":	"False",
					"domRuntimes":	["cpp"],
					"swRepo":	"",
					"mssOsVer":	"7.3",
					"mssFile":	"",
					"md5Digest":	"4ff912ba097ec0244cd8262b18dcbf48",
					"compatibleApp":	"",
					"domType":	"mssDomain",
					"arch":	"32-bit",
					"appSettings":	{
						"appCompilerFlags":	"",
						"appLinkerFlags":	""
					},
					"addedLibs":	[],
					"libOptions":	{
						"libsContainingOptions":	[]
					},
					"prebuiltLibs":	{
						"prebuiltIncPath":	[],
						"prebuiltLibPath":	[]
					},
					"isolation":	{
					}
				}]
		}]
}
KEYINFO::2025-07-12.09:04:09::SCWPlatform::updated the xpfm file.
TRACE::2025-07-12.09:04:09::SCWPlatform::Trying to open the hw design at C:/Users/ilpes/Desktop/Antenne_e_clocks/obb_golden_INTC_UART_MMCM/iic_spi_10KHz_ILA/hw/user_35t_withILA.xsa
TRACE::2025-07-12.09:04:09::SCWPlatform::DSA given C:/Users/ilpes/Desktop/Antenne_e_clocks/obb_golden_INTC_UART_MMCM/iic_spi_10KHz_ILA/hw/user_35t_withILA.xsa
TRACE::2025-07-12.09:04:09::SCWPlatform::DSA absoulate path C:/Users/ilpes/Desktop/Antenne_e_clocks/obb_golden_INTC_UART_MMCM/iic_spi_10KHz_ILA/hw/user_35t_withILA.xsa
TRACE::2025-07-12.09:04:09::SCWPlatform::DSA directory C:/Users/ilpes/Desktop/Antenne_e_clocks/obb_golden_INTC_UART_MMCM/iic_spi_10KHz_ILA/hw
TRACE::2025-07-12.09:04:09::SCWPlatform:: Platform Path C:/Users/ilpes/Desktop/Antenne_e_clocks/obb_golden_INTC_UART_MMCM/iic_spi_10KHz_ILA/hw/user_35t_withILA.xsa
TRACE::2025-07-12.09:04:09::SCWPlatform:: Unique name xilinx:cmod_a7-35t::0.0
TRACE::2025-07-12.09:04:09::SCWPlatform::Trying to set the existing hwdb with name user_35t_wrapper_10
TRACE::2025-07-12.09:04:09::SCWPlatform::Opened existing hwdb user_35t_wrapper_10
TRACE::2025-07-12.09:04:09::SCWPlatform::Found the Hw Db part of the input DSA
TRACE::2025-07-12.09:04:09::SCWMssOS::Checking the sw design at  C:/Users/ilpes/Desktop/Antenne_e_clocks/obb_golden_INTC_UART_MMCM/iic_spi_10KHz_ILA/microblaze_0/standalone_domain/bsp/system.mss
TRACE::2025-07-12.09:04:09::SCWMssOS::DEBUG:  swdes dump  C:/Users/ilpes/Desktop/Antenne_e_clocks/obb_golden_INTC_UART_MMCM/iic_spi_10KHz_ILA/microblaze_0/standalone_domain/bsp/system.mss|system||

TRACE::2025-07-12.09:04:09::SCWMssOS::Sw design exists and opened at  C:/Users/ilpes/Desktop/Antenne_e_clocks/obb_golden_INTC_UART_MMCM/iic_spi_10KHz_ILA/microblaze_0/standalone_domain/bsp/system.mss
TRACE::2025-07-12.09:04:09::SCWMssOS::Saving the mss changes C:/Users/ilpes/Desktop/Antenne_e_clocks/obb_golden_INTC_UART_MMCM/iic_spi_10KHz_ILA/microblaze_0/standalone_domain/bsp/system.mss
TRACE::2025-07-12.09:04:09::SCWMssOS::Found a swdesign opened with the mssfile.
TRACE::2025-07-12.09:04:09::SCWMssOS::Completed writemss as part of save.
TRACE::2025-07-12.09:04:09::SCWMssOS::Commit changes completed.
TRACE::2025-07-12.09:04:09::SCWPlatform::Trying to open the hw design at C:/Users/ilpes/Desktop/Antenne_e_clocks/obb_golden_INTC_UART_MMCM/iic_spi_10KHz_ILA/hw/user_35t_withILA.xsa
TRACE::2025-07-12.09:04:09::SCWPlatform::DSA given C:/Users/ilpes/Desktop/Antenne_e_clocks/obb_golden_INTC_UART_MMCM/iic_spi_10KHz_ILA/hw/user_35t_withILA.xsa
TRACE::2025-07-12.09:04:09::SCWPlatform::DSA absoulate path C:/Users/ilpes/Desktop/Antenne_e_clocks/obb_golden_INTC_UART_MMCM/iic_spi_10KHz_ILA/hw/user_35t_withILA.xsa
TRACE::2025-07-12.09:04:09::SCWPlatform::DSA directory C:/Users/ilpes/Desktop/Antenne_e_clocks/obb_golden_INTC_UART_MMCM/iic_spi_10KHz_ILA/hw
TRACE::2025-07-12.09:04:09::SCWPlatform:: Platform Path C:/Users/ilpes/Desktop/Antenne_e_clocks/obb_golden_INTC_UART_MMCM/iic_spi_10KHz_ILA/hw/user_35t_withILA.xsa
TRACE::2025-07-12.09:04:09::SCWPlatform:: Unique name xilinx:cmod_a7-35t::0.0
TRACE::2025-07-12.09:04:09::SCWPlatform::Trying to set the existing hwdb with name user_35t_wrapper_10
TRACE::2025-07-12.09:04:09::SCWPlatform::Opened existing hwdb user_35t_wrapper_10
TRACE::2025-07-12.09:04:09::SCWPlatform::Found the Hw Db part of the input DSA
TRACE::2025-07-12.09:04:09::SCWMssOS::Checking the sw design at  C:/Users/ilpes/Desktop/Antenne_e_clocks/obb_golden_INTC_UART_MMCM/iic_spi_10KHz_ILA/microblaze_0/standalone_domain/bsp/system.mss
TRACE::2025-07-12.09:04:09::SCWMssOS::DEBUG:  swdes dump  C:/Users/ilpes/Desktop/Antenne_e_clocks/obb_golden_INTC_UART_MMCM/iic_spi_10KHz_ILA/microblaze_0/standalone_domain/bsp/system.mss|system||

TRACE::2025-07-12.09:04:09::SCWMssOS::Sw design exists and opened at  C:/Users/ilpes/Desktop/Antenne_e_clocks/obb_golden_INTC_UART_MMCM/iic_spi_10KHz_ILA/microblaze_0/standalone_domain/bsp/system.mss
TRACE::2025-07-12.09:04:09::SCWPlatform::Trying to open the hw design at C:/Users/ilpes/Desktop/Antenne_e_clocks/obb_golden_INTC_UART_MMCM/iic_spi_10KHz_ILA/hw/user_35t_withILA.xsa
TRACE::2025-07-12.09:04:09::SCWPlatform::DSA given C:/Users/ilpes/Desktop/Antenne_e_clocks/obb_golden_INTC_UART_MMCM/iic_spi_10KHz_ILA/hw/user_35t_withILA.xsa
TRACE::2025-07-12.09:04:09::SCWPlatform::DSA absoulate path C:/Users/ilpes/Desktop/Antenne_e_clocks/obb_golden_INTC_UART_MMCM/iic_spi_10KHz_ILA/hw/user_35t_withILA.xsa
TRACE::2025-07-12.09:04:09::SCWPlatform::DSA directory C:/Users/ilpes/Desktop/Antenne_e_clocks/obb_golden_INTC_UART_MMCM/iic_spi_10KHz_ILA/hw
TRACE::2025-07-12.09:04:09::SCWPlatform:: Platform Path C:/Users/ilpes/Desktop/Antenne_e_clocks/obb_golden_INTC_UART_MMCM/iic_spi_10KHz_ILA/hw/user_35t_withILA.xsa
TRACE::2025-07-12.09:04:09::SCWPlatform:: Unique name xilinx:cmod_a7-35t::0.0
TRACE::2025-07-12.09:04:09::SCWPlatform::Trying to set the existing hwdb with name user_35t_wrapper_10
TRACE::2025-07-12.09:04:09::SCWPlatform::Opened existing hwdb user_35t_wrapper_10
TRACE::2025-07-12.09:04:09::SCWPlatform::Found the Hw Db part of the input DSA
TRACE::2025-07-12.09:04:09::SCWMssOS::Checking the sw design at  C:/Users/ilpes/Desktop/Antenne_e_clocks/obb_golden_INTC_UART_MMCM/iic_spi_10KHz_ILA/microblaze_0/standalone_domain/bsp/system.mss
TRACE::2025-07-12.09:04:09::SCWMssOS::DEBUG:  swdes dump  C:/Users/ilpes/Desktop/Antenne_e_clocks/obb_golden_INTC_UART_MMCM/iic_spi_10KHz_ILA/microblaze_0/standalone_domain/bsp/system.mss|system||

TRACE::2025-07-12.09:04:09::SCWMssOS::Sw design exists and opened at  C:/Users/ilpes/Desktop/Antenne_e_clocks/obb_golden_INTC_UART_MMCM/iic_spi_10KHz_ILA/microblaze_0/standalone_domain/bsp/system.mss
TRACE::2025-07-12.09:04:09::SCWPlatform::Trying to open the hw design at C:/Users/ilpes/Desktop/Antenne_e_clocks/obb_golden_INTC_UART_MMCM/iic_spi_10KHz_ILA/hw/user_35t_withILA.xsa
TRACE::2025-07-12.09:04:09::SCWPlatform::DSA given C:/Users/ilpes/Desktop/Antenne_e_clocks/obb_golden_INTC_UART_MMCM/iic_spi_10KHz_ILA/hw/user_35t_withILA.xsa
TRACE::2025-07-12.09:04:09::SCWPlatform::DSA absoulate path C:/Users/ilpes/Desktop/Antenne_e_clocks/obb_golden_INTC_UART_MMCM/iic_spi_10KHz_ILA/hw/user_35t_withILA.xsa
TRACE::2025-07-12.09:04:09::SCWPlatform::DSA directory C:/Users/ilpes/Desktop/Antenne_e_clocks/obb_golden_INTC_UART_MMCM/iic_spi_10KHz_ILA/hw
TRACE::2025-07-12.09:04:09::SCWPlatform:: Platform Path C:/Users/ilpes/Desktop/Antenne_e_clocks/obb_golden_INTC_UART_MMCM/iic_spi_10KHz_ILA/hw/user_35t_withILA.xsa
TRACE::2025-07-12.09:04:09::SCWPlatform:: Unique name xilinx:cmod_a7-35t::0.0
TRACE::2025-07-12.09:04:09::SCWPlatform::Trying to set the existing hwdb with name user_35t_wrapper_10
TRACE::2025-07-12.09:04:09::SCWPlatform::Opened existing hwdb user_35t_wrapper_10
TRACE::2025-07-12.09:04:09::SCWPlatform::Found the Hw Db part of the input DSA
TRACE::2025-07-12.09:04:09::SCWMssOS::Checking the sw design at  C:/Users/ilpes/Desktop/Antenne_e_clocks/obb_golden_INTC_UART_MMCM/iic_spi_10KHz_ILA/microblaze_0/standalone_domain/bsp/system.mss
TRACE::2025-07-12.09:04:09::SCWMssOS::DEBUG:  swdes dump  C:/Users/ilpes/Desktop/Antenne_e_clocks/obb_golden_INTC_UART_MMCM/iic_spi_10KHz_ILA/microblaze_0/standalone_domain/bsp/system.mss|system||

TRACE::2025-07-12.09:04:09::SCWMssOS::Sw design exists and opened at  C:/Users/ilpes/Desktop/Antenne_e_clocks/obb_golden_INTC_UART_MMCM/iic_spi_10KHz_ILA/microblaze_0/standalone_domain/bsp/system.mss
TRACE::2025-07-12.09:04:09::SCWWriter::formatted JSON is {
	"platformName":	"iic_spi_10KHz_ILA",
	"sprVersion":	"2.0",
	"mode":	"gui",
	"dsaType":	"Fixed",
	"platformDesc":	"iic_spi_10KHz_ILA",
	"platHandOff":	"C:/Users/ilpes/Desktop/INSEGNAMENTO/Didattica2023/CMOD_A35t_emc_uart_iic_spi/project_1/user_35t_withILA.xsa",
	"platIntHandOff":	"<platformDir>/hw/user_35t_withILA.xsa",
	"deviceType":	"FPGA",
	"platIsPrebuiltAutogen":	"false",
	"platIsNoBootBsp":	"false",
	"hasFsblMakeHasChanges":	"false",
	"hasPmufwMakeHasChanges":	"false",
	"platPreBuiltFlag":	false,
	"platformSamplesDir":	"",
	"platActiveSys":	"iic_spi_10KHz_ILA",
	"systems":	[{
			"systemName":	"iic_spi_10KHz_ILA",
			"systemDesc":	"iic_spi_10KHz_ILA",
			"sysIsBootAutoGen":	"true",
			"systemDispName":	"iic_spi_10KHz_ILA",
			"sysActiveDom":	"standalone_domain",
			"sysDefaultDom":	"standalone_domain",
			"domains":	[{
					"domainName":	"standalone_domain",
					"domainDispName":	"standalone_domain",
					"domainDesc":	"standalone_domain",
					"processors":	"microblaze_0",
					"os":	"standalone",
					"sdxOs":	"standalone",
					"debugEnable":	"False",
					"domRuntimes":	["cpp"],
					"swRepo":	"",
					"mssOsVer":	"7.3",
					"mssFile":	"",
					"md5Digest":	"4ff912ba097ec0244cd8262b18dcbf48",
					"compatibleApp":	"",
					"domType":	"mssDomain",
					"arch":	"32-bit",
					"appSettings":	{
						"appCompilerFlags":	"",
						"appLinkerFlags":	""
					},
					"addedLibs":	[],
					"libOptions":	{
						"libsContainingOptions":	[]
					},
					"prebuiltLibs":	{
						"prebuiltIncPath":	[],
						"prebuiltLibPath":	[]
					},
					"isolation":	{
					}
				}]
		}]
}
TRACE::2025-07-12.09:04:09::SCWPlatform::Trying to open the hw design at C:/Users/ilpes/Desktop/Antenne_e_clocks/obb_golden_INTC_UART_MMCM/iic_spi_10KHz_ILA/hw/user_35t_withILA.xsa
TRACE::2025-07-12.09:04:09::SCWPlatform::DSA given C:/Users/ilpes/Desktop/Antenne_e_clocks/obb_golden_INTC_UART_MMCM/iic_spi_10KHz_ILA/hw/user_35t_withILA.xsa
TRACE::2025-07-12.09:04:09::SCWPlatform::DSA absoulate path C:/Users/ilpes/Desktop/Antenne_e_clocks/obb_golden_INTC_UART_MMCM/iic_spi_10KHz_ILA/hw/user_35t_withILA.xsa
TRACE::2025-07-12.09:04:09::SCWPlatform::DSA directory C:/Users/ilpes/Desktop/Antenne_e_clocks/obb_golden_INTC_UART_MMCM/iic_spi_10KHz_ILA/hw
TRACE::2025-07-12.09:04:09::SCWPlatform:: Platform Path C:/Users/ilpes/Desktop/Antenne_e_clocks/obb_golden_INTC_UART_MMCM/iic_spi_10KHz_ILA/hw/user_35t_withILA.xsa
TRACE::2025-07-12.09:04:09::SCWPlatform:: Unique name xilinx:cmod_a7-35t::0.0
TRACE::2025-07-12.09:04:09::SCWPlatform::Trying to set the existing hwdb with name user_35t_wrapper_10
TRACE::2025-07-12.09:04:09::SCWPlatform::Opened existing hwdb user_35t_wrapper_10
TRACE::2025-07-12.09:04:09::SCWPlatform::Found the Hw Db part of the input DSA
TRACE::2025-07-12.09:04:09::SCWMssOS::Checking the sw design at  C:/Users/ilpes/Desktop/Antenne_e_clocks/obb_golden_INTC_UART_MMCM/iic_spi_10KHz_ILA/microblaze_0/standalone_domain/bsp/system.mss
TRACE::2025-07-12.09:04:09::SCWMssOS::DEBUG:  swdes dump  C:/Users/ilpes/Desktop/Antenne_e_clocks/obb_golden_INTC_UART_MMCM/iic_spi_10KHz_ILA/microblaze_0/standalone_domain/bsp/system.mss|system||

TRACE::2025-07-12.09:04:09::SCWMssOS::Sw design exists and opened at  C:/Users/ilpes/Desktop/Antenne_e_clocks/obb_golden_INTC_UART_MMCM/iic_spi_10KHz_ILA/microblaze_0/standalone_domain/bsp/system.mss
TRACE::2025-07-12.09:04:09::SCWPlatform::Trying to open the hw design at C:/Users/ilpes/Desktop/Antenne_e_clocks/obb_golden_INTC_UART_MMCM/iic_spi_10KHz_ILA/hw/user_35t_withILA.xsa
TRACE::2025-07-12.09:04:09::SCWPlatform::DSA given C:/Users/ilpes/Desktop/Antenne_e_clocks/obb_golden_INTC_UART_MMCM/iic_spi_10KHz_ILA/hw/user_35t_withILA.xsa
TRACE::2025-07-12.09:04:09::SCWPlatform::DSA absoulate path C:/Users/ilpes/Desktop/Antenne_e_clocks/obb_golden_INTC_UART_MMCM/iic_spi_10KHz_ILA/hw/user_35t_withILA.xsa
TRACE::2025-07-12.09:04:09::SCWPlatform::DSA directory C:/Users/ilpes/Desktop/Antenne_e_clocks/obb_golden_INTC_UART_MMCM/iic_spi_10KHz_ILA/hw
TRACE::2025-07-12.09:04:09::SCWPlatform:: Platform Path C:/Users/ilpes/Desktop/Antenne_e_clocks/obb_golden_INTC_UART_MMCM/iic_spi_10KHz_ILA/hw/user_35t_withILA.xsa
TRACE::2025-07-12.09:04:09::SCWPlatform:: Unique name xilinx:cmod_a7-35t::0.0
TRACE::2025-07-12.09:04:09::SCWPlatform::Trying to set the existing hwdb with name user_35t_wrapper_10
TRACE::2025-07-12.09:04:09::SCWPlatform::Opened existing hwdb user_35t_wrapper_10
TRACE::2025-07-12.09:04:09::SCWPlatform::Found the Hw Db part of the input DSA
TRACE::2025-07-12.09:04:09::SCWMssOS::Checking the sw design at  C:/Users/ilpes/Desktop/Antenne_e_clocks/obb_golden_INTC_UART_MMCM/iic_spi_10KHz_ILA/microblaze_0/standalone_domain/bsp/system.mss
TRACE::2025-07-12.09:04:09::SCWMssOS::DEBUG:  swdes dump  C:/Users/ilpes/Desktop/Antenne_e_clocks/obb_golden_INTC_UART_MMCM/iic_spi_10KHz_ILA/microblaze_0/standalone_domain/bsp/system.mss|system||

TRACE::2025-07-12.09:04:09::SCWMssOS::Sw design exists and opened at  C:/Users/ilpes/Desktop/Antenne_e_clocks/obb_golden_INTC_UART_MMCM/iic_spi_10KHz_ILA/microblaze_0/standalone_domain/bsp/system.mss
TRACE::2025-07-12.09:04:09::SCWPlatform::Trying to open the hw design at C:/Users/ilpes/Desktop/Antenne_e_clocks/obb_golden_INTC_UART_MMCM/iic_spi_10KHz_ILA/hw/user_35t_withILA.xsa
TRACE::2025-07-12.09:04:09::SCWPlatform::DSA given C:/Users/ilpes/Desktop/Antenne_e_clocks/obb_golden_INTC_UART_MMCM/iic_spi_10KHz_ILA/hw/user_35t_withILA.xsa
TRACE::2025-07-12.09:04:09::SCWPlatform::DSA absoulate path C:/Users/ilpes/Desktop/Antenne_e_clocks/obb_golden_INTC_UART_MMCM/iic_spi_10KHz_ILA/hw/user_35t_withILA.xsa
TRACE::2025-07-12.09:04:09::SCWPlatform::DSA directory C:/Users/ilpes/Desktop/Antenne_e_clocks/obb_golden_INTC_UART_MMCM/iic_spi_10KHz_ILA/hw
TRACE::2025-07-12.09:04:09::SCWPlatform:: Platform Path C:/Users/ilpes/Desktop/Antenne_e_clocks/obb_golden_INTC_UART_MMCM/iic_spi_10KHz_ILA/hw/user_35t_withILA.xsa
TRACE::2025-07-12.09:04:09::SCWPlatform:: Unique name xilinx:cmod_a7-35t::0.0
TRACE::2025-07-12.09:04:09::SCWPlatform::Trying to set the existing hwdb with name user_35t_wrapper_10
TRACE::2025-07-12.09:04:09::SCWPlatform::Opened existing hwdb user_35t_wrapper_10
TRACE::2025-07-12.09:04:09::SCWPlatform::Found the Hw Db part of the input DSA
TRACE::2025-07-12.09:04:09::SCWMssOS::Checking the sw design at  C:/Users/ilpes/Desktop/Antenne_e_clocks/obb_golden_INTC_UART_MMCM/iic_spi_10KHz_ILA/microblaze_0/standalone_domain/bsp/system.mss
TRACE::2025-07-12.09:04:09::SCWMssOS::DEBUG:  swdes dump  C:/Users/ilpes/Desktop/Antenne_e_clocks/obb_golden_INTC_UART_MMCM/iic_spi_10KHz_ILA/microblaze_0/standalone_domain/bsp/system.mss|system||

TRACE::2025-07-12.09:04:09::SCWMssOS::Sw design exists and opened at  C:/Users/ilpes/Desktop/Antenne_e_clocks/obb_golden_INTC_UART_MMCM/iic_spi_10KHz_ILA/microblaze_0/standalone_domain/bsp/system.mss
TRACE::2025-07-12.09:04:09::SCWMssOS::Saving the mss changes C:/Users/ilpes/Desktop/Antenne_e_clocks/obb_golden_INTC_UART_MMCM/iic_spi_10KHz_ILA/microblaze_0/standalone_domain/bsp/system.mss
TRACE::2025-07-12.09:04:09::SCWMssOS::Found a swdesign opened with the mssfile.
TRACE::2025-07-12.09:04:09::SCWMssOS::Completed writemss as part of save.
TRACE::2025-07-12.09:04:09::SCWMssOS::Commit changes completed.
TRACE::2025-07-12.09:04:09::SCWPlatform::Trying to open the hw design at C:/Users/ilpes/Desktop/Antenne_e_clocks/obb_golden_INTC_UART_MMCM/iic_spi_10KHz_ILA/hw/user_35t_withILA.xsa
TRACE::2025-07-12.09:04:09::SCWPlatform::DSA given C:/Users/ilpes/Desktop/Antenne_e_clocks/obb_golden_INTC_UART_MMCM/iic_spi_10KHz_ILA/hw/user_35t_withILA.xsa
TRACE::2025-07-12.09:04:09::SCWPlatform::DSA absoulate path C:/Users/ilpes/Desktop/Antenne_e_clocks/obb_golden_INTC_UART_MMCM/iic_spi_10KHz_ILA/hw/user_35t_withILA.xsa
TRACE::2025-07-12.09:04:09::SCWPlatform::DSA directory C:/Users/ilpes/Desktop/Antenne_e_clocks/obb_golden_INTC_UART_MMCM/iic_spi_10KHz_ILA/hw
TRACE::2025-07-12.09:04:09::SCWPlatform:: Platform Path C:/Users/ilpes/Desktop/Antenne_e_clocks/obb_golden_INTC_UART_MMCM/iic_spi_10KHz_ILA/hw/user_35t_withILA.xsa
TRACE::2025-07-12.09:04:09::SCWPlatform:: Unique name xilinx:cmod_a7-35t::0.0
TRACE::2025-07-12.09:04:09::SCWPlatform::Trying to set the existing hwdb with name user_35t_wrapper_10
TRACE::2025-07-12.09:04:09::SCWPlatform::Opened existing hwdb user_35t_wrapper_10
TRACE::2025-07-12.09:04:09::SCWPlatform::Found the Hw Db part of the input DSA
TRACE::2025-07-12.09:04:09::SCWMssOS::Checking the sw design at  C:/Users/ilpes/Desktop/Antenne_e_clocks/obb_golden_INTC_UART_MMCM/iic_spi_10KHz_ILA/microblaze_0/standalone_domain/bsp/system.mss
TRACE::2025-07-12.09:04:09::SCWMssOS::DEBUG:  swdes dump  C:/Users/ilpes/Desktop/Antenne_e_clocks/obb_golden_INTC_UART_MMCM/iic_spi_10KHz_ILA/microblaze_0/standalone_domain/bsp/system.mss|system||

TRACE::2025-07-12.09:04:09::SCWMssOS::Sw design exists and opened at  C:/Users/ilpes/Desktop/Antenne_e_clocks/obb_golden_INTC_UART_MMCM/iic_spi_10KHz_ILA/microblaze_0/standalone_domain/bsp/system.mss
TRACE::2025-07-12.09:04:09::SCWPlatform::Trying to open the hw design at C:/Users/ilpes/Desktop/Antenne_e_clocks/obb_golden_INTC_UART_MMCM/iic_spi_10KHz_ILA/hw/user_35t_withILA.xsa
TRACE::2025-07-12.09:04:09::SCWPlatform::DSA given C:/Users/ilpes/Desktop/Antenne_e_clocks/obb_golden_INTC_UART_MMCM/iic_spi_10KHz_ILA/hw/user_35t_withILA.xsa
TRACE::2025-07-12.09:04:09::SCWPlatform::DSA absoulate path C:/Users/ilpes/Desktop/Antenne_e_clocks/obb_golden_INTC_UART_MMCM/iic_spi_10KHz_ILA/hw/user_35t_withILA.xsa
TRACE::2025-07-12.09:04:09::SCWPlatform::DSA directory C:/Users/ilpes/Desktop/Antenne_e_clocks/obb_golden_INTC_UART_MMCM/iic_spi_10KHz_ILA/hw
TRACE::2025-07-12.09:04:09::SCWPlatform:: Platform Path C:/Users/ilpes/Desktop/Antenne_e_clocks/obb_golden_INTC_UART_MMCM/iic_spi_10KHz_ILA/hw/user_35t_withILA.xsa
TRACE::2025-07-12.09:04:09::SCWPlatform:: Unique name xilinx:cmod_a7-35t::0.0
TRACE::2025-07-12.09:04:09::SCWPlatform::Trying to set the existing hwdb with name user_35t_wrapper_10
TRACE::2025-07-12.09:04:09::SCWPlatform::Opened existing hwdb user_35t_wrapper_10
TRACE::2025-07-12.09:04:09::SCWPlatform::Found the Hw Db part of the input DSA
TRACE::2025-07-12.09:04:09::SCWMssOS::Checking the sw design at  C:/Users/ilpes/Desktop/Antenne_e_clocks/obb_golden_INTC_UART_MMCM/iic_spi_10KHz_ILA/microblaze_0/standalone_domain/bsp/system.mss
TRACE::2025-07-12.09:04:09::SCWMssOS::DEBUG:  swdes dump  C:/Users/ilpes/Desktop/Antenne_e_clocks/obb_golden_INTC_UART_MMCM/iic_spi_10KHz_ILA/microblaze_0/standalone_domain/bsp/system.mss|system||

TRACE::2025-07-12.09:04:09::SCWMssOS::Sw design exists and opened at  C:/Users/ilpes/Desktop/Antenne_e_clocks/obb_golden_INTC_UART_MMCM/iic_spi_10KHz_ILA/microblaze_0/standalone_domain/bsp/system.mss
TRACE::2025-07-12.09:04:09::SCWPlatform::Trying to open the hw design at C:/Users/ilpes/Desktop/Antenne_e_clocks/obb_golden_INTC_UART_MMCM/iic_spi_10KHz_ILA/hw/user_35t_withILA.xsa
TRACE::2025-07-12.09:04:09::SCWPlatform::DSA given C:/Users/ilpes/Desktop/Antenne_e_clocks/obb_golden_INTC_UART_MMCM/iic_spi_10KHz_ILA/hw/user_35t_withILA.xsa
TRACE::2025-07-12.09:04:09::SCWPlatform::DSA absoulate path C:/Users/ilpes/Desktop/Antenne_e_clocks/obb_golden_INTC_UART_MMCM/iic_spi_10KHz_ILA/hw/user_35t_withILA.xsa
TRACE::2025-07-12.09:04:09::SCWPlatform::DSA directory C:/Users/ilpes/Desktop/Antenne_e_clocks/obb_golden_INTC_UART_MMCM/iic_spi_10KHz_ILA/hw
TRACE::2025-07-12.09:04:09::SCWPlatform:: Platform Path C:/Users/ilpes/Desktop/Antenne_e_clocks/obb_golden_INTC_UART_MMCM/iic_spi_10KHz_ILA/hw/user_35t_withILA.xsa
TRACE::2025-07-12.09:04:09::SCWPlatform:: Unique name xilinx:cmod_a7-35t::0.0
TRACE::2025-07-12.09:04:09::SCWPlatform::Trying to set the existing hwdb with name user_35t_wrapper_10
TRACE::2025-07-12.09:04:09::SCWPlatform::Opened existing hwdb user_35t_wrapper_10
TRACE::2025-07-12.09:04:09::SCWPlatform::Found the Hw Db part of the input DSA
TRACE::2025-07-12.09:04:09::SCWMssOS::Checking the sw design at  C:/Users/ilpes/Desktop/Antenne_e_clocks/obb_golden_INTC_UART_MMCM/iic_spi_10KHz_ILA/microblaze_0/standalone_domain/bsp/system.mss
TRACE::2025-07-12.09:04:09::SCWMssOS::DEBUG:  swdes dump  C:/Users/ilpes/Desktop/Antenne_e_clocks/obb_golden_INTC_UART_MMCM/iic_spi_10KHz_ILA/microblaze_0/standalone_domain/bsp/system.mss|system||

TRACE::2025-07-12.09:04:09::SCWMssOS::Sw design exists and opened at  C:/Users/ilpes/Desktop/Antenne_e_clocks/obb_golden_INTC_UART_MMCM/iic_spi_10KHz_ILA/microblaze_0/standalone_domain/bsp/system.mss
TRACE::2025-07-12.09:04:09::SCWWriter::formatted JSON is {
	"platformName":	"iic_spi_10KHz_ILA",
	"sprVersion":	"2.0",
	"mode":	"gui",
	"dsaType":	"Fixed",
	"platformDesc":	"iic_spi_10KHz_ILA",
	"platHandOff":	"C:/Users/ilpes/Desktop/INSEGNAMENTO/Didattica2023/CMOD_A35t_emc_uart_iic_spi/project_1/user_35t_withILA.xsa",
	"platIntHandOff":	"<platformDir>/hw/user_35t_withILA.xsa",
	"deviceType":	"FPGA",
	"platIsPrebuiltAutogen":	"false",
	"platIsNoBootBsp":	"false",
	"hasFsblMakeHasChanges":	"false",
	"hasPmufwMakeHasChanges":	"false",
	"platPreBuiltFlag":	false,
	"platformSamplesDir":	"",
	"platActiveSys":	"iic_spi_10KHz_ILA",
	"systems":	[{
			"systemName":	"iic_spi_10KHz_ILA",
			"systemDesc":	"iic_spi_10KHz_ILA",
			"sysIsBootAutoGen":	"true",
			"systemDispName":	"iic_spi_10KHz_ILA",
			"sysActiveDom":	"standalone_domain",
			"sysDefaultDom":	"standalone_domain",
			"domains":	[{
					"domainName":	"standalone_domain",
					"domainDispName":	"standalone on microblaze_0",
					"domainDesc":	"standalone_domain",
					"processors":	"microblaze_0",
					"os":	"standalone",
					"sdxOs":	"standalone",
					"debugEnable":	"False",
					"domRuntimes":	["cpp"],
					"swRepo":	"",
					"mssOsVer":	"7.3",
					"mssFile":	"",
					"md5Digest":	"4ff912ba097ec0244cd8262b18dcbf48",
					"compatibleApp":	"",
					"domType":	"mssDomain",
					"arch":	"32-bit",
					"appSettings":	{
						"appCompilerFlags":	"",
						"appLinkerFlags":	""
					},
					"addedLibs":	[],
					"libOptions":	{
						"libsContainingOptions":	[]
					},
					"prebuiltLibs":	{
						"prebuiltIncPath":	[],
						"prebuiltLibPath":	[]
					},
					"isolation":	{
					}
				}]
		}]
}
TRACE::2025-07-12.09:04:09::SCWMssOS::Saving the mss changes C:/Users/ilpes/Desktop/Antenne_e_clocks/obb_golden_INTC_UART_MMCM/iic_spi_10KHz_ILA/microblaze_0/standalone_domain/bsp/system.mss
TRACE::2025-07-12.09:04:09::SCWMssOS::Found a swdesign opened with the mssfile.
TRACE::2025-07-12.09:04:09::SCWMssOS::Completed writemss as part of save.
TRACE::2025-07-12.09:04:09::SCWMssOS::Commit changes completed.
TRACE::2025-07-12.09:04:09::SCWPlatform::Trying to open the hw design at C:/Users/ilpes/Desktop/Antenne_e_clocks/obb_golden_INTC_UART_MMCM/iic_spi_10KHz_ILA/hw/user_35t_withILA.xsa
TRACE::2025-07-12.09:04:09::SCWPlatform::DSA given C:/Users/ilpes/Desktop/Antenne_e_clocks/obb_golden_INTC_UART_MMCM/iic_spi_10KHz_ILA/hw/user_35t_withILA.xsa
TRACE::2025-07-12.09:04:09::SCWPlatform::DSA absoulate path C:/Users/ilpes/Desktop/Antenne_e_clocks/obb_golden_INTC_UART_MMCM/iic_spi_10KHz_ILA/hw/user_35t_withILA.xsa
TRACE::2025-07-12.09:04:09::SCWPlatform::DSA directory C:/Users/ilpes/Desktop/Antenne_e_clocks/obb_golden_INTC_UART_MMCM/iic_spi_10KHz_ILA/hw
TRACE::2025-07-12.09:04:09::SCWPlatform:: Platform Path C:/Users/ilpes/Desktop/Antenne_e_clocks/obb_golden_INTC_UART_MMCM/iic_spi_10KHz_ILA/hw/user_35t_withILA.xsa
TRACE::2025-07-12.09:04:09::SCWPlatform:: Unique name xilinx:cmod_a7-35t::0.0
TRACE::2025-07-12.09:04:09::SCWPlatform::Trying to set the existing hwdb with name user_35t_wrapper_10
TRACE::2025-07-12.09:04:09::SCWPlatform::Opened existing hwdb user_35t_wrapper_10
TRACE::2025-07-12.09:04:09::SCWPlatform::Found the Hw Db part of the input DSA
TRACE::2025-07-12.09:04:09::SCWMssOS::Checking the sw design at  C:/Users/ilpes/Desktop/Antenne_e_clocks/obb_golden_INTC_UART_MMCM/iic_spi_10KHz_ILA/microblaze_0/standalone_domain/bsp/system.mss
TRACE::2025-07-12.09:04:09::SCWMssOS::DEBUG:  swdes dump  C:/Users/ilpes/Desktop/Antenne_e_clocks/obb_golden_INTC_UART_MMCM/iic_spi_10KHz_ILA/microblaze_0/standalone_domain/bsp/system.mss|system||

TRACE::2025-07-12.09:04:09::SCWMssOS::Sw design exists and opened at  C:/Users/ilpes/Desktop/Antenne_e_clocks/obb_golden_INTC_UART_MMCM/iic_spi_10KHz_ILA/microblaze_0/standalone_domain/bsp/system.mss
TRACE::2025-07-12.09:04:09::SCWPlatform::Trying to open the hw design at C:/Users/ilpes/Desktop/Antenne_e_clocks/obb_golden_INTC_UART_MMCM/iic_spi_10KHz_ILA/hw/user_35t_withILA.xsa
TRACE::2025-07-12.09:04:09::SCWPlatform::DSA given C:/Users/ilpes/Desktop/Antenne_e_clocks/obb_golden_INTC_UART_MMCM/iic_spi_10KHz_ILA/hw/user_35t_withILA.xsa
TRACE::2025-07-12.09:04:09::SCWPlatform::DSA absoulate path C:/Users/ilpes/Desktop/Antenne_e_clocks/obb_golden_INTC_UART_MMCM/iic_spi_10KHz_ILA/hw/user_35t_withILA.xsa
TRACE::2025-07-12.09:04:09::SCWPlatform::DSA directory C:/Users/ilpes/Desktop/Antenne_e_clocks/obb_golden_INTC_UART_MMCM/iic_spi_10KHz_ILA/hw
TRACE::2025-07-12.09:04:09::SCWPlatform:: Platform Path C:/Users/ilpes/Desktop/Antenne_e_clocks/obb_golden_INTC_UART_MMCM/iic_spi_10KHz_ILA/hw/user_35t_withILA.xsa
TRACE::2025-07-12.09:04:09::SCWPlatform:: Unique name xilinx:cmod_a7-35t::0.0
TRACE::2025-07-12.09:04:09::SCWPlatform::Trying to set the existing hwdb with name user_35t_wrapper_10
TRACE::2025-07-12.09:04:09::SCWPlatform::Opened existing hwdb user_35t_wrapper_10
TRACE::2025-07-12.09:04:09::SCWPlatform::Found the Hw Db part of the input DSA
TRACE::2025-07-12.09:04:09::SCWMssOS::Checking the sw design at  C:/Users/ilpes/Desktop/Antenne_e_clocks/obb_golden_INTC_UART_MMCM/iic_spi_10KHz_ILA/microblaze_0/standalone_domain/bsp/system.mss
TRACE::2025-07-12.09:04:09::SCWMssOS::DEBUG:  swdes dump  C:/Users/ilpes/Desktop/Antenne_e_clocks/obb_golden_INTC_UART_MMCM/iic_spi_10KHz_ILA/microblaze_0/standalone_domain/bsp/system.mss|system||

TRACE::2025-07-12.09:04:09::SCWMssOS::Sw design exists and opened at  C:/Users/ilpes/Desktop/Antenne_e_clocks/obb_golden_INTC_UART_MMCM/iic_spi_10KHz_ILA/microblaze_0/standalone_domain/bsp/system.mss
TRACE::2025-07-12.09:04:09::SCWPlatform::Trying to open the hw design at C:/Users/ilpes/Desktop/Antenne_e_clocks/obb_golden_INTC_UART_MMCM/iic_spi_10KHz_ILA/hw/user_35t_withILA.xsa
TRACE::2025-07-12.09:04:09::SCWPlatform::DSA given C:/Users/ilpes/Desktop/Antenne_e_clocks/obb_golden_INTC_UART_MMCM/iic_spi_10KHz_ILA/hw/user_35t_withILA.xsa
TRACE::2025-07-12.09:04:09::SCWPlatform::DSA absoulate path C:/Users/ilpes/Desktop/Antenne_e_clocks/obb_golden_INTC_UART_MMCM/iic_spi_10KHz_ILA/hw/user_35t_withILA.xsa
TRACE::2025-07-12.09:04:09::SCWPlatform::DSA directory C:/Users/ilpes/Desktop/Antenne_e_clocks/obb_golden_INTC_UART_MMCM/iic_spi_10KHz_ILA/hw
TRACE::2025-07-12.09:04:09::SCWPlatform:: Platform Path C:/Users/ilpes/Desktop/Antenne_e_clocks/obb_golden_INTC_UART_MMCM/iic_spi_10KHz_ILA/hw/user_35t_withILA.xsa
TRACE::2025-07-12.09:04:09::SCWPlatform:: Unique name xilinx:cmod_a7-35t::0.0
TRACE::2025-07-12.09:04:09::SCWPlatform::Trying to set the existing hwdb with name user_35t_wrapper_10
TRACE::2025-07-12.09:04:09::SCWPlatform::Opened existing hwdb user_35t_wrapper_10
TRACE::2025-07-12.09:04:09::SCWPlatform::Found the Hw Db part of the input DSA
TRACE::2025-07-12.09:04:09::SCWMssOS::Checking the sw design at  C:/Users/ilpes/Desktop/Antenne_e_clocks/obb_golden_INTC_UART_MMCM/iic_spi_10KHz_ILA/microblaze_0/standalone_domain/bsp/system.mss
TRACE::2025-07-12.09:04:09::SCWMssOS::DEBUG:  swdes dump  C:/Users/ilpes/Desktop/Antenne_e_clocks/obb_golden_INTC_UART_MMCM/iic_spi_10KHz_ILA/microblaze_0/standalone_domain/bsp/system.mss|system||

TRACE::2025-07-12.09:04:09::SCWMssOS::Sw design exists and opened at  C:/Users/ilpes/Desktop/Antenne_e_clocks/obb_golden_INTC_UART_MMCM/iic_spi_10KHz_ILA/microblaze_0/standalone_domain/bsp/system.mss
TRACE::2025-07-12.09:04:09::SCWWriter::formatted JSON is {
	"platformName":	"iic_spi_10KHz_ILA",
	"sprVersion":	"2.0",
	"mode":	"gui",
	"dsaType":	"Fixed",
	"platformDesc":	"iic_spi_10KHz_ILA",
	"platHandOff":	"C:/Users/ilpes/Desktop/INSEGNAMENTO/Didattica2023/CMOD_A35t_emc_uart_iic_spi/project_1/user_35t_withILA.xsa",
	"platIntHandOff":	"<platformDir>/hw/user_35t_withILA.xsa",
	"deviceType":	"FPGA",
	"platIsPrebuiltAutogen":	"false",
	"platIsNoBootBsp":	"false",
	"hasFsblMakeHasChanges":	"false",
	"hasPmufwMakeHasChanges":	"false",
	"platPreBuiltFlag":	false,
	"platformSamplesDir":	"",
	"platActiveSys":	"iic_spi_10KHz_ILA",
	"systems":	[{
			"systemName":	"iic_spi_10KHz_ILA",
			"systemDesc":	"iic_spi_10KHz_ILA",
			"sysIsBootAutoGen":	"true",
			"systemDispName":	"iic_spi_10KHz_ILA",
			"sysActiveDom":	"standalone_domain",
			"sysDefaultDom":	"standalone_domain",
			"domains":	[{
					"domainName":	"standalone_domain",
					"domainDispName":	"standalone on microblaze_0",
					"domainDesc":	"standalone_domain",
					"processors":	"microblaze_0",
					"os":	"standalone",
					"sdxOs":	"standalone",
					"debugEnable":	"False",
					"domRuntimes":	["cpp"],
					"swRepo":	"",
					"mssOsVer":	"7.3",
					"mssFile":	"",
					"md5Digest":	"4ff912ba097ec0244cd8262b18dcbf48",
					"compatibleApp":	"",
					"domType":	"mssDomain",
					"arch":	"32-bit",
					"appSettings":	{
						"appCompilerFlags":	"",
						"appLinkerFlags":	""
					},
					"addedLibs":	[],
					"libOptions":	{
						"libsContainingOptions":	[]
					},
					"prebuiltLibs":	{
						"prebuiltIncPath":	[],
						"prebuiltLibPath":	[]
					},
					"isolation":	{
					}
				}]
		}]
}
TRACE::2025-07-12.09:04:09::SCWPlatform::Clearing the existing platform
TRACE::2025-07-12.09:04:09::SCWSystem::Clearing the existing sysconfig
TRACE::2025-07-12.09:04:09::SCWMssOS::Removing the swdes entry for  C:/Users/ilpes/Desktop/Antenne_e_clocks/obb_golden_INTC_UART_MMCM/iic_spi_10KHz_ILA/microblaze_0/standalone_domain/bsp/system.mss
TRACE::2025-07-12.09:04:09::SCWSystem::Clearing the domains completed.
TRACE::2025-07-12.09:04:09::SCWPlatform::Clearing the opened hw db.
TRACE::2025-07-12.09:04:09::SCWPlatform::DSA given C:/Users/ilpes/Desktop/Antenne_e_clocks/obb_golden_INTC_UART_MMCM/iic_spi_10KHz_ILA/hw/user_35t_withILA.xsa
TRACE::2025-07-12.09:04:09::SCWPlatform::DSA absoulate path C:/Users/ilpes/Desktop/Antenne_e_clocks/obb_golden_INTC_UART_MMCM/iic_spi_10KHz_ILA/hw/user_35t_withILA.xsa
TRACE::2025-07-12.09:04:09::SCWPlatform:: Platform location is C:/Users/ilpes/Desktop/Antenne_e_clocks/obb_golden_INTC_UART_MMCM/iic_spi_10KHz_ILA/hw
TRACE::2025-07-12.09:04:09::SCWPlatform:: Platform Path C:/Users/ilpes/Desktop/Antenne_e_clocks/obb_golden_INTC_UART_MMCM/iic_spi_10KHz_ILA/hw/user_35t_withILA.xsa
TRACE::2025-07-12.09:04:09::SCWPlatform:: Unique name xilinx:cmod_a7-35t::0.0
TRACE::2025-07-12.09:04:09::SCWPlatform::Removing the HwDB with name C:/Users/ilpes/Desktop/Antenne_e_clocks/obb_golden_INTC_UART_MMCM/iic_spi_10KHz_ILA/hw/user_35t_withILA.xsa
TRACE::2025-07-12.09:04:09::SCWPlatform::Trying to open the hw design at C:/Users/ilpes/Desktop/Antenne_e_clocks/obb_golden_INTC_UART_MMCM/iic_spi_10KHz_ILA/hw/user_35t_withILA.xsa
TRACE::2025-07-12.09:04:09::SCWPlatform::DSA given C:/Users/ilpes/Desktop/Antenne_e_clocks/obb_golden_INTC_UART_MMCM/iic_spi_10KHz_ILA/hw/user_35t_withILA.xsa
TRACE::2025-07-12.09:04:09::SCWPlatform::DSA absoulate path C:/Users/ilpes/Desktop/Antenne_e_clocks/obb_golden_INTC_UART_MMCM/iic_spi_10KHz_ILA/hw/user_35t_withILA.xsa
TRACE::2025-07-12.09:04:09::SCWPlatform::DSA directory C:/Users/ilpes/Desktop/Antenne_e_clocks/obb_golden_INTC_UART_MMCM/iic_spi_10KHz_ILA/hw
TRACE::2025-07-12.09:04:09::SCWPlatform:: Platform Path C:/Users/ilpes/Desktop/Antenne_e_clocks/obb_golden_INTC_UART_MMCM/iic_spi_10KHz_ILA/hw/user_35t_withILA.xsa
TRACE::2025-07-12.09:04:09::SCWPlatform:: Unique name xilinx:cmod_a7-35t::0.0
TRACE::2025-07-12.09:04:09::SCWPlatform::Do not have an existing db opened. 
TRACE::2025-07-12.09:04:10::SCWPlatform::Opened new HwDB with name user_35t_wrapper_11
TRACE::2025-07-12.09:04:10::SCWReader::Active system found as  iic_spi_10KHz_ILA
TRACE::2025-07-12.09:04:10::SCWReader::Handling sysconfig iic_spi_10KHz_ILA
TRACE::2025-07-12.09:04:10::SCWDomain::checking for install qemu data   : 
TRACE::2025-07-12.09:04:10::SCWPlatform::Trying to open the hw design at C:/Users/ilpes/Desktop/Antenne_e_clocks/obb_golden_INTC_UART_MMCM/iic_spi_10KHz_ILA/hw/user_35t_withILA.xsa
TRACE::2025-07-12.09:04:10::SCWPlatform::DSA given C:/Users/ilpes/Desktop/Antenne_e_clocks/obb_golden_INTC_UART_MMCM/iic_spi_10KHz_ILA/hw/user_35t_withILA.xsa
TRACE::2025-07-12.09:04:10::SCWPlatform::DSA absoulate path C:/Users/ilpes/Desktop/Antenne_e_clocks/obb_golden_INTC_UART_MMCM/iic_spi_10KHz_ILA/hw/user_35t_withILA.xsa
TRACE::2025-07-12.09:04:10::SCWPlatform::DSA directory C:/Users/ilpes/Desktop/Antenne_e_clocks/obb_golden_INTC_UART_MMCM/iic_spi_10KHz_ILA/hw
TRACE::2025-07-12.09:04:10::SCWPlatform:: Platform Path C:/Users/ilpes/Desktop/Antenne_e_clocks/obb_golden_INTC_UART_MMCM/iic_spi_10KHz_ILA/hw/user_35t_withILA.xsa
TRACE::2025-07-12.09:04:10::SCWPlatform:: Unique name xilinx:cmod_a7-35t::0.0
TRACE::2025-07-12.09:04:10::SCWPlatform::Trying to set the existing hwdb with name user_35t_wrapper_11
TRACE::2025-07-12.09:04:10::SCWPlatform::Opened existing hwdb user_35t_wrapper_11
TRACE::2025-07-12.09:04:10::SCWPlatform::Found the Hw Db part of the input DSA
TRACE::2025-07-12.09:04:10::SCWPlatform::Trying to open the hw design at C:/Users/ilpes/Desktop/Antenne_e_clocks/obb_golden_INTC_UART_MMCM/iic_spi_10KHz_ILA/hw/user_35t_withILA.xsa
TRACE::2025-07-12.09:04:10::SCWPlatform::DSA given C:/Users/ilpes/Desktop/Antenne_e_clocks/obb_golden_INTC_UART_MMCM/iic_spi_10KHz_ILA/hw/user_35t_withILA.xsa
TRACE::2025-07-12.09:04:10::SCWPlatform::DSA absoulate path C:/Users/ilpes/Desktop/Antenne_e_clocks/obb_golden_INTC_UART_MMCM/iic_spi_10KHz_ILA/hw/user_35t_withILA.xsa
TRACE::2025-07-12.09:04:10::SCWPlatform::DSA directory C:/Users/ilpes/Desktop/Antenne_e_clocks/obb_golden_INTC_UART_MMCM/iic_spi_10KHz_ILA/hw
TRACE::2025-07-12.09:04:10::SCWPlatform:: Platform Path C:/Users/ilpes/Desktop/Antenne_e_clocks/obb_golden_INTC_UART_MMCM/iic_spi_10KHz_ILA/hw/user_35t_withILA.xsa
TRACE::2025-07-12.09:04:10::SCWPlatform:: Unique name xilinx:cmod_a7-35t::0.0
TRACE::2025-07-12.09:04:10::SCWPlatform::Trying to set the existing hwdb with name user_35t_wrapper_11
TRACE::2025-07-12.09:04:10::SCWPlatform::Opened existing hwdb user_35t_wrapper_11
TRACE::2025-07-12.09:04:10::SCWPlatform::Found the Hw Db part of the input DSA
TRACE::2025-07-12.09:04:10::SCWPlatform::Trying to open the hw design at C:/Users/ilpes/Desktop/Antenne_e_clocks/obb_golden_INTC_UART_MMCM/iic_spi_10KHz_ILA/hw/user_35t_withILA.xsa
TRACE::2025-07-12.09:04:10::SCWPlatform::DSA given C:/Users/ilpes/Desktop/Antenne_e_clocks/obb_golden_INTC_UART_MMCM/iic_spi_10KHz_ILA/hw/user_35t_withILA.xsa
TRACE::2025-07-12.09:04:10::SCWPlatform::DSA absoulate path C:/Users/ilpes/Desktop/Antenne_e_clocks/obb_golden_INTC_UART_MMCM/iic_spi_10KHz_ILA/hw/user_35t_withILA.xsa
TRACE::2025-07-12.09:04:10::SCWPlatform::DSA directory C:/Users/ilpes/Desktop/Antenne_e_clocks/obb_golden_INTC_UART_MMCM/iic_spi_10KHz_ILA/hw
TRACE::2025-07-12.09:04:10::SCWPlatform:: Platform Path C:/Users/ilpes/Desktop/Antenne_e_clocks/obb_golden_INTC_UART_MMCM/iic_spi_10KHz_ILA/hw/user_35t_withILA.xsa
TRACE::2025-07-12.09:04:10::SCWPlatform:: Unique name xilinx:cmod_a7-35t::0.0
TRACE::2025-07-12.09:04:10::SCWPlatform::Trying to set the existing hwdb with name user_35t_wrapper_11
TRACE::2025-07-12.09:04:10::SCWPlatform::Opened existing hwdb user_35t_wrapper_11
TRACE::2025-07-12.09:04:10::SCWPlatform::Found the Hw Db part of the input DSA
TRACE::2025-07-12.09:04:10::SCWPlatform::Trying to open the hw design at C:/Users/ilpes/Desktop/Antenne_e_clocks/obb_golden_INTC_UART_MMCM/iic_spi_10KHz_ILA/hw/user_35t_withILA.xsa
TRACE::2025-07-12.09:04:10::SCWPlatform::DSA given C:/Users/ilpes/Desktop/Antenne_e_clocks/obb_golden_INTC_UART_MMCM/iic_spi_10KHz_ILA/hw/user_35t_withILA.xsa
TRACE::2025-07-12.09:04:10::SCWPlatform::DSA absoulate path C:/Users/ilpes/Desktop/Antenne_e_clocks/obb_golden_INTC_UART_MMCM/iic_spi_10KHz_ILA/hw/user_35t_withILA.xsa
TRACE::2025-07-12.09:04:10::SCWPlatform::DSA directory C:/Users/ilpes/Desktop/Antenne_e_clocks/obb_golden_INTC_UART_MMCM/iic_spi_10KHz_ILA/hw
TRACE::2025-07-12.09:04:10::SCWPlatform:: Platform Path C:/Users/ilpes/Desktop/Antenne_e_clocks/obb_golden_INTC_UART_MMCM/iic_spi_10KHz_ILA/hw/user_35t_withILA.xsa
TRACE::2025-07-12.09:04:10::SCWPlatform:: Unique name xilinx:cmod_a7-35t::0.0
TRACE::2025-07-12.09:04:10::SCWPlatform::Trying to set the existing hwdb with name user_35t_wrapper_11
TRACE::2025-07-12.09:04:10::SCWPlatform::Opened existing hwdb user_35t_wrapper_11
TRACE::2025-07-12.09:04:10::SCWPlatform::Found the Hw Db part of the input DSA
TRACE::2025-07-12.09:04:10::SCWMssOS::Checking the sw design at  C:/Users/ilpes/Desktop/Antenne_e_clocks/obb_golden_INTC_UART_MMCM/iic_spi_10KHz_ILA/microblaze_0/standalone_domain/bsp/system.mss
TRACE::2025-07-12.09:04:10::SCWMssOS::DEBUG:  swdes dump  
TRACE::2025-07-12.09:04:10::SCWMssOS::No sw design opened at  C:/Users/ilpes/Desktop/Antenne_e_clocks/obb_golden_INTC_UART_MMCM/iic_spi_10KHz_ILA/microblaze_0/standalone_domain/bsp/system.mss
TRACE::2025-07-12.09:04:10::SCWMssOS::mss exists loading the mss file  C:/Users/ilpes/Desktop/Antenne_e_clocks/obb_golden_INTC_UART_MMCM/iic_spi_10KHz_ILA/microblaze_0/standalone_domain/bsp/system.mss
TRACE::2025-07-12.09:04:10::SCWMssOS::Opened the sw design from mss  C:/Users/ilpes/Desktop/Antenne_e_clocks/obb_golden_INTC_UART_MMCM/iic_spi_10KHz_ILA/microblaze_0/standalone_domain/bsp/system.mss
TRACE::2025-07-12.09:04:10::SCWMssOS::Adding the swdes entry C:/Users/ilpes/Desktop/Antenne_e_clocks/obb_golden_INTC_UART_MMCM/iic_spi_10KHz_ILA/microblaze_0/standalone_domain/bsp/system.mss with des name system
TRACE::2025-07-12.09:04:10::SCWMssOS::updating the scw layer about changes
TRACE::2025-07-12.09:04:10::SCWMssOS::Opened the sw design.  C:/Users/ilpes/Desktop/Antenne_e_clocks/obb_golden_INTC_UART_MMCM/iic_spi_10KHz_ILA/microblaze_0/standalone_domain/bsp/system.mss
TRACE::2025-07-12.09:04:10::SCWMssOS::Saving the mss changes C:/Users/ilpes/Desktop/Antenne_e_clocks/obb_golden_INTC_UART_MMCM/iic_spi_10KHz_ILA/microblaze_0/standalone_domain/bsp/system.mss
TRACE::2025-07-12.09:04:10::SCWMssOS::Found a swdesign opened with the mssfile.
TRACE::2025-07-12.09:04:10::SCWMssOS::Completed writemss as part of save.
TRACE::2025-07-12.09:04:10::SCWMssOS::Commit changes completed.
TRACE::2025-07-12.09:04:10::SCWReader::Adding prebuilt librarypaths as   
TRACE::2025-07-12.09:04:10::SCWReader::Adding prebuilt incpaths  as   
TRACE::2025-07-12.09:04:10::SCWPlatform::Trying to open the hw design at C:/Users/ilpes/Desktop/Antenne_e_clocks/obb_golden_INTC_UART_MMCM/iic_spi_10KHz_ILA/hw/user_35t_withILA.xsa
TRACE::2025-07-12.09:04:10::SCWPlatform::DSA given C:/Users/ilpes/Desktop/Antenne_e_clocks/obb_golden_INTC_UART_MMCM/iic_spi_10KHz_ILA/hw/user_35t_withILA.xsa
TRACE::2025-07-12.09:04:10::SCWPlatform::DSA absoulate path C:/Users/ilpes/Desktop/Antenne_e_clocks/obb_golden_INTC_UART_MMCM/iic_spi_10KHz_ILA/hw/user_35t_withILA.xsa
TRACE::2025-07-12.09:04:10::SCWPlatform::DSA directory C:/Users/ilpes/Desktop/Antenne_e_clocks/obb_golden_INTC_UART_MMCM/iic_spi_10KHz_ILA/hw
TRACE::2025-07-12.09:04:10::SCWPlatform:: Platform Path C:/Users/ilpes/Desktop/Antenne_e_clocks/obb_golden_INTC_UART_MMCM/iic_spi_10KHz_ILA/hw/user_35t_withILA.xsa
TRACE::2025-07-12.09:04:10::SCWPlatform:: Unique name xilinx:cmod_a7-35t::0.0
TRACE::2025-07-12.09:04:10::SCWPlatform::Trying to set the existing hwdb with name user_35t_wrapper_11
TRACE::2025-07-12.09:04:10::SCWPlatform::Opened existing hwdb user_35t_wrapper_11
TRACE::2025-07-12.09:04:10::SCWPlatform::Found the Hw Db part of the input DSA
TRACE::2025-07-12.09:04:10::SCWMssOS::Checking the sw design at  C:/Users/ilpes/Desktop/Antenne_e_clocks/obb_golden_INTC_UART_MMCM/iic_spi_10KHz_ILA/microblaze_0/standalone_domain/bsp/system.mss
TRACE::2025-07-12.09:04:10::SCWMssOS::DEBUG:  swdes dump  C:/Users/ilpes/Desktop/Antenne_e_clocks/obb_golden_INTC_UART_MMCM/iic_spi_10KHz_ILA/microblaze_0/standalone_domain/bsp/system.mss|system||

TRACE::2025-07-12.09:04:10::SCWMssOS::Sw design exists and opened at  C:/Users/ilpes/Desktop/Antenne_e_clocks/obb_golden_INTC_UART_MMCM/iic_spi_10KHz_ILA/microblaze_0/standalone_domain/bsp/system.mss
TRACE::2025-07-12.09:04:10::SCWReader::No isolation master present  
LOG::2025-07-12.09:13:32::SCWPlatform::Started generating the artifacts platform iic_spi_10KHz_ILA
TRACE::2025-07-12.09:13:32::SCWPlatform::Sanity checking of platform is completed
LOG::2025-07-12.09:13:32::SCWPlatform::Started generating the artifacts for system configuration iic_spi_10KHz_ILA
LOG::2025-07-12.09:13:32::SCWSystem::Checking the domain standalone_domain
LOG::2025-07-12.09:13:32::SCWSystem::Not a boot domain 
LOG::2025-07-12.09:13:32::SCWSystem::Started Processing the domain standalone_domain
TRACE::2025-07-12.09:13:32::SCWDomain::Generating domain artifcats
TRACE::2025-07-12.09:13:32::SCWMssOS::Generating standalone artifcats
TRACE::2025-07-12.09:13:32::SCWMssOS:: Copying the user libraries. 
TRACE::2025-07-12.09:13:32::SCWPlatform::Trying to open the hw design at C:/Users/ilpes/Desktop/Antenne_e_clocks/obb_golden_INTC_UART_MMCM/iic_spi_10KHz_ILA/hw/user_35t_withILA.xsa
TRACE::2025-07-12.09:13:32::SCWPlatform::DSA given C:/Users/ilpes/Desktop/Antenne_e_clocks/obb_golden_INTC_UART_MMCM/iic_spi_10KHz_ILA/hw/user_35t_withILA.xsa
TRACE::2025-07-12.09:13:32::SCWPlatform::DSA absoulate path C:/Users/ilpes/Desktop/Antenne_e_clocks/obb_golden_INTC_UART_MMCM/iic_spi_10KHz_ILA/hw/user_35t_withILA.xsa
TRACE::2025-07-12.09:13:32::SCWPlatform::DSA directory C:/Users/ilpes/Desktop/Antenne_e_clocks/obb_golden_INTC_UART_MMCM/iic_spi_10KHz_ILA/hw
TRACE::2025-07-12.09:13:32::SCWPlatform:: Platform Path C:/Users/ilpes/Desktop/Antenne_e_clocks/obb_golden_INTC_UART_MMCM/iic_spi_10KHz_ILA/hw/user_35t_withILA.xsa
TRACE::2025-07-12.09:13:32::SCWPlatform:: Unique name xilinx:cmod_a7-35t::0.0
TRACE::2025-07-12.09:13:32::SCWPlatform::Trying to set the existing hwdb with name user_35t_wrapper_11
TRACE::2025-07-12.09:13:32::SCWPlatform::Opened existing hwdb user_35t_wrapper_11
TRACE::2025-07-12.09:13:32::SCWPlatform::Found the Hw Db part of the input DSA
TRACE::2025-07-12.09:13:32::SCWMssOS::Checking the sw design at  C:/Users/ilpes/Desktop/Antenne_e_clocks/obb_golden_INTC_UART_MMCM/iic_spi_10KHz_ILA/microblaze_0/standalone_domain/bsp/system.mss
TRACE::2025-07-12.09:13:32::SCWMssOS::DEBUG:  swdes dump  C:/Users/ilpes/Desktop/Antenne_e_clocks/obb_golden_INTC_UART_MMCM/iic_spi_10KHz_ILA/microblaze_0/standalone_domain/bsp/system.mss|system||

TRACE::2025-07-12.09:13:32::SCWMssOS::Sw design exists and opened at  C:/Users/ilpes/Desktop/Antenne_e_clocks/obb_golden_INTC_UART_MMCM/iic_spi_10KHz_ILA/microblaze_0/standalone_domain/bsp/system.mss
TRACE::2025-07-12.09:13:32::SCWMssOS::Completed writing the mss file at C:/Users/ilpes/Desktop/Antenne_e_clocks/obb_golden_INTC_UART_MMCM/iic_spi_10KHz_ILA/microblaze_0/standalone_domain/bsp
TRACE::2025-07-12.09:13:32::SCWMssOS::Mss edits present, copying mssfile into export location C:/Users/ilpes/Desktop/Antenne_e_clocks/obb_golden_INTC_UART_MMCM/iic_spi_10KHz_ILA/microblaze_0/standalone_domain/bsp/system.mss
TRACE::2025-07-12.09:13:32::SCWMssOS::bsp generated is upto date with the mss file. Skipping bsp generation.
TRACE::2025-07-12.09:13:32::SCWMssOS::BSP is already built. skipping the bsp build ... 
TRACE::2025-07-12.09:13:32::SCWDomain::Building the domain as part of full build :  standalone_domain
TRACE::2025-07-12.09:13:32::SCWMssOS::doing bsp build ... 
TRACE::2025-07-12.09:13:32::SCWMssOS::System Command Ran  C: & cd  C:/Users/ilpes/Desktop/Antenne_e_clocks/obb_golden_INTC_UART_MMCM/iic_spi_10KHz_ILA/microblaze_0/standalone_domain/bsp & make 
TRACE::2025-07-12.09:13:32::SCWMssOS::make --no-print-directory seq_libs

TRACE::2025-07-12.09:13:32::SCWMssOS::'Finished building libraries sequentially.'

TRACE::2025-07-12.09:13:32::SCWMssOS::make -j --no-print-directory par_libs

TRACE::2025-07-12.09:13:32::SCWMssOS::"Running Make include in microblaze_0/libsrc/bram_v4_5/src"

TRACE::2025-07-12.09:13:32::SCWMssOS::make -C microblaze_0/libsrc/bram_v4_5/src -s include  "SHELL=CMD" "COMPILER=mb-gcc" "ASSEMBLER=mb-as" "ARCHIVER=mb-ar" "COMPILE
TRACE::2025-07-12.09:13:32::SCWMssOS::R_FLAGS=  -O2 -c -mcpu=v11.0 -mlittle-endian -mno-xl-soft-div -mno-xl-soft-mul -mxl-barrel-shift -mxl-pattern-compare" "EXTRA_C
TRACE::2025-07-12.09:13:32::SCWMssOS::OMPILER_FLAGS=-g -ffunction-sections -fdata-sections -Wall -Wextra"

TRACE::2025-07-12.09:13:32::SCWMssOS::"Running Make include in microblaze_0/libsrc/cpu_v2_12/src"

TRACE::2025-07-12.09:13:32::SCWMssOS::make -C microblaze_0/libsrc/cpu_v2_12/src -s include  "SHELL=CMD" "COMPILER=mb-gcc" "ASSEMBLER=mb-as" "ARCHIVER=mb-ar" "COMPILE
TRACE::2025-07-12.09:13:32::SCWMssOS::R_FLAGS=  -O2 -c -mcpu=v11.0 -mlittle-endian -mno-xl-soft-div -mno-xl-soft-mul -mxl-barrel-shift -mxl-pattern-compare" "EXTRA_C
TRACE::2025-07-12.09:13:32::SCWMssOS::OMPILER_FLAGS=-g -ffunction-sections -fdata-sections -Wall -Wextra"

TRACE::2025-07-12.09:13:32::SCWMssOS::"Running Make include in microblaze_0/libsrc/gpio_v4_7/src"

TRACE::2025-07-12.09:13:32::SCWMssOS::make -C microblaze_0/libsrc/gpio_v4_7/src -s include  "SHELL=CMD" "COMPILER=mb-gcc" "ASSEMBLER=mb-as" "ARCHIVER=mb-ar" "COMPILE
TRACE::2025-07-12.09:13:32::SCWMssOS::R_FLAGS=  -O2 -c -mcpu=v11.0 -mlittle-endian -mno-xl-soft-div -mno-xl-soft-mul -mxl-barrel-shift -mxl-pattern-compare" "EXTRA_C
TRACE::2025-07-12.09:13:32::SCWMssOS::OMPILER_FLAGS=-g -ffunction-sections -fdata-sections -Wall -Wextra"

TRACE::2025-07-12.09:13:33::SCWMssOS::"Running Make include in microblaze_0/libsrc/iic_v3_7/src"

TRACE::2025-07-12.09:13:33::SCWMssOS::make -C microblaze_0/libsrc/iic_v3_7/src -s include  "SHELL=CMD" "COMPILER=mb-gcc" "ASSEMBLER=mb-as" "ARCHIVER=mb-ar" "COMPILER
TRACE::2025-07-12.09:13:33::SCWMssOS::_FLAGS=  -O2 -c -mcpu=v11.0 -mlittle-endian -mno-xl-soft-div -mno-xl-soft-mul -mxl-barrel-shift -mxl-pattern-compare" "EXTRA_CO
TRACE::2025-07-12.09:13:33::SCWMssOS::MPILER_FLAGS=-g -ffunction-sections -fdata-sections -Wall -Wextra"

TRACE::2025-07-12.09:13:33::SCWMssOS::"Running Make include in microblaze_0/libsrc/intc_v3_12/src"

TRACE::2025-07-12.09:13:33::SCWMssOS::make -C microblaze_0/libsrc/intc_v3_12/src -s include  "SHELL=CMD" "COMPILER=mb-gcc" "ASSEMBLER=mb-as" "ARCHIVER=mb-ar" "COMPIL
TRACE::2025-07-12.09:13:33::SCWMssOS::ER_FLAGS=  -O2 -c -mcpu=v11.0 -mlittle-endian -mno-xl-soft-div -mno-xl-soft-mul -mxl-barrel-shift -mxl-pattern-compare" "EXTRA_
TRACE::2025-07-12.09:13:33::SCWMssOS::COMPILER_FLAGS=-g -ffunction-sections -fdata-sections -Wall -Wextra"

TRACE::2025-07-12.09:13:33::SCWMssOS::"Running Make include in microblaze_0/libsrc/spi_v4_7/src"

TRACE::2025-07-12.09:13:33::SCWMssOS::make -C microblaze_0/libsrc/spi_v4_7/src -s include  "SHELL=CMD" "COMPILER=mb-gcc" "ASSEMBLER=mb-as" "ARCHIVER=mb-ar" "COMPILER
TRACE::2025-07-12.09:13:33::SCWMssOS::_FLAGS=  -O2 -c -mcpu=v11.0 -mlittle-endian -mno-xl-soft-div -mno-xl-soft-mul -mxl-barrel-shift -mxl-pattern-compare" "EXTRA_CO
TRACE::2025-07-12.09:13:33::SCWMssOS::MPILER_FLAGS=-g -ffunction-sections -fdata-sections -Wall -Wextra"

TRACE::2025-07-12.09:13:33::SCWMssOS::"Running Make include in microblaze_0/libsrc/standalone_v7_3/src"

TRACE::2025-07-12.09:13:33::SCWMssOS::make -C microblaze_0/libsrc/standalone_v7_3/src -s include  "SHELL=CMD" "COMPILER=mb-gcc" "ASSEMBLER=mb-as" "ARCHIVER=mb-ar" "C
TRACE::2025-07-12.09:13:33::SCWMssOS::OMPILER_FLAGS=  -O2 -c -mcpu=v11.0 -mlittle-endian -mno-xl-soft-div -mno-xl-soft-mul -mxl-barrel-shift -mxl-pattern-compare" "E
TRACE::2025-07-12.09:13:33::SCWMssOS::XTRA_COMPILER_FLAGS=-g -ffunction-sections -fdata-sections -Wall -Wextra"

TRACE::2025-07-12.09:13:33::SCWMssOS::"Running Make include in microblaze_0/libsrc/tmrctr_v4_7/src"

TRACE::2025-07-12.09:13:33::SCWMssOS::make -C microblaze_0/libsrc/tmrctr_v4_7/src -s include  "SHELL=CMD" "COMPILER=mb-gcc" "ASSEMBLER=mb-as" "ARCHIVER=mb-ar" "COMPI
TRACE::2025-07-12.09:13:33::SCWMssOS::LER_FLAGS=  -O2 -c -mcpu=v11.0 -mlittle-endian -mno-xl-soft-div -mno-xl-soft-mul -mxl-barrel-shift -mxl-pattern-compare" "EXTRA
TRACE::2025-07-12.09:13:33::SCWMssOS::_COMPILER_FLAGS=-g -ffunction-sections -fdata-sections -Wall -Wextra"

TRACE::2025-07-12.09:13:33::SCWMssOS::"Running Make include in microblaze_0/libsrc/uartlite_v3_5/src"

TRACE::2025-07-12.09:13:33::SCWMssOS::make -C microblaze_0/libsrc/uartlite_v3_5/src -s include  "SHELL=CMD" "COMPILER=mb-gcc" "ASSEMBLER=mb-as" "ARCHIVER=mb-ar" "COM
TRACE::2025-07-12.09:13:33::SCWMssOS::PILER_FLAGS=  -O2 -c -mcpu=v11.0 -mlittle-endian -mno-xl-soft-div -mno-xl-soft-mul -mxl-barrel-shift -mxl-pattern-compare" "EXT
TRACE::2025-07-12.09:13:33::SCWMssOS::RA_COMPILER_FLAGS=-g -ffunction-sections -fdata-sections -Wall -Wextra"

TRACE::2025-07-12.09:13:33::SCWMssOS::"Running Make libs in microblaze_0/libsrc/bram_v4_5/src"

TRACE::2025-07-12.09:13:34::SCWMssOS::make -C microblaze_0/libsrc/bram_v4_5/src -s libs  "SHELL=CMD" "COMPILER=mb-gcc" "ASSEMBLER=mb-as" "ARCHIVER=mb-ar" "COMPILER_F
TRACE::2025-07-12.09:13:34::SCWMssOS::LAGS=  -O2 -c -mcpu=v11.0 -mlittle-endian -mno-xl-soft-div -mno-xl-soft-mul -mxl-barrel-shift -mxl-pattern-compare" "EXTRA_COMP
TRACE::2025-07-12.09:13:34::SCWMssOS::ILER_FLAGS=-g -ffunction-sections -fdata-sections -Wall -Wextra"

TRACE::2025-07-12.09:13:34::SCWMssOS::"Running Make libs in microblaze_0/libsrc/cpu_v2_12/src"

TRACE::2025-07-12.09:13:34::SCWMssOS::make -C microblaze_0/libsrc/cpu_v2_12/src -s libs  "SHELL=CMD" "COMPILER=mb-gcc" "ASSEMBLER=mb-as" "ARCHIVER=mb-ar" "COMPILER_F
TRACE::2025-07-12.09:13:34::SCWMssOS::LAGS=  -O2 -c -mcpu=v11.0 -mlittle-endian -mno-xl-soft-div -mno-xl-soft-mul -mxl-barrel-shift -mxl-pattern-compare" "EXTRA_COMP
TRACE::2025-07-12.09:13:34::SCWMssOS::ILER_FLAGS=-g -ffunction-sections -fdata-sections -Wall -Wextra"

TRACE::2025-07-12.09:13:34::SCWMssOS::"Running Make libs in microblaze_0/libsrc/gpio_v4_7/src"

TRACE::2025-07-12.09:13:34::SCWMssOS::make -C microblaze_0/libsrc/gpio_v4_7/src -s libs  "SHELL=CMD" "COMPILER=mb-gcc" "ASSEMBLER=mb-as" "ARCHIVER=mb-ar" "COMPILER_F
TRACE::2025-07-12.09:13:34::SCWMssOS::LAGS=  -O2 -c -mcpu=v11.0 -mlittle-endian -mno-xl-soft-div -mno-xl-soft-mul -mxl-barrel-shift -mxl-pattern-compare" "EXTRA_COMP
TRACE::2025-07-12.09:13:34::SCWMssOS::ILER_FLAGS=-g -ffunction-sections -fdata-sections -Wall -Wextra"

TRACE::2025-07-12.09:13:34::SCWMssOS::"Running Make libs in microblaze_0/libsrc/iic_v3_7/src"

TRACE::2025-07-12.09:13:34::SCWMssOS::make -C microblaze_0/libsrc/iic_v3_7/src -s libs  "SHELL=CMD" "COMPILER=mb-gcc" "ASSEMBLER=mb-as" "ARCHIVER=mb-ar" "COMPILER_FL
TRACE::2025-07-12.09:13:34::SCWMssOS::AGS=  -O2 -c -mcpu=v11.0 -mlittle-endian -mno-xl-soft-div -mno-xl-soft-mul -mxl-barrel-shift -mxl-pattern-compare" "EXTRA_COMPI
TRACE::2025-07-12.09:13:34::SCWMssOS::LER_FLAGS=-g -ffunction-sections -fdata-sections -Wall -Wextra"

TRACE::2025-07-12.09:13:34::SCWMssOS::"Running Make libs in microblaze_0/libsrc/spi_v4_7/src"

TRACE::2025-07-12.09:13:34::SCWMssOS::"Running Make libs in microblaze_0/libsrc/intc_v3_12/src"

TRACE::2025-07-12.09:13:34::SCWMssOS::make -C microblaze_0/libsrc/intc_v3_12/src -s libs  "SHELL=CMD" "COMPILER=mb-gcc" "ASSEMBLER=mb-as" "ARCHIVER=mb-ar" "COMPILER_
TRACE::2025-07-12.09:13:34::SCWMssOS::FLAGS=  -O2 -c -mcpu=v11.0 -mlittle-endian -mno-xl-soft-div -mno-xl-soft-mul -mxl-barrel-shift -mxl-pattern-compare" "EXTRA_COM
TRACE::2025-07-12.09:13:34::SCWMssOS::PILER_FLAGS=-g -ffunction-sections -fdata-sections -Wall -Wextra"

TRACE::2025-07-12.09:13:34::SCWMssOS::make -C microblaze_0/libsrc/spi_v4_7/src -s libs  "SHELL=CMD" "COMPILER=mb-gcc" "ASSEMBLER=mb-as" "ARCHIVER=mb-ar" "COMPILER_FL
TRACE::2025-07-12.09:13:34::SCWMssOS::AGS=  -O2 -c -mcpu=v11.0 -mlittle-endian -mno-xl-soft-div -mno-xl-soft-mul -mxl-barrel-shift -mxl-pattern-compare" "EXTRA_COMPI
TRACE::2025-07-12.09:13:34::SCWMssOS::LER_FLAGS=-g -ffunction-sections -fdata-sections -Wall -Wextra"

TRACE::2025-07-12.09:13:34::SCWMssOS::"Running Make libs in microblaze_0/libsrc/standalone_v7_3/src"

TRACE::2025-07-12.09:13:34::SCWMssOS::"Running Make libs in microblaze_0/libsrc/tmrctr_v4_7/src"

TRACE::2025-07-12.09:13:34::SCWMssOS::make -C microblaze_0/libsrc/standalone_v7_3/src -s libs  "SHELL=CMD" "COMPILER=mb-gcc" "ASSEMBLER=mb-as" "ARCHIVER=mb-ar" "COMP
TRACE::2025-07-12.09:13:34::SCWMssOS::ILER_FLAGS=  -O2 -c -mcpu=v11.0 -mlittle-endian -mno-xl-soft-div -mno-xl-soft-mul -mxl-barrel-shift -mxl-pattern-compare" "EXTR
TRACE::2025-07-12.09:13:34::SCWMssOS::A_COMPILER_FLAGS=-g -ffunction-sections -fdata-sections -Wall -Wextra"

TRACE::2025-07-12.09:13:34::SCWMssOS::make -C microblaze_0/libsrc/tmrctr_v4_7/src -s libs  "SHELL=CMD" "COMPILER=mb-gcc" "ASSEMBLER=mb-as" "ARCHIVER=mb-ar" "COMPILER
TRACE::2025-07-12.09:13:34::SCWMssOS::_FLAGS=  -O2 -c -mcpu=v11.0 -mlittle-endian -mno-xl-soft-div -mno-xl-soft-mul -mxl-barrel-shift -mxl-pattern-compare" "EXTRA_CO
TRACE::2025-07-12.09:13:34::SCWMssOS::MPILER_FLAGS=-g -ffunction-sections -fdata-sections -Wall -Wextra"

TRACE::2025-07-12.09:13:34::SCWMssOS::"Running Make libs in microblaze_0/libsrc/uartlite_v3_5/src"

TRACE::2025-07-12.09:13:34::SCWMssOS::make -C microblaze_0/libsrc/uartlite_v3_5/src -s libs  "SHELL=CMD" "COMPILER=mb-gcc" "ASSEMBLER=mb-as" "ARCHIVER=mb-ar" "COMPIL
TRACE::2025-07-12.09:13:34::SCWMssOS::ER_FLAGS=  -O2 -c -mcpu=v11.0 -mlittle-endian -mno-xl-soft-div -mno-xl-soft-mul -mxl-barrel-shift -mxl-pattern-compare" "EXTRA_
TRACE::2025-07-12.09:13:34::SCWMssOS::COMPILER_FLAGS=-g -ffunction-sections -fdata-sections -Wall -Wextra"

TRACE::2025-07-12.09:13:37::SCWMssOS::"DEBUG NON_LTO_OBJECTS is ../../../lib/microblaze_interrupt_handler.o"

TRACE::2025-07-12.09:13:38::SCWMssOS::'Finished building libraries parallelly.'

TRACE::2025-07-12.09:13:38::SCWMssOS::make --no-print-directory archive

TRACE::2025-07-12.09:13:38::SCWMssOS::mb-ar -r  microblaze_0/lib/libxil.a microblaze_0/lib/xplatform_info.o microblaze_0/lib/xtmrctr_options.o microblaze_0/lib/micro
TRACE::2025-07-12.09:13:38::SCWMssOS::blaze_disable_exceptions.o microblaze_0/lib/print.o microblaze_0/lib/xil_testio.o microblaze_0/lib/microblaze_disable_dcache.o 
TRACE::2025-07-12.09:13:38::SCWMssOS::microblaze_0/lib/microblaze_flush_dcache_range.o microblaze_0/lib/xspi_g.o microblaze_0/lib/microblaze_flush_cache_ext.o microb
TRACE::2025-07-12.09:13:38::SCWMssOS::laze_0/lib/xspi.o microblaze_0/lib/xspi_sinit.o microblaze_0/lib/xil_misc_psreset_api.o microblaze_0/lib/xspi_selftest.o microb
TRACE::2025-07-12.09:13:38::SCWMssOS::laze_0/lib/xil_cache.o microblaze_0/lib/xil_util.o microblaze_0/lib/inbyte.o microblaze_0/lib/xiic_multi_master.o microblaze_0/
TRACE::2025-07-12.09:13:38::SCWMssOS::lib/xiic_sinit.o microblaze_0/lib/microblaze_exception_handler.o microblaze_0/lib/xbram_g.o microblaze_0/lib/xbram_sinit.o micr
TRACE::2025-07-12.09:13:38::SCWMssOS::oblaze_0/lib/microblaze_scrub.o microblaze_0/lib/xtmrctr_intr.o microblaze_0/lib/microblaze_invalidate_dcache.o microblaze_0/li
TRACE::2025-07-12.09:13:38::SCWMssOS::b/microblaze_disable_interrupts.o microblaze_0/lib/xbram_selftest.o microblaze_0/lib/microblaze_interrupt_handler.o microblaze_
TRACE::2025-07-12.09:13:38::SCWMssOS::0/lib/microblaze_disable_icache.o microblaze_0/lib/_exit.o microblaze_0/lib/xgpio_g.o microblaze_0/lib/xuartlite_g.o microblaze
TRACE::2025-07-12.09:13:38::SCWMssOS::_0/lib/xspi_stats.o microblaze_0/lib/microblaze_flush_cache_ext_range.o microblaze_0/lib/xiic_intr.o microblaze_0/lib/xil_sleep
TRACE::2025-07-12.09:13:38::SCWMssOS::common.o microblaze_0/lib/xil_printf.o microblaze_0/lib/xintc_g.o microblaze_0/lib/xiic_g.o microblaze_0/lib/xiic_l.o microblaz
TRACE::2025-07-12.09:13:38::SCWMssOS::e_0/lib/xtmrctr_l.o microblaze_0/lib/xintc_selftest.o microblaze_0/lib/xintc_l.o microblaze_0/lib/outbyte.o microblaze_0/lib/xi
TRACE::2025-07-12.09:13:38::SCWMssOS::o.o microblaze_0/lib/xgpio_intr.o microblaze_0/lib/xiic_slave.o microblaze_0/lib/microblaze_invalidate_dcache_range.o microblaz
TRACE::2025-07-12.09:13:38::SCWMssOS::e_0/lib/xil_testmem.o microblaze_0/lib/microblaze_invalidate_cache_ext.o microblaze_0/lib/microblaze_sleep.o microblaze_0/lib/x
TRACE::2025-07-12.09:13:38::SCWMssOS::uartlite_sinit.o microblaze_0/lib/hw_exception_handler.o microblaze_0/lib/xtmrctr.o microblaze_0/lib/xintc_options.o microblaze
TRACE::2025-07-12.09:13:38::SCWMssOS::_0/lib/xuartlite_selftest.o microblaze_0/lib/xgpio_sinit.o microblaze_0/lib/xuartlite.o microblaze_0/lib/microblaze_update_dcac
TRACE::2025-07-12.09:13:38::SCWMssOS::he.o microblaze_0/lib/xil_testcache.o microblaze_0/lib/microblaze_selftest.o microblaze_0/lib/microblaze_interrupts_g.o microbl
TRACE::2025-07-12.09:13:38::SCWMssOS::aze_0/lib/microblaze_enable_exceptions.o microblaze_0/lib/xil_mem.o microblaze_0/lib/xtmrctr_g.o microblaze_0/lib/microblaze_en
TRACE::2025-07-12.09:13:38::SCWMssOS::able_dcache.o microblaze_0/lib/xbram.o microblaze_0/lib/microblaze_invalidate_icache_range.o microblaze_0/lib/xtmrctr_selftest.
TRACE::2025-07-12.09:13:38::SCWMssOS::o microblaze_0/lib/microblaze_init_dcache_range.o microblaze_0/lib/microblaze_invalidate_icache.o microblaze_0/lib/xspi_options
TRACE::2025-07-12.09:13:38::SCWMssOS::.o microblaze_0/lib/errno.o microblaze_0/lib/xuartlite_l.o microblaze_0/lib/xiic_dyn_master.o microblaze_0/lib/xintc.o microbla
TRACE::2025-07-12.09:13:38::SCWMssOS::ze_0/lib/xuartlite_stats.o microblaze_0/lib/microblaze_invalidate_cache_ext_range.o microblaze_0/lib/xintc_intr.o microblaze_0/
TRACE::2025-07-12.09:13:38::SCWMssOS::lib/xil_exception.o microblaze_0/lib/pvr.o microblaze_0/lib/xgpio.o microblaze_0/lib/xiic_options.o microblaze_0/lib/microblaze
TRACE::2025-07-12.09:13:38::SCWMssOS::_update_icache.o microblaze_0/lib/xiic_master.o microblaze_0/lib/xuartlite_intr.o microblaze_0/lib/microblaze_flush_dcache.o mi
TRACE::2025-07-12.09:13:38::SCWMssOS::croblaze_0/lib/xil_clocking.o microblaze_0/lib/xil_assert.o microblaze_0/lib/xiic_stats.o microblaze_0/lib/microblaze_enable_in
TRACE::2025-07-12.09:13:38::SCWMssOS::terrupts.o microblaze_0/lib/xgpio_extra.o microblaze_0/lib/microblaze_init_icache_range.o microblaze_0/lib/microblaze_enable_ic
TRACE::2025-07-12.09:13:38::SCWMssOS::ache.o microblaze_0/lib/xiic.o microblaze_0/lib/xtmrctr_stats.o microblaze_0/lib/xbram_intr.o microblaze_0/lib/xtmrctr_sinit.o 
TRACE::2025-07-12.09:13:38::SCWMssOS::microblaze_0/lib/xiic_selftest.o microblaze_0/lib/fcntl.o microblaze_0/lib/xgpio_selftest.o

TRACE::2025-07-12.09:13:38::SCWMssOS::'Finished building libraries'

TRACE::2025-07-12.09:13:38::SCWMssOS::Copying to export directory.
TRACE::2025-07-12.09:13:39::SCWMssOS:: Checking if to create the Supporting Applications
TRACE::2025-07-12.09:13:39::SCWMssOS:: No Linux domain exists, trying to generate FSBL 
LOG::2025-07-12.09:13:39::SCWSystem::Completed Processing the domain standalone_domain
LOG::2025-07-12.09:13:39::SCWSystem::Completed Processing the sysconfig iic_spi_10KHz_ILA
LOG::2025-07-12.09:13:39::SCWPlatform::Completed generating the artifacts for system configuration iic_spi_10KHz_ILA
TRACE::2025-07-12.09:13:39::SCWPlatform::Started preparing the platform 
TRACE::2025-07-12.09:13:39::SCWSystem::Writing the bif file for system config iic_spi_10KHz_ILA
TRACE::2025-07-12.09:13:39::SCWSystem::dir created 
TRACE::2025-07-12.09:13:39::SCWSystem::Writing the bif 
TRACE::2025-07-12.09:13:39::SCWPlatform::Started writing the spfm file 
TRACE::2025-07-12.09:13:39::SCWPlatform::Started writing the xpfm file 
TRACE::2025-07-12.09:13:39::SCWPlatform::Completed generating the platform
TRACE::2025-07-12.09:13:39::SCWMssOS::Saving the mss changes C:/Users/ilpes/Desktop/Antenne_e_clocks/obb_golden_INTC_UART_MMCM/iic_spi_10KHz_ILA/microblaze_0/standalone_domain/bsp/system.mss
TRACE::2025-07-12.09:13:39::SCWMssOS::Found a swdesign opened with the mssfile.
TRACE::2025-07-12.09:13:39::SCWMssOS::Completed writemss as part of save.
TRACE::2025-07-12.09:13:39::SCWMssOS::Commit changes completed.
TRACE::2025-07-12.09:13:39::SCWPlatform::Trying to open the hw design at C:/Users/ilpes/Desktop/Antenne_e_clocks/obb_golden_INTC_UART_MMCM/iic_spi_10KHz_ILA/hw/user_35t_withILA.xsa
TRACE::2025-07-12.09:13:39::SCWPlatform::DSA given C:/Users/ilpes/Desktop/Antenne_e_clocks/obb_golden_INTC_UART_MMCM/iic_spi_10KHz_ILA/hw/user_35t_withILA.xsa
TRACE::2025-07-12.09:13:39::SCWPlatform::DSA absoulate path C:/Users/ilpes/Desktop/Antenne_e_clocks/obb_golden_INTC_UART_MMCM/iic_spi_10KHz_ILA/hw/user_35t_withILA.xsa
TRACE::2025-07-12.09:13:39::SCWPlatform::DSA directory C:/Users/ilpes/Desktop/Antenne_e_clocks/obb_golden_INTC_UART_MMCM/iic_spi_10KHz_ILA/hw
TRACE::2025-07-12.09:13:39::SCWPlatform:: Platform Path C:/Users/ilpes/Desktop/Antenne_e_clocks/obb_golden_INTC_UART_MMCM/iic_spi_10KHz_ILA/hw/user_35t_withILA.xsa
TRACE::2025-07-12.09:13:39::SCWPlatform:: Unique name xilinx:cmod_a7-35t::0.0
TRACE::2025-07-12.09:13:39::SCWPlatform::Trying to set the existing hwdb with name user_35t_wrapper_11
TRACE::2025-07-12.09:13:39::SCWPlatform::Opened existing hwdb user_35t_wrapper_11
TRACE::2025-07-12.09:13:39::SCWPlatform::Found the Hw Db part of the input DSA
TRACE::2025-07-12.09:13:39::SCWMssOS::Checking the sw design at  C:/Users/ilpes/Desktop/Antenne_e_clocks/obb_golden_INTC_UART_MMCM/iic_spi_10KHz_ILA/microblaze_0/standalone_domain/bsp/system.mss
TRACE::2025-07-12.09:13:39::SCWMssOS::DEBUG:  swdes dump  C:/Users/ilpes/Desktop/Antenne_e_clocks/obb_golden_INTC_UART_MMCM/iic_spi_10KHz_ILA/microblaze_0/standalone_domain/bsp/system.mss|system||

TRACE::2025-07-12.09:13:39::SCWMssOS::Sw design exists and opened at  C:/Users/ilpes/Desktop/Antenne_e_clocks/obb_golden_INTC_UART_MMCM/iic_spi_10KHz_ILA/microblaze_0/standalone_domain/bsp/system.mss
TRACE::2025-07-12.09:13:39::SCWWriter::formatted JSON is {
	"platformName":	"iic_spi_10KHz_ILA",
	"sprVersion":	"2.0",
	"mode":	"gui",
	"dsaType":	"Fixed",
	"platformDesc":	"iic_spi_10KHz_ILA",
	"platHandOff":	"C:/Users/ilpes/Desktop/INSEGNAMENTO/Didattica2023/CMOD_A35t_emc_uart_iic_spi/project_1/user_35t_withILA.xsa",
	"platIntHandOff":	"<platformDir>/hw/user_35t_withILA.xsa",
	"deviceType":	"FPGA",
	"platIsPrebuiltAutogen":	"false",
	"platIsNoBootBsp":	"false",
	"hasFsblMakeHasChanges":	"false",
	"hasPmufwMakeHasChanges":	"false",
	"platPreBuiltFlag":	false,
	"platformSamplesDir":	"",
	"platActiveSys":	"iic_spi_10KHz_ILA",
	"systems":	[{
			"systemName":	"iic_spi_10KHz_ILA",
			"systemDesc":	"iic_spi_10KHz_ILA",
			"sysIsBootAutoGen":	"true",
			"systemDispName":	"iic_spi_10KHz_ILA",
			"sysActiveDom":	"standalone_domain",
			"sysDefaultDom":	"standalone_domain",
			"domains":	[{
					"domainName":	"standalone_domain",
					"domainDispName":	"standalone on microblaze_0",
					"domainDesc":	"standalone_domain",
					"processors":	"microblaze_0",
					"os":	"standalone",
					"sdxOs":	"standalone",
					"debugEnable":	"False",
					"domRuntimes":	["cpp"],
					"swRepo":	"",
					"mssOsVer":	"7.3",
					"mssFile":	"",
					"md5Digest":	"4ff912ba097ec0244cd8262b18dcbf48",
					"compatibleApp":	"",
					"domType":	"mssDomain",
					"arch":	"32-bit",
					"appSettings":	{
						"appCompilerFlags":	"",
						"appLinkerFlags":	""
					},
					"addedLibs":	[],
					"libOptions":	{
						"libsContainingOptions":	[]
					},
					"prebuiltLibs":	{
						"prebuiltIncPath":	[],
						"prebuiltLibPath":	[]
					},
					"isolation":	{
					}
				}]
		}]
}
KEYINFO::2025-07-12.09:13:39::SCWPlatform::updated the xpfm file.
TRACE::2025-07-12.09:13:39::SCWPlatform::Trying to open the hw design at C:/Users/ilpes/Desktop/Antenne_e_clocks/obb_golden_INTC_UART_MMCM/iic_spi_10KHz_ILA/hw/user_35t_withILA.xsa
TRACE::2025-07-12.09:13:39::SCWPlatform::DSA given C:/Users/ilpes/Desktop/Antenne_e_clocks/obb_golden_INTC_UART_MMCM/iic_spi_10KHz_ILA/hw/user_35t_withILA.xsa
TRACE::2025-07-12.09:13:39::SCWPlatform::DSA absoulate path C:/Users/ilpes/Desktop/Antenne_e_clocks/obb_golden_INTC_UART_MMCM/iic_spi_10KHz_ILA/hw/user_35t_withILA.xsa
TRACE::2025-07-12.09:13:39::SCWPlatform::DSA directory C:/Users/ilpes/Desktop/Antenne_e_clocks/obb_golden_INTC_UART_MMCM/iic_spi_10KHz_ILA/hw
TRACE::2025-07-12.09:13:39::SCWPlatform:: Platform Path C:/Users/ilpes/Desktop/Antenne_e_clocks/obb_golden_INTC_UART_MMCM/iic_spi_10KHz_ILA/hw/user_35t_withILA.xsa
TRACE::2025-07-12.09:13:39::SCWPlatform:: Unique name xilinx:cmod_a7-35t::0.0
TRACE::2025-07-12.09:13:39::SCWPlatform::Trying to set the existing hwdb with name user_35t_wrapper_11
TRACE::2025-07-12.09:13:39::SCWPlatform::Opened existing hwdb user_35t_wrapper_11
TRACE::2025-07-12.09:13:39::SCWPlatform::Found the Hw Db part of the input DSA
TRACE::2025-07-12.09:13:39::SCWMssOS::Checking the sw design at  C:/Users/ilpes/Desktop/Antenne_e_clocks/obb_golden_INTC_UART_MMCM/iic_spi_10KHz_ILA/microblaze_0/standalone_domain/bsp/system.mss
TRACE::2025-07-12.09:13:39::SCWMssOS::DEBUG:  swdes dump  C:/Users/ilpes/Desktop/Antenne_e_clocks/obb_golden_INTC_UART_MMCM/iic_spi_10KHz_ILA/microblaze_0/standalone_domain/bsp/system.mss|system||

TRACE::2025-07-12.09:13:39::SCWMssOS::Sw design exists and opened at  C:/Users/ilpes/Desktop/Antenne_e_clocks/obb_golden_INTC_UART_MMCM/iic_spi_10KHz_ILA/microblaze_0/standalone_domain/bsp/system.mss
TRACE::2025-07-12.15:58:45::SCWPlatform::Trying to open the hw design at C:/Users/ilpes/Desktop/Antenne_e_clocks/obb_golden_INTC_UART_MMCM/iic_spi_10KHz_ILA/hw/user_35t_withILA.xsa
TRACE::2025-07-12.15:58:45::SCWPlatform::DSA given C:/Users/ilpes/Desktop/Antenne_e_clocks/obb_golden_INTC_UART_MMCM/iic_spi_10KHz_ILA/hw/user_35t_withILA.xsa
TRACE::2025-07-12.15:58:45::SCWPlatform::DSA absoulate path C:/Users/ilpes/Desktop/Antenne_e_clocks/obb_golden_INTC_UART_MMCM/iic_spi_10KHz_ILA/hw/user_35t_withILA.xsa
TRACE::2025-07-12.15:58:47::SCWPlatform::DSA directory C:/Users/ilpes/Desktop/Antenne_e_clocks/obb_golden_INTC_UART_MMCM/iic_spi_10KHz_ILA/hw
TRACE::2025-07-12.15:58:47::SCWPlatform:: Platform Path C:/Users/ilpes/Desktop/Antenne_e_clocks/obb_golden_INTC_UART_MMCM/iic_spi_10KHz_ILA/hw/user_35t_withILA.xsa
TRACE::2025-07-12.15:58:47::SCWPlatform:: Unique name xilinx:cmod_a7-35t::0.0
TRACE::2025-07-12.15:58:47::SCWPlatform::Do not have an existing db opened. 
TRACE::2025-07-12.15:58:47::SCWPlatform::Opened new HwDB with name user_35t_wrapper_3
TRACE::2025-07-12.15:58:47::SCWReader::Active system found as  iic_spi_10KHz_ILA
TRACE::2025-07-12.15:58:47::SCWReader::Handling sysconfig iic_spi_10KHz_ILA
TRACE::2025-07-12.15:58:47::SCWDomain::checking for install qemu data   : 
TRACE::2025-07-12.15:58:47::SCWPlatform::Trying to open the hw design at C:/Users/ilpes/Desktop/Antenne_e_clocks/obb_golden_INTC_UART_MMCM/iic_spi_10KHz_ILA/hw/user_35t_withILA.xsa
TRACE::2025-07-12.15:58:47::SCWPlatform::DSA given C:/Users/ilpes/Desktop/Antenne_e_clocks/obb_golden_INTC_UART_MMCM/iic_spi_10KHz_ILA/hw/user_35t_withILA.xsa
TRACE::2025-07-12.15:58:47::SCWPlatform::DSA absoulate path C:/Users/ilpes/Desktop/Antenne_e_clocks/obb_golden_INTC_UART_MMCM/iic_spi_10KHz_ILA/hw/user_35t_withILA.xsa
TRACE::2025-07-12.15:58:47::SCWPlatform::DSA directory C:/Users/ilpes/Desktop/Antenne_e_clocks/obb_golden_INTC_UART_MMCM/iic_spi_10KHz_ILA/hw
TRACE::2025-07-12.15:58:47::SCWPlatform:: Platform Path C:/Users/ilpes/Desktop/Antenne_e_clocks/obb_golden_INTC_UART_MMCM/iic_spi_10KHz_ILA/hw/user_35t_withILA.xsa
TRACE::2025-07-12.15:58:47::SCWPlatform:: Unique name xilinx:cmod_a7-35t::0.0
TRACE::2025-07-12.15:58:47::SCWPlatform::Trying to set the existing hwdb with name user_35t_wrapper_3
TRACE::2025-07-12.15:58:47::SCWPlatform::Opened existing hwdb user_35t_wrapper_3
TRACE::2025-07-12.15:58:47::SCWPlatform::Found the Hw Db part of the input DSA
TRACE::2025-07-12.15:58:47::SCWPlatform::Trying to open the hw design at C:/Users/ilpes/Desktop/Antenne_e_clocks/obb_golden_INTC_UART_MMCM/iic_spi_10KHz_ILA/hw/user_35t_withILA.xsa
TRACE::2025-07-12.15:58:47::SCWPlatform::DSA given C:/Users/ilpes/Desktop/Antenne_e_clocks/obb_golden_INTC_UART_MMCM/iic_spi_10KHz_ILA/hw/user_35t_withILA.xsa
TRACE::2025-07-12.15:58:47::SCWPlatform::DSA absoulate path C:/Users/ilpes/Desktop/Antenne_e_clocks/obb_golden_INTC_UART_MMCM/iic_spi_10KHz_ILA/hw/user_35t_withILA.xsa
TRACE::2025-07-12.15:58:47::SCWPlatform::DSA directory C:/Users/ilpes/Desktop/Antenne_e_clocks/obb_golden_INTC_UART_MMCM/iic_spi_10KHz_ILA/hw
TRACE::2025-07-12.15:58:47::SCWPlatform:: Platform Path C:/Users/ilpes/Desktop/Antenne_e_clocks/obb_golden_INTC_UART_MMCM/iic_spi_10KHz_ILA/hw/user_35t_withILA.xsa
TRACE::2025-07-12.15:58:47::SCWPlatform:: Unique name xilinx:cmod_a7-35t::0.0
TRACE::2025-07-12.15:58:47::SCWPlatform::Trying to set the existing hwdb with name user_35t_wrapper_3
TRACE::2025-07-12.15:58:47::SCWPlatform::Opened existing hwdb user_35t_wrapper_3
TRACE::2025-07-12.15:58:47::SCWPlatform::Found the Hw Db part of the input DSA
TRACE::2025-07-12.15:58:47::SCWPlatform::Trying to open the hw design at C:/Users/ilpes/Desktop/Antenne_e_clocks/obb_golden_INTC_UART_MMCM/iic_spi_10KHz_ILA/hw/user_35t_withILA.xsa
TRACE::2025-07-12.15:58:47::SCWPlatform::DSA given C:/Users/ilpes/Desktop/Antenne_e_clocks/obb_golden_INTC_UART_MMCM/iic_spi_10KHz_ILA/hw/user_35t_withILA.xsa
TRACE::2025-07-12.15:58:47::SCWPlatform::DSA absoulate path C:/Users/ilpes/Desktop/Antenne_e_clocks/obb_golden_INTC_UART_MMCM/iic_spi_10KHz_ILA/hw/user_35t_withILA.xsa
TRACE::2025-07-12.15:58:47::SCWPlatform::DSA directory C:/Users/ilpes/Desktop/Antenne_e_clocks/obb_golden_INTC_UART_MMCM/iic_spi_10KHz_ILA/hw
TRACE::2025-07-12.15:58:47::SCWPlatform:: Platform Path C:/Users/ilpes/Desktop/Antenne_e_clocks/obb_golden_INTC_UART_MMCM/iic_spi_10KHz_ILA/hw/user_35t_withILA.xsa
TRACE::2025-07-12.15:58:47::SCWPlatform:: Unique name xilinx:cmod_a7-35t::0.0
TRACE::2025-07-12.15:58:47::SCWPlatform::Trying to set the existing hwdb with name user_35t_wrapper_3
TRACE::2025-07-12.15:58:47::SCWPlatform::Opened existing hwdb user_35t_wrapper_3
TRACE::2025-07-12.15:58:47::SCWPlatform::Found the Hw Db part of the input DSA
TRACE::2025-07-12.15:58:47::SCWPlatform::Trying to open the hw design at C:/Users/ilpes/Desktop/Antenne_e_clocks/obb_golden_INTC_UART_MMCM/iic_spi_10KHz_ILA/hw/user_35t_withILA.xsa
TRACE::2025-07-12.15:58:47::SCWPlatform::DSA given C:/Users/ilpes/Desktop/Antenne_e_clocks/obb_golden_INTC_UART_MMCM/iic_spi_10KHz_ILA/hw/user_35t_withILA.xsa
TRACE::2025-07-12.15:58:47::SCWPlatform::DSA absoulate path C:/Users/ilpes/Desktop/Antenne_e_clocks/obb_golden_INTC_UART_MMCM/iic_spi_10KHz_ILA/hw/user_35t_withILA.xsa
TRACE::2025-07-12.15:58:47::SCWPlatform::DSA directory C:/Users/ilpes/Desktop/Antenne_e_clocks/obb_golden_INTC_UART_MMCM/iic_spi_10KHz_ILA/hw
TRACE::2025-07-12.15:58:47::SCWPlatform:: Platform Path C:/Users/ilpes/Desktop/Antenne_e_clocks/obb_golden_INTC_UART_MMCM/iic_spi_10KHz_ILA/hw/user_35t_withILA.xsa
TRACE::2025-07-12.15:58:47::SCWPlatform:: Unique name xilinx:cmod_a7-35t::0.0
TRACE::2025-07-12.15:58:47::SCWPlatform::Trying to set the existing hwdb with name user_35t_wrapper_3
TRACE::2025-07-12.15:58:47::SCWPlatform::Opened existing hwdb user_35t_wrapper_3
TRACE::2025-07-12.15:58:47::SCWPlatform::Found the Hw Db part of the input DSA
TRACE::2025-07-12.15:58:47::SCWMssOS::Checking the sw design at  C:/Users/ilpes/Desktop/Antenne_e_clocks/obb_golden_INTC_UART_MMCM/iic_spi_10KHz_ILA/microblaze_0/standalone_domain/bsp/system.mss
TRACE::2025-07-12.15:58:47::SCWMssOS::DEBUG:  swdes dump  
TRACE::2025-07-12.15:58:47::SCWMssOS::No sw design opened at  C:/Users/ilpes/Desktop/Antenne_e_clocks/obb_golden_INTC_UART_MMCM/iic_spi_10KHz_ILA/microblaze_0/standalone_domain/bsp/system.mss
TRACE::2025-07-12.15:58:47::SCWMssOS::mss exists loading the mss file  C:/Users/ilpes/Desktop/Antenne_e_clocks/obb_golden_INTC_UART_MMCM/iic_spi_10KHz_ILA/microblaze_0/standalone_domain/bsp/system.mss
TRACE::2025-07-12.15:58:47::SCWMssOS::Opened the sw design from mss  C:/Users/ilpes/Desktop/Antenne_e_clocks/obb_golden_INTC_UART_MMCM/iic_spi_10KHz_ILA/microblaze_0/standalone_domain/bsp/system.mss
TRACE::2025-07-12.15:58:47::SCWMssOS::Adding the swdes entry C:/Users/ilpes/Desktop/Antenne_e_clocks/obb_golden_INTC_UART_MMCM/iic_spi_10KHz_ILA/microblaze_0/standalone_domain/bsp/system.mss with des name system
TRACE::2025-07-12.15:58:47::SCWMssOS::updating the scw layer about changes
TRACE::2025-07-12.15:58:47::SCWMssOS::Opened the sw design.  C:/Users/ilpes/Desktop/Antenne_e_clocks/obb_golden_INTC_UART_MMCM/iic_spi_10KHz_ILA/microblaze_0/standalone_domain/bsp/system.mss
TRACE::2025-07-12.15:58:47::SCWMssOS::Saving the mss changes C:/Users/ilpes/Desktop/Antenne_e_clocks/obb_golden_INTC_UART_MMCM/iic_spi_10KHz_ILA/microblaze_0/standalone_domain/bsp/system.mss
TRACE::2025-07-12.15:58:47::SCWMssOS::Found a swdesign opened with the mssfile.
TRACE::2025-07-12.15:58:47::SCWMssOS::Completed writemss as part of save.
TRACE::2025-07-12.15:58:47::SCWMssOS::Commit changes completed.
TRACE::2025-07-12.15:58:47::SCWReader::Adding prebuilt librarypaths as   
TRACE::2025-07-12.15:58:47::SCWReader::Adding prebuilt incpaths  as   
TRACE::2025-07-12.15:58:47::SCWPlatform::Trying to open the hw design at C:/Users/ilpes/Desktop/Antenne_e_clocks/obb_golden_INTC_UART_MMCM/iic_spi_10KHz_ILA/hw/user_35t_withILA.xsa
TRACE::2025-07-12.15:58:47::SCWPlatform::DSA given C:/Users/ilpes/Desktop/Antenne_e_clocks/obb_golden_INTC_UART_MMCM/iic_spi_10KHz_ILA/hw/user_35t_withILA.xsa
TRACE::2025-07-12.15:58:47::SCWPlatform::DSA absoulate path C:/Users/ilpes/Desktop/Antenne_e_clocks/obb_golden_INTC_UART_MMCM/iic_spi_10KHz_ILA/hw/user_35t_withILA.xsa
TRACE::2025-07-12.15:58:47::SCWPlatform::DSA directory C:/Users/ilpes/Desktop/Antenne_e_clocks/obb_golden_INTC_UART_MMCM/iic_spi_10KHz_ILA/hw
TRACE::2025-07-12.15:58:47::SCWPlatform:: Platform Path C:/Users/ilpes/Desktop/Antenne_e_clocks/obb_golden_INTC_UART_MMCM/iic_spi_10KHz_ILA/hw/user_35t_withILA.xsa
TRACE::2025-07-12.15:58:47::SCWPlatform:: Unique name xilinx:cmod_a7-35t::0.0
TRACE::2025-07-12.15:58:47::SCWPlatform::Trying to set the existing hwdb with name user_35t_wrapper_3
TRACE::2025-07-12.15:58:47::SCWPlatform::Opened existing hwdb user_35t_wrapper_3
TRACE::2025-07-12.15:58:47::SCWPlatform::Found the Hw Db part of the input DSA
TRACE::2025-07-12.15:58:47::SCWMssOS::Checking the sw design at  C:/Users/ilpes/Desktop/Antenne_e_clocks/obb_golden_INTC_UART_MMCM/iic_spi_10KHz_ILA/microblaze_0/standalone_domain/bsp/system.mss
TRACE::2025-07-12.15:58:47::SCWMssOS::DEBUG:  swdes dump  C:/Users/ilpes/Desktop/Antenne_e_clocks/obb_golden_INTC_UART_MMCM/iic_spi_10KHz_ILA/microblaze_0/standalone_domain/bsp/system.mss|system||

TRACE::2025-07-12.15:58:47::SCWMssOS::Sw design exists and opened at  C:/Users/ilpes/Desktop/Antenne_e_clocks/obb_golden_INTC_UART_MMCM/iic_spi_10KHz_ILA/microblaze_0/standalone_domain/bsp/system.mss
TRACE::2025-07-12.15:58:47::SCWReader::No isolation master present  
LOG::2025-07-12.15:58:47::SCWPlatform::Started generating the artifacts platform iic_spi_10KHz_ILA
TRACE::2025-07-12.15:58:47::SCWPlatform::Sanity checking of platform is completed
LOG::2025-07-12.15:58:47::SCWPlatform::Started generating the artifacts for system configuration iic_spi_10KHz_ILA
LOG::2025-07-12.15:58:47::SCWSystem::Checking the domain standalone_domain
LOG::2025-07-12.15:58:47::SCWSystem::Not a boot domain 
LOG::2025-07-12.15:58:47::SCWSystem::Started Processing the domain standalone_domain
TRACE::2025-07-12.15:58:47::SCWDomain::Generating domain artifcats
TRACE::2025-07-12.15:58:47::SCWMssOS::Generating standalone artifcats
TRACE::2025-07-12.15:58:47::SCWMssOS:: Copying the user libraries. 
TRACE::2025-07-12.15:58:47::SCWPlatform::Trying to open the hw design at C:/Users/ilpes/Desktop/Antenne_e_clocks/obb_golden_INTC_UART_MMCM/iic_spi_10KHz_ILA/hw/user_35t_withILA.xsa
TRACE::2025-07-12.15:58:47::SCWPlatform::DSA given C:/Users/ilpes/Desktop/Antenne_e_clocks/obb_golden_INTC_UART_MMCM/iic_spi_10KHz_ILA/hw/user_35t_withILA.xsa
TRACE::2025-07-12.15:58:47::SCWPlatform::DSA absoulate path C:/Users/ilpes/Desktop/Antenne_e_clocks/obb_golden_INTC_UART_MMCM/iic_spi_10KHz_ILA/hw/user_35t_withILA.xsa
TRACE::2025-07-12.15:58:47::SCWPlatform::DSA directory C:/Users/ilpes/Desktop/Antenne_e_clocks/obb_golden_INTC_UART_MMCM/iic_spi_10KHz_ILA/hw
TRACE::2025-07-12.15:58:47::SCWPlatform:: Platform Path C:/Users/ilpes/Desktop/Antenne_e_clocks/obb_golden_INTC_UART_MMCM/iic_spi_10KHz_ILA/hw/user_35t_withILA.xsa
TRACE::2025-07-12.15:58:47::SCWPlatform:: Unique name xilinx:cmod_a7-35t::0.0
TRACE::2025-07-12.15:58:47::SCWPlatform::Trying to set the existing hwdb with name user_35t_wrapper_3
TRACE::2025-07-12.15:58:47::SCWPlatform::Opened existing hwdb user_35t_wrapper_3
TRACE::2025-07-12.15:58:47::SCWPlatform::Found the Hw Db part of the input DSA
TRACE::2025-07-12.15:58:47::SCWMssOS::Checking the sw design at  C:/Users/ilpes/Desktop/Antenne_e_clocks/obb_golden_INTC_UART_MMCM/iic_spi_10KHz_ILA/microblaze_0/standalone_domain/bsp/system.mss
TRACE::2025-07-12.15:58:47::SCWMssOS::DEBUG:  swdes dump  C:/Users/ilpes/Desktop/Antenne_e_clocks/obb_golden_INTC_UART_MMCM/iic_spi_10KHz_ILA/microblaze_0/standalone_domain/bsp/system.mss|system||

TRACE::2025-07-12.15:58:47::SCWMssOS::Sw design exists and opened at  C:/Users/ilpes/Desktop/Antenne_e_clocks/obb_golden_INTC_UART_MMCM/iic_spi_10KHz_ILA/microblaze_0/standalone_domain/bsp/system.mss
TRACE::2025-07-12.15:58:47::SCWMssOS::Completed writing the mss file at C:/Users/ilpes/Desktop/Antenne_e_clocks/obb_golden_INTC_UART_MMCM/iic_spi_10KHz_ILA/microblaze_0/standalone_domain/bsp
TRACE::2025-07-12.15:58:47::SCWMssOS::Mss edits present, copying mssfile into export location C:/Users/ilpes/Desktop/Antenne_e_clocks/obb_golden_INTC_UART_MMCM/iic_spi_10KHz_ILA/microblaze_0/standalone_domain/bsp/system.mss
TRACE::2025-07-12.15:58:47::SCWMssOS::bsp generated is upto date with the mss file. Skipping bsp generation.
TRACE::2025-07-12.15:58:47::SCWMssOS::BSP is already built. skipping the bsp build ... 
TRACE::2025-07-12.15:58:47::SCWDomain::Building the domain as part of full build :  standalone_domain
TRACE::2025-07-12.15:58:47::SCWMssOS::doing bsp build ... 
TRACE::2025-07-12.15:58:47::SCWMssOS::System Command Ran  C: & cd  C:/Users/ilpes/Desktop/Antenne_e_clocks/obb_golden_INTC_UART_MMCM/iic_spi_10KHz_ILA/microblaze_0/standalone_domain/bsp & make 
TRACE::2025-07-12.15:58:47::SCWMssOS::make --no-print-directory seq_libs

TRACE::2025-07-12.15:58:47::SCWMssOS::'Finished building libraries sequentially.'

TRACE::2025-07-12.15:58:47::SCWMssOS::make -j --no-print-directory par_libs

TRACE::2025-07-12.15:58:47::SCWMssOS::"Running Make include in microblaze_0/libsrc/bram_v4_5/src"

TRACE::2025-07-12.15:58:47::SCWMssOS::make -C microblaze_0/libsrc/bram_v4_5/src -s include  "SHELL=CMD" "COMPILER=mb-gcc" "ASSEMBLER=mb-as" "ARCHIVER=mb-ar" "COMPILE
TRACE::2025-07-12.15:58:47::SCWMssOS::R_FLAGS=  -O2 -c -mcpu=v11.0 -mlittle-endian -mno-xl-soft-div -mno-xl-soft-mul -mxl-barrel-shift -mxl-pattern-compare" "EXTRA_C
TRACE::2025-07-12.15:58:47::SCWMssOS::OMPILER_FLAGS=-g -ffunction-sections -fdata-sections -Wall -Wextra"

TRACE::2025-07-12.15:58:47::SCWMssOS::"Running Make include in microblaze_0/libsrc/cpu_v2_12/src"

TRACE::2025-07-12.15:58:48::SCWMssOS::make -C microblaze_0/libsrc/cpu_v2_12/src -s include  "SHELL=CMD" "COMPILER=mb-gcc" "ASSEMBLER=mb-as" "ARCHIVER=mb-ar" "COMPILE
TRACE::2025-07-12.15:58:48::SCWMssOS::R_FLAGS=  -O2 -c -mcpu=v11.0 -mlittle-endian -mno-xl-soft-div -mno-xl-soft-mul -mxl-barrel-shift -mxl-pattern-compare" "EXTRA_C
TRACE::2025-07-12.15:58:48::SCWMssOS::OMPILER_FLAGS=-g -ffunction-sections -fdata-sections -Wall -Wextra"

TRACE::2025-07-12.15:58:48::SCWMssOS::"Running Make include in microblaze_0/libsrc/gpio_v4_7/src"

TRACE::2025-07-12.15:58:48::SCWMssOS::make -C microblaze_0/libsrc/gpio_v4_7/src -s include  "SHELL=CMD" "COMPILER=mb-gcc" "ASSEMBLER=mb-as" "ARCHIVER=mb-ar" "COMPILE
TRACE::2025-07-12.15:58:48::SCWMssOS::R_FLAGS=  -O2 -c -mcpu=v11.0 -mlittle-endian -mno-xl-soft-div -mno-xl-soft-mul -mxl-barrel-shift -mxl-pattern-compare" "EXTRA_C
TRACE::2025-07-12.15:58:48::SCWMssOS::OMPILER_FLAGS=-g -ffunction-sections -fdata-sections -Wall -Wextra"

TRACE::2025-07-12.15:58:48::SCWMssOS::"Running Make include in microblaze_0/libsrc/iic_v3_7/src"

TRACE::2025-07-12.15:58:48::SCWMssOS::make -C microblaze_0/libsrc/iic_v3_7/src -s include  "SHELL=CMD" "COMPILER=mb-gcc" "ASSEMBLER=mb-as" "ARCHIVER=mb-ar" "COMPILER
TRACE::2025-07-12.15:58:48::SCWMssOS::_FLAGS=  -O2 -c -mcpu=v11.0 -mlittle-endian -mno-xl-soft-div -mno-xl-soft-mul -mxl-barrel-shift -mxl-pattern-compare" "EXTRA_CO
TRACE::2025-07-12.15:58:48::SCWMssOS::MPILER_FLAGS=-g -ffunction-sections -fdata-sections -Wall -Wextra"

TRACE::2025-07-12.15:58:48::SCWMssOS::"Running Make include in microblaze_0/libsrc/intc_v3_12/src"

TRACE::2025-07-12.15:58:48::SCWMssOS::make -C microblaze_0/libsrc/intc_v3_12/src -s include  "SHELL=CMD" "COMPILER=mb-gcc" "ASSEMBLER=mb-as" "ARCHIVER=mb-ar" "COMPIL
TRACE::2025-07-12.15:58:48::SCWMssOS::ER_FLAGS=  -O2 -c -mcpu=v11.0 -mlittle-endian -mno-xl-soft-div -mno-xl-soft-mul -mxl-barrel-shift -mxl-pattern-compare" "EXTRA_
TRACE::2025-07-12.15:58:48::SCWMssOS::COMPILER_FLAGS=-g -ffunction-sections -fdata-sections -Wall -Wextra"

TRACE::2025-07-12.15:58:48::SCWMssOS::"Running Make include in microblaze_0/libsrc/spi_v4_7/src"

TRACE::2025-07-12.15:58:48::SCWMssOS::make -C microblaze_0/libsrc/spi_v4_7/src -s include  "SHELL=CMD" "COMPILER=mb-gcc" "ASSEMBLER=mb-as" "ARCHIVER=mb-ar" "COMPILER
TRACE::2025-07-12.15:58:48::SCWMssOS::_FLAGS=  -O2 -c -mcpu=v11.0 -mlittle-endian -mno-xl-soft-div -mno-xl-soft-mul -mxl-barrel-shift -mxl-pattern-compare" "EXTRA_CO
TRACE::2025-07-12.15:58:48::SCWMssOS::MPILER_FLAGS=-g -ffunction-sections -fdata-sections -Wall -Wextra"

TRACE::2025-07-12.15:58:48::SCWMssOS::"Running Make include in microblaze_0/libsrc/standalone_v7_3/src"

TRACE::2025-07-12.15:58:48::SCWMssOS::make -C microblaze_0/libsrc/standalone_v7_3/src -s include  "SHELL=CMD" "COMPILER=mb-gcc" "ASSEMBLER=mb-as" "ARCHIVER=mb-ar" "C
TRACE::2025-07-12.15:58:48::SCWMssOS::OMPILER_FLAGS=  -O2 -c -mcpu=v11.0 -mlittle-endian -mno-xl-soft-div -mno-xl-soft-mul -mxl-barrel-shift -mxl-pattern-compare" "E
TRACE::2025-07-12.15:58:48::SCWMssOS::XTRA_COMPILER_FLAGS=-g -ffunction-sections -fdata-sections -Wall -Wextra"

TRACE::2025-07-12.15:58:48::SCWMssOS::"Running Make include in microblaze_0/libsrc/tmrctr_v4_7/src"

TRACE::2025-07-12.15:58:48::SCWMssOS::make -C microblaze_0/libsrc/tmrctr_v4_7/src -s include  "SHELL=CMD" "COMPILER=mb-gcc" "ASSEMBLER=mb-as" "ARCHIVER=mb-ar" "COMPI
TRACE::2025-07-12.15:58:48::SCWMssOS::LER_FLAGS=  -O2 -c -mcpu=v11.0 -mlittle-endian -mno-xl-soft-div -mno-xl-soft-mul -mxl-barrel-shift -mxl-pattern-compare" "EXTRA
TRACE::2025-07-12.15:58:48::SCWMssOS::_COMPILER_FLAGS=-g -ffunction-sections -fdata-sections -Wall -Wextra"

TRACE::2025-07-12.15:58:48::SCWMssOS::"Running Make include in microblaze_0/libsrc/uartlite_v3_5/src"

TRACE::2025-07-12.15:58:48::SCWMssOS::make -C microblaze_0/libsrc/uartlite_v3_5/src -s include  "SHELL=CMD" "COMPILER=mb-gcc" "ASSEMBLER=mb-as" "ARCHIVER=mb-ar" "COM
TRACE::2025-07-12.15:58:48::SCWMssOS::PILER_FLAGS=  -O2 -c -mcpu=v11.0 -mlittle-endian -mno-xl-soft-div -mno-xl-soft-mul -mxl-barrel-shift -mxl-pattern-compare" "EXT
TRACE::2025-07-12.15:58:48::SCWMssOS::RA_COMPILER_FLAGS=-g -ffunction-sections -fdata-sections -Wall -Wextra"

TRACE::2025-07-12.15:58:49::SCWMssOS::"Running Make libs in microblaze_0/libsrc/bram_v4_5/src"

TRACE::2025-07-12.15:58:49::SCWMssOS::make -C microblaze_0/libsrc/bram_v4_5/src -s libs  "SHELL=CMD" "COMPILER=mb-gcc" "ASSEMBLER=mb-as" "ARCHIVER=mb-ar" "COMPILER_F
TRACE::2025-07-12.15:58:49::SCWMssOS::LAGS=  -O2 -c -mcpu=v11.0 -mlittle-endian -mno-xl-soft-div -mno-xl-soft-mul -mxl-barrel-shift -mxl-pattern-compare" "EXTRA_COMP
TRACE::2025-07-12.15:58:49::SCWMssOS::ILER_FLAGS=-g -ffunction-sections -fdata-sections -Wall -Wextra"

TRACE::2025-07-12.15:58:49::SCWMssOS::"Running Make libs in microblaze_0/libsrc/cpu_v2_12/src"

TRACE::2025-07-12.15:58:49::SCWMssOS::make -C microblaze_0/libsrc/cpu_v2_12/src -s libs  "SHELL=CMD" "COMPILER=mb-gcc" "ASSEMBLER=mb-as" "ARCHIVER=mb-ar" "COMPILER_F
TRACE::2025-07-12.15:58:49::SCWMssOS::LAGS=  -O2 -c -mcpu=v11.0 -mlittle-endian -mno-xl-soft-div -mno-xl-soft-mul -mxl-barrel-shift -mxl-pattern-compare" "EXTRA_COMP
TRACE::2025-07-12.15:58:49::SCWMssOS::ILER_FLAGS=-g -ffunction-sections -fdata-sections -Wall -Wextra"

TRACE::2025-07-12.15:58:49::SCWMssOS::"Running Make libs in microblaze_0/libsrc/gpio_v4_7/src"

TRACE::2025-07-12.15:58:49::SCWMssOS::make -C microblaze_0/libsrc/gpio_v4_7/src -s libs  "SHELL=CMD" "COMPILER=mb-gcc" "ASSEMBLER=mb-as" "ARCHIVER=mb-ar" "COMPILER_F
TRACE::2025-07-12.15:58:49::SCWMssOS::LAGS=  -O2 -c -mcpu=v11.0 -mlittle-endian -mno-xl-soft-div -mno-xl-soft-mul -mxl-barrel-shift -mxl-pattern-compare" "EXTRA_COMP
TRACE::2025-07-12.15:58:49::SCWMssOS::ILER_FLAGS=-g -ffunction-sections -fdata-sections -Wall -Wextra"

TRACE::2025-07-12.15:58:49::SCWMssOS::"Running Make libs in microblaze_0/libsrc/iic_v3_7/src"

TRACE::2025-07-12.15:58:49::SCWMssOS::make -C microblaze_0/libsrc/iic_v3_7/src -s libs  "SHELL=CMD" "COMPILER=mb-gcc" "ASSEMBLER=mb-as" "ARCHIVER=mb-ar" "COMPILER_FL
TRACE::2025-07-12.15:58:49::SCWMssOS::AGS=  -O2 -c -mcpu=v11.0 -mlittle-endian -mno-xl-soft-div -mno-xl-soft-mul -mxl-barrel-shift -mxl-pattern-compare" "EXTRA_COMPI
TRACE::2025-07-12.15:58:49::SCWMssOS::LER_FLAGS=-g -ffunction-sections -fdata-sections -Wall -Wextra"

TRACE::2025-07-12.15:58:49::SCWMssOS::"Running Make libs in microblaze_0/libsrc/intc_v3_12/src"

TRACE::2025-07-12.15:58:49::SCWMssOS::make -C microblaze_0/libsrc/intc_v3_12/src -s libs  "SHELL=CMD" "COMPILER=mb-gcc" "ASSEMBLER=mb-as" "ARCHIVER=mb-ar" "COMPILER_
TRACE::2025-07-12.15:58:49::SCWMssOS::FLAGS=  -O2 -c -mcpu=v11.0 -mlittle-endian -mno-xl-soft-div -mno-xl-soft-mul -mxl-barrel-shift -mxl-pattern-compare" "EXTRA_COM
TRACE::2025-07-12.15:58:49::SCWMssOS::PILER_FLAGS=-g -ffunction-sections -fdata-sections -Wall -Wextra"

TRACE::2025-07-12.15:58:49::SCWMssOS::"Running Make libs in microblaze_0/libsrc/spi_v4_7/src"

TRACE::2025-07-12.15:58:49::SCWMssOS::make -C microblaze_0/libsrc/spi_v4_7/src -s libs  "SHELL=CMD" "COMPILER=mb-gcc" "ASSEMBLER=mb-as" "ARCHIVER=mb-ar" "COMPILER_FL
TRACE::2025-07-12.15:58:49::SCWMssOS::AGS=  -O2 -c -mcpu=v11.0 -mlittle-endian -mno-xl-soft-div -mno-xl-soft-mul -mxl-barrel-shift -mxl-pattern-compare" "EXTRA_COMPI
TRACE::2025-07-12.15:58:49::SCWMssOS::LER_FLAGS=-g -ffunction-sections -fdata-sections -Wall -Wextra"

TRACE::2025-07-12.15:58:49::SCWMssOS::"Running Make libs in microblaze_0/libsrc/standalone_v7_3/src"

TRACE::2025-07-12.15:58:49::SCWMssOS::make -C microblaze_0/libsrc/standalone_v7_3/src -s libs  "SHELL=CMD" "COMPILER=mb-gcc" "ASSEMBLER=mb-as" "ARCHIVER=mb-ar" "COMP
TRACE::2025-07-12.15:58:49::SCWMssOS::ILER_FLAGS=  -O2 -c -mcpu=v11.0 -mlittle-endian -mno-xl-soft-div -mno-xl-soft-mul -mxl-barrel-shift -mxl-pattern-compare" "EXTR
TRACE::2025-07-12.15:58:49::SCWMssOS::A_COMPILER_FLAGS=-g -ffunction-sections -fdata-sections -Wall -Wextra"

TRACE::2025-07-12.15:58:49::SCWMssOS::"Running Make libs in microblaze_0/libsrc/tmrctr_v4_7/src"

TRACE::2025-07-12.15:58:49::SCWMssOS::make -C microblaze_0/libsrc/tmrctr_v4_7/src -s libs  "SHELL=CMD" "COMPILER=mb-gcc" "ASSEMBLER=mb-as" "ARCHIVER=mb-ar" "COMPILER
TRACE::2025-07-12.15:58:49::SCWMssOS::_FLAGS=  -O2 -c -mcpu=v11.0 -mlittle-endian -mno-xl-soft-div -mno-xl-soft-mul -mxl-barrel-shift -mxl-pattern-compare" "EXTRA_CO
TRACE::2025-07-12.15:58:49::SCWMssOS::MPILER_FLAGS=-g -ffunction-sections -fdata-sections -Wall -Wextra"

TRACE::2025-07-12.15:58:49::SCWMssOS::"Running Make libs in microblaze_0/libsrc/uartlite_v3_5/src"

TRACE::2025-07-12.15:58:49::SCWMssOS::make -C microblaze_0/libsrc/uartlite_v3_5/src -s libs  "SHELL=CMD" "COMPILER=mb-gcc" "ASSEMBLER=mb-as" "ARCHIVER=mb-ar" "COMPIL
TRACE::2025-07-12.15:58:49::SCWMssOS::ER_FLAGS=  -O2 -c -mcpu=v11.0 -mlittle-endian -mno-xl-soft-div -mno-xl-soft-mul -mxl-barrel-shift -mxl-pattern-compare" "EXTRA_
TRACE::2025-07-12.15:58:49::SCWMssOS::COMPILER_FLAGS=-g -ffunction-sections -fdata-sections -Wall -Wextra"

TRACE::2025-07-12.15:58:49::SCWMssOS::'Finished building libraries parallelly.'

TRACE::2025-07-12.15:58:49::SCWMssOS::make --no-print-directory archive

TRACE::2025-07-12.15:58:49::SCWMssOS::mb-ar -r  microblaze_0/lib/libxil.a microblaze_0/lib/xplatform_info.o microblaze_0/lib/xtmrctr_options.o microblaze_0/lib/micro
TRACE::2025-07-12.15:58:49::SCWMssOS::blaze_disable_exceptions.o microblaze_0/lib/print.o microblaze_0/lib/xil_testio.o microblaze_0/lib/microblaze_disable_dcache.o 
TRACE::2025-07-12.15:58:49::SCWMssOS::microblaze_0/lib/microblaze_flush_dcache_range.o microblaze_0/lib/xspi_g.o microblaze_0/lib/microblaze_flush_cache_ext.o microb
TRACE::2025-07-12.15:58:49::SCWMssOS::laze_0/lib/xspi.o microblaze_0/lib/xspi_sinit.o microblaze_0/lib/xil_misc_psreset_api.o microblaze_0/lib/xspi_selftest.o microb
TRACE::2025-07-12.15:58:49::SCWMssOS::laze_0/lib/xil_cache.o microblaze_0/lib/xil_util.o microblaze_0/lib/inbyte.o microblaze_0/lib/xiic_multi_master.o microblaze_0/
TRACE::2025-07-12.15:58:49::SCWMssOS::lib/xiic_sinit.o microblaze_0/lib/microblaze_exception_handler.o microblaze_0/lib/xbram_g.o microblaze_0/lib/xbram_sinit.o micr
TRACE::2025-07-12.15:58:49::SCWMssOS::oblaze_0/lib/microblaze_scrub.o microblaze_0/lib/xtmrctr_intr.o microblaze_0/lib/microblaze_invalidate_dcache.o microblaze_0/li
TRACE::2025-07-12.15:58:49::SCWMssOS::b/microblaze_disable_interrupts.o microblaze_0/lib/xbram_selftest.o microblaze_0/lib/microblaze_interrupt_handler.o microblaze_
TRACE::2025-07-12.15:58:49::SCWMssOS::0/lib/microblaze_disable_icache.o microblaze_0/lib/_exit.o microblaze_0/lib/xgpio_g.o microblaze_0/lib/xuartlite_g.o microblaze
TRACE::2025-07-12.15:58:49::SCWMssOS::_0/lib/xspi_stats.o microblaze_0/lib/microblaze_flush_cache_ext_range.o microblaze_0/lib/xiic_intr.o microblaze_0/lib/xil_sleep
TRACE::2025-07-12.15:58:49::SCWMssOS::common.o microblaze_0/lib/xil_printf.o microblaze_0/lib/xintc_g.o microblaze_0/lib/xiic_g.o microblaze_0/lib/xiic_l.o microblaz
TRACE::2025-07-12.15:58:49::SCWMssOS::e_0/lib/xtmrctr_l.o microblaze_0/lib/xintc_selftest.o microblaze_0/lib/xintc_l.o microblaze_0/lib/outbyte.o microblaze_0/lib/xi
TRACE::2025-07-12.15:58:49::SCWMssOS::o.o microblaze_0/lib/xgpio_intr.o microblaze_0/lib/xiic_slave.o microblaze_0/lib/microblaze_invalidate_dcache_range.o microblaz
TRACE::2025-07-12.15:58:49::SCWMssOS::e_0/lib/xil_testmem.o microblaze_0/lib/microblaze_invalidate_cache_ext.o microblaze_0/lib/microblaze_sleep.o microblaze_0/lib/x
TRACE::2025-07-12.15:58:49::SCWMssOS::uartlite_sinit.o microblaze_0/lib/hw_exception_handler.o microblaze_0/lib/xtmrctr.o microblaze_0/lib/xintc_options.o microblaze
TRACE::2025-07-12.15:58:49::SCWMssOS::_0/lib/xuartlite_selftest.o microblaze_0/lib/xgpio_sinit.o microblaze_0/lib/xuartlite.o microblaze_0/lib/microblaze_update_dcac
TRACE::2025-07-12.15:58:49::SCWMssOS::he.o microblaze_0/lib/xil_testcache.o microblaze_0/lib/microblaze_selftest.o microblaze_0/lib/microblaze_interrupts_g.o microbl
TRACE::2025-07-12.15:58:49::SCWMssOS::aze_0/lib/microblaze_enable_exceptions.o microblaze_0/lib/xil_mem.o microblaze_0/lib/xtmrctr_g.o microblaze_0/lib/microblaze_en
TRACE::2025-07-12.15:58:49::SCWMssOS::able_dcache.o microblaze_0/lib/xbram.o microblaze_0/lib/microblaze_invalidate_icache_range.o microblaze_0/lib/xtmrctr_selftest.
TRACE::2025-07-12.15:58:49::SCWMssOS::o microblaze_0/lib/microblaze_init_dcache_range.o microblaze_0/lib/microblaze_invalidate_icache.o microblaze_0/lib/xspi_options
TRACE::2025-07-12.15:58:49::SCWMssOS::.o microblaze_0/lib/errno.o microblaze_0/lib/xuartlite_l.o microblaze_0/lib/xiic_dyn_master.o microblaze_0/lib/xintc.o microbla
TRACE::2025-07-12.15:58:49::SCWMssOS::ze_0/lib/xuartlite_stats.o microblaze_0/lib/microblaze_invalidate_cache_ext_range.o microblaze_0/lib/xintc_intr.o microblaze_0/
TRACE::2025-07-12.15:58:49::SCWMssOS::lib/xil_exception.o microblaze_0/lib/pvr.o microblaze_0/lib/xgpio.o microblaze_0/lib/xiic_options.o microblaze_0/lib/microblaze
TRACE::2025-07-12.15:58:49::SCWMssOS::_update_icache.o microblaze_0/lib/xiic_master.o microblaze_0/lib/xuartlite_intr.o microblaze_0/lib/microblaze_flush_dcache.o mi
TRACE::2025-07-12.15:58:49::SCWMssOS::croblaze_0/lib/xil_clocking.o microblaze_0/lib/xil_assert.o microblaze_0/lib/xiic_stats.o microblaze_0/lib/microblaze_enable_in
TRACE::2025-07-12.15:58:49::SCWMssOS::terrupts.o microblaze_0/lib/xgpio_extra.o microblaze_0/lib/microblaze_init_icache_range.o microblaze_0/lib/microblaze_enable_ic
TRACE::2025-07-12.15:58:49::SCWMssOS::ache.o microblaze_0/lib/xiic.o microblaze_0/lib/xtmrctr_stats.o microblaze_0/lib/xbram_intr.o microblaze_0/lib/xtmrctr_sinit.o 
TRACE::2025-07-12.15:58:49::SCWMssOS::microblaze_0/lib/xiic_selftest.o microblaze_0/lib/fcntl.o microblaze_0/lib/xgpio_selftest.o

TRACE::2025-07-12.15:58:51::SCWMssOS::'Finished building libraries'

TRACE::2025-07-12.15:58:51::SCWMssOS::Copying to export directory.
TRACE::2025-07-12.15:58:51::SCWMssOS:: Checking if to create the Supporting Applications
TRACE::2025-07-12.15:58:51::SCWMssOS:: No Linux domain exists, trying to generate FSBL 
LOG::2025-07-12.15:58:51::SCWSystem::Completed Processing the domain standalone_domain
LOG::2025-07-12.15:58:51::SCWSystem::Completed Processing the sysconfig iic_spi_10KHz_ILA
LOG::2025-07-12.15:58:51::SCWPlatform::Completed generating the artifacts for system configuration iic_spi_10KHz_ILA
TRACE::2025-07-12.15:58:51::SCWPlatform::Started preparing the platform 
TRACE::2025-07-12.15:58:51::SCWSystem::Writing the bif file for system config iic_spi_10KHz_ILA
TRACE::2025-07-12.15:58:51::SCWSystem::dir created 
TRACE::2025-07-12.15:58:51::SCWSystem::Writing the bif 
TRACE::2025-07-12.15:58:51::SCWPlatform::Started writing the spfm file 
TRACE::2025-07-12.15:58:51::SCWPlatform::Started writing the xpfm file 
TRACE::2025-07-12.15:58:51::SCWPlatform::Completed generating the platform
TRACE::2025-07-12.15:58:51::SCWMssOS::Saving the mss changes C:/Users/ilpes/Desktop/Antenne_e_clocks/obb_golden_INTC_UART_MMCM/iic_spi_10KHz_ILA/microblaze_0/standalone_domain/bsp/system.mss
TRACE::2025-07-12.15:58:51::SCWMssOS::Found a swdesign opened with the mssfile.
TRACE::2025-07-12.15:58:51::SCWMssOS::Completed writemss as part of save.
TRACE::2025-07-12.15:58:51::SCWMssOS::Commit changes completed.
TRACE::2025-07-12.15:58:51::SCWPlatform::Trying to open the hw design at C:/Users/ilpes/Desktop/Antenne_e_clocks/obb_golden_INTC_UART_MMCM/iic_spi_10KHz_ILA/hw/user_35t_withILA.xsa
TRACE::2025-07-12.15:58:51::SCWPlatform::DSA given C:/Users/ilpes/Desktop/Antenne_e_clocks/obb_golden_INTC_UART_MMCM/iic_spi_10KHz_ILA/hw/user_35t_withILA.xsa
TRACE::2025-07-12.15:58:51::SCWPlatform::DSA absoulate path C:/Users/ilpes/Desktop/Antenne_e_clocks/obb_golden_INTC_UART_MMCM/iic_spi_10KHz_ILA/hw/user_35t_withILA.xsa
TRACE::2025-07-12.15:58:51::SCWPlatform::DSA directory C:/Users/ilpes/Desktop/Antenne_e_clocks/obb_golden_INTC_UART_MMCM/iic_spi_10KHz_ILA/hw
TRACE::2025-07-12.15:58:51::SCWPlatform:: Platform Path C:/Users/ilpes/Desktop/Antenne_e_clocks/obb_golden_INTC_UART_MMCM/iic_spi_10KHz_ILA/hw/user_35t_withILA.xsa
TRACE::2025-07-12.15:58:51::SCWPlatform:: Unique name xilinx:cmod_a7-35t::0.0
TRACE::2025-07-12.15:58:51::SCWPlatform::Trying to set the existing hwdb with name user_35t_wrapper_3
TRACE::2025-07-12.15:58:51::SCWPlatform::Opened existing hwdb user_35t_wrapper_3
TRACE::2025-07-12.15:58:51::SCWPlatform::Found the Hw Db part of the input DSA
TRACE::2025-07-12.15:58:51::SCWMssOS::Checking the sw design at  C:/Users/ilpes/Desktop/Antenne_e_clocks/obb_golden_INTC_UART_MMCM/iic_spi_10KHz_ILA/microblaze_0/standalone_domain/bsp/system.mss
TRACE::2025-07-12.15:58:51::SCWMssOS::DEBUG:  swdes dump  C:/Users/ilpes/Desktop/Antenne_e_clocks/obb_golden_INTC_UART_MMCM/iic_spi_10KHz_ILA/microblaze_0/standalone_domain/bsp/system.mss|system||

TRACE::2025-07-12.15:58:51::SCWMssOS::Sw design exists and opened at  C:/Users/ilpes/Desktop/Antenne_e_clocks/obb_golden_INTC_UART_MMCM/iic_spi_10KHz_ILA/microblaze_0/standalone_domain/bsp/system.mss
TRACE::2025-07-12.15:58:51::SCWWriter::formatted JSON is {
	"platformName":	"iic_spi_10KHz_ILA",
	"sprVersion":	"2.0",
	"mode":	"gui",
	"dsaType":	"Fixed",
	"platformDesc":	"iic_spi_10KHz_ILA",
	"platHandOff":	"C:/Users/ilpes/Desktop/INSEGNAMENTO/Didattica2023/CMOD_A35t_emc_uart_iic_spi/project_1/user_35t_withILA.xsa",
	"platIntHandOff":	"<platformDir>/hw/user_35t_withILA.xsa",
	"deviceType":	"FPGA",
	"platIsPrebuiltAutogen":	"false",
	"platIsNoBootBsp":	"false",
	"hasFsblMakeHasChanges":	"false",
	"hasPmufwMakeHasChanges":	"false",
	"platPreBuiltFlag":	false,
	"platformSamplesDir":	"",
	"platActiveSys":	"iic_spi_10KHz_ILA",
	"systems":	[{
			"systemName":	"iic_spi_10KHz_ILA",
			"systemDesc":	"iic_spi_10KHz_ILA",
			"sysIsBootAutoGen":	"true",
			"systemDispName":	"iic_spi_10KHz_ILA",
			"sysActiveDom":	"standalone_domain",
			"sysDefaultDom":	"standalone_domain",
			"domains":	[{
					"domainName":	"standalone_domain",
					"domainDispName":	"standalone on microblaze_0",
					"domainDesc":	"standalone_domain",
					"processors":	"microblaze_0",
					"os":	"standalone",
					"sdxOs":	"standalone",
					"debugEnable":	"False",
					"domRuntimes":	["cpp"],
					"swRepo":	"",
					"mssOsVer":	"7.3",
					"mssFile":	"",
					"md5Digest":	"4ff912ba097ec0244cd8262b18dcbf48",
					"compatibleApp":	"",
					"domType":	"mssDomain",
					"arch":	"32-bit",
					"appSettings":	{
						"appCompilerFlags":	"",
						"appLinkerFlags":	""
					},
					"addedLibs":	[],
					"libOptions":	{
						"libsContainingOptions":	[]
					},
					"prebuiltLibs":	{
						"prebuiltIncPath":	[],
						"prebuiltLibPath":	[]
					},
					"isolation":	{
					}
				}]
		}]
}
KEYINFO::2025-07-12.15:58:51::SCWPlatform::updated the xpfm file.
TRACE::2025-07-12.15:58:51::SCWPlatform::Trying to open the hw design at C:/Users/ilpes/Desktop/Antenne_e_clocks/obb_golden_INTC_UART_MMCM/iic_spi_10KHz_ILA/hw/user_35t_withILA.xsa
TRACE::2025-07-12.15:58:51::SCWPlatform::DSA given C:/Users/ilpes/Desktop/Antenne_e_clocks/obb_golden_INTC_UART_MMCM/iic_spi_10KHz_ILA/hw/user_35t_withILA.xsa
TRACE::2025-07-12.15:58:51::SCWPlatform::DSA absoulate path C:/Users/ilpes/Desktop/Antenne_e_clocks/obb_golden_INTC_UART_MMCM/iic_spi_10KHz_ILA/hw/user_35t_withILA.xsa
TRACE::2025-07-12.15:58:51::SCWPlatform::DSA directory C:/Users/ilpes/Desktop/Antenne_e_clocks/obb_golden_INTC_UART_MMCM/iic_spi_10KHz_ILA/hw
TRACE::2025-07-12.15:58:51::SCWPlatform:: Platform Path C:/Users/ilpes/Desktop/Antenne_e_clocks/obb_golden_INTC_UART_MMCM/iic_spi_10KHz_ILA/hw/user_35t_withILA.xsa
TRACE::2025-07-12.15:58:51::SCWPlatform:: Unique name xilinx:cmod_a7-35t::0.0
TRACE::2025-07-12.15:58:51::SCWPlatform::Trying to set the existing hwdb with name user_35t_wrapper_3
TRACE::2025-07-12.15:58:51::SCWPlatform::Opened existing hwdb user_35t_wrapper_3
TRACE::2025-07-12.15:58:51::SCWPlatform::Found the Hw Db part of the input DSA
TRACE::2025-07-12.15:58:51::SCWMssOS::Checking the sw design at  C:/Users/ilpes/Desktop/Antenne_e_clocks/obb_golden_INTC_UART_MMCM/iic_spi_10KHz_ILA/microblaze_0/standalone_domain/bsp/system.mss
TRACE::2025-07-12.15:58:51::SCWMssOS::DEBUG:  swdes dump  C:/Users/ilpes/Desktop/Antenne_e_clocks/obb_golden_INTC_UART_MMCM/iic_spi_10KHz_ILA/microblaze_0/standalone_domain/bsp/system.mss|system||

TRACE::2025-07-12.15:58:51::SCWMssOS::Sw design exists and opened at  C:/Users/ilpes/Desktop/Antenne_e_clocks/obb_golden_INTC_UART_MMCM/iic_spi_10KHz_ILA/microblaze_0/standalone_domain/bsp/system.mss
TRACE::2025-07-14.23:10:15::SCWPlatform::Trying to open the hw design at C:/Users/ilpes/Desktop/Antenne_e_clocks/obb_golden_INTC_UART_MMCM/iic_spi_10KHz_ILA/hw/user_35t_withILA.xsa
TRACE::2025-07-14.23:10:15::SCWPlatform::DSA given C:/Users/ilpes/Desktop/Antenne_e_clocks/obb_golden_INTC_UART_MMCM/iic_spi_10KHz_ILA/hw/user_35t_withILA.xsa
TRACE::2025-07-14.23:10:15::SCWPlatform::DSA absoulate path C:/Users/ilpes/Desktop/Antenne_e_clocks/obb_golden_INTC_UART_MMCM/iic_spi_10KHz_ILA/hw/user_35t_withILA.xsa
TRACE::2025-07-14.23:10:17::SCWPlatform::DSA directory C:/Users/ilpes/Desktop/Antenne_e_clocks/obb_golden_INTC_UART_MMCM/iic_spi_10KHz_ILA/hw
TRACE::2025-07-14.23:10:17::SCWPlatform:: Platform Path C:/Users/ilpes/Desktop/Antenne_e_clocks/obb_golden_INTC_UART_MMCM/iic_spi_10KHz_ILA/hw/user_35t_withILA.xsa
TRACE::2025-07-14.23:10:17::SCWPlatform:: Unique name xilinx:cmod_a7-35t::0.0
TRACE::2025-07-14.23:10:17::SCWPlatform::Do not have an existing db opened. 
TRACE::2025-07-14.23:10:17::SCWPlatform::Opened new HwDB with name user_35t_wrapper_1
TRACE::2025-07-14.23:10:17::SCWReader::Active system found as  iic_spi_10KHz_ILA
TRACE::2025-07-14.23:10:17::SCWReader::Handling sysconfig iic_spi_10KHz_ILA
TRACE::2025-07-14.23:10:17::SCWDomain::checking for install qemu data   : 
TRACE::2025-07-14.23:10:17::SCWPlatform::Trying to open the hw design at C:/Users/ilpes/Desktop/Antenne_e_clocks/obb_golden_INTC_UART_MMCM/iic_spi_10KHz_ILA/hw/user_35t_withILA.xsa
TRACE::2025-07-14.23:10:17::SCWPlatform::DSA given C:/Users/ilpes/Desktop/Antenne_e_clocks/obb_golden_INTC_UART_MMCM/iic_spi_10KHz_ILA/hw/user_35t_withILA.xsa
TRACE::2025-07-14.23:10:17::SCWPlatform::DSA absoulate path C:/Users/ilpes/Desktop/Antenne_e_clocks/obb_golden_INTC_UART_MMCM/iic_spi_10KHz_ILA/hw/user_35t_withILA.xsa
TRACE::2025-07-14.23:10:17::SCWPlatform::DSA directory C:/Users/ilpes/Desktop/Antenne_e_clocks/obb_golden_INTC_UART_MMCM/iic_spi_10KHz_ILA/hw
TRACE::2025-07-14.23:10:17::SCWPlatform:: Platform Path C:/Users/ilpes/Desktop/Antenne_e_clocks/obb_golden_INTC_UART_MMCM/iic_spi_10KHz_ILA/hw/user_35t_withILA.xsa
TRACE::2025-07-14.23:10:17::SCWPlatform:: Unique name xilinx:cmod_a7-35t::0.0
TRACE::2025-07-14.23:10:17::SCWPlatform::Trying to set the existing hwdb with name user_35t_wrapper_1
TRACE::2025-07-14.23:10:17::SCWPlatform::Opened existing hwdb user_35t_wrapper_1
TRACE::2025-07-14.23:10:17::SCWPlatform::Found the Hw Db part of the input DSA
TRACE::2025-07-14.23:10:17::SCWPlatform::Trying to open the hw design at C:/Users/ilpes/Desktop/Antenne_e_clocks/obb_golden_INTC_UART_MMCM/iic_spi_10KHz_ILA/hw/user_35t_withILA.xsa
TRACE::2025-07-14.23:10:17::SCWPlatform::DSA given C:/Users/ilpes/Desktop/Antenne_e_clocks/obb_golden_INTC_UART_MMCM/iic_spi_10KHz_ILA/hw/user_35t_withILA.xsa
TRACE::2025-07-14.23:10:17::SCWPlatform::DSA absoulate path C:/Users/ilpes/Desktop/Antenne_e_clocks/obb_golden_INTC_UART_MMCM/iic_spi_10KHz_ILA/hw/user_35t_withILA.xsa
TRACE::2025-07-14.23:10:17::SCWPlatform::DSA directory C:/Users/ilpes/Desktop/Antenne_e_clocks/obb_golden_INTC_UART_MMCM/iic_spi_10KHz_ILA/hw
TRACE::2025-07-14.23:10:17::SCWPlatform:: Platform Path C:/Users/ilpes/Desktop/Antenne_e_clocks/obb_golden_INTC_UART_MMCM/iic_spi_10KHz_ILA/hw/user_35t_withILA.xsa
TRACE::2025-07-14.23:10:17::SCWPlatform:: Unique name xilinx:cmod_a7-35t::0.0
TRACE::2025-07-14.23:10:17::SCWPlatform::Trying to set the existing hwdb with name user_35t_wrapper_1
TRACE::2025-07-14.23:10:17::SCWPlatform::Opened existing hwdb user_35t_wrapper_1
TRACE::2025-07-14.23:10:17::SCWPlatform::Found the Hw Db part of the input DSA
TRACE::2025-07-14.23:10:17::SCWPlatform::Trying to open the hw design at C:/Users/ilpes/Desktop/Antenne_e_clocks/obb_golden_INTC_UART_MMCM/iic_spi_10KHz_ILA/hw/user_35t_withILA.xsa
TRACE::2025-07-14.23:10:17::SCWPlatform::DSA given C:/Users/ilpes/Desktop/Antenne_e_clocks/obb_golden_INTC_UART_MMCM/iic_spi_10KHz_ILA/hw/user_35t_withILA.xsa
TRACE::2025-07-14.23:10:17::SCWPlatform::DSA absoulate path C:/Users/ilpes/Desktop/Antenne_e_clocks/obb_golden_INTC_UART_MMCM/iic_spi_10KHz_ILA/hw/user_35t_withILA.xsa
TRACE::2025-07-14.23:10:17::SCWPlatform::DSA directory C:/Users/ilpes/Desktop/Antenne_e_clocks/obb_golden_INTC_UART_MMCM/iic_spi_10KHz_ILA/hw
TRACE::2025-07-14.23:10:17::SCWPlatform:: Platform Path C:/Users/ilpes/Desktop/Antenne_e_clocks/obb_golden_INTC_UART_MMCM/iic_spi_10KHz_ILA/hw/user_35t_withILA.xsa
TRACE::2025-07-14.23:10:17::SCWPlatform:: Unique name xilinx:cmod_a7-35t::0.0
TRACE::2025-07-14.23:10:17::SCWPlatform::Trying to set the existing hwdb with name user_35t_wrapper_1
TRACE::2025-07-14.23:10:17::SCWPlatform::Opened existing hwdb user_35t_wrapper_1
TRACE::2025-07-14.23:10:17::SCWPlatform::Found the Hw Db part of the input DSA
TRACE::2025-07-14.23:10:17::SCWPlatform::Trying to open the hw design at C:/Users/ilpes/Desktop/Antenne_e_clocks/obb_golden_INTC_UART_MMCM/iic_spi_10KHz_ILA/hw/user_35t_withILA.xsa
TRACE::2025-07-14.23:10:17::SCWPlatform::DSA given C:/Users/ilpes/Desktop/Antenne_e_clocks/obb_golden_INTC_UART_MMCM/iic_spi_10KHz_ILA/hw/user_35t_withILA.xsa
TRACE::2025-07-14.23:10:17::SCWPlatform::DSA absoulate path C:/Users/ilpes/Desktop/Antenne_e_clocks/obb_golden_INTC_UART_MMCM/iic_spi_10KHz_ILA/hw/user_35t_withILA.xsa
TRACE::2025-07-14.23:10:17::SCWPlatform::DSA directory C:/Users/ilpes/Desktop/Antenne_e_clocks/obb_golden_INTC_UART_MMCM/iic_spi_10KHz_ILA/hw
TRACE::2025-07-14.23:10:17::SCWPlatform:: Platform Path C:/Users/ilpes/Desktop/Antenne_e_clocks/obb_golden_INTC_UART_MMCM/iic_spi_10KHz_ILA/hw/user_35t_withILA.xsa
TRACE::2025-07-14.23:10:17::SCWPlatform:: Unique name xilinx:cmod_a7-35t::0.0
TRACE::2025-07-14.23:10:17::SCWPlatform::Trying to set the existing hwdb with name user_35t_wrapper_1
TRACE::2025-07-14.23:10:17::SCWPlatform::Opened existing hwdb user_35t_wrapper_1
TRACE::2025-07-14.23:10:17::SCWPlatform::Found the Hw Db part of the input DSA
TRACE::2025-07-14.23:10:17::SCWMssOS::Checking the sw design at  C:/Users/ilpes/Desktop/Antenne_e_clocks/obb_golden_INTC_UART_MMCM/iic_spi_10KHz_ILA/microblaze_0/standalone_domain/bsp/system.mss
TRACE::2025-07-14.23:10:17::SCWMssOS::DEBUG:  swdes dump  
TRACE::2025-07-14.23:10:17::SCWMssOS::No sw design opened at  C:/Users/ilpes/Desktop/Antenne_e_clocks/obb_golden_INTC_UART_MMCM/iic_spi_10KHz_ILA/microblaze_0/standalone_domain/bsp/system.mss
TRACE::2025-07-14.23:10:17::SCWMssOS::mss exists loading the mss file  C:/Users/ilpes/Desktop/Antenne_e_clocks/obb_golden_INTC_UART_MMCM/iic_spi_10KHz_ILA/microblaze_0/standalone_domain/bsp/system.mss
TRACE::2025-07-14.23:10:17::SCWMssOS::Opened the sw design from mss  C:/Users/ilpes/Desktop/Antenne_e_clocks/obb_golden_INTC_UART_MMCM/iic_spi_10KHz_ILA/microblaze_0/standalone_domain/bsp/system.mss
TRACE::2025-07-14.23:10:17::SCWMssOS::Adding the swdes entry C:/Users/ilpes/Desktop/Antenne_e_clocks/obb_golden_INTC_UART_MMCM/iic_spi_10KHz_ILA/microblaze_0/standalone_domain/bsp/system.mss with des name system
TRACE::2025-07-14.23:10:17::SCWMssOS::updating the scw layer about changes
TRACE::2025-07-14.23:10:17::SCWMssOS::Opened the sw design.  C:/Users/ilpes/Desktop/Antenne_e_clocks/obb_golden_INTC_UART_MMCM/iic_spi_10KHz_ILA/microblaze_0/standalone_domain/bsp/system.mss
TRACE::2025-07-14.23:10:17::SCWMssOS::Saving the mss changes C:/Users/ilpes/Desktop/Antenne_e_clocks/obb_golden_INTC_UART_MMCM/iic_spi_10KHz_ILA/microblaze_0/standalone_domain/bsp/system.mss
TRACE::2025-07-14.23:10:17::SCWMssOS::Found a swdesign opened with the mssfile.
TRACE::2025-07-14.23:10:17::SCWMssOS::Completed writemss as part of save.
TRACE::2025-07-14.23:10:17::SCWMssOS::Commit changes completed.
TRACE::2025-07-14.23:10:17::SCWReader::Adding prebuilt librarypaths as   
TRACE::2025-07-14.23:10:17::SCWReader::Adding prebuilt incpaths  as   
TRACE::2025-07-14.23:10:17::SCWPlatform::Trying to open the hw design at C:/Users/ilpes/Desktop/Antenne_e_clocks/obb_golden_INTC_UART_MMCM/iic_spi_10KHz_ILA/hw/user_35t_withILA.xsa
TRACE::2025-07-14.23:10:17::SCWPlatform::DSA given C:/Users/ilpes/Desktop/Antenne_e_clocks/obb_golden_INTC_UART_MMCM/iic_spi_10KHz_ILA/hw/user_35t_withILA.xsa
TRACE::2025-07-14.23:10:17::SCWPlatform::DSA absoulate path C:/Users/ilpes/Desktop/Antenne_e_clocks/obb_golden_INTC_UART_MMCM/iic_spi_10KHz_ILA/hw/user_35t_withILA.xsa
TRACE::2025-07-14.23:10:17::SCWPlatform::DSA directory C:/Users/ilpes/Desktop/Antenne_e_clocks/obb_golden_INTC_UART_MMCM/iic_spi_10KHz_ILA/hw
TRACE::2025-07-14.23:10:17::SCWPlatform:: Platform Path C:/Users/ilpes/Desktop/Antenne_e_clocks/obb_golden_INTC_UART_MMCM/iic_spi_10KHz_ILA/hw/user_35t_withILA.xsa
TRACE::2025-07-14.23:10:17::SCWPlatform:: Unique name xilinx:cmod_a7-35t::0.0
TRACE::2025-07-14.23:10:17::SCWPlatform::Trying to set the existing hwdb with name user_35t_wrapper_1
TRACE::2025-07-14.23:10:17::SCWPlatform::Opened existing hwdb user_35t_wrapper_1
TRACE::2025-07-14.23:10:17::SCWPlatform::Found the Hw Db part of the input DSA
TRACE::2025-07-14.23:10:17::SCWMssOS::Checking the sw design at  C:/Users/ilpes/Desktop/Antenne_e_clocks/obb_golden_INTC_UART_MMCM/iic_spi_10KHz_ILA/microblaze_0/standalone_domain/bsp/system.mss
TRACE::2025-07-14.23:10:17::SCWMssOS::DEBUG:  swdes dump  C:/Users/ilpes/Desktop/Antenne_e_clocks/obb_golden_INTC_UART_MMCM/iic_spi_10KHz_ILA/microblaze_0/standalone_domain/bsp/system.mss|system||

TRACE::2025-07-14.23:10:17::SCWMssOS::Sw design exists and opened at  C:/Users/ilpes/Desktop/Antenne_e_clocks/obb_golden_INTC_UART_MMCM/iic_spi_10KHz_ILA/microblaze_0/standalone_domain/bsp/system.mss
TRACE::2025-07-14.23:10:17::SCWReader::No isolation master present  
LOG::2025-07-14.23:10:17::SCWPlatform::Started generating the artifacts platform iic_spi_10KHz_ILA
TRACE::2025-07-14.23:10:17::SCWPlatform::Sanity checking of platform is completed
LOG::2025-07-14.23:10:17::SCWPlatform::Started generating the artifacts for system configuration iic_spi_10KHz_ILA
LOG::2025-07-14.23:10:17::SCWSystem::Checking the domain standalone_domain
LOG::2025-07-14.23:10:17::SCWSystem::Not a boot domain 
LOG::2025-07-14.23:10:17::SCWSystem::Started Processing the domain standalone_domain
TRACE::2025-07-14.23:10:17::SCWDomain::Generating domain artifcats
TRACE::2025-07-14.23:10:17::SCWMssOS::Generating standalone artifcats
TRACE::2025-07-14.23:10:17::SCWMssOS:: Copying the user libraries. 
TRACE::2025-07-14.23:10:17::SCWPlatform::Trying to open the hw design at C:/Users/ilpes/Desktop/Antenne_e_clocks/obb_golden_INTC_UART_MMCM/iic_spi_10KHz_ILA/hw/user_35t_withILA.xsa
TRACE::2025-07-14.23:10:17::SCWPlatform::DSA given C:/Users/ilpes/Desktop/Antenne_e_clocks/obb_golden_INTC_UART_MMCM/iic_spi_10KHz_ILA/hw/user_35t_withILA.xsa
TRACE::2025-07-14.23:10:17::SCWPlatform::DSA absoulate path C:/Users/ilpes/Desktop/Antenne_e_clocks/obb_golden_INTC_UART_MMCM/iic_spi_10KHz_ILA/hw/user_35t_withILA.xsa
TRACE::2025-07-14.23:10:17::SCWPlatform::DSA directory C:/Users/ilpes/Desktop/Antenne_e_clocks/obb_golden_INTC_UART_MMCM/iic_spi_10KHz_ILA/hw
TRACE::2025-07-14.23:10:17::SCWPlatform:: Platform Path C:/Users/ilpes/Desktop/Antenne_e_clocks/obb_golden_INTC_UART_MMCM/iic_spi_10KHz_ILA/hw/user_35t_withILA.xsa
TRACE::2025-07-14.23:10:17::SCWPlatform:: Unique name xilinx:cmod_a7-35t::0.0
TRACE::2025-07-14.23:10:17::SCWPlatform::Trying to set the existing hwdb with name user_35t_wrapper_1
TRACE::2025-07-14.23:10:17::SCWPlatform::Opened existing hwdb user_35t_wrapper_1
TRACE::2025-07-14.23:10:17::SCWPlatform::Found the Hw Db part of the input DSA
TRACE::2025-07-14.23:10:17::SCWMssOS::Checking the sw design at  C:/Users/ilpes/Desktop/Antenne_e_clocks/obb_golden_INTC_UART_MMCM/iic_spi_10KHz_ILA/microblaze_0/standalone_domain/bsp/system.mss
TRACE::2025-07-14.23:10:17::SCWMssOS::DEBUG:  swdes dump  C:/Users/ilpes/Desktop/Antenne_e_clocks/obb_golden_INTC_UART_MMCM/iic_spi_10KHz_ILA/microblaze_0/standalone_domain/bsp/system.mss|system||

TRACE::2025-07-14.23:10:17::SCWMssOS::Sw design exists and opened at  C:/Users/ilpes/Desktop/Antenne_e_clocks/obb_golden_INTC_UART_MMCM/iic_spi_10KHz_ILA/microblaze_0/standalone_domain/bsp/system.mss
TRACE::2025-07-14.23:10:17::SCWMssOS::Completed writing the mss file at C:/Users/ilpes/Desktop/Antenne_e_clocks/obb_golden_INTC_UART_MMCM/iic_spi_10KHz_ILA/microblaze_0/standalone_domain/bsp
TRACE::2025-07-14.23:10:17::SCWMssOS::Mss edits present, copying mssfile into export location C:/Users/ilpes/Desktop/Antenne_e_clocks/obb_golden_INTC_UART_MMCM/iic_spi_10KHz_ILA/microblaze_0/standalone_domain/bsp/system.mss
TRACE::2025-07-14.23:10:17::SCWMssOS::bsp generated is upto date with the mss file. Skipping bsp generation.
TRACE::2025-07-14.23:10:17::SCWMssOS::BSP is already built. skipping the bsp build ... 
TRACE::2025-07-14.23:10:17::SCWDomain::Building the domain as part of full build :  standalone_domain
TRACE::2025-07-14.23:10:17::SCWMssOS::doing bsp build ... 
TRACE::2025-07-14.23:10:17::SCWMssOS::System Command Ran  C: & cd  C:/Users/ilpes/Desktop/Antenne_e_clocks/obb_golden_INTC_UART_MMCM/iic_spi_10KHz_ILA/microblaze_0/standalone_domain/bsp & make 
TRACE::2025-07-14.23:10:17::SCWMssOS::make --no-print-directory seq_libs

TRACE::2025-07-14.23:10:17::SCWMssOS::'Finished building libraries sequentially.'

TRACE::2025-07-14.23:10:17::SCWMssOS::make -j --no-print-directory par_libs

TRACE::2025-07-14.23:10:18::SCWMssOS::"Running Make include in microblaze_0/libsrc/bram_v4_5/src"

TRACE::2025-07-14.23:10:18::SCWMssOS::make -C microblaze_0/libsrc/bram_v4_5/src -s include  "SHELL=CMD" "COMPILER=mb-gcc" "ASSEMBLER=mb-as" "ARCHIVER=mb-ar" "COMPILE
TRACE::2025-07-14.23:10:18::SCWMssOS::R_FLAGS=  -O2 -c -mcpu=v11.0 -mlittle-endian -mno-xl-soft-div -mno-xl-soft-mul -mxl-barrel-shift -mxl-pattern-compare" "EXTRA_C
TRACE::2025-07-14.23:10:18::SCWMssOS::OMPILER_FLAGS=-g -ffunction-sections -fdata-sections -Wall -Wextra"

TRACE::2025-07-14.23:10:18::SCWMssOS::"Running Make include in microblaze_0/libsrc/cpu_v2_12/src"

TRACE::2025-07-14.23:10:18::SCWMssOS::make -C microblaze_0/libsrc/cpu_v2_12/src -s include  "SHELL=CMD" "COMPILER=mb-gcc" "ASSEMBLER=mb-as" "ARCHIVER=mb-ar" "COMPILE
TRACE::2025-07-14.23:10:18::SCWMssOS::R_FLAGS=  -O2 -c -mcpu=v11.0 -mlittle-endian -mno-xl-soft-div -mno-xl-soft-mul -mxl-barrel-shift -mxl-pattern-compare" "EXTRA_C
TRACE::2025-07-14.23:10:18::SCWMssOS::OMPILER_FLAGS=-g -ffunction-sections -fdata-sections -Wall -Wextra"

TRACE::2025-07-14.23:10:18::SCWMssOS::"Running Make include in microblaze_0/libsrc/gpio_v4_7/src"

TRACE::2025-07-14.23:10:18::SCWMssOS::make -C microblaze_0/libsrc/gpio_v4_7/src -s include  "SHELL=CMD" "COMPILER=mb-gcc" "ASSEMBLER=mb-as" "ARCHIVER=mb-ar" "COMPILE
TRACE::2025-07-14.23:10:18::SCWMssOS::R_FLAGS=  -O2 -c -mcpu=v11.0 -mlittle-endian -mno-xl-soft-div -mno-xl-soft-mul -mxl-barrel-shift -mxl-pattern-compare" "EXTRA_C
TRACE::2025-07-14.23:10:18::SCWMssOS::OMPILER_FLAGS=-g -ffunction-sections -fdata-sections -Wall -Wextra"

TRACE::2025-07-14.23:10:18::SCWMssOS::"Running Make include in microblaze_0/libsrc/iic_v3_7/src"

TRACE::2025-07-14.23:10:18::SCWMssOS::make -C microblaze_0/libsrc/iic_v3_7/src -s include  "SHELL=CMD" "COMPILER=mb-gcc" "ASSEMBLER=mb-as" "ARCHIVER=mb-ar" "COMPILER
TRACE::2025-07-14.23:10:18::SCWMssOS::_FLAGS=  -O2 -c -mcpu=v11.0 -mlittle-endian -mno-xl-soft-div -mno-xl-soft-mul -mxl-barrel-shift -mxl-pattern-compare" "EXTRA_CO
TRACE::2025-07-14.23:10:18::SCWMssOS::MPILER_FLAGS=-g -ffunction-sections -fdata-sections -Wall -Wextra"

TRACE::2025-07-14.23:10:18::SCWMssOS::"Running Make include in microblaze_0/libsrc/intc_v3_12/src"

TRACE::2025-07-14.23:10:18::SCWMssOS::make -C microblaze_0/libsrc/intc_v3_12/src -s include  "SHELL=CMD" "COMPILER=mb-gcc" "ASSEMBLER=mb-as" "ARCHIVER=mb-ar" "COMPIL
TRACE::2025-07-14.23:10:18::SCWMssOS::ER_FLAGS=  -O2 -c -mcpu=v11.0 -mlittle-endian -mno-xl-soft-div -mno-xl-soft-mul -mxl-barrel-shift -mxl-pattern-compare" "EXTRA_
TRACE::2025-07-14.23:10:18::SCWMssOS::COMPILER_FLAGS=-g -ffunction-sections -fdata-sections -Wall -Wextra"

TRACE::2025-07-14.23:10:18::SCWMssOS::"Running Make include in microblaze_0/libsrc/spi_v4_7/src"

TRACE::2025-07-14.23:10:18::SCWMssOS::make -C microblaze_0/libsrc/spi_v4_7/src -s include  "SHELL=CMD" "COMPILER=mb-gcc" "ASSEMBLER=mb-as" "ARCHIVER=mb-ar" "COMPILER
TRACE::2025-07-14.23:10:18::SCWMssOS::_FLAGS=  -O2 -c -mcpu=v11.0 -mlittle-endian -mno-xl-soft-div -mno-xl-soft-mul -mxl-barrel-shift -mxl-pattern-compare" "EXTRA_CO
TRACE::2025-07-14.23:10:18::SCWMssOS::MPILER_FLAGS=-g -ffunction-sections -fdata-sections -Wall -Wextra"

TRACE::2025-07-14.23:10:18::SCWMssOS::"Running Make include in microblaze_0/libsrc/standalone_v7_3/src"

TRACE::2025-07-14.23:10:18::SCWMssOS::make -C microblaze_0/libsrc/standalone_v7_3/src -s include  "SHELL=CMD" "COMPILER=mb-gcc" "ASSEMBLER=mb-as" "ARCHIVER=mb-ar" "C
TRACE::2025-07-14.23:10:18::SCWMssOS::OMPILER_FLAGS=  -O2 -c -mcpu=v11.0 -mlittle-endian -mno-xl-soft-div -mno-xl-soft-mul -mxl-barrel-shift -mxl-pattern-compare" "E
TRACE::2025-07-14.23:10:18::SCWMssOS::XTRA_COMPILER_FLAGS=-g -ffunction-sections -fdata-sections -Wall -Wextra"

TRACE::2025-07-14.23:10:18::SCWMssOS::"Running Make include in microblaze_0/libsrc/tmrctr_v4_7/src"

TRACE::2025-07-14.23:10:18::SCWMssOS::make -C microblaze_0/libsrc/tmrctr_v4_7/src -s include  "SHELL=CMD" "COMPILER=mb-gcc" "ASSEMBLER=mb-as" "ARCHIVER=mb-ar" "COMPI
TRACE::2025-07-14.23:10:18::SCWMssOS::LER_FLAGS=  -O2 -c -mcpu=v11.0 -mlittle-endian -mno-xl-soft-div -mno-xl-soft-mul -mxl-barrel-shift -mxl-pattern-compare" "EXTRA
TRACE::2025-07-14.23:10:18::SCWMssOS::_COMPILER_FLAGS=-g -ffunction-sections -fdata-sections -Wall -Wextra"

TRACE::2025-07-14.23:10:18::SCWMssOS::"Running Make include in microblaze_0/libsrc/uartlite_v3_5/src"

TRACE::2025-07-14.23:10:18::SCWMssOS::make -C microblaze_0/libsrc/uartlite_v3_5/src -s include  "SHELL=CMD" "COMPILER=mb-gcc" "ASSEMBLER=mb-as" "ARCHIVER=mb-ar" "COM
TRACE::2025-07-14.23:10:18::SCWMssOS::PILER_FLAGS=  -O2 -c -mcpu=v11.0 -mlittle-endian -mno-xl-soft-div -mno-xl-soft-mul -mxl-barrel-shift -mxl-pattern-compare" "EXT
TRACE::2025-07-14.23:10:18::SCWMssOS::RA_COMPILER_FLAGS=-g -ffunction-sections -fdata-sections -Wall -Wextra"

TRACE::2025-07-14.23:10:19::SCWMssOS::"Running Make libs in microblaze_0/libsrc/bram_v4_5/src"

TRACE::2025-07-14.23:10:19::SCWMssOS::make -C microblaze_0/libsrc/bram_v4_5/src -s libs  "SHELL=CMD" "COMPILER=mb-gcc" "ASSEMBLER=mb-as" "ARCHIVER=mb-ar" "COMPILER_F
TRACE::2025-07-14.23:10:19::SCWMssOS::LAGS=  -O2 -c -mcpu=v11.0 -mlittle-endian -mno-xl-soft-div -mno-xl-soft-mul -mxl-barrel-shift -mxl-pattern-compare" "EXTRA_COMP
TRACE::2025-07-14.23:10:19::SCWMssOS::ILER_FLAGS=-g -ffunction-sections -fdata-sections -Wall -Wextra"

TRACE::2025-07-14.23:10:20::SCWMssOS::"Running Make libs in microblaze_0/libsrc/cpu_v2_12/src"

TRACE::2025-07-14.23:10:20::SCWMssOS::make -C microblaze_0/libsrc/cpu_v2_12/src -s libs  "SHELL=CMD" "COMPILER=mb-gcc" "ASSEMBLER=mb-as" "ARCHIVER=mb-ar" "COMPILER_F
TRACE::2025-07-14.23:10:20::SCWMssOS::LAGS=  -O2 -c -mcpu=v11.0 -mlittle-endian -mno-xl-soft-div -mno-xl-soft-mul -mxl-barrel-shift -mxl-pattern-compare" "EXTRA_COMP
TRACE::2025-07-14.23:10:20::SCWMssOS::ILER_FLAGS=-g -ffunction-sections -fdata-sections -Wall -Wextra"

TRACE::2025-07-14.23:10:20::SCWMssOS::"Running Make libs in microblaze_0/libsrc/gpio_v4_7/src"

TRACE::2025-07-14.23:10:20::SCWMssOS::make -C microblaze_0/libsrc/gpio_v4_7/src -s libs  "SHELL=CMD" "COMPILER=mb-gcc" "ASSEMBLER=mb-as" "ARCHIVER=mb-ar" "COMPILER_F
TRACE::2025-07-14.23:10:20::SCWMssOS::LAGS=  -O2 -c -mcpu=v11.0 -mlittle-endian -mno-xl-soft-div -mno-xl-soft-mul -mxl-barrel-shift -mxl-pattern-compare" "EXTRA_COMP
TRACE::2025-07-14.23:10:20::SCWMssOS::ILER_FLAGS=-g -ffunction-sections -fdata-sections -Wall -Wextra"

TRACE::2025-07-14.23:10:20::SCWMssOS::"Running Make libs in microblaze_0/libsrc/iic_v3_7/src"

TRACE::2025-07-14.23:10:20::SCWMssOS::make -C microblaze_0/libsrc/iic_v3_7/src -s libs  "SHELL=CMD" "COMPILER=mb-gcc" "ASSEMBLER=mb-as" "ARCHIVER=mb-ar" "COMPILER_FL
TRACE::2025-07-14.23:10:20::SCWMssOS::AGS=  -O2 -c -mcpu=v11.0 -mlittle-endian -mno-xl-soft-div -mno-xl-soft-mul -mxl-barrel-shift -mxl-pattern-compare" "EXTRA_COMPI
TRACE::2025-07-14.23:10:20::SCWMssOS::LER_FLAGS=-g -ffunction-sections -fdata-sections -Wall -Wextra"

TRACE::2025-07-14.23:10:20::SCWMssOS::"Running Make libs in microblaze_0/libsrc/intc_v3_12/src"

TRACE::2025-07-14.23:10:20::SCWMssOS::make -C microblaze_0/libsrc/intc_v3_12/src -s libs  "SHELL=CMD" "COMPILER=mb-gcc" "ASSEMBLER=mb-as" "ARCHIVER=mb-ar" "COMPILER_
TRACE::2025-07-14.23:10:20::SCWMssOS::FLAGS=  -O2 -c -mcpu=v11.0 -mlittle-endian -mno-xl-soft-div -mno-xl-soft-mul -mxl-barrel-shift -mxl-pattern-compare" "EXTRA_COM
TRACE::2025-07-14.23:10:20::SCWMssOS::PILER_FLAGS=-g -ffunction-sections -fdata-sections -Wall -Wextra"

TRACE::2025-07-14.23:10:20::SCWMssOS::"Running Make libs in microblaze_0/libsrc/spi_v4_7/src"

TRACE::2025-07-14.23:10:20::SCWMssOS::make -C microblaze_0/libsrc/spi_v4_7/src -s libs  "SHELL=CMD" "COMPILER=mb-gcc" "ASSEMBLER=mb-as" "ARCHIVER=mb-ar" "COMPILER_FL
TRACE::2025-07-14.23:10:20::SCWMssOS::AGS=  -O2 -c -mcpu=v11.0 -mlittle-endian -mno-xl-soft-div -mno-xl-soft-mul -mxl-barrel-shift -mxl-pattern-compare" "EXTRA_COMPI
TRACE::2025-07-14.23:10:20::SCWMssOS::LER_FLAGS=-g -ffunction-sections -fdata-sections -Wall -Wextra"

TRACE::2025-07-14.23:10:20::SCWMssOS::"Running Make libs in microblaze_0/libsrc/standalone_v7_3/src"

TRACE::2025-07-14.23:10:20::SCWMssOS::make -C microblaze_0/libsrc/standalone_v7_3/src -s libs  "SHELL=CMD" "COMPILER=mb-gcc" "ASSEMBLER=mb-as" "ARCHIVER=mb-ar" "COMP
TRACE::2025-07-14.23:10:20::SCWMssOS::ILER_FLAGS=  -O2 -c -mcpu=v11.0 -mlittle-endian -mno-xl-soft-div -mno-xl-soft-mul -mxl-barrel-shift -mxl-pattern-compare" "EXTR
TRACE::2025-07-14.23:10:20::SCWMssOS::A_COMPILER_FLAGS=-g -ffunction-sections -fdata-sections -Wall -Wextra"

TRACE::2025-07-14.23:10:20::SCWMssOS::"Running Make libs in microblaze_0/libsrc/tmrctr_v4_7/src"

TRACE::2025-07-14.23:10:20::SCWMssOS::make -C microblaze_0/libsrc/tmrctr_v4_7/src -s libs  "SHELL=CMD" "COMPILER=mb-gcc" "ASSEMBLER=mb-as" "ARCHIVER=mb-ar" "COMPILER
TRACE::2025-07-14.23:10:20::SCWMssOS::_FLAGS=  -O2 -c -mcpu=v11.0 -mlittle-endian -mno-xl-soft-div -mno-xl-soft-mul -mxl-barrel-shift -mxl-pattern-compare" "EXTRA_CO
TRACE::2025-07-14.23:10:20::SCWMssOS::MPILER_FLAGS=-g -ffunction-sections -fdata-sections -Wall -Wextra"

TRACE::2025-07-14.23:10:20::SCWMssOS::"Running Make libs in microblaze_0/libsrc/uartlite_v3_5/src"

TRACE::2025-07-14.23:10:20::SCWMssOS::make -C microblaze_0/libsrc/uartlite_v3_5/src -s libs  "SHELL=CMD" "COMPILER=mb-gcc" "ASSEMBLER=mb-as" "ARCHIVER=mb-ar" "COMPIL
TRACE::2025-07-14.23:10:20::SCWMssOS::ER_FLAGS=  -O2 -c -mcpu=v11.0 -mlittle-endian -mno-xl-soft-div -mno-xl-soft-mul -mxl-barrel-shift -mxl-pattern-compare" "EXTRA_
TRACE::2025-07-14.23:10:20::SCWMssOS::COMPILER_FLAGS=-g -ffunction-sections -fdata-sections -Wall -Wextra"

TRACE::2025-07-14.23:10:20::SCWMssOS::'Finished building libraries parallelly.'

TRACE::2025-07-14.23:10:20::SCWMssOS::make --no-print-directory archive

TRACE::2025-07-14.23:10:20::SCWMssOS::mb-ar -r  microblaze_0/lib/libxil.a microblaze_0/lib/xplatform_info.o microblaze_0/lib/xtmrctr_options.o microblaze_0/lib/micro
TRACE::2025-07-14.23:10:20::SCWMssOS::blaze_disable_exceptions.o microblaze_0/lib/print.o microblaze_0/lib/xil_testio.o microblaze_0/lib/microblaze_disable_dcache.o 
TRACE::2025-07-14.23:10:20::SCWMssOS::microblaze_0/lib/microblaze_flush_dcache_range.o microblaze_0/lib/xspi_g.o microblaze_0/lib/microblaze_flush_cache_ext.o microb
TRACE::2025-07-14.23:10:20::SCWMssOS::laze_0/lib/xspi.o microblaze_0/lib/xspi_sinit.o microblaze_0/lib/xil_misc_psreset_api.o microblaze_0/lib/xspi_selftest.o microb
TRACE::2025-07-14.23:10:20::SCWMssOS::laze_0/lib/xil_cache.o microblaze_0/lib/xil_util.o microblaze_0/lib/inbyte.o microblaze_0/lib/xiic_multi_master.o microblaze_0/
TRACE::2025-07-14.23:10:20::SCWMssOS::lib/xiic_sinit.o microblaze_0/lib/microblaze_exception_handler.o microblaze_0/lib/xbram_g.o microblaze_0/lib/xbram_sinit.o micr
TRACE::2025-07-14.23:10:20::SCWMssOS::oblaze_0/lib/microblaze_scrub.o microblaze_0/lib/xtmrctr_intr.o microblaze_0/lib/microblaze_invalidate_dcache.o microblaze_0/li
TRACE::2025-07-14.23:10:20::SCWMssOS::b/microblaze_disable_interrupts.o microblaze_0/lib/xbram_selftest.o microblaze_0/lib/microblaze_interrupt_handler.o microblaze_
TRACE::2025-07-14.23:10:20::SCWMssOS::0/lib/microblaze_disable_icache.o microblaze_0/lib/_exit.o microblaze_0/lib/xgpio_g.o microblaze_0/lib/xuartlite_g.o microblaze
TRACE::2025-07-14.23:10:20::SCWMssOS::_0/lib/xspi_stats.o microblaze_0/lib/microblaze_flush_cache_ext_range.o microblaze_0/lib/xiic_intr.o microblaze_0/lib/xil_sleep
TRACE::2025-07-14.23:10:20::SCWMssOS::common.o microblaze_0/lib/xil_printf.o microblaze_0/lib/xintc_g.o microblaze_0/lib/xiic_g.o microblaze_0/lib/xiic_l.o microblaz
TRACE::2025-07-14.23:10:20::SCWMssOS::e_0/lib/xtmrctr_l.o microblaze_0/lib/xintc_selftest.o microblaze_0/lib/xintc_l.o microblaze_0/lib/outbyte.o microblaze_0/lib/xi
TRACE::2025-07-14.23:10:20::SCWMssOS::o.o microblaze_0/lib/xgpio_intr.o microblaze_0/lib/xiic_slave.o microblaze_0/lib/microblaze_invalidate_dcache_range.o microblaz
TRACE::2025-07-14.23:10:20::SCWMssOS::e_0/lib/xil_testmem.o microblaze_0/lib/microblaze_invalidate_cache_ext.o microblaze_0/lib/microblaze_sleep.o microblaze_0/lib/x
TRACE::2025-07-14.23:10:20::SCWMssOS::uartlite_sinit.o microblaze_0/lib/hw_exception_handler.o microblaze_0/lib/xtmrctr.o microblaze_0/lib/xintc_options.o microblaze
TRACE::2025-07-14.23:10:20::SCWMssOS::_0/lib/xuartlite_selftest.o microblaze_0/lib/xgpio_sinit.o microblaze_0/lib/xuartlite.o microblaze_0/lib/microblaze_update_dcac
TRACE::2025-07-14.23:10:20::SCWMssOS::he.o microblaze_0/lib/xil_testcache.o microblaze_0/lib/microblaze_selftest.o microblaze_0/lib/microblaze_interrupts_g.o microbl
TRACE::2025-07-14.23:10:20::SCWMssOS::aze_0/lib/microblaze_enable_exceptions.o microblaze_0/lib/xil_mem.o microblaze_0/lib/xtmrctr_g.o microblaze_0/lib/microblaze_en
TRACE::2025-07-14.23:10:20::SCWMssOS::able_dcache.o microblaze_0/lib/xbram.o microblaze_0/lib/microblaze_invalidate_icache_range.o microblaze_0/lib/xtmrctr_selftest.
TRACE::2025-07-14.23:10:20::SCWMssOS::o microblaze_0/lib/microblaze_init_dcache_range.o microblaze_0/lib/microblaze_invalidate_icache.o microblaze_0/lib/xspi_options
TRACE::2025-07-14.23:10:20::SCWMssOS::.o microblaze_0/lib/errno.o microblaze_0/lib/xuartlite_l.o microblaze_0/lib/xiic_dyn_master.o microblaze_0/lib/xintc.o microbla
TRACE::2025-07-14.23:10:20::SCWMssOS::ze_0/lib/xuartlite_stats.o microblaze_0/lib/microblaze_invalidate_cache_ext_range.o microblaze_0/lib/xintc_intr.o microblaze_0/
TRACE::2025-07-14.23:10:20::SCWMssOS::lib/xil_exception.o microblaze_0/lib/pvr.o microblaze_0/lib/xgpio.o microblaze_0/lib/xiic_options.o microblaze_0/lib/microblaze
TRACE::2025-07-14.23:10:20::SCWMssOS::_update_icache.o microblaze_0/lib/xiic_master.o microblaze_0/lib/xuartlite_intr.o microblaze_0/lib/microblaze_flush_dcache.o mi
TRACE::2025-07-14.23:10:20::SCWMssOS::croblaze_0/lib/xil_clocking.o microblaze_0/lib/xil_assert.o microblaze_0/lib/xiic_stats.o microblaze_0/lib/microblaze_enable_in
TRACE::2025-07-14.23:10:20::SCWMssOS::terrupts.o microblaze_0/lib/xgpio_extra.o microblaze_0/lib/microblaze_init_icache_range.o microblaze_0/lib/microblaze_enable_ic
TRACE::2025-07-14.23:10:20::SCWMssOS::ache.o microblaze_0/lib/xiic.o microblaze_0/lib/xtmrctr_stats.o microblaze_0/lib/xbram_intr.o microblaze_0/lib/xtmrctr_sinit.o 
TRACE::2025-07-14.23:10:20::SCWMssOS::microblaze_0/lib/xiic_selftest.o microblaze_0/lib/fcntl.o microblaze_0/lib/xgpio_selftest.o

TRACE::2025-07-14.23:10:22::SCWMssOS::'Finished building libraries'

TRACE::2025-07-14.23:10:22::SCWMssOS::Copying to export directory.
TRACE::2025-07-14.23:10:22::SCWMssOS:: Checking if to create the Supporting Applications
TRACE::2025-07-14.23:10:22::SCWMssOS:: No Linux domain exists, trying to generate FSBL 
LOG::2025-07-14.23:10:22::SCWSystem::Completed Processing the domain standalone_domain
LOG::2025-07-14.23:10:22::SCWSystem::Completed Processing the sysconfig iic_spi_10KHz_ILA
LOG::2025-07-14.23:10:22::SCWPlatform::Completed generating the artifacts for system configuration iic_spi_10KHz_ILA
TRACE::2025-07-14.23:10:22::SCWPlatform::Started preparing the platform 
TRACE::2025-07-14.23:10:22::SCWSystem::Writing the bif file for system config iic_spi_10KHz_ILA
TRACE::2025-07-14.23:10:22::SCWSystem::dir created 
TRACE::2025-07-14.23:10:22::SCWSystem::Writing the bif 
TRACE::2025-07-14.23:10:22::SCWPlatform::Started writing the spfm file 
TRACE::2025-07-14.23:10:22::SCWPlatform::Started writing the xpfm file 
TRACE::2025-07-14.23:10:22::SCWPlatform::Completed generating the platform
TRACE::2025-07-14.23:10:22::SCWMssOS::Saving the mss changes C:/Users/ilpes/Desktop/Antenne_e_clocks/obb_golden_INTC_UART_MMCM/iic_spi_10KHz_ILA/microblaze_0/standalone_domain/bsp/system.mss
TRACE::2025-07-14.23:10:22::SCWMssOS::Found a swdesign opened with the mssfile.
TRACE::2025-07-14.23:10:22::SCWMssOS::Completed writemss as part of save.
TRACE::2025-07-14.23:10:22::SCWMssOS::Commit changes completed.
TRACE::2025-07-14.23:10:22::SCWPlatform::Trying to open the hw design at C:/Users/ilpes/Desktop/Antenne_e_clocks/obb_golden_INTC_UART_MMCM/iic_spi_10KHz_ILA/hw/user_35t_withILA.xsa
TRACE::2025-07-14.23:10:22::SCWPlatform::DSA given C:/Users/ilpes/Desktop/Antenne_e_clocks/obb_golden_INTC_UART_MMCM/iic_spi_10KHz_ILA/hw/user_35t_withILA.xsa
TRACE::2025-07-14.23:10:22::SCWPlatform::DSA absoulate path C:/Users/ilpes/Desktop/Antenne_e_clocks/obb_golden_INTC_UART_MMCM/iic_spi_10KHz_ILA/hw/user_35t_withILA.xsa
TRACE::2025-07-14.23:10:22::SCWPlatform::DSA directory C:/Users/ilpes/Desktop/Antenne_e_clocks/obb_golden_INTC_UART_MMCM/iic_spi_10KHz_ILA/hw
TRACE::2025-07-14.23:10:22::SCWPlatform:: Platform Path C:/Users/ilpes/Desktop/Antenne_e_clocks/obb_golden_INTC_UART_MMCM/iic_spi_10KHz_ILA/hw/user_35t_withILA.xsa
TRACE::2025-07-14.23:10:22::SCWPlatform:: Unique name xilinx:cmod_a7-35t::0.0
TRACE::2025-07-14.23:10:22::SCWPlatform::Trying to set the existing hwdb with name user_35t_wrapper_1
TRACE::2025-07-14.23:10:22::SCWPlatform::Opened existing hwdb user_35t_wrapper_1
TRACE::2025-07-14.23:10:22::SCWPlatform::Found the Hw Db part of the input DSA
TRACE::2025-07-14.23:10:22::SCWMssOS::Checking the sw design at  C:/Users/ilpes/Desktop/Antenne_e_clocks/obb_golden_INTC_UART_MMCM/iic_spi_10KHz_ILA/microblaze_0/standalone_domain/bsp/system.mss
TRACE::2025-07-14.23:10:22::SCWMssOS::DEBUG:  swdes dump  C:/Users/ilpes/Desktop/Antenne_e_clocks/obb_golden_INTC_UART_MMCM/iic_spi_10KHz_ILA/microblaze_0/standalone_domain/bsp/system.mss|system||

TRACE::2025-07-14.23:10:22::SCWMssOS::Sw design exists and opened at  C:/Users/ilpes/Desktop/Antenne_e_clocks/obb_golden_INTC_UART_MMCM/iic_spi_10KHz_ILA/microblaze_0/standalone_domain/bsp/system.mss
TRACE::2025-07-14.23:10:22::SCWWriter::formatted JSON is {
	"platformName":	"iic_spi_10KHz_ILA",
	"sprVersion":	"2.0",
	"mode":	"gui",
	"dsaType":	"Fixed",
	"platformDesc":	"iic_spi_10KHz_ILA",
	"platHandOff":	"C:/Users/ilpes/Desktop/INSEGNAMENTO/Didattica2023/CMOD_A35t_emc_uart_iic_spi/project_1/user_35t_withILA.xsa",
	"platIntHandOff":	"<platformDir>/hw/user_35t_withILA.xsa",
	"deviceType":	"FPGA",
	"platIsPrebuiltAutogen":	"false",
	"platIsNoBootBsp":	"false",
	"hasFsblMakeHasChanges":	"false",
	"hasPmufwMakeHasChanges":	"false",
	"platPreBuiltFlag":	false,
	"platformSamplesDir":	"",
	"platActiveSys":	"iic_spi_10KHz_ILA",
	"systems":	[{
			"systemName":	"iic_spi_10KHz_ILA",
			"systemDesc":	"iic_spi_10KHz_ILA",
			"sysIsBootAutoGen":	"true",
			"systemDispName":	"iic_spi_10KHz_ILA",
			"sysActiveDom":	"standalone_domain",
			"sysDefaultDom":	"standalone_domain",
			"domains":	[{
					"domainName":	"standalone_domain",
					"domainDispName":	"standalone on microblaze_0",
					"domainDesc":	"standalone_domain",
					"processors":	"microblaze_0",
					"os":	"standalone",
					"sdxOs":	"standalone",
					"debugEnable":	"False",
					"domRuntimes":	["cpp"],
					"swRepo":	"",
					"mssOsVer":	"7.3",
					"mssFile":	"",
					"md5Digest":	"4ff912ba097ec0244cd8262b18dcbf48",
					"compatibleApp":	"",
					"domType":	"mssDomain",
					"arch":	"32-bit",
					"appSettings":	{
						"appCompilerFlags":	"",
						"appLinkerFlags":	""
					},
					"addedLibs":	[],
					"libOptions":	{
						"libsContainingOptions":	[]
					},
					"prebuiltLibs":	{
						"prebuiltIncPath":	[],
						"prebuiltLibPath":	[]
					},
					"isolation":	{
					}
				}]
		}]
}
KEYINFO::2025-07-14.23:10:22::SCWPlatform::updated the xpfm file.
TRACE::2025-07-14.23:10:22::SCWPlatform::Trying to open the hw design at C:/Users/ilpes/Desktop/Antenne_e_clocks/obb_golden_INTC_UART_MMCM/iic_spi_10KHz_ILA/hw/user_35t_withILA.xsa
TRACE::2025-07-14.23:10:22::SCWPlatform::DSA given C:/Users/ilpes/Desktop/Antenne_e_clocks/obb_golden_INTC_UART_MMCM/iic_spi_10KHz_ILA/hw/user_35t_withILA.xsa
TRACE::2025-07-14.23:10:22::SCWPlatform::DSA absoulate path C:/Users/ilpes/Desktop/Antenne_e_clocks/obb_golden_INTC_UART_MMCM/iic_spi_10KHz_ILA/hw/user_35t_withILA.xsa
TRACE::2025-07-14.23:10:22::SCWPlatform::DSA directory C:/Users/ilpes/Desktop/Antenne_e_clocks/obb_golden_INTC_UART_MMCM/iic_spi_10KHz_ILA/hw
TRACE::2025-07-14.23:10:22::SCWPlatform:: Platform Path C:/Users/ilpes/Desktop/Antenne_e_clocks/obb_golden_INTC_UART_MMCM/iic_spi_10KHz_ILA/hw/user_35t_withILA.xsa
TRACE::2025-07-14.23:10:22::SCWPlatform:: Unique name xilinx:cmod_a7-35t::0.0
TRACE::2025-07-14.23:10:22::SCWPlatform::Trying to set the existing hwdb with name user_35t_wrapper_1
TRACE::2025-07-14.23:10:22::SCWPlatform::Opened existing hwdb user_35t_wrapper_1
TRACE::2025-07-14.23:10:22::SCWPlatform::Found the Hw Db part of the input DSA
TRACE::2025-07-14.23:10:22::SCWMssOS::Checking the sw design at  C:/Users/ilpes/Desktop/Antenne_e_clocks/obb_golden_INTC_UART_MMCM/iic_spi_10KHz_ILA/microblaze_0/standalone_domain/bsp/system.mss
TRACE::2025-07-14.23:10:22::SCWMssOS::DEBUG:  swdes dump  C:/Users/ilpes/Desktop/Antenne_e_clocks/obb_golden_INTC_UART_MMCM/iic_spi_10KHz_ILA/microblaze_0/standalone_domain/bsp/system.mss|system||

TRACE::2025-07-14.23:10:22::SCWMssOS::Sw design exists and opened at  C:/Users/ilpes/Desktop/Antenne_e_clocks/obb_golden_INTC_UART_MMCM/iic_spi_10KHz_ILA/microblaze_0/standalone_domain/bsp/system.mss
TRACE::2025-07-15.22:57:59::SCWPlatform::Trying to open the hw design at C:/Users/ilpes/Desktop/Antenne_e_clocks/obb_golden_INTC_UART_MMCM/iic_spi_10KHz_ILA/hw/user_35t_withILA.xsa
TRACE::2025-07-15.22:57:59::SCWPlatform::DSA given C:/Users/ilpes/Desktop/Antenne_e_clocks/obb_golden_INTC_UART_MMCM/iic_spi_10KHz_ILA/hw/user_35t_withILA.xsa
TRACE::2025-07-15.22:57:59::SCWPlatform::DSA absoulate path C:/Users/ilpes/Desktop/Antenne_e_clocks/obb_golden_INTC_UART_MMCM/iic_spi_10KHz_ILA/hw/user_35t_withILA.xsa
TRACE::2025-07-15.22:58:01::SCWPlatform::DSA directory C:/Users/ilpes/Desktop/Antenne_e_clocks/obb_golden_INTC_UART_MMCM/iic_spi_10KHz_ILA/hw
TRACE::2025-07-15.22:58:01::SCWPlatform:: Platform Path C:/Users/ilpes/Desktop/Antenne_e_clocks/obb_golden_INTC_UART_MMCM/iic_spi_10KHz_ILA/hw/user_35t_withILA.xsa
TRACE::2025-07-15.22:58:01::SCWPlatform:: Unique name xilinx:cmod_a7-35t::0.0
TRACE::2025-07-15.22:58:01::SCWPlatform::Do not have an existing db opened. 
TRACE::2025-07-15.22:58:01::SCWPlatform::Opened new HwDB with name user_35t_wrapper
TRACE::2025-07-15.22:58:01::SCWReader::Active system found as  iic_spi_10KHz_ILA
TRACE::2025-07-15.22:58:01::SCWReader::Handling sysconfig iic_spi_10KHz_ILA
TRACE::2025-07-15.22:58:01::SCWDomain::checking for install qemu data   : 
TRACE::2025-07-15.22:58:01::SCWPlatform::Trying to open the hw design at C:/Users/ilpes/Desktop/Antenne_e_clocks/obb_golden_INTC_UART_MMCM/iic_spi_10KHz_ILA/hw/user_35t_withILA.xsa
TRACE::2025-07-15.22:58:01::SCWPlatform::DSA given C:/Users/ilpes/Desktop/Antenne_e_clocks/obb_golden_INTC_UART_MMCM/iic_spi_10KHz_ILA/hw/user_35t_withILA.xsa
TRACE::2025-07-15.22:58:01::SCWPlatform::DSA absoulate path C:/Users/ilpes/Desktop/Antenne_e_clocks/obb_golden_INTC_UART_MMCM/iic_spi_10KHz_ILA/hw/user_35t_withILA.xsa
TRACE::2025-07-15.22:58:01::SCWPlatform::DSA directory C:/Users/ilpes/Desktop/Antenne_e_clocks/obb_golden_INTC_UART_MMCM/iic_spi_10KHz_ILA/hw
TRACE::2025-07-15.22:58:01::SCWPlatform:: Platform Path C:/Users/ilpes/Desktop/Antenne_e_clocks/obb_golden_INTC_UART_MMCM/iic_spi_10KHz_ILA/hw/user_35t_withILA.xsa
TRACE::2025-07-15.22:58:01::SCWPlatform:: Unique name xilinx:cmod_a7-35t::0.0
TRACE::2025-07-15.22:58:01::SCWPlatform::Trying to set the existing hwdb with name user_35t_wrapper
TRACE::2025-07-15.22:58:01::SCWPlatform::Opened existing hwdb user_35t_wrapper
TRACE::2025-07-15.22:58:01::SCWPlatform::Found the Hw Db part of the input DSA
TRACE::2025-07-15.22:58:01::SCWPlatform::Trying to open the hw design at C:/Users/ilpes/Desktop/Antenne_e_clocks/obb_golden_INTC_UART_MMCM/iic_spi_10KHz_ILA/hw/user_35t_withILA.xsa
TRACE::2025-07-15.22:58:01::SCWPlatform::DSA given C:/Users/ilpes/Desktop/Antenne_e_clocks/obb_golden_INTC_UART_MMCM/iic_spi_10KHz_ILA/hw/user_35t_withILA.xsa
TRACE::2025-07-15.22:58:01::SCWPlatform::DSA absoulate path C:/Users/ilpes/Desktop/Antenne_e_clocks/obb_golden_INTC_UART_MMCM/iic_spi_10KHz_ILA/hw/user_35t_withILA.xsa
TRACE::2025-07-15.22:58:01::SCWPlatform::DSA directory C:/Users/ilpes/Desktop/Antenne_e_clocks/obb_golden_INTC_UART_MMCM/iic_spi_10KHz_ILA/hw
TRACE::2025-07-15.22:58:01::SCWPlatform:: Platform Path C:/Users/ilpes/Desktop/Antenne_e_clocks/obb_golden_INTC_UART_MMCM/iic_spi_10KHz_ILA/hw/user_35t_withILA.xsa
TRACE::2025-07-15.22:58:01::SCWPlatform:: Unique name xilinx:cmod_a7-35t::0.0
TRACE::2025-07-15.22:58:01::SCWPlatform::Trying to set the existing hwdb with name user_35t_wrapper
TRACE::2025-07-15.22:58:01::SCWPlatform::Opened existing hwdb user_35t_wrapper
TRACE::2025-07-15.22:58:01::SCWPlatform::Found the Hw Db part of the input DSA
TRACE::2025-07-15.22:58:01::SCWPlatform::Trying to open the hw design at C:/Users/ilpes/Desktop/Antenne_e_clocks/obb_golden_INTC_UART_MMCM/iic_spi_10KHz_ILA/hw/user_35t_withILA.xsa
TRACE::2025-07-15.22:58:01::SCWPlatform::DSA given C:/Users/ilpes/Desktop/Antenne_e_clocks/obb_golden_INTC_UART_MMCM/iic_spi_10KHz_ILA/hw/user_35t_withILA.xsa
TRACE::2025-07-15.22:58:01::SCWPlatform::DSA absoulate path C:/Users/ilpes/Desktop/Antenne_e_clocks/obb_golden_INTC_UART_MMCM/iic_spi_10KHz_ILA/hw/user_35t_withILA.xsa
TRACE::2025-07-15.22:58:01::SCWPlatform::DSA directory C:/Users/ilpes/Desktop/Antenne_e_clocks/obb_golden_INTC_UART_MMCM/iic_spi_10KHz_ILA/hw
TRACE::2025-07-15.22:58:01::SCWPlatform:: Platform Path C:/Users/ilpes/Desktop/Antenne_e_clocks/obb_golden_INTC_UART_MMCM/iic_spi_10KHz_ILA/hw/user_35t_withILA.xsa
TRACE::2025-07-15.22:58:01::SCWPlatform:: Unique name xilinx:cmod_a7-35t::0.0
TRACE::2025-07-15.22:58:01::SCWPlatform::Trying to set the existing hwdb with name user_35t_wrapper
TRACE::2025-07-15.22:58:01::SCWPlatform::Opened existing hwdb user_35t_wrapper
TRACE::2025-07-15.22:58:01::SCWPlatform::Found the Hw Db part of the input DSA
TRACE::2025-07-15.22:58:01::SCWPlatform::Trying to open the hw design at C:/Users/ilpes/Desktop/Antenne_e_clocks/obb_golden_INTC_UART_MMCM/iic_spi_10KHz_ILA/hw/user_35t_withILA.xsa
TRACE::2025-07-15.22:58:01::SCWPlatform::DSA given C:/Users/ilpes/Desktop/Antenne_e_clocks/obb_golden_INTC_UART_MMCM/iic_spi_10KHz_ILA/hw/user_35t_withILA.xsa
TRACE::2025-07-15.22:58:01::SCWPlatform::DSA absoulate path C:/Users/ilpes/Desktop/Antenne_e_clocks/obb_golden_INTC_UART_MMCM/iic_spi_10KHz_ILA/hw/user_35t_withILA.xsa
TRACE::2025-07-15.22:58:01::SCWPlatform::DSA directory C:/Users/ilpes/Desktop/Antenne_e_clocks/obb_golden_INTC_UART_MMCM/iic_spi_10KHz_ILA/hw
TRACE::2025-07-15.22:58:01::SCWPlatform:: Platform Path C:/Users/ilpes/Desktop/Antenne_e_clocks/obb_golden_INTC_UART_MMCM/iic_spi_10KHz_ILA/hw/user_35t_withILA.xsa
TRACE::2025-07-15.22:58:01::SCWPlatform:: Unique name xilinx:cmod_a7-35t::0.0
TRACE::2025-07-15.22:58:01::SCWPlatform::Trying to set the existing hwdb with name user_35t_wrapper
TRACE::2025-07-15.22:58:01::SCWPlatform::Opened existing hwdb user_35t_wrapper
TRACE::2025-07-15.22:58:01::SCWPlatform::Found the Hw Db part of the input DSA
TRACE::2025-07-15.22:58:01::SCWMssOS::Checking the sw design at  C:/Users/ilpes/Desktop/Antenne_e_clocks/obb_golden_INTC_UART_MMCM/iic_spi_10KHz_ILA/microblaze_0/standalone_domain/bsp/system.mss
TRACE::2025-07-15.22:58:01::SCWMssOS::DEBUG:  swdes dump  
TRACE::2025-07-15.22:58:01::SCWMssOS::No sw design opened at  C:/Users/ilpes/Desktop/Antenne_e_clocks/obb_golden_INTC_UART_MMCM/iic_spi_10KHz_ILA/microblaze_0/standalone_domain/bsp/system.mss
TRACE::2025-07-15.22:58:01::SCWMssOS::mss exists loading the mss file  C:/Users/ilpes/Desktop/Antenne_e_clocks/obb_golden_INTC_UART_MMCM/iic_spi_10KHz_ILA/microblaze_0/standalone_domain/bsp/system.mss
TRACE::2025-07-15.22:58:01::SCWMssOS::Opened the sw design from mss  C:/Users/ilpes/Desktop/Antenne_e_clocks/obb_golden_INTC_UART_MMCM/iic_spi_10KHz_ILA/microblaze_0/standalone_domain/bsp/system.mss
TRACE::2025-07-15.22:58:01::SCWMssOS::Adding the swdes entry C:/Users/ilpes/Desktop/Antenne_e_clocks/obb_golden_INTC_UART_MMCM/iic_spi_10KHz_ILA/microblaze_0/standalone_domain/bsp/system.mss with des name system
TRACE::2025-07-15.22:58:01::SCWMssOS::updating the scw layer about changes
TRACE::2025-07-15.22:58:01::SCWMssOS::Opened the sw design.  C:/Users/ilpes/Desktop/Antenne_e_clocks/obb_golden_INTC_UART_MMCM/iic_spi_10KHz_ILA/microblaze_0/standalone_domain/bsp/system.mss
TRACE::2025-07-15.22:58:01::SCWMssOS::Saving the mss changes C:/Users/ilpes/Desktop/Antenne_e_clocks/obb_golden_INTC_UART_MMCM/iic_spi_10KHz_ILA/microblaze_0/standalone_domain/bsp/system.mss
TRACE::2025-07-15.22:58:01::SCWMssOS::Found a swdesign opened with the mssfile.
TRACE::2025-07-15.22:58:01::SCWMssOS::Completed writemss as part of save.
TRACE::2025-07-15.22:58:01::SCWMssOS::Commit changes completed.
TRACE::2025-07-15.22:58:01::SCWReader::Adding prebuilt librarypaths as   
TRACE::2025-07-15.22:58:01::SCWReader::Adding prebuilt incpaths  as   
TRACE::2025-07-15.22:58:01::SCWPlatform::Trying to open the hw design at C:/Users/ilpes/Desktop/Antenne_e_clocks/obb_golden_INTC_UART_MMCM/iic_spi_10KHz_ILA/hw/user_35t_withILA.xsa
TRACE::2025-07-15.22:58:01::SCWPlatform::DSA given C:/Users/ilpes/Desktop/Antenne_e_clocks/obb_golden_INTC_UART_MMCM/iic_spi_10KHz_ILA/hw/user_35t_withILA.xsa
TRACE::2025-07-15.22:58:01::SCWPlatform::DSA absoulate path C:/Users/ilpes/Desktop/Antenne_e_clocks/obb_golden_INTC_UART_MMCM/iic_spi_10KHz_ILA/hw/user_35t_withILA.xsa
TRACE::2025-07-15.22:58:01::SCWPlatform::DSA directory C:/Users/ilpes/Desktop/Antenne_e_clocks/obb_golden_INTC_UART_MMCM/iic_spi_10KHz_ILA/hw
TRACE::2025-07-15.22:58:01::SCWPlatform:: Platform Path C:/Users/ilpes/Desktop/Antenne_e_clocks/obb_golden_INTC_UART_MMCM/iic_spi_10KHz_ILA/hw/user_35t_withILA.xsa
TRACE::2025-07-15.22:58:01::SCWPlatform:: Unique name xilinx:cmod_a7-35t::0.0
TRACE::2025-07-15.22:58:01::SCWPlatform::Trying to set the existing hwdb with name user_35t_wrapper
TRACE::2025-07-15.22:58:01::SCWPlatform::Opened existing hwdb user_35t_wrapper
TRACE::2025-07-15.22:58:01::SCWPlatform::Found the Hw Db part of the input DSA
TRACE::2025-07-15.22:58:01::SCWMssOS::Checking the sw design at  C:/Users/ilpes/Desktop/Antenne_e_clocks/obb_golden_INTC_UART_MMCM/iic_spi_10KHz_ILA/microblaze_0/standalone_domain/bsp/system.mss
TRACE::2025-07-15.22:58:01::SCWMssOS::DEBUG:  swdes dump  C:/Users/ilpes/Desktop/Antenne_e_clocks/obb_golden_INTC_UART_MMCM/iic_spi_10KHz_ILA/microblaze_0/standalone_domain/bsp/system.mss|system||

TRACE::2025-07-15.22:58:01::SCWMssOS::Sw design exists and opened at  C:/Users/ilpes/Desktop/Antenne_e_clocks/obb_golden_INTC_UART_MMCM/iic_spi_10KHz_ILA/microblaze_0/standalone_domain/bsp/system.mss
TRACE::2025-07-15.22:58:01::SCWReader::No isolation master present  
LOG::2025-07-15.22:58:01::SCWPlatform::Started generating the artifacts platform iic_spi_10KHz_ILA
TRACE::2025-07-15.22:58:01::SCWPlatform::Sanity checking of platform is completed
LOG::2025-07-15.22:58:01::SCWPlatform::Started generating the artifacts for system configuration iic_spi_10KHz_ILA
LOG::2025-07-15.22:58:01::SCWSystem::Checking the domain standalone_domain
LOG::2025-07-15.22:58:01::SCWSystem::Not a boot domain 
LOG::2025-07-15.22:58:01::SCWSystem::Started Processing the domain standalone_domain
TRACE::2025-07-15.22:58:01::SCWDomain::Generating domain artifcats
TRACE::2025-07-15.22:58:01::SCWMssOS::Generating standalone artifcats
TRACE::2025-07-15.22:58:01::SCWMssOS:: Copying the user libraries. 
TRACE::2025-07-15.22:58:01::SCWPlatform::Trying to open the hw design at C:/Users/ilpes/Desktop/Antenne_e_clocks/obb_golden_INTC_UART_MMCM/iic_spi_10KHz_ILA/hw/user_35t_withILA.xsa
TRACE::2025-07-15.22:58:01::SCWPlatform::DSA given C:/Users/ilpes/Desktop/Antenne_e_clocks/obb_golden_INTC_UART_MMCM/iic_spi_10KHz_ILA/hw/user_35t_withILA.xsa
TRACE::2025-07-15.22:58:01::SCWPlatform::DSA absoulate path C:/Users/ilpes/Desktop/Antenne_e_clocks/obb_golden_INTC_UART_MMCM/iic_spi_10KHz_ILA/hw/user_35t_withILA.xsa
TRACE::2025-07-15.22:58:01::SCWPlatform::DSA directory C:/Users/ilpes/Desktop/Antenne_e_clocks/obb_golden_INTC_UART_MMCM/iic_spi_10KHz_ILA/hw
TRACE::2025-07-15.22:58:02::SCWPlatform:: Platform Path C:/Users/ilpes/Desktop/Antenne_e_clocks/obb_golden_INTC_UART_MMCM/iic_spi_10KHz_ILA/hw/user_35t_withILA.xsa
TRACE::2025-07-15.22:58:02::SCWPlatform:: Unique name xilinx:cmod_a7-35t::0.0
TRACE::2025-07-15.22:58:02::SCWPlatform::Trying to set the existing hwdb with name user_35t_wrapper
TRACE::2025-07-15.22:58:02::SCWPlatform::Opened existing hwdb user_35t_wrapper
TRACE::2025-07-15.22:58:02::SCWPlatform::Found the Hw Db part of the input DSA
TRACE::2025-07-15.22:58:02::SCWMssOS::Checking the sw design at  C:/Users/ilpes/Desktop/Antenne_e_clocks/obb_golden_INTC_UART_MMCM/iic_spi_10KHz_ILA/microblaze_0/standalone_domain/bsp/system.mss
TRACE::2025-07-15.22:58:02::SCWMssOS::DEBUG:  swdes dump  C:/Users/ilpes/Desktop/Antenne_e_clocks/obb_golden_INTC_UART_MMCM/iic_spi_10KHz_ILA/microblaze_0/standalone_domain/bsp/system.mss|system||

TRACE::2025-07-15.22:58:02::SCWMssOS::Sw design exists and opened at  C:/Users/ilpes/Desktop/Antenne_e_clocks/obb_golden_INTC_UART_MMCM/iic_spi_10KHz_ILA/microblaze_0/standalone_domain/bsp/system.mss
TRACE::2025-07-15.22:58:02::SCWMssOS::Completed writing the mss file at C:/Users/ilpes/Desktop/Antenne_e_clocks/obb_golden_INTC_UART_MMCM/iic_spi_10KHz_ILA/microblaze_0/standalone_domain/bsp
TRACE::2025-07-15.22:58:02::SCWMssOS::Mss edits present, copying mssfile into export location C:/Users/ilpes/Desktop/Antenne_e_clocks/obb_golden_INTC_UART_MMCM/iic_spi_10KHz_ILA/microblaze_0/standalone_domain/bsp/system.mss
TRACE::2025-07-15.22:58:02::SCWMssOS::bsp generated is upto date with the mss file. Skipping bsp generation.
TRACE::2025-07-15.22:58:02::SCWMssOS::BSP is already built. skipping the bsp build ... 
TRACE::2025-07-15.22:58:02::SCWDomain::Building the domain as part of full build :  standalone_domain
TRACE::2025-07-15.22:58:02::SCWMssOS::doing bsp build ... 
TRACE::2025-07-15.22:58:02::SCWMssOS::System Command Ran  C: & cd  C:/Users/ilpes/Desktop/Antenne_e_clocks/obb_golden_INTC_UART_MMCM/iic_spi_10KHz_ILA/microblaze_0/standalone_domain/bsp & make 
TRACE::2025-07-15.22:58:02::SCWMssOS::make --no-print-directory seq_libs

TRACE::2025-07-15.22:58:02::SCWMssOS::'Finished building libraries sequentially.'

TRACE::2025-07-15.22:58:02::SCWMssOS::make -j --no-print-directory par_libs

TRACE::2025-07-15.22:58:02::SCWMssOS::"Running Make include in microblaze_0/libsrc/bram_v4_5/src"

TRACE::2025-07-15.22:58:02::SCWMssOS::make -C microblaze_0/libsrc/bram_v4_5/src -s include  "SHELL=CMD" "COMPILER=mb-gcc" "ASSEMBLER=mb-as" "ARCHIVER=mb-ar" "COMPILE
TRACE::2025-07-15.22:58:02::SCWMssOS::R_FLAGS=  -O2 -c -mcpu=v11.0 -mlittle-endian -mno-xl-soft-div -mno-xl-soft-mul -mxl-barrel-shift -mxl-pattern-compare" "EXTRA_C
TRACE::2025-07-15.22:58:02::SCWMssOS::OMPILER_FLAGS=-g -ffunction-sections -fdata-sections -Wall -Wextra"

TRACE::2025-07-15.22:58:02::SCWMssOS::"Running Make include in microblaze_0/libsrc/cpu_v2_12/src"

TRACE::2025-07-15.22:58:02::SCWMssOS::make -C microblaze_0/libsrc/cpu_v2_12/src -s include  "SHELL=CMD" "COMPILER=mb-gcc" "ASSEMBLER=mb-as" "ARCHIVER=mb-ar" "COMPILE
TRACE::2025-07-15.22:58:02::SCWMssOS::R_FLAGS=  -O2 -c -mcpu=v11.0 -mlittle-endian -mno-xl-soft-div -mno-xl-soft-mul -mxl-barrel-shift -mxl-pattern-compare" "EXTRA_C
TRACE::2025-07-15.22:58:02::SCWMssOS::OMPILER_FLAGS=-g -ffunction-sections -fdata-sections -Wall -Wextra"

TRACE::2025-07-15.22:58:02::SCWMssOS::"Running Make include in microblaze_0/libsrc/gpio_v4_7/src"

TRACE::2025-07-15.22:58:02::SCWMssOS::make -C microblaze_0/libsrc/gpio_v4_7/src -s include  "SHELL=CMD" "COMPILER=mb-gcc" "ASSEMBLER=mb-as" "ARCHIVER=mb-ar" "COMPILE
TRACE::2025-07-15.22:58:02::SCWMssOS::R_FLAGS=  -O2 -c -mcpu=v11.0 -mlittle-endian -mno-xl-soft-div -mno-xl-soft-mul -mxl-barrel-shift -mxl-pattern-compare" "EXTRA_C
TRACE::2025-07-15.22:58:02::SCWMssOS::OMPILER_FLAGS=-g -ffunction-sections -fdata-sections -Wall -Wextra"

TRACE::2025-07-15.22:58:02::SCWMssOS::"Running Make include in microblaze_0/libsrc/iic_v3_7/src"

TRACE::2025-07-15.22:58:02::SCWMssOS::make -C microblaze_0/libsrc/iic_v3_7/src -s include  "SHELL=CMD" "COMPILER=mb-gcc" "ASSEMBLER=mb-as" "ARCHIVER=mb-ar" "COMPILER
TRACE::2025-07-15.22:58:02::SCWMssOS::_FLAGS=  -O2 -c -mcpu=v11.0 -mlittle-endian -mno-xl-soft-div -mno-xl-soft-mul -mxl-barrel-shift -mxl-pattern-compare" "EXTRA_CO
TRACE::2025-07-15.22:58:02::SCWMssOS::MPILER_FLAGS=-g -ffunction-sections -fdata-sections -Wall -Wextra"

TRACE::2025-07-15.22:58:02::SCWMssOS::"Running Make include in microblaze_0/libsrc/intc_v3_12/src"

TRACE::2025-07-15.22:58:02::SCWMssOS::make -C microblaze_0/libsrc/intc_v3_12/src -s include  "SHELL=CMD" "COMPILER=mb-gcc" "ASSEMBLER=mb-as" "ARCHIVER=mb-ar" "COMPIL
TRACE::2025-07-15.22:58:02::SCWMssOS::ER_FLAGS=  -O2 -c -mcpu=v11.0 -mlittle-endian -mno-xl-soft-div -mno-xl-soft-mul -mxl-barrel-shift -mxl-pattern-compare" "EXTRA_
TRACE::2025-07-15.22:58:02::SCWMssOS::COMPILER_FLAGS=-g -ffunction-sections -fdata-sections -Wall -Wextra"

TRACE::2025-07-15.22:58:02::SCWMssOS::"Running Make include in microblaze_0/libsrc/spi_v4_7/src"

TRACE::2025-07-15.22:58:02::SCWMssOS::make -C microblaze_0/libsrc/spi_v4_7/src -s include  "SHELL=CMD" "COMPILER=mb-gcc" "ASSEMBLER=mb-as" "ARCHIVER=mb-ar" "COMPILER
TRACE::2025-07-15.22:58:02::SCWMssOS::_FLAGS=  -O2 -c -mcpu=v11.0 -mlittle-endian -mno-xl-soft-div -mno-xl-soft-mul -mxl-barrel-shift -mxl-pattern-compare" "EXTRA_CO
TRACE::2025-07-15.22:58:02::SCWMssOS::MPILER_FLAGS=-g -ffunction-sections -fdata-sections -Wall -Wextra"

TRACE::2025-07-15.22:58:02::SCWMssOS::"Running Make include in microblaze_0/libsrc/standalone_v7_3/src"

TRACE::2025-07-15.22:58:02::SCWMssOS::make -C microblaze_0/libsrc/standalone_v7_3/src -s include  "SHELL=CMD" "COMPILER=mb-gcc" "ASSEMBLER=mb-as" "ARCHIVER=mb-ar" "C
TRACE::2025-07-15.22:58:02::SCWMssOS::OMPILER_FLAGS=  -O2 -c -mcpu=v11.0 -mlittle-endian -mno-xl-soft-div -mno-xl-soft-mul -mxl-barrel-shift -mxl-pattern-compare" "E
TRACE::2025-07-15.22:58:02::SCWMssOS::XTRA_COMPILER_FLAGS=-g -ffunction-sections -fdata-sections -Wall -Wextra"

TRACE::2025-07-15.22:58:02::SCWMssOS::"Running Make include in microblaze_0/libsrc/tmrctr_v4_7/src"

TRACE::2025-07-15.22:58:02::SCWMssOS::make -C microblaze_0/libsrc/tmrctr_v4_7/src -s include  "SHELL=CMD" "COMPILER=mb-gcc" "ASSEMBLER=mb-as" "ARCHIVER=mb-ar" "COMPI
TRACE::2025-07-15.22:58:02::SCWMssOS::LER_FLAGS=  -O2 -c -mcpu=v11.0 -mlittle-endian -mno-xl-soft-div -mno-xl-soft-mul -mxl-barrel-shift -mxl-pattern-compare" "EXTRA
TRACE::2025-07-15.22:58:02::SCWMssOS::_COMPILER_FLAGS=-g -ffunction-sections -fdata-sections -Wall -Wextra"

TRACE::2025-07-15.22:58:02::SCWMssOS::"Running Make include in microblaze_0/libsrc/uartlite_v3_5/src"

TRACE::2025-07-15.22:58:02::SCWMssOS::make -C microblaze_0/libsrc/uartlite_v3_5/src -s include  "SHELL=CMD" "COMPILER=mb-gcc" "ASSEMBLER=mb-as" "ARCHIVER=mb-ar" "COM
TRACE::2025-07-15.22:58:02::SCWMssOS::PILER_FLAGS=  -O2 -c -mcpu=v11.0 -mlittle-endian -mno-xl-soft-div -mno-xl-soft-mul -mxl-barrel-shift -mxl-pattern-compare" "EXT
TRACE::2025-07-15.22:58:02::SCWMssOS::RA_COMPILER_FLAGS=-g -ffunction-sections -fdata-sections -Wall -Wextra"

TRACE::2025-07-15.22:58:03::SCWMssOS::"Running Make libs in microblaze_0/libsrc/bram_v4_5/src"

TRACE::2025-07-15.22:58:03::SCWMssOS::make -C microblaze_0/libsrc/bram_v4_5/src -s libs  "SHELL=CMD" "COMPILER=mb-gcc" "ASSEMBLER=mb-as" "ARCHIVER=mb-ar" "COMPILER_F
TRACE::2025-07-15.22:58:03::SCWMssOS::LAGS=  -O2 -c -mcpu=v11.0 -mlittle-endian -mno-xl-soft-div -mno-xl-soft-mul -mxl-barrel-shift -mxl-pattern-compare" "EXTRA_COMP
TRACE::2025-07-15.22:58:03::SCWMssOS::ILER_FLAGS=-g -ffunction-sections -fdata-sections -Wall -Wextra"

TRACE::2025-07-15.22:58:03::SCWMssOS::"Running Make libs in microblaze_0/libsrc/cpu_v2_12/src"

TRACE::2025-07-15.22:58:03::SCWMssOS::make -C microblaze_0/libsrc/cpu_v2_12/src -s libs  "SHELL=CMD" "COMPILER=mb-gcc" "ASSEMBLER=mb-as" "ARCHIVER=mb-ar" "COMPILER_F
TRACE::2025-07-15.22:58:03::SCWMssOS::LAGS=  -O2 -c -mcpu=v11.0 -mlittle-endian -mno-xl-soft-div -mno-xl-soft-mul -mxl-barrel-shift -mxl-pattern-compare" "EXTRA_COMP
TRACE::2025-07-15.22:58:03::SCWMssOS::ILER_FLAGS=-g -ffunction-sections -fdata-sections -Wall -Wextra"

TRACE::2025-07-15.22:58:03::SCWMssOS::"Running Make libs in microblaze_0/libsrc/gpio_v4_7/src"

TRACE::2025-07-15.22:58:04::SCWMssOS::make -C microblaze_0/libsrc/gpio_v4_7/src -s libs  "SHELL=CMD" "COMPILER=mb-gcc" "ASSEMBLER=mb-as" "ARCHIVER=mb-ar" "COMPILER_F
TRACE::2025-07-15.22:58:04::SCWMssOS::LAGS=  -O2 -c -mcpu=v11.0 -mlittle-endian -mno-xl-soft-div -mno-xl-soft-mul -mxl-barrel-shift -mxl-pattern-compare" "EXTRA_COMP
TRACE::2025-07-15.22:58:04::SCWMssOS::ILER_FLAGS=-g -ffunction-sections -fdata-sections -Wall -Wextra"

TRACE::2025-07-15.22:58:04::SCWMssOS::"Running Make libs in microblaze_0/libsrc/iic_v3_7/src"

TRACE::2025-07-15.22:58:04::SCWMssOS::make -C microblaze_0/libsrc/iic_v3_7/src -s libs  "SHELL=CMD" "COMPILER=mb-gcc" "ASSEMBLER=mb-as" "ARCHIVER=mb-ar" "COMPILER_FL
TRACE::2025-07-15.22:58:04::SCWMssOS::AGS=  -O2 -c -mcpu=v11.0 -mlittle-endian -mno-xl-soft-div -mno-xl-soft-mul -mxl-barrel-shift -mxl-pattern-compare" "EXTRA_COMPI
TRACE::2025-07-15.22:58:04::SCWMssOS::LER_FLAGS=-g -ffunction-sections -fdata-sections -Wall -Wextra"

TRACE::2025-07-15.22:58:04::SCWMssOS::"Running Make libs in microblaze_0/libsrc/intc_v3_12/src"

TRACE::2025-07-15.22:58:04::SCWMssOS::make -C microblaze_0/libsrc/intc_v3_12/src -s libs  "SHELL=CMD" "COMPILER=mb-gcc" "ASSEMBLER=mb-as" "ARCHIVER=mb-ar" "COMPILER_
TRACE::2025-07-15.22:58:04::SCWMssOS::FLAGS=  -O2 -c -mcpu=v11.0 -mlittle-endian -mno-xl-soft-div -mno-xl-soft-mul -mxl-barrel-shift -mxl-pattern-compare" "EXTRA_COM
TRACE::2025-07-15.22:58:04::SCWMssOS::PILER_FLAGS=-g -ffunction-sections -fdata-sections -Wall -Wextra"

TRACE::2025-07-15.22:58:04::SCWMssOS::"Running Make libs in microblaze_0/libsrc/spi_v4_7/src"

TRACE::2025-07-15.22:58:04::SCWMssOS::make -C microblaze_0/libsrc/spi_v4_7/src -s libs  "SHELL=CMD" "COMPILER=mb-gcc" "ASSEMBLER=mb-as" "ARCHIVER=mb-ar" "COMPILER_FL
TRACE::2025-07-15.22:58:04::SCWMssOS::AGS=  -O2 -c -mcpu=v11.0 -mlittle-endian -mno-xl-soft-div -mno-xl-soft-mul -mxl-barrel-shift -mxl-pattern-compare" "EXTRA_COMPI
TRACE::2025-07-15.22:58:04::SCWMssOS::LER_FLAGS=-g -ffunction-sections -fdata-sections -Wall -Wextra"

TRACE::2025-07-15.22:58:04::SCWMssOS::"Running Make libs in microblaze_0/libsrc/standalone_v7_3/src"

TRACE::2025-07-15.22:58:04::SCWMssOS::make -C microblaze_0/libsrc/standalone_v7_3/src -s libs  "SHELL=CMD" "COMPILER=mb-gcc" "ASSEMBLER=mb-as" "ARCHIVER=mb-ar" "COMP
TRACE::2025-07-15.22:58:04::SCWMssOS::ILER_FLAGS=  -O2 -c -mcpu=v11.0 -mlittle-endian -mno-xl-soft-div -mno-xl-soft-mul -mxl-barrel-shift -mxl-pattern-compare" "EXTR
TRACE::2025-07-15.22:58:04::SCWMssOS::A_COMPILER_FLAGS=-g -ffunction-sections -fdata-sections -Wall -Wextra"

TRACE::2025-07-15.22:58:04::SCWMssOS::"Running Make libs in microblaze_0/libsrc/tmrctr_v4_7/src"

TRACE::2025-07-15.22:58:04::SCWMssOS::make -C microblaze_0/libsrc/tmrctr_v4_7/src -s libs  "SHELL=CMD" "COMPILER=mb-gcc" "ASSEMBLER=mb-as" "ARCHIVER=mb-ar" "COMPILER
TRACE::2025-07-15.22:58:04::SCWMssOS::_FLAGS=  -O2 -c -mcpu=v11.0 -mlittle-endian -mno-xl-soft-div -mno-xl-soft-mul -mxl-barrel-shift -mxl-pattern-compare" "EXTRA_CO
TRACE::2025-07-15.22:58:04::SCWMssOS::MPILER_FLAGS=-g -ffunction-sections -fdata-sections -Wall -Wextra"

TRACE::2025-07-15.22:58:04::SCWMssOS::"Running Make libs in microblaze_0/libsrc/uartlite_v3_5/src"

TRACE::2025-07-15.22:58:04::SCWMssOS::make -C microblaze_0/libsrc/uartlite_v3_5/src -s libs  "SHELL=CMD" "COMPILER=mb-gcc" "ASSEMBLER=mb-as" "ARCHIVER=mb-ar" "COMPIL
TRACE::2025-07-15.22:58:04::SCWMssOS::ER_FLAGS=  -O2 -c -mcpu=v11.0 -mlittle-endian -mno-xl-soft-div -mno-xl-soft-mul -mxl-barrel-shift -mxl-pattern-compare" "EXTRA_
TRACE::2025-07-15.22:58:04::SCWMssOS::COMPILER_FLAGS=-g -ffunction-sections -fdata-sections -Wall -Wextra"

TRACE::2025-07-15.22:58:04::SCWMssOS::'Finished building libraries parallelly.'

TRACE::2025-07-15.22:58:04::SCWMssOS::make --no-print-directory archive

TRACE::2025-07-15.22:58:04::SCWMssOS::mb-ar -r  microblaze_0/lib/libxil.a microblaze_0/lib/xplatform_info.o microblaze_0/lib/xtmrctr_options.o microblaze_0/lib/micro
TRACE::2025-07-15.22:58:04::SCWMssOS::blaze_disable_exceptions.o microblaze_0/lib/print.o microblaze_0/lib/xil_testio.o microblaze_0/lib/microblaze_disable_dcache.o 
TRACE::2025-07-15.22:58:04::SCWMssOS::microblaze_0/lib/microblaze_flush_dcache_range.o microblaze_0/lib/xspi_g.o microblaze_0/lib/microblaze_flush_cache_ext.o microb
TRACE::2025-07-15.22:58:04::SCWMssOS::laze_0/lib/xspi.o microblaze_0/lib/xspi_sinit.o microblaze_0/lib/xil_misc_psreset_api.o microblaze_0/lib/xspi_selftest.o microb
TRACE::2025-07-15.22:58:04::SCWMssOS::laze_0/lib/xil_cache.o microblaze_0/lib/xil_util.o microblaze_0/lib/inbyte.o microblaze_0/lib/xiic_multi_master.o microblaze_0/
TRACE::2025-07-15.22:58:04::SCWMssOS::lib/xiic_sinit.o microblaze_0/lib/microblaze_exception_handler.o microblaze_0/lib/xbram_g.o microblaze_0/lib/xbram_sinit.o micr
TRACE::2025-07-15.22:58:04::SCWMssOS::oblaze_0/lib/microblaze_scrub.o microblaze_0/lib/xtmrctr_intr.o microblaze_0/lib/microblaze_invalidate_dcache.o microblaze_0/li
TRACE::2025-07-15.22:58:04::SCWMssOS::b/microblaze_disable_interrupts.o microblaze_0/lib/xbram_selftest.o microblaze_0/lib/microblaze_interrupt_handler.o microblaze_
TRACE::2025-07-15.22:58:04::SCWMssOS::0/lib/microblaze_disable_icache.o microblaze_0/lib/_exit.o microblaze_0/lib/xgpio_g.o microblaze_0/lib/xuartlite_g.o microblaze
TRACE::2025-07-15.22:58:04::SCWMssOS::_0/lib/xspi_stats.o microblaze_0/lib/microblaze_flush_cache_ext_range.o microblaze_0/lib/xiic_intr.o microblaze_0/lib/xil_sleep
TRACE::2025-07-15.22:58:04::SCWMssOS::common.o microblaze_0/lib/xil_printf.o microblaze_0/lib/xintc_g.o microblaze_0/lib/xiic_g.o microblaze_0/lib/xiic_l.o microblaz
TRACE::2025-07-15.22:58:04::SCWMssOS::e_0/lib/xtmrctr_l.o microblaze_0/lib/xintc_selftest.o microblaze_0/lib/xintc_l.o microblaze_0/lib/outbyte.o microblaze_0/lib/xi
TRACE::2025-07-15.22:58:04::SCWMssOS::o.o microblaze_0/lib/xgpio_intr.o microblaze_0/lib/xiic_slave.o microblaze_0/lib/microblaze_invalidate_dcache_range.o microblaz
TRACE::2025-07-15.22:58:04::SCWMssOS::e_0/lib/xil_testmem.o microblaze_0/lib/microblaze_invalidate_cache_ext.o microblaze_0/lib/microblaze_sleep.o microblaze_0/lib/x
TRACE::2025-07-15.22:58:04::SCWMssOS::uartlite_sinit.o microblaze_0/lib/hw_exception_handler.o microblaze_0/lib/xtmrctr.o microblaze_0/lib/xintc_options.o microblaze
TRACE::2025-07-15.22:58:04::SCWMssOS::_0/lib/xuartlite_selftest.o microblaze_0/lib/xgpio_sinit.o microblaze_0/lib/xuartlite.o microblaze_0/lib/microblaze_update_dcac
TRACE::2025-07-15.22:58:04::SCWMssOS::he.o microblaze_0/lib/xil_testcache.o microblaze_0/lib/microblaze_selftest.o microblaze_0/lib/microblaze_interrupts_g.o microbl
TRACE::2025-07-15.22:58:04::SCWMssOS::aze_0/lib/microblaze_enable_exceptions.o microblaze_0/lib/xil_mem.o microblaze_0/lib/xtmrctr_g.o microblaze_0/lib/microblaze_en
TRACE::2025-07-15.22:58:04::SCWMssOS::able_dcache.o microblaze_0/lib/xbram.o microblaze_0/lib/microblaze_invalidate_icache_range.o microblaze_0/lib/xtmrctr_selftest.
TRACE::2025-07-15.22:58:04::SCWMssOS::o microblaze_0/lib/microblaze_init_dcache_range.o microblaze_0/lib/microblaze_invalidate_icache.o microblaze_0/lib/xspi_options
TRACE::2025-07-15.22:58:04::SCWMssOS::.o microblaze_0/lib/errno.o microblaze_0/lib/xuartlite_l.o microblaze_0/lib/xiic_dyn_master.o microblaze_0/lib/xintc.o microbla
TRACE::2025-07-15.22:58:04::SCWMssOS::ze_0/lib/xuartlite_stats.o microblaze_0/lib/microblaze_invalidate_cache_ext_range.o microblaze_0/lib/xintc_intr.o microblaze_0/
TRACE::2025-07-15.22:58:04::SCWMssOS::lib/xil_exception.o microblaze_0/lib/pvr.o microblaze_0/lib/xgpio.o microblaze_0/lib/xiic_options.o microblaze_0/lib/microblaze
TRACE::2025-07-15.22:58:04::SCWMssOS::_update_icache.o microblaze_0/lib/xiic_master.o microblaze_0/lib/xuartlite_intr.o microblaze_0/lib/microblaze_flush_dcache.o mi
TRACE::2025-07-15.22:58:04::SCWMssOS::croblaze_0/lib/xil_clocking.o microblaze_0/lib/xil_assert.o microblaze_0/lib/xiic_stats.o microblaze_0/lib/microblaze_enable_in
TRACE::2025-07-15.22:58:04::SCWMssOS::terrupts.o microblaze_0/lib/xgpio_extra.o microblaze_0/lib/microblaze_init_icache_range.o microblaze_0/lib/microblaze_enable_ic
TRACE::2025-07-15.22:58:04::SCWMssOS::ache.o microblaze_0/lib/xiic.o microblaze_0/lib/xtmrctr_stats.o microblaze_0/lib/xbram_intr.o microblaze_0/lib/xtmrctr_sinit.o 
TRACE::2025-07-15.22:58:04::SCWMssOS::microblaze_0/lib/xiic_selftest.o microblaze_0/lib/fcntl.o microblaze_0/lib/xgpio_selftest.o

TRACE::2025-07-15.22:58:06::SCWMssOS::'Finished building libraries'

TRACE::2025-07-15.22:58:06::SCWMssOS::Copying to export directory.
TRACE::2025-07-15.22:58:06::SCWMssOS:: Checking if to create the Supporting Applications
TRACE::2025-07-15.22:58:06::SCWMssOS:: No Linux domain exists, trying to generate FSBL 
LOG::2025-07-15.22:58:06::SCWSystem::Completed Processing the domain standalone_domain
LOG::2025-07-15.22:58:06::SCWSystem::Completed Processing the sysconfig iic_spi_10KHz_ILA
LOG::2025-07-15.22:58:06::SCWPlatform::Completed generating the artifacts for system configuration iic_spi_10KHz_ILA
TRACE::2025-07-15.22:58:06::SCWPlatform::Started preparing the platform 
TRACE::2025-07-15.22:58:06::SCWSystem::Writing the bif file for system config iic_spi_10KHz_ILA
TRACE::2025-07-15.22:58:06::SCWSystem::dir created 
TRACE::2025-07-15.22:58:06::SCWSystem::Writing the bif 
TRACE::2025-07-15.22:58:06::SCWPlatform::Started writing the spfm file 
TRACE::2025-07-15.22:58:06::SCWPlatform::Started writing the xpfm file 
TRACE::2025-07-15.22:58:06::SCWPlatform::Completed generating the platform
TRACE::2025-07-15.22:58:06::SCWMssOS::Saving the mss changes C:/Users/ilpes/Desktop/Antenne_e_clocks/obb_golden_INTC_UART_MMCM/iic_spi_10KHz_ILA/microblaze_0/standalone_domain/bsp/system.mss
TRACE::2025-07-15.22:58:06::SCWMssOS::Found a swdesign opened with the mssfile.
TRACE::2025-07-15.22:58:06::SCWMssOS::Completed writemss as part of save.
TRACE::2025-07-15.22:58:06::SCWMssOS::Commit changes completed.
TRACE::2025-07-15.22:58:06::SCWPlatform::Trying to open the hw design at C:/Users/ilpes/Desktop/Antenne_e_clocks/obb_golden_INTC_UART_MMCM/iic_spi_10KHz_ILA/hw/user_35t_withILA.xsa
TRACE::2025-07-15.22:58:06::SCWPlatform::DSA given C:/Users/ilpes/Desktop/Antenne_e_clocks/obb_golden_INTC_UART_MMCM/iic_spi_10KHz_ILA/hw/user_35t_withILA.xsa
TRACE::2025-07-15.22:58:06::SCWPlatform::DSA absoulate path C:/Users/ilpes/Desktop/Antenne_e_clocks/obb_golden_INTC_UART_MMCM/iic_spi_10KHz_ILA/hw/user_35t_withILA.xsa
TRACE::2025-07-15.22:58:06::SCWPlatform::DSA directory C:/Users/ilpes/Desktop/Antenne_e_clocks/obb_golden_INTC_UART_MMCM/iic_spi_10KHz_ILA/hw
TRACE::2025-07-15.22:58:06::SCWPlatform:: Platform Path C:/Users/ilpes/Desktop/Antenne_e_clocks/obb_golden_INTC_UART_MMCM/iic_spi_10KHz_ILA/hw/user_35t_withILA.xsa
TRACE::2025-07-15.22:58:06::SCWPlatform:: Unique name xilinx:cmod_a7-35t::0.0
TRACE::2025-07-15.22:58:06::SCWPlatform::Trying to set the existing hwdb with name user_35t_wrapper
TRACE::2025-07-15.22:58:06::SCWPlatform::Opened existing hwdb user_35t_wrapper
TRACE::2025-07-15.22:58:06::SCWPlatform::Found the Hw Db part of the input DSA
TRACE::2025-07-15.22:58:06::SCWMssOS::Checking the sw design at  C:/Users/ilpes/Desktop/Antenne_e_clocks/obb_golden_INTC_UART_MMCM/iic_spi_10KHz_ILA/microblaze_0/standalone_domain/bsp/system.mss
TRACE::2025-07-15.22:58:06::SCWMssOS::DEBUG:  swdes dump  C:/Users/ilpes/Desktop/Antenne_e_clocks/obb_golden_INTC_UART_MMCM/iic_spi_10KHz_ILA/microblaze_0/standalone_domain/bsp/system.mss|system||

TRACE::2025-07-15.22:58:06::SCWMssOS::Sw design exists and opened at  C:/Users/ilpes/Desktop/Antenne_e_clocks/obb_golden_INTC_UART_MMCM/iic_spi_10KHz_ILA/microblaze_0/standalone_domain/bsp/system.mss
TRACE::2025-07-15.22:58:06::SCWWriter::formatted JSON is {
	"platformName":	"iic_spi_10KHz_ILA",
	"sprVersion":	"2.0",
	"mode":	"gui",
	"dsaType":	"Fixed",
	"platformDesc":	"iic_spi_10KHz_ILA",
	"platHandOff":	"C:/Users/ilpes/Desktop/INSEGNAMENTO/Didattica2023/CMOD_A35t_emc_uart_iic_spi/project_1/user_35t_withILA.xsa",
	"platIntHandOff":	"<platformDir>/hw/user_35t_withILA.xsa",
	"deviceType":	"FPGA",
	"platIsPrebuiltAutogen":	"false",
	"platIsNoBootBsp":	"false",
	"hasFsblMakeHasChanges":	"false",
	"hasPmufwMakeHasChanges":	"false",
	"platPreBuiltFlag":	false,
	"platformSamplesDir":	"",
	"platActiveSys":	"iic_spi_10KHz_ILA",
	"systems":	[{
			"systemName":	"iic_spi_10KHz_ILA",
			"systemDesc":	"iic_spi_10KHz_ILA",
			"sysIsBootAutoGen":	"true",
			"systemDispName":	"iic_spi_10KHz_ILA",
			"sysActiveDom":	"standalone_domain",
			"sysDefaultDom":	"standalone_domain",
			"domains":	[{
					"domainName":	"standalone_domain",
					"domainDispName":	"standalone on microblaze_0",
					"domainDesc":	"standalone_domain",
					"processors":	"microblaze_0",
					"os":	"standalone",
					"sdxOs":	"standalone",
					"debugEnable":	"False",
					"domRuntimes":	["cpp"],
					"swRepo":	"",
					"mssOsVer":	"7.3",
					"mssFile":	"",
					"md5Digest":	"4ff912ba097ec0244cd8262b18dcbf48",
					"compatibleApp":	"",
					"domType":	"mssDomain",
					"arch":	"32-bit",
					"appSettings":	{
						"appCompilerFlags":	"",
						"appLinkerFlags":	""
					},
					"addedLibs":	[],
					"libOptions":	{
						"libsContainingOptions":	[]
					},
					"prebuiltLibs":	{
						"prebuiltIncPath":	[],
						"prebuiltLibPath":	[]
					},
					"isolation":	{
					}
				}]
		}]
}
KEYINFO::2025-07-15.22:58:06::SCWPlatform::updated the xpfm file.
TRACE::2025-07-15.22:58:06::SCWPlatform::Trying to open the hw design at C:/Users/ilpes/Desktop/Antenne_e_clocks/obb_golden_INTC_UART_MMCM/iic_spi_10KHz_ILA/hw/user_35t_withILA.xsa
TRACE::2025-07-15.22:58:06::SCWPlatform::DSA given C:/Users/ilpes/Desktop/Antenne_e_clocks/obb_golden_INTC_UART_MMCM/iic_spi_10KHz_ILA/hw/user_35t_withILA.xsa
TRACE::2025-07-15.22:58:06::SCWPlatform::DSA absoulate path C:/Users/ilpes/Desktop/Antenne_e_clocks/obb_golden_INTC_UART_MMCM/iic_spi_10KHz_ILA/hw/user_35t_withILA.xsa
TRACE::2025-07-15.22:58:06::SCWPlatform::DSA directory C:/Users/ilpes/Desktop/Antenne_e_clocks/obb_golden_INTC_UART_MMCM/iic_spi_10KHz_ILA/hw
TRACE::2025-07-15.22:58:06::SCWPlatform:: Platform Path C:/Users/ilpes/Desktop/Antenne_e_clocks/obb_golden_INTC_UART_MMCM/iic_spi_10KHz_ILA/hw/user_35t_withILA.xsa
TRACE::2025-07-15.22:58:06::SCWPlatform:: Unique name xilinx:cmod_a7-35t::0.0
TRACE::2025-07-15.22:58:06::SCWPlatform::Trying to set the existing hwdb with name user_35t_wrapper
TRACE::2025-07-15.22:58:06::SCWPlatform::Opened existing hwdb user_35t_wrapper
TRACE::2025-07-15.22:58:06::SCWPlatform::Found the Hw Db part of the input DSA
TRACE::2025-07-15.22:58:06::SCWMssOS::Checking the sw design at  C:/Users/ilpes/Desktop/Antenne_e_clocks/obb_golden_INTC_UART_MMCM/iic_spi_10KHz_ILA/microblaze_0/standalone_domain/bsp/system.mss
TRACE::2025-07-15.22:58:06::SCWMssOS::DEBUG:  swdes dump  C:/Users/ilpes/Desktop/Antenne_e_clocks/obb_golden_INTC_UART_MMCM/iic_spi_10KHz_ILA/microblaze_0/standalone_domain/bsp/system.mss|system||

TRACE::2025-07-15.22:58:06::SCWMssOS::Sw design exists and opened at  C:/Users/ilpes/Desktop/Antenne_e_clocks/obb_golden_INTC_UART_MMCM/iic_spi_10KHz_ILA/microblaze_0/standalone_domain/bsp/system.mss
TRACE::2025-07-15.23:01:35::SCWMssOS::cleaning the bsp 
TRACE::2025-07-15.23:01:35::SCWMssOS::System Command Ran  C: & cd  C:/Users/ilpes/Desktop/Antenne_e_clocks/obb_golden_INTC_UART_MMCM/iic_spi_10KHz_ILA/microblaze_0/standalone_domain/bsp & make clean 
TRACE::2025-07-15.23:01:35::SCWMssOS::make -C microblaze_0/libsrc/bram_v4_5/src -s clean 

TRACE::2025-07-15.23:01:35::SCWMssOS::make -C microblaze_0/libsrc/cpu_v2_12/src -s clean 

TRACE::2025-07-15.23:01:35::SCWMssOS::make -C microblaze_0/libsrc/gpio_v4_7/src -s clean 

TRACE::2025-07-15.23:01:35::SCWMssOS::make -C microblaze_0/libsrc/iic_v3_7/src -s clean 

TRACE::2025-07-15.23:01:36::SCWMssOS::make -C microblaze_0/libsrc/intc_v3_12/src -s clean 

TRACE::2025-07-15.23:01:36::SCWMssOS::make -C microblaze_0/libsrc/spi_v4_7/src -s clean 

TRACE::2025-07-15.23:01:36::SCWMssOS::make -C microblaze_0/libsrc/standalone_v7_3/src -s clean 

TRACE::2025-07-15.23:01:36::SCWMssOS::make -C microblaze_0/libsrc/tmrctr_v4_7/src -s clean 

TRACE::2025-07-15.23:01:36::SCWMssOS::make -C microblaze_0/libsrc/uartlite_v3_5/src -s clean 

TRACE::2025-07-15.23:01:36::SCWMssOS::rm -f microblaze_0/lib/libxil.a

LOG::2025-07-15.23:01:42::SCWPlatform::Started generating the artifacts platform iic_spi_10KHz_ILA
TRACE::2025-07-15.23:01:42::SCWPlatform::Sanity checking of platform is completed
LOG::2025-07-15.23:01:42::SCWPlatform::Started generating the artifacts for system configuration iic_spi_10KHz_ILA
LOG::2025-07-15.23:01:42::SCWSystem::Checking the domain standalone_domain
LOG::2025-07-15.23:01:42::SCWSystem::Not a boot domain 
LOG::2025-07-15.23:01:42::SCWSystem::Started Processing the domain standalone_domain
TRACE::2025-07-15.23:01:42::SCWDomain::Generating domain artifcats
TRACE::2025-07-15.23:01:42::SCWMssOS::Generating standalone artifcats
TRACE::2025-07-15.23:01:42::SCWMssOS:: Copying the user libraries. 
TRACE::2025-07-15.23:01:42::SCWPlatform::Trying to open the hw design at C:/Users/ilpes/Desktop/Antenne_e_clocks/obb_golden_INTC_UART_MMCM/iic_spi_10KHz_ILA/hw/user_35t_withILA.xsa
TRACE::2025-07-15.23:01:42::SCWPlatform::DSA given C:/Users/ilpes/Desktop/Antenne_e_clocks/obb_golden_INTC_UART_MMCM/iic_spi_10KHz_ILA/hw/user_35t_withILA.xsa
TRACE::2025-07-15.23:01:42::SCWPlatform::DSA absoulate path C:/Users/ilpes/Desktop/Antenne_e_clocks/obb_golden_INTC_UART_MMCM/iic_spi_10KHz_ILA/hw/user_35t_withILA.xsa
TRACE::2025-07-15.23:01:42::SCWPlatform::DSA directory C:/Users/ilpes/Desktop/Antenne_e_clocks/obb_golden_INTC_UART_MMCM/iic_spi_10KHz_ILA/hw
TRACE::2025-07-15.23:01:42::SCWPlatform:: Platform Path C:/Users/ilpes/Desktop/Antenne_e_clocks/obb_golden_INTC_UART_MMCM/iic_spi_10KHz_ILA/hw/user_35t_withILA.xsa
TRACE::2025-07-15.23:01:42::SCWPlatform:: Unique name xilinx:cmod_a7-35t::0.0
TRACE::2025-07-15.23:01:42::SCWPlatform::Trying to set the existing hwdb with name user_35t_wrapper
TRACE::2025-07-15.23:01:42::SCWPlatform::Opened existing hwdb user_35t_wrapper
TRACE::2025-07-15.23:01:42::SCWPlatform::Found the Hw Db part of the input DSA
TRACE::2025-07-15.23:01:42::SCWMssOS::Checking the sw design at  C:/Users/ilpes/Desktop/Antenne_e_clocks/obb_golden_INTC_UART_MMCM/iic_spi_10KHz_ILA/microblaze_0/standalone_domain/bsp/system.mss
TRACE::2025-07-15.23:01:42::SCWMssOS::DEBUG:  swdes dump  C:/Users/ilpes/Desktop/Antenne_e_clocks/obb_golden_INTC_UART_MMCM/iic_spi_10KHz_ILA/microblaze_0/standalone_domain/bsp/system.mss|system||

TRACE::2025-07-15.23:01:42::SCWMssOS::Sw design exists and opened at  C:/Users/ilpes/Desktop/Antenne_e_clocks/obb_golden_INTC_UART_MMCM/iic_spi_10KHz_ILA/microblaze_0/standalone_domain/bsp/system.mss
TRACE::2025-07-15.23:01:42::SCWMssOS::Completed writing the mss file at C:/Users/ilpes/Desktop/Antenne_e_clocks/obb_golden_INTC_UART_MMCM/iic_spi_10KHz_ILA/microblaze_0/standalone_domain/bsp
TRACE::2025-07-15.23:01:42::SCWMssOS::Mss edits present, copying mssfile into export location C:/Users/ilpes/Desktop/Antenne_e_clocks/obb_golden_INTC_UART_MMCM/iic_spi_10KHz_ILA/microblaze_0/standalone_domain/bsp/system.mss
TRACE::2025-07-15.23:01:42::SCWMssOS::bsp generated is upto date with the mss file. Skipping bsp generation.
TRACE::2025-07-15.23:01:42::SCWMssOS::BSP is already built. skipping the bsp build ... 
TRACE::2025-07-15.23:01:42::SCWDomain::Building the domain as part of full build :  standalone_domain
TRACE::2025-07-15.23:01:42::SCWMssOS::doing bsp build ... 
TRACE::2025-07-15.23:01:42::SCWMssOS::System Command Ran  C: & cd  C:/Users/ilpes/Desktop/Antenne_e_clocks/obb_golden_INTC_UART_MMCM/iic_spi_10KHz_ILA/microblaze_0/standalone_domain/bsp & make 
TRACE::2025-07-15.23:01:42::SCWMssOS::make --no-print-directory seq_libs

TRACE::2025-07-15.23:01:42::SCWMssOS::'Finished building libraries sequentially.'

TRACE::2025-07-15.23:01:42::SCWMssOS::make -j --no-print-directory par_libs

TRACE::2025-07-15.23:01:42::SCWMssOS::"Running Make include in microblaze_0/libsrc/bram_v4_5/src"

TRACE::2025-07-15.23:01:42::SCWMssOS::make -C microblaze_0/libsrc/bram_v4_5/src -s include  "SHELL=CMD" "COMPILER=mb-gcc" "ASSEMBLER=mb-as" "ARCHIVER=mb-ar" "COMPILE
TRACE::2025-07-15.23:01:42::SCWMssOS::R_FLAGS=  -O2 -c -mcpu=v11.0 -mlittle-endian -mno-xl-soft-div -mno-xl-soft-mul -mxl-barrel-shift -mxl-pattern-compare" "EXTRA_C
TRACE::2025-07-15.23:01:42::SCWMssOS::OMPILER_FLAGS=-g -ffunction-sections -fdata-sections -Wall -Wextra"

TRACE::2025-07-15.23:01:42::SCWMssOS::"Running Make include in microblaze_0/libsrc/cpu_v2_12/src"

TRACE::2025-07-15.23:01:42::SCWMssOS::make -C microblaze_0/libsrc/cpu_v2_12/src -s include  "SHELL=CMD" "COMPILER=mb-gcc" "ASSEMBLER=mb-as" "ARCHIVER=mb-ar" "COMPILE
TRACE::2025-07-15.23:01:42::SCWMssOS::R_FLAGS=  -O2 -c -mcpu=v11.0 -mlittle-endian -mno-xl-soft-div -mno-xl-soft-mul -mxl-barrel-shift -mxl-pattern-compare" "EXTRA_C
TRACE::2025-07-15.23:01:42::SCWMssOS::OMPILER_FLAGS=-g -ffunction-sections -fdata-sections -Wall -Wextra"

TRACE::2025-07-15.23:01:42::SCWMssOS::"Running Make include in microblaze_0/libsrc/gpio_v4_7/src"

TRACE::2025-07-15.23:01:42::SCWMssOS::make -C microblaze_0/libsrc/gpio_v4_7/src -s include  "SHELL=CMD" "COMPILER=mb-gcc" "ASSEMBLER=mb-as" "ARCHIVER=mb-ar" "COMPILE
TRACE::2025-07-15.23:01:42::SCWMssOS::R_FLAGS=  -O2 -c -mcpu=v11.0 -mlittle-endian -mno-xl-soft-div -mno-xl-soft-mul -mxl-barrel-shift -mxl-pattern-compare" "EXTRA_C
TRACE::2025-07-15.23:01:42::SCWMssOS::OMPILER_FLAGS=-g -ffunction-sections -fdata-sections -Wall -Wextra"

TRACE::2025-07-15.23:01:42::SCWMssOS::"Running Make include in microblaze_0/libsrc/iic_v3_7/src"

TRACE::2025-07-15.23:01:43::SCWMssOS::make -C microblaze_0/libsrc/iic_v3_7/src -s include  "SHELL=CMD" "COMPILER=mb-gcc" "ASSEMBLER=mb-as" "ARCHIVER=mb-ar" "COMPILER
TRACE::2025-07-15.23:01:43::SCWMssOS::_FLAGS=  -O2 -c -mcpu=v11.0 -mlittle-endian -mno-xl-soft-div -mno-xl-soft-mul -mxl-barrel-shift -mxl-pattern-compare" "EXTRA_CO
TRACE::2025-07-15.23:01:43::SCWMssOS::MPILER_FLAGS=-g -ffunction-sections -fdata-sections -Wall -Wextra"

TRACE::2025-07-15.23:01:43::SCWMssOS::"Running Make include in microblaze_0/libsrc/intc_v3_12/src"

TRACE::2025-07-15.23:01:43::SCWMssOS::make -C microblaze_0/libsrc/intc_v3_12/src -s include  "SHELL=CMD" "COMPILER=mb-gcc" "ASSEMBLER=mb-as" "ARCHIVER=mb-ar" "COMPIL
TRACE::2025-07-15.23:01:43::SCWMssOS::ER_FLAGS=  -O2 -c -mcpu=v11.0 -mlittle-endian -mno-xl-soft-div -mno-xl-soft-mul -mxl-barrel-shift -mxl-pattern-compare" "EXTRA_
TRACE::2025-07-15.23:01:43::SCWMssOS::COMPILER_FLAGS=-g -ffunction-sections -fdata-sections -Wall -Wextra"

TRACE::2025-07-15.23:01:43::SCWMssOS::"Running Make include in microblaze_0/libsrc/spi_v4_7/src"

TRACE::2025-07-15.23:01:43::SCWMssOS::make -C microblaze_0/libsrc/spi_v4_7/src -s include  "SHELL=CMD" "COMPILER=mb-gcc" "ASSEMBLER=mb-as" "ARCHIVER=mb-ar" "COMPILER
TRACE::2025-07-15.23:01:43::SCWMssOS::_FLAGS=  -O2 -c -mcpu=v11.0 -mlittle-endian -mno-xl-soft-div -mno-xl-soft-mul -mxl-barrel-shift -mxl-pattern-compare" "EXTRA_CO
TRACE::2025-07-15.23:01:43::SCWMssOS::MPILER_FLAGS=-g -ffunction-sections -fdata-sections -Wall -Wextra"

TRACE::2025-07-15.23:01:43::SCWMssOS::"Running Make include in microblaze_0/libsrc/standalone_v7_3/src"

TRACE::2025-07-15.23:01:43::SCWMssOS::make -C microblaze_0/libsrc/standalone_v7_3/src -s include  "SHELL=CMD" "COMPILER=mb-gcc" "ASSEMBLER=mb-as" "ARCHIVER=mb-ar" "C
TRACE::2025-07-15.23:01:43::SCWMssOS::OMPILER_FLAGS=  -O2 -c -mcpu=v11.0 -mlittle-endian -mno-xl-soft-div -mno-xl-soft-mul -mxl-barrel-shift -mxl-pattern-compare" "E
TRACE::2025-07-15.23:01:43::SCWMssOS::XTRA_COMPILER_FLAGS=-g -ffunction-sections -fdata-sections -Wall -Wextra"

TRACE::2025-07-15.23:01:43::SCWMssOS::"Running Make include in microblaze_0/libsrc/tmrctr_v4_7/src"

TRACE::2025-07-15.23:01:43::SCWMssOS::make -C microblaze_0/libsrc/tmrctr_v4_7/src -s include  "SHELL=CMD" "COMPILER=mb-gcc" "ASSEMBLER=mb-as" "ARCHIVER=mb-ar" "COMPI
TRACE::2025-07-15.23:01:43::SCWMssOS::LER_FLAGS=  -O2 -c -mcpu=v11.0 -mlittle-endian -mno-xl-soft-div -mno-xl-soft-mul -mxl-barrel-shift -mxl-pattern-compare" "EXTRA
TRACE::2025-07-15.23:01:43::SCWMssOS::_COMPILER_FLAGS=-g -ffunction-sections -fdata-sections -Wall -Wextra"

TRACE::2025-07-15.23:01:43::SCWMssOS::"Running Make include in microblaze_0/libsrc/uartlite_v3_5/src"

TRACE::2025-07-15.23:01:43::SCWMssOS::make -C microblaze_0/libsrc/uartlite_v3_5/src -s include  "SHELL=CMD" "COMPILER=mb-gcc" "ASSEMBLER=mb-as" "ARCHIVER=mb-ar" "COM
TRACE::2025-07-15.23:01:43::SCWMssOS::PILER_FLAGS=  -O2 -c -mcpu=v11.0 -mlittle-endian -mno-xl-soft-div -mno-xl-soft-mul -mxl-barrel-shift -mxl-pattern-compare" "EXT
TRACE::2025-07-15.23:01:43::SCWMssOS::RA_COMPILER_FLAGS=-g -ffunction-sections -fdata-sections -Wall -Wextra"

TRACE::2025-07-15.23:01:43::SCWMssOS::"Running Make libs in microblaze_0/libsrc/bram_v4_5/src"

TRACE::2025-07-15.23:01:43::SCWMssOS::make -C microblaze_0/libsrc/bram_v4_5/src -s libs  "SHELL=CMD" "COMPILER=mb-gcc" "ASSEMBLER=mb-as" "ARCHIVER=mb-ar" "COMPILER_F
TRACE::2025-07-15.23:01:43::SCWMssOS::LAGS=  -O2 -c -mcpu=v11.0 -mlittle-endian -mno-xl-soft-div -mno-xl-soft-mul -mxl-barrel-shift -mxl-pattern-compare" "EXTRA_COMP
TRACE::2025-07-15.23:01:43::SCWMssOS::ILER_FLAGS=-g -ffunction-sections -fdata-sections -Wall -Wextra"

TRACE::2025-07-15.23:01:43::SCWMssOS::"Running Make libs in microblaze_0/libsrc/cpu_v2_12/src"

TRACE::2025-07-15.23:01:43::SCWMssOS::make -C microblaze_0/libsrc/cpu_v2_12/src -s libs  "SHELL=CMD" "COMPILER=mb-gcc" "ASSEMBLER=mb-as" "ARCHIVER=mb-ar" "COMPILER_F
TRACE::2025-07-15.23:01:43::SCWMssOS::LAGS=  -O2 -c -mcpu=v11.0 -mlittle-endian -mno-xl-soft-div -mno-xl-soft-mul -mxl-barrel-shift -mxl-pattern-compare" "EXTRA_COMP
TRACE::2025-07-15.23:01:43::SCWMssOS::ILER_FLAGS=-g -ffunction-sections -fdata-sections -Wall -Wextra"

TRACE::2025-07-15.23:01:43::SCWMssOS::"Running Make libs in microblaze_0/libsrc/gpio_v4_7/src"

TRACE::2025-07-15.23:01:43::SCWMssOS::make -C microblaze_0/libsrc/gpio_v4_7/src -s libs  "SHELL=CMD" "COMPILER=mb-gcc" "ASSEMBLER=mb-as" "ARCHIVER=mb-ar" "COMPILER_F
TRACE::2025-07-15.23:01:43::SCWMssOS::LAGS=  -O2 -c -mcpu=v11.0 -mlittle-endian -mno-xl-soft-div -mno-xl-soft-mul -mxl-barrel-shift -mxl-pattern-compare" "EXTRA_COMP
TRACE::2025-07-15.23:01:43::SCWMssOS::ILER_FLAGS=-g -ffunction-sections -fdata-sections -Wall -Wextra"

TRACE::2025-07-15.23:01:43::SCWMssOS::"Running Make libs in microblaze_0/libsrc/iic_v3_7/src"

TRACE::2025-07-15.23:01:43::SCWMssOS::make -C microblaze_0/libsrc/iic_v3_7/src -s libs  "SHELL=CMD" "COMPILER=mb-gcc" "ASSEMBLER=mb-as" "ARCHIVER=mb-ar" "COMPILER_FL
TRACE::2025-07-15.23:01:43::SCWMssOS::AGS=  -O2 -c -mcpu=v11.0 -mlittle-endian -mno-xl-soft-div -mno-xl-soft-mul -mxl-barrel-shift -mxl-pattern-compare" "EXTRA_COMPI
TRACE::2025-07-15.23:01:43::SCWMssOS::LER_FLAGS=-g -ffunction-sections -fdata-sections -Wall -Wextra"

TRACE::2025-07-15.23:01:43::SCWMssOS::"Running Make libs in microblaze_0/libsrc/intc_v3_12/src"

TRACE::2025-07-15.23:01:43::SCWMssOS::make -C microblaze_0/libsrc/intc_v3_12/src -s libs  "SHELL=CMD" "COMPILER=mb-gcc" "ASSEMBLER=mb-as" "ARCHIVER=mb-ar" "COMPILER_
TRACE::2025-07-15.23:01:43::SCWMssOS::FLAGS=  -O2 -c -mcpu=v11.0 -mlittle-endian -mno-xl-soft-div -mno-xl-soft-mul -mxl-barrel-shift -mxl-pattern-compare" "EXTRA_COM
TRACE::2025-07-15.23:01:43::SCWMssOS::PILER_FLAGS=-g -ffunction-sections -fdata-sections -Wall -Wextra"

TRACE::2025-07-15.23:01:43::SCWMssOS::"Running Make libs in microblaze_0/libsrc/spi_v4_7/src"

TRACE::2025-07-15.23:01:44::SCWMssOS::make -C microblaze_0/libsrc/spi_v4_7/src -s libs  "SHELL=CMD" "COMPILER=mb-gcc" "ASSEMBLER=mb-as" "ARCHIVER=mb-ar" "COMPILER_FL
TRACE::2025-07-15.23:01:44::SCWMssOS::AGS=  -O2 -c -mcpu=v11.0 -mlittle-endian -mno-xl-soft-div -mno-xl-soft-mul -mxl-barrel-shift -mxl-pattern-compare" "EXTRA_COMPI
TRACE::2025-07-15.23:01:44::SCWMssOS::LER_FLAGS=-g -ffunction-sections -fdata-sections -Wall -Wextra"

TRACE::2025-07-15.23:01:44::SCWMssOS::"Running Make libs in microblaze_0/libsrc/standalone_v7_3/src"

TRACE::2025-07-15.23:01:44::SCWMssOS::"Running Make libs in microblaze_0/libsrc/uartlite_v3_5/src"

TRACE::2025-07-15.23:01:44::SCWMssOS::make -C microblaze_0/libsrc/standalone_v7_3/src -s libs  "SHELL=CMD" "COMPILER=mb-gcc" "ASSEMBLER=mb-as" "ARCHIVER=mb-ar" "COMP
TRACE::2025-07-15.23:01:44::SCWMssOS::ILER_FLAGS=  -O2 -c -mcpu=v11.0 -mlittle-endian -mno-xl-soft-div -mno-xl-soft-mul -mxl-barrel-shift -mxl-pattern-compare" "EXTR
TRACE::2025-07-15.23:01:44::SCWMssOS::A_COMPILER_FLAGS=-g -ffunction-sections -fdata-sections -Wall -Wextra"

TRACE::2025-07-15.23:01:44::SCWMssOS::"Running Make libs in microblaze_0/libsrc/tmrctr_v4_7/src"

TRACE::2025-07-15.23:01:44::SCWMssOS::make -C microblaze_0/libsrc/uartlite_v3_5/src -s libs  "SHELL=CMD" "COMPILER=mb-gcc" "ASSEMBLER=mb-as" "ARCHIVER=mb-ar" "COMPIL
TRACE::2025-07-15.23:01:44::SCWMssOS::ER_FLAGS=  -O2 -c -mcpu=v11.0 -mlittle-endian -mno-xl-soft-div -mno-xl-soft-mul -mxl-barrel-shift -mxl-pattern-compare" "EXTRA_
TRACE::2025-07-15.23:01:44::SCWMssOS::COMPILER_FLAGS=-g -ffunction-sections -fdata-sections -Wall -Wextra"

TRACE::2025-07-15.23:01:44::SCWMssOS::make -C microblaze_0/libsrc/tmrctr_v4_7/src -s libs  "SHELL=CMD" "COMPILER=mb-gcc" "ASSEMBLER=mb-as" "ARCHIVER=mb-ar" "COMPILER
TRACE::2025-07-15.23:01:44::SCWMssOS::_FLAGS=  -O2 -c -mcpu=v11.0 -mlittle-endian -mno-xl-soft-div -mno-xl-soft-mul -mxl-barrel-shift -mxl-pattern-compare" "EXTRA_CO
TRACE::2025-07-15.23:01:44::SCWMssOS::MPILER_FLAGS=-g -ffunction-sections -fdata-sections -Wall -Wextra"

TRACE::2025-07-15.23:01:47::SCWMssOS::"DEBUG NON_LTO_OBJECTS is ../../../lib/microblaze_interrupt_handler.o"

TRACE::2025-07-15.23:01:48::SCWMssOS::'Finished building libraries parallelly.'

TRACE::2025-07-15.23:01:48::SCWMssOS::make --no-print-directory archive

TRACE::2025-07-15.23:01:48::SCWMssOS::mb-ar -r  microblaze_0/lib/libxil.a microblaze_0/lib/xplatform_info.o microblaze_0/lib/xtmrctr_options.o microblaze_0/lib/micro
TRACE::2025-07-15.23:01:48::SCWMssOS::blaze_disable_exceptions.o microblaze_0/lib/print.o microblaze_0/lib/xil_testio.o microblaze_0/lib/microblaze_disable_dcache.o 
TRACE::2025-07-15.23:01:48::SCWMssOS::microblaze_0/lib/microblaze_flush_dcache_range.o microblaze_0/lib/xspi_g.o microblaze_0/lib/microblaze_flush_cache_ext.o microb
TRACE::2025-07-15.23:01:48::SCWMssOS::laze_0/lib/xspi.o microblaze_0/lib/xspi_sinit.o microblaze_0/lib/xil_misc_psreset_api.o microblaze_0/lib/xspi_selftest.o microb
TRACE::2025-07-15.23:01:48::SCWMssOS::laze_0/lib/xil_cache.o microblaze_0/lib/xil_util.o microblaze_0/lib/inbyte.o microblaze_0/lib/xiic_multi_master.o microblaze_0/
TRACE::2025-07-15.23:01:48::SCWMssOS::lib/xiic_sinit.o microblaze_0/lib/microblaze_exception_handler.o microblaze_0/lib/xbram_g.o microblaze_0/lib/xbram_sinit.o micr
TRACE::2025-07-15.23:01:48::SCWMssOS::oblaze_0/lib/microblaze_scrub.o microblaze_0/lib/xtmrctr_intr.o microblaze_0/lib/microblaze_invalidate_dcache.o microblaze_0/li
TRACE::2025-07-15.23:01:48::SCWMssOS::b/microblaze_disable_interrupts.o microblaze_0/lib/xbram_selftest.o microblaze_0/lib/microblaze_interrupt_handler.o microblaze_
TRACE::2025-07-15.23:01:48::SCWMssOS::0/lib/microblaze_disable_icache.o microblaze_0/lib/_exit.o microblaze_0/lib/xgpio_g.o microblaze_0/lib/xuartlite_g.o microblaze
TRACE::2025-07-15.23:01:48::SCWMssOS::_0/lib/xspi_stats.o microblaze_0/lib/microblaze_flush_cache_ext_range.o microblaze_0/lib/xiic_intr.o microblaze_0/lib/xil_sleep
TRACE::2025-07-15.23:01:48::SCWMssOS::common.o microblaze_0/lib/xil_printf.o microblaze_0/lib/xintc_g.o microblaze_0/lib/xiic_g.o microblaze_0/lib/xiic_l.o microblaz
TRACE::2025-07-15.23:01:48::SCWMssOS::e_0/lib/xtmrctr_l.o microblaze_0/lib/xintc_selftest.o microblaze_0/lib/xintc_l.o microblaze_0/lib/outbyte.o microblaze_0/lib/xi
TRACE::2025-07-15.23:01:48::SCWMssOS::o.o microblaze_0/lib/xgpio_intr.o microblaze_0/lib/xiic_slave.o microblaze_0/lib/microblaze_invalidate_dcache_range.o microblaz
TRACE::2025-07-15.23:01:48::SCWMssOS::e_0/lib/xil_testmem.o microblaze_0/lib/microblaze_invalidate_cache_ext.o microblaze_0/lib/microblaze_sleep.o microblaze_0/lib/x
TRACE::2025-07-15.23:01:48::SCWMssOS::uartlite_sinit.o microblaze_0/lib/hw_exception_handler.o microblaze_0/lib/xtmrctr.o microblaze_0/lib/xintc_options.o microblaze
TRACE::2025-07-15.23:01:48::SCWMssOS::_0/lib/xuartlite_selftest.o microblaze_0/lib/xgpio_sinit.o microblaze_0/lib/xuartlite.o microblaze_0/lib/microblaze_update_dcac
TRACE::2025-07-15.23:01:48::SCWMssOS::he.o microblaze_0/lib/xil_testcache.o microblaze_0/lib/microblaze_selftest.o microblaze_0/lib/microblaze_interrupts_g.o microbl
TRACE::2025-07-15.23:01:48::SCWMssOS::aze_0/lib/microblaze_enable_exceptions.o microblaze_0/lib/xil_mem.o microblaze_0/lib/xtmrctr_g.o microblaze_0/lib/microblaze_en
TRACE::2025-07-15.23:01:48::SCWMssOS::able_dcache.o microblaze_0/lib/xbram.o microblaze_0/lib/microblaze_invalidate_icache_range.o microblaze_0/lib/xtmrctr_selftest.
TRACE::2025-07-15.23:01:48::SCWMssOS::o microblaze_0/lib/microblaze_init_dcache_range.o microblaze_0/lib/microblaze_invalidate_icache.o microblaze_0/lib/xspi_options
TRACE::2025-07-15.23:01:48::SCWMssOS::.o microblaze_0/lib/errno.o microblaze_0/lib/xuartlite_l.o microblaze_0/lib/xiic_dyn_master.o microblaze_0/lib/xintc.o microbla
TRACE::2025-07-15.23:01:48::SCWMssOS::ze_0/lib/xuartlite_stats.o microblaze_0/lib/microblaze_invalidate_cache_ext_range.o microblaze_0/lib/xintc_intr.o microblaze_0/
TRACE::2025-07-15.23:01:48::SCWMssOS::lib/xil_exception.o microblaze_0/lib/pvr.o microblaze_0/lib/xgpio.o microblaze_0/lib/xiic_options.o microblaze_0/lib/microblaze
TRACE::2025-07-15.23:01:48::SCWMssOS::_update_icache.o microblaze_0/lib/xiic_master.o microblaze_0/lib/xuartlite_intr.o microblaze_0/lib/microblaze_flush_dcache.o mi
TRACE::2025-07-15.23:01:48::SCWMssOS::croblaze_0/lib/xil_clocking.o microblaze_0/lib/xil_assert.o microblaze_0/lib/xiic_stats.o microblaze_0/lib/microblaze_enable_in
TRACE::2025-07-15.23:01:48::SCWMssOS::terrupts.o microblaze_0/lib/xgpio_extra.o microblaze_0/lib/microblaze_init_icache_range.o microblaze_0/lib/microblaze_enable_ic
TRACE::2025-07-15.23:01:48::SCWMssOS::ache.o microblaze_0/lib/xiic.o microblaze_0/lib/xtmrctr_stats.o microblaze_0/lib/xbram_intr.o microblaze_0/lib/xtmrctr_sinit.o 
TRACE::2025-07-15.23:01:48::SCWMssOS::microblaze_0/lib/xiic_selftest.o microblaze_0/lib/fcntl.o microblaze_0/lib/xgpio_selftest.o

TRACE::2025-07-15.23:01:48::SCWMssOS::'Finished building libraries'

TRACE::2025-07-15.23:01:48::SCWMssOS::Copying to export directory.
TRACE::2025-07-15.23:01:48::SCWMssOS:: Checking if to create the Supporting Applications
TRACE::2025-07-15.23:01:48::SCWMssOS:: No Linux domain exists, trying to generate FSBL 
LOG::2025-07-15.23:01:48::SCWSystem::Completed Processing the domain standalone_domain
LOG::2025-07-15.23:01:48::SCWSystem::Completed Processing the sysconfig iic_spi_10KHz_ILA
LOG::2025-07-15.23:01:48::SCWPlatform::Completed generating the artifacts for system configuration iic_spi_10KHz_ILA
TRACE::2025-07-15.23:01:48::SCWPlatform::Started preparing the platform 
TRACE::2025-07-15.23:01:48::SCWSystem::Writing the bif file for system config iic_spi_10KHz_ILA
TRACE::2025-07-15.23:01:48::SCWSystem::dir created 
TRACE::2025-07-15.23:01:48::SCWSystem::Writing the bif 
TRACE::2025-07-15.23:01:48::SCWPlatform::Started writing the spfm file 
TRACE::2025-07-15.23:01:48::SCWPlatform::Started writing the xpfm file 
TRACE::2025-07-15.23:01:48::SCWPlatform::Completed generating the platform
TRACE::2025-07-15.23:01:48::SCWMssOS::Saving the mss changes C:/Users/ilpes/Desktop/Antenne_e_clocks/obb_golden_INTC_UART_MMCM/iic_spi_10KHz_ILA/microblaze_0/standalone_domain/bsp/system.mss
TRACE::2025-07-15.23:01:48::SCWMssOS::Found a swdesign opened with the mssfile.
TRACE::2025-07-15.23:01:48::SCWMssOS::Completed writemss as part of save.
TRACE::2025-07-15.23:01:48::SCWMssOS::Commit changes completed.
TRACE::2025-07-15.23:01:48::SCWPlatform::Trying to open the hw design at C:/Users/ilpes/Desktop/Antenne_e_clocks/obb_golden_INTC_UART_MMCM/iic_spi_10KHz_ILA/hw/user_35t_withILA.xsa
TRACE::2025-07-15.23:01:48::SCWPlatform::DSA given C:/Users/ilpes/Desktop/Antenne_e_clocks/obb_golden_INTC_UART_MMCM/iic_spi_10KHz_ILA/hw/user_35t_withILA.xsa
TRACE::2025-07-15.23:01:49::SCWPlatform::DSA absoulate path C:/Users/ilpes/Desktop/Antenne_e_clocks/obb_golden_INTC_UART_MMCM/iic_spi_10KHz_ILA/hw/user_35t_withILA.xsa
TRACE::2025-07-15.23:01:49::SCWPlatform::DSA directory C:/Users/ilpes/Desktop/Antenne_e_clocks/obb_golden_INTC_UART_MMCM/iic_spi_10KHz_ILA/hw
TRACE::2025-07-15.23:01:49::SCWPlatform:: Platform Path C:/Users/ilpes/Desktop/Antenne_e_clocks/obb_golden_INTC_UART_MMCM/iic_spi_10KHz_ILA/hw/user_35t_withILA.xsa
TRACE::2025-07-15.23:01:49::SCWPlatform:: Unique name xilinx:cmod_a7-35t::0.0
TRACE::2025-07-15.23:01:49::SCWPlatform::Trying to set the existing hwdb with name user_35t_wrapper
TRACE::2025-07-15.23:01:49::SCWPlatform::Opened existing hwdb user_35t_wrapper
TRACE::2025-07-15.23:01:49::SCWPlatform::Found the Hw Db part of the input DSA
TRACE::2025-07-15.23:01:49::SCWMssOS::Checking the sw design at  C:/Users/ilpes/Desktop/Antenne_e_clocks/obb_golden_INTC_UART_MMCM/iic_spi_10KHz_ILA/microblaze_0/standalone_domain/bsp/system.mss
TRACE::2025-07-15.23:01:49::SCWMssOS::DEBUG:  swdes dump  C:/Users/ilpes/Desktop/Antenne_e_clocks/obb_golden_INTC_UART_MMCM/iic_spi_10KHz_ILA/microblaze_0/standalone_domain/bsp/system.mss|system||

TRACE::2025-07-15.23:01:49::SCWMssOS::Sw design exists and opened at  C:/Users/ilpes/Desktop/Antenne_e_clocks/obb_golden_INTC_UART_MMCM/iic_spi_10KHz_ILA/microblaze_0/standalone_domain/bsp/system.mss
TRACE::2025-07-15.23:01:49::SCWWriter::formatted JSON is {
	"platformName":	"iic_spi_10KHz_ILA",
	"sprVersion":	"2.0",
	"mode":	"gui",
	"dsaType":	"Fixed",
	"platformDesc":	"iic_spi_10KHz_ILA",
	"platHandOff":	"C:/Users/ilpes/Desktop/INSEGNAMENTO/Didattica2023/CMOD_A35t_emc_uart_iic_spi/project_1/user_35t_withILA.xsa",
	"platIntHandOff":	"<platformDir>/hw/user_35t_withILA.xsa",
	"deviceType":	"FPGA",
	"platIsPrebuiltAutogen":	"false",
	"platIsNoBootBsp":	"false",
	"hasFsblMakeHasChanges":	"false",
	"hasPmufwMakeHasChanges":	"false",
	"platPreBuiltFlag":	false,
	"platformSamplesDir":	"",
	"platActiveSys":	"iic_spi_10KHz_ILA",
	"systems":	[{
			"systemName":	"iic_spi_10KHz_ILA",
			"systemDesc":	"iic_spi_10KHz_ILA",
			"sysIsBootAutoGen":	"true",
			"systemDispName":	"iic_spi_10KHz_ILA",
			"sysActiveDom":	"standalone_domain",
			"sysDefaultDom":	"standalone_domain",
			"domains":	[{
					"domainName":	"standalone_domain",
					"domainDispName":	"standalone on microblaze_0",
					"domainDesc":	"standalone_domain",
					"processors":	"microblaze_0",
					"os":	"standalone",
					"sdxOs":	"standalone",
					"debugEnable":	"False",
					"domRuntimes":	["cpp"],
					"swRepo":	"",
					"mssOsVer":	"7.3",
					"mssFile":	"",
					"md5Digest":	"4ff912ba097ec0244cd8262b18dcbf48",
					"compatibleApp":	"",
					"domType":	"mssDomain",
					"arch":	"32-bit",
					"appSettings":	{
						"appCompilerFlags":	"",
						"appLinkerFlags":	""
					},
					"addedLibs":	[],
					"libOptions":	{
						"libsContainingOptions":	[]
					},
					"prebuiltLibs":	{
						"prebuiltIncPath":	[],
						"prebuiltLibPath":	[]
					},
					"isolation":	{
					}
				}]
		}]
}
KEYINFO::2025-07-15.23:01:49::SCWPlatform::updated the xpfm file.
TRACE::2025-07-15.23:01:49::SCWPlatform::Trying to open the hw design at C:/Users/ilpes/Desktop/Antenne_e_clocks/obb_golden_INTC_UART_MMCM/iic_spi_10KHz_ILA/hw/user_35t_withILA.xsa
TRACE::2025-07-15.23:01:49::SCWPlatform::DSA given C:/Users/ilpes/Desktop/Antenne_e_clocks/obb_golden_INTC_UART_MMCM/iic_spi_10KHz_ILA/hw/user_35t_withILA.xsa
TRACE::2025-07-15.23:01:49::SCWPlatform::DSA absoulate path C:/Users/ilpes/Desktop/Antenne_e_clocks/obb_golden_INTC_UART_MMCM/iic_spi_10KHz_ILA/hw/user_35t_withILA.xsa
TRACE::2025-07-15.23:01:49::SCWPlatform::DSA directory C:/Users/ilpes/Desktop/Antenne_e_clocks/obb_golden_INTC_UART_MMCM/iic_spi_10KHz_ILA/hw
TRACE::2025-07-15.23:01:49::SCWPlatform:: Platform Path C:/Users/ilpes/Desktop/Antenne_e_clocks/obb_golden_INTC_UART_MMCM/iic_spi_10KHz_ILA/hw/user_35t_withILA.xsa
TRACE::2025-07-15.23:01:49::SCWPlatform:: Unique name xilinx:cmod_a7-35t::0.0
TRACE::2025-07-15.23:01:49::SCWPlatform::Trying to set the existing hwdb with name user_35t_wrapper
TRACE::2025-07-15.23:01:49::SCWPlatform::Opened existing hwdb user_35t_wrapper
TRACE::2025-07-15.23:01:49::SCWPlatform::Found the Hw Db part of the input DSA
TRACE::2025-07-15.23:01:49::SCWMssOS::Checking the sw design at  C:/Users/ilpes/Desktop/Antenne_e_clocks/obb_golden_INTC_UART_MMCM/iic_spi_10KHz_ILA/microblaze_0/standalone_domain/bsp/system.mss
TRACE::2025-07-15.23:01:49::SCWMssOS::DEBUG:  swdes dump  C:/Users/ilpes/Desktop/Antenne_e_clocks/obb_golden_INTC_UART_MMCM/iic_spi_10KHz_ILA/microblaze_0/standalone_domain/bsp/system.mss|system||

TRACE::2025-07-15.23:01:49::SCWMssOS::Sw design exists and opened at  C:/Users/ilpes/Desktop/Antenne_e_clocks/obb_golden_INTC_UART_MMCM/iic_spi_10KHz_ILA/microblaze_0/standalone_domain/bsp/system.mss
TRACE::2025-07-16.06:39:38::SCWPlatform::Trying to open the hw design at C:/Users/ilpes/Desktop/Antenne_e_clocks/obb_golden_INTC_UART_MMCM/iic_spi_10KHz_ILA/hw/user_35t_withILA.xsa
TRACE::2025-07-16.06:39:38::SCWPlatform::DSA given C:/Users/ilpes/Desktop/Antenne_e_clocks/obb_golden_INTC_UART_MMCM/iic_spi_10KHz_ILA/hw/user_35t_withILA.xsa
TRACE::2025-07-16.06:39:38::SCWPlatform::DSA absoulate path C:/Users/ilpes/Desktop/Antenne_e_clocks/obb_golden_INTC_UART_MMCM/iic_spi_10KHz_ILA/hw/user_35t_withILA.xsa
TRACE::2025-07-16.06:39:47::SCWPlatform::DSA directory C:/Users/ilpes/Desktop/Antenne_e_clocks/obb_golden_INTC_UART_MMCM/iic_spi_10KHz_ILA/hw
TRACE::2025-07-16.06:39:47::SCWPlatform:: Platform Path C:/Users/ilpes/Desktop/Antenne_e_clocks/obb_golden_INTC_UART_MMCM/iic_spi_10KHz_ILA/hw/user_35t_withILA.xsa
TRACE::2025-07-16.06:39:47::SCWPlatform:: Unique name xilinx:cmod_a7-35t::0.0
TRACE::2025-07-16.06:39:47::SCWPlatform::Do not have an existing db opened. 
TRACE::2025-07-16.06:39:48::SCWPlatform::Opened new HwDB with name user_35t_wrapper
TRACE::2025-07-16.06:39:48::SCWReader::Active system found as  iic_spi_10KHz_ILA
TRACE::2025-07-16.06:39:48::SCWReader::Handling sysconfig iic_spi_10KHz_ILA
TRACE::2025-07-16.06:39:48::SCWDomain::checking for install qemu data   : 
TRACE::2025-07-16.06:39:48::SCWPlatform::Trying to open the hw design at C:/Users/ilpes/Desktop/Antenne_e_clocks/obb_golden_INTC_UART_MMCM/iic_spi_10KHz_ILA/hw/user_35t_withILA.xsa
TRACE::2025-07-16.06:39:48::SCWPlatform::DSA given C:/Users/ilpes/Desktop/Antenne_e_clocks/obb_golden_INTC_UART_MMCM/iic_spi_10KHz_ILA/hw/user_35t_withILA.xsa
TRACE::2025-07-16.06:39:48::SCWPlatform::DSA absoulate path C:/Users/ilpes/Desktop/Antenne_e_clocks/obb_golden_INTC_UART_MMCM/iic_spi_10KHz_ILA/hw/user_35t_withILA.xsa
TRACE::2025-07-16.06:39:48::SCWPlatform::DSA directory C:/Users/ilpes/Desktop/Antenne_e_clocks/obb_golden_INTC_UART_MMCM/iic_spi_10KHz_ILA/hw
TRACE::2025-07-16.06:39:48::SCWPlatform:: Platform Path C:/Users/ilpes/Desktop/Antenne_e_clocks/obb_golden_INTC_UART_MMCM/iic_spi_10KHz_ILA/hw/user_35t_withILA.xsa
TRACE::2025-07-16.06:39:48::SCWPlatform:: Unique name xilinx:cmod_a7-35t::0.0
TRACE::2025-07-16.06:39:48::SCWPlatform::Trying to set the existing hwdb with name user_35t_wrapper
TRACE::2025-07-16.06:39:48::SCWPlatform::Opened existing hwdb user_35t_wrapper
TRACE::2025-07-16.06:39:48::SCWPlatform::Found the Hw Db part of the input DSA
TRACE::2025-07-16.06:39:48::SCWPlatform::Trying to open the hw design at C:/Users/ilpes/Desktop/Antenne_e_clocks/obb_golden_INTC_UART_MMCM/iic_spi_10KHz_ILA/hw/user_35t_withILA.xsa
TRACE::2025-07-16.06:39:48::SCWPlatform::DSA given C:/Users/ilpes/Desktop/Antenne_e_clocks/obb_golden_INTC_UART_MMCM/iic_spi_10KHz_ILA/hw/user_35t_withILA.xsa
TRACE::2025-07-16.06:39:48::SCWPlatform::DSA absoulate path C:/Users/ilpes/Desktop/Antenne_e_clocks/obb_golden_INTC_UART_MMCM/iic_spi_10KHz_ILA/hw/user_35t_withILA.xsa
TRACE::2025-07-16.06:39:48::SCWPlatform::DSA directory C:/Users/ilpes/Desktop/Antenne_e_clocks/obb_golden_INTC_UART_MMCM/iic_spi_10KHz_ILA/hw
TRACE::2025-07-16.06:39:48::SCWPlatform:: Platform Path C:/Users/ilpes/Desktop/Antenne_e_clocks/obb_golden_INTC_UART_MMCM/iic_spi_10KHz_ILA/hw/user_35t_withILA.xsa
TRACE::2025-07-16.06:39:48::SCWPlatform:: Unique name xilinx:cmod_a7-35t::0.0
TRACE::2025-07-16.06:39:48::SCWPlatform::Trying to set the existing hwdb with name user_35t_wrapper
TRACE::2025-07-16.06:39:48::SCWPlatform::Opened existing hwdb user_35t_wrapper
TRACE::2025-07-16.06:39:48::SCWPlatform::Found the Hw Db part of the input DSA
TRACE::2025-07-16.06:39:48::SCWPlatform::Trying to open the hw design at C:/Users/ilpes/Desktop/Antenne_e_clocks/obb_golden_INTC_UART_MMCM/iic_spi_10KHz_ILA/hw/user_35t_withILA.xsa
TRACE::2025-07-16.06:39:48::SCWPlatform::DSA given C:/Users/ilpes/Desktop/Antenne_e_clocks/obb_golden_INTC_UART_MMCM/iic_spi_10KHz_ILA/hw/user_35t_withILA.xsa
TRACE::2025-07-16.06:39:48::SCWPlatform::DSA absoulate path C:/Users/ilpes/Desktop/Antenne_e_clocks/obb_golden_INTC_UART_MMCM/iic_spi_10KHz_ILA/hw/user_35t_withILA.xsa
TRACE::2025-07-16.06:39:48::SCWPlatform::DSA directory C:/Users/ilpes/Desktop/Antenne_e_clocks/obb_golden_INTC_UART_MMCM/iic_spi_10KHz_ILA/hw
TRACE::2025-07-16.06:39:48::SCWPlatform:: Platform Path C:/Users/ilpes/Desktop/Antenne_e_clocks/obb_golden_INTC_UART_MMCM/iic_spi_10KHz_ILA/hw/user_35t_withILA.xsa
TRACE::2025-07-16.06:39:48::SCWPlatform:: Unique name xilinx:cmod_a7-35t::0.0
TRACE::2025-07-16.06:39:48::SCWPlatform::Trying to set the existing hwdb with name user_35t_wrapper
TRACE::2025-07-16.06:39:48::SCWPlatform::Opened existing hwdb user_35t_wrapper
TRACE::2025-07-16.06:39:48::SCWPlatform::Found the Hw Db part of the input DSA
TRACE::2025-07-16.06:39:48::SCWPlatform::Trying to open the hw design at C:/Users/ilpes/Desktop/Antenne_e_clocks/obb_golden_INTC_UART_MMCM/iic_spi_10KHz_ILA/hw/user_35t_withILA.xsa
TRACE::2025-07-16.06:39:48::SCWPlatform::DSA given C:/Users/ilpes/Desktop/Antenne_e_clocks/obb_golden_INTC_UART_MMCM/iic_spi_10KHz_ILA/hw/user_35t_withILA.xsa
TRACE::2025-07-16.06:39:48::SCWPlatform::DSA absoulate path C:/Users/ilpes/Desktop/Antenne_e_clocks/obb_golden_INTC_UART_MMCM/iic_spi_10KHz_ILA/hw/user_35t_withILA.xsa
TRACE::2025-07-16.06:39:48::SCWPlatform::DSA directory C:/Users/ilpes/Desktop/Antenne_e_clocks/obb_golden_INTC_UART_MMCM/iic_spi_10KHz_ILA/hw
TRACE::2025-07-16.06:39:48::SCWPlatform:: Platform Path C:/Users/ilpes/Desktop/Antenne_e_clocks/obb_golden_INTC_UART_MMCM/iic_spi_10KHz_ILA/hw/user_35t_withILA.xsa
TRACE::2025-07-16.06:39:48::SCWPlatform:: Unique name xilinx:cmod_a7-35t::0.0
TRACE::2025-07-16.06:39:48::SCWPlatform::Trying to set the existing hwdb with name user_35t_wrapper
TRACE::2025-07-16.06:39:48::SCWPlatform::Opened existing hwdb user_35t_wrapper
TRACE::2025-07-16.06:39:48::SCWPlatform::Found the Hw Db part of the input DSA
TRACE::2025-07-16.06:39:48::SCWMssOS::Checking the sw design at  C:/Users/ilpes/Desktop/Antenne_e_clocks/obb_golden_INTC_UART_MMCM/iic_spi_10KHz_ILA/microblaze_0/standalone_domain/bsp/system.mss
TRACE::2025-07-16.06:39:48::SCWMssOS::DEBUG:  swdes dump  
TRACE::2025-07-16.06:39:48::SCWMssOS::No sw design opened at  C:/Users/ilpes/Desktop/Antenne_e_clocks/obb_golden_INTC_UART_MMCM/iic_spi_10KHz_ILA/microblaze_0/standalone_domain/bsp/system.mss
TRACE::2025-07-16.06:39:48::SCWMssOS::mss exists loading the mss file  C:/Users/ilpes/Desktop/Antenne_e_clocks/obb_golden_INTC_UART_MMCM/iic_spi_10KHz_ILA/microblaze_0/standalone_domain/bsp/system.mss
TRACE::2025-07-16.06:39:48::SCWMssOS::Opened the sw design from mss  C:/Users/ilpes/Desktop/Antenne_e_clocks/obb_golden_INTC_UART_MMCM/iic_spi_10KHz_ILA/microblaze_0/standalone_domain/bsp/system.mss
TRACE::2025-07-16.06:39:48::SCWMssOS::Adding the swdes entry C:/Users/ilpes/Desktop/Antenne_e_clocks/obb_golden_INTC_UART_MMCM/iic_spi_10KHz_ILA/microblaze_0/standalone_domain/bsp/system.mss with des name system
TRACE::2025-07-16.06:39:48::SCWMssOS::updating the scw layer about changes
TRACE::2025-07-16.06:39:48::SCWMssOS::Opened the sw design.  C:/Users/ilpes/Desktop/Antenne_e_clocks/obb_golden_INTC_UART_MMCM/iic_spi_10KHz_ILA/microblaze_0/standalone_domain/bsp/system.mss
TRACE::2025-07-16.06:39:48::SCWMssOS::Saving the mss changes C:/Users/ilpes/Desktop/Antenne_e_clocks/obb_golden_INTC_UART_MMCM/iic_spi_10KHz_ILA/microblaze_0/standalone_domain/bsp/system.mss
TRACE::2025-07-16.06:39:48::SCWMssOS::Found a swdesign opened with the mssfile.
TRACE::2025-07-16.06:39:48::SCWMssOS::Completed writemss as part of save.
TRACE::2025-07-16.06:39:48::SCWMssOS::Commit changes completed.
TRACE::2025-07-16.06:39:48::SCWReader::Adding prebuilt librarypaths as   
TRACE::2025-07-16.06:39:48::SCWReader::Adding prebuilt incpaths  as   
TRACE::2025-07-16.06:39:48::SCWPlatform::Trying to open the hw design at C:/Users/ilpes/Desktop/Antenne_e_clocks/obb_golden_INTC_UART_MMCM/iic_spi_10KHz_ILA/hw/user_35t_withILA.xsa
TRACE::2025-07-16.06:39:48::SCWPlatform::DSA given C:/Users/ilpes/Desktop/Antenne_e_clocks/obb_golden_INTC_UART_MMCM/iic_spi_10KHz_ILA/hw/user_35t_withILA.xsa
TRACE::2025-07-16.06:39:48::SCWPlatform::DSA absoulate path C:/Users/ilpes/Desktop/Antenne_e_clocks/obb_golden_INTC_UART_MMCM/iic_spi_10KHz_ILA/hw/user_35t_withILA.xsa
TRACE::2025-07-16.06:39:48::SCWPlatform::DSA directory C:/Users/ilpes/Desktop/Antenne_e_clocks/obb_golden_INTC_UART_MMCM/iic_spi_10KHz_ILA/hw
TRACE::2025-07-16.06:39:48::SCWPlatform:: Platform Path C:/Users/ilpes/Desktop/Antenne_e_clocks/obb_golden_INTC_UART_MMCM/iic_spi_10KHz_ILA/hw/user_35t_withILA.xsa
TRACE::2025-07-16.06:39:48::SCWPlatform:: Unique name xilinx:cmod_a7-35t::0.0
TRACE::2025-07-16.06:39:48::SCWPlatform::Trying to set the existing hwdb with name user_35t_wrapper
TRACE::2025-07-16.06:39:48::SCWPlatform::Opened existing hwdb user_35t_wrapper
TRACE::2025-07-16.06:39:48::SCWPlatform::Found the Hw Db part of the input DSA
TRACE::2025-07-16.06:39:48::SCWMssOS::Checking the sw design at  C:/Users/ilpes/Desktop/Antenne_e_clocks/obb_golden_INTC_UART_MMCM/iic_spi_10KHz_ILA/microblaze_0/standalone_domain/bsp/system.mss
TRACE::2025-07-16.06:39:48::SCWMssOS::DEBUG:  swdes dump  C:/Users/ilpes/Desktop/Antenne_e_clocks/obb_golden_INTC_UART_MMCM/iic_spi_10KHz_ILA/microblaze_0/standalone_domain/bsp/system.mss|system||

TRACE::2025-07-16.06:39:48::SCWMssOS::Sw design exists and opened at  C:/Users/ilpes/Desktop/Antenne_e_clocks/obb_golden_INTC_UART_MMCM/iic_spi_10KHz_ILA/microblaze_0/standalone_domain/bsp/system.mss
TRACE::2025-07-16.06:39:48::SCWReader::No isolation master present  
LOG::2025-07-16.06:39:48::SCWPlatform::Started generating the artifacts platform iic_spi_10KHz_ILA
TRACE::2025-07-16.06:39:48::SCWPlatform::Sanity checking of platform is completed
LOG::2025-07-16.06:39:48::SCWPlatform::Started generating the artifacts for system configuration iic_spi_10KHz_ILA
LOG::2025-07-16.06:39:48::SCWSystem::Checking the domain standalone_domain
LOG::2025-07-16.06:39:48::SCWSystem::Not a boot domain 
LOG::2025-07-16.06:39:48::SCWSystem::Started Processing the domain standalone_domain
TRACE::2025-07-16.06:39:48::SCWDomain::Generating domain artifcats
TRACE::2025-07-16.06:39:48::SCWMssOS::Generating standalone artifcats
TRACE::2025-07-16.06:39:48::SCWMssOS:: Copying the user libraries. 
TRACE::2025-07-16.06:39:48::SCWPlatform::Trying to open the hw design at C:/Users/ilpes/Desktop/Antenne_e_clocks/obb_golden_INTC_UART_MMCM/iic_spi_10KHz_ILA/hw/user_35t_withILA.xsa
TRACE::2025-07-16.06:39:48::SCWPlatform::DSA given C:/Users/ilpes/Desktop/Antenne_e_clocks/obb_golden_INTC_UART_MMCM/iic_spi_10KHz_ILA/hw/user_35t_withILA.xsa
TRACE::2025-07-16.06:39:48::SCWPlatform::DSA absoulate path C:/Users/ilpes/Desktop/Antenne_e_clocks/obb_golden_INTC_UART_MMCM/iic_spi_10KHz_ILA/hw/user_35t_withILA.xsa
TRACE::2025-07-16.06:39:48::SCWPlatform::DSA directory C:/Users/ilpes/Desktop/Antenne_e_clocks/obb_golden_INTC_UART_MMCM/iic_spi_10KHz_ILA/hw
TRACE::2025-07-16.06:39:48::SCWPlatform:: Platform Path C:/Users/ilpes/Desktop/Antenne_e_clocks/obb_golden_INTC_UART_MMCM/iic_spi_10KHz_ILA/hw/user_35t_withILA.xsa
TRACE::2025-07-16.06:39:48::SCWPlatform:: Unique name xilinx:cmod_a7-35t::0.0
TRACE::2025-07-16.06:39:48::SCWPlatform::Trying to set the existing hwdb with name user_35t_wrapper
TRACE::2025-07-16.06:39:48::SCWPlatform::Opened existing hwdb user_35t_wrapper
TRACE::2025-07-16.06:39:48::SCWPlatform::Found the Hw Db part of the input DSA
TRACE::2025-07-16.06:39:48::SCWMssOS::Checking the sw design at  C:/Users/ilpes/Desktop/Antenne_e_clocks/obb_golden_INTC_UART_MMCM/iic_spi_10KHz_ILA/microblaze_0/standalone_domain/bsp/system.mss
TRACE::2025-07-16.06:39:48::SCWMssOS::DEBUG:  swdes dump  C:/Users/ilpes/Desktop/Antenne_e_clocks/obb_golden_INTC_UART_MMCM/iic_spi_10KHz_ILA/microblaze_0/standalone_domain/bsp/system.mss|system||

TRACE::2025-07-16.06:39:48::SCWMssOS::Sw design exists and opened at  C:/Users/ilpes/Desktop/Antenne_e_clocks/obb_golden_INTC_UART_MMCM/iic_spi_10KHz_ILA/microblaze_0/standalone_domain/bsp/system.mss
TRACE::2025-07-16.06:39:48::SCWMssOS::Completed writing the mss file at C:/Users/ilpes/Desktop/Antenne_e_clocks/obb_golden_INTC_UART_MMCM/iic_spi_10KHz_ILA/microblaze_0/standalone_domain/bsp
TRACE::2025-07-16.06:39:48::SCWMssOS::Mss edits present, copying mssfile into export location C:/Users/ilpes/Desktop/Antenne_e_clocks/obb_golden_INTC_UART_MMCM/iic_spi_10KHz_ILA/microblaze_0/standalone_domain/bsp/system.mss
TRACE::2025-07-16.06:39:48::SCWMssOS::bsp generated is upto date with the mss file. Skipping bsp generation.
TRACE::2025-07-16.06:39:48::SCWMssOS::BSP is already built. skipping the bsp build ... 
TRACE::2025-07-16.06:39:48::SCWDomain::Building the domain as part of full build :  standalone_domain
TRACE::2025-07-16.06:39:48::SCWMssOS::doing bsp build ... 
TRACE::2025-07-16.06:39:48::SCWMssOS::System Command Ran  C: & cd  C:/Users/ilpes/Desktop/Antenne_e_clocks/obb_golden_INTC_UART_MMCM/iic_spi_10KHz_ILA/microblaze_0/standalone_domain/bsp & make 
TRACE::2025-07-16.06:39:48::SCWMssOS::make --no-print-directory seq_libs

TRACE::2025-07-16.06:39:48::SCWMssOS::'Finished building libraries sequentially.'

TRACE::2025-07-16.06:39:48::SCWMssOS::make -j --no-print-directory par_libs

TRACE::2025-07-16.06:39:48::SCWMssOS::"Running Make include in microblaze_0/libsrc/bram_v4_5/src"

TRACE::2025-07-16.06:39:49::SCWMssOS::make -C microblaze_0/libsrc/bram_v4_5/src -s include  "SHELL=CMD" "COMPILER=mb-gcc" "ASSEMBLER=mb-as" "ARCHIVER=mb-ar" "COMPILE
TRACE::2025-07-16.06:39:49::SCWMssOS::R_FLAGS=  -O2 -c -mcpu=v11.0 -mlittle-endian -mno-xl-soft-div -mno-xl-soft-mul -mxl-barrel-shift -mxl-pattern-compare" "EXTRA_C
TRACE::2025-07-16.06:39:49::SCWMssOS::OMPILER_FLAGS=-g -ffunction-sections -fdata-sections -Wall -Wextra"

TRACE::2025-07-16.06:39:49::SCWMssOS::"Running Make include in microblaze_0/libsrc/cpu_v2_12/src"

TRACE::2025-07-16.06:39:49::SCWMssOS::make -C microblaze_0/libsrc/cpu_v2_12/src -s include  "SHELL=CMD" "COMPILER=mb-gcc" "ASSEMBLER=mb-as" "ARCHIVER=mb-ar" "COMPILE
TRACE::2025-07-16.06:39:49::SCWMssOS::R_FLAGS=  -O2 -c -mcpu=v11.0 -mlittle-endian -mno-xl-soft-div -mno-xl-soft-mul -mxl-barrel-shift -mxl-pattern-compare" "EXTRA_C
TRACE::2025-07-16.06:39:49::SCWMssOS::OMPILER_FLAGS=-g -ffunction-sections -fdata-sections -Wall -Wextra"

TRACE::2025-07-16.06:39:49::SCWMssOS::"Running Make include in microblaze_0/libsrc/gpio_v4_7/src"

TRACE::2025-07-16.06:39:49::SCWMssOS::make -C microblaze_0/libsrc/gpio_v4_7/src -s include  "SHELL=CMD" "COMPILER=mb-gcc" "ASSEMBLER=mb-as" "ARCHIVER=mb-ar" "COMPILE
TRACE::2025-07-16.06:39:49::SCWMssOS::R_FLAGS=  -O2 -c -mcpu=v11.0 -mlittle-endian -mno-xl-soft-div -mno-xl-soft-mul -mxl-barrel-shift -mxl-pattern-compare" "EXTRA_C
TRACE::2025-07-16.06:39:49::SCWMssOS::OMPILER_FLAGS=-g -ffunction-sections -fdata-sections -Wall -Wextra"

TRACE::2025-07-16.06:39:49::SCWMssOS::"Running Make include in microblaze_0/libsrc/iic_v3_7/src"

TRACE::2025-07-16.06:39:49::SCWMssOS::make -C microblaze_0/libsrc/iic_v3_7/src -s include  "SHELL=CMD" "COMPILER=mb-gcc" "ASSEMBLER=mb-as" "ARCHIVER=mb-ar" "COMPILER
TRACE::2025-07-16.06:39:49::SCWMssOS::_FLAGS=  -O2 -c -mcpu=v11.0 -mlittle-endian -mno-xl-soft-div -mno-xl-soft-mul -mxl-barrel-shift -mxl-pattern-compare" "EXTRA_CO
TRACE::2025-07-16.06:39:49::SCWMssOS::MPILER_FLAGS=-g -ffunction-sections -fdata-sections -Wall -Wextra"

TRACE::2025-07-16.06:39:49::SCWMssOS::"Running Make include in microblaze_0/libsrc/intc_v3_12/src"

TRACE::2025-07-16.06:39:49::SCWMssOS::make -C microblaze_0/libsrc/intc_v3_12/src -s include  "SHELL=CMD" "COMPILER=mb-gcc" "ASSEMBLER=mb-as" "ARCHIVER=mb-ar" "COMPIL
TRACE::2025-07-16.06:39:49::SCWMssOS::ER_FLAGS=  -O2 -c -mcpu=v11.0 -mlittle-endian -mno-xl-soft-div -mno-xl-soft-mul -mxl-barrel-shift -mxl-pattern-compare" "EXTRA_
TRACE::2025-07-16.06:39:49::SCWMssOS::COMPILER_FLAGS=-g -ffunction-sections -fdata-sections -Wall -Wextra"

TRACE::2025-07-16.06:39:49::SCWMssOS::"Running Make include in microblaze_0/libsrc/spi_v4_7/src"

TRACE::2025-07-16.06:39:50::SCWMssOS::make -C microblaze_0/libsrc/spi_v4_7/src -s include  "SHELL=CMD" "COMPILER=mb-gcc" "ASSEMBLER=mb-as" "ARCHIVER=mb-ar" "COMPILER
TRACE::2025-07-16.06:39:50::SCWMssOS::_FLAGS=  -O2 -c -mcpu=v11.0 -mlittle-endian -mno-xl-soft-div -mno-xl-soft-mul -mxl-barrel-shift -mxl-pattern-compare" "EXTRA_CO
TRACE::2025-07-16.06:39:50::SCWMssOS::MPILER_FLAGS=-g -ffunction-sections -fdata-sections -Wall -Wextra"

TRACE::2025-07-16.06:39:50::SCWMssOS::"Running Make include in microblaze_0/libsrc/standalone_v7_3/src"

TRACE::2025-07-16.06:39:50::SCWMssOS::"Running Make include in microblaze_0/libsrc/tmrctr_v4_7/src"

TRACE::2025-07-16.06:39:50::SCWMssOS::make -C microblaze_0/libsrc/standalone_v7_3/src -s include  "SHELL=CMD" "COMPILER=mb-gcc" "ASSEMBLER=mb-as" "ARCHIVER=mb-ar" "C
TRACE::2025-07-16.06:39:50::SCWMssOS::OMPILER_FLAGS=  -O2 -c -mcpu=v11.0 -mlittle-endian -mno-xl-soft-div -mno-xl-soft-mul -mxl-barrel-shift -mxl-pattern-compare" "E
TRACE::2025-07-16.06:39:50::SCWMssOS::XTRA_COMPILER_FLAGS=-g -ffunction-sections -fdata-sections -Wall -Wextra"

TRACE::2025-07-16.06:39:50::SCWMssOS::"Running Make include in microblaze_0/libsrc/uartlite_v3_5/src"

TRACE::2025-07-16.06:39:50::SCWMssOS::make -C microblaze_0/libsrc/tmrctr_v4_7/src -s include  "SHELL=CMD" "COMPILER=mb-gcc" "ASSEMBLER=mb-as" "ARCHIVER=mb-ar" "COMPI
TRACE::2025-07-16.06:39:50::SCWMssOS::LER_FLAGS=  -O2 -c -mcpu=v11.0 -mlittle-endian -mno-xl-soft-div -mno-xl-soft-mul -mxl-barrel-shift -mxl-pattern-compare" "EXTRA
TRACE::2025-07-16.06:39:50::SCWMssOS::_COMPILER_FLAGS=-g -ffunction-sections -fdata-sections -Wall -Wextra"

TRACE::2025-07-16.06:39:50::SCWMssOS::make -C microblaze_0/libsrc/uartlite_v3_5/src -s include  "SHELL=CMD" "COMPILER=mb-gcc" "ASSEMBLER=mb-as" "ARCHIVER=mb-ar" "COM
TRACE::2025-07-16.06:39:50::SCWMssOS::PILER_FLAGS=  -O2 -c -mcpu=v11.0 -mlittle-endian -mno-xl-soft-div -mno-xl-soft-mul -mxl-barrel-shift -mxl-pattern-compare" "EXT
TRACE::2025-07-16.06:39:50::SCWMssOS::RA_COMPILER_FLAGS=-g -ffunction-sections -fdata-sections -Wall -Wextra"

TRACE::2025-07-16.06:39:54::SCWMssOS::"Running Make libs in microblaze_0/libsrc/bram_v4_5/src"

TRACE::2025-07-16.06:39:54::SCWMssOS::make -C microblaze_0/libsrc/bram_v4_5/src -s libs  "SHELL=CMD" "COMPILER=mb-gcc" "ASSEMBLER=mb-as" "ARCHIVER=mb-ar" "COMPILER_F
TRACE::2025-07-16.06:39:54::SCWMssOS::LAGS=  -O2 -c -mcpu=v11.0 -mlittle-endian -mno-xl-soft-div -mno-xl-soft-mul -mxl-barrel-shift -mxl-pattern-compare" "EXTRA_COMP
TRACE::2025-07-16.06:39:54::SCWMssOS::ILER_FLAGS=-g -ffunction-sections -fdata-sections -Wall -Wextra"

TRACE::2025-07-16.06:39:54::SCWMssOS::"Running Make libs in microblaze_0/libsrc/cpu_v2_12/src"

TRACE::2025-07-16.06:39:54::SCWMssOS::make -C microblaze_0/libsrc/cpu_v2_12/src -s libs  "SHELL=CMD" "COMPILER=mb-gcc" "ASSEMBLER=mb-as" "ARCHIVER=mb-ar" "COMPILER_F
TRACE::2025-07-16.06:39:54::SCWMssOS::LAGS=  -O2 -c -mcpu=v11.0 -mlittle-endian -mno-xl-soft-div -mno-xl-soft-mul -mxl-barrel-shift -mxl-pattern-compare" "EXTRA_COMP
TRACE::2025-07-16.06:39:54::SCWMssOS::ILER_FLAGS=-g -ffunction-sections -fdata-sections -Wall -Wextra"

TRACE::2025-07-16.06:39:54::SCWMssOS::"Running Make libs in microblaze_0/libsrc/gpio_v4_7/src"

TRACE::2025-07-16.06:39:54::SCWMssOS::make -C microblaze_0/libsrc/gpio_v4_7/src -s libs  "SHELL=CMD" "COMPILER=mb-gcc" "ASSEMBLER=mb-as" "ARCHIVER=mb-ar" "COMPILER_F
TRACE::2025-07-16.06:39:54::SCWMssOS::LAGS=  -O2 -c -mcpu=v11.0 -mlittle-endian -mno-xl-soft-div -mno-xl-soft-mul -mxl-barrel-shift -mxl-pattern-compare" "EXTRA_COMP
TRACE::2025-07-16.06:39:54::SCWMssOS::ILER_FLAGS=-g -ffunction-sections -fdata-sections -Wall -Wextra"

TRACE::2025-07-16.06:39:55::SCWMssOS::"Running Make libs in microblaze_0/libsrc/iic_v3_7/src"

TRACE::2025-07-16.06:39:55::SCWMssOS::make -C microblaze_0/libsrc/iic_v3_7/src -s libs  "SHELL=CMD" "COMPILER=mb-gcc" "ASSEMBLER=mb-as" "ARCHIVER=mb-ar" "COMPILER_FL
TRACE::2025-07-16.06:39:55::SCWMssOS::AGS=  -O2 -c -mcpu=v11.0 -mlittle-endian -mno-xl-soft-div -mno-xl-soft-mul -mxl-barrel-shift -mxl-pattern-compare" "EXTRA_COMPI
TRACE::2025-07-16.06:39:55::SCWMssOS::LER_FLAGS=-g -ffunction-sections -fdata-sections -Wall -Wextra"

TRACE::2025-07-16.06:39:55::SCWMssOS::"Running Make libs in microblaze_0/libsrc/intc_v3_12/src"

TRACE::2025-07-16.06:39:55::SCWMssOS::make -C microblaze_0/libsrc/intc_v3_12/src -s libs  "SHELL=CMD" "COMPILER=mb-gcc" "ASSEMBLER=mb-as" "ARCHIVER=mb-ar" "COMPILER_
TRACE::2025-07-16.06:39:55::SCWMssOS::FLAGS=  -O2 -c -mcpu=v11.0 -mlittle-endian -mno-xl-soft-div -mno-xl-soft-mul -mxl-barrel-shift -mxl-pattern-compare" "EXTRA_COM
TRACE::2025-07-16.06:39:55::SCWMssOS::PILER_FLAGS=-g -ffunction-sections -fdata-sections -Wall -Wextra"

TRACE::2025-07-16.06:39:55::SCWMssOS::"Running Make libs in microblaze_0/libsrc/spi_v4_7/src"

TRACE::2025-07-16.06:39:55::SCWMssOS::make -C microblaze_0/libsrc/spi_v4_7/src -s libs  "SHELL=CMD" "COMPILER=mb-gcc" "ASSEMBLER=mb-as" "ARCHIVER=mb-ar" "COMPILER_FL
TRACE::2025-07-16.06:39:55::SCWMssOS::AGS=  -O2 -c -mcpu=v11.0 -mlittle-endian -mno-xl-soft-div -mno-xl-soft-mul -mxl-barrel-shift -mxl-pattern-compare" "EXTRA_COMPI
TRACE::2025-07-16.06:39:55::SCWMssOS::LER_FLAGS=-g -ffunction-sections -fdata-sections -Wall -Wextra"

TRACE::2025-07-16.06:39:55::SCWMssOS::"Running Make libs in microblaze_0/libsrc/standalone_v7_3/src"

TRACE::2025-07-16.06:39:55::SCWMssOS::make -C microblaze_0/libsrc/standalone_v7_3/src -s libs  "SHELL=CMD" "COMPILER=mb-gcc" "ASSEMBLER=mb-as" "ARCHIVER=mb-ar" "COMP
TRACE::2025-07-16.06:39:55::SCWMssOS::ILER_FLAGS=  -O2 -c -mcpu=v11.0 -mlittle-endian -mno-xl-soft-div -mno-xl-soft-mul -mxl-barrel-shift -mxl-pattern-compare" "EXTR
TRACE::2025-07-16.06:39:55::SCWMssOS::A_COMPILER_FLAGS=-g -ffunction-sections -fdata-sections -Wall -Wextra"

TRACE::2025-07-16.06:39:55::SCWMssOS::"Running Make libs in microblaze_0/libsrc/tmrctr_v4_7/src"

TRACE::2025-07-16.06:39:55::SCWMssOS::make -C microblaze_0/libsrc/tmrctr_v4_7/src -s libs  "SHELL=CMD" "COMPILER=mb-gcc" "ASSEMBLER=mb-as" "ARCHIVER=mb-ar" "COMPILER
TRACE::2025-07-16.06:39:55::SCWMssOS::_FLAGS=  -O2 -c -mcpu=v11.0 -mlittle-endian -mno-xl-soft-div -mno-xl-soft-mul -mxl-barrel-shift -mxl-pattern-compare" "EXTRA_CO
TRACE::2025-07-16.06:39:55::SCWMssOS::MPILER_FLAGS=-g -ffunction-sections -fdata-sections -Wall -Wextra"

TRACE::2025-07-16.06:39:55::SCWMssOS::"Running Make libs in microblaze_0/libsrc/uartlite_v3_5/src"

TRACE::2025-07-16.06:39:55::SCWMssOS::make -C microblaze_0/libsrc/uartlite_v3_5/src -s libs  "SHELL=CMD" "COMPILER=mb-gcc" "ASSEMBLER=mb-as" "ARCHIVER=mb-ar" "COMPIL
TRACE::2025-07-16.06:39:55::SCWMssOS::ER_FLAGS=  -O2 -c -mcpu=v11.0 -mlittle-endian -mno-xl-soft-div -mno-xl-soft-mul -mxl-barrel-shift -mxl-pattern-compare" "EXTRA_
TRACE::2025-07-16.06:39:55::SCWMssOS::COMPILER_FLAGS=-g -ffunction-sections -fdata-sections -Wall -Wextra"

TRACE::2025-07-16.06:39:57::SCWMssOS::'Finished building libraries parallelly.'

TRACE::2025-07-16.06:39:57::SCWMssOS::make --no-print-directory archive

TRACE::2025-07-16.06:39:57::SCWMssOS::mb-ar -r  microblaze_0/lib/libxil.a microblaze_0/lib/xplatform_info.o microblaze_0/lib/xtmrctr_options.o microblaze_0/lib/micro
TRACE::2025-07-16.06:39:57::SCWMssOS::blaze_disable_exceptions.o microblaze_0/lib/print.o microblaze_0/lib/xil_testio.o microblaze_0/lib/microblaze_disable_dcache.o 
TRACE::2025-07-16.06:39:57::SCWMssOS::microblaze_0/lib/microblaze_flush_dcache_range.o microblaze_0/lib/xspi_g.o microblaze_0/lib/microblaze_flush_cache_ext.o microb
TRACE::2025-07-16.06:39:57::SCWMssOS::laze_0/lib/xspi.o microblaze_0/lib/xspi_sinit.o microblaze_0/lib/xil_misc_psreset_api.o microblaze_0/lib/xspi_selftest.o microb
TRACE::2025-07-16.06:39:57::SCWMssOS::laze_0/lib/xil_cache.o microblaze_0/lib/xil_util.o microblaze_0/lib/inbyte.o microblaze_0/lib/xiic_multi_master.o microblaze_0/
TRACE::2025-07-16.06:39:57::SCWMssOS::lib/xiic_sinit.o microblaze_0/lib/microblaze_exception_handler.o microblaze_0/lib/xbram_g.o microblaze_0/lib/xbram_sinit.o micr
TRACE::2025-07-16.06:39:57::SCWMssOS::oblaze_0/lib/microblaze_scrub.o microblaze_0/lib/xtmrctr_intr.o microblaze_0/lib/microblaze_invalidate_dcache.o microblaze_0/li
TRACE::2025-07-16.06:39:57::SCWMssOS::b/microblaze_disable_interrupts.o microblaze_0/lib/xbram_selftest.o microblaze_0/lib/microblaze_interrupt_handler.o microblaze_
TRACE::2025-07-16.06:39:57::SCWMssOS::0/lib/microblaze_disable_icache.o microblaze_0/lib/_exit.o microblaze_0/lib/xgpio_g.o microblaze_0/lib/xuartlite_g.o microblaze
TRACE::2025-07-16.06:39:57::SCWMssOS::_0/lib/xspi_stats.o microblaze_0/lib/microblaze_flush_cache_ext_range.o microblaze_0/lib/xiic_intr.o microblaze_0/lib/xil_sleep
TRACE::2025-07-16.06:39:57::SCWMssOS::common.o microblaze_0/lib/xil_printf.o microblaze_0/lib/xintc_g.o microblaze_0/lib/xiic_g.o microblaze_0/lib/xiic_l.o microblaz
TRACE::2025-07-16.06:39:57::SCWMssOS::e_0/lib/xtmrctr_l.o microblaze_0/lib/xintc_selftest.o microblaze_0/lib/xintc_l.o microblaze_0/lib/outbyte.o microblaze_0/lib/xi
TRACE::2025-07-16.06:39:57::SCWMssOS::o.o microblaze_0/lib/xgpio_intr.o microblaze_0/lib/xiic_slave.o microblaze_0/lib/microblaze_invalidate_dcache_range.o microblaz
TRACE::2025-07-16.06:39:57::SCWMssOS::e_0/lib/xil_testmem.o microblaze_0/lib/microblaze_invalidate_cache_ext.o microblaze_0/lib/microblaze_sleep.o microblaze_0/lib/x
TRACE::2025-07-16.06:39:57::SCWMssOS::uartlite_sinit.o microblaze_0/lib/hw_exception_handler.o microblaze_0/lib/xtmrctr.o microblaze_0/lib/xintc_options.o microblaze
TRACE::2025-07-16.06:39:57::SCWMssOS::_0/lib/xuartlite_selftest.o microblaze_0/lib/xgpio_sinit.o microblaze_0/lib/xuartlite.o microblaze_0/lib/microblaze_update_dcac
TRACE::2025-07-16.06:39:57::SCWMssOS::he.o microblaze_0/lib/xil_testcache.o microblaze_0/lib/microblaze_selftest.o microblaze_0/lib/microblaze_interrupts_g.o microbl
TRACE::2025-07-16.06:39:57::SCWMssOS::aze_0/lib/microblaze_enable_exceptions.o microblaze_0/lib/xil_mem.o microblaze_0/lib/xtmrctr_g.o microblaze_0/lib/microblaze_en
TRACE::2025-07-16.06:39:57::SCWMssOS::able_dcache.o microblaze_0/lib/xbram.o microblaze_0/lib/microblaze_invalidate_icache_range.o microblaze_0/lib/xtmrctr_selftest.
TRACE::2025-07-16.06:39:57::SCWMssOS::o microblaze_0/lib/microblaze_init_dcache_range.o microblaze_0/lib/microblaze_invalidate_icache.o microblaze_0/lib/xspi_options
TRACE::2025-07-16.06:39:57::SCWMssOS::.o microblaze_0/lib/errno.o microblaze_0/lib/xuartlite_l.o microblaze_0/lib/xiic_dyn_master.o microblaze_0/lib/xintc.o microbla
TRACE::2025-07-16.06:39:57::SCWMssOS::ze_0/lib/xuartlite_stats.o microblaze_0/lib/microblaze_invalidate_cache_ext_range.o microblaze_0/lib/xintc_intr.o microblaze_0/
TRACE::2025-07-16.06:39:57::SCWMssOS::lib/xil_exception.o microblaze_0/lib/pvr.o microblaze_0/lib/xgpio.o microblaze_0/lib/xiic_options.o microblaze_0/lib/microblaze
TRACE::2025-07-16.06:39:57::SCWMssOS::_update_icache.o microblaze_0/lib/xiic_master.o microblaze_0/lib/xuartlite_intr.o microblaze_0/lib/microblaze_flush_dcache.o mi
TRACE::2025-07-16.06:39:57::SCWMssOS::croblaze_0/lib/xil_clocking.o microblaze_0/lib/xil_assert.o microblaze_0/lib/xiic_stats.o microblaze_0/lib/microblaze_enable_in
TRACE::2025-07-16.06:39:57::SCWMssOS::terrupts.o microblaze_0/lib/xgpio_extra.o microblaze_0/lib/microblaze_init_icache_range.o microblaze_0/lib/microblaze_enable_ic
TRACE::2025-07-16.06:39:57::SCWMssOS::ache.o microblaze_0/lib/xiic.o microblaze_0/lib/xtmrctr_stats.o microblaze_0/lib/xbram_intr.o microblaze_0/lib/xtmrctr_sinit.o 
TRACE::2025-07-16.06:39:57::SCWMssOS::microblaze_0/lib/xiic_selftest.o microblaze_0/lib/fcntl.o microblaze_0/lib/xgpio_selftest.o

TRACE::2025-07-16.06:40:00::SCWMssOS::'Finished building libraries'

TRACE::2025-07-16.06:40:01::SCWMssOS::Copying to export directory.
TRACE::2025-07-16.06:40:02::SCWMssOS:: Checking if to create the Supporting Applications
TRACE::2025-07-16.06:40:02::SCWMssOS:: No Linux domain exists, trying to generate FSBL 
LOG::2025-07-16.06:40:02::SCWSystem::Completed Processing the domain standalone_domain
LOG::2025-07-16.06:40:02::SCWSystem::Completed Processing the sysconfig iic_spi_10KHz_ILA
LOG::2025-07-16.06:40:02::SCWPlatform::Completed generating the artifacts for system configuration iic_spi_10KHz_ILA
TRACE::2025-07-16.06:40:02::SCWPlatform::Started preparing the platform 
TRACE::2025-07-16.06:40:02::SCWSystem::Writing the bif file for system config iic_spi_10KHz_ILA
TRACE::2025-07-16.06:40:02::SCWSystem::dir created 
TRACE::2025-07-16.06:40:02::SCWSystem::Writing the bif 
TRACE::2025-07-16.06:40:02::SCWPlatform::Started writing the spfm file 
TRACE::2025-07-16.06:40:02::SCWPlatform::Started writing the xpfm file 
TRACE::2025-07-16.06:40:02::SCWPlatform::Completed generating the platform
TRACE::2025-07-16.06:40:02::SCWMssOS::Saving the mss changes C:/Users/ilpes/Desktop/Antenne_e_clocks/obb_golden_INTC_UART_MMCM/iic_spi_10KHz_ILA/microblaze_0/standalone_domain/bsp/system.mss
TRACE::2025-07-16.06:40:02::SCWMssOS::Found a swdesign opened with the mssfile.
TRACE::2025-07-16.06:40:02::SCWMssOS::Completed writemss as part of save.
TRACE::2025-07-16.06:40:02::SCWMssOS::Commit changes completed.
TRACE::2025-07-16.06:40:02::SCWPlatform::Trying to open the hw design at C:/Users/ilpes/Desktop/Antenne_e_clocks/obb_golden_INTC_UART_MMCM/iic_spi_10KHz_ILA/hw/user_35t_withILA.xsa
TRACE::2025-07-16.06:40:02::SCWPlatform::DSA given C:/Users/ilpes/Desktop/Antenne_e_clocks/obb_golden_INTC_UART_MMCM/iic_spi_10KHz_ILA/hw/user_35t_withILA.xsa
TRACE::2025-07-16.06:40:02::SCWPlatform::DSA absoulate path C:/Users/ilpes/Desktop/Antenne_e_clocks/obb_golden_INTC_UART_MMCM/iic_spi_10KHz_ILA/hw/user_35t_withILA.xsa
TRACE::2025-07-16.06:40:02::SCWPlatform::DSA directory C:/Users/ilpes/Desktop/Antenne_e_clocks/obb_golden_INTC_UART_MMCM/iic_spi_10KHz_ILA/hw
TRACE::2025-07-16.06:40:02::SCWPlatform:: Platform Path C:/Users/ilpes/Desktop/Antenne_e_clocks/obb_golden_INTC_UART_MMCM/iic_spi_10KHz_ILA/hw/user_35t_withILA.xsa
TRACE::2025-07-16.06:40:02::SCWPlatform:: Unique name xilinx:cmod_a7-35t::0.0
TRACE::2025-07-16.06:40:02::SCWPlatform::Trying to set the existing hwdb with name user_35t_wrapper
TRACE::2025-07-16.06:40:02::SCWPlatform::Opened existing hwdb user_35t_wrapper
TRACE::2025-07-16.06:40:02::SCWPlatform::Found the Hw Db part of the input DSA
TRACE::2025-07-16.06:40:02::SCWMssOS::Checking the sw design at  C:/Users/ilpes/Desktop/Antenne_e_clocks/obb_golden_INTC_UART_MMCM/iic_spi_10KHz_ILA/microblaze_0/standalone_domain/bsp/system.mss
TRACE::2025-07-16.06:40:02::SCWMssOS::DEBUG:  swdes dump  C:/Users/ilpes/Desktop/Antenne_e_clocks/obb_golden_INTC_UART_MMCM/iic_spi_10KHz_ILA/microblaze_0/standalone_domain/bsp/system.mss|system||

TRACE::2025-07-16.06:40:02::SCWMssOS::Sw design exists and opened at  C:/Users/ilpes/Desktop/Antenne_e_clocks/obb_golden_INTC_UART_MMCM/iic_spi_10KHz_ILA/microblaze_0/standalone_domain/bsp/system.mss
TRACE::2025-07-16.06:40:02::SCWWriter::formatted JSON is {
	"platformName":	"iic_spi_10KHz_ILA",
	"sprVersion":	"2.0",
	"mode":	"gui",
	"dsaType":	"Fixed",
	"platformDesc":	"iic_spi_10KHz_ILA",
	"platHandOff":	"C:/Users/ilpes/Desktop/INSEGNAMENTO/Didattica2023/CMOD_A35t_emc_uart_iic_spi/project_1/user_35t_withILA.xsa",
	"platIntHandOff":	"<platformDir>/hw/user_35t_withILA.xsa",
	"deviceType":	"FPGA",
	"platIsPrebuiltAutogen":	"false",
	"platIsNoBootBsp":	"false",
	"hasFsblMakeHasChanges":	"false",
	"hasPmufwMakeHasChanges":	"false",
	"platPreBuiltFlag":	false,
	"platformSamplesDir":	"",
	"platActiveSys":	"iic_spi_10KHz_ILA",
	"systems":	[{
			"systemName":	"iic_spi_10KHz_ILA",
			"systemDesc":	"iic_spi_10KHz_ILA",
			"sysIsBootAutoGen":	"true",
			"systemDispName":	"iic_spi_10KHz_ILA",
			"sysActiveDom":	"standalone_domain",
			"sysDefaultDom":	"standalone_domain",
			"domains":	[{
					"domainName":	"standalone_domain",
					"domainDispName":	"standalone on microblaze_0",
					"domainDesc":	"standalone_domain",
					"processors":	"microblaze_0",
					"os":	"standalone",
					"sdxOs":	"standalone",
					"debugEnable":	"False",
					"domRuntimes":	["cpp"],
					"swRepo":	"",
					"mssOsVer":	"7.3",
					"mssFile":	"",
					"md5Digest":	"4ff912ba097ec0244cd8262b18dcbf48",
					"compatibleApp":	"",
					"domType":	"mssDomain",
					"arch":	"32-bit",
					"appSettings":	{
						"appCompilerFlags":	"",
						"appLinkerFlags":	""
					},
					"addedLibs":	[],
					"libOptions":	{
						"libsContainingOptions":	[]
					},
					"prebuiltLibs":	{
						"prebuiltIncPath":	[],
						"prebuiltLibPath":	[]
					},
					"isolation":	{
					}
				}]
		}]
}
KEYINFO::2025-07-16.06:40:02::SCWPlatform::updated the xpfm file.
TRACE::2025-07-16.06:40:03::SCWPlatform::Trying to open the hw design at C:/Users/ilpes/Desktop/Antenne_e_clocks/obb_golden_INTC_UART_MMCM/iic_spi_10KHz_ILA/hw/user_35t_withILA.xsa
TRACE::2025-07-16.06:40:03::SCWPlatform::DSA given C:/Users/ilpes/Desktop/Antenne_e_clocks/obb_golden_INTC_UART_MMCM/iic_spi_10KHz_ILA/hw/user_35t_withILA.xsa
TRACE::2025-07-16.06:40:03::SCWPlatform::DSA absoulate path C:/Users/ilpes/Desktop/Antenne_e_clocks/obb_golden_INTC_UART_MMCM/iic_spi_10KHz_ILA/hw/user_35t_withILA.xsa
TRACE::2025-07-16.06:40:03::SCWPlatform::DSA directory C:/Users/ilpes/Desktop/Antenne_e_clocks/obb_golden_INTC_UART_MMCM/iic_spi_10KHz_ILA/hw
TRACE::2025-07-16.06:40:03::SCWPlatform:: Platform Path C:/Users/ilpes/Desktop/Antenne_e_clocks/obb_golden_INTC_UART_MMCM/iic_spi_10KHz_ILA/hw/user_35t_withILA.xsa
TRACE::2025-07-16.06:40:03::SCWPlatform:: Unique name xilinx:cmod_a7-35t::0.0
TRACE::2025-07-16.06:40:03::SCWPlatform::Trying to set the existing hwdb with name user_35t_wrapper
TRACE::2025-07-16.06:40:03::SCWPlatform::Opened existing hwdb user_35t_wrapper
TRACE::2025-07-16.06:40:03::SCWPlatform::Found the Hw Db part of the input DSA
TRACE::2025-07-16.06:40:03::SCWMssOS::Checking the sw design at  C:/Users/ilpes/Desktop/Antenne_e_clocks/obb_golden_INTC_UART_MMCM/iic_spi_10KHz_ILA/microblaze_0/standalone_domain/bsp/system.mss
TRACE::2025-07-16.06:40:03::SCWMssOS::DEBUG:  swdes dump  C:/Users/ilpes/Desktop/Antenne_e_clocks/obb_golden_INTC_UART_MMCM/iic_spi_10KHz_ILA/microblaze_0/standalone_domain/bsp/system.mss|system||

TRACE::2025-07-16.06:40:03::SCWMssOS::Sw design exists and opened at  C:/Users/ilpes/Desktop/Antenne_e_clocks/obb_golden_INTC_UART_MMCM/iic_spi_10KHz_ILA/microblaze_0/standalone_domain/bsp/system.mss
TRACE::2025-07-16.11:02:37::SCWPlatform::Trying to open the hw design at C:/Users/ilpes/Desktop/Antenne_e_clocks/obb_golden_INTC_UART_MMCM/iic_spi_10KHz_ILA/hw/user_35t_withILA.xsa
TRACE::2025-07-16.11:02:37::SCWPlatform::DSA given C:/Users/ilpes/Desktop/Antenne_e_clocks/obb_golden_INTC_UART_MMCM/iic_spi_10KHz_ILA/hw/user_35t_withILA.xsa
TRACE::2025-07-16.11:02:37::SCWPlatform::DSA absoulate path C:/Users/ilpes/Desktop/Antenne_e_clocks/obb_golden_INTC_UART_MMCM/iic_spi_10KHz_ILA/hw/user_35t_withILA.xsa
TRACE::2025-07-16.11:02:45::SCWPlatform::DSA directory C:/Users/ilpes/Desktop/Antenne_e_clocks/obb_golden_INTC_UART_MMCM/iic_spi_10KHz_ILA/hw
TRACE::2025-07-16.11:02:45::SCWPlatform:: Platform Path C:/Users/ilpes/Desktop/Antenne_e_clocks/obb_golden_INTC_UART_MMCM/iic_spi_10KHz_ILA/hw/user_35t_withILA.xsa
TRACE::2025-07-16.11:02:45::SCWPlatform:: Unique name xilinx:cmod_a7-35t::0.0
TRACE::2025-07-16.11:02:45::SCWPlatform::Do not have an existing db opened. 
TRACE::2025-07-16.11:02:45::SCWPlatform::Opened new HwDB with name user_35t_wrapper_5
TRACE::2025-07-16.11:02:45::SCWReader::Active system found as  iic_spi_10KHz_ILA
TRACE::2025-07-16.11:02:45::SCWReader::Handling sysconfig iic_spi_10KHz_ILA
TRACE::2025-07-16.11:02:45::SCWDomain::checking for install qemu data   : 
TRACE::2025-07-16.11:02:45::SCWPlatform::Trying to open the hw design at C:/Users/ilpes/Desktop/Antenne_e_clocks/obb_golden_INTC_UART_MMCM/iic_spi_10KHz_ILA/hw/user_35t_withILA.xsa
TRACE::2025-07-16.11:02:45::SCWPlatform::DSA given C:/Users/ilpes/Desktop/Antenne_e_clocks/obb_golden_INTC_UART_MMCM/iic_spi_10KHz_ILA/hw/user_35t_withILA.xsa
TRACE::2025-07-16.11:02:45::SCWPlatform::DSA absoulate path C:/Users/ilpes/Desktop/Antenne_e_clocks/obb_golden_INTC_UART_MMCM/iic_spi_10KHz_ILA/hw/user_35t_withILA.xsa
TRACE::2025-07-16.11:02:45::SCWPlatform::DSA directory C:/Users/ilpes/Desktop/Antenne_e_clocks/obb_golden_INTC_UART_MMCM/iic_spi_10KHz_ILA/hw
TRACE::2025-07-16.11:02:45::SCWPlatform:: Platform Path C:/Users/ilpes/Desktop/Antenne_e_clocks/obb_golden_INTC_UART_MMCM/iic_spi_10KHz_ILA/hw/user_35t_withILA.xsa
TRACE::2025-07-16.11:02:45::SCWPlatform:: Unique name xilinx:cmod_a7-35t::0.0
TRACE::2025-07-16.11:02:45::SCWPlatform::Trying to set the existing hwdb with name user_35t_wrapper_5
TRACE::2025-07-16.11:02:45::SCWPlatform::Opened existing hwdb user_35t_wrapper_5
TRACE::2025-07-16.11:02:45::SCWPlatform::Found the Hw Db part of the input DSA
TRACE::2025-07-16.11:02:45::SCWPlatform::Trying to open the hw design at C:/Users/ilpes/Desktop/Antenne_e_clocks/obb_golden_INTC_UART_MMCM/iic_spi_10KHz_ILA/hw/user_35t_withILA.xsa
TRACE::2025-07-16.11:02:45::SCWPlatform::DSA given C:/Users/ilpes/Desktop/Antenne_e_clocks/obb_golden_INTC_UART_MMCM/iic_spi_10KHz_ILA/hw/user_35t_withILA.xsa
TRACE::2025-07-16.11:02:45::SCWPlatform::DSA absoulate path C:/Users/ilpes/Desktop/Antenne_e_clocks/obb_golden_INTC_UART_MMCM/iic_spi_10KHz_ILA/hw/user_35t_withILA.xsa
TRACE::2025-07-16.11:02:45::SCWPlatform::DSA directory C:/Users/ilpes/Desktop/Antenne_e_clocks/obb_golden_INTC_UART_MMCM/iic_spi_10KHz_ILA/hw
TRACE::2025-07-16.11:02:45::SCWPlatform:: Platform Path C:/Users/ilpes/Desktop/Antenne_e_clocks/obb_golden_INTC_UART_MMCM/iic_spi_10KHz_ILA/hw/user_35t_withILA.xsa
TRACE::2025-07-16.11:02:45::SCWPlatform:: Unique name xilinx:cmod_a7-35t::0.0
TRACE::2025-07-16.11:02:45::SCWPlatform::Trying to set the existing hwdb with name user_35t_wrapper_5
TRACE::2025-07-16.11:02:45::SCWPlatform::Opened existing hwdb user_35t_wrapper_5
TRACE::2025-07-16.11:02:45::SCWPlatform::Found the Hw Db part of the input DSA
TRACE::2025-07-16.11:02:45::SCWPlatform::Trying to open the hw design at C:/Users/ilpes/Desktop/Antenne_e_clocks/obb_golden_INTC_UART_MMCM/iic_spi_10KHz_ILA/hw/user_35t_withILA.xsa
TRACE::2025-07-16.11:02:45::SCWPlatform::DSA given C:/Users/ilpes/Desktop/Antenne_e_clocks/obb_golden_INTC_UART_MMCM/iic_spi_10KHz_ILA/hw/user_35t_withILA.xsa
TRACE::2025-07-16.11:02:45::SCWPlatform::DSA absoulate path C:/Users/ilpes/Desktop/Antenne_e_clocks/obb_golden_INTC_UART_MMCM/iic_spi_10KHz_ILA/hw/user_35t_withILA.xsa
TRACE::2025-07-16.11:02:45::SCWPlatform::DSA directory C:/Users/ilpes/Desktop/Antenne_e_clocks/obb_golden_INTC_UART_MMCM/iic_spi_10KHz_ILA/hw
TRACE::2025-07-16.11:02:45::SCWPlatform:: Platform Path C:/Users/ilpes/Desktop/Antenne_e_clocks/obb_golden_INTC_UART_MMCM/iic_spi_10KHz_ILA/hw/user_35t_withILA.xsa
TRACE::2025-07-16.11:02:45::SCWPlatform:: Unique name xilinx:cmod_a7-35t::0.0
TRACE::2025-07-16.11:02:45::SCWPlatform::Trying to set the existing hwdb with name user_35t_wrapper_5
TRACE::2025-07-16.11:02:45::SCWPlatform::Opened existing hwdb user_35t_wrapper_5
TRACE::2025-07-16.11:02:45::SCWPlatform::Found the Hw Db part of the input DSA
TRACE::2025-07-16.11:02:45::SCWPlatform::Trying to open the hw design at C:/Users/ilpes/Desktop/Antenne_e_clocks/obb_golden_INTC_UART_MMCM/iic_spi_10KHz_ILA/hw/user_35t_withILA.xsa
TRACE::2025-07-16.11:02:45::SCWPlatform::DSA given C:/Users/ilpes/Desktop/Antenne_e_clocks/obb_golden_INTC_UART_MMCM/iic_spi_10KHz_ILA/hw/user_35t_withILA.xsa
TRACE::2025-07-16.11:02:45::SCWPlatform::DSA absoulate path C:/Users/ilpes/Desktop/Antenne_e_clocks/obb_golden_INTC_UART_MMCM/iic_spi_10KHz_ILA/hw/user_35t_withILA.xsa
TRACE::2025-07-16.11:02:45::SCWPlatform::DSA directory C:/Users/ilpes/Desktop/Antenne_e_clocks/obb_golden_INTC_UART_MMCM/iic_spi_10KHz_ILA/hw
TRACE::2025-07-16.11:02:45::SCWPlatform:: Platform Path C:/Users/ilpes/Desktop/Antenne_e_clocks/obb_golden_INTC_UART_MMCM/iic_spi_10KHz_ILA/hw/user_35t_withILA.xsa
TRACE::2025-07-16.11:02:45::SCWPlatform:: Unique name xilinx:cmod_a7-35t::0.0
TRACE::2025-07-16.11:02:45::SCWPlatform::Trying to set the existing hwdb with name user_35t_wrapper_5
TRACE::2025-07-16.11:02:45::SCWPlatform::Opened existing hwdb user_35t_wrapper_5
TRACE::2025-07-16.11:02:45::SCWPlatform::Found the Hw Db part of the input DSA
TRACE::2025-07-16.11:02:45::SCWMssOS::Checking the sw design at  C:/Users/ilpes/Desktop/Antenne_e_clocks/obb_golden_INTC_UART_MMCM/iic_spi_10KHz_ILA/microblaze_0/standalone_domain/bsp/system.mss
TRACE::2025-07-16.11:02:45::SCWMssOS::DEBUG:  swdes dump  
TRACE::2025-07-16.11:02:45::SCWMssOS::No sw design opened at  C:/Users/ilpes/Desktop/Antenne_e_clocks/obb_golden_INTC_UART_MMCM/iic_spi_10KHz_ILA/microblaze_0/standalone_domain/bsp/system.mss
TRACE::2025-07-16.11:02:45::SCWMssOS::mss exists loading the mss file  C:/Users/ilpes/Desktop/Antenne_e_clocks/obb_golden_INTC_UART_MMCM/iic_spi_10KHz_ILA/microblaze_0/standalone_domain/bsp/system.mss
TRACE::2025-07-16.11:02:45::SCWMssOS::Opened the sw design from mss  C:/Users/ilpes/Desktop/Antenne_e_clocks/obb_golden_INTC_UART_MMCM/iic_spi_10KHz_ILA/microblaze_0/standalone_domain/bsp/system.mss
TRACE::2025-07-16.11:02:45::SCWMssOS::Adding the swdes entry C:/Users/ilpes/Desktop/Antenne_e_clocks/obb_golden_INTC_UART_MMCM/iic_spi_10KHz_ILA/microblaze_0/standalone_domain/bsp/system.mss with des name system
TRACE::2025-07-16.11:02:45::SCWMssOS::updating the scw layer about changes
TRACE::2025-07-16.11:02:45::SCWMssOS::Opened the sw design.  C:/Users/ilpes/Desktop/Antenne_e_clocks/obb_golden_INTC_UART_MMCM/iic_spi_10KHz_ILA/microblaze_0/standalone_domain/bsp/system.mss
TRACE::2025-07-16.11:02:45::SCWMssOS::Saving the mss changes C:/Users/ilpes/Desktop/Antenne_e_clocks/obb_golden_INTC_UART_MMCM/iic_spi_10KHz_ILA/microblaze_0/standalone_domain/bsp/system.mss
TRACE::2025-07-16.11:02:45::SCWMssOS::Found a swdesign opened with the mssfile.
TRACE::2025-07-16.11:02:45::SCWMssOS::Completed writemss as part of save.
TRACE::2025-07-16.11:02:45::SCWMssOS::Commit changes completed.
TRACE::2025-07-16.11:02:45::SCWReader::Adding prebuilt librarypaths as   
TRACE::2025-07-16.11:02:45::SCWReader::Adding prebuilt incpaths  as   
TRACE::2025-07-16.11:02:45::SCWPlatform::Trying to open the hw design at C:/Users/ilpes/Desktop/Antenne_e_clocks/obb_golden_INTC_UART_MMCM/iic_spi_10KHz_ILA/hw/user_35t_withILA.xsa
TRACE::2025-07-16.11:02:45::SCWPlatform::DSA given C:/Users/ilpes/Desktop/Antenne_e_clocks/obb_golden_INTC_UART_MMCM/iic_spi_10KHz_ILA/hw/user_35t_withILA.xsa
TRACE::2025-07-16.11:02:45::SCWPlatform::DSA absoulate path C:/Users/ilpes/Desktop/Antenne_e_clocks/obb_golden_INTC_UART_MMCM/iic_spi_10KHz_ILA/hw/user_35t_withILA.xsa
TRACE::2025-07-16.11:02:45::SCWPlatform::DSA directory C:/Users/ilpes/Desktop/Antenne_e_clocks/obb_golden_INTC_UART_MMCM/iic_spi_10KHz_ILA/hw
TRACE::2025-07-16.11:02:45::SCWPlatform:: Platform Path C:/Users/ilpes/Desktop/Antenne_e_clocks/obb_golden_INTC_UART_MMCM/iic_spi_10KHz_ILA/hw/user_35t_withILA.xsa
TRACE::2025-07-16.11:02:45::SCWPlatform:: Unique name xilinx:cmod_a7-35t::0.0
TRACE::2025-07-16.11:02:45::SCWPlatform::Trying to set the existing hwdb with name user_35t_wrapper_5
TRACE::2025-07-16.11:02:45::SCWPlatform::Opened existing hwdb user_35t_wrapper_5
TRACE::2025-07-16.11:02:45::SCWPlatform::Found the Hw Db part of the input DSA
TRACE::2025-07-16.11:02:45::SCWMssOS::Checking the sw design at  C:/Users/ilpes/Desktop/Antenne_e_clocks/obb_golden_INTC_UART_MMCM/iic_spi_10KHz_ILA/microblaze_0/standalone_domain/bsp/system.mss
TRACE::2025-07-16.11:02:45::SCWMssOS::DEBUG:  swdes dump  C:/Users/ilpes/Desktop/Antenne_e_clocks/obb_golden_INTC_UART_MMCM/iic_spi_10KHz_ILA/microblaze_0/standalone_domain/bsp/system.mss|system||

TRACE::2025-07-16.11:02:45::SCWMssOS::Sw design exists and opened at  C:/Users/ilpes/Desktop/Antenne_e_clocks/obb_golden_INTC_UART_MMCM/iic_spi_10KHz_ILA/microblaze_0/standalone_domain/bsp/system.mss
TRACE::2025-07-16.11:02:45::SCWReader::No isolation master present  
LOG::2025-07-16.11:02:45::SCWPlatform::Started generating the artifacts platform iic_spi_10KHz_ILA
TRACE::2025-07-16.11:02:45::SCWPlatform::Sanity checking of platform is completed
LOG::2025-07-16.11:02:45::SCWPlatform::Started generating the artifacts for system configuration iic_spi_10KHz_ILA
LOG::2025-07-16.11:02:45::SCWSystem::Checking the domain standalone_domain
LOG::2025-07-16.11:02:45::SCWSystem::Not a boot domain 
LOG::2025-07-16.11:02:45::SCWSystem::Started Processing the domain standalone_domain
TRACE::2025-07-16.11:02:45::SCWDomain::Generating domain artifcats
TRACE::2025-07-16.11:02:45::SCWMssOS::Generating standalone artifcats
TRACE::2025-07-16.11:02:45::SCWMssOS:: Copying the user libraries. 
TRACE::2025-07-16.11:02:45::SCWPlatform::Trying to open the hw design at C:/Users/ilpes/Desktop/Antenne_e_clocks/obb_golden_INTC_UART_MMCM/iic_spi_10KHz_ILA/hw/user_35t_withILA.xsa
TRACE::2025-07-16.11:02:45::SCWPlatform::DSA given C:/Users/ilpes/Desktop/Antenne_e_clocks/obb_golden_INTC_UART_MMCM/iic_spi_10KHz_ILA/hw/user_35t_withILA.xsa
TRACE::2025-07-16.11:02:45::SCWPlatform::DSA absoulate path C:/Users/ilpes/Desktop/Antenne_e_clocks/obb_golden_INTC_UART_MMCM/iic_spi_10KHz_ILA/hw/user_35t_withILA.xsa
TRACE::2025-07-16.11:02:45::SCWPlatform::DSA directory C:/Users/ilpes/Desktop/Antenne_e_clocks/obb_golden_INTC_UART_MMCM/iic_spi_10KHz_ILA/hw
TRACE::2025-07-16.11:02:45::SCWPlatform:: Platform Path C:/Users/ilpes/Desktop/Antenne_e_clocks/obb_golden_INTC_UART_MMCM/iic_spi_10KHz_ILA/hw/user_35t_withILA.xsa
TRACE::2025-07-16.11:02:45::SCWPlatform:: Unique name xilinx:cmod_a7-35t::0.0
TRACE::2025-07-16.11:02:45::SCWPlatform::Trying to set the existing hwdb with name user_35t_wrapper_5
TRACE::2025-07-16.11:02:45::SCWPlatform::Opened existing hwdb user_35t_wrapper_5
TRACE::2025-07-16.11:02:45::SCWPlatform::Found the Hw Db part of the input DSA
TRACE::2025-07-16.11:02:45::SCWMssOS::Checking the sw design at  C:/Users/ilpes/Desktop/Antenne_e_clocks/obb_golden_INTC_UART_MMCM/iic_spi_10KHz_ILA/microblaze_0/standalone_domain/bsp/system.mss
TRACE::2025-07-16.11:02:45::SCWMssOS::DEBUG:  swdes dump  C:/Users/ilpes/Desktop/Antenne_e_clocks/obb_golden_INTC_UART_MMCM/iic_spi_10KHz_ILA/microblaze_0/standalone_domain/bsp/system.mss|system||

TRACE::2025-07-16.11:02:45::SCWMssOS::Sw design exists and opened at  C:/Users/ilpes/Desktop/Antenne_e_clocks/obb_golden_INTC_UART_MMCM/iic_spi_10KHz_ILA/microblaze_0/standalone_domain/bsp/system.mss
TRACE::2025-07-16.11:02:45::SCWMssOS::Completed writing the mss file at C:/Users/ilpes/Desktop/Antenne_e_clocks/obb_golden_INTC_UART_MMCM/iic_spi_10KHz_ILA/microblaze_0/standalone_domain/bsp
TRACE::2025-07-16.11:02:45::SCWMssOS::Mss edits present, copying mssfile into export location C:/Users/ilpes/Desktop/Antenne_e_clocks/obb_golden_INTC_UART_MMCM/iic_spi_10KHz_ILA/microblaze_0/standalone_domain/bsp/system.mss
TRACE::2025-07-16.11:02:45::SCWMssOS::bsp generated is upto date with the mss file. Skipping bsp generation.
TRACE::2025-07-16.11:02:45::SCWMssOS::BSP is already built. skipping the bsp build ... 
TRACE::2025-07-16.11:02:45::SCWDomain::Building the domain as part of full build :  standalone_domain
TRACE::2025-07-16.11:02:45::SCWMssOS::doing bsp build ... 
TRACE::2025-07-16.11:02:45::SCWMssOS::System Command Ran  C: & cd  C:/Users/ilpes/Desktop/Antenne_e_clocks/obb_golden_INTC_UART_MMCM/iic_spi_10KHz_ILA/microblaze_0/standalone_domain/bsp & make 
TRACE::2025-07-16.11:02:45::SCWMssOS::make --no-print-directory seq_libs

TRACE::2025-07-16.11:02:45::SCWMssOS::'Finished building libraries sequentially.'

TRACE::2025-07-16.11:02:45::SCWMssOS::make -j --no-print-directory par_libs

TRACE::2025-07-16.11:02:45::SCWMssOS::"Running Make include in microblaze_0/libsrc/bram_v4_5/src"

TRACE::2025-07-16.11:02:45::SCWMssOS::make -C microblaze_0/libsrc/bram_v4_5/src -s include  "SHELL=CMD" "COMPILER=mb-gcc" "ASSEMBLER=mb-as" "ARCHIVER=mb-ar" "COMPILE
TRACE::2025-07-16.11:02:45::SCWMssOS::R_FLAGS=  -O2 -c -mcpu=v11.0 -mlittle-endian -mno-xl-soft-div -mno-xl-soft-mul -mxl-barrel-shift -mxl-pattern-compare" "EXTRA_C
TRACE::2025-07-16.11:02:45::SCWMssOS::OMPILER_FLAGS=-g -ffunction-sections -fdata-sections -Wall -Wextra"

TRACE::2025-07-16.11:02:45::SCWMssOS::"Running Make include in microblaze_0/libsrc/cpu_v2_12/src"

TRACE::2025-07-16.11:02:45::SCWMssOS::make -C microblaze_0/libsrc/cpu_v2_12/src -s include  "SHELL=CMD" "COMPILER=mb-gcc" "ASSEMBLER=mb-as" "ARCHIVER=mb-ar" "COMPILE
TRACE::2025-07-16.11:02:45::SCWMssOS::R_FLAGS=  -O2 -c -mcpu=v11.0 -mlittle-endian -mno-xl-soft-div -mno-xl-soft-mul -mxl-barrel-shift -mxl-pattern-compare" "EXTRA_C
TRACE::2025-07-16.11:02:45::SCWMssOS::OMPILER_FLAGS=-g -ffunction-sections -fdata-sections -Wall -Wextra"

TRACE::2025-07-16.11:02:45::SCWMssOS::"Running Make include in microblaze_0/libsrc/gpio_v4_7/src"

TRACE::2025-07-16.11:02:45::SCWMssOS::make -C microblaze_0/libsrc/gpio_v4_7/src -s include  "SHELL=CMD" "COMPILER=mb-gcc" "ASSEMBLER=mb-as" "ARCHIVER=mb-ar" "COMPILE
TRACE::2025-07-16.11:02:45::SCWMssOS::R_FLAGS=  -O2 -c -mcpu=v11.0 -mlittle-endian -mno-xl-soft-div -mno-xl-soft-mul -mxl-barrel-shift -mxl-pattern-compare" "EXTRA_C
TRACE::2025-07-16.11:02:45::SCWMssOS::OMPILER_FLAGS=-g -ffunction-sections -fdata-sections -Wall -Wextra"

TRACE::2025-07-16.11:02:45::SCWMssOS::"Running Make include in microblaze_0/libsrc/iic_v3_7/src"

TRACE::2025-07-16.11:02:45::SCWMssOS::make -C microblaze_0/libsrc/iic_v3_7/src -s include  "SHELL=CMD" "COMPILER=mb-gcc" "ASSEMBLER=mb-as" "ARCHIVER=mb-ar" "COMPILER
TRACE::2025-07-16.11:02:45::SCWMssOS::_FLAGS=  -O2 -c -mcpu=v11.0 -mlittle-endian -mno-xl-soft-div -mno-xl-soft-mul -mxl-barrel-shift -mxl-pattern-compare" "EXTRA_CO
TRACE::2025-07-16.11:02:45::SCWMssOS::MPILER_FLAGS=-g -ffunction-sections -fdata-sections -Wall -Wextra"

TRACE::2025-07-16.11:02:45::SCWMssOS::"Running Make include in microblaze_0/libsrc/intc_v3_12/src"

TRACE::2025-07-16.11:02:45::SCWMssOS::make -C microblaze_0/libsrc/intc_v3_12/src -s include  "SHELL=CMD" "COMPILER=mb-gcc" "ASSEMBLER=mb-as" "ARCHIVER=mb-ar" "COMPIL
TRACE::2025-07-16.11:02:45::SCWMssOS::ER_FLAGS=  -O2 -c -mcpu=v11.0 -mlittle-endian -mno-xl-soft-div -mno-xl-soft-mul -mxl-barrel-shift -mxl-pattern-compare" "EXTRA_
TRACE::2025-07-16.11:02:45::SCWMssOS::COMPILER_FLAGS=-g -ffunction-sections -fdata-sections -Wall -Wextra"

TRACE::2025-07-16.11:02:46::SCWMssOS::"Running Make include in microblaze_0/libsrc/spi_v4_7/src"

TRACE::2025-07-16.11:02:46::SCWMssOS::make -C microblaze_0/libsrc/spi_v4_7/src -s include  "SHELL=CMD" "COMPILER=mb-gcc" "ASSEMBLER=mb-as" "ARCHIVER=mb-ar" "COMPILER
TRACE::2025-07-16.11:02:46::SCWMssOS::_FLAGS=  -O2 -c -mcpu=v11.0 -mlittle-endian -mno-xl-soft-div -mno-xl-soft-mul -mxl-barrel-shift -mxl-pattern-compare" "EXTRA_CO
TRACE::2025-07-16.11:02:46::SCWMssOS::MPILER_FLAGS=-g -ffunction-sections -fdata-sections -Wall -Wextra"

TRACE::2025-07-16.11:02:46::SCWMssOS::"Running Make include in microblaze_0/libsrc/standalone_v7_3/src"

TRACE::2025-07-16.11:02:46::SCWMssOS::make -C microblaze_0/libsrc/standalone_v7_3/src -s include  "SHELL=CMD" "COMPILER=mb-gcc" "ASSEMBLER=mb-as" "ARCHIVER=mb-ar" "C
TRACE::2025-07-16.11:02:46::SCWMssOS::OMPILER_FLAGS=  -O2 -c -mcpu=v11.0 -mlittle-endian -mno-xl-soft-div -mno-xl-soft-mul -mxl-barrel-shift -mxl-pattern-compare" "E
TRACE::2025-07-16.11:02:46::SCWMssOS::XTRA_COMPILER_FLAGS=-g -ffunction-sections -fdata-sections -Wall -Wextra"

TRACE::2025-07-16.11:02:46::SCWMssOS::"Running Make include in microblaze_0/libsrc/tmrctr_v4_7/src"

TRACE::2025-07-16.11:02:46::SCWMssOS::make -C microblaze_0/libsrc/tmrctr_v4_7/src -s include  "SHELL=CMD" "COMPILER=mb-gcc" "ASSEMBLER=mb-as" "ARCHIVER=mb-ar" "COMPI
TRACE::2025-07-16.11:02:46::SCWMssOS::LER_FLAGS=  -O2 -c -mcpu=v11.0 -mlittle-endian -mno-xl-soft-div -mno-xl-soft-mul -mxl-barrel-shift -mxl-pattern-compare" "EXTRA
TRACE::2025-07-16.11:02:46::SCWMssOS::_COMPILER_FLAGS=-g -ffunction-sections -fdata-sections -Wall -Wextra"

TRACE::2025-07-16.11:02:46::SCWMssOS::"Running Make include in microblaze_0/libsrc/uartlite_v3_5/src"

TRACE::2025-07-16.11:02:46::SCWMssOS::make -C microblaze_0/libsrc/uartlite_v3_5/src -s include  "SHELL=CMD" "COMPILER=mb-gcc" "ASSEMBLER=mb-as" "ARCHIVER=mb-ar" "COM
TRACE::2025-07-16.11:02:46::SCWMssOS::PILER_FLAGS=  -O2 -c -mcpu=v11.0 -mlittle-endian -mno-xl-soft-div -mno-xl-soft-mul -mxl-barrel-shift -mxl-pattern-compare" "EXT
TRACE::2025-07-16.11:02:46::SCWMssOS::RA_COMPILER_FLAGS=-g -ffunction-sections -fdata-sections -Wall -Wextra"

TRACE::2025-07-16.11:02:47::SCWMssOS::"Running Make libs in microblaze_0/libsrc/bram_v4_5/src"

TRACE::2025-07-16.11:02:47::SCWMssOS::make -C microblaze_0/libsrc/bram_v4_5/src -s libs  "SHELL=CMD" "COMPILER=mb-gcc" "ASSEMBLER=mb-as" "ARCHIVER=mb-ar" "COMPILER_F
TRACE::2025-07-16.11:02:47::SCWMssOS::LAGS=  -O2 -c -mcpu=v11.0 -mlittle-endian -mno-xl-soft-div -mno-xl-soft-mul -mxl-barrel-shift -mxl-pattern-compare" "EXTRA_COMP
TRACE::2025-07-16.11:02:47::SCWMssOS::ILER_FLAGS=-g -ffunction-sections -fdata-sections -Wall -Wextra"

TRACE::2025-07-16.11:02:47::SCWMssOS::"Running Make libs in microblaze_0/libsrc/cpu_v2_12/src"

TRACE::2025-07-16.11:02:47::SCWMssOS::make -C microblaze_0/libsrc/cpu_v2_12/src -s libs  "SHELL=CMD" "COMPILER=mb-gcc" "ASSEMBLER=mb-as" "ARCHIVER=mb-ar" "COMPILER_F
TRACE::2025-07-16.11:02:47::SCWMssOS::LAGS=  -O2 -c -mcpu=v11.0 -mlittle-endian -mno-xl-soft-div -mno-xl-soft-mul -mxl-barrel-shift -mxl-pattern-compare" "EXTRA_COMP
TRACE::2025-07-16.11:02:47::SCWMssOS::ILER_FLAGS=-g -ffunction-sections -fdata-sections -Wall -Wextra"

TRACE::2025-07-16.11:02:47::SCWMssOS::"Running Make libs in microblaze_0/libsrc/gpio_v4_7/src"

TRACE::2025-07-16.11:02:47::SCWMssOS::make -C microblaze_0/libsrc/gpio_v4_7/src -s libs  "SHELL=CMD" "COMPILER=mb-gcc" "ASSEMBLER=mb-as" "ARCHIVER=mb-ar" "COMPILER_F
TRACE::2025-07-16.11:02:47::SCWMssOS::LAGS=  -O2 -c -mcpu=v11.0 -mlittle-endian -mno-xl-soft-div -mno-xl-soft-mul -mxl-barrel-shift -mxl-pattern-compare" "EXTRA_COMP
TRACE::2025-07-16.11:02:47::SCWMssOS::ILER_FLAGS=-g -ffunction-sections -fdata-sections -Wall -Wextra"

TRACE::2025-07-16.11:02:47::SCWMssOS::"Running Make libs in microblaze_0/libsrc/iic_v3_7/src"

TRACE::2025-07-16.11:02:47::SCWMssOS::make -C microblaze_0/libsrc/iic_v3_7/src -s libs  "SHELL=CMD" "COMPILER=mb-gcc" "ASSEMBLER=mb-as" "ARCHIVER=mb-ar" "COMPILER_FL
TRACE::2025-07-16.11:02:47::SCWMssOS::AGS=  -O2 -c -mcpu=v11.0 -mlittle-endian -mno-xl-soft-div -mno-xl-soft-mul -mxl-barrel-shift -mxl-pattern-compare" "EXTRA_COMPI
TRACE::2025-07-16.11:02:47::SCWMssOS::LER_FLAGS=-g -ffunction-sections -fdata-sections -Wall -Wextra"

TRACE::2025-07-16.11:02:47::SCWMssOS::"Running Make libs in microblaze_0/libsrc/intc_v3_12/src"

TRACE::2025-07-16.11:02:47::SCWMssOS::make -C microblaze_0/libsrc/intc_v3_12/src -s libs  "SHELL=CMD" "COMPILER=mb-gcc" "ASSEMBLER=mb-as" "ARCHIVER=mb-ar" "COMPILER_
TRACE::2025-07-16.11:02:47::SCWMssOS::FLAGS=  -O2 -c -mcpu=v11.0 -mlittle-endian -mno-xl-soft-div -mno-xl-soft-mul -mxl-barrel-shift -mxl-pattern-compare" "EXTRA_COM
TRACE::2025-07-16.11:02:47::SCWMssOS::PILER_FLAGS=-g -ffunction-sections -fdata-sections -Wall -Wextra"

TRACE::2025-07-16.11:02:47::SCWMssOS::"Running Make libs in microblaze_0/libsrc/spi_v4_7/src"

TRACE::2025-07-16.11:02:47::SCWMssOS::make -C microblaze_0/libsrc/spi_v4_7/src -s libs  "SHELL=CMD" "COMPILER=mb-gcc" "ASSEMBLER=mb-as" "ARCHIVER=mb-ar" "COMPILER_FL
TRACE::2025-07-16.11:02:47::SCWMssOS::AGS=  -O2 -c -mcpu=v11.0 -mlittle-endian -mno-xl-soft-div -mno-xl-soft-mul -mxl-barrel-shift -mxl-pattern-compare" "EXTRA_COMPI
TRACE::2025-07-16.11:02:47::SCWMssOS::LER_FLAGS=-g -ffunction-sections -fdata-sections -Wall -Wextra"

TRACE::2025-07-16.11:02:47::SCWMssOS::"Running Make libs in microblaze_0/libsrc/standalone_v7_3/src"

TRACE::2025-07-16.11:02:47::SCWMssOS::make -C microblaze_0/libsrc/standalone_v7_3/src -s libs  "SHELL=CMD" "COMPILER=mb-gcc" "ASSEMBLER=mb-as" "ARCHIVER=mb-ar" "COMP
TRACE::2025-07-16.11:02:47::SCWMssOS::ILER_FLAGS=  -O2 -c -mcpu=v11.0 -mlittle-endian -mno-xl-soft-div -mno-xl-soft-mul -mxl-barrel-shift -mxl-pattern-compare" "EXTR
TRACE::2025-07-16.11:02:47::SCWMssOS::A_COMPILER_FLAGS=-g -ffunction-sections -fdata-sections -Wall -Wextra"

TRACE::2025-07-16.11:02:47::SCWMssOS::"Running Make libs in microblaze_0/libsrc/tmrctr_v4_7/src"

TRACE::2025-07-16.11:02:47::SCWMssOS::make -C microblaze_0/libsrc/tmrctr_v4_7/src -s libs  "SHELL=CMD" "COMPILER=mb-gcc" "ASSEMBLER=mb-as" "ARCHIVER=mb-ar" "COMPILER
TRACE::2025-07-16.11:02:47::SCWMssOS::_FLAGS=  -O2 -c -mcpu=v11.0 -mlittle-endian -mno-xl-soft-div -mno-xl-soft-mul -mxl-barrel-shift -mxl-pattern-compare" "EXTRA_CO
TRACE::2025-07-16.11:02:47::SCWMssOS::MPILER_FLAGS=-g -ffunction-sections -fdata-sections -Wall -Wextra"

TRACE::2025-07-16.11:02:47::SCWMssOS::"Running Make libs in microblaze_0/libsrc/uartlite_v3_5/src"

TRACE::2025-07-16.11:02:47::SCWMssOS::make -C microblaze_0/libsrc/uartlite_v3_5/src -s libs  "SHELL=CMD" "COMPILER=mb-gcc" "ASSEMBLER=mb-as" "ARCHIVER=mb-ar" "COMPIL
TRACE::2025-07-16.11:02:47::SCWMssOS::ER_FLAGS=  -O2 -c -mcpu=v11.0 -mlittle-endian -mno-xl-soft-div -mno-xl-soft-mul -mxl-barrel-shift -mxl-pattern-compare" "EXTRA_
TRACE::2025-07-16.11:02:47::SCWMssOS::COMPILER_FLAGS=-g -ffunction-sections -fdata-sections -Wall -Wextra"

TRACE::2025-07-16.11:02:47::SCWMssOS::'Finished building libraries parallelly.'

TRACE::2025-07-16.11:02:47::SCWMssOS::make --no-print-directory archive

TRACE::2025-07-16.11:02:47::SCWMssOS::mb-ar -r  microblaze_0/lib/libxil.a microblaze_0/lib/xplatform_info.o microblaze_0/lib/xtmrctr_options.o microblaze_0/lib/micro
TRACE::2025-07-16.11:02:47::SCWMssOS::blaze_disable_exceptions.o microblaze_0/lib/print.o microblaze_0/lib/xil_testio.o microblaze_0/lib/microblaze_disable_dcache.o 
TRACE::2025-07-16.11:02:47::SCWMssOS::microblaze_0/lib/microblaze_flush_dcache_range.o microblaze_0/lib/xspi_g.o microblaze_0/lib/microblaze_flush_cache_ext.o microb
TRACE::2025-07-16.11:02:47::SCWMssOS::laze_0/lib/xspi.o microblaze_0/lib/xspi_sinit.o microblaze_0/lib/xil_misc_psreset_api.o microblaze_0/lib/xspi_selftest.o microb
TRACE::2025-07-16.11:02:47::SCWMssOS::laze_0/lib/xil_cache.o microblaze_0/lib/xil_util.o microblaze_0/lib/inbyte.o microblaze_0/lib/xiic_multi_master.o microblaze_0/
TRACE::2025-07-16.11:02:47::SCWMssOS::lib/xiic_sinit.o microblaze_0/lib/microblaze_exception_handler.o microblaze_0/lib/xbram_g.o microblaze_0/lib/xbram_sinit.o micr
TRACE::2025-07-16.11:02:47::SCWMssOS::oblaze_0/lib/microblaze_scrub.o microblaze_0/lib/xtmrctr_intr.o microblaze_0/lib/microblaze_invalidate_dcache.o microblaze_0/li
TRACE::2025-07-16.11:02:47::SCWMssOS::b/microblaze_disable_interrupts.o microblaze_0/lib/xbram_selftest.o microblaze_0/lib/microblaze_interrupt_handler.o microblaze_
TRACE::2025-07-16.11:02:47::SCWMssOS::0/lib/microblaze_disable_icache.o microblaze_0/lib/_exit.o microblaze_0/lib/xgpio_g.o microblaze_0/lib/xuartlite_g.o microblaze
TRACE::2025-07-16.11:02:47::SCWMssOS::_0/lib/xspi_stats.o microblaze_0/lib/microblaze_flush_cache_ext_range.o microblaze_0/lib/xiic_intr.o microblaze_0/lib/xil_sleep
TRACE::2025-07-16.11:02:47::SCWMssOS::common.o microblaze_0/lib/xil_printf.o microblaze_0/lib/xintc_g.o microblaze_0/lib/xiic_g.o microblaze_0/lib/xiic_l.o microblaz
TRACE::2025-07-16.11:02:47::SCWMssOS::e_0/lib/xtmrctr_l.o microblaze_0/lib/xintc_selftest.o microblaze_0/lib/xintc_l.o microblaze_0/lib/outbyte.o microblaze_0/lib/xi
TRACE::2025-07-16.11:02:47::SCWMssOS::o.o microblaze_0/lib/xgpio_intr.o microblaze_0/lib/xiic_slave.o microblaze_0/lib/microblaze_invalidate_dcache_range.o microblaz
TRACE::2025-07-16.11:02:47::SCWMssOS::e_0/lib/xil_testmem.o microblaze_0/lib/microblaze_invalidate_cache_ext.o microblaze_0/lib/microblaze_sleep.o microblaze_0/lib/x
TRACE::2025-07-16.11:02:47::SCWMssOS::uartlite_sinit.o microblaze_0/lib/hw_exception_handler.o microblaze_0/lib/xtmrctr.o microblaze_0/lib/xintc_options.o microblaze
TRACE::2025-07-16.11:02:47::SCWMssOS::_0/lib/xuartlite_selftest.o microblaze_0/lib/xgpio_sinit.o microblaze_0/lib/xuartlite.o microblaze_0/lib/microblaze_update_dcac
TRACE::2025-07-16.11:02:47::SCWMssOS::he.o microblaze_0/lib/xil_testcache.o microblaze_0/lib/microblaze_selftest.o microblaze_0/lib/microblaze_interrupts_g.o microbl
TRACE::2025-07-16.11:02:47::SCWMssOS::aze_0/lib/microblaze_enable_exceptions.o microblaze_0/lib/xil_mem.o microblaze_0/lib/xtmrctr_g.o microblaze_0/lib/microblaze_en
TRACE::2025-07-16.11:02:47::SCWMssOS::able_dcache.o microblaze_0/lib/xbram.o microblaze_0/lib/microblaze_invalidate_icache_range.o microblaze_0/lib/xtmrctr_selftest.
TRACE::2025-07-16.11:02:47::SCWMssOS::o microblaze_0/lib/microblaze_init_dcache_range.o microblaze_0/lib/microblaze_invalidate_icache.o microblaze_0/lib/xspi_options
TRACE::2025-07-16.11:02:47::SCWMssOS::.o microblaze_0/lib/errno.o microblaze_0/lib/xuartlite_l.o microblaze_0/lib/xiic_dyn_master.o microblaze_0/lib/xintc.o microbla
TRACE::2025-07-16.11:02:47::SCWMssOS::ze_0/lib/xuartlite_stats.o microblaze_0/lib/microblaze_invalidate_cache_ext_range.o microblaze_0/lib/xintc_intr.o microblaze_0/
TRACE::2025-07-16.11:02:47::SCWMssOS::lib/xil_exception.o microblaze_0/lib/pvr.o microblaze_0/lib/xgpio.o microblaze_0/lib/xiic_options.o microblaze_0/lib/microblaze
TRACE::2025-07-16.11:02:47::SCWMssOS::_update_icache.o microblaze_0/lib/xiic_master.o microblaze_0/lib/xuartlite_intr.o microblaze_0/lib/microblaze_flush_dcache.o mi
TRACE::2025-07-16.11:02:47::SCWMssOS::croblaze_0/lib/xil_clocking.o microblaze_0/lib/xil_assert.o microblaze_0/lib/xiic_stats.o microblaze_0/lib/microblaze_enable_in
TRACE::2025-07-16.11:02:47::SCWMssOS::terrupts.o microblaze_0/lib/xgpio_extra.o microblaze_0/lib/microblaze_init_icache_range.o microblaze_0/lib/microblaze_enable_ic
TRACE::2025-07-16.11:02:47::SCWMssOS::ache.o microblaze_0/lib/xiic.o microblaze_0/lib/xtmrctr_stats.o microblaze_0/lib/xbram_intr.o microblaze_0/lib/xtmrctr_sinit.o 
TRACE::2025-07-16.11:02:47::SCWMssOS::microblaze_0/lib/xiic_selftest.o microblaze_0/lib/fcntl.o microblaze_0/lib/xgpio_selftest.o

TRACE::2025-07-16.11:02:49::SCWMssOS::'Finished building libraries'

TRACE::2025-07-16.11:02:49::SCWMssOS::Copying to export directory.
TRACE::2025-07-16.11:02:49::SCWMssOS:: Checking if to create the Supporting Applications
TRACE::2025-07-16.11:02:49::SCWMssOS:: No Linux domain exists, trying to generate FSBL 
LOG::2025-07-16.11:02:49::SCWSystem::Completed Processing the domain standalone_domain
LOG::2025-07-16.11:02:49::SCWSystem::Completed Processing the sysconfig iic_spi_10KHz_ILA
LOG::2025-07-16.11:02:49::SCWPlatform::Completed generating the artifacts for system configuration iic_spi_10KHz_ILA
TRACE::2025-07-16.11:02:49::SCWPlatform::Started preparing the platform 
TRACE::2025-07-16.11:02:49::SCWSystem::Writing the bif file for system config iic_spi_10KHz_ILA
TRACE::2025-07-16.11:02:49::SCWSystem::dir created 
TRACE::2025-07-16.11:02:49::SCWSystem::Writing the bif 
TRACE::2025-07-16.11:02:49::SCWPlatform::Started writing the spfm file 
TRACE::2025-07-16.11:02:49::SCWPlatform::Started writing the xpfm file 
TRACE::2025-07-16.11:02:49::SCWPlatform::Completed generating the platform
TRACE::2025-07-16.11:02:49::SCWMssOS::Saving the mss changes C:/Users/ilpes/Desktop/Antenne_e_clocks/obb_golden_INTC_UART_MMCM/iic_spi_10KHz_ILA/microblaze_0/standalone_domain/bsp/system.mss
TRACE::2025-07-16.11:02:49::SCWMssOS::Found a swdesign opened with the mssfile.
TRACE::2025-07-16.11:02:49::SCWMssOS::Completed writemss as part of save.
TRACE::2025-07-16.11:02:49::SCWMssOS::Commit changes completed.
TRACE::2025-07-16.11:02:49::SCWPlatform::Trying to open the hw design at C:/Users/ilpes/Desktop/Antenne_e_clocks/obb_golden_INTC_UART_MMCM/iic_spi_10KHz_ILA/hw/user_35t_withILA.xsa
TRACE::2025-07-16.11:02:49::SCWPlatform::DSA given C:/Users/ilpes/Desktop/Antenne_e_clocks/obb_golden_INTC_UART_MMCM/iic_spi_10KHz_ILA/hw/user_35t_withILA.xsa
TRACE::2025-07-16.11:02:49::SCWPlatform::DSA absoulate path C:/Users/ilpes/Desktop/Antenne_e_clocks/obb_golden_INTC_UART_MMCM/iic_spi_10KHz_ILA/hw/user_35t_withILA.xsa
TRACE::2025-07-16.11:02:49::SCWPlatform::DSA directory C:/Users/ilpes/Desktop/Antenne_e_clocks/obb_golden_INTC_UART_MMCM/iic_spi_10KHz_ILA/hw
TRACE::2025-07-16.11:02:49::SCWPlatform:: Platform Path C:/Users/ilpes/Desktop/Antenne_e_clocks/obb_golden_INTC_UART_MMCM/iic_spi_10KHz_ILA/hw/user_35t_withILA.xsa
TRACE::2025-07-16.11:02:49::SCWPlatform:: Unique name xilinx:cmod_a7-35t::0.0
TRACE::2025-07-16.11:02:49::SCWPlatform::Trying to set the existing hwdb with name user_35t_wrapper_5
TRACE::2025-07-16.11:02:49::SCWPlatform::Opened existing hwdb user_35t_wrapper_5
TRACE::2025-07-16.11:02:49::SCWPlatform::Found the Hw Db part of the input DSA
TRACE::2025-07-16.11:02:49::SCWMssOS::Checking the sw design at  C:/Users/ilpes/Desktop/Antenne_e_clocks/obb_golden_INTC_UART_MMCM/iic_spi_10KHz_ILA/microblaze_0/standalone_domain/bsp/system.mss
TRACE::2025-07-16.11:02:49::SCWMssOS::DEBUG:  swdes dump  C:/Users/ilpes/Desktop/Antenne_e_clocks/obb_golden_INTC_UART_MMCM/iic_spi_10KHz_ILA/microblaze_0/standalone_domain/bsp/system.mss|system||

TRACE::2025-07-16.11:02:49::SCWMssOS::Sw design exists and opened at  C:/Users/ilpes/Desktop/Antenne_e_clocks/obb_golden_INTC_UART_MMCM/iic_spi_10KHz_ILA/microblaze_0/standalone_domain/bsp/system.mss
TRACE::2025-07-16.11:02:49::SCWWriter::formatted JSON is {
	"platformName":	"iic_spi_10KHz_ILA",
	"sprVersion":	"2.0",
	"mode":	"gui",
	"dsaType":	"Fixed",
	"platformDesc":	"iic_spi_10KHz_ILA",
	"platHandOff":	"C:/Users/ilpes/Desktop/INSEGNAMENTO/Didattica2023/CMOD_A35t_emc_uart_iic_spi/project_1/user_35t_withILA.xsa",
	"platIntHandOff":	"<platformDir>/hw/user_35t_withILA.xsa",
	"deviceType":	"FPGA",
	"platIsPrebuiltAutogen":	"false",
	"platIsNoBootBsp":	"false",
	"hasFsblMakeHasChanges":	"false",
	"hasPmufwMakeHasChanges":	"false",
	"platPreBuiltFlag":	false,
	"platformSamplesDir":	"",
	"platActiveSys":	"iic_spi_10KHz_ILA",
	"systems":	[{
			"systemName":	"iic_spi_10KHz_ILA",
			"systemDesc":	"iic_spi_10KHz_ILA",
			"sysIsBootAutoGen":	"true",
			"systemDispName":	"iic_spi_10KHz_ILA",
			"sysActiveDom":	"standalone_domain",
			"sysDefaultDom":	"standalone_domain",
			"domains":	[{
					"domainName":	"standalone_domain",
					"domainDispName":	"standalone on microblaze_0",
					"domainDesc":	"standalone_domain",
					"processors":	"microblaze_0",
					"os":	"standalone",
					"sdxOs":	"standalone",
					"debugEnable":	"False",
					"domRuntimes":	["cpp"],
					"swRepo":	"",
					"mssOsVer":	"7.3",
					"mssFile":	"",
					"md5Digest":	"4ff912ba097ec0244cd8262b18dcbf48",
					"compatibleApp":	"",
					"domType":	"mssDomain",
					"arch":	"32-bit",
					"appSettings":	{
						"appCompilerFlags":	"",
						"appLinkerFlags":	""
					},
					"addedLibs":	[],
					"libOptions":	{
						"libsContainingOptions":	[]
					},
					"prebuiltLibs":	{
						"prebuiltIncPath":	[],
						"prebuiltLibPath":	[]
					},
					"isolation":	{
					}
				}]
		}]
}
KEYINFO::2025-07-16.11:02:49::SCWPlatform::updated the xpfm file.
TRACE::2025-07-16.11:02:50::SCWPlatform::Trying to open the hw design at C:/Users/ilpes/Desktop/Antenne_e_clocks/obb_golden_INTC_UART_MMCM/iic_spi_10KHz_ILA/hw/user_35t_withILA.xsa
TRACE::2025-07-16.11:02:50::SCWPlatform::DSA given C:/Users/ilpes/Desktop/Antenne_e_clocks/obb_golden_INTC_UART_MMCM/iic_spi_10KHz_ILA/hw/user_35t_withILA.xsa
TRACE::2025-07-16.11:02:50::SCWPlatform::DSA absoulate path C:/Users/ilpes/Desktop/Antenne_e_clocks/obb_golden_INTC_UART_MMCM/iic_spi_10KHz_ILA/hw/user_35t_withILA.xsa
TRACE::2025-07-16.11:02:50::SCWPlatform::DSA directory C:/Users/ilpes/Desktop/Antenne_e_clocks/obb_golden_INTC_UART_MMCM/iic_spi_10KHz_ILA/hw
TRACE::2025-07-16.11:02:50::SCWPlatform:: Platform Path C:/Users/ilpes/Desktop/Antenne_e_clocks/obb_golden_INTC_UART_MMCM/iic_spi_10KHz_ILA/hw/user_35t_withILA.xsa
TRACE::2025-07-16.11:02:50::SCWPlatform:: Unique name xilinx:cmod_a7-35t::0.0
TRACE::2025-07-16.11:02:50::SCWPlatform::Trying to set the existing hwdb with name user_35t_wrapper_5
TRACE::2025-07-16.11:02:50::SCWPlatform::Opened existing hwdb user_35t_wrapper_5
TRACE::2025-07-16.11:02:50::SCWPlatform::Found the Hw Db part of the input DSA
TRACE::2025-07-16.11:02:50::SCWMssOS::Checking the sw design at  C:/Users/ilpes/Desktop/Antenne_e_clocks/obb_golden_INTC_UART_MMCM/iic_spi_10KHz_ILA/microblaze_0/standalone_domain/bsp/system.mss
TRACE::2025-07-16.11:02:50::SCWMssOS::DEBUG:  swdes dump  C:/Users/ilpes/Desktop/Antenne_e_clocks/obb_golden_INTC_UART_MMCM/iic_spi_10KHz_ILA/microblaze_0/standalone_domain/bsp/system.mss|system||

TRACE::2025-07-16.11:02:50::SCWMssOS::Sw design exists and opened at  C:/Users/ilpes/Desktop/Antenne_e_clocks/obb_golden_INTC_UART_MMCM/iic_spi_10KHz_ILA/microblaze_0/standalone_domain/bsp/system.mss
TRACE::2025-07-16.16:09:56::SCWPlatform::Trying to open the hw design at C:/Users/ilpes/Desktop/Antenne_e_clocks/obb_golden_INTC_UART_MMCM/iic_spi_10KHz_ILA/hw/user_35t_withILA.xsa
TRACE::2025-07-16.16:09:56::SCWPlatform::DSA given C:/Users/ilpes/Desktop/Antenne_e_clocks/obb_golden_INTC_UART_MMCM/iic_spi_10KHz_ILA/hw/user_35t_withILA.xsa
TRACE::2025-07-16.16:09:56::SCWPlatform::DSA absoulate path C:/Users/ilpes/Desktop/Antenne_e_clocks/obb_golden_INTC_UART_MMCM/iic_spi_10KHz_ILA/hw/user_35t_withILA.xsa
TRACE::2025-07-16.16:09:59::SCWPlatform::DSA directory C:/Users/ilpes/Desktop/Antenne_e_clocks/obb_golden_INTC_UART_MMCM/iic_spi_10KHz_ILA/hw
TRACE::2025-07-16.16:09:59::SCWPlatform:: Platform Path C:/Users/ilpes/Desktop/Antenne_e_clocks/obb_golden_INTC_UART_MMCM/iic_spi_10KHz_ILA/hw/user_35t_withILA.xsa
TRACE::2025-07-16.16:09:59::SCWPlatform:: Unique name xilinx:cmod_a7-35t::0.0
TRACE::2025-07-16.16:09:59::SCWPlatform::Do not have an existing db opened. 
TRACE::2025-07-16.16:09:59::SCWPlatform::Opened new HwDB with name user_35t_wrapper
TRACE::2025-07-16.16:09:59::SCWReader::Active system found as  iic_spi_10KHz_ILA
TRACE::2025-07-16.16:09:59::SCWReader::Handling sysconfig iic_spi_10KHz_ILA
TRACE::2025-07-16.16:09:59::SCWDomain::checking for install qemu data   : 
TRACE::2025-07-16.16:09:59::SCWPlatform::Trying to open the hw design at C:/Users/ilpes/Desktop/Antenne_e_clocks/obb_golden_INTC_UART_MMCM/iic_spi_10KHz_ILA/hw/user_35t_withILA.xsa
TRACE::2025-07-16.16:09:59::SCWPlatform::DSA given C:/Users/ilpes/Desktop/Antenne_e_clocks/obb_golden_INTC_UART_MMCM/iic_spi_10KHz_ILA/hw/user_35t_withILA.xsa
TRACE::2025-07-16.16:09:59::SCWPlatform::DSA absoulate path C:/Users/ilpes/Desktop/Antenne_e_clocks/obb_golden_INTC_UART_MMCM/iic_spi_10KHz_ILA/hw/user_35t_withILA.xsa
TRACE::2025-07-16.16:09:59::SCWPlatform::DSA directory C:/Users/ilpes/Desktop/Antenne_e_clocks/obb_golden_INTC_UART_MMCM/iic_spi_10KHz_ILA/hw
TRACE::2025-07-16.16:09:59::SCWPlatform:: Platform Path C:/Users/ilpes/Desktop/Antenne_e_clocks/obb_golden_INTC_UART_MMCM/iic_spi_10KHz_ILA/hw/user_35t_withILA.xsa
TRACE::2025-07-16.16:09:59::SCWPlatform:: Unique name xilinx:cmod_a7-35t::0.0
TRACE::2025-07-16.16:09:59::SCWPlatform::Trying to set the existing hwdb with name user_35t_wrapper
TRACE::2025-07-16.16:09:59::SCWPlatform::Opened existing hwdb user_35t_wrapper
TRACE::2025-07-16.16:09:59::SCWPlatform::Found the Hw Db part of the input DSA
TRACE::2025-07-16.16:09:59::SCWPlatform::Trying to open the hw design at C:/Users/ilpes/Desktop/Antenne_e_clocks/obb_golden_INTC_UART_MMCM/iic_spi_10KHz_ILA/hw/user_35t_withILA.xsa
TRACE::2025-07-16.16:09:59::SCWPlatform::DSA given C:/Users/ilpes/Desktop/Antenne_e_clocks/obb_golden_INTC_UART_MMCM/iic_spi_10KHz_ILA/hw/user_35t_withILA.xsa
TRACE::2025-07-16.16:09:59::SCWPlatform::DSA absoulate path C:/Users/ilpes/Desktop/Antenne_e_clocks/obb_golden_INTC_UART_MMCM/iic_spi_10KHz_ILA/hw/user_35t_withILA.xsa
TRACE::2025-07-16.16:09:59::SCWPlatform::DSA directory C:/Users/ilpes/Desktop/Antenne_e_clocks/obb_golden_INTC_UART_MMCM/iic_spi_10KHz_ILA/hw
TRACE::2025-07-16.16:09:59::SCWPlatform:: Platform Path C:/Users/ilpes/Desktop/Antenne_e_clocks/obb_golden_INTC_UART_MMCM/iic_spi_10KHz_ILA/hw/user_35t_withILA.xsa
TRACE::2025-07-16.16:09:59::SCWPlatform:: Unique name xilinx:cmod_a7-35t::0.0
TRACE::2025-07-16.16:09:59::SCWPlatform::Trying to set the existing hwdb with name user_35t_wrapper
TRACE::2025-07-16.16:09:59::SCWPlatform::Opened existing hwdb user_35t_wrapper
TRACE::2025-07-16.16:09:59::SCWPlatform::Found the Hw Db part of the input DSA
TRACE::2025-07-16.16:09:59::SCWPlatform::Trying to open the hw design at C:/Users/ilpes/Desktop/Antenne_e_clocks/obb_golden_INTC_UART_MMCM/iic_spi_10KHz_ILA/hw/user_35t_withILA.xsa
TRACE::2025-07-16.16:09:59::SCWPlatform::DSA given C:/Users/ilpes/Desktop/Antenne_e_clocks/obb_golden_INTC_UART_MMCM/iic_spi_10KHz_ILA/hw/user_35t_withILA.xsa
TRACE::2025-07-16.16:09:59::SCWPlatform::DSA absoulate path C:/Users/ilpes/Desktop/Antenne_e_clocks/obb_golden_INTC_UART_MMCM/iic_spi_10KHz_ILA/hw/user_35t_withILA.xsa
TRACE::2025-07-16.16:09:59::SCWPlatform::DSA directory C:/Users/ilpes/Desktop/Antenne_e_clocks/obb_golden_INTC_UART_MMCM/iic_spi_10KHz_ILA/hw
TRACE::2025-07-16.16:09:59::SCWPlatform:: Platform Path C:/Users/ilpes/Desktop/Antenne_e_clocks/obb_golden_INTC_UART_MMCM/iic_spi_10KHz_ILA/hw/user_35t_withILA.xsa
TRACE::2025-07-16.16:09:59::SCWPlatform:: Unique name xilinx:cmod_a7-35t::0.0
TRACE::2025-07-16.16:09:59::SCWPlatform::Trying to set the existing hwdb with name user_35t_wrapper
TRACE::2025-07-16.16:09:59::SCWPlatform::Opened existing hwdb user_35t_wrapper
TRACE::2025-07-16.16:09:59::SCWPlatform::Found the Hw Db part of the input DSA
TRACE::2025-07-16.16:09:59::SCWPlatform::Trying to open the hw design at C:/Users/ilpes/Desktop/Antenne_e_clocks/obb_golden_INTC_UART_MMCM/iic_spi_10KHz_ILA/hw/user_35t_withILA.xsa
TRACE::2025-07-16.16:09:59::SCWPlatform::DSA given C:/Users/ilpes/Desktop/Antenne_e_clocks/obb_golden_INTC_UART_MMCM/iic_spi_10KHz_ILA/hw/user_35t_withILA.xsa
TRACE::2025-07-16.16:09:59::SCWPlatform::DSA absoulate path C:/Users/ilpes/Desktop/Antenne_e_clocks/obb_golden_INTC_UART_MMCM/iic_spi_10KHz_ILA/hw/user_35t_withILA.xsa
TRACE::2025-07-16.16:09:59::SCWPlatform::DSA directory C:/Users/ilpes/Desktop/Antenne_e_clocks/obb_golden_INTC_UART_MMCM/iic_spi_10KHz_ILA/hw
TRACE::2025-07-16.16:09:59::SCWPlatform:: Platform Path C:/Users/ilpes/Desktop/Antenne_e_clocks/obb_golden_INTC_UART_MMCM/iic_spi_10KHz_ILA/hw/user_35t_withILA.xsa
TRACE::2025-07-16.16:09:59::SCWPlatform:: Unique name xilinx:cmod_a7-35t::0.0
TRACE::2025-07-16.16:09:59::SCWPlatform::Trying to set the existing hwdb with name user_35t_wrapper
TRACE::2025-07-16.16:09:59::SCWPlatform::Opened existing hwdb user_35t_wrapper
TRACE::2025-07-16.16:09:59::SCWPlatform::Found the Hw Db part of the input DSA
TRACE::2025-07-16.16:09:59::SCWMssOS::Checking the sw design at  C:/Users/ilpes/Desktop/Antenne_e_clocks/obb_golden_INTC_UART_MMCM/iic_spi_10KHz_ILA/microblaze_0/standalone_domain/bsp/system.mss
TRACE::2025-07-16.16:09:59::SCWMssOS::DEBUG:  swdes dump  
TRACE::2025-07-16.16:09:59::SCWMssOS::No sw design opened at  C:/Users/ilpes/Desktop/Antenne_e_clocks/obb_golden_INTC_UART_MMCM/iic_spi_10KHz_ILA/microblaze_0/standalone_domain/bsp/system.mss
TRACE::2025-07-16.16:09:59::SCWMssOS::mss exists loading the mss file  C:/Users/ilpes/Desktop/Antenne_e_clocks/obb_golden_INTC_UART_MMCM/iic_spi_10KHz_ILA/microblaze_0/standalone_domain/bsp/system.mss
TRACE::2025-07-16.16:09:59::SCWMssOS::Opened the sw design from mss  C:/Users/ilpes/Desktop/Antenne_e_clocks/obb_golden_INTC_UART_MMCM/iic_spi_10KHz_ILA/microblaze_0/standalone_domain/bsp/system.mss
TRACE::2025-07-16.16:09:59::SCWMssOS::Adding the swdes entry C:/Users/ilpes/Desktop/Antenne_e_clocks/obb_golden_INTC_UART_MMCM/iic_spi_10KHz_ILA/microblaze_0/standalone_domain/bsp/system.mss with des name system
TRACE::2025-07-16.16:09:59::SCWMssOS::updating the scw layer about changes
TRACE::2025-07-16.16:09:59::SCWMssOS::Opened the sw design.  C:/Users/ilpes/Desktop/Antenne_e_clocks/obb_golden_INTC_UART_MMCM/iic_spi_10KHz_ILA/microblaze_0/standalone_domain/bsp/system.mss
TRACE::2025-07-16.16:09:59::SCWMssOS::Saving the mss changes C:/Users/ilpes/Desktop/Antenne_e_clocks/obb_golden_INTC_UART_MMCM/iic_spi_10KHz_ILA/microblaze_0/standalone_domain/bsp/system.mss
TRACE::2025-07-16.16:09:59::SCWMssOS::Found a swdesign opened with the mssfile.
TRACE::2025-07-16.16:09:59::SCWMssOS::Completed writemss as part of save.
TRACE::2025-07-16.16:09:59::SCWMssOS::Commit changes completed.
TRACE::2025-07-16.16:09:59::SCWReader::Adding prebuilt librarypaths as   
TRACE::2025-07-16.16:09:59::SCWReader::Adding prebuilt incpaths  as   
TRACE::2025-07-16.16:09:59::SCWPlatform::Trying to open the hw design at C:/Users/ilpes/Desktop/Antenne_e_clocks/obb_golden_INTC_UART_MMCM/iic_spi_10KHz_ILA/hw/user_35t_withILA.xsa
TRACE::2025-07-16.16:09:59::SCWPlatform::DSA given C:/Users/ilpes/Desktop/Antenne_e_clocks/obb_golden_INTC_UART_MMCM/iic_spi_10KHz_ILA/hw/user_35t_withILA.xsa
TRACE::2025-07-16.16:09:59::SCWPlatform::DSA absoulate path C:/Users/ilpes/Desktop/Antenne_e_clocks/obb_golden_INTC_UART_MMCM/iic_spi_10KHz_ILA/hw/user_35t_withILA.xsa
TRACE::2025-07-16.16:09:59::SCWPlatform::DSA directory C:/Users/ilpes/Desktop/Antenne_e_clocks/obb_golden_INTC_UART_MMCM/iic_spi_10KHz_ILA/hw
TRACE::2025-07-16.16:09:59::SCWPlatform:: Platform Path C:/Users/ilpes/Desktop/Antenne_e_clocks/obb_golden_INTC_UART_MMCM/iic_spi_10KHz_ILA/hw/user_35t_withILA.xsa
TRACE::2025-07-16.16:09:59::SCWPlatform:: Unique name xilinx:cmod_a7-35t::0.0
TRACE::2025-07-16.16:09:59::SCWPlatform::Trying to set the existing hwdb with name user_35t_wrapper
TRACE::2025-07-16.16:09:59::SCWPlatform::Opened existing hwdb user_35t_wrapper
TRACE::2025-07-16.16:09:59::SCWPlatform::Found the Hw Db part of the input DSA
TRACE::2025-07-16.16:09:59::SCWMssOS::Checking the sw design at  C:/Users/ilpes/Desktop/Antenne_e_clocks/obb_golden_INTC_UART_MMCM/iic_spi_10KHz_ILA/microblaze_0/standalone_domain/bsp/system.mss
TRACE::2025-07-16.16:09:59::SCWMssOS::DEBUG:  swdes dump  C:/Users/ilpes/Desktop/Antenne_e_clocks/obb_golden_INTC_UART_MMCM/iic_spi_10KHz_ILA/microblaze_0/standalone_domain/bsp/system.mss|system||

TRACE::2025-07-16.16:09:59::SCWMssOS::Sw design exists and opened at  C:/Users/ilpes/Desktop/Antenne_e_clocks/obb_golden_INTC_UART_MMCM/iic_spi_10KHz_ILA/microblaze_0/standalone_domain/bsp/system.mss
TRACE::2025-07-16.16:09:59::SCWReader::No isolation master present  
LOG::2025-07-16.16:09:59::SCWPlatform::Started generating the artifacts platform iic_spi_10KHz_ILA
TRACE::2025-07-16.16:09:59::SCWPlatform::Sanity checking of platform is completed
LOG::2025-07-16.16:09:59::SCWPlatform::Started generating the artifacts for system configuration iic_spi_10KHz_ILA
LOG::2025-07-16.16:09:59::SCWSystem::Checking the domain standalone_domain
LOG::2025-07-16.16:09:59::SCWSystem::Not a boot domain 
LOG::2025-07-16.16:09:59::SCWSystem::Started Processing the domain standalone_domain
TRACE::2025-07-16.16:09:59::SCWDomain::Generating domain artifcats
TRACE::2025-07-16.16:09:59::SCWMssOS::Generating standalone artifcats
TRACE::2025-07-16.16:09:59::SCWMssOS:: Copying the user libraries. 
TRACE::2025-07-16.16:09:59::SCWPlatform::Trying to open the hw design at C:/Users/ilpes/Desktop/Antenne_e_clocks/obb_golden_INTC_UART_MMCM/iic_spi_10KHz_ILA/hw/user_35t_withILA.xsa
TRACE::2025-07-16.16:09:59::SCWPlatform::DSA given C:/Users/ilpes/Desktop/Antenne_e_clocks/obb_golden_INTC_UART_MMCM/iic_spi_10KHz_ILA/hw/user_35t_withILA.xsa
TRACE::2025-07-16.16:09:59::SCWPlatform::DSA absoulate path C:/Users/ilpes/Desktop/Antenne_e_clocks/obb_golden_INTC_UART_MMCM/iic_spi_10KHz_ILA/hw/user_35t_withILA.xsa
TRACE::2025-07-16.16:09:59::SCWPlatform::DSA directory C:/Users/ilpes/Desktop/Antenne_e_clocks/obb_golden_INTC_UART_MMCM/iic_spi_10KHz_ILA/hw
TRACE::2025-07-16.16:09:59::SCWPlatform:: Platform Path C:/Users/ilpes/Desktop/Antenne_e_clocks/obb_golden_INTC_UART_MMCM/iic_spi_10KHz_ILA/hw/user_35t_withILA.xsa
TRACE::2025-07-16.16:09:59::SCWPlatform:: Unique name xilinx:cmod_a7-35t::0.0
TRACE::2025-07-16.16:09:59::SCWPlatform::Trying to set the existing hwdb with name user_35t_wrapper
TRACE::2025-07-16.16:09:59::SCWPlatform::Opened existing hwdb user_35t_wrapper
TRACE::2025-07-16.16:09:59::SCWPlatform::Found the Hw Db part of the input DSA
TRACE::2025-07-16.16:09:59::SCWMssOS::Checking the sw design at  C:/Users/ilpes/Desktop/Antenne_e_clocks/obb_golden_INTC_UART_MMCM/iic_spi_10KHz_ILA/microblaze_0/standalone_domain/bsp/system.mss
TRACE::2025-07-16.16:09:59::SCWMssOS::DEBUG:  swdes dump  C:/Users/ilpes/Desktop/Antenne_e_clocks/obb_golden_INTC_UART_MMCM/iic_spi_10KHz_ILA/microblaze_0/standalone_domain/bsp/system.mss|system||

TRACE::2025-07-16.16:09:59::SCWMssOS::Sw design exists and opened at  C:/Users/ilpes/Desktop/Antenne_e_clocks/obb_golden_INTC_UART_MMCM/iic_spi_10KHz_ILA/microblaze_0/standalone_domain/bsp/system.mss
TRACE::2025-07-16.16:09:59::SCWMssOS::Completed writing the mss file at C:/Users/ilpes/Desktop/Antenne_e_clocks/obb_golden_INTC_UART_MMCM/iic_spi_10KHz_ILA/microblaze_0/standalone_domain/bsp
TRACE::2025-07-16.16:09:59::SCWMssOS::Mss edits present, copying mssfile into export location C:/Users/ilpes/Desktop/Antenne_e_clocks/obb_golden_INTC_UART_MMCM/iic_spi_10KHz_ILA/microblaze_0/standalone_domain/bsp/system.mss
TRACE::2025-07-16.16:09:59::SCWMssOS::bsp generated is upto date with the mss file. Skipping bsp generation.
TRACE::2025-07-16.16:09:59::SCWMssOS::BSP is already built. skipping the bsp build ... 
TRACE::2025-07-16.16:09:59::SCWDomain::Building the domain as part of full build :  standalone_domain
TRACE::2025-07-16.16:09:59::SCWMssOS::doing bsp build ... 
TRACE::2025-07-16.16:09:59::SCWMssOS::System Command Ran  C: & cd  C:/Users/ilpes/Desktop/Antenne_e_clocks/obb_golden_INTC_UART_MMCM/iic_spi_10KHz_ILA/microblaze_0/standalone_domain/bsp & make 
TRACE::2025-07-16.16:09:59::SCWMssOS::make --no-print-directory seq_libs

TRACE::2025-07-16.16:09:59::SCWMssOS::'Finished building libraries sequentially.'

TRACE::2025-07-16.16:09:59::SCWMssOS::make -j --no-print-directory par_libs

TRACE::2025-07-16.16:09:59::SCWMssOS::"Running Make include in microblaze_0/libsrc/bram_v4_5/src"

TRACE::2025-07-16.16:09:59::SCWMssOS::make -C microblaze_0/libsrc/bram_v4_5/src -s include  "SHELL=CMD" "COMPILER=mb-gcc" "ASSEMBLER=mb-as" "ARCHIVER=mb-ar" "COMPILE
TRACE::2025-07-16.16:09:59::SCWMssOS::R_FLAGS=  -O2 -c -mcpu=v11.0 -mlittle-endian -mno-xl-soft-div -mno-xl-soft-mul -mxl-barrel-shift -mxl-pattern-compare" "EXTRA_C
TRACE::2025-07-16.16:09:59::SCWMssOS::OMPILER_FLAGS=-g -ffunction-sections -fdata-sections -Wall -Wextra"

TRACE::2025-07-16.16:09:59::SCWMssOS::"Running Make include in microblaze_0/libsrc/cpu_v2_12/src"

TRACE::2025-07-16.16:09:59::SCWMssOS::make -C microblaze_0/libsrc/cpu_v2_12/src -s include  "SHELL=CMD" "COMPILER=mb-gcc" "ASSEMBLER=mb-as" "ARCHIVER=mb-ar" "COMPILE
TRACE::2025-07-16.16:09:59::SCWMssOS::R_FLAGS=  -O2 -c -mcpu=v11.0 -mlittle-endian -mno-xl-soft-div -mno-xl-soft-mul -mxl-barrel-shift -mxl-pattern-compare" "EXTRA_C
TRACE::2025-07-16.16:09:59::SCWMssOS::OMPILER_FLAGS=-g -ffunction-sections -fdata-sections -Wall -Wextra"

TRACE::2025-07-16.16:09:59::SCWMssOS::"Running Make include in microblaze_0/libsrc/gpio_v4_7/src"

TRACE::2025-07-16.16:09:59::SCWMssOS::make -C microblaze_0/libsrc/gpio_v4_7/src -s include  "SHELL=CMD" "COMPILER=mb-gcc" "ASSEMBLER=mb-as" "ARCHIVER=mb-ar" "COMPILE
TRACE::2025-07-16.16:09:59::SCWMssOS::R_FLAGS=  -O2 -c -mcpu=v11.0 -mlittle-endian -mno-xl-soft-div -mno-xl-soft-mul -mxl-barrel-shift -mxl-pattern-compare" "EXTRA_C
TRACE::2025-07-16.16:09:59::SCWMssOS::OMPILER_FLAGS=-g -ffunction-sections -fdata-sections -Wall -Wextra"

TRACE::2025-07-16.16:09:59::SCWMssOS::"Running Make include in microblaze_0/libsrc/iic_v3_7/src"

TRACE::2025-07-16.16:09:59::SCWMssOS::make -C microblaze_0/libsrc/iic_v3_7/src -s include  "SHELL=CMD" "COMPILER=mb-gcc" "ASSEMBLER=mb-as" "ARCHIVER=mb-ar" "COMPILER
TRACE::2025-07-16.16:09:59::SCWMssOS::_FLAGS=  -O2 -c -mcpu=v11.0 -mlittle-endian -mno-xl-soft-div -mno-xl-soft-mul -mxl-barrel-shift -mxl-pattern-compare" "EXTRA_CO
TRACE::2025-07-16.16:09:59::SCWMssOS::MPILER_FLAGS=-g -ffunction-sections -fdata-sections -Wall -Wextra"

TRACE::2025-07-16.16:09:59::SCWMssOS::"Running Make include in microblaze_0/libsrc/intc_v3_12/src"

TRACE::2025-07-16.16:09:59::SCWMssOS::make -C microblaze_0/libsrc/intc_v3_12/src -s include  "SHELL=CMD" "COMPILER=mb-gcc" "ASSEMBLER=mb-as" "ARCHIVER=mb-ar" "COMPIL
TRACE::2025-07-16.16:09:59::SCWMssOS::ER_FLAGS=  -O2 -c -mcpu=v11.0 -mlittle-endian -mno-xl-soft-div -mno-xl-soft-mul -mxl-barrel-shift -mxl-pattern-compare" "EXTRA_
TRACE::2025-07-16.16:09:59::SCWMssOS::COMPILER_FLAGS=-g -ffunction-sections -fdata-sections -Wall -Wextra"

TRACE::2025-07-16.16:09:59::SCWMssOS::"Running Make include in microblaze_0/libsrc/spi_v4_7/src"

TRACE::2025-07-16.16:09:59::SCWMssOS::make -C microblaze_0/libsrc/spi_v4_7/src -s include  "SHELL=CMD" "COMPILER=mb-gcc" "ASSEMBLER=mb-as" "ARCHIVER=mb-ar" "COMPILER
TRACE::2025-07-16.16:09:59::SCWMssOS::_FLAGS=  -O2 -c -mcpu=v11.0 -mlittle-endian -mno-xl-soft-div -mno-xl-soft-mul -mxl-barrel-shift -mxl-pattern-compare" "EXTRA_CO
TRACE::2025-07-16.16:09:59::SCWMssOS::MPILER_FLAGS=-g -ffunction-sections -fdata-sections -Wall -Wextra"

TRACE::2025-07-16.16:09:59::SCWMssOS::"Running Make include in microblaze_0/libsrc/standalone_v7_3/src"

TRACE::2025-07-16.16:09:59::SCWMssOS::make -C microblaze_0/libsrc/standalone_v7_3/src -s include  "SHELL=CMD" "COMPILER=mb-gcc" "ASSEMBLER=mb-as" "ARCHIVER=mb-ar" "C
TRACE::2025-07-16.16:09:59::SCWMssOS::OMPILER_FLAGS=  -O2 -c -mcpu=v11.0 -mlittle-endian -mno-xl-soft-div -mno-xl-soft-mul -mxl-barrel-shift -mxl-pattern-compare" "E
TRACE::2025-07-16.16:09:59::SCWMssOS::XTRA_COMPILER_FLAGS=-g -ffunction-sections -fdata-sections -Wall -Wextra"

TRACE::2025-07-16.16:09:59::SCWMssOS::"Running Make include in microblaze_0/libsrc/tmrctr_v4_7/src"

TRACE::2025-07-16.16:09:59::SCWMssOS::make -C microblaze_0/libsrc/tmrctr_v4_7/src -s include  "SHELL=CMD" "COMPILER=mb-gcc" "ASSEMBLER=mb-as" "ARCHIVER=mb-ar" "COMPI
TRACE::2025-07-16.16:09:59::SCWMssOS::LER_FLAGS=  -O2 -c -mcpu=v11.0 -mlittle-endian -mno-xl-soft-div -mno-xl-soft-mul -mxl-barrel-shift -mxl-pattern-compare" "EXTRA
TRACE::2025-07-16.16:09:59::SCWMssOS::_COMPILER_FLAGS=-g -ffunction-sections -fdata-sections -Wall -Wextra"

TRACE::2025-07-16.16:10:00::SCWMssOS::"Running Make include in microblaze_0/libsrc/uartlite_v3_5/src"

TRACE::2025-07-16.16:10:00::SCWMssOS::make -C microblaze_0/libsrc/uartlite_v3_5/src -s include  "SHELL=CMD" "COMPILER=mb-gcc" "ASSEMBLER=mb-as" "ARCHIVER=mb-ar" "COM
TRACE::2025-07-16.16:10:00::SCWMssOS::PILER_FLAGS=  -O2 -c -mcpu=v11.0 -mlittle-endian -mno-xl-soft-div -mno-xl-soft-mul -mxl-barrel-shift -mxl-pattern-compare" "EXT
TRACE::2025-07-16.16:10:00::SCWMssOS::RA_COMPILER_FLAGS=-g -ffunction-sections -fdata-sections -Wall -Wextra"

TRACE::2025-07-16.16:10:01::SCWMssOS::"Running Make libs in microblaze_0/libsrc/bram_v4_5/src"

TRACE::2025-07-16.16:10:01::SCWMssOS::make -C microblaze_0/libsrc/bram_v4_5/src -s libs  "SHELL=CMD" "COMPILER=mb-gcc" "ASSEMBLER=mb-as" "ARCHIVER=mb-ar" "COMPILER_F
TRACE::2025-07-16.16:10:01::SCWMssOS::LAGS=  -O2 -c -mcpu=v11.0 -mlittle-endian -mno-xl-soft-div -mno-xl-soft-mul -mxl-barrel-shift -mxl-pattern-compare" "EXTRA_COMP
TRACE::2025-07-16.16:10:01::SCWMssOS::ILER_FLAGS=-g -ffunction-sections -fdata-sections -Wall -Wextra"

TRACE::2025-07-16.16:10:01::SCWMssOS::"Running Make libs in microblaze_0/libsrc/cpu_v2_12/src"

TRACE::2025-07-16.16:10:01::SCWMssOS::make -C microblaze_0/libsrc/cpu_v2_12/src -s libs  "SHELL=CMD" "COMPILER=mb-gcc" "ASSEMBLER=mb-as" "ARCHIVER=mb-ar" "COMPILER_F
TRACE::2025-07-16.16:10:01::SCWMssOS::LAGS=  -O2 -c -mcpu=v11.0 -mlittle-endian -mno-xl-soft-div -mno-xl-soft-mul -mxl-barrel-shift -mxl-pattern-compare" "EXTRA_COMP
TRACE::2025-07-16.16:10:01::SCWMssOS::ILER_FLAGS=-g -ffunction-sections -fdata-sections -Wall -Wextra"

TRACE::2025-07-16.16:10:01::SCWMssOS::"Running Make libs in microblaze_0/libsrc/gpio_v4_7/src"

TRACE::2025-07-16.16:10:01::SCWMssOS::make -C microblaze_0/libsrc/gpio_v4_7/src -s libs  "SHELL=CMD" "COMPILER=mb-gcc" "ASSEMBLER=mb-as" "ARCHIVER=mb-ar" "COMPILER_F
TRACE::2025-07-16.16:10:01::SCWMssOS::LAGS=  -O2 -c -mcpu=v11.0 -mlittle-endian -mno-xl-soft-div -mno-xl-soft-mul -mxl-barrel-shift -mxl-pattern-compare" "EXTRA_COMP
TRACE::2025-07-16.16:10:01::SCWMssOS::ILER_FLAGS=-g -ffunction-sections -fdata-sections -Wall -Wextra"

TRACE::2025-07-16.16:10:01::SCWMssOS::"Running Make libs in microblaze_0/libsrc/iic_v3_7/src"

TRACE::2025-07-16.16:10:01::SCWMssOS::make -C microblaze_0/libsrc/iic_v3_7/src -s libs  "SHELL=CMD" "COMPILER=mb-gcc" "ASSEMBLER=mb-as" "ARCHIVER=mb-ar" "COMPILER_FL
TRACE::2025-07-16.16:10:01::SCWMssOS::AGS=  -O2 -c -mcpu=v11.0 -mlittle-endian -mno-xl-soft-div -mno-xl-soft-mul -mxl-barrel-shift -mxl-pattern-compare" "EXTRA_COMPI
TRACE::2025-07-16.16:10:01::SCWMssOS::LER_FLAGS=-g -ffunction-sections -fdata-sections -Wall -Wextra"

TRACE::2025-07-16.16:10:01::SCWMssOS::"Running Make libs in microblaze_0/libsrc/intc_v3_12/src"

TRACE::2025-07-16.16:10:01::SCWMssOS::make -C microblaze_0/libsrc/intc_v3_12/src -s libs  "SHELL=CMD" "COMPILER=mb-gcc" "ASSEMBLER=mb-as" "ARCHIVER=mb-ar" "COMPILER_
TRACE::2025-07-16.16:10:01::SCWMssOS::FLAGS=  -O2 -c -mcpu=v11.0 -mlittle-endian -mno-xl-soft-div -mno-xl-soft-mul -mxl-barrel-shift -mxl-pattern-compare" "EXTRA_COM
TRACE::2025-07-16.16:10:01::SCWMssOS::PILER_FLAGS=-g -ffunction-sections -fdata-sections -Wall -Wextra"

TRACE::2025-07-16.16:10:01::SCWMssOS::"Running Make libs in microblaze_0/libsrc/spi_v4_7/src"

TRACE::2025-07-16.16:10:01::SCWMssOS::make -C microblaze_0/libsrc/spi_v4_7/src -s libs  "SHELL=CMD" "COMPILER=mb-gcc" "ASSEMBLER=mb-as" "ARCHIVER=mb-ar" "COMPILER_FL
TRACE::2025-07-16.16:10:01::SCWMssOS::AGS=  -O2 -c -mcpu=v11.0 -mlittle-endian -mno-xl-soft-div -mno-xl-soft-mul -mxl-barrel-shift -mxl-pattern-compare" "EXTRA_COMPI
TRACE::2025-07-16.16:10:01::SCWMssOS::LER_FLAGS=-g -ffunction-sections -fdata-sections -Wall -Wextra"

TRACE::2025-07-16.16:10:01::SCWMssOS::"Running Make libs in microblaze_0/libsrc/standalone_v7_3/src"

TRACE::2025-07-16.16:10:01::SCWMssOS::make -C microblaze_0/libsrc/standalone_v7_3/src -s libs  "SHELL=CMD" "COMPILER=mb-gcc" "ASSEMBLER=mb-as" "ARCHIVER=mb-ar" "COMP
TRACE::2025-07-16.16:10:01::SCWMssOS::ILER_FLAGS=  -O2 -c -mcpu=v11.0 -mlittle-endian -mno-xl-soft-div -mno-xl-soft-mul -mxl-barrel-shift -mxl-pattern-compare" "EXTR
TRACE::2025-07-16.16:10:01::SCWMssOS::A_COMPILER_FLAGS=-g -ffunction-sections -fdata-sections -Wall -Wextra"

TRACE::2025-07-16.16:10:01::SCWMssOS::"Running Make libs in microblaze_0/libsrc/tmrctr_v4_7/src"

TRACE::2025-07-16.16:10:01::SCWMssOS::make -C microblaze_0/libsrc/tmrctr_v4_7/src -s libs  "SHELL=CMD" "COMPILER=mb-gcc" "ASSEMBLER=mb-as" "ARCHIVER=mb-ar" "COMPILER
TRACE::2025-07-16.16:10:01::SCWMssOS::_FLAGS=  -O2 -c -mcpu=v11.0 -mlittle-endian -mno-xl-soft-div -mno-xl-soft-mul -mxl-barrel-shift -mxl-pattern-compare" "EXTRA_CO
TRACE::2025-07-16.16:10:01::SCWMssOS::MPILER_FLAGS=-g -ffunction-sections -fdata-sections -Wall -Wextra"

TRACE::2025-07-16.16:10:01::SCWMssOS::"Running Make libs in microblaze_0/libsrc/uartlite_v3_5/src"

TRACE::2025-07-16.16:10:01::SCWMssOS::make -C microblaze_0/libsrc/uartlite_v3_5/src -s libs  "SHELL=CMD" "COMPILER=mb-gcc" "ASSEMBLER=mb-as" "ARCHIVER=mb-ar" "COMPIL
TRACE::2025-07-16.16:10:01::SCWMssOS::ER_FLAGS=  -O2 -c -mcpu=v11.0 -mlittle-endian -mno-xl-soft-div -mno-xl-soft-mul -mxl-barrel-shift -mxl-pattern-compare" "EXTRA_
TRACE::2025-07-16.16:10:01::SCWMssOS::COMPILER_FLAGS=-g -ffunction-sections -fdata-sections -Wall -Wextra"

TRACE::2025-07-16.16:10:01::SCWMssOS::'Finished building libraries parallelly.'

TRACE::2025-07-16.16:10:01::SCWMssOS::make --no-print-directory archive

TRACE::2025-07-16.16:10:01::SCWMssOS::mb-ar -r  microblaze_0/lib/libxil.a microblaze_0/lib/xplatform_info.o microblaze_0/lib/xtmrctr_options.o microblaze_0/lib/micro
TRACE::2025-07-16.16:10:01::SCWMssOS::blaze_disable_exceptions.o microblaze_0/lib/print.o microblaze_0/lib/xil_testio.o microblaze_0/lib/microblaze_disable_dcache.o 
TRACE::2025-07-16.16:10:01::SCWMssOS::microblaze_0/lib/microblaze_flush_dcache_range.o microblaze_0/lib/xspi_g.o microblaze_0/lib/microblaze_flush_cache_ext.o microb
TRACE::2025-07-16.16:10:01::SCWMssOS::laze_0/lib/xspi.o microblaze_0/lib/xspi_sinit.o microblaze_0/lib/xil_misc_psreset_api.o microblaze_0/lib/xspi_selftest.o microb
TRACE::2025-07-16.16:10:01::SCWMssOS::laze_0/lib/xil_cache.o microblaze_0/lib/xil_util.o microblaze_0/lib/inbyte.o microblaze_0/lib/xiic_multi_master.o microblaze_0/
TRACE::2025-07-16.16:10:01::SCWMssOS::lib/xiic_sinit.o microblaze_0/lib/microblaze_exception_handler.o microblaze_0/lib/xbram_g.o microblaze_0/lib/xbram_sinit.o micr
TRACE::2025-07-16.16:10:01::SCWMssOS::oblaze_0/lib/microblaze_scrub.o microblaze_0/lib/xtmrctr_intr.o microblaze_0/lib/microblaze_invalidate_dcache.o microblaze_0/li
TRACE::2025-07-16.16:10:01::SCWMssOS::b/microblaze_disable_interrupts.o microblaze_0/lib/xbram_selftest.o microblaze_0/lib/microblaze_interrupt_handler.o microblaze_
TRACE::2025-07-16.16:10:01::SCWMssOS::0/lib/microblaze_disable_icache.o microblaze_0/lib/_exit.o microblaze_0/lib/xgpio_g.o microblaze_0/lib/xuartlite_g.o microblaze
TRACE::2025-07-16.16:10:01::SCWMssOS::_0/lib/xspi_stats.o microblaze_0/lib/microblaze_flush_cache_ext_range.o microblaze_0/lib/xiic_intr.o microblaze_0/lib/xil_sleep
TRACE::2025-07-16.16:10:01::SCWMssOS::common.o microblaze_0/lib/xil_printf.o microblaze_0/lib/xintc_g.o microblaze_0/lib/xiic_g.o microblaze_0/lib/xiic_l.o microblaz
TRACE::2025-07-16.16:10:01::SCWMssOS::e_0/lib/xtmrctr_l.o microblaze_0/lib/xintc_selftest.o microblaze_0/lib/xintc_l.o microblaze_0/lib/outbyte.o microblaze_0/lib/xi
TRACE::2025-07-16.16:10:01::SCWMssOS::o.o microblaze_0/lib/xgpio_intr.o microblaze_0/lib/xiic_slave.o microblaze_0/lib/microblaze_invalidate_dcache_range.o microblaz
TRACE::2025-07-16.16:10:01::SCWMssOS::e_0/lib/xil_testmem.o microblaze_0/lib/microblaze_invalidate_cache_ext.o microblaze_0/lib/microblaze_sleep.o microblaze_0/lib/x
TRACE::2025-07-16.16:10:01::SCWMssOS::uartlite_sinit.o microblaze_0/lib/hw_exception_handler.o microblaze_0/lib/xtmrctr.o microblaze_0/lib/xintc_options.o microblaze
TRACE::2025-07-16.16:10:01::SCWMssOS::_0/lib/xuartlite_selftest.o microblaze_0/lib/xgpio_sinit.o microblaze_0/lib/xuartlite.o microblaze_0/lib/microblaze_update_dcac
TRACE::2025-07-16.16:10:01::SCWMssOS::he.o microblaze_0/lib/xil_testcache.o microblaze_0/lib/microblaze_selftest.o microblaze_0/lib/microblaze_interrupts_g.o microbl
TRACE::2025-07-16.16:10:01::SCWMssOS::aze_0/lib/microblaze_enable_exceptions.o microblaze_0/lib/xil_mem.o microblaze_0/lib/xtmrctr_g.o microblaze_0/lib/microblaze_en
TRACE::2025-07-16.16:10:01::SCWMssOS::able_dcache.o microblaze_0/lib/xbram.o microblaze_0/lib/microblaze_invalidate_icache_range.o microblaze_0/lib/xtmrctr_selftest.
TRACE::2025-07-16.16:10:01::SCWMssOS::o microblaze_0/lib/microblaze_init_dcache_range.o microblaze_0/lib/microblaze_invalidate_icache.o microblaze_0/lib/xspi_options
TRACE::2025-07-16.16:10:01::SCWMssOS::.o microblaze_0/lib/errno.o microblaze_0/lib/xuartlite_l.o microblaze_0/lib/xiic_dyn_master.o microblaze_0/lib/xintc.o microbla
TRACE::2025-07-16.16:10:01::SCWMssOS::ze_0/lib/xuartlite_stats.o microblaze_0/lib/microblaze_invalidate_cache_ext_range.o microblaze_0/lib/xintc_intr.o microblaze_0/
TRACE::2025-07-16.16:10:01::SCWMssOS::lib/xil_exception.o microblaze_0/lib/pvr.o microblaze_0/lib/xgpio.o microblaze_0/lib/xiic_options.o microblaze_0/lib/microblaze
TRACE::2025-07-16.16:10:01::SCWMssOS::_update_icache.o microblaze_0/lib/xiic_master.o microblaze_0/lib/xuartlite_intr.o microblaze_0/lib/microblaze_flush_dcache.o mi
TRACE::2025-07-16.16:10:01::SCWMssOS::croblaze_0/lib/xil_clocking.o microblaze_0/lib/xil_assert.o microblaze_0/lib/xiic_stats.o microblaze_0/lib/microblaze_enable_in
TRACE::2025-07-16.16:10:01::SCWMssOS::terrupts.o microblaze_0/lib/xgpio_extra.o microblaze_0/lib/microblaze_init_icache_range.o microblaze_0/lib/microblaze_enable_ic
TRACE::2025-07-16.16:10:01::SCWMssOS::ache.o microblaze_0/lib/xiic.o microblaze_0/lib/xtmrctr_stats.o microblaze_0/lib/xbram_intr.o microblaze_0/lib/xtmrctr_sinit.o 
TRACE::2025-07-16.16:10:01::SCWMssOS::microblaze_0/lib/xiic_selftest.o microblaze_0/lib/fcntl.o microblaze_0/lib/xgpio_selftest.o

TRACE::2025-07-16.16:10:03::SCWMssOS::'Finished building libraries'

TRACE::2025-07-16.16:10:03::SCWMssOS::Copying to export directory.
TRACE::2025-07-16.16:10:03::SCWMssOS:: Checking if to create the Supporting Applications
TRACE::2025-07-16.16:10:03::SCWMssOS:: No Linux domain exists, trying to generate FSBL 
LOG::2025-07-16.16:10:03::SCWSystem::Completed Processing the domain standalone_domain
LOG::2025-07-16.16:10:03::SCWSystem::Completed Processing the sysconfig iic_spi_10KHz_ILA
LOG::2025-07-16.16:10:03::SCWPlatform::Completed generating the artifacts for system configuration iic_spi_10KHz_ILA
TRACE::2025-07-16.16:10:03::SCWPlatform::Started preparing the platform 
TRACE::2025-07-16.16:10:03::SCWSystem::Writing the bif file for system config iic_spi_10KHz_ILA
TRACE::2025-07-16.16:10:03::SCWSystem::dir created 
TRACE::2025-07-16.16:10:03::SCWSystem::Writing the bif 
TRACE::2025-07-16.16:10:03::SCWPlatform::Started writing the spfm file 
TRACE::2025-07-16.16:10:03::SCWPlatform::Started writing the xpfm file 
TRACE::2025-07-16.16:10:03::SCWPlatform::Completed generating the platform
TRACE::2025-07-16.16:10:03::SCWMssOS::Saving the mss changes C:/Users/ilpes/Desktop/Antenne_e_clocks/obb_golden_INTC_UART_MMCM/iic_spi_10KHz_ILA/microblaze_0/standalone_domain/bsp/system.mss
TRACE::2025-07-16.16:10:03::SCWMssOS::Found a swdesign opened with the mssfile.
TRACE::2025-07-16.16:10:03::SCWMssOS::Completed writemss as part of save.
TRACE::2025-07-16.16:10:03::SCWMssOS::Commit changes completed.
TRACE::2025-07-16.16:10:03::SCWPlatform::Trying to open the hw design at C:/Users/ilpes/Desktop/Antenne_e_clocks/obb_golden_INTC_UART_MMCM/iic_spi_10KHz_ILA/hw/user_35t_withILA.xsa
TRACE::2025-07-16.16:10:03::SCWPlatform::DSA given C:/Users/ilpes/Desktop/Antenne_e_clocks/obb_golden_INTC_UART_MMCM/iic_spi_10KHz_ILA/hw/user_35t_withILA.xsa
TRACE::2025-07-16.16:10:03::SCWPlatform::DSA absoulate path C:/Users/ilpes/Desktop/Antenne_e_clocks/obb_golden_INTC_UART_MMCM/iic_spi_10KHz_ILA/hw/user_35t_withILA.xsa
TRACE::2025-07-16.16:10:03::SCWPlatform::DSA directory C:/Users/ilpes/Desktop/Antenne_e_clocks/obb_golden_INTC_UART_MMCM/iic_spi_10KHz_ILA/hw
TRACE::2025-07-16.16:10:03::SCWPlatform:: Platform Path C:/Users/ilpes/Desktop/Antenne_e_clocks/obb_golden_INTC_UART_MMCM/iic_spi_10KHz_ILA/hw/user_35t_withILA.xsa
TRACE::2025-07-16.16:10:03::SCWPlatform:: Unique name xilinx:cmod_a7-35t::0.0
TRACE::2025-07-16.16:10:03::SCWPlatform::Trying to set the existing hwdb with name user_35t_wrapper
TRACE::2025-07-16.16:10:03::SCWPlatform::Opened existing hwdb user_35t_wrapper
TRACE::2025-07-16.16:10:03::SCWPlatform::Found the Hw Db part of the input DSA
TRACE::2025-07-16.16:10:03::SCWMssOS::Checking the sw design at  C:/Users/ilpes/Desktop/Antenne_e_clocks/obb_golden_INTC_UART_MMCM/iic_spi_10KHz_ILA/microblaze_0/standalone_domain/bsp/system.mss
TRACE::2025-07-16.16:10:03::SCWMssOS::DEBUG:  swdes dump  C:/Users/ilpes/Desktop/Antenne_e_clocks/obb_golden_INTC_UART_MMCM/iic_spi_10KHz_ILA/microblaze_0/standalone_domain/bsp/system.mss|system||

TRACE::2025-07-16.16:10:03::SCWMssOS::Sw design exists and opened at  C:/Users/ilpes/Desktop/Antenne_e_clocks/obb_golden_INTC_UART_MMCM/iic_spi_10KHz_ILA/microblaze_0/standalone_domain/bsp/system.mss
TRACE::2025-07-16.16:10:03::SCWWriter::formatted JSON is {
	"platformName":	"iic_spi_10KHz_ILA",
	"sprVersion":	"2.0",
	"mode":	"gui",
	"dsaType":	"Fixed",
	"platformDesc":	"iic_spi_10KHz_ILA",
	"platHandOff":	"C:/Users/ilpes/Desktop/INSEGNAMENTO/Didattica2023/CMOD_A35t_emc_uart_iic_spi/project_1/user_35t_withILA.xsa",
	"platIntHandOff":	"<platformDir>/hw/user_35t_withILA.xsa",
	"deviceType":	"FPGA",
	"platIsPrebuiltAutogen":	"false",
	"platIsNoBootBsp":	"false",
	"hasFsblMakeHasChanges":	"false",
	"hasPmufwMakeHasChanges":	"false",
	"platPreBuiltFlag":	false,
	"platformSamplesDir":	"",
	"platActiveSys":	"iic_spi_10KHz_ILA",
	"systems":	[{
			"systemName":	"iic_spi_10KHz_ILA",
			"systemDesc":	"iic_spi_10KHz_ILA",
			"sysIsBootAutoGen":	"true",
			"systemDispName":	"iic_spi_10KHz_ILA",
			"sysActiveDom":	"standalone_domain",
			"sysDefaultDom":	"standalone_domain",
			"domains":	[{
					"domainName":	"standalone_domain",
					"domainDispName":	"standalone on microblaze_0",
					"domainDesc":	"standalone_domain",
					"processors":	"microblaze_0",
					"os":	"standalone",
					"sdxOs":	"standalone",
					"debugEnable":	"False",
					"domRuntimes":	["cpp"],
					"swRepo":	"",
					"mssOsVer":	"7.3",
					"mssFile":	"",
					"md5Digest":	"4ff912ba097ec0244cd8262b18dcbf48",
					"compatibleApp":	"",
					"domType":	"mssDomain",
					"arch":	"32-bit",
					"appSettings":	{
						"appCompilerFlags":	"",
						"appLinkerFlags":	""
					},
					"addedLibs":	[],
					"libOptions":	{
						"libsContainingOptions":	[]
					},
					"prebuiltLibs":	{
						"prebuiltIncPath":	[],
						"prebuiltLibPath":	[]
					},
					"isolation":	{
					}
				}]
		}]
}
KEYINFO::2025-07-16.16:10:03::SCWPlatform::updated the xpfm file.
TRACE::2025-07-16.16:10:03::SCWPlatform::Trying to open the hw design at C:/Users/ilpes/Desktop/Antenne_e_clocks/obb_golden_INTC_UART_MMCM/iic_spi_10KHz_ILA/hw/user_35t_withILA.xsa
TRACE::2025-07-16.16:10:03::SCWPlatform::DSA given C:/Users/ilpes/Desktop/Antenne_e_clocks/obb_golden_INTC_UART_MMCM/iic_spi_10KHz_ILA/hw/user_35t_withILA.xsa
TRACE::2025-07-16.16:10:03::SCWPlatform::DSA absoulate path C:/Users/ilpes/Desktop/Antenne_e_clocks/obb_golden_INTC_UART_MMCM/iic_spi_10KHz_ILA/hw/user_35t_withILA.xsa
TRACE::2025-07-16.16:10:03::SCWPlatform::DSA directory C:/Users/ilpes/Desktop/Antenne_e_clocks/obb_golden_INTC_UART_MMCM/iic_spi_10KHz_ILA/hw
TRACE::2025-07-16.16:10:03::SCWPlatform:: Platform Path C:/Users/ilpes/Desktop/Antenne_e_clocks/obb_golden_INTC_UART_MMCM/iic_spi_10KHz_ILA/hw/user_35t_withILA.xsa
TRACE::2025-07-16.16:10:03::SCWPlatform:: Unique name xilinx:cmod_a7-35t::0.0
TRACE::2025-07-16.16:10:03::SCWPlatform::Trying to set the existing hwdb with name user_35t_wrapper
TRACE::2025-07-16.16:10:03::SCWPlatform::Opened existing hwdb user_35t_wrapper
TRACE::2025-07-16.16:10:03::SCWPlatform::Found the Hw Db part of the input DSA
TRACE::2025-07-16.16:10:03::SCWMssOS::Checking the sw design at  C:/Users/ilpes/Desktop/Antenne_e_clocks/obb_golden_INTC_UART_MMCM/iic_spi_10KHz_ILA/microblaze_0/standalone_domain/bsp/system.mss
TRACE::2025-07-16.16:10:03::SCWMssOS::DEBUG:  swdes dump  C:/Users/ilpes/Desktop/Antenne_e_clocks/obb_golden_INTC_UART_MMCM/iic_spi_10KHz_ILA/microblaze_0/standalone_domain/bsp/system.mss|system||

TRACE::2025-07-16.16:10:03::SCWMssOS::Sw design exists and opened at  C:/Users/ilpes/Desktop/Antenne_e_clocks/obb_golden_INTC_UART_MMCM/iic_spi_10KHz_ILA/microblaze_0/standalone_domain/bsp/system.mss
TRACE::2025-07-16.18:55:38::SCWPlatform::Trying to open the hw design at C:/Users/ilpes/Desktop/Antenne_e_clocks/obb_golden_INTC_UART_MMCM/iic_spi_10KHz_ILA/hw/user_35t_withILA.xsa
TRACE::2025-07-16.18:55:38::SCWPlatform::DSA given C:/Users/ilpes/Desktop/Antenne_e_clocks/obb_golden_INTC_UART_MMCM/iic_spi_10KHz_ILA/hw/user_35t_withILA.xsa
TRACE::2025-07-16.18:55:38::SCWPlatform::DSA absoulate path C:/Users/ilpes/Desktop/Antenne_e_clocks/obb_golden_INTC_UART_MMCM/iic_spi_10KHz_ILA/hw/user_35t_withILA.xsa
TRACE::2025-07-16.18:55:40::SCWPlatform::DSA directory C:/Users/ilpes/Desktop/Antenne_e_clocks/obb_golden_INTC_UART_MMCM/iic_spi_10KHz_ILA/hw
TRACE::2025-07-16.18:55:40::SCWPlatform:: Platform Path C:/Users/ilpes/Desktop/Antenne_e_clocks/obb_golden_INTC_UART_MMCM/iic_spi_10KHz_ILA/hw/user_35t_withILA.xsa
TRACE::2025-07-16.18:55:40::SCWPlatform:: Unique name xilinx:cmod_a7-35t::0.0
TRACE::2025-07-16.18:55:40::SCWPlatform::Do not have an existing db opened. 
TRACE::2025-07-16.18:55:40::SCWPlatform::Opened new HwDB with name user_35t_wrapper
TRACE::2025-07-16.18:55:40::SCWReader::Active system found as  iic_spi_10KHz_ILA
TRACE::2025-07-16.18:55:40::SCWReader::Handling sysconfig iic_spi_10KHz_ILA
TRACE::2025-07-16.18:55:40::SCWDomain::checking for install qemu data   : 
TRACE::2025-07-16.18:55:40::SCWPlatform::Trying to open the hw design at C:/Users/ilpes/Desktop/Antenne_e_clocks/obb_golden_INTC_UART_MMCM/iic_spi_10KHz_ILA/hw/user_35t_withILA.xsa
TRACE::2025-07-16.18:55:40::SCWPlatform::DSA given C:/Users/ilpes/Desktop/Antenne_e_clocks/obb_golden_INTC_UART_MMCM/iic_spi_10KHz_ILA/hw/user_35t_withILA.xsa
TRACE::2025-07-16.18:55:40::SCWPlatform::DSA absoulate path C:/Users/ilpes/Desktop/Antenne_e_clocks/obb_golden_INTC_UART_MMCM/iic_spi_10KHz_ILA/hw/user_35t_withILA.xsa
TRACE::2025-07-16.18:55:40::SCWPlatform::DSA directory C:/Users/ilpes/Desktop/Antenne_e_clocks/obb_golden_INTC_UART_MMCM/iic_spi_10KHz_ILA/hw
TRACE::2025-07-16.18:55:40::SCWPlatform:: Platform Path C:/Users/ilpes/Desktop/Antenne_e_clocks/obb_golden_INTC_UART_MMCM/iic_spi_10KHz_ILA/hw/user_35t_withILA.xsa
TRACE::2025-07-16.18:55:40::SCWPlatform:: Unique name xilinx:cmod_a7-35t::0.0
TRACE::2025-07-16.18:55:40::SCWPlatform::Trying to set the existing hwdb with name user_35t_wrapper
TRACE::2025-07-16.18:55:40::SCWPlatform::Opened existing hwdb user_35t_wrapper
TRACE::2025-07-16.18:55:40::SCWPlatform::Found the Hw Db part of the input DSA
TRACE::2025-07-16.18:55:40::SCWPlatform::Trying to open the hw design at C:/Users/ilpes/Desktop/Antenne_e_clocks/obb_golden_INTC_UART_MMCM/iic_spi_10KHz_ILA/hw/user_35t_withILA.xsa
TRACE::2025-07-16.18:55:40::SCWPlatform::DSA given C:/Users/ilpes/Desktop/Antenne_e_clocks/obb_golden_INTC_UART_MMCM/iic_spi_10KHz_ILA/hw/user_35t_withILA.xsa
TRACE::2025-07-16.18:55:40::SCWPlatform::DSA absoulate path C:/Users/ilpes/Desktop/Antenne_e_clocks/obb_golden_INTC_UART_MMCM/iic_spi_10KHz_ILA/hw/user_35t_withILA.xsa
TRACE::2025-07-16.18:55:40::SCWPlatform::DSA directory C:/Users/ilpes/Desktop/Antenne_e_clocks/obb_golden_INTC_UART_MMCM/iic_spi_10KHz_ILA/hw
TRACE::2025-07-16.18:55:40::SCWPlatform:: Platform Path C:/Users/ilpes/Desktop/Antenne_e_clocks/obb_golden_INTC_UART_MMCM/iic_spi_10KHz_ILA/hw/user_35t_withILA.xsa
TRACE::2025-07-16.18:55:40::SCWPlatform:: Unique name xilinx:cmod_a7-35t::0.0
TRACE::2025-07-16.18:55:40::SCWPlatform::Trying to set the existing hwdb with name user_35t_wrapper
TRACE::2025-07-16.18:55:40::SCWPlatform::Opened existing hwdb user_35t_wrapper
TRACE::2025-07-16.18:55:40::SCWPlatform::Found the Hw Db part of the input DSA
TRACE::2025-07-16.18:55:40::SCWPlatform::Trying to open the hw design at C:/Users/ilpes/Desktop/Antenne_e_clocks/obb_golden_INTC_UART_MMCM/iic_spi_10KHz_ILA/hw/user_35t_withILA.xsa
TRACE::2025-07-16.18:55:40::SCWPlatform::DSA given C:/Users/ilpes/Desktop/Antenne_e_clocks/obb_golden_INTC_UART_MMCM/iic_spi_10KHz_ILA/hw/user_35t_withILA.xsa
TRACE::2025-07-16.18:55:40::SCWPlatform::DSA absoulate path C:/Users/ilpes/Desktop/Antenne_e_clocks/obb_golden_INTC_UART_MMCM/iic_spi_10KHz_ILA/hw/user_35t_withILA.xsa
TRACE::2025-07-16.18:55:40::SCWPlatform::DSA directory C:/Users/ilpes/Desktop/Antenne_e_clocks/obb_golden_INTC_UART_MMCM/iic_spi_10KHz_ILA/hw
TRACE::2025-07-16.18:55:40::SCWPlatform:: Platform Path C:/Users/ilpes/Desktop/Antenne_e_clocks/obb_golden_INTC_UART_MMCM/iic_spi_10KHz_ILA/hw/user_35t_withILA.xsa
TRACE::2025-07-16.18:55:40::SCWPlatform:: Unique name xilinx:cmod_a7-35t::0.0
TRACE::2025-07-16.18:55:40::SCWPlatform::Trying to set the existing hwdb with name user_35t_wrapper
TRACE::2025-07-16.18:55:40::SCWPlatform::Opened existing hwdb user_35t_wrapper
TRACE::2025-07-16.18:55:40::SCWPlatform::Found the Hw Db part of the input DSA
TRACE::2025-07-16.18:55:40::SCWPlatform::Trying to open the hw design at C:/Users/ilpes/Desktop/Antenne_e_clocks/obb_golden_INTC_UART_MMCM/iic_spi_10KHz_ILA/hw/user_35t_withILA.xsa
TRACE::2025-07-16.18:55:40::SCWPlatform::DSA given C:/Users/ilpes/Desktop/Antenne_e_clocks/obb_golden_INTC_UART_MMCM/iic_spi_10KHz_ILA/hw/user_35t_withILA.xsa
TRACE::2025-07-16.18:55:40::SCWPlatform::DSA absoulate path C:/Users/ilpes/Desktop/Antenne_e_clocks/obb_golden_INTC_UART_MMCM/iic_spi_10KHz_ILA/hw/user_35t_withILA.xsa
TRACE::2025-07-16.18:55:40::SCWPlatform::DSA directory C:/Users/ilpes/Desktop/Antenne_e_clocks/obb_golden_INTC_UART_MMCM/iic_spi_10KHz_ILA/hw
TRACE::2025-07-16.18:55:40::SCWPlatform:: Platform Path C:/Users/ilpes/Desktop/Antenne_e_clocks/obb_golden_INTC_UART_MMCM/iic_spi_10KHz_ILA/hw/user_35t_withILA.xsa
TRACE::2025-07-16.18:55:40::SCWPlatform:: Unique name xilinx:cmod_a7-35t::0.0
TRACE::2025-07-16.18:55:40::SCWPlatform::Trying to set the existing hwdb with name user_35t_wrapper
TRACE::2025-07-16.18:55:41::SCWPlatform::Opened existing hwdb user_35t_wrapper
TRACE::2025-07-16.18:55:41::SCWPlatform::Found the Hw Db part of the input DSA
TRACE::2025-07-16.18:55:41::SCWMssOS::Checking the sw design at  C:/Users/ilpes/Desktop/Antenne_e_clocks/obb_golden_INTC_UART_MMCM/iic_spi_10KHz_ILA/microblaze_0/standalone_domain/bsp/system.mss
TRACE::2025-07-16.18:55:41::SCWMssOS::DEBUG:  swdes dump  
TRACE::2025-07-16.18:55:41::SCWMssOS::No sw design opened at  C:/Users/ilpes/Desktop/Antenne_e_clocks/obb_golden_INTC_UART_MMCM/iic_spi_10KHz_ILA/microblaze_0/standalone_domain/bsp/system.mss
TRACE::2025-07-16.18:55:41::SCWMssOS::mss exists loading the mss file  C:/Users/ilpes/Desktop/Antenne_e_clocks/obb_golden_INTC_UART_MMCM/iic_spi_10KHz_ILA/microblaze_0/standalone_domain/bsp/system.mss
TRACE::2025-07-16.18:55:41::SCWMssOS::Opened the sw design from mss  C:/Users/ilpes/Desktop/Antenne_e_clocks/obb_golden_INTC_UART_MMCM/iic_spi_10KHz_ILA/microblaze_0/standalone_domain/bsp/system.mss
TRACE::2025-07-16.18:55:41::SCWMssOS::Adding the swdes entry C:/Users/ilpes/Desktop/Antenne_e_clocks/obb_golden_INTC_UART_MMCM/iic_spi_10KHz_ILA/microblaze_0/standalone_domain/bsp/system.mss with des name system
TRACE::2025-07-16.18:55:41::SCWMssOS::updating the scw layer about changes
TRACE::2025-07-16.18:55:41::SCWMssOS::Opened the sw design.  C:/Users/ilpes/Desktop/Antenne_e_clocks/obb_golden_INTC_UART_MMCM/iic_spi_10KHz_ILA/microblaze_0/standalone_domain/bsp/system.mss
TRACE::2025-07-16.18:55:41::SCWMssOS::Saving the mss changes C:/Users/ilpes/Desktop/Antenne_e_clocks/obb_golden_INTC_UART_MMCM/iic_spi_10KHz_ILA/microblaze_0/standalone_domain/bsp/system.mss
TRACE::2025-07-16.18:55:41::SCWMssOS::Found a swdesign opened with the mssfile.
TRACE::2025-07-16.18:55:41::SCWMssOS::Completed writemss as part of save.
TRACE::2025-07-16.18:55:41::SCWMssOS::Commit changes completed.
TRACE::2025-07-16.18:55:41::SCWReader::Adding prebuilt librarypaths as   
TRACE::2025-07-16.18:55:41::SCWReader::Adding prebuilt incpaths  as   
TRACE::2025-07-16.18:55:41::SCWPlatform::Trying to open the hw design at C:/Users/ilpes/Desktop/Antenne_e_clocks/obb_golden_INTC_UART_MMCM/iic_spi_10KHz_ILA/hw/user_35t_withILA.xsa
TRACE::2025-07-16.18:55:41::SCWPlatform::DSA given C:/Users/ilpes/Desktop/Antenne_e_clocks/obb_golden_INTC_UART_MMCM/iic_spi_10KHz_ILA/hw/user_35t_withILA.xsa
TRACE::2025-07-16.18:55:41::SCWPlatform::DSA absoulate path C:/Users/ilpes/Desktop/Antenne_e_clocks/obb_golden_INTC_UART_MMCM/iic_spi_10KHz_ILA/hw/user_35t_withILA.xsa
TRACE::2025-07-16.18:55:41::SCWPlatform::DSA directory C:/Users/ilpes/Desktop/Antenne_e_clocks/obb_golden_INTC_UART_MMCM/iic_spi_10KHz_ILA/hw
TRACE::2025-07-16.18:55:41::SCWPlatform:: Platform Path C:/Users/ilpes/Desktop/Antenne_e_clocks/obb_golden_INTC_UART_MMCM/iic_spi_10KHz_ILA/hw/user_35t_withILA.xsa
TRACE::2025-07-16.18:55:41::SCWPlatform:: Unique name xilinx:cmod_a7-35t::0.0
TRACE::2025-07-16.18:55:41::SCWPlatform::Trying to set the existing hwdb with name user_35t_wrapper
TRACE::2025-07-16.18:55:41::SCWPlatform::Opened existing hwdb user_35t_wrapper
TRACE::2025-07-16.18:55:41::SCWPlatform::Found the Hw Db part of the input DSA
TRACE::2025-07-16.18:55:41::SCWMssOS::Checking the sw design at  C:/Users/ilpes/Desktop/Antenne_e_clocks/obb_golden_INTC_UART_MMCM/iic_spi_10KHz_ILA/microblaze_0/standalone_domain/bsp/system.mss
TRACE::2025-07-16.18:55:41::SCWMssOS::DEBUG:  swdes dump  C:/Users/ilpes/Desktop/Antenne_e_clocks/obb_golden_INTC_UART_MMCM/iic_spi_10KHz_ILA/microblaze_0/standalone_domain/bsp/system.mss|system||

TRACE::2025-07-16.18:55:41::SCWMssOS::Sw design exists and opened at  C:/Users/ilpes/Desktop/Antenne_e_clocks/obb_golden_INTC_UART_MMCM/iic_spi_10KHz_ILA/microblaze_0/standalone_domain/bsp/system.mss
TRACE::2025-07-16.18:55:41::SCWReader::No isolation master present  
LOG::2025-07-16.18:55:41::SCWPlatform::Started generating the artifacts platform iic_spi_10KHz_ILA
TRACE::2025-07-16.18:55:41::SCWPlatform::Sanity checking of platform is completed
LOG::2025-07-16.18:55:41::SCWPlatform::Started generating the artifacts for system configuration iic_spi_10KHz_ILA
LOG::2025-07-16.18:55:41::SCWSystem::Checking the domain standalone_domain
LOG::2025-07-16.18:55:41::SCWSystem::Not a boot domain 
LOG::2025-07-16.18:55:41::SCWSystem::Started Processing the domain standalone_domain
TRACE::2025-07-16.18:55:41::SCWDomain::Generating domain artifcats
TRACE::2025-07-16.18:55:41::SCWMssOS::Generating standalone artifcats
TRACE::2025-07-16.18:55:41::SCWMssOS:: Copying the user libraries. 
TRACE::2025-07-16.18:55:41::SCWPlatform::Trying to open the hw design at C:/Users/ilpes/Desktop/Antenne_e_clocks/obb_golden_INTC_UART_MMCM/iic_spi_10KHz_ILA/hw/user_35t_withILA.xsa
TRACE::2025-07-16.18:55:41::SCWPlatform::DSA given C:/Users/ilpes/Desktop/Antenne_e_clocks/obb_golden_INTC_UART_MMCM/iic_spi_10KHz_ILA/hw/user_35t_withILA.xsa
TRACE::2025-07-16.18:55:41::SCWPlatform::DSA absoulate path C:/Users/ilpes/Desktop/Antenne_e_clocks/obb_golden_INTC_UART_MMCM/iic_spi_10KHz_ILA/hw/user_35t_withILA.xsa
TRACE::2025-07-16.18:55:41::SCWPlatform::DSA directory C:/Users/ilpes/Desktop/Antenne_e_clocks/obb_golden_INTC_UART_MMCM/iic_spi_10KHz_ILA/hw
TRACE::2025-07-16.18:55:41::SCWPlatform:: Platform Path C:/Users/ilpes/Desktop/Antenne_e_clocks/obb_golden_INTC_UART_MMCM/iic_spi_10KHz_ILA/hw/user_35t_withILA.xsa
TRACE::2025-07-16.18:55:41::SCWPlatform:: Unique name xilinx:cmod_a7-35t::0.0
TRACE::2025-07-16.18:55:41::SCWPlatform::Trying to set the existing hwdb with name user_35t_wrapper
TRACE::2025-07-16.18:55:41::SCWPlatform::Opened existing hwdb user_35t_wrapper
TRACE::2025-07-16.18:55:41::SCWPlatform::Found the Hw Db part of the input DSA
TRACE::2025-07-16.18:55:41::SCWMssOS::Checking the sw design at  C:/Users/ilpes/Desktop/Antenne_e_clocks/obb_golden_INTC_UART_MMCM/iic_spi_10KHz_ILA/microblaze_0/standalone_domain/bsp/system.mss
TRACE::2025-07-16.18:55:41::SCWMssOS::DEBUG:  swdes dump  C:/Users/ilpes/Desktop/Antenne_e_clocks/obb_golden_INTC_UART_MMCM/iic_spi_10KHz_ILA/microblaze_0/standalone_domain/bsp/system.mss|system||

TRACE::2025-07-16.18:55:41::SCWMssOS::Sw design exists and opened at  C:/Users/ilpes/Desktop/Antenne_e_clocks/obb_golden_INTC_UART_MMCM/iic_spi_10KHz_ILA/microblaze_0/standalone_domain/bsp/system.mss
TRACE::2025-07-16.18:55:41::SCWMssOS::Completed writing the mss file at C:/Users/ilpes/Desktop/Antenne_e_clocks/obb_golden_INTC_UART_MMCM/iic_spi_10KHz_ILA/microblaze_0/standalone_domain/bsp
TRACE::2025-07-16.18:55:41::SCWMssOS::Mss edits present, copying mssfile into export location C:/Users/ilpes/Desktop/Antenne_e_clocks/obb_golden_INTC_UART_MMCM/iic_spi_10KHz_ILA/microblaze_0/standalone_domain/bsp/system.mss
TRACE::2025-07-16.18:55:41::SCWMssOS::bsp generated is upto date with the mss file. Skipping bsp generation.
TRACE::2025-07-16.18:55:41::SCWMssOS::BSP is already built. skipping the bsp build ... 
TRACE::2025-07-16.18:55:41::SCWDomain::Building the domain as part of full build :  standalone_domain
TRACE::2025-07-16.18:55:41::SCWMssOS::doing bsp build ... 
TRACE::2025-07-16.18:55:41::SCWMssOS::System Command Ran  C: & cd  C:/Users/ilpes/Desktop/Antenne_e_clocks/obb_golden_INTC_UART_MMCM/iic_spi_10KHz_ILA/microblaze_0/standalone_domain/bsp & make 
TRACE::2025-07-16.18:55:41::SCWMssOS::make --no-print-directory seq_libs

TRACE::2025-07-16.18:55:41::SCWMssOS::'Finished building libraries sequentially.'

TRACE::2025-07-16.18:55:41::SCWMssOS::make -j --no-print-directory par_libs

TRACE::2025-07-16.18:55:41::SCWMssOS::"Running Make include in microblaze_0/libsrc/bram_v4_5/src"

TRACE::2025-07-16.18:55:41::SCWMssOS::make -C microblaze_0/libsrc/bram_v4_5/src -s include  "SHELL=CMD" "COMPILER=mb-gcc" "ASSEMBLER=mb-as" "ARCHIVER=mb-ar" "COMPILE
TRACE::2025-07-16.18:55:41::SCWMssOS::R_FLAGS=  -O2 -c -mcpu=v11.0 -mlittle-endian -mno-xl-soft-div -mno-xl-soft-mul -mxl-barrel-shift -mxl-pattern-compare" "EXTRA_C
TRACE::2025-07-16.18:55:41::SCWMssOS::OMPILER_FLAGS=-g -ffunction-sections -fdata-sections -Wall -Wextra"

TRACE::2025-07-16.18:55:41::SCWMssOS::"Running Make include in microblaze_0/libsrc/cpu_v2_12/src"

TRACE::2025-07-16.18:55:41::SCWMssOS::make -C microblaze_0/libsrc/cpu_v2_12/src -s include  "SHELL=CMD" "COMPILER=mb-gcc" "ASSEMBLER=mb-as" "ARCHIVER=mb-ar" "COMPILE
TRACE::2025-07-16.18:55:41::SCWMssOS::R_FLAGS=  -O2 -c -mcpu=v11.0 -mlittle-endian -mno-xl-soft-div -mno-xl-soft-mul -mxl-barrel-shift -mxl-pattern-compare" "EXTRA_C
TRACE::2025-07-16.18:55:41::SCWMssOS::OMPILER_FLAGS=-g -ffunction-sections -fdata-sections -Wall -Wextra"

TRACE::2025-07-16.18:55:41::SCWMssOS::"Running Make include in microblaze_0/libsrc/gpio_v4_7/src"

TRACE::2025-07-16.18:55:41::SCWMssOS::make -C microblaze_0/libsrc/gpio_v4_7/src -s include  "SHELL=CMD" "COMPILER=mb-gcc" "ASSEMBLER=mb-as" "ARCHIVER=mb-ar" "COMPILE
TRACE::2025-07-16.18:55:41::SCWMssOS::R_FLAGS=  -O2 -c -mcpu=v11.0 -mlittle-endian -mno-xl-soft-div -mno-xl-soft-mul -mxl-barrel-shift -mxl-pattern-compare" "EXTRA_C
TRACE::2025-07-16.18:55:41::SCWMssOS::OMPILER_FLAGS=-g -ffunction-sections -fdata-sections -Wall -Wextra"

TRACE::2025-07-16.18:55:41::SCWMssOS::"Running Make include in microblaze_0/libsrc/iic_v3_7/src"

TRACE::2025-07-16.18:55:41::SCWMssOS::make -C microblaze_0/libsrc/iic_v3_7/src -s include  "SHELL=CMD" "COMPILER=mb-gcc" "ASSEMBLER=mb-as" "ARCHIVER=mb-ar" "COMPILER
TRACE::2025-07-16.18:55:41::SCWMssOS::_FLAGS=  -O2 -c -mcpu=v11.0 -mlittle-endian -mno-xl-soft-div -mno-xl-soft-mul -mxl-barrel-shift -mxl-pattern-compare" "EXTRA_CO
TRACE::2025-07-16.18:55:41::SCWMssOS::MPILER_FLAGS=-g -ffunction-sections -fdata-sections -Wall -Wextra"

TRACE::2025-07-16.18:55:41::SCWMssOS::"Running Make include in microblaze_0/libsrc/intc_v3_12/src"

TRACE::2025-07-16.18:55:41::SCWMssOS::make -C microblaze_0/libsrc/intc_v3_12/src -s include  "SHELL=CMD" "COMPILER=mb-gcc" "ASSEMBLER=mb-as" "ARCHIVER=mb-ar" "COMPIL
TRACE::2025-07-16.18:55:41::SCWMssOS::ER_FLAGS=  -O2 -c -mcpu=v11.0 -mlittle-endian -mno-xl-soft-div -mno-xl-soft-mul -mxl-barrel-shift -mxl-pattern-compare" "EXTRA_
TRACE::2025-07-16.18:55:41::SCWMssOS::COMPILER_FLAGS=-g -ffunction-sections -fdata-sections -Wall -Wextra"

TRACE::2025-07-16.18:55:41::SCWMssOS::"Running Make include in microblaze_0/libsrc/spi_v4_7/src"

TRACE::2025-07-16.18:55:41::SCWMssOS::make -C microblaze_0/libsrc/spi_v4_7/src -s include  "SHELL=CMD" "COMPILER=mb-gcc" "ASSEMBLER=mb-as" "ARCHIVER=mb-ar" "COMPILER
TRACE::2025-07-16.18:55:41::SCWMssOS::_FLAGS=  -O2 -c -mcpu=v11.0 -mlittle-endian -mno-xl-soft-div -mno-xl-soft-mul -mxl-barrel-shift -mxl-pattern-compare" "EXTRA_CO
TRACE::2025-07-16.18:55:41::SCWMssOS::MPILER_FLAGS=-g -ffunction-sections -fdata-sections -Wall -Wextra"

TRACE::2025-07-16.18:55:41::SCWMssOS::"Running Make include in microblaze_0/libsrc/standalone_v7_3/src"

TRACE::2025-07-16.18:55:41::SCWMssOS::make -C microblaze_0/libsrc/standalone_v7_3/src -s include  "SHELL=CMD" "COMPILER=mb-gcc" "ASSEMBLER=mb-as" "ARCHIVER=mb-ar" "C
TRACE::2025-07-16.18:55:41::SCWMssOS::OMPILER_FLAGS=  -O2 -c -mcpu=v11.0 -mlittle-endian -mno-xl-soft-div -mno-xl-soft-mul -mxl-barrel-shift -mxl-pattern-compare" "E
TRACE::2025-07-16.18:55:41::SCWMssOS::XTRA_COMPILER_FLAGS=-g -ffunction-sections -fdata-sections -Wall -Wextra"

TRACE::2025-07-16.18:55:41::SCWMssOS::"Running Make include in microblaze_0/libsrc/tmrctr_v4_7/src"

TRACE::2025-07-16.18:55:41::SCWMssOS::make -C microblaze_0/libsrc/tmrctr_v4_7/src -s include  "SHELL=CMD" "COMPILER=mb-gcc" "ASSEMBLER=mb-as" "ARCHIVER=mb-ar" "COMPI
TRACE::2025-07-16.18:55:41::SCWMssOS::LER_FLAGS=  -O2 -c -mcpu=v11.0 -mlittle-endian -mno-xl-soft-div -mno-xl-soft-mul -mxl-barrel-shift -mxl-pattern-compare" "EXTRA
TRACE::2025-07-16.18:55:41::SCWMssOS::_COMPILER_FLAGS=-g -ffunction-sections -fdata-sections -Wall -Wextra"

TRACE::2025-07-16.18:55:41::SCWMssOS::"Running Make include in microblaze_0/libsrc/uartlite_v3_5/src"

TRACE::2025-07-16.18:55:41::SCWMssOS::make -C microblaze_0/libsrc/uartlite_v3_5/src -s include  "SHELL=CMD" "COMPILER=mb-gcc" "ASSEMBLER=mb-as" "ARCHIVER=mb-ar" "COM
TRACE::2025-07-16.18:55:41::SCWMssOS::PILER_FLAGS=  -O2 -c -mcpu=v11.0 -mlittle-endian -mno-xl-soft-div -mno-xl-soft-mul -mxl-barrel-shift -mxl-pattern-compare" "EXT
TRACE::2025-07-16.18:55:41::SCWMssOS::RA_COMPILER_FLAGS=-g -ffunction-sections -fdata-sections -Wall -Wextra"

TRACE::2025-07-16.18:55:42::SCWMssOS::"Running Make libs in microblaze_0/libsrc/bram_v4_5/src"

TRACE::2025-07-16.18:55:42::SCWMssOS::make -C microblaze_0/libsrc/bram_v4_5/src -s libs  "SHELL=CMD" "COMPILER=mb-gcc" "ASSEMBLER=mb-as" "ARCHIVER=mb-ar" "COMPILER_F
TRACE::2025-07-16.18:55:42::SCWMssOS::LAGS=  -O2 -c -mcpu=v11.0 -mlittle-endian -mno-xl-soft-div -mno-xl-soft-mul -mxl-barrel-shift -mxl-pattern-compare" "EXTRA_COMP
TRACE::2025-07-16.18:55:42::SCWMssOS::ILER_FLAGS=-g -ffunction-sections -fdata-sections -Wall -Wextra"

TRACE::2025-07-16.18:55:42::SCWMssOS::"Running Make libs in microblaze_0/libsrc/cpu_v2_12/src"

TRACE::2025-07-16.18:55:42::SCWMssOS::make -C microblaze_0/libsrc/cpu_v2_12/src -s libs  "SHELL=CMD" "COMPILER=mb-gcc" "ASSEMBLER=mb-as" "ARCHIVER=mb-ar" "COMPILER_F
TRACE::2025-07-16.18:55:42::SCWMssOS::LAGS=  -O2 -c -mcpu=v11.0 -mlittle-endian -mno-xl-soft-div -mno-xl-soft-mul -mxl-barrel-shift -mxl-pattern-compare" "EXTRA_COMP
TRACE::2025-07-16.18:55:42::SCWMssOS::ILER_FLAGS=-g -ffunction-sections -fdata-sections -Wall -Wextra"

TRACE::2025-07-16.18:55:42::SCWMssOS::"Running Make libs in microblaze_0/libsrc/gpio_v4_7/src"

TRACE::2025-07-16.18:55:43::SCWMssOS::make -C microblaze_0/libsrc/gpio_v4_7/src -s libs  "SHELL=CMD" "COMPILER=mb-gcc" "ASSEMBLER=mb-as" "ARCHIVER=mb-ar" "COMPILER_F
TRACE::2025-07-16.18:55:43::SCWMssOS::LAGS=  -O2 -c -mcpu=v11.0 -mlittle-endian -mno-xl-soft-div -mno-xl-soft-mul -mxl-barrel-shift -mxl-pattern-compare" "EXTRA_COMP
TRACE::2025-07-16.18:55:43::SCWMssOS::ILER_FLAGS=-g -ffunction-sections -fdata-sections -Wall -Wextra"

TRACE::2025-07-16.18:55:43::SCWMssOS::"Running Make libs in microblaze_0/libsrc/iic_v3_7/src"

TRACE::2025-07-16.18:55:43::SCWMssOS::make -C microblaze_0/libsrc/iic_v3_7/src -s libs  "SHELL=CMD" "COMPILER=mb-gcc" "ASSEMBLER=mb-as" "ARCHIVER=mb-ar" "COMPILER_FL
TRACE::2025-07-16.18:55:43::SCWMssOS::AGS=  -O2 -c -mcpu=v11.0 -mlittle-endian -mno-xl-soft-div -mno-xl-soft-mul -mxl-barrel-shift -mxl-pattern-compare" "EXTRA_COMPI
TRACE::2025-07-16.18:55:43::SCWMssOS::LER_FLAGS=-g -ffunction-sections -fdata-sections -Wall -Wextra"

TRACE::2025-07-16.18:55:43::SCWMssOS::"Running Make libs in microblaze_0/libsrc/intc_v3_12/src"

TRACE::2025-07-16.18:55:43::SCWMssOS::make -C microblaze_0/libsrc/intc_v3_12/src -s libs  "SHELL=CMD" "COMPILER=mb-gcc" "ASSEMBLER=mb-as" "ARCHIVER=mb-ar" "COMPILER_
TRACE::2025-07-16.18:55:43::SCWMssOS::FLAGS=  -O2 -c -mcpu=v11.0 -mlittle-endian -mno-xl-soft-div -mno-xl-soft-mul -mxl-barrel-shift -mxl-pattern-compare" "EXTRA_COM
TRACE::2025-07-16.18:55:43::SCWMssOS::PILER_FLAGS=-g -ffunction-sections -fdata-sections -Wall -Wextra"

TRACE::2025-07-16.18:55:43::SCWMssOS::"Running Make libs in microblaze_0/libsrc/spi_v4_7/src"

TRACE::2025-07-16.18:55:43::SCWMssOS::make -C microblaze_0/libsrc/spi_v4_7/src -s libs  "SHELL=CMD" "COMPILER=mb-gcc" "ASSEMBLER=mb-as" "ARCHIVER=mb-ar" "COMPILER_FL
TRACE::2025-07-16.18:55:43::SCWMssOS::AGS=  -O2 -c -mcpu=v11.0 -mlittle-endian -mno-xl-soft-div -mno-xl-soft-mul -mxl-barrel-shift -mxl-pattern-compare" "EXTRA_COMPI
TRACE::2025-07-16.18:55:43::SCWMssOS::LER_FLAGS=-g -ffunction-sections -fdata-sections -Wall -Wextra"

TRACE::2025-07-16.18:55:43::SCWMssOS::"Running Make libs in microblaze_0/libsrc/standalone_v7_3/src"

TRACE::2025-07-16.18:55:43::SCWMssOS::make -C microblaze_0/libsrc/standalone_v7_3/src -s libs  "SHELL=CMD" "COMPILER=mb-gcc" "ASSEMBLER=mb-as" "ARCHIVER=mb-ar" "COMP
TRACE::2025-07-16.18:55:43::SCWMssOS::ILER_FLAGS=  -O2 -c -mcpu=v11.0 -mlittle-endian -mno-xl-soft-div -mno-xl-soft-mul -mxl-barrel-shift -mxl-pattern-compare" "EXTR
TRACE::2025-07-16.18:55:43::SCWMssOS::A_COMPILER_FLAGS=-g -ffunction-sections -fdata-sections -Wall -Wextra"

TRACE::2025-07-16.18:55:43::SCWMssOS::"Running Make libs in microblaze_0/libsrc/tmrctr_v4_7/src"

TRACE::2025-07-16.18:55:43::SCWMssOS::make -C microblaze_0/libsrc/tmrctr_v4_7/src -s libs  "SHELL=CMD" "COMPILER=mb-gcc" "ASSEMBLER=mb-as" "ARCHIVER=mb-ar" "COMPILER
TRACE::2025-07-16.18:55:43::SCWMssOS::_FLAGS=  -O2 -c -mcpu=v11.0 -mlittle-endian -mno-xl-soft-div -mno-xl-soft-mul -mxl-barrel-shift -mxl-pattern-compare" "EXTRA_CO
TRACE::2025-07-16.18:55:43::SCWMssOS::MPILER_FLAGS=-g -ffunction-sections -fdata-sections -Wall -Wextra"

TRACE::2025-07-16.18:55:43::SCWMssOS::"Running Make libs in microblaze_0/libsrc/uartlite_v3_5/src"

TRACE::2025-07-16.18:55:43::SCWMssOS::make -C microblaze_0/libsrc/uartlite_v3_5/src -s libs  "SHELL=CMD" "COMPILER=mb-gcc" "ASSEMBLER=mb-as" "ARCHIVER=mb-ar" "COMPIL
TRACE::2025-07-16.18:55:43::SCWMssOS::ER_FLAGS=  -O2 -c -mcpu=v11.0 -mlittle-endian -mno-xl-soft-div -mno-xl-soft-mul -mxl-barrel-shift -mxl-pattern-compare" "EXTRA_
TRACE::2025-07-16.18:55:43::SCWMssOS::COMPILER_FLAGS=-g -ffunction-sections -fdata-sections -Wall -Wextra"

TRACE::2025-07-16.18:55:43::SCWMssOS::'Finished building libraries parallelly.'

TRACE::2025-07-16.18:55:43::SCWMssOS::make --no-print-directory archive

TRACE::2025-07-16.18:55:43::SCWMssOS::mb-ar -r  microblaze_0/lib/libxil.a microblaze_0/lib/xplatform_info.o microblaze_0/lib/xtmrctr_options.o microblaze_0/lib/micro
TRACE::2025-07-16.18:55:43::SCWMssOS::blaze_disable_exceptions.o microblaze_0/lib/print.o microblaze_0/lib/xil_testio.o microblaze_0/lib/microblaze_disable_dcache.o 
TRACE::2025-07-16.18:55:43::SCWMssOS::microblaze_0/lib/microblaze_flush_dcache_range.o microblaze_0/lib/xspi_g.o microblaze_0/lib/microblaze_flush_cache_ext.o microb
TRACE::2025-07-16.18:55:43::SCWMssOS::laze_0/lib/xspi.o microblaze_0/lib/xspi_sinit.o microblaze_0/lib/xil_misc_psreset_api.o microblaze_0/lib/xspi_selftest.o microb
TRACE::2025-07-16.18:55:43::SCWMssOS::laze_0/lib/xil_cache.o microblaze_0/lib/xil_util.o microblaze_0/lib/inbyte.o microblaze_0/lib/xiic_multi_master.o microblaze_0/
TRACE::2025-07-16.18:55:43::SCWMssOS::lib/xiic_sinit.o microblaze_0/lib/microblaze_exception_handler.o microblaze_0/lib/xbram_g.o microblaze_0/lib/xbram_sinit.o micr
TRACE::2025-07-16.18:55:43::SCWMssOS::oblaze_0/lib/microblaze_scrub.o microblaze_0/lib/xtmrctr_intr.o microblaze_0/lib/microblaze_invalidate_dcache.o microblaze_0/li
TRACE::2025-07-16.18:55:43::SCWMssOS::b/microblaze_disable_interrupts.o microblaze_0/lib/xbram_selftest.o microblaze_0/lib/microblaze_interrupt_handler.o microblaze_
TRACE::2025-07-16.18:55:43::SCWMssOS::0/lib/microblaze_disable_icache.o microblaze_0/lib/_exit.o microblaze_0/lib/xgpio_g.o microblaze_0/lib/xuartlite_g.o microblaze
TRACE::2025-07-16.18:55:43::SCWMssOS::_0/lib/xspi_stats.o microblaze_0/lib/microblaze_flush_cache_ext_range.o microblaze_0/lib/xiic_intr.o microblaze_0/lib/xil_sleep
TRACE::2025-07-16.18:55:43::SCWMssOS::common.o microblaze_0/lib/xil_printf.o microblaze_0/lib/xintc_g.o microblaze_0/lib/xiic_g.o microblaze_0/lib/xiic_l.o microblaz
TRACE::2025-07-16.18:55:43::SCWMssOS::e_0/lib/xtmrctr_l.o microblaze_0/lib/xintc_selftest.o microblaze_0/lib/xintc_l.o microblaze_0/lib/outbyte.o microblaze_0/lib/xi
TRACE::2025-07-16.18:55:43::SCWMssOS::o.o microblaze_0/lib/xgpio_intr.o microblaze_0/lib/xiic_slave.o microblaze_0/lib/microblaze_invalidate_dcache_range.o microblaz
TRACE::2025-07-16.18:55:43::SCWMssOS::e_0/lib/xil_testmem.o microblaze_0/lib/microblaze_invalidate_cache_ext.o microblaze_0/lib/microblaze_sleep.o microblaze_0/lib/x
TRACE::2025-07-16.18:55:43::SCWMssOS::uartlite_sinit.o microblaze_0/lib/hw_exception_handler.o microblaze_0/lib/xtmrctr.o microblaze_0/lib/xintc_options.o microblaze
TRACE::2025-07-16.18:55:43::SCWMssOS::_0/lib/xuartlite_selftest.o microblaze_0/lib/xgpio_sinit.o microblaze_0/lib/xuartlite.o microblaze_0/lib/microblaze_update_dcac
TRACE::2025-07-16.18:55:43::SCWMssOS::he.o microblaze_0/lib/xil_testcache.o microblaze_0/lib/microblaze_selftest.o microblaze_0/lib/microblaze_interrupts_g.o microbl
TRACE::2025-07-16.18:55:43::SCWMssOS::aze_0/lib/microblaze_enable_exceptions.o microblaze_0/lib/xil_mem.o microblaze_0/lib/xtmrctr_g.o microblaze_0/lib/microblaze_en
TRACE::2025-07-16.18:55:43::SCWMssOS::able_dcache.o microblaze_0/lib/xbram.o microblaze_0/lib/microblaze_invalidate_icache_range.o microblaze_0/lib/xtmrctr_selftest.
TRACE::2025-07-16.18:55:43::SCWMssOS::o microblaze_0/lib/microblaze_init_dcache_range.o microblaze_0/lib/microblaze_invalidate_icache.o microblaze_0/lib/xspi_options
TRACE::2025-07-16.18:55:43::SCWMssOS::.o microblaze_0/lib/errno.o microblaze_0/lib/xuartlite_l.o microblaze_0/lib/xiic_dyn_master.o microblaze_0/lib/xintc.o microbla
TRACE::2025-07-16.18:55:43::SCWMssOS::ze_0/lib/xuartlite_stats.o microblaze_0/lib/microblaze_invalidate_cache_ext_range.o microblaze_0/lib/xintc_intr.o microblaze_0/
TRACE::2025-07-16.18:55:43::SCWMssOS::lib/xil_exception.o microblaze_0/lib/pvr.o microblaze_0/lib/xgpio.o microblaze_0/lib/xiic_options.o microblaze_0/lib/microblaze
TRACE::2025-07-16.18:55:43::SCWMssOS::_update_icache.o microblaze_0/lib/xiic_master.o microblaze_0/lib/xuartlite_intr.o microblaze_0/lib/microblaze_flush_dcache.o mi
TRACE::2025-07-16.18:55:43::SCWMssOS::croblaze_0/lib/xil_clocking.o microblaze_0/lib/xil_assert.o microblaze_0/lib/xiic_stats.o microblaze_0/lib/microblaze_enable_in
TRACE::2025-07-16.18:55:43::SCWMssOS::terrupts.o microblaze_0/lib/xgpio_extra.o microblaze_0/lib/microblaze_init_icache_range.o microblaze_0/lib/microblaze_enable_ic
TRACE::2025-07-16.18:55:43::SCWMssOS::ache.o microblaze_0/lib/xiic.o microblaze_0/lib/xtmrctr_stats.o microblaze_0/lib/xbram_intr.o microblaze_0/lib/xtmrctr_sinit.o 
TRACE::2025-07-16.18:55:43::SCWMssOS::microblaze_0/lib/xiic_selftest.o microblaze_0/lib/fcntl.o microblaze_0/lib/xgpio_selftest.o

TRACE::2025-07-16.18:55:44::SCWMssOS::'Finished building libraries'

TRACE::2025-07-16.18:55:45::SCWMssOS::Copying to export directory.
TRACE::2025-07-16.18:55:45::SCWMssOS:: Checking if to create the Supporting Applications
TRACE::2025-07-16.18:55:45::SCWMssOS:: No Linux domain exists, trying to generate FSBL 
LOG::2025-07-16.18:55:45::SCWSystem::Completed Processing the domain standalone_domain
LOG::2025-07-16.18:55:45::SCWSystem::Completed Processing the sysconfig iic_spi_10KHz_ILA
LOG::2025-07-16.18:55:45::SCWPlatform::Completed generating the artifacts for system configuration iic_spi_10KHz_ILA
TRACE::2025-07-16.18:55:45::SCWPlatform::Started preparing the platform 
TRACE::2025-07-16.18:55:45::SCWSystem::Writing the bif file for system config iic_spi_10KHz_ILA
TRACE::2025-07-16.18:55:45::SCWSystem::dir created 
TRACE::2025-07-16.18:55:45::SCWSystem::Writing the bif 
TRACE::2025-07-16.18:55:45::SCWPlatform::Started writing the spfm file 
TRACE::2025-07-16.18:55:45::SCWPlatform::Started writing the xpfm file 
TRACE::2025-07-16.18:55:45::SCWPlatform::Completed generating the platform
TRACE::2025-07-16.18:55:45::SCWMssOS::Saving the mss changes C:/Users/ilpes/Desktop/Antenne_e_clocks/obb_golden_INTC_UART_MMCM/iic_spi_10KHz_ILA/microblaze_0/standalone_domain/bsp/system.mss
TRACE::2025-07-16.18:55:45::SCWMssOS::Found a swdesign opened with the mssfile.
TRACE::2025-07-16.18:55:45::SCWMssOS::Completed writemss as part of save.
TRACE::2025-07-16.18:55:45::SCWMssOS::Commit changes completed.
TRACE::2025-07-16.18:55:45::SCWPlatform::Trying to open the hw design at C:/Users/ilpes/Desktop/Antenne_e_clocks/obb_golden_INTC_UART_MMCM/iic_spi_10KHz_ILA/hw/user_35t_withILA.xsa
TRACE::2025-07-16.18:55:45::SCWPlatform::DSA given C:/Users/ilpes/Desktop/Antenne_e_clocks/obb_golden_INTC_UART_MMCM/iic_spi_10KHz_ILA/hw/user_35t_withILA.xsa
TRACE::2025-07-16.18:55:45::SCWPlatform::DSA absoulate path C:/Users/ilpes/Desktop/Antenne_e_clocks/obb_golden_INTC_UART_MMCM/iic_spi_10KHz_ILA/hw/user_35t_withILA.xsa
TRACE::2025-07-16.18:55:45::SCWPlatform::DSA directory C:/Users/ilpes/Desktop/Antenne_e_clocks/obb_golden_INTC_UART_MMCM/iic_spi_10KHz_ILA/hw
TRACE::2025-07-16.18:55:45::SCWPlatform:: Platform Path C:/Users/ilpes/Desktop/Antenne_e_clocks/obb_golden_INTC_UART_MMCM/iic_spi_10KHz_ILA/hw/user_35t_withILA.xsa
TRACE::2025-07-16.18:55:45::SCWPlatform:: Unique name xilinx:cmod_a7-35t::0.0
TRACE::2025-07-16.18:55:45::SCWPlatform::Trying to set the existing hwdb with name user_35t_wrapper
TRACE::2025-07-16.18:55:45::SCWPlatform::Opened existing hwdb user_35t_wrapper
TRACE::2025-07-16.18:55:45::SCWPlatform::Found the Hw Db part of the input DSA
TRACE::2025-07-16.18:55:45::SCWMssOS::Checking the sw design at  C:/Users/ilpes/Desktop/Antenne_e_clocks/obb_golden_INTC_UART_MMCM/iic_spi_10KHz_ILA/microblaze_0/standalone_domain/bsp/system.mss
TRACE::2025-07-16.18:55:45::SCWMssOS::DEBUG:  swdes dump  C:/Users/ilpes/Desktop/Antenne_e_clocks/obb_golden_INTC_UART_MMCM/iic_spi_10KHz_ILA/microblaze_0/standalone_domain/bsp/system.mss|system||

TRACE::2025-07-16.18:55:45::SCWMssOS::Sw design exists and opened at  C:/Users/ilpes/Desktop/Antenne_e_clocks/obb_golden_INTC_UART_MMCM/iic_spi_10KHz_ILA/microblaze_0/standalone_domain/bsp/system.mss
TRACE::2025-07-16.18:55:45::SCWWriter::formatted JSON is {
	"platformName":	"iic_spi_10KHz_ILA",
	"sprVersion":	"2.0",
	"mode":	"gui",
	"dsaType":	"Fixed",
	"platformDesc":	"iic_spi_10KHz_ILA",
	"platHandOff":	"C:/Users/ilpes/Desktop/INSEGNAMENTO/Didattica2023/CMOD_A35t_emc_uart_iic_spi/project_1/user_35t_withILA.xsa",
	"platIntHandOff":	"<platformDir>/hw/user_35t_withILA.xsa",
	"deviceType":	"FPGA",
	"platIsPrebuiltAutogen":	"false",
	"platIsNoBootBsp":	"false",
	"hasFsblMakeHasChanges":	"false",
	"hasPmufwMakeHasChanges":	"false",
	"platPreBuiltFlag":	false,
	"platformSamplesDir":	"",
	"platActiveSys":	"iic_spi_10KHz_ILA",
	"systems":	[{
			"systemName":	"iic_spi_10KHz_ILA",
			"systemDesc":	"iic_spi_10KHz_ILA",
			"sysIsBootAutoGen":	"true",
			"systemDispName":	"iic_spi_10KHz_ILA",
			"sysActiveDom":	"standalone_domain",
			"sysDefaultDom":	"standalone_domain",
			"domains":	[{
					"domainName":	"standalone_domain",
					"domainDispName":	"standalone on microblaze_0",
					"domainDesc":	"standalone_domain",
					"processors":	"microblaze_0",
					"os":	"standalone",
					"sdxOs":	"standalone",
					"debugEnable":	"False",
					"domRuntimes":	["cpp"],
					"swRepo":	"",
					"mssOsVer":	"7.3",
					"mssFile":	"",
					"md5Digest":	"4ff912ba097ec0244cd8262b18dcbf48",
					"compatibleApp":	"",
					"domType":	"mssDomain",
					"arch":	"32-bit",
					"appSettings":	{
						"appCompilerFlags":	"",
						"appLinkerFlags":	""
					},
					"addedLibs":	[],
					"libOptions":	{
						"libsContainingOptions":	[]
					},
					"prebuiltLibs":	{
						"prebuiltIncPath":	[],
						"prebuiltLibPath":	[]
					},
					"isolation":	{
					}
				}]
		}]
}
KEYINFO::2025-07-16.18:55:45::SCWPlatform::updated the xpfm file.
TRACE::2025-07-16.18:55:45::SCWPlatform::Trying to open the hw design at C:/Users/ilpes/Desktop/Antenne_e_clocks/obb_golden_INTC_UART_MMCM/iic_spi_10KHz_ILA/hw/user_35t_withILA.xsa
TRACE::2025-07-16.18:55:45::SCWPlatform::DSA given C:/Users/ilpes/Desktop/Antenne_e_clocks/obb_golden_INTC_UART_MMCM/iic_spi_10KHz_ILA/hw/user_35t_withILA.xsa
TRACE::2025-07-16.18:55:45::SCWPlatform::DSA absoulate path C:/Users/ilpes/Desktop/Antenne_e_clocks/obb_golden_INTC_UART_MMCM/iic_spi_10KHz_ILA/hw/user_35t_withILA.xsa
TRACE::2025-07-16.18:55:45::SCWPlatform::DSA directory C:/Users/ilpes/Desktop/Antenne_e_clocks/obb_golden_INTC_UART_MMCM/iic_spi_10KHz_ILA/hw
TRACE::2025-07-16.18:55:45::SCWPlatform:: Platform Path C:/Users/ilpes/Desktop/Antenne_e_clocks/obb_golden_INTC_UART_MMCM/iic_spi_10KHz_ILA/hw/user_35t_withILA.xsa
TRACE::2025-07-16.18:55:45::SCWPlatform:: Unique name xilinx:cmod_a7-35t::0.0
TRACE::2025-07-16.18:55:45::SCWPlatform::Trying to set the existing hwdb with name user_35t_wrapper
TRACE::2025-07-16.18:55:45::SCWPlatform::Opened existing hwdb user_35t_wrapper
TRACE::2025-07-16.18:55:45::SCWPlatform::Found the Hw Db part of the input DSA
TRACE::2025-07-16.18:55:45::SCWMssOS::Checking the sw design at  C:/Users/ilpes/Desktop/Antenne_e_clocks/obb_golden_INTC_UART_MMCM/iic_spi_10KHz_ILA/microblaze_0/standalone_domain/bsp/system.mss
TRACE::2025-07-16.18:55:45::SCWMssOS::DEBUG:  swdes dump  C:/Users/ilpes/Desktop/Antenne_e_clocks/obb_golden_INTC_UART_MMCM/iic_spi_10KHz_ILA/microblaze_0/standalone_domain/bsp/system.mss|system||

TRACE::2025-07-16.18:55:45::SCWMssOS::Sw design exists and opened at  C:/Users/ilpes/Desktop/Antenne_e_clocks/obb_golden_INTC_UART_MMCM/iic_spi_10KHz_ILA/microblaze_0/standalone_domain/bsp/system.mss
TRACE::2025-07-16.23:10:47::SCWPlatform::Trying to open the hw design at C:/Users/ilpes/Desktop/Antenne_e_clocks/obb_golden_INTC_UART_MMCM/iic_spi_10KHz_ILA/hw/user_35t_withILA.xsa
TRACE::2025-07-16.23:10:47::SCWPlatform::DSA given C:/Users/ilpes/Desktop/Antenne_e_clocks/obb_golden_INTC_UART_MMCM/iic_spi_10KHz_ILA/hw/user_35t_withILA.xsa
TRACE::2025-07-16.23:10:47::SCWPlatform::DSA absoulate path C:/Users/ilpes/Desktop/Antenne_e_clocks/obb_golden_INTC_UART_MMCM/iic_spi_10KHz_ILA/hw/user_35t_withILA.xsa
TRACE::2025-07-16.23:10:54::SCWPlatform::DSA directory C:/Users/ilpes/Desktop/Antenne_e_clocks/obb_golden_INTC_UART_MMCM/iic_spi_10KHz_ILA/hw
TRACE::2025-07-16.23:10:54::SCWPlatform:: Platform Path C:/Users/ilpes/Desktop/Antenne_e_clocks/obb_golden_INTC_UART_MMCM/iic_spi_10KHz_ILA/hw/user_35t_withILA.xsa
TRACE::2025-07-16.23:10:54::SCWPlatform:: Unique name xilinx:cmod_a7-35t::0.0
TRACE::2025-07-16.23:10:54::SCWPlatform::Do not have an existing db opened. 
TRACE::2025-07-16.23:10:54::SCWPlatform::Opened new HwDB with name user_35t_wrapper
TRACE::2025-07-16.23:10:54::SCWReader::Active system found as  iic_spi_10KHz_ILA
TRACE::2025-07-16.23:10:54::SCWReader::Handling sysconfig iic_spi_10KHz_ILA
TRACE::2025-07-16.23:10:54::SCWDomain::checking for install qemu data   : 
TRACE::2025-07-16.23:10:54::SCWPlatform::Trying to open the hw design at C:/Users/ilpes/Desktop/Antenne_e_clocks/obb_golden_INTC_UART_MMCM/iic_spi_10KHz_ILA/hw/user_35t_withILA.xsa
TRACE::2025-07-16.23:10:54::SCWPlatform::DSA given C:/Users/ilpes/Desktop/Antenne_e_clocks/obb_golden_INTC_UART_MMCM/iic_spi_10KHz_ILA/hw/user_35t_withILA.xsa
TRACE::2025-07-16.23:10:54::SCWPlatform::DSA absoulate path C:/Users/ilpes/Desktop/Antenne_e_clocks/obb_golden_INTC_UART_MMCM/iic_spi_10KHz_ILA/hw/user_35t_withILA.xsa
TRACE::2025-07-16.23:10:54::SCWPlatform::DSA directory C:/Users/ilpes/Desktop/Antenne_e_clocks/obb_golden_INTC_UART_MMCM/iic_spi_10KHz_ILA/hw
TRACE::2025-07-16.23:10:54::SCWPlatform:: Platform Path C:/Users/ilpes/Desktop/Antenne_e_clocks/obb_golden_INTC_UART_MMCM/iic_spi_10KHz_ILA/hw/user_35t_withILA.xsa
TRACE::2025-07-16.23:10:54::SCWPlatform:: Unique name xilinx:cmod_a7-35t::0.0
TRACE::2025-07-16.23:10:54::SCWPlatform::Trying to set the existing hwdb with name user_35t_wrapper
TRACE::2025-07-16.23:10:54::SCWPlatform::Opened existing hwdb user_35t_wrapper
TRACE::2025-07-16.23:10:54::SCWPlatform::Found the Hw Db part of the input DSA
TRACE::2025-07-16.23:10:54::SCWPlatform::Trying to open the hw design at C:/Users/ilpes/Desktop/Antenne_e_clocks/obb_golden_INTC_UART_MMCM/iic_spi_10KHz_ILA/hw/user_35t_withILA.xsa
TRACE::2025-07-16.23:10:54::SCWPlatform::DSA given C:/Users/ilpes/Desktop/Antenne_e_clocks/obb_golden_INTC_UART_MMCM/iic_spi_10KHz_ILA/hw/user_35t_withILA.xsa
TRACE::2025-07-16.23:10:54::SCWPlatform::DSA absoulate path C:/Users/ilpes/Desktop/Antenne_e_clocks/obb_golden_INTC_UART_MMCM/iic_spi_10KHz_ILA/hw/user_35t_withILA.xsa
TRACE::2025-07-16.23:10:54::SCWPlatform::DSA directory C:/Users/ilpes/Desktop/Antenne_e_clocks/obb_golden_INTC_UART_MMCM/iic_spi_10KHz_ILA/hw
TRACE::2025-07-16.23:10:54::SCWPlatform:: Platform Path C:/Users/ilpes/Desktop/Antenne_e_clocks/obb_golden_INTC_UART_MMCM/iic_spi_10KHz_ILA/hw/user_35t_withILA.xsa
TRACE::2025-07-16.23:10:54::SCWPlatform:: Unique name xilinx:cmod_a7-35t::0.0
TRACE::2025-07-16.23:10:54::SCWPlatform::Trying to set the existing hwdb with name user_35t_wrapper
TRACE::2025-07-16.23:10:54::SCWPlatform::Opened existing hwdb user_35t_wrapper
TRACE::2025-07-16.23:10:54::SCWPlatform::Found the Hw Db part of the input DSA
TRACE::2025-07-16.23:10:54::SCWPlatform::Trying to open the hw design at C:/Users/ilpes/Desktop/Antenne_e_clocks/obb_golden_INTC_UART_MMCM/iic_spi_10KHz_ILA/hw/user_35t_withILA.xsa
TRACE::2025-07-16.23:10:54::SCWPlatform::DSA given C:/Users/ilpes/Desktop/Antenne_e_clocks/obb_golden_INTC_UART_MMCM/iic_spi_10KHz_ILA/hw/user_35t_withILA.xsa
TRACE::2025-07-16.23:10:54::SCWPlatform::DSA absoulate path C:/Users/ilpes/Desktop/Antenne_e_clocks/obb_golden_INTC_UART_MMCM/iic_spi_10KHz_ILA/hw/user_35t_withILA.xsa
TRACE::2025-07-16.23:10:54::SCWPlatform::DSA directory C:/Users/ilpes/Desktop/Antenne_e_clocks/obb_golden_INTC_UART_MMCM/iic_spi_10KHz_ILA/hw
TRACE::2025-07-16.23:10:54::SCWPlatform:: Platform Path C:/Users/ilpes/Desktop/Antenne_e_clocks/obb_golden_INTC_UART_MMCM/iic_spi_10KHz_ILA/hw/user_35t_withILA.xsa
TRACE::2025-07-16.23:10:54::SCWPlatform:: Unique name xilinx:cmod_a7-35t::0.0
TRACE::2025-07-16.23:10:54::SCWPlatform::Trying to set the existing hwdb with name user_35t_wrapper
TRACE::2025-07-16.23:10:54::SCWPlatform::Opened existing hwdb user_35t_wrapper
TRACE::2025-07-16.23:10:54::SCWPlatform::Found the Hw Db part of the input DSA
TRACE::2025-07-16.23:10:54::SCWPlatform::Trying to open the hw design at C:/Users/ilpes/Desktop/Antenne_e_clocks/obb_golden_INTC_UART_MMCM/iic_spi_10KHz_ILA/hw/user_35t_withILA.xsa
TRACE::2025-07-16.23:10:54::SCWPlatform::DSA given C:/Users/ilpes/Desktop/Antenne_e_clocks/obb_golden_INTC_UART_MMCM/iic_spi_10KHz_ILA/hw/user_35t_withILA.xsa
TRACE::2025-07-16.23:10:54::SCWPlatform::DSA absoulate path C:/Users/ilpes/Desktop/Antenne_e_clocks/obb_golden_INTC_UART_MMCM/iic_spi_10KHz_ILA/hw/user_35t_withILA.xsa
TRACE::2025-07-16.23:10:54::SCWPlatform::DSA directory C:/Users/ilpes/Desktop/Antenne_e_clocks/obb_golden_INTC_UART_MMCM/iic_spi_10KHz_ILA/hw
TRACE::2025-07-16.23:10:54::SCWPlatform:: Platform Path C:/Users/ilpes/Desktop/Antenne_e_clocks/obb_golden_INTC_UART_MMCM/iic_spi_10KHz_ILA/hw/user_35t_withILA.xsa
TRACE::2025-07-16.23:10:54::SCWPlatform:: Unique name xilinx:cmod_a7-35t::0.0
TRACE::2025-07-16.23:10:54::SCWPlatform::Trying to set the existing hwdb with name user_35t_wrapper
TRACE::2025-07-16.23:10:54::SCWPlatform::Opened existing hwdb user_35t_wrapper
TRACE::2025-07-16.23:10:54::SCWPlatform::Found the Hw Db part of the input DSA
TRACE::2025-07-16.23:10:54::SCWMssOS::Checking the sw design at  C:/Users/ilpes/Desktop/Antenne_e_clocks/obb_golden_INTC_UART_MMCM/iic_spi_10KHz_ILA/microblaze_0/standalone_domain/bsp/system.mss
TRACE::2025-07-16.23:10:54::SCWMssOS::DEBUG:  swdes dump  
TRACE::2025-07-16.23:10:54::SCWMssOS::No sw design opened at  C:/Users/ilpes/Desktop/Antenne_e_clocks/obb_golden_INTC_UART_MMCM/iic_spi_10KHz_ILA/microblaze_0/standalone_domain/bsp/system.mss
TRACE::2025-07-16.23:10:54::SCWMssOS::mss exists loading the mss file  C:/Users/ilpes/Desktop/Antenne_e_clocks/obb_golden_INTC_UART_MMCM/iic_spi_10KHz_ILA/microblaze_0/standalone_domain/bsp/system.mss
TRACE::2025-07-16.23:10:54::SCWMssOS::Opened the sw design from mss  C:/Users/ilpes/Desktop/Antenne_e_clocks/obb_golden_INTC_UART_MMCM/iic_spi_10KHz_ILA/microblaze_0/standalone_domain/bsp/system.mss
TRACE::2025-07-16.23:10:54::SCWMssOS::Adding the swdes entry C:/Users/ilpes/Desktop/Antenne_e_clocks/obb_golden_INTC_UART_MMCM/iic_spi_10KHz_ILA/microblaze_0/standalone_domain/bsp/system.mss with des name system
TRACE::2025-07-16.23:10:54::SCWMssOS::updating the scw layer about changes
TRACE::2025-07-16.23:10:54::SCWMssOS::Opened the sw design.  C:/Users/ilpes/Desktop/Antenne_e_clocks/obb_golden_INTC_UART_MMCM/iic_spi_10KHz_ILA/microblaze_0/standalone_domain/bsp/system.mss
TRACE::2025-07-16.23:10:54::SCWMssOS::Saving the mss changes C:/Users/ilpes/Desktop/Antenne_e_clocks/obb_golden_INTC_UART_MMCM/iic_spi_10KHz_ILA/microblaze_0/standalone_domain/bsp/system.mss
TRACE::2025-07-16.23:10:54::SCWMssOS::Found a swdesign opened with the mssfile.
TRACE::2025-07-16.23:10:54::SCWMssOS::Completed writemss as part of save.
TRACE::2025-07-16.23:10:54::SCWMssOS::Commit changes completed.
TRACE::2025-07-16.23:10:54::SCWReader::Adding prebuilt librarypaths as   
TRACE::2025-07-16.23:10:54::SCWReader::Adding prebuilt incpaths  as   
TRACE::2025-07-16.23:10:54::SCWPlatform::Trying to open the hw design at C:/Users/ilpes/Desktop/Antenne_e_clocks/obb_golden_INTC_UART_MMCM/iic_spi_10KHz_ILA/hw/user_35t_withILA.xsa
TRACE::2025-07-16.23:10:54::SCWPlatform::DSA given C:/Users/ilpes/Desktop/Antenne_e_clocks/obb_golden_INTC_UART_MMCM/iic_spi_10KHz_ILA/hw/user_35t_withILA.xsa
TRACE::2025-07-16.23:10:54::SCWPlatform::DSA absoulate path C:/Users/ilpes/Desktop/Antenne_e_clocks/obb_golden_INTC_UART_MMCM/iic_spi_10KHz_ILA/hw/user_35t_withILA.xsa
TRACE::2025-07-16.23:10:54::SCWPlatform::DSA directory C:/Users/ilpes/Desktop/Antenne_e_clocks/obb_golden_INTC_UART_MMCM/iic_spi_10KHz_ILA/hw
TRACE::2025-07-16.23:10:54::SCWPlatform:: Platform Path C:/Users/ilpes/Desktop/Antenne_e_clocks/obb_golden_INTC_UART_MMCM/iic_spi_10KHz_ILA/hw/user_35t_withILA.xsa
TRACE::2025-07-16.23:10:54::SCWPlatform:: Unique name xilinx:cmod_a7-35t::0.0
TRACE::2025-07-16.23:10:54::SCWPlatform::Trying to set the existing hwdb with name user_35t_wrapper
TRACE::2025-07-16.23:10:54::SCWPlatform::Opened existing hwdb user_35t_wrapper
TRACE::2025-07-16.23:10:54::SCWPlatform::Found the Hw Db part of the input DSA
TRACE::2025-07-16.23:10:54::SCWMssOS::Checking the sw design at  C:/Users/ilpes/Desktop/Antenne_e_clocks/obb_golden_INTC_UART_MMCM/iic_spi_10KHz_ILA/microblaze_0/standalone_domain/bsp/system.mss
TRACE::2025-07-16.23:10:54::SCWMssOS::DEBUG:  swdes dump  C:/Users/ilpes/Desktop/Antenne_e_clocks/obb_golden_INTC_UART_MMCM/iic_spi_10KHz_ILA/microblaze_0/standalone_domain/bsp/system.mss|system||

TRACE::2025-07-16.23:10:54::SCWMssOS::Sw design exists and opened at  C:/Users/ilpes/Desktop/Antenne_e_clocks/obb_golden_INTC_UART_MMCM/iic_spi_10KHz_ILA/microblaze_0/standalone_domain/bsp/system.mss
TRACE::2025-07-16.23:10:54::SCWReader::No isolation master present  
LOG::2025-07-16.23:10:54::SCWPlatform::Started generating the artifacts platform iic_spi_10KHz_ILA
TRACE::2025-07-16.23:10:54::SCWPlatform::Sanity checking of platform is completed
LOG::2025-07-16.23:10:54::SCWPlatform::Started generating the artifacts for system configuration iic_spi_10KHz_ILA
LOG::2025-07-16.23:10:54::SCWSystem::Checking the domain standalone_domain
LOG::2025-07-16.23:10:54::SCWSystem::Not a boot domain 
LOG::2025-07-16.23:10:54::SCWSystem::Started Processing the domain standalone_domain
TRACE::2025-07-16.23:10:54::SCWDomain::Generating domain artifcats
TRACE::2025-07-16.23:10:54::SCWMssOS::Generating standalone artifcats
TRACE::2025-07-16.23:10:54::SCWMssOS:: Copying the user libraries. 
TRACE::2025-07-16.23:10:54::SCWPlatform::Trying to open the hw design at C:/Users/ilpes/Desktop/Antenne_e_clocks/obb_golden_INTC_UART_MMCM/iic_spi_10KHz_ILA/hw/user_35t_withILA.xsa
TRACE::2025-07-16.23:10:54::SCWPlatform::DSA given C:/Users/ilpes/Desktop/Antenne_e_clocks/obb_golden_INTC_UART_MMCM/iic_spi_10KHz_ILA/hw/user_35t_withILA.xsa
TRACE::2025-07-16.23:10:54::SCWPlatform::DSA absoulate path C:/Users/ilpes/Desktop/Antenne_e_clocks/obb_golden_INTC_UART_MMCM/iic_spi_10KHz_ILA/hw/user_35t_withILA.xsa
TRACE::2025-07-16.23:10:54::SCWPlatform::DSA directory C:/Users/ilpes/Desktop/Antenne_e_clocks/obb_golden_INTC_UART_MMCM/iic_spi_10KHz_ILA/hw
TRACE::2025-07-16.23:10:54::SCWPlatform:: Platform Path C:/Users/ilpes/Desktop/Antenne_e_clocks/obb_golden_INTC_UART_MMCM/iic_spi_10KHz_ILA/hw/user_35t_withILA.xsa
TRACE::2025-07-16.23:10:54::SCWPlatform:: Unique name xilinx:cmod_a7-35t::0.0
TRACE::2025-07-16.23:10:54::SCWPlatform::Trying to set the existing hwdb with name user_35t_wrapper
TRACE::2025-07-16.23:10:54::SCWPlatform::Opened existing hwdb user_35t_wrapper
TRACE::2025-07-16.23:10:54::SCWPlatform::Found the Hw Db part of the input DSA
TRACE::2025-07-16.23:10:54::SCWMssOS::Checking the sw design at  C:/Users/ilpes/Desktop/Antenne_e_clocks/obb_golden_INTC_UART_MMCM/iic_spi_10KHz_ILA/microblaze_0/standalone_domain/bsp/system.mss
TRACE::2025-07-16.23:10:54::SCWMssOS::DEBUG:  swdes dump  C:/Users/ilpes/Desktop/Antenne_e_clocks/obb_golden_INTC_UART_MMCM/iic_spi_10KHz_ILA/microblaze_0/standalone_domain/bsp/system.mss|system||

TRACE::2025-07-16.23:10:54::SCWMssOS::Sw design exists and opened at  C:/Users/ilpes/Desktop/Antenne_e_clocks/obb_golden_INTC_UART_MMCM/iic_spi_10KHz_ILA/microblaze_0/standalone_domain/bsp/system.mss
TRACE::2025-07-16.23:10:54::SCWMssOS::Completed writing the mss file at C:/Users/ilpes/Desktop/Antenne_e_clocks/obb_golden_INTC_UART_MMCM/iic_spi_10KHz_ILA/microblaze_0/standalone_domain/bsp
TRACE::2025-07-16.23:10:54::SCWMssOS::Mss edits present, copying mssfile into export location C:/Users/ilpes/Desktop/Antenne_e_clocks/obb_golden_INTC_UART_MMCM/iic_spi_10KHz_ILA/microblaze_0/standalone_domain/bsp/system.mss
TRACE::2025-07-16.23:10:54::SCWMssOS::bsp generated is upto date with the mss file. Skipping bsp generation.
TRACE::2025-07-16.23:10:54::SCWMssOS::BSP is already built. skipping the bsp build ... 
TRACE::2025-07-16.23:10:54::SCWDomain::Building the domain as part of full build :  standalone_domain
TRACE::2025-07-16.23:10:54::SCWMssOS::doing bsp build ... 
TRACE::2025-07-16.23:10:54::SCWMssOS::System Command Ran  C: & cd  C:/Users/ilpes/Desktop/Antenne_e_clocks/obb_golden_INTC_UART_MMCM/iic_spi_10KHz_ILA/microblaze_0/standalone_domain/bsp & make 
TRACE::2025-07-16.23:10:54::SCWMssOS::make --no-print-directory seq_libs

TRACE::2025-07-16.23:10:55::SCWMssOS::'Finished building libraries sequentially.'

TRACE::2025-07-16.23:10:55::SCWMssOS::make -j --no-print-directory par_libs

TRACE::2025-07-16.23:10:55::SCWMssOS::"Running Make include in microblaze_0/libsrc/bram_v4_5/src"

TRACE::2025-07-16.23:10:55::SCWMssOS::make -C microblaze_0/libsrc/bram_v4_5/src -s include  "SHELL=CMD" "COMPILER=mb-gcc" "ASSEMBLER=mb-as" "ARCHIVER=mb-ar" "COMPILE
TRACE::2025-07-16.23:10:55::SCWMssOS::R_FLAGS=  -O2 -c -mcpu=v11.0 -mlittle-endian -mno-xl-soft-div -mno-xl-soft-mul -mxl-barrel-shift -mxl-pattern-compare" "EXTRA_C
TRACE::2025-07-16.23:10:55::SCWMssOS::OMPILER_FLAGS=-g -ffunction-sections -fdata-sections -Wall -Wextra"

TRACE::2025-07-16.23:10:55::SCWMssOS::"Running Make include in microblaze_0/libsrc/cpu_v2_12/src"

TRACE::2025-07-16.23:10:55::SCWMssOS::make -C microblaze_0/libsrc/cpu_v2_12/src -s include  "SHELL=CMD" "COMPILER=mb-gcc" "ASSEMBLER=mb-as" "ARCHIVER=mb-ar" "COMPILE
TRACE::2025-07-16.23:10:55::SCWMssOS::R_FLAGS=  -O2 -c -mcpu=v11.0 -mlittle-endian -mno-xl-soft-div -mno-xl-soft-mul -mxl-barrel-shift -mxl-pattern-compare" "EXTRA_C
TRACE::2025-07-16.23:10:55::SCWMssOS::OMPILER_FLAGS=-g -ffunction-sections -fdata-sections -Wall -Wextra"

TRACE::2025-07-16.23:10:55::SCWMssOS::"Running Make include in microblaze_0/libsrc/gpio_v4_7/src"

TRACE::2025-07-16.23:10:55::SCWMssOS::make -C microblaze_0/libsrc/gpio_v4_7/src -s include  "SHELL=CMD" "COMPILER=mb-gcc" "ASSEMBLER=mb-as" "ARCHIVER=mb-ar" "COMPILE
TRACE::2025-07-16.23:10:55::SCWMssOS::R_FLAGS=  -O2 -c -mcpu=v11.0 -mlittle-endian -mno-xl-soft-div -mno-xl-soft-mul -mxl-barrel-shift -mxl-pattern-compare" "EXTRA_C
TRACE::2025-07-16.23:10:55::SCWMssOS::OMPILER_FLAGS=-g -ffunction-sections -fdata-sections -Wall -Wextra"

TRACE::2025-07-16.23:10:55::SCWMssOS::"Running Make include in microblaze_0/libsrc/iic_v3_7/src"

TRACE::2025-07-16.23:10:55::SCWMssOS::make -C microblaze_0/libsrc/iic_v3_7/src -s include  "SHELL=CMD" "COMPILER=mb-gcc" "ASSEMBLER=mb-as" "ARCHIVER=mb-ar" "COMPILER
TRACE::2025-07-16.23:10:55::SCWMssOS::_FLAGS=  -O2 -c -mcpu=v11.0 -mlittle-endian -mno-xl-soft-div -mno-xl-soft-mul -mxl-barrel-shift -mxl-pattern-compare" "EXTRA_CO
TRACE::2025-07-16.23:10:55::SCWMssOS::MPILER_FLAGS=-g -ffunction-sections -fdata-sections -Wall -Wextra"

TRACE::2025-07-16.23:10:55::SCWMssOS::"Running Make include in microblaze_0/libsrc/intc_v3_12/src"

TRACE::2025-07-16.23:10:55::SCWMssOS::make -C microblaze_0/libsrc/intc_v3_12/src -s include  "SHELL=CMD" "COMPILER=mb-gcc" "ASSEMBLER=mb-as" "ARCHIVER=mb-ar" "COMPIL
TRACE::2025-07-16.23:10:55::SCWMssOS::ER_FLAGS=  -O2 -c -mcpu=v11.0 -mlittle-endian -mno-xl-soft-div -mno-xl-soft-mul -mxl-barrel-shift -mxl-pattern-compare" "EXTRA_
TRACE::2025-07-16.23:10:55::SCWMssOS::COMPILER_FLAGS=-g -ffunction-sections -fdata-sections -Wall -Wextra"

TRACE::2025-07-16.23:10:55::SCWMssOS::"Running Make include in microblaze_0/libsrc/spi_v4_7/src"

TRACE::2025-07-16.23:10:55::SCWMssOS::make -C microblaze_0/libsrc/spi_v4_7/src -s include  "SHELL=CMD" "COMPILER=mb-gcc" "ASSEMBLER=mb-as" "ARCHIVER=mb-ar" "COMPILER
TRACE::2025-07-16.23:10:55::SCWMssOS::_FLAGS=  -O2 -c -mcpu=v11.0 -mlittle-endian -mno-xl-soft-div -mno-xl-soft-mul -mxl-barrel-shift -mxl-pattern-compare" "EXTRA_CO
TRACE::2025-07-16.23:10:55::SCWMssOS::MPILER_FLAGS=-g -ffunction-sections -fdata-sections -Wall -Wextra"

TRACE::2025-07-16.23:10:55::SCWMssOS::"Running Make include in microblaze_0/libsrc/standalone_v7_3/src"

TRACE::2025-07-16.23:10:55::SCWMssOS::make -C microblaze_0/libsrc/standalone_v7_3/src -s include  "SHELL=CMD" "COMPILER=mb-gcc" "ASSEMBLER=mb-as" "ARCHIVER=mb-ar" "C
TRACE::2025-07-16.23:10:55::SCWMssOS::OMPILER_FLAGS=  -O2 -c -mcpu=v11.0 -mlittle-endian -mno-xl-soft-div -mno-xl-soft-mul -mxl-barrel-shift -mxl-pattern-compare" "E
TRACE::2025-07-16.23:10:55::SCWMssOS::XTRA_COMPILER_FLAGS=-g -ffunction-sections -fdata-sections -Wall -Wextra"

TRACE::2025-07-16.23:10:55::SCWMssOS::"Running Make include in microblaze_0/libsrc/tmrctr_v4_7/src"

TRACE::2025-07-16.23:10:55::SCWMssOS::make -C microblaze_0/libsrc/tmrctr_v4_7/src -s include  "SHELL=CMD" "COMPILER=mb-gcc" "ASSEMBLER=mb-as" "ARCHIVER=mb-ar" "COMPI
TRACE::2025-07-16.23:10:55::SCWMssOS::LER_FLAGS=  -O2 -c -mcpu=v11.0 -mlittle-endian -mno-xl-soft-div -mno-xl-soft-mul -mxl-barrel-shift -mxl-pattern-compare" "EXTRA
TRACE::2025-07-16.23:10:55::SCWMssOS::_COMPILER_FLAGS=-g -ffunction-sections -fdata-sections -Wall -Wextra"

TRACE::2025-07-16.23:10:55::SCWMssOS::"Running Make include in microblaze_0/libsrc/uartlite_v3_5/src"

TRACE::2025-07-16.23:10:55::SCWMssOS::make -C microblaze_0/libsrc/uartlite_v3_5/src -s include  "SHELL=CMD" "COMPILER=mb-gcc" "ASSEMBLER=mb-as" "ARCHIVER=mb-ar" "COM
TRACE::2025-07-16.23:10:55::SCWMssOS::PILER_FLAGS=  -O2 -c -mcpu=v11.0 -mlittle-endian -mno-xl-soft-div -mno-xl-soft-mul -mxl-barrel-shift -mxl-pattern-compare" "EXT
TRACE::2025-07-16.23:10:55::SCWMssOS::RA_COMPILER_FLAGS=-g -ffunction-sections -fdata-sections -Wall -Wextra"

TRACE::2025-07-16.23:10:56::SCWMssOS::"Running Make libs in microblaze_0/libsrc/bram_v4_5/src"

TRACE::2025-07-16.23:10:56::SCWMssOS::make -C microblaze_0/libsrc/bram_v4_5/src -s libs  "SHELL=CMD" "COMPILER=mb-gcc" "ASSEMBLER=mb-as" "ARCHIVER=mb-ar" "COMPILER_F
TRACE::2025-07-16.23:10:56::SCWMssOS::LAGS=  -O2 -c -mcpu=v11.0 -mlittle-endian -mno-xl-soft-div -mno-xl-soft-mul -mxl-barrel-shift -mxl-pattern-compare" "EXTRA_COMP
TRACE::2025-07-16.23:10:56::SCWMssOS::ILER_FLAGS=-g -ffunction-sections -fdata-sections -Wall -Wextra"

TRACE::2025-07-16.23:10:56::SCWMssOS::"Running Make libs in microblaze_0/libsrc/cpu_v2_12/src"

TRACE::2025-07-16.23:10:56::SCWMssOS::make -C microblaze_0/libsrc/cpu_v2_12/src -s libs  "SHELL=CMD" "COMPILER=mb-gcc" "ASSEMBLER=mb-as" "ARCHIVER=mb-ar" "COMPILER_F
TRACE::2025-07-16.23:10:56::SCWMssOS::LAGS=  -O2 -c -mcpu=v11.0 -mlittle-endian -mno-xl-soft-div -mno-xl-soft-mul -mxl-barrel-shift -mxl-pattern-compare" "EXTRA_COMP
TRACE::2025-07-16.23:10:56::SCWMssOS::ILER_FLAGS=-g -ffunction-sections -fdata-sections -Wall -Wextra"

TRACE::2025-07-16.23:10:56::SCWMssOS::"Running Make libs in microblaze_0/libsrc/gpio_v4_7/src"

TRACE::2025-07-16.23:10:56::SCWMssOS::make -C microblaze_0/libsrc/gpio_v4_7/src -s libs  "SHELL=CMD" "COMPILER=mb-gcc" "ASSEMBLER=mb-as" "ARCHIVER=mb-ar" "COMPILER_F
TRACE::2025-07-16.23:10:56::SCWMssOS::LAGS=  -O2 -c -mcpu=v11.0 -mlittle-endian -mno-xl-soft-div -mno-xl-soft-mul -mxl-barrel-shift -mxl-pattern-compare" "EXTRA_COMP
TRACE::2025-07-16.23:10:56::SCWMssOS::ILER_FLAGS=-g -ffunction-sections -fdata-sections -Wall -Wextra"

TRACE::2025-07-16.23:10:56::SCWMssOS::"Running Make libs in microblaze_0/libsrc/iic_v3_7/src"

TRACE::2025-07-16.23:10:56::SCWMssOS::make -C microblaze_0/libsrc/iic_v3_7/src -s libs  "SHELL=CMD" "COMPILER=mb-gcc" "ASSEMBLER=mb-as" "ARCHIVER=mb-ar" "COMPILER_FL
TRACE::2025-07-16.23:10:56::SCWMssOS::AGS=  -O2 -c -mcpu=v11.0 -mlittle-endian -mno-xl-soft-div -mno-xl-soft-mul -mxl-barrel-shift -mxl-pattern-compare" "EXTRA_COMPI
TRACE::2025-07-16.23:10:56::SCWMssOS::LER_FLAGS=-g -ffunction-sections -fdata-sections -Wall -Wextra"

TRACE::2025-07-16.23:10:57::SCWMssOS::"Running Make libs in microblaze_0/libsrc/intc_v3_12/src"

TRACE::2025-07-16.23:10:57::SCWMssOS::make -C microblaze_0/libsrc/intc_v3_12/src -s libs  "SHELL=CMD" "COMPILER=mb-gcc" "ASSEMBLER=mb-as" "ARCHIVER=mb-ar" "COMPILER_
TRACE::2025-07-16.23:10:57::SCWMssOS::FLAGS=  -O2 -c -mcpu=v11.0 -mlittle-endian -mno-xl-soft-div -mno-xl-soft-mul -mxl-barrel-shift -mxl-pattern-compare" "EXTRA_COM
TRACE::2025-07-16.23:10:57::SCWMssOS::PILER_FLAGS=-g -ffunction-sections -fdata-sections -Wall -Wextra"

TRACE::2025-07-16.23:10:57::SCWMssOS::"Running Make libs in microblaze_0/libsrc/spi_v4_7/src"

TRACE::2025-07-16.23:10:57::SCWMssOS::make -C microblaze_0/libsrc/spi_v4_7/src -s libs  "SHELL=CMD" "COMPILER=mb-gcc" "ASSEMBLER=mb-as" "ARCHIVER=mb-ar" "COMPILER_FL
TRACE::2025-07-16.23:10:57::SCWMssOS::AGS=  -O2 -c -mcpu=v11.0 -mlittle-endian -mno-xl-soft-div -mno-xl-soft-mul -mxl-barrel-shift -mxl-pattern-compare" "EXTRA_COMPI
TRACE::2025-07-16.23:10:57::SCWMssOS::LER_FLAGS=-g -ffunction-sections -fdata-sections -Wall -Wextra"

TRACE::2025-07-16.23:10:57::SCWMssOS::"Running Make libs in microblaze_0/libsrc/standalone_v7_3/src"

TRACE::2025-07-16.23:10:57::SCWMssOS::make -C microblaze_0/libsrc/standalone_v7_3/src -s libs  "SHELL=CMD" "COMPILER=mb-gcc" "ASSEMBLER=mb-as" "ARCHIVER=mb-ar" "COMP
TRACE::2025-07-16.23:10:57::SCWMssOS::ILER_FLAGS=  -O2 -c -mcpu=v11.0 -mlittle-endian -mno-xl-soft-div -mno-xl-soft-mul -mxl-barrel-shift -mxl-pattern-compare" "EXTR
TRACE::2025-07-16.23:10:57::SCWMssOS::A_COMPILER_FLAGS=-g -ffunction-sections -fdata-sections -Wall -Wextra"

TRACE::2025-07-16.23:10:57::SCWMssOS::"Running Make libs in microblaze_0/libsrc/tmrctr_v4_7/src"

TRACE::2025-07-16.23:10:57::SCWMssOS::make -C microblaze_0/libsrc/tmrctr_v4_7/src -s libs  "SHELL=CMD" "COMPILER=mb-gcc" "ASSEMBLER=mb-as" "ARCHIVER=mb-ar" "COMPILER
TRACE::2025-07-16.23:10:57::SCWMssOS::_FLAGS=  -O2 -c -mcpu=v11.0 -mlittle-endian -mno-xl-soft-div -mno-xl-soft-mul -mxl-barrel-shift -mxl-pattern-compare" "EXTRA_CO
TRACE::2025-07-16.23:10:57::SCWMssOS::MPILER_FLAGS=-g -ffunction-sections -fdata-sections -Wall -Wextra"

TRACE::2025-07-16.23:10:57::SCWMssOS::"Running Make libs in microblaze_0/libsrc/uartlite_v3_5/src"

TRACE::2025-07-16.23:10:57::SCWMssOS::make -C microblaze_0/libsrc/uartlite_v3_5/src -s libs  "SHELL=CMD" "COMPILER=mb-gcc" "ASSEMBLER=mb-as" "ARCHIVER=mb-ar" "COMPIL
TRACE::2025-07-16.23:10:57::SCWMssOS::ER_FLAGS=  -O2 -c -mcpu=v11.0 -mlittle-endian -mno-xl-soft-div -mno-xl-soft-mul -mxl-barrel-shift -mxl-pattern-compare" "EXTRA_
TRACE::2025-07-16.23:10:57::SCWMssOS::COMPILER_FLAGS=-g -ffunction-sections -fdata-sections -Wall -Wextra"

TRACE::2025-07-16.23:10:57::SCWMssOS::'Finished building libraries parallelly.'

TRACE::2025-07-16.23:10:57::SCWMssOS::make --no-print-directory archive

TRACE::2025-07-16.23:10:57::SCWMssOS::mb-ar -r  microblaze_0/lib/libxil.a microblaze_0/lib/xplatform_info.o microblaze_0/lib/xtmrctr_options.o microblaze_0/lib/micro
TRACE::2025-07-16.23:10:57::SCWMssOS::blaze_disable_exceptions.o microblaze_0/lib/print.o microblaze_0/lib/xil_testio.o microblaze_0/lib/microblaze_disable_dcache.o 
TRACE::2025-07-16.23:10:57::SCWMssOS::microblaze_0/lib/microblaze_flush_dcache_range.o microblaze_0/lib/xspi_g.o microblaze_0/lib/microblaze_flush_cache_ext.o microb
TRACE::2025-07-16.23:10:57::SCWMssOS::laze_0/lib/xspi.o microblaze_0/lib/xspi_sinit.o microblaze_0/lib/xil_misc_psreset_api.o microblaze_0/lib/xspi_selftest.o microb
TRACE::2025-07-16.23:10:57::SCWMssOS::laze_0/lib/xil_cache.o microblaze_0/lib/xil_util.o microblaze_0/lib/inbyte.o microblaze_0/lib/xiic_multi_master.o microblaze_0/
TRACE::2025-07-16.23:10:57::SCWMssOS::lib/xiic_sinit.o microblaze_0/lib/microblaze_exception_handler.o microblaze_0/lib/xbram_g.o microblaze_0/lib/xbram_sinit.o micr
TRACE::2025-07-16.23:10:57::SCWMssOS::oblaze_0/lib/microblaze_scrub.o microblaze_0/lib/xtmrctr_intr.o microblaze_0/lib/microblaze_invalidate_dcache.o microblaze_0/li
TRACE::2025-07-16.23:10:57::SCWMssOS::b/microblaze_disable_interrupts.o microblaze_0/lib/xbram_selftest.o microblaze_0/lib/microblaze_interrupt_handler.o microblaze_
TRACE::2025-07-16.23:10:57::SCWMssOS::0/lib/microblaze_disable_icache.o microblaze_0/lib/_exit.o microblaze_0/lib/xgpio_g.o microblaze_0/lib/xuartlite_g.o microblaze
TRACE::2025-07-16.23:10:57::SCWMssOS::_0/lib/xspi_stats.o microblaze_0/lib/microblaze_flush_cache_ext_range.o microblaze_0/lib/xiic_intr.o microblaze_0/lib/xil_sleep
TRACE::2025-07-16.23:10:57::SCWMssOS::common.o microblaze_0/lib/xil_printf.o microblaze_0/lib/xintc_g.o microblaze_0/lib/xiic_g.o microblaze_0/lib/xiic_l.o microblaz
TRACE::2025-07-16.23:10:57::SCWMssOS::e_0/lib/xtmrctr_l.o microblaze_0/lib/xintc_selftest.o microblaze_0/lib/xintc_l.o microblaze_0/lib/outbyte.o microblaze_0/lib/xi
TRACE::2025-07-16.23:10:57::SCWMssOS::o.o microblaze_0/lib/xgpio_intr.o microblaze_0/lib/xiic_slave.o microblaze_0/lib/microblaze_invalidate_dcache_range.o microblaz
TRACE::2025-07-16.23:10:57::SCWMssOS::e_0/lib/xil_testmem.o microblaze_0/lib/microblaze_invalidate_cache_ext.o microblaze_0/lib/microblaze_sleep.o microblaze_0/lib/x
TRACE::2025-07-16.23:10:57::SCWMssOS::uartlite_sinit.o microblaze_0/lib/hw_exception_handler.o microblaze_0/lib/xtmrctr.o microblaze_0/lib/xintc_options.o microblaze
TRACE::2025-07-16.23:10:57::SCWMssOS::_0/lib/xuartlite_selftest.o microblaze_0/lib/xgpio_sinit.o microblaze_0/lib/xuartlite.o microblaze_0/lib/microblaze_update_dcac
TRACE::2025-07-16.23:10:57::SCWMssOS::he.o microblaze_0/lib/xil_testcache.o microblaze_0/lib/microblaze_selftest.o microblaze_0/lib/microblaze_interrupts_g.o microbl
TRACE::2025-07-16.23:10:57::SCWMssOS::aze_0/lib/microblaze_enable_exceptions.o microblaze_0/lib/xil_mem.o microblaze_0/lib/xtmrctr_g.o microblaze_0/lib/microblaze_en
TRACE::2025-07-16.23:10:57::SCWMssOS::able_dcache.o microblaze_0/lib/xbram.o microblaze_0/lib/microblaze_invalidate_icache_range.o microblaze_0/lib/xtmrctr_selftest.
TRACE::2025-07-16.23:10:57::SCWMssOS::o microblaze_0/lib/microblaze_init_dcache_range.o microblaze_0/lib/microblaze_invalidate_icache.o microblaze_0/lib/xspi_options
TRACE::2025-07-16.23:10:57::SCWMssOS::.o microblaze_0/lib/errno.o microblaze_0/lib/xuartlite_l.o microblaze_0/lib/xiic_dyn_master.o microblaze_0/lib/xintc.o microbla
TRACE::2025-07-16.23:10:57::SCWMssOS::ze_0/lib/xuartlite_stats.o microblaze_0/lib/microblaze_invalidate_cache_ext_range.o microblaze_0/lib/xintc_intr.o microblaze_0/
TRACE::2025-07-16.23:10:57::SCWMssOS::lib/xil_exception.o microblaze_0/lib/pvr.o microblaze_0/lib/xgpio.o microblaze_0/lib/xiic_options.o microblaze_0/lib/microblaze
TRACE::2025-07-16.23:10:57::SCWMssOS::_update_icache.o microblaze_0/lib/xiic_master.o microblaze_0/lib/xuartlite_intr.o microblaze_0/lib/microblaze_flush_dcache.o mi
TRACE::2025-07-16.23:10:57::SCWMssOS::croblaze_0/lib/xil_clocking.o microblaze_0/lib/xil_assert.o microblaze_0/lib/xiic_stats.o microblaze_0/lib/microblaze_enable_in
TRACE::2025-07-16.23:10:57::SCWMssOS::terrupts.o microblaze_0/lib/xgpio_extra.o microblaze_0/lib/microblaze_init_icache_range.o microblaze_0/lib/microblaze_enable_ic
TRACE::2025-07-16.23:10:57::SCWMssOS::ache.o microblaze_0/lib/xiic.o microblaze_0/lib/xtmrctr_stats.o microblaze_0/lib/xbram_intr.o microblaze_0/lib/xtmrctr_sinit.o 
TRACE::2025-07-16.23:10:57::SCWMssOS::microblaze_0/lib/xiic_selftest.o microblaze_0/lib/fcntl.o microblaze_0/lib/xgpio_selftest.o

TRACE::2025-07-16.23:10:58::SCWMssOS::'Finished building libraries'

TRACE::2025-07-16.23:10:59::SCWMssOS::Copying to export directory.
TRACE::2025-07-16.23:10:59::SCWMssOS:: Checking if to create the Supporting Applications
TRACE::2025-07-16.23:10:59::SCWMssOS:: No Linux domain exists, trying to generate FSBL 
LOG::2025-07-16.23:10:59::SCWSystem::Completed Processing the domain standalone_domain
LOG::2025-07-16.23:10:59::SCWSystem::Completed Processing the sysconfig iic_spi_10KHz_ILA
LOG::2025-07-16.23:10:59::SCWPlatform::Completed generating the artifacts for system configuration iic_spi_10KHz_ILA
TRACE::2025-07-16.23:10:59::SCWPlatform::Started preparing the platform 
TRACE::2025-07-16.23:10:59::SCWSystem::Writing the bif file for system config iic_spi_10KHz_ILA
TRACE::2025-07-16.23:10:59::SCWSystem::dir created 
TRACE::2025-07-16.23:10:59::SCWSystem::Writing the bif 
TRACE::2025-07-16.23:10:59::SCWPlatform::Started writing the spfm file 
TRACE::2025-07-16.23:10:59::SCWPlatform::Started writing the xpfm file 
TRACE::2025-07-16.23:10:59::SCWPlatform::Completed generating the platform
TRACE::2025-07-16.23:10:59::SCWMssOS::Saving the mss changes C:/Users/ilpes/Desktop/Antenne_e_clocks/obb_golden_INTC_UART_MMCM/iic_spi_10KHz_ILA/microblaze_0/standalone_domain/bsp/system.mss
TRACE::2025-07-16.23:10:59::SCWMssOS::Found a swdesign opened with the mssfile.
TRACE::2025-07-16.23:10:59::SCWMssOS::Completed writemss as part of save.
TRACE::2025-07-16.23:10:59::SCWMssOS::Commit changes completed.
TRACE::2025-07-16.23:10:59::SCWPlatform::Trying to open the hw design at C:/Users/ilpes/Desktop/Antenne_e_clocks/obb_golden_INTC_UART_MMCM/iic_spi_10KHz_ILA/hw/user_35t_withILA.xsa
TRACE::2025-07-16.23:10:59::SCWPlatform::DSA given C:/Users/ilpes/Desktop/Antenne_e_clocks/obb_golden_INTC_UART_MMCM/iic_spi_10KHz_ILA/hw/user_35t_withILA.xsa
TRACE::2025-07-16.23:10:59::SCWPlatform::DSA absoulate path C:/Users/ilpes/Desktop/Antenne_e_clocks/obb_golden_INTC_UART_MMCM/iic_spi_10KHz_ILA/hw/user_35t_withILA.xsa
TRACE::2025-07-16.23:10:59::SCWPlatform::DSA directory C:/Users/ilpes/Desktop/Antenne_e_clocks/obb_golden_INTC_UART_MMCM/iic_spi_10KHz_ILA/hw
TRACE::2025-07-16.23:10:59::SCWPlatform:: Platform Path C:/Users/ilpes/Desktop/Antenne_e_clocks/obb_golden_INTC_UART_MMCM/iic_spi_10KHz_ILA/hw/user_35t_withILA.xsa
TRACE::2025-07-16.23:10:59::SCWPlatform:: Unique name xilinx:cmod_a7-35t::0.0
TRACE::2025-07-16.23:10:59::SCWPlatform::Trying to set the existing hwdb with name user_35t_wrapper
TRACE::2025-07-16.23:10:59::SCWPlatform::Opened existing hwdb user_35t_wrapper
TRACE::2025-07-16.23:10:59::SCWPlatform::Found the Hw Db part of the input DSA
TRACE::2025-07-16.23:10:59::SCWMssOS::Checking the sw design at  C:/Users/ilpes/Desktop/Antenne_e_clocks/obb_golden_INTC_UART_MMCM/iic_spi_10KHz_ILA/microblaze_0/standalone_domain/bsp/system.mss
TRACE::2025-07-16.23:10:59::SCWMssOS::DEBUG:  swdes dump  C:/Users/ilpes/Desktop/Antenne_e_clocks/obb_golden_INTC_UART_MMCM/iic_spi_10KHz_ILA/microblaze_0/standalone_domain/bsp/system.mss|system||

TRACE::2025-07-16.23:10:59::SCWMssOS::Sw design exists and opened at  C:/Users/ilpes/Desktop/Antenne_e_clocks/obb_golden_INTC_UART_MMCM/iic_spi_10KHz_ILA/microblaze_0/standalone_domain/bsp/system.mss
TRACE::2025-07-16.23:10:59::SCWWriter::formatted JSON is {
	"platformName":	"iic_spi_10KHz_ILA",
	"sprVersion":	"2.0",
	"mode":	"gui",
	"dsaType":	"Fixed",
	"platformDesc":	"iic_spi_10KHz_ILA",
	"platHandOff":	"C:/Users/ilpes/Desktop/INSEGNAMENTO/Didattica2023/CMOD_A35t_emc_uart_iic_spi/project_1/user_35t_withILA.xsa",
	"platIntHandOff":	"<platformDir>/hw/user_35t_withILA.xsa",
	"deviceType":	"FPGA",
	"platIsPrebuiltAutogen":	"false",
	"platIsNoBootBsp":	"false",
	"hasFsblMakeHasChanges":	"false",
	"hasPmufwMakeHasChanges":	"false",
	"platPreBuiltFlag":	false,
	"platformSamplesDir":	"",
	"platActiveSys":	"iic_spi_10KHz_ILA",
	"systems":	[{
			"systemName":	"iic_spi_10KHz_ILA",
			"systemDesc":	"iic_spi_10KHz_ILA",
			"sysIsBootAutoGen":	"true",
			"systemDispName":	"iic_spi_10KHz_ILA",
			"sysActiveDom":	"standalone_domain",
			"sysDefaultDom":	"standalone_domain",
			"domains":	[{
					"domainName":	"standalone_domain",
					"domainDispName":	"standalone on microblaze_0",
					"domainDesc":	"standalone_domain",
					"processors":	"microblaze_0",
					"os":	"standalone",
					"sdxOs":	"standalone",
					"debugEnable":	"False",
					"domRuntimes":	["cpp"],
					"swRepo":	"",
					"mssOsVer":	"7.3",
					"mssFile":	"",
					"md5Digest":	"4ff912ba097ec0244cd8262b18dcbf48",
					"compatibleApp":	"",
					"domType":	"mssDomain",
					"arch":	"32-bit",
					"appSettings":	{
						"appCompilerFlags":	"",
						"appLinkerFlags":	""
					},
					"addedLibs":	[],
					"libOptions":	{
						"libsContainingOptions":	[]
					},
					"prebuiltLibs":	{
						"prebuiltIncPath":	[],
						"prebuiltLibPath":	[]
					},
					"isolation":	{
					}
				}]
		}]
}
KEYINFO::2025-07-16.23:10:59::SCWPlatform::updated the xpfm file.
TRACE::2025-07-16.23:10:59::SCWPlatform::Trying to open the hw design at C:/Users/ilpes/Desktop/Antenne_e_clocks/obb_golden_INTC_UART_MMCM/iic_spi_10KHz_ILA/hw/user_35t_withILA.xsa
TRACE::2025-07-16.23:10:59::SCWPlatform::DSA given C:/Users/ilpes/Desktop/Antenne_e_clocks/obb_golden_INTC_UART_MMCM/iic_spi_10KHz_ILA/hw/user_35t_withILA.xsa
TRACE::2025-07-16.23:10:59::SCWPlatform::DSA absoulate path C:/Users/ilpes/Desktop/Antenne_e_clocks/obb_golden_INTC_UART_MMCM/iic_spi_10KHz_ILA/hw/user_35t_withILA.xsa
TRACE::2025-07-16.23:10:59::SCWPlatform::DSA directory C:/Users/ilpes/Desktop/Antenne_e_clocks/obb_golden_INTC_UART_MMCM/iic_spi_10KHz_ILA/hw
TRACE::2025-07-16.23:11:00::SCWPlatform:: Platform Path C:/Users/ilpes/Desktop/Antenne_e_clocks/obb_golden_INTC_UART_MMCM/iic_spi_10KHz_ILA/hw/user_35t_withILA.xsa
TRACE::2025-07-16.23:11:00::SCWPlatform:: Unique name xilinx:cmod_a7-35t::0.0
TRACE::2025-07-16.23:11:00::SCWPlatform::Trying to set the existing hwdb with name user_35t_wrapper
TRACE::2025-07-16.23:11:00::SCWPlatform::Opened existing hwdb user_35t_wrapper
TRACE::2025-07-16.23:11:00::SCWPlatform::Found the Hw Db part of the input DSA
TRACE::2025-07-16.23:11:00::SCWMssOS::Checking the sw design at  C:/Users/ilpes/Desktop/Antenne_e_clocks/obb_golden_INTC_UART_MMCM/iic_spi_10KHz_ILA/microblaze_0/standalone_domain/bsp/system.mss
TRACE::2025-07-16.23:11:00::SCWMssOS::DEBUG:  swdes dump  C:/Users/ilpes/Desktop/Antenne_e_clocks/obb_golden_INTC_UART_MMCM/iic_spi_10KHz_ILA/microblaze_0/standalone_domain/bsp/system.mss|system||

TRACE::2025-07-16.23:11:00::SCWMssOS::Sw design exists and opened at  C:/Users/ilpes/Desktop/Antenne_e_clocks/obb_golden_INTC_UART_MMCM/iic_spi_10KHz_ILA/microblaze_0/standalone_domain/bsp/system.mss
