Copyright 1986-2020 Xilinx, Inc. All Rights Reserved.
-----------------------------------------------------------------------------------------------------------------------------------------------------------------------------------------------------------------------
| Tool Version : Vivado v.2020.2 (win64) Build 3064766 Wed Nov 18 09:12:45 MST 2020
| Date         : Tue Aug 26 16:13:08 2025
| Host         : LAPTOP-IMI5H5SA running 64-bit major release  (build 9200)
| Command      : report_timing_summary -max_paths 10 -file user_35t_wrapper_timing_summary_routed.rpt -pb user_35t_wrapper_timing_summary_routed.pb -rpx user_35t_wrapper_timing_summary_routed.rpx -warn_on_violation
| Design       : user_35t_wrapper
| Device       : 7a35t-cpg236
| Speed File   : -1  PRODUCTION 1.23 2018-06-13
-----------------------------------------------------------------------------------------------------------------------------------------------------------------------------------------------------------------------

Timing Summary Report

------------------------------------------------------------------------------------------------
| Timer Settings
| --------------
------------------------------------------------------------------------------------------------

  Enable Multi Corner Analysis               :  Yes
  Enable Pessimism Removal                   :  Yes
  Pessimism Removal Resolution               :  Nearest Common Node
  Enable Input Delay Default Clock           :  No
  Enable Preset / Clear Arcs                 :  No
  Disable Flight Delays                      :  No
  Ignore I/O Paths                           :  No
  Timing Early Launch at Borrowing Latches   :  No
  Borrow Time for Max Delay Exceptions       :  Yes
  Merge Timing Exceptions                    :  Yes

  Corner  Analyze    Analyze    
  Name    Max Paths  Min Paths  
  ------  ---------  ---------  
  Slow    Yes        Yes        
  Fast    Yes        Yes        



check_timing report

Table of Contents
-----------------
1. checking no_clock (0)
2. checking constant_clock (0)
3. checking pulse_width_clock (0)
4. checking unconstrained_internal_endpoints (0)
5. checking no_input_delay (20)
6. checking no_output_delay (42)
7. checking multiple_clock (0)
8. checking generated_clocks (0)
9. checking loops (0)
10. checking partial_input_delay (0)
11. checking partial_output_delay (0)
12. checking latch_loops (0)

1. checking no_clock (0)
------------------------
 There are 0 register/latch pins with no clock.


2. checking constant_clock (0)
------------------------------
 There are 0 register/latch pins with constant_clock.


3. checking pulse_width_clock (0)
---------------------------------
 There are 0 register/latch pins which need pulse_width check


4. checking unconstrained_internal_endpoints (0)
------------------------------------------------
 There are 0 pins that are not constrained for maximum delay.

 There are 0 pins that are not constrained for maximum delay due to constant clock.


5. checking no_input_delay (20)
-------------------------------
 There are 20 input ports with no input delay specified. (HIGH)

 There are 0 input ports with no input delay but user has a false path constraint.


6. checking no_output_delay (42)
--------------------------------
 There are 42 ports with no output delay specified. (HIGH)

 There are 0 ports with no output delay but user has a false path constraint

 There are 0 ports with no output delay but with a timing clock defined on it or propagating through it


7. checking multiple_clock (0)
------------------------------
 There are 0 register/latch pins with multiple clocks.


8. checking generated_clocks (0)
--------------------------------
 There are 0 generated clocks that are not connected to a clock source.


9. checking loops (0)
---------------------
 There are 0 combinational loops in the design.


10. checking partial_input_delay (0)
------------------------------------
 There are 0 input ports with partial input delay specified.


11. checking partial_output_delay (0)
-------------------------------------
 There are 0 ports with partial output delay specified.


12. checking latch_loops (0)
----------------------------
 There are 0 combinational latch loops in the design through latch input



------------------------------------------------------------------------------------------------
| Design Timing Summary
| ---------------------
------------------------------------------------------------------------------------------------

    WNS(ns)      TNS(ns)  TNS Failing Endpoints  TNS Total Endpoints      WHS(ns)      THS(ns)  THS Failing Endpoints  THS Total Endpoints     WPWS(ns)     TPWS(ns)  TPWS Failing Endpoints  TPWS Total Endpoints  
    -------      -------  ---------------------  -------------------      -------      -------  ---------------------  -------------------     --------     --------  ----------------------  --------------------  
      0.206        0.000                      0                60407        0.011        0.000                      0                60391        3.750        0.000                       0                 27659  


All user specified timing constraints are met.


------------------------------------------------------------------------------------------------
| Clock Summary
| -------------
------------------------------------------------------------------------------------------------

Clock                                                                                       Waveform(ns)         Period(ns)      Frequency(MHz)
-----                                                                                       ------------         ----------      --------------
dbg_hub/inst/BSCANID.u_xsdbm_id/SWITCH_N_EXT_BSCAN.bscan_inst/SERIES7_BSCAN.bscan_inst/TCK  {0.000 16.500}       33.000          30.303          
sys_clk_pin                                                                                 {0.000 41.660}       83.330          12.000          
user_35t_i/clk_wiz_0/inst/clk_in1                                                           {0.000 41.666}       83.333          12.000          
  clk_out1_user_35t_clk_wiz_0_0                                                             {0.000 5.000}        10.000          100.000         
  clkfbout_user_35t_clk_wiz_0_0                                                             {0.000 41.666}       83.333          12.000          
user_35t_i/mdm_1/U0/Use_E2.BSCAN_I/Use_E2.BSCANE2_I/DRCK                                    {0.000 16.666}       33.333          30.000          
user_35t_i/mdm_1/U0/Use_E2.BSCAN_I/Use_E2.BSCANE2_I/UPDATE                                  {0.000 16.666}       33.333          30.000          


------------------------------------------------------------------------------------------------
| Intra Clock Table
| -----------------
------------------------------------------------------------------------------------------------

Clock                                                                                           WNS(ns)      TNS(ns)  TNS Failing Endpoints  TNS Total Endpoints      WHS(ns)      THS(ns)  THS Failing Endpoints  THS Total Endpoints     WPWS(ns)     TPWS(ns)  TPWS Failing Endpoints  TPWS Total Endpoints  
-----                                                                                           -------      -------  ---------------------  -------------------      -------      -------  ---------------------  -------------------     --------     --------  ----------------------  --------------------  
dbg_hub/inst/BSCANID.u_xsdbm_id/SWITCH_N_EXT_BSCAN.bscan_inst/SERIES7_BSCAN.bscan_inst/TCK       25.102        0.000                      0                  943        0.049        0.000                      0                  943       15.250        0.000                       0                   495  
sys_clk_pin                                                                                      78.137        0.000                      0                   46        0.244        0.000                      0                   46       41.160        0.000                       0                    38  
user_35t_i/clk_wiz_0/inst/clk_in1                                                                                                                                                                                                            16.667        0.000                       0                     1  
  clk_out1_user_35t_clk_wiz_0_0                                                                   0.206        0.000                      0                58695        0.011        0.000                      0                58695        3.750        0.000                       0                 26833  
  clkfbout_user_35t_clk_wiz_0_0                                                                                                                                                                                                              16.667        0.000                       0                     3  
user_35t_i/mdm_1/U0/Use_E2.BSCAN_I/Use_E2.BSCANE2_I/DRCK                                         13.489        0.000                      0                  239        0.157        0.000                      0                  239       15.686        0.000                       0                   248  
user_35t_i/mdm_1/U0/Use_E2.BSCAN_I/Use_E2.BSCANE2_I/UPDATE                                       10.758        0.000                      0                   47        0.265        0.000                      0                   47       16.166        0.000                       0                    41  


------------------------------------------------------------------------------------------------
| Inter Clock Table
| -----------------
------------------------------------------------------------------------------------------------

From Clock                                                                                  To Clock                                                                                        WNS(ns)      TNS(ns)  TNS Failing Endpoints  TNS Total Endpoints      WHS(ns)      THS(ns)  THS Failing Endpoints  THS Total Endpoints  
----------                                                                                  --------                                                                                        -------      -------  ---------------------  -------------------      -------      -------  ---------------------  -------------------  
clk_out1_user_35t_clk_wiz_0_0                                                               dbg_hub/inst/BSCANID.u_xsdbm_id/SWITCH_N_EXT_BSCAN.bscan_inst/SERIES7_BSCAN.bscan_inst/TCK        8.309        0.000                      0                    8                                                                        
dbg_hub/inst/BSCANID.u_xsdbm_id/SWITCH_N_EXT_BSCAN.bscan_inst/SERIES7_BSCAN.bscan_inst/TCK  clk_out1_user_35t_clk_wiz_0_0                                                                    31.710        0.000                      0                    8                                                                        


------------------------------------------------------------------------------------------------
| Other Path Groups Table
| -----------------------
------------------------------------------------------------------------------------------------

Path Group                                                                                  From Clock                                                                                  To Clock                                                                                        WNS(ns)      TNS(ns)  TNS Failing Endpoints  TNS Total Endpoints      WHS(ns)      THS(ns)  THS Failing Endpoints  THS Total Endpoints  
----------                                                                                  ----------                                                                                  --------                                                                                        -------      -------  ---------------------  -------------------      -------      -------  ---------------------  -------------------  
**async_default**                                                                           clk_out1_user_35t_clk_wiz_0_0                                                               clk_out1_user_35t_clk_wiz_0_0                                                                     5.043        0.000                      0                  321        0.382        0.000                      0                  321  
**async_default**                                                                           dbg_hub/inst/BSCANID.u_xsdbm_id/SWITCH_N_EXT_BSCAN.bscan_inst/SERIES7_BSCAN.bscan_inst/TCK  dbg_hub/inst/BSCANID.u_xsdbm_id/SWITCH_N_EXT_BSCAN.bscan_inst/SERIES7_BSCAN.bscan_inst/TCK       27.606        0.000                      0                  100        0.386        0.000                      0                  100  


------------------------------------------------------------------------------------------------
| Timing Details
| --------------
------------------------------------------------------------------------------------------------


---------------------------------------------------------------------------------------------------
From Clock:  dbg_hub/inst/BSCANID.u_xsdbm_id/SWITCH_N_EXT_BSCAN.bscan_inst/SERIES7_BSCAN.bscan_inst/TCK
  To Clock:  dbg_hub/inst/BSCANID.u_xsdbm_id/SWITCH_N_EXT_BSCAN.bscan_inst/SERIES7_BSCAN.bscan_inst/TCK

Setup :            0  Failing Endpoints,  Worst Slack       25.102ns,  Total Violation        0.000ns
Hold  :            0  Failing Endpoints,  Worst Slack        0.049ns,  Total Violation        0.000ns
PW    :            0  Failing Endpoints,  Worst Slack       15.250ns,  Total Violation        0.000ns
---------------------------------------------------------------------------------------------------


Max Delay Paths
--------------------------------------------------------------------------------------
Slack (MET) :             25.102ns  (required time - arrival time)
  Source:                 dbg_hub/inst/BSCANID.u_xsdbm_id/SWITCH_N_EXT_BSCAN.bscan_switch/state_reg[1]/C
                            (rising edge-triggered cell FDRE clocked by dbg_hub/inst/BSCANID.u_xsdbm_id/SWITCH_N_EXT_BSCAN.bscan_inst/SERIES7_BSCAN.bscan_inst/TCK  {rise@0.000ns fall@16.500ns period=33.000ns})
  Destination:            dbg_hub/inst/BSCANID.u_xsdbm_id/SWITCH_N_EXT_BSCAN.bscan_switch/portno_temp_reg[0]/D
                            (rising edge-triggered cell FDRE clocked by dbg_hub/inst/BSCANID.u_xsdbm_id/SWITCH_N_EXT_BSCAN.bscan_inst/SERIES7_BSCAN.bscan_inst/TCK  {rise@0.000ns fall@16.500ns period=33.000ns})
  Path Group:             dbg_hub/inst/BSCANID.u_xsdbm_id/SWITCH_N_EXT_BSCAN.bscan_inst/SERIES7_BSCAN.bscan_inst/TCK
  Path Type:              Setup (Max at Slow Process Corner)
  Requirement:            33.000ns  (dbg_hub/inst/BSCANID.u_xsdbm_id/SWITCH_N_EXT_BSCAN.bscan_inst/SERIES7_BSCAN.bscan_inst/TCK rise@33.000ns - dbg_hub/inst/BSCANID.u_xsdbm_id/SWITCH_N_EXT_BSCAN.bscan_inst/SERIES7_BSCAN.bscan_inst/TCK rise@0.000ns)
  Data Path Delay:        7.856ns  (logic 2.091ns (26.618%)  route 5.765ns (73.382%))
  Logic Levels:           6  (CARRY4=2 LUT3=1 LUT4=1 LUT5=1 LUT6=1)
  Clock Path Skew:        -0.038ns (DCD - SCD + CPR)
    Destination Clock Delay (DCD):    3.130ns = ( 36.130 - 33.000 ) 
    Source Clock Delay      (SCD):    3.514ns
    Clock Pessimism Removal (CPR):    0.346ns
  Clock Uncertainty:      0.035ns  ((TSJ^2 + TIJ^2)^1/2 + DJ) / 2 + PE
    Total System Jitter     (TSJ):    0.071ns
    Total Input Jitter      (TIJ):    0.000ns
    Discrete Jitter          (DJ):    0.000ns
    Phase Error              (PE):    0.000ns

    Location             Delay type                Incr(ns)  Path(ns)    Netlist Resource(s)
  -------------------------------------------------------------------    -------------------
                         (clock dbg_hub/inst/BSCANID.u_xsdbm_id/SWITCH_N_EXT_BSCAN.bscan_inst/SERIES7_BSCAN.bscan_inst/TCK rise edge)
                                                      0.000     0.000 r  
    BSCAN_X0Y0           BSCANE2                      0.000     0.000 r  dbg_hub/inst/BSCANID.u_xsdbm_id/SWITCH_N_EXT_BSCAN.bscan_inst/SERIES7_BSCAN.bscan_inst/TCK
                         net (fo=1, routed)           1.854     1.854    dbg_hub/inst/BSCANID.u_xsdbm_id/tck_bs
    BUFGCTRL_X0Y1        BUFG (Prop_bufg_I_O)         0.096     1.950 r  dbg_hub/inst/BSCANID.u_xsdbm_id/SWITCH_N_EXT_BSCAN.u_bufg_icon_tck/O
                         net (fo=494, routed)         1.564     3.514    dbg_hub/inst/BSCANID.u_xsdbm_id/SWITCH_N_EXT_BSCAN.bscan_switch/s_bscan_tck
    SLICE_X12Y14         FDRE                                         r  dbg_hub/inst/BSCANID.u_xsdbm_id/SWITCH_N_EXT_BSCAN.bscan_switch/state_reg[1]/C
  -------------------------------------------------------------------    -------------------
    SLICE_X12Y14         FDRE (Prop_fdre_C_Q)         0.478     3.992 r  dbg_hub/inst/BSCANID.u_xsdbm_id/SWITCH_N_EXT_BSCAN.bscan_switch/state_reg[1]/Q
                         net (fo=50, routed)          2.565     6.557    dbg_hub/inst/BSCANID.u_xsdbm_id/SWITCH_N_EXT_BSCAN.bscan_switch/state[1]
    SLICE_X10Y9          LUT4 (Prop_lut4_I3_O)        0.323     6.880 r  dbg_hub/inst/BSCANID.u_xsdbm_id/SWITCH_N_EXT_BSCAN.bscan_switch/curid_inferred_i_18/O
                         net (fo=2, routed)           0.963     7.842    dbg_hub/inst/BSCANID.u_xsdbm_id/SWITCH_N_EXT_BSCAN.bscan_switch/curid[14]
    SLICE_X10Y11         LUT6 (Prop_lut6_I1_O)        0.328     8.170 r  dbg_hub/inst/BSCANID.u_xsdbm_id/SWITCH_N_EXT_BSCAN.bscan_switch/state_temp[0]_i_10/O
                         net (fo=1, routed)           0.000     8.170    dbg_hub/inst/BSCANID.u_xsdbm_id/SWITCH_N_EXT_BSCAN.bscan_switch/state_temp[0]_i_10_n_0
    SLICE_X10Y11         CARRY4 (Prop_carry4_S[2]_CO[3])
                                                      0.380     8.550 r  dbg_hub/inst/BSCANID.u_xsdbm_id/SWITCH_N_EXT_BSCAN.bscan_switch/state_temp_reg[0]_i_4/CO[3]
                         net (fo=1, routed)           0.000     8.550    dbg_hub/inst/BSCANID.u_xsdbm_id/SWITCH_N_EXT_BSCAN.bscan_switch/state_temp_reg[0]_i_4_n_0
    SLICE_X10Y12         CARRY4 (Prop_carry4_CI_CO[3])
                                                      0.117     8.667 f  dbg_hub/inst/BSCANID.u_xsdbm_id/SWITCH_N_EXT_BSCAN.bscan_switch/state_temp_reg[0]_i_3/CO[3]
                         net (fo=4, routed)           1.055     9.722    dbg_hub/inst/BSCANID.u_xsdbm_id/SWITCH_N_EXT_BSCAN.bscan_switch/state_temp_reg[0]_i_3_n_0
    SLICE_X12Y15         LUT5 (Prop_lut5_I1_O)        0.117     9.839 r  dbg_hub/inst/BSCANID.u_xsdbm_id/SWITCH_N_EXT_BSCAN.bscan_switch/portno_temp[5]_i_2/O
                         net (fo=7, routed)           1.182    11.022    dbg_hub/inst/BSCANID.u_xsdbm_id/SWITCH_N_EXT_BSCAN.bscan_switch/portno_temp[5]_i_2_n_0
    SLICE_X11Y14         LUT3 (Prop_lut3_I1_O)        0.348    11.370 r  dbg_hub/inst/BSCANID.u_xsdbm_id/SWITCH_N_EXT_BSCAN.bscan_switch/portno_temp[0]_i_1/O
                         net (fo=1, routed)           0.000    11.370    dbg_hub/inst/BSCANID.u_xsdbm_id/SWITCH_N_EXT_BSCAN.bscan_switch/portno_temp[0]_i_1_n_0
    SLICE_X11Y14         FDRE                                         r  dbg_hub/inst/BSCANID.u_xsdbm_id/SWITCH_N_EXT_BSCAN.bscan_switch/portno_temp_reg[0]/D
  -------------------------------------------------------------------    -------------------

                         (clock dbg_hub/inst/BSCANID.u_xsdbm_id/SWITCH_N_EXT_BSCAN.bscan_inst/SERIES7_BSCAN.bscan_inst/TCK rise edge)
                                                     33.000    33.000 r  
    BSCAN_X0Y0           BSCANE2                      0.000    33.000 r  dbg_hub/inst/BSCANID.u_xsdbm_id/SWITCH_N_EXT_BSCAN.bscan_inst/SERIES7_BSCAN.bscan_inst/TCK
                         net (fo=1, routed)           1.593    34.593    dbg_hub/inst/BSCANID.u_xsdbm_id/tck_bs
    BUFGCTRL_X0Y1        BUFG (Prop_bufg_I_O)         0.091    34.684 r  dbg_hub/inst/BSCANID.u_xsdbm_id/SWITCH_N_EXT_BSCAN.u_bufg_icon_tck/O
                         net (fo=494, routed)         1.446    36.130    dbg_hub/inst/BSCANID.u_xsdbm_id/SWITCH_N_EXT_BSCAN.bscan_switch/s_bscan_tck
    SLICE_X11Y14         FDRE                                         r  dbg_hub/inst/BSCANID.u_xsdbm_id/SWITCH_N_EXT_BSCAN.bscan_switch/portno_temp_reg[0]/C
                         clock pessimism              0.346    36.476    
                         clock uncertainty           -0.035    36.441    
    SLICE_X11Y14         FDRE (Setup_fdre_C_D)        0.031    36.472    dbg_hub/inst/BSCANID.u_xsdbm_id/SWITCH_N_EXT_BSCAN.bscan_switch/portno_temp_reg[0]
  -------------------------------------------------------------------
                         required time                         36.472    
                         arrival time                         -11.370    
  -------------------------------------------------------------------
                         slack                                 25.102    

Slack (MET) :             25.433ns  (required time - arrival time)
  Source:                 dbg_hub/inst/BSCANID.u_xsdbm_id/SWITCH_N_EXT_BSCAN.bscan_switch/state_reg[1]/C
                            (rising edge-triggered cell FDRE clocked by dbg_hub/inst/BSCANID.u_xsdbm_id/SWITCH_N_EXT_BSCAN.bscan_inst/SERIES7_BSCAN.bscan_inst/TCK  {rise@0.000ns fall@16.500ns period=33.000ns})
  Destination:            dbg_hub/inst/BSCANID.u_xsdbm_id/SWITCH_N_EXT_BSCAN.bscan_switch/portno_temp_reg[1]/D
                            (rising edge-triggered cell FDRE clocked by dbg_hub/inst/BSCANID.u_xsdbm_id/SWITCH_N_EXT_BSCAN.bscan_inst/SERIES7_BSCAN.bscan_inst/TCK  {rise@0.000ns fall@16.500ns period=33.000ns})
  Path Group:             dbg_hub/inst/BSCANID.u_xsdbm_id/SWITCH_N_EXT_BSCAN.bscan_inst/SERIES7_BSCAN.bscan_inst/TCK
  Path Type:              Setup (Max at Slow Process Corner)
  Requirement:            33.000ns  (dbg_hub/inst/BSCANID.u_xsdbm_id/SWITCH_N_EXT_BSCAN.bscan_inst/SERIES7_BSCAN.bscan_inst/TCK rise@33.000ns - dbg_hub/inst/BSCANID.u_xsdbm_id/SWITCH_N_EXT_BSCAN.bscan_inst/SERIES7_BSCAN.bscan_inst/TCK rise@0.000ns)
  Data Path Delay:        7.570ns  (logic 2.091ns (27.624%)  route 5.479ns (72.376%))
  Logic Levels:           6  (CARRY4=2 LUT3=1 LUT4=1 LUT5=1 LUT6=1)
  Clock Path Skew:        -0.039ns (DCD - SCD + CPR)
    Destination Clock Delay (DCD):    3.129ns = ( 36.129 - 33.000 ) 
    Source Clock Delay      (SCD):    3.514ns
    Clock Pessimism Removal (CPR):    0.346ns
  Clock Uncertainty:      0.035ns  ((TSJ^2 + TIJ^2)^1/2 + DJ) / 2 + PE
    Total System Jitter     (TSJ):    0.071ns
    Total Input Jitter      (TIJ):    0.000ns
    Discrete Jitter          (DJ):    0.000ns
    Phase Error              (PE):    0.000ns

    Location             Delay type                Incr(ns)  Path(ns)    Netlist Resource(s)
  -------------------------------------------------------------------    -------------------
                         (clock dbg_hub/inst/BSCANID.u_xsdbm_id/SWITCH_N_EXT_BSCAN.bscan_inst/SERIES7_BSCAN.bscan_inst/TCK rise edge)
                                                      0.000     0.000 r  
    BSCAN_X0Y0           BSCANE2                      0.000     0.000 r  dbg_hub/inst/BSCANID.u_xsdbm_id/SWITCH_N_EXT_BSCAN.bscan_inst/SERIES7_BSCAN.bscan_inst/TCK
                         net (fo=1, routed)           1.854     1.854    dbg_hub/inst/BSCANID.u_xsdbm_id/tck_bs
    BUFGCTRL_X0Y1        BUFG (Prop_bufg_I_O)         0.096     1.950 r  dbg_hub/inst/BSCANID.u_xsdbm_id/SWITCH_N_EXT_BSCAN.u_bufg_icon_tck/O
                         net (fo=494, routed)         1.564     3.514    dbg_hub/inst/BSCANID.u_xsdbm_id/SWITCH_N_EXT_BSCAN.bscan_switch/s_bscan_tck
    SLICE_X12Y14         FDRE                                         r  dbg_hub/inst/BSCANID.u_xsdbm_id/SWITCH_N_EXT_BSCAN.bscan_switch/state_reg[1]/C
  -------------------------------------------------------------------    -------------------
    SLICE_X12Y14         FDRE (Prop_fdre_C_Q)         0.478     3.992 r  dbg_hub/inst/BSCANID.u_xsdbm_id/SWITCH_N_EXT_BSCAN.bscan_switch/state_reg[1]/Q
                         net (fo=50, routed)          2.565     6.557    dbg_hub/inst/BSCANID.u_xsdbm_id/SWITCH_N_EXT_BSCAN.bscan_switch/state[1]
    SLICE_X10Y9          LUT4 (Prop_lut4_I3_O)        0.323     6.880 r  dbg_hub/inst/BSCANID.u_xsdbm_id/SWITCH_N_EXT_BSCAN.bscan_switch/curid_inferred_i_18/O
                         net (fo=2, routed)           0.963     7.842    dbg_hub/inst/BSCANID.u_xsdbm_id/SWITCH_N_EXT_BSCAN.bscan_switch/curid[14]
    SLICE_X10Y11         LUT6 (Prop_lut6_I1_O)        0.328     8.170 r  dbg_hub/inst/BSCANID.u_xsdbm_id/SWITCH_N_EXT_BSCAN.bscan_switch/state_temp[0]_i_10/O
                         net (fo=1, routed)           0.000     8.170    dbg_hub/inst/BSCANID.u_xsdbm_id/SWITCH_N_EXT_BSCAN.bscan_switch/state_temp[0]_i_10_n_0
    SLICE_X10Y11         CARRY4 (Prop_carry4_S[2]_CO[3])
                                                      0.380     8.550 r  dbg_hub/inst/BSCANID.u_xsdbm_id/SWITCH_N_EXT_BSCAN.bscan_switch/state_temp_reg[0]_i_4/CO[3]
                         net (fo=1, routed)           0.000     8.550    dbg_hub/inst/BSCANID.u_xsdbm_id/SWITCH_N_EXT_BSCAN.bscan_switch/state_temp_reg[0]_i_4_n_0
    SLICE_X10Y12         CARRY4 (Prop_carry4_CI_CO[3])
                                                      0.117     8.667 f  dbg_hub/inst/BSCANID.u_xsdbm_id/SWITCH_N_EXT_BSCAN.bscan_switch/state_temp_reg[0]_i_3/CO[3]
                         net (fo=4, routed)           1.055     9.722    dbg_hub/inst/BSCANID.u_xsdbm_id/SWITCH_N_EXT_BSCAN.bscan_switch/state_temp_reg[0]_i_3_n_0
    SLICE_X12Y15         LUT5 (Prop_lut5_I1_O)        0.117     9.839 r  dbg_hub/inst/BSCANID.u_xsdbm_id/SWITCH_N_EXT_BSCAN.bscan_switch/portno_temp[5]_i_2/O
                         net (fo=7, routed)           0.896    10.736    dbg_hub/inst/BSCANID.u_xsdbm_id/SWITCH_N_EXT_BSCAN.bscan_switch/portno_temp[5]_i_2_n_0
    SLICE_X10Y15         LUT3 (Prop_lut3_I1_O)        0.348    11.084 r  dbg_hub/inst/BSCANID.u_xsdbm_id/SWITCH_N_EXT_BSCAN.bscan_switch/portno_temp[1]_i_1/O
                         net (fo=1, routed)           0.000    11.084    dbg_hub/inst/BSCANID.u_xsdbm_id/SWITCH_N_EXT_BSCAN.bscan_switch/portno_temp[1]_i_1_n_0
    SLICE_X10Y15         FDRE                                         r  dbg_hub/inst/BSCANID.u_xsdbm_id/SWITCH_N_EXT_BSCAN.bscan_switch/portno_temp_reg[1]/D
  -------------------------------------------------------------------    -------------------

                         (clock dbg_hub/inst/BSCANID.u_xsdbm_id/SWITCH_N_EXT_BSCAN.bscan_inst/SERIES7_BSCAN.bscan_inst/TCK rise edge)
                                                     33.000    33.000 r  
    BSCAN_X0Y0           BSCANE2                      0.000    33.000 r  dbg_hub/inst/BSCANID.u_xsdbm_id/SWITCH_N_EXT_BSCAN.bscan_inst/SERIES7_BSCAN.bscan_inst/TCK
                         net (fo=1, routed)           1.593    34.593    dbg_hub/inst/BSCANID.u_xsdbm_id/tck_bs
    BUFGCTRL_X0Y1        BUFG (Prop_bufg_I_O)         0.091    34.684 r  dbg_hub/inst/BSCANID.u_xsdbm_id/SWITCH_N_EXT_BSCAN.u_bufg_icon_tck/O
                         net (fo=494, routed)         1.445    36.129    dbg_hub/inst/BSCANID.u_xsdbm_id/SWITCH_N_EXT_BSCAN.bscan_switch/s_bscan_tck
    SLICE_X10Y15         FDRE                                         r  dbg_hub/inst/BSCANID.u_xsdbm_id/SWITCH_N_EXT_BSCAN.bscan_switch/portno_temp_reg[1]/C
                         clock pessimism              0.346    36.475    
                         clock uncertainty           -0.035    36.440    
    SLICE_X10Y15         FDRE (Setup_fdre_C_D)        0.077    36.517    dbg_hub/inst/BSCANID.u_xsdbm_id/SWITCH_N_EXT_BSCAN.bscan_switch/portno_temp_reg[1]
  -------------------------------------------------------------------
                         required time                         36.517    
                         arrival time                         -11.084    
  -------------------------------------------------------------------
                         slack                                 25.433    

Slack (MET) :             25.447ns  (required time - arrival time)
  Source:                 dbg_hub/inst/BSCANID.u_xsdbm_id/SWITCH_N_EXT_BSCAN.bscan_switch/state_reg[1]/C
                            (rising edge-triggered cell FDRE clocked by dbg_hub/inst/BSCANID.u_xsdbm_id/SWITCH_N_EXT_BSCAN.bscan_inst/SERIES7_BSCAN.bscan_inst/TCK  {rise@0.000ns fall@16.500ns period=33.000ns})
  Destination:            dbg_hub/inst/BSCANID.u_xsdbm_id/SWITCH_N_EXT_BSCAN.bscan_switch/portno_temp_reg[2]/D
                            (rising edge-triggered cell FDRE clocked by dbg_hub/inst/BSCANID.u_xsdbm_id/SWITCH_N_EXT_BSCAN.bscan_inst/SERIES7_BSCAN.bscan_inst/TCK  {rise@0.000ns fall@16.500ns period=33.000ns})
  Path Group:             dbg_hub/inst/BSCANID.u_xsdbm_id/SWITCH_N_EXT_BSCAN.bscan_inst/SERIES7_BSCAN.bscan_inst/TCK
  Path Type:              Setup (Max at Slow Process Corner)
  Requirement:            33.000ns  (dbg_hub/inst/BSCANID.u_xsdbm_id/SWITCH_N_EXT_BSCAN.bscan_inst/SERIES7_BSCAN.bscan_inst/TCK rise@33.000ns - dbg_hub/inst/BSCANID.u_xsdbm_id/SWITCH_N_EXT_BSCAN.bscan_inst/SERIES7_BSCAN.bscan_inst/TCK rise@0.000ns)
  Data Path Delay:        7.560ns  (logic 2.091ns (27.660%)  route 5.469ns (72.340%))
  Logic Levels:           6  (CARRY4=2 LUT3=1 LUT4=1 LUT5=1 LUT6=1)
  Clock Path Skew:        -0.039ns (DCD - SCD + CPR)
    Destination Clock Delay (DCD):    3.129ns = ( 36.129 - 33.000 ) 
    Source Clock Delay      (SCD):    3.514ns
    Clock Pessimism Removal (CPR):    0.346ns
  Clock Uncertainty:      0.035ns  ((TSJ^2 + TIJ^2)^1/2 + DJ) / 2 + PE
    Total System Jitter     (TSJ):    0.071ns
    Total Input Jitter      (TIJ):    0.000ns
    Discrete Jitter          (DJ):    0.000ns
    Phase Error              (PE):    0.000ns

    Location             Delay type                Incr(ns)  Path(ns)    Netlist Resource(s)
  -------------------------------------------------------------------    -------------------
                         (clock dbg_hub/inst/BSCANID.u_xsdbm_id/SWITCH_N_EXT_BSCAN.bscan_inst/SERIES7_BSCAN.bscan_inst/TCK rise edge)
                                                      0.000     0.000 r  
    BSCAN_X0Y0           BSCANE2                      0.000     0.000 r  dbg_hub/inst/BSCANID.u_xsdbm_id/SWITCH_N_EXT_BSCAN.bscan_inst/SERIES7_BSCAN.bscan_inst/TCK
                         net (fo=1, routed)           1.854     1.854    dbg_hub/inst/BSCANID.u_xsdbm_id/tck_bs
    BUFGCTRL_X0Y1        BUFG (Prop_bufg_I_O)         0.096     1.950 r  dbg_hub/inst/BSCANID.u_xsdbm_id/SWITCH_N_EXT_BSCAN.u_bufg_icon_tck/O
                         net (fo=494, routed)         1.564     3.514    dbg_hub/inst/BSCANID.u_xsdbm_id/SWITCH_N_EXT_BSCAN.bscan_switch/s_bscan_tck
    SLICE_X12Y14         FDRE                                         r  dbg_hub/inst/BSCANID.u_xsdbm_id/SWITCH_N_EXT_BSCAN.bscan_switch/state_reg[1]/C
  -------------------------------------------------------------------    -------------------
    SLICE_X12Y14         FDRE (Prop_fdre_C_Q)         0.478     3.992 r  dbg_hub/inst/BSCANID.u_xsdbm_id/SWITCH_N_EXT_BSCAN.bscan_switch/state_reg[1]/Q
                         net (fo=50, routed)          2.565     6.557    dbg_hub/inst/BSCANID.u_xsdbm_id/SWITCH_N_EXT_BSCAN.bscan_switch/state[1]
    SLICE_X10Y9          LUT4 (Prop_lut4_I3_O)        0.323     6.880 r  dbg_hub/inst/BSCANID.u_xsdbm_id/SWITCH_N_EXT_BSCAN.bscan_switch/curid_inferred_i_18/O
                         net (fo=2, routed)           0.963     7.842    dbg_hub/inst/BSCANID.u_xsdbm_id/SWITCH_N_EXT_BSCAN.bscan_switch/curid[14]
    SLICE_X10Y11         LUT6 (Prop_lut6_I1_O)        0.328     8.170 r  dbg_hub/inst/BSCANID.u_xsdbm_id/SWITCH_N_EXT_BSCAN.bscan_switch/state_temp[0]_i_10/O
                         net (fo=1, routed)           0.000     8.170    dbg_hub/inst/BSCANID.u_xsdbm_id/SWITCH_N_EXT_BSCAN.bscan_switch/state_temp[0]_i_10_n_0
    SLICE_X10Y11         CARRY4 (Prop_carry4_S[2]_CO[3])
                                                      0.380     8.550 r  dbg_hub/inst/BSCANID.u_xsdbm_id/SWITCH_N_EXT_BSCAN.bscan_switch/state_temp_reg[0]_i_4/CO[3]
                         net (fo=1, routed)           0.000     8.550    dbg_hub/inst/BSCANID.u_xsdbm_id/SWITCH_N_EXT_BSCAN.bscan_switch/state_temp_reg[0]_i_4_n_0
    SLICE_X10Y12         CARRY4 (Prop_carry4_CI_CO[3])
                                                      0.117     8.667 f  dbg_hub/inst/BSCANID.u_xsdbm_id/SWITCH_N_EXT_BSCAN.bscan_switch/state_temp_reg[0]_i_3/CO[3]
                         net (fo=4, routed)           1.055     9.722    dbg_hub/inst/BSCANID.u_xsdbm_id/SWITCH_N_EXT_BSCAN.bscan_switch/state_temp_reg[0]_i_3_n_0
    SLICE_X12Y15         LUT5 (Prop_lut5_I1_O)        0.117     9.839 r  dbg_hub/inst/BSCANID.u_xsdbm_id/SWITCH_N_EXT_BSCAN.bscan_switch/portno_temp[5]_i_2/O
                         net (fo=7, routed)           0.886    10.726    dbg_hub/inst/BSCANID.u_xsdbm_id/SWITCH_N_EXT_BSCAN.bscan_switch/portno_temp[5]_i_2_n_0
    SLICE_X10Y15         LUT3 (Prop_lut3_I1_O)        0.348    11.074 r  dbg_hub/inst/BSCANID.u_xsdbm_id/SWITCH_N_EXT_BSCAN.bscan_switch/portno_temp[2]_i_1/O
                         net (fo=1, routed)           0.000    11.074    dbg_hub/inst/BSCANID.u_xsdbm_id/SWITCH_N_EXT_BSCAN.bscan_switch/portno_temp[2]_i_1_n_0
    SLICE_X10Y15         FDRE                                         r  dbg_hub/inst/BSCANID.u_xsdbm_id/SWITCH_N_EXT_BSCAN.bscan_switch/portno_temp_reg[2]/D
  -------------------------------------------------------------------    -------------------

                         (clock dbg_hub/inst/BSCANID.u_xsdbm_id/SWITCH_N_EXT_BSCAN.bscan_inst/SERIES7_BSCAN.bscan_inst/TCK rise edge)
                                                     33.000    33.000 r  
    BSCAN_X0Y0           BSCANE2                      0.000    33.000 r  dbg_hub/inst/BSCANID.u_xsdbm_id/SWITCH_N_EXT_BSCAN.bscan_inst/SERIES7_BSCAN.bscan_inst/TCK
                         net (fo=1, routed)           1.593    34.593    dbg_hub/inst/BSCANID.u_xsdbm_id/tck_bs
    BUFGCTRL_X0Y1        BUFG (Prop_bufg_I_O)         0.091    34.684 r  dbg_hub/inst/BSCANID.u_xsdbm_id/SWITCH_N_EXT_BSCAN.u_bufg_icon_tck/O
                         net (fo=494, routed)         1.445    36.129    dbg_hub/inst/BSCANID.u_xsdbm_id/SWITCH_N_EXT_BSCAN.bscan_switch/s_bscan_tck
    SLICE_X10Y15         FDRE                                         r  dbg_hub/inst/BSCANID.u_xsdbm_id/SWITCH_N_EXT_BSCAN.bscan_switch/portno_temp_reg[2]/C
                         clock pessimism              0.346    36.475    
                         clock uncertainty           -0.035    36.440    
    SLICE_X10Y15         FDRE (Setup_fdre_C_D)        0.081    36.521    dbg_hub/inst/BSCANID.u_xsdbm_id/SWITCH_N_EXT_BSCAN.bscan_switch/portno_temp_reg[2]
  -------------------------------------------------------------------
                         required time                         36.521    
                         arrival time                         -11.074    
  -------------------------------------------------------------------
                         slack                                 25.447    

Slack (MET) :             25.455ns  (required time - arrival time)
  Source:                 dbg_hub/inst/BSCANID.u_xsdbm_id/SWITCH_N_EXT_BSCAN.bscan_switch/state_reg[1]/C
                            (rising edge-triggered cell FDRE clocked by dbg_hub/inst/BSCANID.u_xsdbm_id/SWITCH_N_EXT_BSCAN.bscan_inst/SERIES7_BSCAN.bscan_inst/TCK  {rise@0.000ns fall@16.500ns period=33.000ns})
  Destination:            dbg_hub/inst/BSCANID.u_xsdbm_id/SWITCH_N_EXT_BSCAN.bscan_switch/state_temp_reg[1]/D
                            (rising edge-triggered cell FDRE clocked by dbg_hub/inst/BSCANID.u_xsdbm_id/SWITCH_N_EXT_BSCAN.bscan_inst/SERIES7_BSCAN.bscan_inst/TCK  {rise@0.000ns fall@16.500ns period=33.000ns})
  Path Group:             dbg_hub/inst/BSCANID.u_xsdbm_id/SWITCH_N_EXT_BSCAN.bscan_inst/SERIES7_BSCAN.bscan_inst/TCK
  Path Type:              Setup (Max at Slow Process Corner)
  Requirement:            33.000ns  (dbg_hub/inst/BSCANID.u_xsdbm_id/SWITCH_N_EXT_BSCAN.bscan_inst/SERIES7_BSCAN.bscan_inst/TCK rise@33.000ns - dbg_hub/inst/BSCANID.u_xsdbm_id/SWITCH_N_EXT_BSCAN.bscan_inst/SERIES7_BSCAN.bscan_inst/TCK rise@0.000ns)
  Data Path Delay:        7.591ns  (logic 1.874ns (24.687%)  route 5.717ns (75.313%))
  Logic Levels:           6  (CARRY4=2 LUT4=1 LUT6=3)
  Clock Path Skew:        0.000ns (DCD - SCD + CPR)
    Destination Clock Delay (DCD):    3.129ns = ( 36.129 - 33.000 ) 
    Source Clock Delay      (SCD):    3.514ns
    Clock Pessimism Removal (CPR):    0.385ns
  Clock Uncertainty:      0.035ns  ((TSJ^2 + TIJ^2)^1/2 + DJ) / 2 + PE
    Total System Jitter     (TSJ):    0.071ns
    Total Input Jitter      (TIJ):    0.000ns
    Discrete Jitter          (DJ):    0.000ns
    Phase Error              (PE):    0.000ns

    Location             Delay type                Incr(ns)  Path(ns)    Netlist Resource(s)
  -------------------------------------------------------------------    -------------------
                         (clock dbg_hub/inst/BSCANID.u_xsdbm_id/SWITCH_N_EXT_BSCAN.bscan_inst/SERIES7_BSCAN.bscan_inst/TCK rise edge)
                                                      0.000     0.000 r  
    BSCAN_X0Y0           BSCANE2                      0.000     0.000 r  dbg_hub/inst/BSCANID.u_xsdbm_id/SWITCH_N_EXT_BSCAN.bscan_inst/SERIES7_BSCAN.bscan_inst/TCK
                         net (fo=1, routed)           1.854     1.854    dbg_hub/inst/BSCANID.u_xsdbm_id/tck_bs
    BUFGCTRL_X0Y1        BUFG (Prop_bufg_I_O)         0.096     1.950 r  dbg_hub/inst/BSCANID.u_xsdbm_id/SWITCH_N_EXT_BSCAN.u_bufg_icon_tck/O
                         net (fo=494, routed)         1.564     3.514    dbg_hub/inst/BSCANID.u_xsdbm_id/SWITCH_N_EXT_BSCAN.bscan_switch/s_bscan_tck
    SLICE_X12Y14         FDRE                                         r  dbg_hub/inst/BSCANID.u_xsdbm_id/SWITCH_N_EXT_BSCAN.bscan_switch/state_reg[1]/C
  -------------------------------------------------------------------    -------------------
    SLICE_X12Y14         FDRE (Prop_fdre_C_Q)         0.478     3.992 r  dbg_hub/inst/BSCANID.u_xsdbm_id/SWITCH_N_EXT_BSCAN.bscan_switch/state_reg[1]/Q
                         net (fo=50, routed)          2.565     6.557    dbg_hub/inst/BSCANID.u_xsdbm_id/SWITCH_N_EXT_BSCAN.bscan_switch/state[1]
    SLICE_X10Y9          LUT4 (Prop_lut4_I3_O)        0.323     6.880 r  dbg_hub/inst/BSCANID.u_xsdbm_id/SWITCH_N_EXT_BSCAN.bscan_switch/curid_inferred_i_18/O
                         net (fo=2, routed)           0.963     7.842    dbg_hub/inst/BSCANID.u_xsdbm_id/SWITCH_N_EXT_BSCAN.bscan_switch/curid[14]
    SLICE_X10Y11         LUT6 (Prop_lut6_I1_O)        0.328     8.170 r  dbg_hub/inst/BSCANID.u_xsdbm_id/SWITCH_N_EXT_BSCAN.bscan_switch/state_temp[0]_i_10/O
                         net (fo=1, routed)           0.000     8.170    dbg_hub/inst/BSCANID.u_xsdbm_id/SWITCH_N_EXT_BSCAN.bscan_switch/state_temp[0]_i_10_n_0
    SLICE_X10Y11         CARRY4 (Prop_carry4_S[2]_CO[3])
                                                      0.380     8.550 r  dbg_hub/inst/BSCANID.u_xsdbm_id/SWITCH_N_EXT_BSCAN.bscan_switch/state_temp_reg[0]_i_4/CO[3]
                         net (fo=1, routed)           0.000     8.550    dbg_hub/inst/BSCANID.u_xsdbm_id/SWITCH_N_EXT_BSCAN.bscan_switch/state_temp_reg[0]_i_4_n_0
    SLICE_X10Y12         CARRY4 (Prop_carry4_CI_CO[3])
                                                      0.117     8.667 f  dbg_hub/inst/BSCANID.u_xsdbm_id/SWITCH_N_EXT_BSCAN.bscan_switch/state_temp_reg[0]_i_3/CO[3]
                         net (fo=4, routed)           1.520    10.187    dbg_hub/inst/BSCANID.u_xsdbm_id/SWITCH_N_EXT_BSCAN.bscan_switch/state_temp_reg[0]_i_3_n_0
    SLICE_X12Y14         LUT6 (Prop_lut6_I5_O)        0.124    10.311 f  dbg_hub/inst/BSCANID.u_xsdbm_id/SWITCH_N_EXT_BSCAN.bscan_switch/state_temp[1]_i_2/O
                         net (fo=1, routed)           0.670    10.981    dbg_hub/inst/BSCANID.u_xsdbm_id/SWITCH_N_EXT_BSCAN.bscan_switch/state_temp[1]_i_2_n_0
    SLICE_X12Y14         LUT6 (Prop_lut6_I5_O)        0.124    11.105 r  dbg_hub/inst/BSCANID.u_xsdbm_id/SWITCH_N_EXT_BSCAN.bscan_switch/state_temp[1]_i_1/O
                         net (fo=1, routed)           0.000    11.105    dbg_hub/inst/BSCANID.u_xsdbm_id/SWITCH_N_EXT_BSCAN.bscan_switch/state_temp[1]_i_1_n_0
    SLICE_X12Y14         FDRE                                         r  dbg_hub/inst/BSCANID.u_xsdbm_id/SWITCH_N_EXT_BSCAN.bscan_switch/state_temp_reg[1]/D
  -------------------------------------------------------------------    -------------------

                         (clock dbg_hub/inst/BSCANID.u_xsdbm_id/SWITCH_N_EXT_BSCAN.bscan_inst/SERIES7_BSCAN.bscan_inst/TCK rise edge)
                                                     33.000    33.000 r  
    BSCAN_X0Y0           BSCANE2                      0.000    33.000 r  dbg_hub/inst/BSCANID.u_xsdbm_id/SWITCH_N_EXT_BSCAN.bscan_inst/SERIES7_BSCAN.bscan_inst/TCK
                         net (fo=1, routed)           1.593    34.593    dbg_hub/inst/BSCANID.u_xsdbm_id/tck_bs
    BUFGCTRL_X0Y1        BUFG (Prop_bufg_I_O)         0.091    34.684 r  dbg_hub/inst/BSCANID.u_xsdbm_id/SWITCH_N_EXT_BSCAN.u_bufg_icon_tck/O
                         net (fo=494, routed)         1.445    36.129    dbg_hub/inst/BSCANID.u_xsdbm_id/SWITCH_N_EXT_BSCAN.bscan_switch/s_bscan_tck
    SLICE_X12Y14         FDRE                                         r  dbg_hub/inst/BSCANID.u_xsdbm_id/SWITCH_N_EXT_BSCAN.bscan_switch/state_temp_reg[1]/C
                         clock pessimism              0.385    36.514    
                         clock uncertainty           -0.035    36.479    
    SLICE_X12Y14         FDRE (Setup_fdre_C_D)        0.081    36.560    dbg_hub/inst/BSCANID.u_xsdbm_id/SWITCH_N_EXT_BSCAN.bscan_switch/state_temp_reg[1]
  -------------------------------------------------------------------
                         required time                         36.560    
                         arrival time                         -11.105    
  -------------------------------------------------------------------
                         slack                                 25.455    

Slack (MET) :             25.503ns  (required time - arrival time)
  Source:                 dbg_hub/inst/BSCANID.u_xsdbm_id/SWITCH_N_EXT_BSCAN.bscan_switch/state_reg[1]/C
                            (rising edge-triggered cell FDRE clocked by dbg_hub/inst/BSCANID.u_xsdbm_id/SWITCH_N_EXT_BSCAN.bscan_inst/SERIES7_BSCAN.bscan_inst/TCK  {rise@0.000ns fall@16.500ns period=33.000ns})
  Destination:            dbg_hub/inst/BSCANID.u_xsdbm_id/SWITCH_N_EXT_BSCAN.bscan_switch/portno_temp_reg[5]/D
                            (rising edge-triggered cell FDRE clocked by dbg_hub/inst/BSCANID.u_xsdbm_id/SWITCH_N_EXT_BSCAN.bscan_inst/SERIES7_BSCAN.bscan_inst/TCK  {rise@0.000ns fall@16.500ns period=33.000ns})
  Path Group:             dbg_hub/inst/BSCANID.u_xsdbm_id/SWITCH_N_EXT_BSCAN.bscan_inst/SERIES7_BSCAN.bscan_inst/TCK
  Path Type:              Setup (Max at Slow Process Corner)
  Requirement:            33.000ns  (dbg_hub/inst/BSCANID.u_xsdbm_id/SWITCH_N_EXT_BSCAN.bscan_inst/SERIES7_BSCAN.bscan_inst/TCK rise@33.000ns - dbg_hub/inst/BSCANID.u_xsdbm_id/SWITCH_N_EXT_BSCAN.bscan_inst/SERIES7_BSCAN.bscan_inst/TCK rise@0.000ns)
  Data Path Delay:        7.455ns  (logic 2.091ns (28.050%)  route 5.364ns (71.950%))
  Logic Levels:           6  (CARRY4=2 LUT3=1 LUT4=1 LUT5=1 LUT6=1)
  Clock Path Skew:        -0.038ns (DCD - SCD + CPR)
    Destination Clock Delay (DCD):    3.130ns = ( 36.130 - 33.000 ) 
    Source Clock Delay      (SCD):    3.514ns
    Clock Pessimism Removal (CPR):    0.346ns
  Clock Uncertainty:      0.035ns  ((TSJ^2 + TIJ^2)^1/2 + DJ) / 2 + PE
    Total System Jitter     (TSJ):    0.071ns
    Total Input Jitter      (TIJ):    0.000ns
    Discrete Jitter          (DJ):    0.000ns
    Phase Error              (PE):    0.000ns

    Location             Delay type                Incr(ns)  Path(ns)    Netlist Resource(s)
  -------------------------------------------------------------------    -------------------
                         (clock dbg_hub/inst/BSCANID.u_xsdbm_id/SWITCH_N_EXT_BSCAN.bscan_inst/SERIES7_BSCAN.bscan_inst/TCK rise edge)
                                                      0.000     0.000 r  
    BSCAN_X0Y0           BSCANE2                      0.000     0.000 r  dbg_hub/inst/BSCANID.u_xsdbm_id/SWITCH_N_EXT_BSCAN.bscan_inst/SERIES7_BSCAN.bscan_inst/TCK
                         net (fo=1, routed)           1.854     1.854    dbg_hub/inst/BSCANID.u_xsdbm_id/tck_bs
    BUFGCTRL_X0Y1        BUFG (Prop_bufg_I_O)         0.096     1.950 r  dbg_hub/inst/BSCANID.u_xsdbm_id/SWITCH_N_EXT_BSCAN.u_bufg_icon_tck/O
                         net (fo=494, routed)         1.564     3.514    dbg_hub/inst/BSCANID.u_xsdbm_id/SWITCH_N_EXT_BSCAN.bscan_switch/s_bscan_tck
    SLICE_X12Y14         FDRE                                         r  dbg_hub/inst/BSCANID.u_xsdbm_id/SWITCH_N_EXT_BSCAN.bscan_switch/state_reg[1]/C
  -------------------------------------------------------------------    -------------------
    SLICE_X12Y14         FDRE (Prop_fdre_C_Q)         0.478     3.992 r  dbg_hub/inst/BSCANID.u_xsdbm_id/SWITCH_N_EXT_BSCAN.bscan_switch/state_reg[1]/Q
                         net (fo=50, routed)          2.565     6.557    dbg_hub/inst/BSCANID.u_xsdbm_id/SWITCH_N_EXT_BSCAN.bscan_switch/state[1]
    SLICE_X10Y9          LUT4 (Prop_lut4_I3_O)        0.323     6.880 r  dbg_hub/inst/BSCANID.u_xsdbm_id/SWITCH_N_EXT_BSCAN.bscan_switch/curid_inferred_i_18/O
                         net (fo=2, routed)           0.963     7.842    dbg_hub/inst/BSCANID.u_xsdbm_id/SWITCH_N_EXT_BSCAN.bscan_switch/curid[14]
    SLICE_X10Y11         LUT6 (Prop_lut6_I1_O)        0.328     8.170 r  dbg_hub/inst/BSCANID.u_xsdbm_id/SWITCH_N_EXT_BSCAN.bscan_switch/state_temp[0]_i_10/O
                         net (fo=1, routed)           0.000     8.170    dbg_hub/inst/BSCANID.u_xsdbm_id/SWITCH_N_EXT_BSCAN.bscan_switch/state_temp[0]_i_10_n_0
    SLICE_X10Y11         CARRY4 (Prop_carry4_S[2]_CO[3])
                                                      0.380     8.550 r  dbg_hub/inst/BSCANID.u_xsdbm_id/SWITCH_N_EXT_BSCAN.bscan_switch/state_temp_reg[0]_i_4/CO[3]
                         net (fo=1, routed)           0.000     8.550    dbg_hub/inst/BSCANID.u_xsdbm_id/SWITCH_N_EXT_BSCAN.bscan_switch/state_temp_reg[0]_i_4_n_0
    SLICE_X10Y12         CARRY4 (Prop_carry4_CI_CO[3])
                                                      0.117     8.667 f  dbg_hub/inst/BSCANID.u_xsdbm_id/SWITCH_N_EXT_BSCAN.bscan_switch/state_temp_reg[0]_i_3/CO[3]
                         net (fo=4, routed)           1.055     9.722    dbg_hub/inst/BSCANID.u_xsdbm_id/SWITCH_N_EXT_BSCAN.bscan_switch/state_temp_reg[0]_i_3_n_0
    SLICE_X12Y15         LUT5 (Prop_lut5_I1_O)        0.117     9.839 r  dbg_hub/inst/BSCANID.u_xsdbm_id/SWITCH_N_EXT_BSCAN.bscan_switch/portno_temp[5]_i_2/O
                         net (fo=7, routed)           0.781    10.621    dbg_hub/inst/BSCANID.u_xsdbm_id/SWITCH_N_EXT_BSCAN.bscan_switch/portno_temp[5]_i_2_n_0
    SLICE_X11Y14         LUT3 (Prop_lut3_I1_O)        0.348    10.969 r  dbg_hub/inst/BSCANID.u_xsdbm_id/SWITCH_N_EXT_BSCAN.bscan_switch/portno_temp[5]_i_1/O
                         net (fo=1, routed)           0.000    10.969    dbg_hub/inst/BSCANID.u_xsdbm_id/SWITCH_N_EXT_BSCAN.bscan_switch/portno_temp[5]_i_1_n_0
    SLICE_X11Y14         FDRE                                         r  dbg_hub/inst/BSCANID.u_xsdbm_id/SWITCH_N_EXT_BSCAN.bscan_switch/portno_temp_reg[5]/D
  -------------------------------------------------------------------    -------------------

                         (clock dbg_hub/inst/BSCANID.u_xsdbm_id/SWITCH_N_EXT_BSCAN.bscan_inst/SERIES7_BSCAN.bscan_inst/TCK rise edge)
                                                     33.000    33.000 r  
    BSCAN_X0Y0           BSCANE2                      0.000    33.000 r  dbg_hub/inst/BSCANID.u_xsdbm_id/SWITCH_N_EXT_BSCAN.bscan_inst/SERIES7_BSCAN.bscan_inst/TCK
                         net (fo=1, routed)           1.593    34.593    dbg_hub/inst/BSCANID.u_xsdbm_id/tck_bs
    BUFGCTRL_X0Y1        BUFG (Prop_bufg_I_O)         0.091    34.684 r  dbg_hub/inst/BSCANID.u_xsdbm_id/SWITCH_N_EXT_BSCAN.u_bufg_icon_tck/O
                         net (fo=494, routed)         1.446    36.130    dbg_hub/inst/BSCANID.u_xsdbm_id/SWITCH_N_EXT_BSCAN.bscan_switch/s_bscan_tck
    SLICE_X11Y14         FDRE                                         r  dbg_hub/inst/BSCANID.u_xsdbm_id/SWITCH_N_EXT_BSCAN.bscan_switch/portno_temp_reg[5]/C
                         clock pessimism              0.346    36.476    
                         clock uncertainty           -0.035    36.441    
    SLICE_X11Y14         FDRE (Setup_fdre_C_D)        0.031    36.472    dbg_hub/inst/BSCANID.u_xsdbm_id/SWITCH_N_EXT_BSCAN.bscan_switch/portno_temp_reg[5]
  -------------------------------------------------------------------
                         required time                         36.472    
                         arrival time                         -10.969    
  -------------------------------------------------------------------
                         slack                                 25.503    

Slack (MET) :             25.505ns  (required time - arrival time)
  Source:                 dbg_hub/inst/BSCANID.u_xsdbm_id/SWITCH_N_EXT_BSCAN.bscan_switch/state_reg[1]/C
                            (rising edge-triggered cell FDRE clocked by dbg_hub/inst/BSCANID.u_xsdbm_id/SWITCH_N_EXT_BSCAN.bscan_inst/SERIES7_BSCAN.bscan_inst/TCK  {rise@0.000ns fall@16.500ns period=33.000ns})
  Destination:            dbg_hub/inst/BSCANID.u_xsdbm_id/SWITCH_N_EXT_BSCAN.bscan_switch/portno_temp_reg[4]/D
                            (rising edge-triggered cell FDRE clocked by dbg_hub/inst/BSCANID.u_xsdbm_id/SWITCH_N_EXT_BSCAN.bscan_inst/SERIES7_BSCAN.bscan_inst/TCK  {rise@0.000ns fall@16.500ns period=33.000ns})
  Path Group:             dbg_hub/inst/BSCANID.u_xsdbm_id/SWITCH_N_EXT_BSCAN.bscan_inst/SERIES7_BSCAN.bscan_inst/TCK
  Path Type:              Setup (Max at Slow Process Corner)
  Requirement:            33.000ns  (dbg_hub/inst/BSCANID.u_xsdbm_id/SWITCH_N_EXT_BSCAN.bscan_inst/SERIES7_BSCAN.bscan_inst/TCK rise@33.000ns - dbg_hub/inst/BSCANID.u_xsdbm_id/SWITCH_N_EXT_BSCAN.bscan_inst/SERIES7_BSCAN.bscan_inst/TCK rise@0.000ns)
  Data Path Delay:        7.451ns  (logic 2.091ns (28.065%)  route 5.360ns (71.935%))
  Logic Levels:           6  (CARRY4=2 LUT3=1 LUT4=1 LUT5=1 LUT6=1)
  Clock Path Skew:        -0.038ns (DCD - SCD + CPR)
    Destination Clock Delay (DCD):    3.130ns = ( 36.130 - 33.000 ) 
    Source Clock Delay      (SCD):    3.514ns
    Clock Pessimism Removal (CPR):    0.346ns
  Clock Uncertainty:      0.035ns  ((TSJ^2 + TIJ^2)^1/2 + DJ) / 2 + PE
    Total System Jitter     (TSJ):    0.071ns
    Total Input Jitter      (TIJ):    0.000ns
    Discrete Jitter          (DJ):    0.000ns
    Phase Error              (PE):    0.000ns

    Location             Delay type                Incr(ns)  Path(ns)    Netlist Resource(s)
  -------------------------------------------------------------------    -------------------
                         (clock dbg_hub/inst/BSCANID.u_xsdbm_id/SWITCH_N_EXT_BSCAN.bscan_inst/SERIES7_BSCAN.bscan_inst/TCK rise edge)
                                                      0.000     0.000 r  
    BSCAN_X0Y0           BSCANE2                      0.000     0.000 r  dbg_hub/inst/BSCANID.u_xsdbm_id/SWITCH_N_EXT_BSCAN.bscan_inst/SERIES7_BSCAN.bscan_inst/TCK
                         net (fo=1, routed)           1.854     1.854    dbg_hub/inst/BSCANID.u_xsdbm_id/tck_bs
    BUFGCTRL_X0Y1        BUFG (Prop_bufg_I_O)         0.096     1.950 r  dbg_hub/inst/BSCANID.u_xsdbm_id/SWITCH_N_EXT_BSCAN.u_bufg_icon_tck/O
                         net (fo=494, routed)         1.564     3.514    dbg_hub/inst/BSCANID.u_xsdbm_id/SWITCH_N_EXT_BSCAN.bscan_switch/s_bscan_tck
    SLICE_X12Y14         FDRE                                         r  dbg_hub/inst/BSCANID.u_xsdbm_id/SWITCH_N_EXT_BSCAN.bscan_switch/state_reg[1]/C
  -------------------------------------------------------------------    -------------------
    SLICE_X12Y14         FDRE (Prop_fdre_C_Q)         0.478     3.992 r  dbg_hub/inst/BSCANID.u_xsdbm_id/SWITCH_N_EXT_BSCAN.bscan_switch/state_reg[1]/Q
                         net (fo=50, routed)          2.565     6.557    dbg_hub/inst/BSCANID.u_xsdbm_id/SWITCH_N_EXT_BSCAN.bscan_switch/state[1]
    SLICE_X10Y9          LUT4 (Prop_lut4_I3_O)        0.323     6.880 r  dbg_hub/inst/BSCANID.u_xsdbm_id/SWITCH_N_EXT_BSCAN.bscan_switch/curid_inferred_i_18/O
                         net (fo=2, routed)           0.963     7.842    dbg_hub/inst/BSCANID.u_xsdbm_id/SWITCH_N_EXT_BSCAN.bscan_switch/curid[14]
    SLICE_X10Y11         LUT6 (Prop_lut6_I1_O)        0.328     8.170 r  dbg_hub/inst/BSCANID.u_xsdbm_id/SWITCH_N_EXT_BSCAN.bscan_switch/state_temp[0]_i_10/O
                         net (fo=1, routed)           0.000     8.170    dbg_hub/inst/BSCANID.u_xsdbm_id/SWITCH_N_EXT_BSCAN.bscan_switch/state_temp[0]_i_10_n_0
    SLICE_X10Y11         CARRY4 (Prop_carry4_S[2]_CO[3])
                                                      0.380     8.550 r  dbg_hub/inst/BSCANID.u_xsdbm_id/SWITCH_N_EXT_BSCAN.bscan_switch/state_temp_reg[0]_i_4/CO[3]
                         net (fo=1, routed)           0.000     8.550    dbg_hub/inst/BSCANID.u_xsdbm_id/SWITCH_N_EXT_BSCAN.bscan_switch/state_temp_reg[0]_i_4_n_0
    SLICE_X10Y12         CARRY4 (Prop_carry4_CI_CO[3])
                                                      0.117     8.667 f  dbg_hub/inst/BSCANID.u_xsdbm_id/SWITCH_N_EXT_BSCAN.bscan_switch/state_temp_reg[0]_i_3/CO[3]
                         net (fo=4, routed)           1.055     9.722    dbg_hub/inst/BSCANID.u_xsdbm_id/SWITCH_N_EXT_BSCAN.bscan_switch/state_temp_reg[0]_i_3_n_0
    SLICE_X12Y15         LUT5 (Prop_lut5_I1_O)        0.117     9.839 r  dbg_hub/inst/BSCANID.u_xsdbm_id/SWITCH_N_EXT_BSCAN.bscan_switch/portno_temp[5]_i_2/O
                         net (fo=7, routed)           0.777    10.617    dbg_hub/inst/BSCANID.u_xsdbm_id/SWITCH_N_EXT_BSCAN.bscan_switch/portno_temp[5]_i_2_n_0
    SLICE_X11Y14         LUT3 (Prop_lut3_I1_O)        0.348    10.965 r  dbg_hub/inst/BSCANID.u_xsdbm_id/SWITCH_N_EXT_BSCAN.bscan_switch/portno_temp[4]_i_1/O
                         net (fo=1, routed)           0.000    10.965    dbg_hub/inst/BSCANID.u_xsdbm_id/SWITCH_N_EXT_BSCAN.bscan_switch/portno_temp[4]_i_1_n_0
    SLICE_X11Y14         FDRE                                         r  dbg_hub/inst/BSCANID.u_xsdbm_id/SWITCH_N_EXT_BSCAN.bscan_switch/portno_temp_reg[4]/D
  -------------------------------------------------------------------    -------------------

                         (clock dbg_hub/inst/BSCANID.u_xsdbm_id/SWITCH_N_EXT_BSCAN.bscan_inst/SERIES7_BSCAN.bscan_inst/TCK rise edge)
                                                     33.000    33.000 r  
    BSCAN_X0Y0           BSCANE2                      0.000    33.000 r  dbg_hub/inst/BSCANID.u_xsdbm_id/SWITCH_N_EXT_BSCAN.bscan_inst/SERIES7_BSCAN.bscan_inst/TCK
                         net (fo=1, routed)           1.593    34.593    dbg_hub/inst/BSCANID.u_xsdbm_id/tck_bs
    BUFGCTRL_X0Y1        BUFG (Prop_bufg_I_O)         0.091    34.684 r  dbg_hub/inst/BSCANID.u_xsdbm_id/SWITCH_N_EXT_BSCAN.u_bufg_icon_tck/O
                         net (fo=494, routed)         1.446    36.130    dbg_hub/inst/BSCANID.u_xsdbm_id/SWITCH_N_EXT_BSCAN.bscan_switch/s_bscan_tck
    SLICE_X11Y14         FDRE                                         r  dbg_hub/inst/BSCANID.u_xsdbm_id/SWITCH_N_EXT_BSCAN.bscan_switch/portno_temp_reg[4]/C
                         clock pessimism              0.346    36.476    
                         clock uncertainty           -0.035    36.441    
    SLICE_X11Y14         FDRE (Setup_fdre_C_D)        0.029    36.470    dbg_hub/inst/BSCANID.u_xsdbm_id/SWITCH_N_EXT_BSCAN.bscan_switch/portno_temp_reg[4]
  -------------------------------------------------------------------
                         required time                         36.470    
                         arrival time                         -10.965    
  -------------------------------------------------------------------
                         slack                                 25.505    

Slack (MET) :             25.642ns  (required time - arrival time)
  Source:                 dbg_hub/inst/BSCANID.u_xsdbm_id/SWITCH_N_EXT_BSCAN.bscan_switch/state_reg[1]/C
                            (rising edge-triggered cell FDRE clocked by dbg_hub/inst/BSCANID.u_xsdbm_id/SWITCH_N_EXT_BSCAN.bscan_inst/SERIES7_BSCAN.bscan_inst/TCK  {rise@0.000ns fall@16.500ns period=33.000ns})
  Destination:            dbg_hub/inst/BSCANID.u_xsdbm_id/SWITCH_N_EXT_BSCAN.bscan_switch/state_temp_reg[2]/D
                            (rising edge-triggered cell FDRE clocked by dbg_hub/inst/BSCANID.u_xsdbm_id/SWITCH_N_EXT_BSCAN.bscan_inst/SERIES7_BSCAN.bscan_inst/TCK  {rise@0.000ns fall@16.500ns period=33.000ns})
  Path Group:             dbg_hub/inst/BSCANID.u_xsdbm_id/SWITCH_N_EXT_BSCAN.bscan_inst/SERIES7_BSCAN.bscan_inst/TCK
  Path Type:              Setup (Max at Slow Process Corner)
  Requirement:            33.000ns  (dbg_hub/inst/BSCANID.u_xsdbm_id/SWITCH_N_EXT_BSCAN.bscan_inst/SERIES7_BSCAN.bscan_inst/TCK rise@33.000ns - dbg_hub/inst/BSCANID.u_xsdbm_id/SWITCH_N_EXT_BSCAN.bscan_inst/SERIES7_BSCAN.bscan_inst/TCK rise@0.000ns)
  Data Path Delay:        7.373ns  (logic 2.091ns (28.360%)  route 5.282ns (71.640%))
  Logic Levels:           6  (CARRY4=2 LUT4=1 LUT5=1 LUT6=2)
  Clock Path Skew:        -0.026ns (DCD - SCD + CPR)
    Destination Clock Delay (DCD):    3.128ns = ( 36.128 - 33.000 ) 
    Source Clock Delay      (SCD):    3.514ns
    Clock Pessimism Removal (CPR):    0.360ns
  Clock Uncertainty:      0.035ns  ((TSJ^2 + TIJ^2)^1/2 + DJ) / 2 + PE
    Total System Jitter     (TSJ):    0.071ns
    Total Input Jitter      (TIJ):    0.000ns
    Discrete Jitter          (DJ):    0.000ns
    Phase Error              (PE):    0.000ns

    Location             Delay type                Incr(ns)  Path(ns)    Netlist Resource(s)
  -------------------------------------------------------------------    -------------------
                         (clock dbg_hub/inst/BSCANID.u_xsdbm_id/SWITCH_N_EXT_BSCAN.bscan_inst/SERIES7_BSCAN.bscan_inst/TCK rise edge)
                                                      0.000     0.000 r  
    BSCAN_X0Y0           BSCANE2                      0.000     0.000 r  dbg_hub/inst/BSCANID.u_xsdbm_id/SWITCH_N_EXT_BSCAN.bscan_inst/SERIES7_BSCAN.bscan_inst/TCK
                         net (fo=1, routed)           1.854     1.854    dbg_hub/inst/BSCANID.u_xsdbm_id/tck_bs
    BUFGCTRL_X0Y1        BUFG (Prop_bufg_I_O)         0.096     1.950 r  dbg_hub/inst/BSCANID.u_xsdbm_id/SWITCH_N_EXT_BSCAN.u_bufg_icon_tck/O
                         net (fo=494, routed)         1.564     3.514    dbg_hub/inst/BSCANID.u_xsdbm_id/SWITCH_N_EXT_BSCAN.bscan_switch/s_bscan_tck
    SLICE_X12Y14         FDRE                                         r  dbg_hub/inst/BSCANID.u_xsdbm_id/SWITCH_N_EXT_BSCAN.bscan_switch/state_reg[1]/C
  -------------------------------------------------------------------    -------------------
    SLICE_X12Y14         FDRE (Prop_fdre_C_Q)         0.478     3.992 r  dbg_hub/inst/BSCANID.u_xsdbm_id/SWITCH_N_EXT_BSCAN.bscan_switch/state_reg[1]/Q
                         net (fo=50, routed)          2.565     6.557    dbg_hub/inst/BSCANID.u_xsdbm_id/SWITCH_N_EXT_BSCAN.bscan_switch/state[1]
    SLICE_X10Y9          LUT4 (Prop_lut4_I3_O)        0.323     6.880 r  dbg_hub/inst/BSCANID.u_xsdbm_id/SWITCH_N_EXT_BSCAN.bscan_switch/curid_inferred_i_18/O
                         net (fo=2, routed)           0.963     7.842    dbg_hub/inst/BSCANID.u_xsdbm_id/SWITCH_N_EXT_BSCAN.bscan_switch/curid[14]
    SLICE_X10Y11         LUT6 (Prop_lut6_I1_O)        0.328     8.170 r  dbg_hub/inst/BSCANID.u_xsdbm_id/SWITCH_N_EXT_BSCAN.bscan_switch/state_temp[0]_i_10/O
                         net (fo=1, routed)           0.000     8.170    dbg_hub/inst/BSCANID.u_xsdbm_id/SWITCH_N_EXT_BSCAN.bscan_switch/state_temp[0]_i_10_n_0
    SLICE_X10Y11         CARRY4 (Prop_carry4_S[2]_CO[3])
                                                      0.380     8.550 r  dbg_hub/inst/BSCANID.u_xsdbm_id/SWITCH_N_EXT_BSCAN.bscan_switch/state_temp_reg[0]_i_4/CO[3]
                         net (fo=1, routed)           0.000     8.550    dbg_hub/inst/BSCANID.u_xsdbm_id/SWITCH_N_EXT_BSCAN.bscan_switch/state_temp_reg[0]_i_4_n_0
    SLICE_X10Y12         CARRY4 (Prop_carry4_CI_CO[3])
                                                      0.117     8.667 f  dbg_hub/inst/BSCANID.u_xsdbm_id/SWITCH_N_EXT_BSCAN.bscan_switch/state_temp_reg[0]_i_3/CO[3]
                         net (fo=4, routed)           1.055     9.722    dbg_hub/inst/BSCANID.u_xsdbm_id/SWITCH_N_EXT_BSCAN.bscan_switch/state_temp_reg[0]_i_3_n_0
    SLICE_X12Y15         LUT5 (Prop_lut5_I1_O)        0.117     9.839 r  dbg_hub/inst/BSCANID.u_xsdbm_id/SWITCH_N_EXT_BSCAN.bscan_switch/portno_temp[5]_i_2/O
                         net (fo=7, routed)           0.700    10.539    dbg_hub/inst/BSCANID.u_xsdbm_id/SWITCH_N_EXT_BSCAN.bscan_switch/portno_temp[5]_i_2_n_0
    SLICE_X12Y15         LUT6 (Prop_lut6_I2_O)        0.348    10.887 r  dbg_hub/inst/BSCANID.u_xsdbm_id/SWITCH_N_EXT_BSCAN.bscan_switch/state_temp[2]_i_1/O
                         net (fo=1, routed)           0.000    10.887    dbg_hub/inst/BSCANID.u_xsdbm_id/SWITCH_N_EXT_BSCAN.bscan_switch/state_temp[2]_i_1_n_0
    SLICE_X12Y15         FDRE                                         r  dbg_hub/inst/BSCANID.u_xsdbm_id/SWITCH_N_EXT_BSCAN.bscan_switch/state_temp_reg[2]/D
  -------------------------------------------------------------------    -------------------

                         (clock dbg_hub/inst/BSCANID.u_xsdbm_id/SWITCH_N_EXT_BSCAN.bscan_inst/SERIES7_BSCAN.bscan_inst/TCK rise edge)
                                                     33.000    33.000 r  
    BSCAN_X0Y0           BSCANE2                      0.000    33.000 r  dbg_hub/inst/BSCANID.u_xsdbm_id/SWITCH_N_EXT_BSCAN.bscan_inst/SERIES7_BSCAN.bscan_inst/TCK
                         net (fo=1, routed)           1.593    34.593    dbg_hub/inst/BSCANID.u_xsdbm_id/tck_bs
    BUFGCTRL_X0Y1        BUFG (Prop_bufg_I_O)         0.091    34.684 r  dbg_hub/inst/BSCANID.u_xsdbm_id/SWITCH_N_EXT_BSCAN.u_bufg_icon_tck/O
                         net (fo=494, routed)         1.444    36.128    dbg_hub/inst/BSCANID.u_xsdbm_id/SWITCH_N_EXT_BSCAN.bscan_switch/s_bscan_tck
    SLICE_X12Y15         FDRE                                         r  dbg_hub/inst/BSCANID.u_xsdbm_id/SWITCH_N_EXT_BSCAN.bscan_switch/state_temp_reg[2]/C
                         clock pessimism              0.360    36.488    
                         clock uncertainty           -0.035    36.453    
    SLICE_X12Y15         FDRE (Setup_fdre_C_D)        0.077    36.530    dbg_hub/inst/BSCANID.u_xsdbm_id/SWITCH_N_EXT_BSCAN.bscan_switch/state_temp_reg[2]
  -------------------------------------------------------------------
                         required time                         36.530    
                         arrival time                         -10.887    
  -------------------------------------------------------------------
                         slack                                 25.642    

Slack (MET) :             25.833ns  (required time - arrival time)
  Source:                 dbg_hub/inst/BSCANID.u_xsdbm_id/SWITCH_N_EXT_BSCAN.bscan_switch/state_reg[1]/C
                            (rising edge-triggered cell FDRE clocked by dbg_hub/inst/BSCANID.u_xsdbm_id/SWITCH_N_EXT_BSCAN.bscan_inst/SERIES7_BSCAN.bscan_inst/TCK  {rise@0.000ns fall@16.500ns period=33.000ns})
  Destination:            dbg_hub/inst/BSCANID.u_xsdbm_id/SWITCH_N_EXT_BSCAN.bscan_switch/portno_temp_reg[3]/D
                            (rising edge-triggered cell FDRE clocked by dbg_hub/inst/BSCANID.u_xsdbm_id/SWITCH_N_EXT_BSCAN.bscan_inst/SERIES7_BSCAN.bscan_inst/TCK  {rise@0.000ns fall@16.500ns period=33.000ns})
  Path Group:             dbg_hub/inst/BSCANID.u_xsdbm_id/SWITCH_N_EXT_BSCAN.bscan_inst/SERIES7_BSCAN.bscan_inst/TCK
  Path Type:              Setup (Max at Slow Process Corner)
  Requirement:            33.000ns  (dbg_hub/inst/BSCANID.u_xsdbm_id/SWITCH_N_EXT_BSCAN.bscan_inst/SERIES7_BSCAN.bscan_inst/TCK rise@33.000ns - dbg_hub/inst/BSCANID.u_xsdbm_id/SWITCH_N_EXT_BSCAN.bscan_inst/SERIES7_BSCAN.bscan_inst/TCK rise@0.000ns)
  Data Path Delay:        7.172ns  (logic 2.091ns (29.157%)  route 5.081ns (70.843%))
  Logic Levels:           6  (CARRY4=2 LUT3=1 LUT4=1 LUT5=1 LUT6=1)
  Clock Path Skew:        -0.039ns (DCD - SCD + CPR)
    Destination Clock Delay (DCD):    3.129ns = ( 36.129 - 33.000 ) 
    Source Clock Delay      (SCD):    3.514ns
    Clock Pessimism Removal (CPR):    0.346ns
  Clock Uncertainty:      0.035ns  ((TSJ^2 + TIJ^2)^1/2 + DJ) / 2 + PE
    Total System Jitter     (TSJ):    0.071ns
    Total Input Jitter      (TIJ):    0.000ns
    Discrete Jitter          (DJ):    0.000ns
    Phase Error              (PE):    0.000ns

    Location             Delay type                Incr(ns)  Path(ns)    Netlist Resource(s)
  -------------------------------------------------------------------    -------------------
                         (clock dbg_hub/inst/BSCANID.u_xsdbm_id/SWITCH_N_EXT_BSCAN.bscan_inst/SERIES7_BSCAN.bscan_inst/TCK rise edge)
                                                      0.000     0.000 r  
    BSCAN_X0Y0           BSCANE2                      0.000     0.000 r  dbg_hub/inst/BSCANID.u_xsdbm_id/SWITCH_N_EXT_BSCAN.bscan_inst/SERIES7_BSCAN.bscan_inst/TCK
                         net (fo=1, routed)           1.854     1.854    dbg_hub/inst/BSCANID.u_xsdbm_id/tck_bs
    BUFGCTRL_X0Y1        BUFG (Prop_bufg_I_O)         0.096     1.950 r  dbg_hub/inst/BSCANID.u_xsdbm_id/SWITCH_N_EXT_BSCAN.u_bufg_icon_tck/O
                         net (fo=494, routed)         1.564     3.514    dbg_hub/inst/BSCANID.u_xsdbm_id/SWITCH_N_EXT_BSCAN.bscan_switch/s_bscan_tck
    SLICE_X12Y14         FDRE                                         r  dbg_hub/inst/BSCANID.u_xsdbm_id/SWITCH_N_EXT_BSCAN.bscan_switch/state_reg[1]/C
  -------------------------------------------------------------------    -------------------
    SLICE_X12Y14         FDRE (Prop_fdre_C_Q)         0.478     3.992 r  dbg_hub/inst/BSCANID.u_xsdbm_id/SWITCH_N_EXT_BSCAN.bscan_switch/state_reg[1]/Q
                         net (fo=50, routed)          2.565     6.557    dbg_hub/inst/BSCANID.u_xsdbm_id/SWITCH_N_EXT_BSCAN.bscan_switch/state[1]
    SLICE_X10Y9          LUT4 (Prop_lut4_I3_O)        0.323     6.880 r  dbg_hub/inst/BSCANID.u_xsdbm_id/SWITCH_N_EXT_BSCAN.bscan_switch/curid_inferred_i_18/O
                         net (fo=2, routed)           0.963     7.842    dbg_hub/inst/BSCANID.u_xsdbm_id/SWITCH_N_EXT_BSCAN.bscan_switch/curid[14]
    SLICE_X10Y11         LUT6 (Prop_lut6_I1_O)        0.328     8.170 r  dbg_hub/inst/BSCANID.u_xsdbm_id/SWITCH_N_EXT_BSCAN.bscan_switch/state_temp[0]_i_10/O
                         net (fo=1, routed)           0.000     8.170    dbg_hub/inst/BSCANID.u_xsdbm_id/SWITCH_N_EXT_BSCAN.bscan_switch/state_temp[0]_i_10_n_0
    SLICE_X10Y11         CARRY4 (Prop_carry4_S[2]_CO[3])
                                                      0.380     8.550 r  dbg_hub/inst/BSCANID.u_xsdbm_id/SWITCH_N_EXT_BSCAN.bscan_switch/state_temp_reg[0]_i_4/CO[3]
                         net (fo=1, routed)           0.000     8.550    dbg_hub/inst/BSCANID.u_xsdbm_id/SWITCH_N_EXT_BSCAN.bscan_switch/state_temp_reg[0]_i_4_n_0
    SLICE_X10Y12         CARRY4 (Prop_carry4_CI_CO[3])
                                                      0.117     8.667 f  dbg_hub/inst/BSCANID.u_xsdbm_id/SWITCH_N_EXT_BSCAN.bscan_switch/state_temp_reg[0]_i_3/CO[3]
                         net (fo=4, routed)           1.055     9.722    dbg_hub/inst/BSCANID.u_xsdbm_id/SWITCH_N_EXT_BSCAN.bscan_switch/state_temp_reg[0]_i_3_n_0
    SLICE_X12Y15         LUT5 (Prop_lut5_I1_O)        0.117     9.839 r  dbg_hub/inst/BSCANID.u_xsdbm_id/SWITCH_N_EXT_BSCAN.bscan_switch/portno_temp[5]_i_2/O
                         net (fo=7, routed)           0.498    10.338    dbg_hub/inst/BSCANID.u_xsdbm_id/SWITCH_N_EXT_BSCAN.bscan_switch/portno_temp[5]_i_2_n_0
    SLICE_X10Y15         LUT3 (Prop_lut3_I1_O)        0.348    10.686 r  dbg_hub/inst/BSCANID.u_xsdbm_id/SWITCH_N_EXT_BSCAN.bscan_switch/portno_temp[3]_i_1/O
                         net (fo=1, routed)           0.000    10.686    dbg_hub/inst/BSCANID.u_xsdbm_id/SWITCH_N_EXT_BSCAN.bscan_switch/portno_temp[3]_i_1_n_0
    SLICE_X10Y15         FDRE                                         r  dbg_hub/inst/BSCANID.u_xsdbm_id/SWITCH_N_EXT_BSCAN.bscan_switch/portno_temp_reg[3]/D
  -------------------------------------------------------------------    -------------------

                         (clock dbg_hub/inst/BSCANID.u_xsdbm_id/SWITCH_N_EXT_BSCAN.bscan_inst/SERIES7_BSCAN.bscan_inst/TCK rise edge)
                                                     33.000    33.000 r  
    BSCAN_X0Y0           BSCANE2                      0.000    33.000 r  dbg_hub/inst/BSCANID.u_xsdbm_id/SWITCH_N_EXT_BSCAN.bscan_inst/SERIES7_BSCAN.bscan_inst/TCK
                         net (fo=1, routed)           1.593    34.593    dbg_hub/inst/BSCANID.u_xsdbm_id/tck_bs
    BUFGCTRL_X0Y1        BUFG (Prop_bufg_I_O)         0.091    34.684 r  dbg_hub/inst/BSCANID.u_xsdbm_id/SWITCH_N_EXT_BSCAN.u_bufg_icon_tck/O
                         net (fo=494, routed)         1.445    36.129    dbg_hub/inst/BSCANID.u_xsdbm_id/SWITCH_N_EXT_BSCAN.bscan_switch/s_bscan_tck
    SLICE_X10Y15         FDRE                                         r  dbg_hub/inst/BSCANID.u_xsdbm_id/SWITCH_N_EXT_BSCAN.bscan_switch/portno_temp_reg[3]/C
                         clock pessimism              0.346    36.475    
                         clock uncertainty           -0.035    36.440    
    SLICE_X10Y15         FDRE (Setup_fdre_C_D)        0.079    36.519    dbg_hub/inst/BSCANID.u_xsdbm_id/SWITCH_N_EXT_BSCAN.bscan_switch/portno_temp_reg[3]
  -------------------------------------------------------------------
                         required time                         36.519    
                         arrival time                         -10.686    
  -------------------------------------------------------------------
                         slack                                 25.833    

Slack (MET) :             25.975ns  (required time - arrival time)
  Source:                 dbg_hub/inst/BSCANID.u_xsdbm_id/SWITCH_N_EXT_BSCAN.bscan_switch/state_reg[1]/C
                            (rising edge-triggered cell FDRE clocked by dbg_hub/inst/BSCANID.u_xsdbm_id/SWITCH_N_EXT_BSCAN.bscan_inst/SERIES7_BSCAN.bscan_inst/TCK  {rise@0.000ns fall@16.500ns period=33.000ns})
  Destination:            dbg_hub/inst/BSCANID.u_xsdbm_id/SWITCH_N_EXT_BSCAN.bscan_switch/state_temp_reg[0]/D
                            (rising edge-triggered cell FDRE clocked by dbg_hub/inst/BSCANID.u_xsdbm_id/SWITCH_N_EXT_BSCAN.bscan_inst/SERIES7_BSCAN.bscan_inst/TCK  {rise@0.000ns fall@16.500ns period=33.000ns})
  Path Group:             dbg_hub/inst/BSCANID.u_xsdbm_id/SWITCH_N_EXT_BSCAN.bscan_inst/SERIES7_BSCAN.bscan_inst/TCK
  Path Type:              Setup (Max at Slow Process Corner)
  Requirement:            33.000ns  (dbg_hub/inst/BSCANID.u_xsdbm_id/SWITCH_N_EXT_BSCAN.bscan_inst/SERIES7_BSCAN.bscan_inst/TCK rise@33.000ns - dbg_hub/inst/BSCANID.u_xsdbm_id/SWITCH_N_EXT_BSCAN.bscan_inst/SERIES7_BSCAN.bscan_inst/TCK rise@0.000ns)
  Data Path Delay:        7.067ns  (logic 1.874ns (26.518%)  route 5.193ns (73.482%))
  Logic Levels:           6  (CARRY4=2 LUT4=1 LUT6=3)
  Clock Path Skew:        0.000ns (DCD - SCD + CPR)
    Destination Clock Delay (DCD):    3.129ns = ( 36.129 - 33.000 ) 
    Source Clock Delay      (SCD):    3.514ns
    Clock Pessimism Removal (CPR):    0.385ns
  Clock Uncertainty:      0.035ns  ((TSJ^2 + TIJ^2)^1/2 + DJ) / 2 + PE
    Total System Jitter     (TSJ):    0.071ns
    Total Input Jitter      (TIJ):    0.000ns
    Discrete Jitter          (DJ):    0.000ns
    Phase Error              (PE):    0.000ns

    Location             Delay type                Incr(ns)  Path(ns)    Netlist Resource(s)
  -------------------------------------------------------------------    -------------------
                         (clock dbg_hub/inst/BSCANID.u_xsdbm_id/SWITCH_N_EXT_BSCAN.bscan_inst/SERIES7_BSCAN.bscan_inst/TCK rise edge)
                                                      0.000     0.000 r  
    BSCAN_X0Y0           BSCANE2                      0.000     0.000 r  dbg_hub/inst/BSCANID.u_xsdbm_id/SWITCH_N_EXT_BSCAN.bscan_inst/SERIES7_BSCAN.bscan_inst/TCK
                         net (fo=1, routed)           1.854     1.854    dbg_hub/inst/BSCANID.u_xsdbm_id/tck_bs
    BUFGCTRL_X0Y1        BUFG (Prop_bufg_I_O)         0.096     1.950 r  dbg_hub/inst/BSCANID.u_xsdbm_id/SWITCH_N_EXT_BSCAN.u_bufg_icon_tck/O
                         net (fo=494, routed)         1.564     3.514    dbg_hub/inst/BSCANID.u_xsdbm_id/SWITCH_N_EXT_BSCAN.bscan_switch/s_bscan_tck
    SLICE_X12Y14         FDRE                                         r  dbg_hub/inst/BSCANID.u_xsdbm_id/SWITCH_N_EXT_BSCAN.bscan_switch/state_reg[1]/C
  -------------------------------------------------------------------    -------------------
    SLICE_X12Y14         FDRE (Prop_fdre_C_Q)         0.478     3.992 r  dbg_hub/inst/BSCANID.u_xsdbm_id/SWITCH_N_EXT_BSCAN.bscan_switch/state_reg[1]/Q
                         net (fo=50, routed)          2.565     6.557    dbg_hub/inst/BSCANID.u_xsdbm_id/SWITCH_N_EXT_BSCAN.bscan_switch/state[1]
    SLICE_X10Y9          LUT4 (Prop_lut4_I3_O)        0.323     6.880 r  dbg_hub/inst/BSCANID.u_xsdbm_id/SWITCH_N_EXT_BSCAN.bscan_switch/curid_inferred_i_18/O
                         net (fo=2, routed)           0.963     7.842    dbg_hub/inst/BSCANID.u_xsdbm_id/SWITCH_N_EXT_BSCAN.bscan_switch/curid[14]
    SLICE_X10Y11         LUT6 (Prop_lut6_I1_O)        0.328     8.170 r  dbg_hub/inst/BSCANID.u_xsdbm_id/SWITCH_N_EXT_BSCAN.bscan_switch/state_temp[0]_i_10/O
                         net (fo=1, routed)           0.000     8.170    dbg_hub/inst/BSCANID.u_xsdbm_id/SWITCH_N_EXT_BSCAN.bscan_switch/state_temp[0]_i_10_n_0
    SLICE_X10Y11         CARRY4 (Prop_carry4_S[2]_CO[3])
                                                      0.380     8.550 r  dbg_hub/inst/BSCANID.u_xsdbm_id/SWITCH_N_EXT_BSCAN.bscan_switch/state_temp_reg[0]_i_4/CO[3]
                         net (fo=1, routed)           0.000     8.550    dbg_hub/inst/BSCANID.u_xsdbm_id/SWITCH_N_EXT_BSCAN.bscan_switch/state_temp_reg[0]_i_4_n_0
    SLICE_X10Y12         CARRY4 (Prop_carry4_CI_CO[3])
                                                      0.117     8.667 f  dbg_hub/inst/BSCANID.u_xsdbm_id/SWITCH_N_EXT_BSCAN.bscan_switch/state_temp_reg[0]_i_3/CO[3]
                         net (fo=4, routed)           1.501    10.168    dbg_hub/inst/BSCANID.u_xsdbm_id/SWITCH_N_EXT_BSCAN.bscan_switch/state_temp_reg[0]_i_3_n_0
    SLICE_X12Y14         LUT6 (Prop_lut6_I0_O)        0.124    10.292 r  dbg_hub/inst/BSCANID.u_xsdbm_id/SWITCH_N_EXT_BSCAN.bscan_switch/state_temp[0]_i_2/O
                         net (fo=1, routed)           0.165    10.457    dbg_hub/inst/BSCANID.u_xsdbm_id/SWITCH_N_EXT_BSCAN.bscan_switch/state_temp[0]_i_2_n_0
    SLICE_X12Y14         LUT6 (Prop_lut6_I0_O)        0.124    10.581 r  dbg_hub/inst/BSCANID.u_xsdbm_id/SWITCH_N_EXT_BSCAN.bscan_switch/state_temp[0]_i_1/O
                         net (fo=1, routed)           0.000    10.581    dbg_hub/inst/BSCANID.u_xsdbm_id/SWITCH_N_EXT_BSCAN.bscan_switch/state_temp[0]_i_1_n_0
    SLICE_X12Y14         FDRE                                         r  dbg_hub/inst/BSCANID.u_xsdbm_id/SWITCH_N_EXT_BSCAN.bscan_switch/state_temp_reg[0]/D
  -------------------------------------------------------------------    -------------------

                         (clock dbg_hub/inst/BSCANID.u_xsdbm_id/SWITCH_N_EXT_BSCAN.bscan_inst/SERIES7_BSCAN.bscan_inst/TCK rise edge)
                                                     33.000    33.000 r  
    BSCAN_X0Y0           BSCANE2                      0.000    33.000 r  dbg_hub/inst/BSCANID.u_xsdbm_id/SWITCH_N_EXT_BSCAN.bscan_inst/SERIES7_BSCAN.bscan_inst/TCK
                         net (fo=1, routed)           1.593    34.593    dbg_hub/inst/BSCANID.u_xsdbm_id/tck_bs
    BUFGCTRL_X0Y1        BUFG (Prop_bufg_I_O)         0.091    34.684 r  dbg_hub/inst/BSCANID.u_xsdbm_id/SWITCH_N_EXT_BSCAN.u_bufg_icon_tck/O
                         net (fo=494, routed)         1.445    36.129    dbg_hub/inst/BSCANID.u_xsdbm_id/SWITCH_N_EXT_BSCAN.bscan_switch/s_bscan_tck
    SLICE_X12Y14         FDRE                                         r  dbg_hub/inst/BSCANID.u_xsdbm_id/SWITCH_N_EXT_BSCAN.bscan_switch/state_temp_reg[0]/C
                         clock pessimism              0.385    36.514    
                         clock uncertainty           -0.035    36.479    
    SLICE_X12Y14         FDRE (Setup_fdre_C_D)        0.077    36.556    dbg_hub/inst/BSCANID.u_xsdbm_id/SWITCH_N_EXT_BSCAN.bscan_switch/state_temp_reg[0]
  -------------------------------------------------------------------
                         required time                         36.556    
                         arrival time                         -10.581    
  -------------------------------------------------------------------
                         slack                                 25.975    

Slack (MET) :             27.555ns  (required time - arrival time)
  Source:                 dbg_hub/inst/BSCANID.u_xsdbm_id/SWITCH_N_EXT_BSCAN.bscan_switch/portno_reg[5]/C
                            (rising edge-triggered cell FDRE clocked by dbg_hub/inst/BSCANID.u_xsdbm_id/SWITCH_N_EXT_BSCAN.bscan_inst/SERIES7_BSCAN.bscan_inst/TCK  {rise@0.000ns fall@16.500ns period=33.000ns})
  Destination:            dbg_hub/inst/BSCANID.u_xsdbm_id/CORE_XSDB.U_ICON/U_STAT/iSTAT_CNT_reg[0]/R
                            (rising edge-triggered cell FDRE clocked by dbg_hub/inst/BSCANID.u_xsdbm_id/SWITCH_N_EXT_BSCAN.bscan_inst/SERIES7_BSCAN.bscan_inst/TCK  {rise@0.000ns fall@16.500ns period=33.000ns})
  Path Group:             dbg_hub/inst/BSCANID.u_xsdbm_id/SWITCH_N_EXT_BSCAN.bscan_inst/SERIES7_BSCAN.bscan_inst/TCK
  Path Type:              Setup (Max at Slow Process Corner)
  Requirement:            33.000ns  (dbg_hub/inst/BSCANID.u_xsdbm_id/SWITCH_N_EXT_BSCAN.bscan_inst/SERIES7_BSCAN.bscan_inst/TCK rise@33.000ns - dbg_hub/inst/BSCANID.u_xsdbm_id/SWITCH_N_EXT_BSCAN.bscan_inst/SERIES7_BSCAN.bscan_inst/TCK rise@0.000ns)
  Data Path Delay:        4.928ns  (logic 1.088ns (22.076%)  route 3.840ns (77.924%))
  Logic Levels:           4  (LUT4=1 LUT5=2 LUT6=1)
  Clock Path Skew:        -0.052ns (DCD - SCD + CPR)
    Destination Clock Delay (DCD):    3.114ns = ( 36.114 - 33.000 ) 
    Source Clock Delay      (SCD):    3.512ns
    Clock Pessimism Removal (CPR):    0.346ns
  Clock Uncertainty:      0.035ns  ((TSJ^2 + TIJ^2)^1/2 + DJ) / 2 + PE
    Total System Jitter     (TSJ):    0.071ns
    Total Input Jitter      (TIJ):    0.000ns
    Discrete Jitter          (DJ):    0.000ns
    Phase Error              (PE):    0.000ns

    Location             Delay type                Incr(ns)  Path(ns)    Netlist Resource(s)
  -------------------------------------------------------------------    -------------------
                         (clock dbg_hub/inst/BSCANID.u_xsdbm_id/SWITCH_N_EXT_BSCAN.bscan_inst/SERIES7_BSCAN.bscan_inst/TCK rise edge)
                                                      0.000     0.000 r  
    BSCAN_X0Y0           BSCANE2                      0.000     0.000 r  dbg_hub/inst/BSCANID.u_xsdbm_id/SWITCH_N_EXT_BSCAN.bscan_inst/SERIES7_BSCAN.bscan_inst/TCK
                         net (fo=1, routed)           1.854     1.854    dbg_hub/inst/BSCANID.u_xsdbm_id/tck_bs
    BUFGCTRL_X0Y1        BUFG (Prop_bufg_I_O)         0.096     1.950 r  dbg_hub/inst/BSCANID.u_xsdbm_id/SWITCH_N_EXT_BSCAN.u_bufg_icon_tck/O
                         net (fo=494, routed)         1.562     3.512    dbg_hub/inst/BSCANID.u_xsdbm_id/SWITCH_N_EXT_BSCAN.bscan_switch/s_bscan_tck
    SLICE_X11Y15         FDRE                                         r  dbg_hub/inst/BSCANID.u_xsdbm_id/SWITCH_N_EXT_BSCAN.bscan_switch/portno_reg[5]/C
  -------------------------------------------------------------------    -------------------
    SLICE_X11Y15         FDRE (Prop_fdre_C_Q)         0.419     3.931 r  dbg_hub/inst/BSCANID.u_xsdbm_id/SWITCH_N_EXT_BSCAN.bscan_switch/portno_reg[5]/Q
                         net (fo=1, routed)           0.674     4.605    dbg_hub/inst/BSCANID.u_xsdbm_id/SWITCH_N_EXT_BSCAN.bscan_switch/portno[5]
    SLICE_X11Y15         LUT6 (Prop_lut6_I5_O)        0.297     4.902 r  dbg_hub/inst/BSCANID.u_xsdbm_id/SWITCH_N_EXT_BSCAN.bscan_switch/m_bscan_drck[0]_INST_0_i_1/O
                         net (fo=5, routed)           0.777     5.680    dbg_hub/inst/BSCANID.u_xsdbm_id/SWITCH_N_EXT_BSCAN.bscan_switch/m_bscan_drck[0]_INST_0_i_1_n_0
    SLICE_X12Y16         LUT5 (Prop_lut5_I3_O)        0.124     5.804 f  dbg_hub/inst/BSCANID.u_xsdbm_id/SWITCH_N_EXT_BSCAN.bscan_switch/m_bscan_shift[0]_INST_0/O
                         net (fo=4, routed)           1.227     7.031    dbg_hub/inst/BSCANID.u_xsdbm_id/CORE_XSDB.U_ICON/U_CMD/icn_cmd_en_reg[7]
    SLICE_X28Y22         LUT4 (Prop_lut4_I1_O)        0.124     7.155 f  dbg_hub/inst/BSCANID.u_xsdbm_id/CORE_XSDB.U_ICON/U_CMD/iSTAT_CNT[5]_i_4/O
                         net (fo=1, routed)           0.492     7.647    dbg_hub/inst/BSCANID.u_xsdbm_id/CORE_XSDB.U_ICON/U_CMD/iSTAT_CNT[5]_i_4_n_0
    SLICE_X29Y22         LUT5 (Prop_lut5_I4_O)        0.124     7.771 r  dbg_hub/inst/BSCANID.u_xsdbm_id/CORE_XSDB.U_ICON/U_CMD/iSTAT_CNT[5]_i_1/O
                         net (fo=6, routed)           0.670     8.441    dbg_hub/inst/BSCANID.u_xsdbm_id/CORE_XSDB.U_ICON/U_STAT/SR[0]
    SLICE_X29Y24         FDRE                                         r  dbg_hub/inst/BSCANID.u_xsdbm_id/CORE_XSDB.U_ICON/U_STAT/iSTAT_CNT_reg[0]/R
  -------------------------------------------------------------------    -------------------

                         (clock dbg_hub/inst/BSCANID.u_xsdbm_id/SWITCH_N_EXT_BSCAN.bscan_inst/SERIES7_BSCAN.bscan_inst/TCK rise edge)
                                                     33.000    33.000 r  
    BSCAN_X0Y0           BSCANE2                      0.000    33.000 r  dbg_hub/inst/BSCANID.u_xsdbm_id/SWITCH_N_EXT_BSCAN.bscan_inst/SERIES7_BSCAN.bscan_inst/TCK
                         net (fo=1, routed)           1.593    34.593    dbg_hub/inst/BSCANID.u_xsdbm_id/tck_bs
    BUFGCTRL_X0Y1        BUFG (Prop_bufg_I_O)         0.091    34.684 r  dbg_hub/inst/BSCANID.u_xsdbm_id/SWITCH_N_EXT_BSCAN.u_bufg_icon_tck/O
                         net (fo=494, routed)         1.430    36.114    dbg_hub/inst/BSCANID.u_xsdbm_id/CORE_XSDB.U_ICON/U_STAT/m_bscan_tck[0]
    SLICE_X29Y24         FDRE                                         r  dbg_hub/inst/BSCANID.u_xsdbm_id/CORE_XSDB.U_ICON/U_STAT/iSTAT_CNT_reg[0]/C
                         clock pessimism              0.346    36.460    
                         clock uncertainty           -0.035    36.425    
    SLICE_X29Y24         FDRE (Setup_fdre_C_R)       -0.429    35.996    dbg_hub/inst/BSCANID.u_xsdbm_id/CORE_XSDB.U_ICON/U_STAT/iSTAT_CNT_reg[0]
  -------------------------------------------------------------------
                         required time                         35.996    
                         arrival time                          -8.441    
  -------------------------------------------------------------------
                         slack                                 27.555    





Min Delay Paths
--------------------------------------------------------------------------------------
Slack (MET) :             0.049ns  (arrival time - required time)
  Source:                 dbg_hub/inst/BSCANID.u_xsdbm_id/CORE_XSDB.UUT_MASTER/U_ICON_INTERFACE/icn_cmd_en_reg[4]/C
                            (rising edge-triggered cell FDRE clocked by dbg_hub/inst/BSCANID.u_xsdbm_id/SWITCH_N_EXT_BSCAN.bscan_inst/SERIES7_BSCAN.bscan_inst/TCK  {rise@0.000ns fall@16.500ns period=33.000ns})
  Destination:            dbg_hub/inst/BSCANID.u_xsdbm_id/CORE_XSDB.UUT_MASTER/U_ICON_INTERFACE/U_CMD4/icn_cmd_en_temp_reg/D
                            (rising edge-triggered cell FDRE clocked by dbg_hub/inst/BSCANID.u_xsdbm_id/SWITCH_N_EXT_BSCAN.bscan_inst/SERIES7_BSCAN.bscan_inst/TCK  {rise@0.000ns fall@16.500ns period=33.000ns})
  Path Group:             dbg_hub/inst/BSCANID.u_xsdbm_id/SWITCH_N_EXT_BSCAN.bscan_inst/SERIES7_BSCAN.bscan_inst/TCK
  Path Type:              Hold (Min at Fast Process Corner)
  Requirement:            0.000ns  (dbg_hub/inst/BSCANID.u_xsdbm_id/SWITCH_N_EXT_BSCAN.bscan_inst/SERIES7_BSCAN.bscan_inst/TCK rise@0.000ns - dbg_hub/inst/BSCANID.u_xsdbm_id/SWITCH_N_EXT_BSCAN.bscan_inst/SERIES7_BSCAN.bscan_inst/TCK rise@0.000ns)
  Data Path Delay:        0.378ns  (logic 0.141ns (37.260%)  route 0.237ns (62.740%))
  Logic Levels:           0  
  Clock Path Skew:        0.259ns (DCD - SCD - CPR)
    Destination Clock Delay (DCD):    1.703ns
    Source Clock Delay      (SCD):    1.320ns
    Clock Pessimism Removal (CPR):    0.124ns

    Location             Delay type                Incr(ns)  Path(ns)    Netlist Resource(s)
  -------------------------------------------------------------------    -------------------
                         (clock dbg_hub/inst/BSCANID.u_xsdbm_id/SWITCH_N_EXT_BSCAN.bscan_inst/SERIES7_BSCAN.bscan_inst/TCK rise edge)
                                                      0.000     0.000 r  
    BSCAN_X0Y0           BSCANE2                      0.000     0.000 r  dbg_hub/inst/BSCANID.u_xsdbm_id/SWITCH_N_EXT_BSCAN.bscan_inst/SERIES7_BSCAN.bscan_inst/TCK
                         net (fo=1, routed)           0.742     0.742    dbg_hub/inst/BSCANID.u_xsdbm_id/tck_bs
    BUFGCTRL_X0Y1        BUFG (Prop_bufg_I_O)         0.026     0.768 r  dbg_hub/inst/BSCANID.u_xsdbm_id/SWITCH_N_EXT_BSCAN.u_bufg_icon_tck/O
                         net (fo=494, routed)         0.553     1.320    dbg_hub/inst/BSCANID.u_xsdbm_id/CORE_XSDB.UUT_MASTER/U_ICON_INTERFACE/m_bscan_tck[0]
    SLICE_X32Y22         FDRE                                         r  dbg_hub/inst/BSCANID.u_xsdbm_id/CORE_XSDB.UUT_MASTER/U_ICON_INTERFACE/icn_cmd_en_reg[4]/C
  -------------------------------------------------------------------    -------------------
    SLICE_X32Y22         FDRE (Prop_fdre_C_Q)         0.141     1.461 r  dbg_hub/inst/BSCANID.u_xsdbm_id/CORE_XSDB.UUT_MASTER/U_ICON_INTERFACE/icn_cmd_en_reg[4]/Q
                         net (fo=4, routed)           0.237     1.699    dbg_hub/inst/BSCANID.u_xsdbm_id/CORE_XSDB.UUT_MASTER/U_ICON_INTERFACE/U_CMD4/icn_cmd_en_temp_reg_0
    SLICE_X36Y23         FDRE                                         r  dbg_hub/inst/BSCANID.u_xsdbm_id/CORE_XSDB.UUT_MASTER/U_ICON_INTERFACE/U_CMD4/icn_cmd_en_temp_reg/D
  -------------------------------------------------------------------    -------------------

                         (clock dbg_hub/inst/BSCANID.u_xsdbm_id/SWITCH_N_EXT_BSCAN.bscan_inst/SERIES7_BSCAN.bscan_inst/TCK rise edge)
                                                      0.000     0.000 r  
    BSCAN_X0Y0           BSCANE2                      0.000     0.000 r  dbg_hub/inst/BSCANID.u_xsdbm_id/SWITCH_N_EXT_BSCAN.bscan_inst/SERIES7_BSCAN.bscan_inst/TCK
                         net (fo=1, routed)           0.858     0.858    dbg_hub/inst/BSCANID.u_xsdbm_id/tck_bs
    BUFGCTRL_X0Y1        BUFG (Prop_bufg_I_O)         0.029     0.887 r  dbg_hub/inst/BSCANID.u_xsdbm_id/SWITCH_N_EXT_BSCAN.u_bufg_icon_tck/O
                         net (fo=494, routed)         0.817     1.703    dbg_hub/inst/BSCANID.u_xsdbm_id/CORE_XSDB.UUT_MASTER/U_ICON_INTERFACE/U_CMD4/m_bscan_tck[0]
    SLICE_X36Y23         FDRE                                         r  dbg_hub/inst/BSCANID.u_xsdbm_id/CORE_XSDB.UUT_MASTER/U_ICON_INTERFACE/U_CMD4/icn_cmd_en_temp_reg/C
                         clock pessimism             -0.124     1.579    
    SLICE_X36Y23         FDRE (Hold_fdre_C_D)         0.070     1.649    dbg_hub/inst/BSCANID.u_xsdbm_id/CORE_XSDB.UUT_MASTER/U_ICON_INTERFACE/U_CMD4/icn_cmd_en_temp_reg
  -------------------------------------------------------------------
                         required time                         -1.649    
                         arrival time                           1.699    
  -------------------------------------------------------------------
                         slack                                  0.049    

Slack (MET) :             0.099ns  (arrival time - required time)
  Source:                 dbg_hub/inst/BSCANID.u_xsdbm_id/CORE_XSDB.UUT_MASTER/U_ICON_INTERFACE/U_CMD6_WR/shift_reg_in_reg[1]/C
                            (rising edge-triggered cell FDCE clocked by dbg_hub/inst/BSCANID.u_xsdbm_id/SWITCH_N_EXT_BSCAN.bscan_inst/SERIES7_BSCAN.bscan_inst/TCK  {rise@0.000ns fall@16.500ns period=33.000ns})
  Destination:            dbg_hub/inst/BSCANID.u_xsdbm_id/CORE_XSDB.UUT_MASTER/U_ICON_INTERFACE/U_CMD6_WR/U_WR_FIFO/SUBCORE_FIFO.xsdbm_v3_0_0_wrfifo_inst/inst_fifo_gen/gconvfifo.rf/grf.rf/gntv_or_sync_fifo.mem/gdm.dm_gen.dm/RAM_reg_0_15_0_5/RAMA/I
                            (rising edge-triggered cell RAMD32 clocked by dbg_hub/inst/BSCANID.u_xsdbm_id/SWITCH_N_EXT_BSCAN.bscan_inst/SERIES7_BSCAN.bscan_inst/TCK  {rise@0.000ns fall@16.500ns period=33.000ns})
  Path Group:             dbg_hub/inst/BSCANID.u_xsdbm_id/SWITCH_N_EXT_BSCAN.bscan_inst/SERIES7_BSCAN.bscan_inst/TCK
  Path Type:              Hold (Min at Fast Process Corner)
  Requirement:            0.000ns  (dbg_hub/inst/BSCANID.u_xsdbm_id/SWITCH_N_EXT_BSCAN.bscan_inst/SERIES7_BSCAN.bscan_inst/TCK rise@0.000ns - dbg_hub/inst/BSCANID.u_xsdbm_id/SWITCH_N_EXT_BSCAN.bscan_inst/SERIES7_BSCAN.bscan_inst/TCK rise@0.000ns)
  Data Path Delay:        0.260ns  (logic 0.141ns (54.257%)  route 0.119ns (45.743%))
  Logic Levels:           0  
  Clock Path Skew:        0.014ns (DCD - SCD - CPR)
    Destination Clock Delay (DCD):    1.702ns
    Source Clock Delay      (SCD):    1.316ns
    Clock Pessimism Removal (CPR):    0.372ns

    Location             Delay type                Incr(ns)  Path(ns)    Netlist Resource(s)
  -------------------------------------------------------------------    -------------------
                         (clock dbg_hub/inst/BSCANID.u_xsdbm_id/SWITCH_N_EXT_BSCAN.bscan_inst/SERIES7_BSCAN.bscan_inst/TCK rise edge)
                                                      0.000     0.000 r  
    BSCAN_X0Y0           BSCANE2                      0.000     0.000 r  dbg_hub/inst/BSCANID.u_xsdbm_id/SWITCH_N_EXT_BSCAN.bscan_inst/SERIES7_BSCAN.bscan_inst/TCK
                         net (fo=1, routed)           0.742     0.742    dbg_hub/inst/BSCANID.u_xsdbm_id/tck_bs
    BUFGCTRL_X0Y1        BUFG (Prop_bufg_I_O)         0.026     0.768 r  dbg_hub/inst/BSCANID.u_xsdbm_id/SWITCH_N_EXT_BSCAN.u_bufg_icon_tck/O
                         net (fo=494, routed)         0.549     1.316    dbg_hub/inst/BSCANID.u_xsdbm_id/CORE_XSDB.UUT_MASTER/U_ICON_INTERFACE/U_CMD6_WR/m_bscan_tck[0]
    SLICE_X35Y25         FDCE                                         r  dbg_hub/inst/BSCANID.u_xsdbm_id/CORE_XSDB.UUT_MASTER/U_ICON_INTERFACE/U_CMD6_WR/shift_reg_in_reg[1]/C
  -------------------------------------------------------------------    -------------------
    SLICE_X35Y25         FDCE (Prop_fdce_C_Q)         0.141     1.457 r  dbg_hub/inst/BSCANID.u_xsdbm_id/CORE_XSDB.UUT_MASTER/U_ICON_INTERFACE/U_CMD6_WR/shift_reg_in_reg[1]/Q
                         net (fo=2, routed)           0.119     1.576    dbg_hub/inst/BSCANID.u_xsdbm_id/CORE_XSDB.UUT_MASTER/U_ICON_INTERFACE/U_CMD6_WR/U_WR_FIFO/SUBCORE_FIFO.xsdbm_v3_0_0_wrfifo_inst/inst_fifo_gen/gconvfifo.rf/grf.rf/gntv_or_sync_fifo.mem/gdm.dm_gen.dm/RAM_reg_0_15_0_5/DIA0
    SLICE_X34Y26         RAMD32                                       r  dbg_hub/inst/BSCANID.u_xsdbm_id/CORE_XSDB.UUT_MASTER/U_ICON_INTERFACE/U_CMD6_WR/U_WR_FIFO/SUBCORE_FIFO.xsdbm_v3_0_0_wrfifo_inst/inst_fifo_gen/gconvfifo.rf/grf.rf/gntv_or_sync_fifo.mem/gdm.dm_gen.dm/RAM_reg_0_15_0_5/RAMA/I
  -------------------------------------------------------------------    -------------------

                         (clock dbg_hub/inst/BSCANID.u_xsdbm_id/SWITCH_N_EXT_BSCAN.bscan_inst/SERIES7_BSCAN.bscan_inst/TCK rise edge)
                                                      0.000     0.000 r  
    BSCAN_X0Y0           BSCANE2                      0.000     0.000 r  dbg_hub/inst/BSCANID.u_xsdbm_id/SWITCH_N_EXT_BSCAN.bscan_inst/SERIES7_BSCAN.bscan_inst/TCK
                         net (fo=1, routed)           0.858     0.858    dbg_hub/inst/BSCANID.u_xsdbm_id/tck_bs
    BUFGCTRL_X0Y1        BUFG (Prop_bufg_I_O)         0.029     0.887 r  dbg_hub/inst/BSCANID.u_xsdbm_id/SWITCH_N_EXT_BSCAN.u_bufg_icon_tck/O
                         net (fo=494, routed)         0.816     1.702    dbg_hub/inst/BSCANID.u_xsdbm_id/CORE_XSDB.UUT_MASTER/U_ICON_INTERFACE/U_CMD6_WR/U_WR_FIFO/SUBCORE_FIFO.xsdbm_v3_0_0_wrfifo_inst/inst_fifo_gen/gconvfifo.rf/grf.rf/gntv_or_sync_fifo.mem/gdm.dm_gen.dm/RAM_reg_0_15_0_5/WCLK
    SLICE_X34Y26         RAMD32                                       r  dbg_hub/inst/BSCANID.u_xsdbm_id/CORE_XSDB.UUT_MASTER/U_ICON_INTERFACE/U_CMD6_WR/U_WR_FIFO/SUBCORE_FIFO.xsdbm_v3_0_0_wrfifo_inst/inst_fifo_gen/gconvfifo.rf/grf.rf/gntv_or_sync_fifo.mem/gdm.dm_gen.dm/RAM_reg_0_15_0_5/RAMA/CLK
                         clock pessimism             -0.372     1.330    
    SLICE_X34Y26         RAMD32 (Hold_ramd32_CLK_I)
                                                      0.147     1.477    dbg_hub/inst/BSCANID.u_xsdbm_id/CORE_XSDB.UUT_MASTER/U_ICON_INTERFACE/U_CMD6_WR/U_WR_FIFO/SUBCORE_FIFO.xsdbm_v3_0_0_wrfifo_inst/inst_fifo_gen/gconvfifo.rf/grf.rf/gntv_or_sync_fifo.mem/gdm.dm_gen.dm/RAM_reg_0_15_0_5/RAMA
  -------------------------------------------------------------------
                         required time                         -1.477    
                         arrival time                           1.576    
  -------------------------------------------------------------------
                         slack                                  0.099    

Slack (MET) :             0.106ns  (arrival time - required time)
  Source:                 dbg_hub/inst/BSCANID.u_xsdbm_id/CORE_XSDB.UUT_MASTER/U_ICON_INTERFACE/U_CMD6_RD/U_RD_FIFO/SUBCORE_FIFO.xsdbm_v3_0_0_rdfifo_inst/inst_fifo_gen/gconvfifo.rf/grf.rf/gntv_or_sync_fifo.mem/goreg_dm.dout_i_reg[14]/C
                            (rising edge-triggered cell FDRE clocked by dbg_hub/inst/BSCANID.u_xsdbm_id/SWITCH_N_EXT_BSCAN.bscan_inst/SERIES7_BSCAN.bscan_inst/TCK  {rise@0.000ns fall@16.500ns period=33.000ns})
  Destination:            dbg_hub/inst/BSCANID.u_xsdbm_id/CORE_XSDB.UUT_MASTER/U_ICON_INTERFACE/U_CMD6_RD/shift_reg_in_reg[13]/D
                            (rising edge-triggered cell FDCE clocked by dbg_hub/inst/BSCANID.u_xsdbm_id/SWITCH_N_EXT_BSCAN.bscan_inst/SERIES7_BSCAN.bscan_inst/TCK  {rise@0.000ns fall@16.500ns period=33.000ns})
  Path Group:             dbg_hub/inst/BSCANID.u_xsdbm_id/SWITCH_N_EXT_BSCAN.bscan_inst/SERIES7_BSCAN.bscan_inst/TCK
  Path Type:              Hold (Min at Fast Process Corner)
  Requirement:            0.000ns  (dbg_hub/inst/BSCANID.u_xsdbm_id/SWITCH_N_EXT_BSCAN.bscan_inst/SERIES7_BSCAN.bscan_inst/TCK rise@0.000ns - dbg_hub/inst/BSCANID.u_xsdbm_id/SWITCH_N_EXT_BSCAN.bscan_inst/SERIES7_BSCAN.bscan_inst/TCK rise@0.000ns)
  Data Path Delay:        0.240ns  (logic 0.186ns (77.466%)  route 0.054ns (22.534%))
  Logic Levels:           1  (LUT5=1)
  Clock Path Skew:        0.013ns (DCD - SCD - CPR)
    Destination Clock Delay (DCD):    1.706ns
    Source Clock Delay      (SCD):    1.320ns
    Clock Pessimism Removal (CPR):    0.373ns

    Location             Delay type                Incr(ns)  Path(ns)    Netlist Resource(s)
  -------------------------------------------------------------------    -------------------
                         (clock dbg_hub/inst/BSCANID.u_xsdbm_id/SWITCH_N_EXT_BSCAN.bscan_inst/SERIES7_BSCAN.bscan_inst/TCK rise edge)
                                                      0.000     0.000 r  
    BSCAN_X0Y0           BSCANE2                      0.000     0.000 r  dbg_hub/inst/BSCANID.u_xsdbm_id/SWITCH_N_EXT_BSCAN.bscan_inst/SERIES7_BSCAN.bscan_inst/TCK
                         net (fo=1, routed)           0.742     0.742    dbg_hub/inst/BSCANID.u_xsdbm_id/tck_bs
    BUFGCTRL_X0Y1        BUFG (Prop_bufg_I_O)         0.026     0.768 r  dbg_hub/inst/BSCANID.u_xsdbm_id/SWITCH_N_EXT_BSCAN.u_bufg_icon_tck/O
                         net (fo=494, routed)         0.553     1.320    dbg_hub/inst/BSCANID.u_xsdbm_id/CORE_XSDB.UUT_MASTER/U_ICON_INTERFACE/U_CMD6_RD/U_RD_FIFO/SUBCORE_FIFO.xsdbm_v3_0_0_rdfifo_inst/inst_fifo_gen/gconvfifo.rf/grf.rf/gntv_or_sync_fifo.mem/rd_clk
    SLICE_X39Y21         FDRE                                         r  dbg_hub/inst/BSCANID.u_xsdbm_id/CORE_XSDB.UUT_MASTER/U_ICON_INTERFACE/U_CMD6_RD/U_RD_FIFO/SUBCORE_FIFO.xsdbm_v3_0_0_rdfifo_inst/inst_fifo_gen/gconvfifo.rf/grf.rf/gntv_or_sync_fifo.mem/goreg_dm.dout_i_reg[14]/C
  -------------------------------------------------------------------    -------------------
    SLICE_X39Y21         FDRE (Prop_fdre_C_Q)         0.141     1.461 r  dbg_hub/inst/BSCANID.u_xsdbm_id/CORE_XSDB.UUT_MASTER/U_ICON_INTERFACE/U_CMD6_RD/U_RD_FIFO/SUBCORE_FIFO.xsdbm_v3_0_0_rdfifo_inst/inst_fifo_gen/gconvfifo.rf/grf.rf/gntv_or_sync_fifo.mem/goreg_dm.dout_i_reg[14]/Q
                         net (fo=1, routed)           0.054     1.515    dbg_hub/inst/BSCANID.u_xsdbm_id/CORE_XSDB.UUT_MASTER/U_ICON_INTERFACE/U_CMD6_RD/U_RD_FIFO/fifo_dout[14]
    SLICE_X38Y21         LUT5 (Prop_lut5_I3_O)        0.045     1.560 r  dbg_hub/inst/BSCANID.u_xsdbm_id/CORE_XSDB.UUT_MASTER/U_ICON_INTERFACE/U_CMD6_RD/U_RD_FIFO/shift_reg_in[13]_i_1/O
                         net (fo=1, routed)           0.000     1.560    dbg_hub/inst/BSCANID.u_xsdbm_id/CORE_XSDB.UUT_MASTER/U_ICON_INTERFACE/U_CMD6_RD/U_RD_FIFO_n_2
    SLICE_X38Y21         FDCE                                         r  dbg_hub/inst/BSCANID.u_xsdbm_id/CORE_XSDB.UUT_MASTER/U_ICON_INTERFACE/U_CMD6_RD/shift_reg_in_reg[13]/D
  -------------------------------------------------------------------    -------------------

                         (clock dbg_hub/inst/BSCANID.u_xsdbm_id/SWITCH_N_EXT_BSCAN.bscan_inst/SERIES7_BSCAN.bscan_inst/TCK rise edge)
                                                      0.000     0.000 r  
    BSCAN_X0Y0           BSCANE2                      0.000     0.000 r  dbg_hub/inst/BSCANID.u_xsdbm_id/SWITCH_N_EXT_BSCAN.bscan_inst/SERIES7_BSCAN.bscan_inst/TCK
                         net (fo=1, routed)           0.858     0.858    dbg_hub/inst/BSCANID.u_xsdbm_id/tck_bs
    BUFGCTRL_X0Y1        BUFG (Prop_bufg_I_O)         0.029     0.887 r  dbg_hub/inst/BSCANID.u_xsdbm_id/SWITCH_N_EXT_BSCAN.u_bufg_icon_tck/O
                         net (fo=494, routed)         0.820     1.706    dbg_hub/inst/BSCANID.u_xsdbm_id/CORE_XSDB.UUT_MASTER/U_ICON_INTERFACE/U_CMD6_RD/m_bscan_tck[0]
    SLICE_X38Y21         FDCE                                         r  dbg_hub/inst/BSCANID.u_xsdbm_id/CORE_XSDB.UUT_MASTER/U_ICON_INTERFACE/U_CMD6_RD/shift_reg_in_reg[13]/C
                         clock pessimism             -0.373     1.333    
    SLICE_X38Y21         FDCE (Hold_fdce_C_D)         0.121     1.454    dbg_hub/inst/BSCANID.u_xsdbm_id/CORE_XSDB.UUT_MASTER/U_ICON_INTERFACE/U_CMD6_RD/shift_reg_in_reg[13]
  -------------------------------------------------------------------
                         required time                         -1.454    
                         arrival time                           1.560    
  -------------------------------------------------------------------
                         slack                                  0.106    

Slack (MET) :             0.110ns  (arrival time - required time)
  Source:                 dbg_hub/inst/BSCANID.u_xsdbm_id/CORE_XSDB.UUT_MASTER/U_ICON_INTERFACE/U_CMD6_WR/U_WR_FIFO/SUBCORE_FIFO.xsdbm_v3_0_0_wrfifo_inst/inst_fifo_gen/gconvfifo.rf/grf.rf/gntv_or_sync_fifo.gl0.wr/wpntr/gic0.gc0.count_d2_reg[3]/C
                            (rising edge-triggered cell FDCE clocked by dbg_hub/inst/BSCANID.u_xsdbm_id/SWITCH_N_EXT_BSCAN.bscan_inst/SERIES7_BSCAN.bscan_inst/TCK  {rise@0.000ns fall@16.500ns period=33.000ns})
  Destination:            dbg_hub/inst/BSCANID.u_xsdbm_id/CORE_XSDB.UUT_MASTER/U_ICON_INTERFACE/U_CMD6_WR/U_WR_FIFO/SUBCORE_FIFO.xsdbm_v3_0_0_wrfifo_inst/inst_fifo_gen/gconvfifo.rf/grf.rf/gntv_or_sync_fifo.mem/gdm.dm_gen.dm/RAM_reg_0_15_0_5/RAMA/WADR3
                            (rising edge-triggered cell RAMD32 clocked by dbg_hub/inst/BSCANID.u_xsdbm_id/SWITCH_N_EXT_BSCAN.bscan_inst/SERIES7_BSCAN.bscan_inst/TCK  {rise@0.000ns fall@16.500ns period=33.000ns})
  Path Group:             dbg_hub/inst/BSCANID.u_xsdbm_id/SWITCH_N_EXT_BSCAN.bscan_inst/SERIES7_BSCAN.bscan_inst/TCK
  Path Type:              Hold (Min at Fast Process Corner)
  Requirement:            0.000ns  (dbg_hub/inst/BSCANID.u_xsdbm_id/SWITCH_N_EXT_BSCAN.bscan_inst/SERIES7_BSCAN.bscan_inst/TCK rise@0.000ns - dbg_hub/inst/BSCANID.u_xsdbm_id/SWITCH_N_EXT_BSCAN.bscan_inst/SERIES7_BSCAN.bscan_inst/TCK rise@0.000ns)
  Data Path Delay:        0.364ns  (logic 0.164ns (45.000%)  route 0.200ns (55.000%))
  Logic Levels:           0  
  Clock Path Skew:        0.014ns (DCD - SCD - CPR)
    Destination Clock Delay (DCD):    1.702ns
    Source Clock Delay      (SCD):    1.316ns
    Clock Pessimism Removal (CPR):    0.372ns

    Location             Delay type                Incr(ns)  Path(ns)    Netlist Resource(s)
  -------------------------------------------------------------------    -------------------
                         (clock dbg_hub/inst/BSCANID.u_xsdbm_id/SWITCH_N_EXT_BSCAN.bscan_inst/SERIES7_BSCAN.bscan_inst/TCK rise edge)
                                                      0.000     0.000 r  
    BSCAN_X0Y0           BSCANE2                      0.000     0.000 r  dbg_hub/inst/BSCANID.u_xsdbm_id/SWITCH_N_EXT_BSCAN.bscan_inst/SERIES7_BSCAN.bscan_inst/TCK
                         net (fo=1, routed)           0.742     0.742    dbg_hub/inst/BSCANID.u_xsdbm_id/tck_bs
    BUFGCTRL_X0Y1        BUFG (Prop_bufg_I_O)         0.026     0.768 r  dbg_hub/inst/BSCANID.u_xsdbm_id/SWITCH_N_EXT_BSCAN.u_bufg_icon_tck/O
                         net (fo=494, routed)         0.549     1.316    dbg_hub/inst/BSCANID.u_xsdbm_id/CORE_XSDB.UUT_MASTER/U_ICON_INTERFACE/U_CMD6_WR/U_WR_FIFO/SUBCORE_FIFO.xsdbm_v3_0_0_wrfifo_inst/inst_fifo_gen/gconvfifo.rf/grf.rf/gntv_or_sync_fifo.gl0.wr/wpntr/wr_clk
    SLICE_X34Y25         FDCE                                         r  dbg_hub/inst/BSCANID.u_xsdbm_id/CORE_XSDB.UUT_MASTER/U_ICON_INTERFACE/U_CMD6_WR/U_WR_FIFO/SUBCORE_FIFO.xsdbm_v3_0_0_wrfifo_inst/inst_fifo_gen/gconvfifo.rf/grf.rf/gntv_or_sync_fifo.gl0.wr/wpntr/gic0.gc0.count_d2_reg[3]/C
  -------------------------------------------------------------------    -------------------
    SLICE_X34Y25         FDCE (Prop_fdce_C_Q)         0.164     1.480 r  dbg_hub/inst/BSCANID.u_xsdbm_id/CORE_XSDB.UUT_MASTER/U_ICON_INTERFACE/U_CMD6_WR/U_WR_FIFO/SUBCORE_FIFO.xsdbm_v3_0_0_wrfifo_inst/inst_fifo_gen/gconvfifo.rf/grf.rf/gntv_or_sync_fifo.gl0.wr/wpntr/gic0.gc0.count_d2_reg[3]/Q
                         net (fo=26, routed)          0.200     1.681    dbg_hub/inst/BSCANID.u_xsdbm_id/CORE_XSDB.UUT_MASTER/U_ICON_INTERFACE/U_CMD6_WR/U_WR_FIFO/SUBCORE_FIFO.xsdbm_v3_0_0_wrfifo_inst/inst_fifo_gen/gconvfifo.rf/grf.rf/gntv_or_sync_fifo.mem/gdm.dm_gen.dm/RAM_reg_0_15_0_5/ADDRD3
    SLICE_X34Y26         RAMD32                                       r  dbg_hub/inst/BSCANID.u_xsdbm_id/CORE_XSDB.UUT_MASTER/U_ICON_INTERFACE/U_CMD6_WR/U_WR_FIFO/SUBCORE_FIFO.xsdbm_v3_0_0_wrfifo_inst/inst_fifo_gen/gconvfifo.rf/grf.rf/gntv_or_sync_fifo.mem/gdm.dm_gen.dm/RAM_reg_0_15_0_5/RAMA/WADR3
  -------------------------------------------------------------------    -------------------

                         (clock dbg_hub/inst/BSCANID.u_xsdbm_id/SWITCH_N_EXT_BSCAN.bscan_inst/SERIES7_BSCAN.bscan_inst/TCK rise edge)
                                                      0.000     0.000 r  
    BSCAN_X0Y0           BSCANE2                      0.000     0.000 r  dbg_hub/inst/BSCANID.u_xsdbm_id/SWITCH_N_EXT_BSCAN.bscan_inst/SERIES7_BSCAN.bscan_inst/TCK
                         net (fo=1, routed)           0.858     0.858    dbg_hub/inst/BSCANID.u_xsdbm_id/tck_bs
    BUFGCTRL_X0Y1        BUFG (Prop_bufg_I_O)         0.029     0.887 r  dbg_hub/inst/BSCANID.u_xsdbm_id/SWITCH_N_EXT_BSCAN.u_bufg_icon_tck/O
                         net (fo=494, routed)         0.816     1.702    dbg_hub/inst/BSCANID.u_xsdbm_id/CORE_XSDB.UUT_MASTER/U_ICON_INTERFACE/U_CMD6_WR/U_WR_FIFO/SUBCORE_FIFO.xsdbm_v3_0_0_wrfifo_inst/inst_fifo_gen/gconvfifo.rf/grf.rf/gntv_or_sync_fifo.mem/gdm.dm_gen.dm/RAM_reg_0_15_0_5/WCLK
    SLICE_X34Y26         RAMD32                                       r  dbg_hub/inst/BSCANID.u_xsdbm_id/CORE_XSDB.UUT_MASTER/U_ICON_INTERFACE/U_CMD6_WR/U_WR_FIFO/SUBCORE_FIFO.xsdbm_v3_0_0_wrfifo_inst/inst_fifo_gen/gconvfifo.rf/grf.rf/gntv_or_sync_fifo.mem/gdm.dm_gen.dm/RAM_reg_0_15_0_5/RAMA/CLK
                         clock pessimism             -0.372     1.330    
    SLICE_X34Y26         RAMD32 (Hold_ramd32_CLK_WADR3)
                                                      0.240     1.570    dbg_hub/inst/BSCANID.u_xsdbm_id/CORE_XSDB.UUT_MASTER/U_ICON_INTERFACE/U_CMD6_WR/U_WR_FIFO/SUBCORE_FIFO.xsdbm_v3_0_0_wrfifo_inst/inst_fifo_gen/gconvfifo.rf/grf.rf/gntv_or_sync_fifo.mem/gdm.dm_gen.dm/RAM_reg_0_15_0_5/RAMA
  -------------------------------------------------------------------
                         required time                         -1.570    
                         arrival time                           1.681    
  -------------------------------------------------------------------
                         slack                                  0.110    

Slack (MET) :             0.110ns  (arrival time - required time)
  Source:                 dbg_hub/inst/BSCANID.u_xsdbm_id/CORE_XSDB.UUT_MASTER/U_ICON_INTERFACE/U_CMD6_WR/U_WR_FIFO/SUBCORE_FIFO.xsdbm_v3_0_0_wrfifo_inst/inst_fifo_gen/gconvfifo.rf/grf.rf/gntv_or_sync_fifo.gl0.wr/wpntr/gic0.gc0.count_d2_reg[3]/C
                            (rising edge-triggered cell FDCE clocked by dbg_hub/inst/BSCANID.u_xsdbm_id/SWITCH_N_EXT_BSCAN.bscan_inst/SERIES7_BSCAN.bscan_inst/TCK  {rise@0.000ns fall@16.500ns period=33.000ns})
  Destination:            dbg_hub/inst/BSCANID.u_xsdbm_id/CORE_XSDB.UUT_MASTER/U_ICON_INTERFACE/U_CMD6_WR/U_WR_FIFO/SUBCORE_FIFO.xsdbm_v3_0_0_wrfifo_inst/inst_fifo_gen/gconvfifo.rf/grf.rf/gntv_or_sync_fifo.mem/gdm.dm_gen.dm/RAM_reg_0_15_0_5/RAMA_D1/WADR3
                            (rising edge-triggered cell RAMD32 clocked by dbg_hub/inst/BSCANID.u_xsdbm_id/SWITCH_N_EXT_BSCAN.bscan_inst/SERIES7_BSCAN.bscan_inst/TCK  {rise@0.000ns fall@16.500ns period=33.000ns})
  Path Group:             dbg_hub/inst/BSCANID.u_xsdbm_id/SWITCH_N_EXT_BSCAN.bscan_inst/SERIES7_BSCAN.bscan_inst/TCK
  Path Type:              Hold (Min at Fast Process Corner)
  Requirement:            0.000ns  (dbg_hub/inst/BSCANID.u_xsdbm_id/SWITCH_N_EXT_BSCAN.bscan_inst/SERIES7_BSCAN.bscan_inst/TCK rise@0.000ns - dbg_hub/inst/BSCANID.u_xsdbm_id/SWITCH_N_EXT_BSCAN.bscan_inst/SERIES7_BSCAN.bscan_inst/TCK rise@0.000ns)
  Data Path Delay:        0.364ns  (logic 0.164ns (45.000%)  route 0.200ns (55.000%))
  Logic Levels:           0  
  Clock Path Skew:        0.014ns (DCD - SCD - CPR)
    Destination Clock Delay (DCD):    1.702ns
    Source Clock Delay      (SCD):    1.316ns
    Clock Pessimism Removal (CPR):    0.372ns

    Location             Delay type                Incr(ns)  Path(ns)    Netlist Resource(s)
  -------------------------------------------------------------------    -------------------
                         (clock dbg_hub/inst/BSCANID.u_xsdbm_id/SWITCH_N_EXT_BSCAN.bscan_inst/SERIES7_BSCAN.bscan_inst/TCK rise edge)
                                                      0.000     0.000 r  
    BSCAN_X0Y0           BSCANE2                      0.000     0.000 r  dbg_hub/inst/BSCANID.u_xsdbm_id/SWITCH_N_EXT_BSCAN.bscan_inst/SERIES7_BSCAN.bscan_inst/TCK
                         net (fo=1, routed)           0.742     0.742    dbg_hub/inst/BSCANID.u_xsdbm_id/tck_bs
    BUFGCTRL_X0Y1        BUFG (Prop_bufg_I_O)         0.026     0.768 r  dbg_hub/inst/BSCANID.u_xsdbm_id/SWITCH_N_EXT_BSCAN.u_bufg_icon_tck/O
                         net (fo=494, routed)         0.549     1.316    dbg_hub/inst/BSCANID.u_xsdbm_id/CORE_XSDB.UUT_MASTER/U_ICON_INTERFACE/U_CMD6_WR/U_WR_FIFO/SUBCORE_FIFO.xsdbm_v3_0_0_wrfifo_inst/inst_fifo_gen/gconvfifo.rf/grf.rf/gntv_or_sync_fifo.gl0.wr/wpntr/wr_clk
    SLICE_X34Y25         FDCE                                         r  dbg_hub/inst/BSCANID.u_xsdbm_id/CORE_XSDB.UUT_MASTER/U_ICON_INTERFACE/U_CMD6_WR/U_WR_FIFO/SUBCORE_FIFO.xsdbm_v3_0_0_wrfifo_inst/inst_fifo_gen/gconvfifo.rf/grf.rf/gntv_or_sync_fifo.gl0.wr/wpntr/gic0.gc0.count_d2_reg[3]/C
  -------------------------------------------------------------------    -------------------
    SLICE_X34Y25         FDCE (Prop_fdce_C_Q)         0.164     1.480 r  dbg_hub/inst/BSCANID.u_xsdbm_id/CORE_XSDB.UUT_MASTER/U_ICON_INTERFACE/U_CMD6_WR/U_WR_FIFO/SUBCORE_FIFO.xsdbm_v3_0_0_wrfifo_inst/inst_fifo_gen/gconvfifo.rf/grf.rf/gntv_or_sync_fifo.gl0.wr/wpntr/gic0.gc0.count_d2_reg[3]/Q
                         net (fo=26, routed)          0.200     1.681    dbg_hub/inst/BSCANID.u_xsdbm_id/CORE_XSDB.UUT_MASTER/U_ICON_INTERFACE/U_CMD6_WR/U_WR_FIFO/SUBCORE_FIFO.xsdbm_v3_0_0_wrfifo_inst/inst_fifo_gen/gconvfifo.rf/grf.rf/gntv_or_sync_fifo.mem/gdm.dm_gen.dm/RAM_reg_0_15_0_5/ADDRD3
    SLICE_X34Y26         RAMD32                                       r  dbg_hub/inst/BSCANID.u_xsdbm_id/CORE_XSDB.UUT_MASTER/U_ICON_INTERFACE/U_CMD6_WR/U_WR_FIFO/SUBCORE_FIFO.xsdbm_v3_0_0_wrfifo_inst/inst_fifo_gen/gconvfifo.rf/grf.rf/gntv_or_sync_fifo.mem/gdm.dm_gen.dm/RAM_reg_0_15_0_5/RAMA_D1/WADR3
  -------------------------------------------------------------------    -------------------

                         (clock dbg_hub/inst/BSCANID.u_xsdbm_id/SWITCH_N_EXT_BSCAN.bscan_inst/SERIES7_BSCAN.bscan_inst/TCK rise edge)
                                                      0.000     0.000 r  
    BSCAN_X0Y0           BSCANE2                      0.000     0.000 r  dbg_hub/inst/BSCANID.u_xsdbm_id/SWITCH_N_EXT_BSCAN.bscan_inst/SERIES7_BSCAN.bscan_inst/TCK
                         net (fo=1, routed)           0.858     0.858    dbg_hub/inst/BSCANID.u_xsdbm_id/tck_bs
    BUFGCTRL_X0Y1        BUFG (Prop_bufg_I_O)         0.029     0.887 r  dbg_hub/inst/BSCANID.u_xsdbm_id/SWITCH_N_EXT_BSCAN.u_bufg_icon_tck/O
                         net (fo=494, routed)         0.816     1.702    dbg_hub/inst/BSCANID.u_xsdbm_id/CORE_XSDB.UUT_MASTER/U_ICON_INTERFACE/U_CMD6_WR/U_WR_FIFO/SUBCORE_FIFO.xsdbm_v3_0_0_wrfifo_inst/inst_fifo_gen/gconvfifo.rf/grf.rf/gntv_or_sync_fifo.mem/gdm.dm_gen.dm/RAM_reg_0_15_0_5/WCLK
    SLICE_X34Y26         RAMD32                                       r  dbg_hub/inst/BSCANID.u_xsdbm_id/CORE_XSDB.UUT_MASTER/U_ICON_INTERFACE/U_CMD6_WR/U_WR_FIFO/SUBCORE_FIFO.xsdbm_v3_0_0_wrfifo_inst/inst_fifo_gen/gconvfifo.rf/grf.rf/gntv_or_sync_fifo.mem/gdm.dm_gen.dm/RAM_reg_0_15_0_5/RAMA_D1/CLK
                         clock pessimism             -0.372     1.330    
    SLICE_X34Y26         RAMD32 (Hold_ramd32_CLK_WADR3)
                                                      0.240     1.570    dbg_hub/inst/BSCANID.u_xsdbm_id/CORE_XSDB.UUT_MASTER/U_ICON_INTERFACE/U_CMD6_WR/U_WR_FIFO/SUBCORE_FIFO.xsdbm_v3_0_0_wrfifo_inst/inst_fifo_gen/gconvfifo.rf/grf.rf/gntv_or_sync_fifo.mem/gdm.dm_gen.dm/RAM_reg_0_15_0_5/RAMA_D1
  -------------------------------------------------------------------
                         required time                         -1.570    
                         arrival time                           1.681    
  -------------------------------------------------------------------
                         slack                                  0.110    

Slack (MET) :             0.110ns  (arrival time - required time)
  Source:                 dbg_hub/inst/BSCANID.u_xsdbm_id/CORE_XSDB.UUT_MASTER/U_ICON_INTERFACE/U_CMD6_WR/U_WR_FIFO/SUBCORE_FIFO.xsdbm_v3_0_0_wrfifo_inst/inst_fifo_gen/gconvfifo.rf/grf.rf/gntv_or_sync_fifo.gl0.wr/wpntr/gic0.gc0.count_d2_reg[3]/C
                            (rising edge-triggered cell FDCE clocked by dbg_hub/inst/BSCANID.u_xsdbm_id/SWITCH_N_EXT_BSCAN.bscan_inst/SERIES7_BSCAN.bscan_inst/TCK  {rise@0.000ns fall@16.500ns period=33.000ns})
  Destination:            dbg_hub/inst/BSCANID.u_xsdbm_id/CORE_XSDB.UUT_MASTER/U_ICON_INTERFACE/U_CMD6_WR/U_WR_FIFO/SUBCORE_FIFO.xsdbm_v3_0_0_wrfifo_inst/inst_fifo_gen/gconvfifo.rf/grf.rf/gntv_or_sync_fifo.mem/gdm.dm_gen.dm/RAM_reg_0_15_0_5/RAMB/WADR3
                            (rising edge-triggered cell RAMD32 clocked by dbg_hub/inst/BSCANID.u_xsdbm_id/SWITCH_N_EXT_BSCAN.bscan_inst/SERIES7_BSCAN.bscan_inst/TCK  {rise@0.000ns fall@16.500ns period=33.000ns})
  Path Group:             dbg_hub/inst/BSCANID.u_xsdbm_id/SWITCH_N_EXT_BSCAN.bscan_inst/SERIES7_BSCAN.bscan_inst/TCK
  Path Type:              Hold (Min at Fast Process Corner)
  Requirement:            0.000ns  (dbg_hub/inst/BSCANID.u_xsdbm_id/SWITCH_N_EXT_BSCAN.bscan_inst/SERIES7_BSCAN.bscan_inst/TCK rise@0.000ns - dbg_hub/inst/BSCANID.u_xsdbm_id/SWITCH_N_EXT_BSCAN.bscan_inst/SERIES7_BSCAN.bscan_inst/TCK rise@0.000ns)
  Data Path Delay:        0.364ns  (logic 0.164ns (45.000%)  route 0.200ns (55.000%))
  Logic Levels:           0  
  Clock Path Skew:        0.014ns (DCD - SCD - CPR)
    Destination Clock Delay (DCD):    1.702ns
    Source Clock Delay      (SCD):    1.316ns
    Clock Pessimism Removal (CPR):    0.372ns

    Location             Delay type                Incr(ns)  Path(ns)    Netlist Resource(s)
  -------------------------------------------------------------------    -------------------
                         (clock dbg_hub/inst/BSCANID.u_xsdbm_id/SWITCH_N_EXT_BSCAN.bscan_inst/SERIES7_BSCAN.bscan_inst/TCK rise edge)
                                                      0.000     0.000 r  
    BSCAN_X0Y0           BSCANE2                      0.000     0.000 r  dbg_hub/inst/BSCANID.u_xsdbm_id/SWITCH_N_EXT_BSCAN.bscan_inst/SERIES7_BSCAN.bscan_inst/TCK
                         net (fo=1, routed)           0.742     0.742    dbg_hub/inst/BSCANID.u_xsdbm_id/tck_bs
    BUFGCTRL_X0Y1        BUFG (Prop_bufg_I_O)         0.026     0.768 r  dbg_hub/inst/BSCANID.u_xsdbm_id/SWITCH_N_EXT_BSCAN.u_bufg_icon_tck/O
                         net (fo=494, routed)         0.549     1.316    dbg_hub/inst/BSCANID.u_xsdbm_id/CORE_XSDB.UUT_MASTER/U_ICON_INTERFACE/U_CMD6_WR/U_WR_FIFO/SUBCORE_FIFO.xsdbm_v3_0_0_wrfifo_inst/inst_fifo_gen/gconvfifo.rf/grf.rf/gntv_or_sync_fifo.gl0.wr/wpntr/wr_clk
    SLICE_X34Y25         FDCE                                         r  dbg_hub/inst/BSCANID.u_xsdbm_id/CORE_XSDB.UUT_MASTER/U_ICON_INTERFACE/U_CMD6_WR/U_WR_FIFO/SUBCORE_FIFO.xsdbm_v3_0_0_wrfifo_inst/inst_fifo_gen/gconvfifo.rf/grf.rf/gntv_or_sync_fifo.gl0.wr/wpntr/gic0.gc0.count_d2_reg[3]/C
  -------------------------------------------------------------------    -------------------
    SLICE_X34Y25         FDCE (Prop_fdce_C_Q)         0.164     1.480 r  dbg_hub/inst/BSCANID.u_xsdbm_id/CORE_XSDB.UUT_MASTER/U_ICON_INTERFACE/U_CMD6_WR/U_WR_FIFO/SUBCORE_FIFO.xsdbm_v3_0_0_wrfifo_inst/inst_fifo_gen/gconvfifo.rf/grf.rf/gntv_or_sync_fifo.gl0.wr/wpntr/gic0.gc0.count_d2_reg[3]/Q
                         net (fo=26, routed)          0.200     1.681    dbg_hub/inst/BSCANID.u_xsdbm_id/CORE_XSDB.UUT_MASTER/U_ICON_INTERFACE/U_CMD6_WR/U_WR_FIFO/SUBCORE_FIFO.xsdbm_v3_0_0_wrfifo_inst/inst_fifo_gen/gconvfifo.rf/grf.rf/gntv_or_sync_fifo.mem/gdm.dm_gen.dm/RAM_reg_0_15_0_5/ADDRD3
    SLICE_X34Y26         RAMD32                                       r  dbg_hub/inst/BSCANID.u_xsdbm_id/CORE_XSDB.UUT_MASTER/U_ICON_INTERFACE/U_CMD6_WR/U_WR_FIFO/SUBCORE_FIFO.xsdbm_v3_0_0_wrfifo_inst/inst_fifo_gen/gconvfifo.rf/grf.rf/gntv_or_sync_fifo.mem/gdm.dm_gen.dm/RAM_reg_0_15_0_5/RAMB/WADR3
  -------------------------------------------------------------------    -------------------

                         (clock dbg_hub/inst/BSCANID.u_xsdbm_id/SWITCH_N_EXT_BSCAN.bscan_inst/SERIES7_BSCAN.bscan_inst/TCK rise edge)
                                                      0.000     0.000 r  
    BSCAN_X0Y0           BSCANE2                      0.000     0.000 r  dbg_hub/inst/BSCANID.u_xsdbm_id/SWITCH_N_EXT_BSCAN.bscan_inst/SERIES7_BSCAN.bscan_inst/TCK
                         net (fo=1, routed)           0.858     0.858    dbg_hub/inst/BSCANID.u_xsdbm_id/tck_bs
    BUFGCTRL_X0Y1        BUFG (Prop_bufg_I_O)         0.029     0.887 r  dbg_hub/inst/BSCANID.u_xsdbm_id/SWITCH_N_EXT_BSCAN.u_bufg_icon_tck/O
                         net (fo=494, routed)         0.816     1.702    dbg_hub/inst/BSCANID.u_xsdbm_id/CORE_XSDB.UUT_MASTER/U_ICON_INTERFACE/U_CMD6_WR/U_WR_FIFO/SUBCORE_FIFO.xsdbm_v3_0_0_wrfifo_inst/inst_fifo_gen/gconvfifo.rf/grf.rf/gntv_or_sync_fifo.mem/gdm.dm_gen.dm/RAM_reg_0_15_0_5/WCLK
    SLICE_X34Y26         RAMD32                                       r  dbg_hub/inst/BSCANID.u_xsdbm_id/CORE_XSDB.UUT_MASTER/U_ICON_INTERFACE/U_CMD6_WR/U_WR_FIFO/SUBCORE_FIFO.xsdbm_v3_0_0_wrfifo_inst/inst_fifo_gen/gconvfifo.rf/grf.rf/gntv_or_sync_fifo.mem/gdm.dm_gen.dm/RAM_reg_0_15_0_5/RAMB/CLK
                         clock pessimism             -0.372     1.330    
    SLICE_X34Y26         RAMD32 (Hold_ramd32_CLK_WADR3)
                                                      0.240     1.570    dbg_hub/inst/BSCANID.u_xsdbm_id/CORE_XSDB.UUT_MASTER/U_ICON_INTERFACE/U_CMD6_WR/U_WR_FIFO/SUBCORE_FIFO.xsdbm_v3_0_0_wrfifo_inst/inst_fifo_gen/gconvfifo.rf/grf.rf/gntv_or_sync_fifo.mem/gdm.dm_gen.dm/RAM_reg_0_15_0_5/RAMB
  -------------------------------------------------------------------
                         required time                         -1.570    
                         arrival time                           1.681    
  -------------------------------------------------------------------
                         slack                                  0.110    

Slack (MET) :             0.110ns  (arrival time - required time)
  Source:                 dbg_hub/inst/BSCANID.u_xsdbm_id/CORE_XSDB.UUT_MASTER/U_ICON_INTERFACE/U_CMD6_WR/U_WR_FIFO/SUBCORE_FIFO.xsdbm_v3_0_0_wrfifo_inst/inst_fifo_gen/gconvfifo.rf/grf.rf/gntv_or_sync_fifo.gl0.wr/wpntr/gic0.gc0.count_d2_reg[3]/C
                            (rising edge-triggered cell FDCE clocked by dbg_hub/inst/BSCANID.u_xsdbm_id/SWITCH_N_EXT_BSCAN.bscan_inst/SERIES7_BSCAN.bscan_inst/TCK  {rise@0.000ns fall@16.500ns period=33.000ns})
  Destination:            dbg_hub/inst/BSCANID.u_xsdbm_id/CORE_XSDB.UUT_MASTER/U_ICON_INTERFACE/U_CMD6_WR/U_WR_FIFO/SUBCORE_FIFO.xsdbm_v3_0_0_wrfifo_inst/inst_fifo_gen/gconvfifo.rf/grf.rf/gntv_or_sync_fifo.mem/gdm.dm_gen.dm/RAM_reg_0_15_0_5/RAMB_D1/WADR3
                            (rising edge-triggered cell RAMD32 clocked by dbg_hub/inst/BSCANID.u_xsdbm_id/SWITCH_N_EXT_BSCAN.bscan_inst/SERIES7_BSCAN.bscan_inst/TCK  {rise@0.000ns fall@16.500ns period=33.000ns})
  Path Group:             dbg_hub/inst/BSCANID.u_xsdbm_id/SWITCH_N_EXT_BSCAN.bscan_inst/SERIES7_BSCAN.bscan_inst/TCK
  Path Type:              Hold (Min at Fast Process Corner)
  Requirement:            0.000ns  (dbg_hub/inst/BSCANID.u_xsdbm_id/SWITCH_N_EXT_BSCAN.bscan_inst/SERIES7_BSCAN.bscan_inst/TCK rise@0.000ns - dbg_hub/inst/BSCANID.u_xsdbm_id/SWITCH_N_EXT_BSCAN.bscan_inst/SERIES7_BSCAN.bscan_inst/TCK rise@0.000ns)
  Data Path Delay:        0.364ns  (logic 0.164ns (45.000%)  route 0.200ns (55.000%))
  Logic Levels:           0  
  Clock Path Skew:        0.014ns (DCD - SCD - CPR)
    Destination Clock Delay (DCD):    1.702ns
    Source Clock Delay      (SCD):    1.316ns
    Clock Pessimism Removal (CPR):    0.372ns

    Location             Delay type                Incr(ns)  Path(ns)    Netlist Resource(s)
  -------------------------------------------------------------------    -------------------
                         (clock dbg_hub/inst/BSCANID.u_xsdbm_id/SWITCH_N_EXT_BSCAN.bscan_inst/SERIES7_BSCAN.bscan_inst/TCK rise edge)
                                                      0.000     0.000 r  
    BSCAN_X0Y0           BSCANE2                      0.000     0.000 r  dbg_hub/inst/BSCANID.u_xsdbm_id/SWITCH_N_EXT_BSCAN.bscan_inst/SERIES7_BSCAN.bscan_inst/TCK
                         net (fo=1, routed)           0.742     0.742    dbg_hub/inst/BSCANID.u_xsdbm_id/tck_bs
    BUFGCTRL_X0Y1        BUFG (Prop_bufg_I_O)         0.026     0.768 r  dbg_hub/inst/BSCANID.u_xsdbm_id/SWITCH_N_EXT_BSCAN.u_bufg_icon_tck/O
                         net (fo=494, routed)         0.549     1.316    dbg_hub/inst/BSCANID.u_xsdbm_id/CORE_XSDB.UUT_MASTER/U_ICON_INTERFACE/U_CMD6_WR/U_WR_FIFO/SUBCORE_FIFO.xsdbm_v3_0_0_wrfifo_inst/inst_fifo_gen/gconvfifo.rf/grf.rf/gntv_or_sync_fifo.gl0.wr/wpntr/wr_clk
    SLICE_X34Y25         FDCE                                         r  dbg_hub/inst/BSCANID.u_xsdbm_id/CORE_XSDB.UUT_MASTER/U_ICON_INTERFACE/U_CMD6_WR/U_WR_FIFO/SUBCORE_FIFO.xsdbm_v3_0_0_wrfifo_inst/inst_fifo_gen/gconvfifo.rf/grf.rf/gntv_or_sync_fifo.gl0.wr/wpntr/gic0.gc0.count_d2_reg[3]/C
  -------------------------------------------------------------------    -------------------
    SLICE_X34Y25         FDCE (Prop_fdce_C_Q)         0.164     1.480 r  dbg_hub/inst/BSCANID.u_xsdbm_id/CORE_XSDB.UUT_MASTER/U_ICON_INTERFACE/U_CMD6_WR/U_WR_FIFO/SUBCORE_FIFO.xsdbm_v3_0_0_wrfifo_inst/inst_fifo_gen/gconvfifo.rf/grf.rf/gntv_or_sync_fifo.gl0.wr/wpntr/gic0.gc0.count_d2_reg[3]/Q
                         net (fo=26, routed)          0.200     1.681    dbg_hub/inst/BSCANID.u_xsdbm_id/CORE_XSDB.UUT_MASTER/U_ICON_INTERFACE/U_CMD6_WR/U_WR_FIFO/SUBCORE_FIFO.xsdbm_v3_0_0_wrfifo_inst/inst_fifo_gen/gconvfifo.rf/grf.rf/gntv_or_sync_fifo.mem/gdm.dm_gen.dm/RAM_reg_0_15_0_5/ADDRD3
    SLICE_X34Y26         RAMD32                                       r  dbg_hub/inst/BSCANID.u_xsdbm_id/CORE_XSDB.UUT_MASTER/U_ICON_INTERFACE/U_CMD6_WR/U_WR_FIFO/SUBCORE_FIFO.xsdbm_v3_0_0_wrfifo_inst/inst_fifo_gen/gconvfifo.rf/grf.rf/gntv_or_sync_fifo.mem/gdm.dm_gen.dm/RAM_reg_0_15_0_5/RAMB_D1/WADR3
  -------------------------------------------------------------------    -------------------

                         (clock dbg_hub/inst/BSCANID.u_xsdbm_id/SWITCH_N_EXT_BSCAN.bscan_inst/SERIES7_BSCAN.bscan_inst/TCK rise edge)
                                                      0.000     0.000 r  
    BSCAN_X0Y0           BSCANE2                      0.000     0.000 r  dbg_hub/inst/BSCANID.u_xsdbm_id/SWITCH_N_EXT_BSCAN.bscan_inst/SERIES7_BSCAN.bscan_inst/TCK
                         net (fo=1, routed)           0.858     0.858    dbg_hub/inst/BSCANID.u_xsdbm_id/tck_bs
    BUFGCTRL_X0Y1        BUFG (Prop_bufg_I_O)         0.029     0.887 r  dbg_hub/inst/BSCANID.u_xsdbm_id/SWITCH_N_EXT_BSCAN.u_bufg_icon_tck/O
                         net (fo=494, routed)         0.816     1.702    dbg_hub/inst/BSCANID.u_xsdbm_id/CORE_XSDB.UUT_MASTER/U_ICON_INTERFACE/U_CMD6_WR/U_WR_FIFO/SUBCORE_FIFO.xsdbm_v3_0_0_wrfifo_inst/inst_fifo_gen/gconvfifo.rf/grf.rf/gntv_or_sync_fifo.mem/gdm.dm_gen.dm/RAM_reg_0_15_0_5/WCLK
    SLICE_X34Y26         RAMD32                                       r  dbg_hub/inst/BSCANID.u_xsdbm_id/CORE_XSDB.UUT_MASTER/U_ICON_INTERFACE/U_CMD6_WR/U_WR_FIFO/SUBCORE_FIFO.xsdbm_v3_0_0_wrfifo_inst/inst_fifo_gen/gconvfifo.rf/grf.rf/gntv_or_sync_fifo.mem/gdm.dm_gen.dm/RAM_reg_0_15_0_5/RAMB_D1/CLK
                         clock pessimism             -0.372     1.330    
    SLICE_X34Y26         RAMD32 (Hold_ramd32_CLK_WADR3)
                                                      0.240     1.570    dbg_hub/inst/BSCANID.u_xsdbm_id/CORE_XSDB.UUT_MASTER/U_ICON_INTERFACE/U_CMD6_WR/U_WR_FIFO/SUBCORE_FIFO.xsdbm_v3_0_0_wrfifo_inst/inst_fifo_gen/gconvfifo.rf/grf.rf/gntv_or_sync_fifo.mem/gdm.dm_gen.dm/RAM_reg_0_15_0_5/RAMB_D1
  -------------------------------------------------------------------
                         required time                         -1.570    
                         arrival time                           1.681    
  -------------------------------------------------------------------
                         slack                                  0.110    

Slack (MET) :             0.110ns  (arrival time - required time)
  Source:                 dbg_hub/inst/BSCANID.u_xsdbm_id/CORE_XSDB.UUT_MASTER/U_ICON_INTERFACE/U_CMD6_WR/U_WR_FIFO/SUBCORE_FIFO.xsdbm_v3_0_0_wrfifo_inst/inst_fifo_gen/gconvfifo.rf/grf.rf/gntv_or_sync_fifo.gl0.wr/wpntr/gic0.gc0.count_d2_reg[3]/C
                            (rising edge-triggered cell FDCE clocked by dbg_hub/inst/BSCANID.u_xsdbm_id/SWITCH_N_EXT_BSCAN.bscan_inst/SERIES7_BSCAN.bscan_inst/TCK  {rise@0.000ns fall@16.500ns period=33.000ns})
  Destination:            dbg_hub/inst/BSCANID.u_xsdbm_id/CORE_XSDB.UUT_MASTER/U_ICON_INTERFACE/U_CMD6_WR/U_WR_FIFO/SUBCORE_FIFO.xsdbm_v3_0_0_wrfifo_inst/inst_fifo_gen/gconvfifo.rf/grf.rf/gntv_or_sync_fifo.mem/gdm.dm_gen.dm/RAM_reg_0_15_0_5/RAMC/WADR3
                            (rising edge-triggered cell RAMD32 clocked by dbg_hub/inst/BSCANID.u_xsdbm_id/SWITCH_N_EXT_BSCAN.bscan_inst/SERIES7_BSCAN.bscan_inst/TCK  {rise@0.000ns fall@16.500ns period=33.000ns})
  Path Group:             dbg_hub/inst/BSCANID.u_xsdbm_id/SWITCH_N_EXT_BSCAN.bscan_inst/SERIES7_BSCAN.bscan_inst/TCK
  Path Type:              Hold (Min at Fast Process Corner)
  Requirement:            0.000ns  (dbg_hub/inst/BSCANID.u_xsdbm_id/SWITCH_N_EXT_BSCAN.bscan_inst/SERIES7_BSCAN.bscan_inst/TCK rise@0.000ns - dbg_hub/inst/BSCANID.u_xsdbm_id/SWITCH_N_EXT_BSCAN.bscan_inst/SERIES7_BSCAN.bscan_inst/TCK rise@0.000ns)
  Data Path Delay:        0.364ns  (logic 0.164ns (45.000%)  route 0.200ns (55.000%))
  Logic Levels:           0  
  Clock Path Skew:        0.014ns (DCD - SCD - CPR)
    Destination Clock Delay (DCD):    1.702ns
    Source Clock Delay      (SCD):    1.316ns
    Clock Pessimism Removal (CPR):    0.372ns

    Location             Delay type                Incr(ns)  Path(ns)    Netlist Resource(s)
  -------------------------------------------------------------------    -------------------
                         (clock dbg_hub/inst/BSCANID.u_xsdbm_id/SWITCH_N_EXT_BSCAN.bscan_inst/SERIES7_BSCAN.bscan_inst/TCK rise edge)
                                                      0.000     0.000 r  
    BSCAN_X0Y0           BSCANE2                      0.000     0.000 r  dbg_hub/inst/BSCANID.u_xsdbm_id/SWITCH_N_EXT_BSCAN.bscan_inst/SERIES7_BSCAN.bscan_inst/TCK
                         net (fo=1, routed)           0.742     0.742    dbg_hub/inst/BSCANID.u_xsdbm_id/tck_bs
    BUFGCTRL_X0Y1        BUFG (Prop_bufg_I_O)         0.026     0.768 r  dbg_hub/inst/BSCANID.u_xsdbm_id/SWITCH_N_EXT_BSCAN.u_bufg_icon_tck/O
                         net (fo=494, routed)         0.549     1.316    dbg_hub/inst/BSCANID.u_xsdbm_id/CORE_XSDB.UUT_MASTER/U_ICON_INTERFACE/U_CMD6_WR/U_WR_FIFO/SUBCORE_FIFO.xsdbm_v3_0_0_wrfifo_inst/inst_fifo_gen/gconvfifo.rf/grf.rf/gntv_or_sync_fifo.gl0.wr/wpntr/wr_clk
    SLICE_X34Y25         FDCE                                         r  dbg_hub/inst/BSCANID.u_xsdbm_id/CORE_XSDB.UUT_MASTER/U_ICON_INTERFACE/U_CMD6_WR/U_WR_FIFO/SUBCORE_FIFO.xsdbm_v3_0_0_wrfifo_inst/inst_fifo_gen/gconvfifo.rf/grf.rf/gntv_or_sync_fifo.gl0.wr/wpntr/gic0.gc0.count_d2_reg[3]/C
  -------------------------------------------------------------------    -------------------
    SLICE_X34Y25         FDCE (Prop_fdce_C_Q)         0.164     1.480 r  dbg_hub/inst/BSCANID.u_xsdbm_id/CORE_XSDB.UUT_MASTER/U_ICON_INTERFACE/U_CMD6_WR/U_WR_FIFO/SUBCORE_FIFO.xsdbm_v3_0_0_wrfifo_inst/inst_fifo_gen/gconvfifo.rf/grf.rf/gntv_or_sync_fifo.gl0.wr/wpntr/gic0.gc0.count_d2_reg[3]/Q
                         net (fo=26, routed)          0.200     1.681    dbg_hub/inst/BSCANID.u_xsdbm_id/CORE_XSDB.UUT_MASTER/U_ICON_INTERFACE/U_CMD6_WR/U_WR_FIFO/SUBCORE_FIFO.xsdbm_v3_0_0_wrfifo_inst/inst_fifo_gen/gconvfifo.rf/grf.rf/gntv_or_sync_fifo.mem/gdm.dm_gen.dm/RAM_reg_0_15_0_5/ADDRD3
    SLICE_X34Y26         RAMD32                                       r  dbg_hub/inst/BSCANID.u_xsdbm_id/CORE_XSDB.UUT_MASTER/U_ICON_INTERFACE/U_CMD6_WR/U_WR_FIFO/SUBCORE_FIFO.xsdbm_v3_0_0_wrfifo_inst/inst_fifo_gen/gconvfifo.rf/grf.rf/gntv_or_sync_fifo.mem/gdm.dm_gen.dm/RAM_reg_0_15_0_5/RAMC/WADR3
  -------------------------------------------------------------------    -------------------

                         (clock dbg_hub/inst/BSCANID.u_xsdbm_id/SWITCH_N_EXT_BSCAN.bscan_inst/SERIES7_BSCAN.bscan_inst/TCK rise edge)
                                                      0.000     0.000 r  
    BSCAN_X0Y0           BSCANE2                      0.000     0.000 r  dbg_hub/inst/BSCANID.u_xsdbm_id/SWITCH_N_EXT_BSCAN.bscan_inst/SERIES7_BSCAN.bscan_inst/TCK
                         net (fo=1, routed)           0.858     0.858    dbg_hub/inst/BSCANID.u_xsdbm_id/tck_bs
    BUFGCTRL_X0Y1        BUFG (Prop_bufg_I_O)         0.029     0.887 r  dbg_hub/inst/BSCANID.u_xsdbm_id/SWITCH_N_EXT_BSCAN.u_bufg_icon_tck/O
                         net (fo=494, routed)         0.816     1.702    dbg_hub/inst/BSCANID.u_xsdbm_id/CORE_XSDB.UUT_MASTER/U_ICON_INTERFACE/U_CMD6_WR/U_WR_FIFO/SUBCORE_FIFO.xsdbm_v3_0_0_wrfifo_inst/inst_fifo_gen/gconvfifo.rf/grf.rf/gntv_or_sync_fifo.mem/gdm.dm_gen.dm/RAM_reg_0_15_0_5/WCLK
    SLICE_X34Y26         RAMD32                                       r  dbg_hub/inst/BSCANID.u_xsdbm_id/CORE_XSDB.UUT_MASTER/U_ICON_INTERFACE/U_CMD6_WR/U_WR_FIFO/SUBCORE_FIFO.xsdbm_v3_0_0_wrfifo_inst/inst_fifo_gen/gconvfifo.rf/grf.rf/gntv_or_sync_fifo.mem/gdm.dm_gen.dm/RAM_reg_0_15_0_5/RAMC/CLK
                         clock pessimism             -0.372     1.330    
    SLICE_X34Y26         RAMD32 (Hold_ramd32_CLK_WADR3)
                                                      0.240     1.570    dbg_hub/inst/BSCANID.u_xsdbm_id/CORE_XSDB.UUT_MASTER/U_ICON_INTERFACE/U_CMD6_WR/U_WR_FIFO/SUBCORE_FIFO.xsdbm_v3_0_0_wrfifo_inst/inst_fifo_gen/gconvfifo.rf/grf.rf/gntv_or_sync_fifo.mem/gdm.dm_gen.dm/RAM_reg_0_15_0_5/RAMC
  -------------------------------------------------------------------
                         required time                         -1.570    
                         arrival time                           1.681    
  -------------------------------------------------------------------
                         slack                                  0.110    

Slack (MET) :             0.110ns  (arrival time - required time)
  Source:                 dbg_hub/inst/BSCANID.u_xsdbm_id/CORE_XSDB.UUT_MASTER/U_ICON_INTERFACE/U_CMD6_WR/U_WR_FIFO/SUBCORE_FIFO.xsdbm_v3_0_0_wrfifo_inst/inst_fifo_gen/gconvfifo.rf/grf.rf/gntv_or_sync_fifo.gl0.wr/wpntr/gic0.gc0.count_d2_reg[3]/C
                            (rising edge-triggered cell FDCE clocked by dbg_hub/inst/BSCANID.u_xsdbm_id/SWITCH_N_EXT_BSCAN.bscan_inst/SERIES7_BSCAN.bscan_inst/TCK  {rise@0.000ns fall@16.500ns period=33.000ns})
  Destination:            dbg_hub/inst/BSCANID.u_xsdbm_id/CORE_XSDB.UUT_MASTER/U_ICON_INTERFACE/U_CMD6_WR/U_WR_FIFO/SUBCORE_FIFO.xsdbm_v3_0_0_wrfifo_inst/inst_fifo_gen/gconvfifo.rf/grf.rf/gntv_or_sync_fifo.mem/gdm.dm_gen.dm/RAM_reg_0_15_0_5/RAMC_D1/WADR3
                            (rising edge-triggered cell RAMD32 clocked by dbg_hub/inst/BSCANID.u_xsdbm_id/SWITCH_N_EXT_BSCAN.bscan_inst/SERIES7_BSCAN.bscan_inst/TCK  {rise@0.000ns fall@16.500ns period=33.000ns})
  Path Group:             dbg_hub/inst/BSCANID.u_xsdbm_id/SWITCH_N_EXT_BSCAN.bscan_inst/SERIES7_BSCAN.bscan_inst/TCK
  Path Type:              Hold (Min at Fast Process Corner)
  Requirement:            0.000ns  (dbg_hub/inst/BSCANID.u_xsdbm_id/SWITCH_N_EXT_BSCAN.bscan_inst/SERIES7_BSCAN.bscan_inst/TCK rise@0.000ns - dbg_hub/inst/BSCANID.u_xsdbm_id/SWITCH_N_EXT_BSCAN.bscan_inst/SERIES7_BSCAN.bscan_inst/TCK rise@0.000ns)
  Data Path Delay:        0.364ns  (logic 0.164ns (45.000%)  route 0.200ns (55.000%))
  Logic Levels:           0  
  Clock Path Skew:        0.014ns (DCD - SCD - CPR)
    Destination Clock Delay (DCD):    1.702ns
    Source Clock Delay      (SCD):    1.316ns
    Clock Pessimism Removal (CPR):    0.372ns

    Location             Delay type                Incr(ns)  Path(ns)    Netlist Resource(s)
  -------------------------------------------------------------------    -------------------
                         (clock dbg_hub/inst/BSCANID.u_xsdbm_id/SWITCH_N_EXT_BSCAN.bscan_inst/SERIES7_BSCAN.bscan_inst/TCK rise edge)
                                                      0.000     0.000 r  
    BSCAN_X0Y0           BSCANE2                      0.000     0.000 r  dbg_hub/inst/BSCANID.u_xsdbm_id/SWITCH_N_EXT_BSCAN.bscan_inst/SERIES7_BSCAN.bscan_inst/TCK
                         net (fo=1, routed)           0.742     0.742    dbg_hub/inst/BSCANID.u_xsdbm_id/tck_bs
    BUFGCTRL_X0Y1        BUFG (Prop_bufg_I_O)         0.026     0.768 r  dbg_hub/inst/BSCANID.u_xsdbm_id/SWITCH_N_EXT_BSCAN.u_bufg_icon_tck/O
                         net (fo=494, routed)         0.549     1.316    dbg_hub/inst/BSCANID.u_xsdbm_id/CORE_XSDB.UUT_MASTER/U_ICON_INTERFACE/U_CMD6_WR/U_WR_FIFO/SUBCORE_FIFO.xsdbm_v3_0_0_wrfifo_inst/inst_fifo_gen/gconvfifo.rf/grf.rf/gntv_or_sync_fifo.gl0.wr/wpntr/wr_clk
    SLICE_X34Y25         FDCE                                         r  dbg_hub/inst/BSCANID.u_xsdbm_id/CORE_XSDB.UUT_MASTER/U_ICON_INTERFACE/U_CMD6_WR/U_WR_FIFO/SUBCORE_FIFO.xsdbm_v3_0_0_wrfifo_inst/inst_fifo_gen/gconvfifo.rf/grf.rf/gntv_or_sync_fifo.gl0.wr/wpntr/gic0.gc0.count_d2_reg[3]/C
  -------------------------------------------------------------------    -------------------
    SLICE_X34Y25         FDCE (Prop_fdce_C_Q)         0.164     1.480 r  dbg_hub/inst/BSCANID.u_xsdbm_id/CORE_XSDB.UUT_MASTER/U_ICON_INTERFACE/U_CMD6_WR/U_WR_FIFO/SUBCORE_FIFO.xsdbm_v3_0_0_wrfifo_inst/inst_fifo_gen/gconvfifo.rf/grf.rf/gntv_or_sync_fifo.gl0.wr/wpntr/gic0.gc0.count_d2_reg[3]/Q
                         net (fo=26, routed)          0.200     1.681    dbg_hub/inst/BSCANID.u_xsdbm_id/CORE_XSDB.UUT_MASTER/U_ICON_INTERFACE/U_CMD6_WR/U_WR_FIFO/SUBCORE_FIFO.xsdbm_v3_0_0_wrfifo_inst/inst_fifo_gen/gconvfifo.rf/grf.rf/gntv_or_sync_fifo.mem/gdm.dm_gen.dm/RAM_reg_0_15_0_5/ADDRD3
    SLICE_X34Y26         RAMD32                                       r  dbg_hub/inst/BSCANID.u_xsdbm_id/CORE_XSDB.UUT_MASTER/U_ICON_INTERFACE/U_CMD6_WR/U_WR_FIFO/SUBCORE_FIFO.xsdbm_v3_0_0_wrfifo_inst/inst_fifo_gen/gconvfifo.rf/grf.rf/gntv_or_sync_fifo.mem/gdm.dm_gen.dm/RAM_reg_0_15_0_5/RAMC_D1/WADR3
  -------------------------------------------------------------------    -------------------

                         (clock dbg_hub/inst/BSCANID.u_xsdbm_id/SWITCH_N_EXT_BSCAN.bscan_inst/SERIES7_BSCAN.bscan_inst/TCK rise edge)
                                                      0.000     0.000 r  
    BSCAN_X0Y0           BSCANE2                      0.000     0.000 r  dbg_hub/inst/BSCANID.u_xsdbm_id/SWITCH_N_EXT_BSCAN.bscan_inst/SERIES7_BSCAN.bscan_inst/TCK
                         net (fo=1, routed)           0.858     0.858    dbg_hub/inst/BSCANID.u_xsdbm_id/tck_bs
    BUFGCTRL_X0Y1        BUFG (Prop_bufg_I_O)         0.029     0.887 r  dbg_hub/inst/BSCANID.u_xsdbm_id/SWITCH_N_EXT_BSCAN.u_bufg_icon_tck/O
                         net (fo=494, routed)         0.816     1.702    dbg_hub/inst/BSCANID.u_xsdbm_id/CORE_XSDB.UUT_MASTER/U_ICON_INTERFACE/U_CMD6_WR/U_WR_FIFO/SUBCORE_FIFO.xsdbm_v3_0_0_wrfifo_inst/inst_fifo_gen/gconvfifo.rf/grf.rf/gntv_or_sync_fifo.mem/gdm.dm_gen.dm/RAM_reg_0_15_0_5/WCLK
    SLICE_X34Y26         RAMD32                                       r  dbg_hub/inst/BSCANID.u_xsdbm_id/CORE_XSDB.UUT_MASTER/U_ICON_INTERFACE/U_CMD6_WR/U_WR_FIFO/SUBCORE_FIFO.xsdbm_v3_0_0_wrfifo_inst/inst_fifo_gen/gconvfifo.rf/grf.rf/gntv_or_sync_fifo.mem/gdm.dm_gen.dm/RAM_reg_0_15_0_5/RAMC_D1/CLK
                         clock pessimism             -0.372     1.330    
    SLICE_X34Y26         RAMD32 (Hold_ramd32_CLK_WADR3)
                                                      0.240     1.570    dbg_hub/inst/BSCANID.u_xsdbm_id/CORE_XSDB.UUT_MASTER/U_ICON_INTERFACE/U_CMD6_WR/U_WR_FIFO/SUBCORE_FIFO.xsdbm_v3_0_0_wrfifo_inst/inst_fifo_gen/gconvfifo.rf/grf.rf/gntv_or_sync_fifo.mem/gdm.dm_gen.dm/RAM_reg_0_15_0_5/RAMC_D1
  -------------------------------------------------------------------
                         required time                         -1.570    
                         arrival time                           1.681    
  -------------------------------------------------------------------
                         slack                                  0.110    

Slack (MET) :             0.110ns  (arrival time - required time)
  Source:                 dbg_hub/inst/BSCANID.u_xsdbm_id/CORE_XSDB.UUT_MASTER/U_ICON_INTERFACE/U_CMD6_WR/U_WR_FIFO/SUBCORE_FIFO.xsdbm_v3_0_0_wrfifo_inst/inst_fifo_gen/gconvfifo.rf/grf.rf/gntv_or_sync_fifo.gl0.wr/wpntr/gic0.gc0.count_d2_reg[3]/C
                            (rising edge-triggered cell FDCE clocked by dbg_hub/inst/BSCANID.u_xsdbm_id/SWITCH_N_EXT_BSCAN.bscan_inst/SERIES7_BSCAN.bscan_inst/TCK  {rise@0.000ns fall@16.500ns period=33.000ns})
  Destination:            dbg_hub/inst/BSCANID.u_xsdbm_id/CORE_XSDB.UUT_MASTER/U_ICON_INTERFACE/U_CMD6_WR/U_WR_FIFO/SUBCORE_FIFO.xsdbm_v3_0_0_wrfifo_inst/inst_fifo_gen/gconvfifo.rf/grf.rf/gntv_or_sync_fifo.mem/gdm.dm_gen.dm/RAM_reg_0_15_0_5/RAMD/ADR3
                            (rising edge-triggered cell RAMS32 clocked by dbg_hub/inst/BSCANID.u_xsdbm_id/SWITCH_N_EXT_BSCAN.bscan_inst/SERIES7_BSCAN.bscan_inst/TCK  {rise@0.000ns fall@16.500ns period=33.000ns})
  Path Group:             dbg_hub/inst/BSCANID.u_xsdbm_id/SWITCH_N_EXT_BSCAN.bscan_inst/SERIES7_BSCAN.bscan_inst/TCK
  Path Type:              Hold (Min at Fast Process Corner)
  Requirement:            0.000ns  (dbg_hub/inst/BSCANID.u_xsdbm_id/SWITCH_N_EXT_BSCAN.bscan_inst/SERIES7_BSCAN.bscan_inst/TCK rise@0.000ns - dbg_hub/inst/BSCANID.u_xsdbm_id/SWITCH_N_EXT_BSCAN.bscan_inst/SERIES7_BSCAN.bscan_inst/TCK rise@0.000ns)
  Data Path Delay:        0.364ns  (logic 0.164ns (45.000%)  route 0.200ns (55.000%))
  Logic Levels:           0  
  Clock Path Skew:        0.014ns (DCD - SCD - CPR)
    Destination Clock Delay (DCD):    1.702ns
    Source Clock Delay      (SCD):    1.316ns
    Clock Pessimism Removal (CPR):    0.372ns

    Location             Delay type                Incr(ns)  Path(ns)    Netlist Resource(s)
  -------------------------------------------------------------------    -------------------
                         (clock dbg_hub/inst/BSCANID.u_xsdbm_id/SWITCH_N_EXT_BSCAN.bscan_inst/SERIES7_BSCAN.bscan_inst/TCK rise edge)
                                                      0.000     0.000 r  
    BSCAN_X0Y0           BSCANE2                      0.000     0.000 r  dbg_hub/inst/BSCANID.u_xsdbm_id/SWITCH_N_EXT_BSCAN.bscan_inst/SERIES7_BSCAN.bscan_inst/TCK
                         net (fo=1, routed)           0.742     0.742    dbg_hub/inst/BSCANID.u_xsdbm_id/tck_bs
    BUFGCTRL_X0Y1        BUFG (Prop_bufg_I_O)         0.026     0.768 r  dbg_hub/inst/BSCANID.u_xsdbm_id/SWITCH_N_EXT_BSCAN.u_bufg_icon_tck/O
                         net (fo=494, routed)         0.549     1.316    dbg_hub/inst/BSCANID.u_xsdbm_id/CORE_XSDB.UUT_MASTER/U_ICON_INTERFACE/U_CMD6_WR/U_WR_FIFO/SUBCORE_FIFO.xsdbm_v3_0_0_wrfifo_inst/inst_fifo_gen/gconvfifo.rf/grf.rf/gntv_or_sync_fifo.gl0.wr/wpntr/wr_clk
    SLICE_X34Y25         FDCE                                         r  dbg_hub/inst/BSCANID.u_xsdbm_id/CORE_XSDB.UUT_MASTER/U_ICON_INTERFACE/U_CMD6_WR/U_WR_FIFO/SUBCORE_FIFO.xsdbm_v3_0_0_wrfifo_inst/inst_fifo_gen/gconvfifo.rf/grf.rf/gntv_or_sync_fifo.gl0.wr/wpntr/gic0.gc0.count_d2_reg[3]/C
  -------------------------------------------------------------------    -------------------
    SLICE_X34Y25         FDCE (Prop_fdce_C_Q)         0.164     1.480 r  dbg_hub/inst/BSCANID.u_xsdbm_id/CORE_XSDB.UUT_MASTER/U_ICON_INTERFACE/U_CMD6_WR/U_WR_FIFO/SUBCORE_FIFO.xsdbm_v3_0_0_wrfifo_inst/inst_fifo_gen/gconvfifo.rf/grf.rf/gntv_or_sync_fifo.gl0.wr/wpntr/gic0.gc0.count_d2_reg[3]/Q
                         net (fo=26, routed)          0.200     1.681    dbg_hub/inst/BSCANID.u_xsdbm_id/CORE_XSDB.UUT_MASTER/U_ICON_INTERFACE/U_CMD6_WR/U_WR_FIFO/SUBCORE_FIFO.xsdbm_v3_0_0_wrfifo_inst/inst_fifo_gen/gconvfifo.rf/grf.rf/gntv_or_sync_fifo.mem/gdm.dm_gen.dm/RAM_reg_0_15_0_5/ADDRD3
    SLICE_X34Y26         RAMS32                                       r  dbg_hub/inst/BSCANID.u_xsdbm_id/CORE_XSDB.UUT_MASTER/U_ICON_INTERFACE/U_CMD6_WR/U_WR_FIFO/SUBCORE_FIFO.xsdbm_v3_0_0_wrfifo_inst/inst_fifo_gen/gconvfifo.rf/grf.rf/gntv_or_sync_fifo.mem/gdm.dm_gen.dm/RAM_reg_0_15_0_5/RAMD/ADR3
  -------------------------------------------------------------------    -------------------

                         (clock dbg_hub/inst/BSCANID.u_xsdbm_id/SWITCH_N_EXT_BSCAN.bscan_inst/SERIES7_BSCAN.bscan_inst/TCK rise edge)
                                                      0.000     0.000 r  
    BSCAN_X0Y0           BSCANE2                      0.000     0.000 r  dbg_hub/inst/BSCANID.u_xsdbm_id/SWITCH_N_EXT_BSCAN.bscan_inst/SERIES7_BSCAN.bscan_inst/TCK
                         net (fo=1, routed)           0.858     0.858    dbg_hub/inst/BSCANID.u_xsdbm_id/tck_bs
    BUFGCTRL_X0Y1        BUFG (Prop_bufg_I_O)         0.029     0.887 r  dbg_hub/inst/BSCANID.u_xsdbm_id/SWITCH_N_EXT_BSCAN.u_bufg_icon_tck/O
                         net (fo=494, routed)         0.816     1.702    dbg_hub/inst/BSCANID.u_xsdbm_id/CORE_XSDB.UUT_MASTER/U_ICON_INTERFACE/U_CMD6_WR/U_WR_FIFO/SUBCORE_FIFO.xsdbm_v3_0_0_wrfifo_inst/inst_fifo_gen/gconvfifo.rf/grf.rf/gntv_or_sync_fifo.mem/gdm.dm_gen.dm/RAM_reg_0_15_0_5/WCLK
    SLICE_X34Y26         RAMS32                                       r  dbg_hub/inst/BSCANID.u_xsdbm_id/CORE_XSDB.UUT_MASTER/U_ICON_INTERFACE/U_CMD6_WR/U_WR_FIFO/SUBCORE_FIFO.xsdbm_v3_0_0_wrfifo_inst/inst_fifo_gen/gconvfifo.rf/grf.rf/gntv_or_sync_fifo.mem/gdm.dm_gen.dm/RAM_reg_0_15_0_5/RAMD/CLK
                         clock pessimism             -0.372     1.330    
    SLICE_X34Y26         RAMS32 (Hold_rams32_CLK_ADR3)
                                                      0.240     1.570    dbg_hub/inst/BSCANID.u_xsdbm_id/CORE_XSDB.UUT_MASTER/U_ICON_INTERFACE/U_CMD6_WR/U_WR_FIFO/SUBCORE_FIFO.xsdbm_v3_0_0_wrfifo_inst/inst_fifo_gen/gconvfifo.rf/grf.rf/gntv_or_sync_fifo.mem/gdm.dm_gen.dm/RAM_reg_0_15_0_5/RAMD
  -------------------------------------------------------------------
                         required time                         -1.570    
                         arrival time                           1.681    
  -------------------------------------------------------------------
                         slack                                  0.110    





Pulse Width Checks
--------------------------------------------------------------------------------------
Clock Name:         dbg_hub/inst/BSCANID.u_xsdbm_id/SWITCH_N_EXT_BSCAN.bscan_inst/SERIES7_BSCAN.bscan_inst/TCK
Waveform(ns):       { 0.000 16.500 }
Period(ns):         33.000
Sources:            { dbg_hub/inst/BSCANID.u_xsdbm_id/SWITCH_N_EXT_BSCAN.bscan_inst/SERIES7_BSCAN.bscan_inst/TCK }

Check Type        Corner  Lib Pin     Reference Pin  Required(ns)  Actual(ns)  Slack(ns)  Location       Pin
Min Period        n/a     BUFG/I      n/a            2.155         33.000      30.845     BUFGCTRL_X0Y1  dbg_hub/inst/BSCANID.u_xsdbm_id/SWITCH_N_EXT_BSCAN.u_bufg_icon_tck/I
Min Period        n/a     FDRE/C      n/a            1.000         33.000      32.000     SLICE_X36Y23   dbg_hub/inst/BSCANID.u_xsdbm_id/CORE_XSDB.UUT_MASTER/U_ICON_INTERFACE/U_CMD1/icn_cmd_din_temp_reg/C
Min Period        n/a     FDRE/C      n/a            1.000         33.000      32.000     SLICE_X32Y24   dbg_hub/inst/BSCANID.u_xsdbm_id/CORE_XSDB.UUT_MASTER/U_ICON_INTERFACE/U_CMD1/icn_cmd_en_temp_reg/C
Min Period        n/a     FDRE/C      n/a            1.000         33.000      32.000     SLICE_X34Y23   dbg_hub/inst/BSCANID.u_xsdbm_id/CORE_XSDB.UUT_MASTER/U_ICON_INTERFACE/U_CMD1/shift_reg_in_reg[0]/C
Min Period        n/a     FDRE/C      n/a            1.000         33.000      32.000     SLICE_X34Y23   dbg_hub/inst/BSCANID.u_xsdbm_id/CORE_XSDB.UUT_MASTER/U_ICON_INTERFACE/U_CMD1/shift_reg_in_reg[1]/C
Min Period        n/a     FDRE/C      n/a            1.000         33.000      32.000     SLICE_X34Y23   dbg_hub/inst/BSCANID.u_xsdbm_id/CORE_XSDB.UUT_MASTER/U_ICON_INTERFACE/U_CMD1/shift_reg_in_reg[2]/C
Min Period        n/a     FDRE/C      n/a            1.000         33.000      32.000     SLICE_X34Y23   dbg_hub/inst/BSCANID.u_xsdbm_id/CORE_XSDB.UUT_MASTER/U_ICON_INTERFACE/U_CMD1/shift_reg_in_reg[3]/C
Min Period        n/a     FDRE/C      n/a            1.000         33.000      32.000     SLICE_X34Y23   dbg_hub/inst/BSCANID.u_xsdbm_id/CORE_XSDB.UUT_MASTER/U_ICON_INTERFACE/U_CMD1/shift_reg_in_reg[4]/C
Min Period        n/a     FDRE/C      n/a            1.000         33.000      32.000     SLICE_X38Y27   dbg_hub/inst/BSCANID.u_xsdbm_id/CORE_XSDB.UUT_MASTER/U_ICON_INTERFACE/U_CMD2/icn_cmd_din_temp_reg/C
Min Period        n/a     FDRE/C      n/a            1.000         33.000      32.000     SLICE_X36Y27   dbg_hub/inst/BSCANID.u_xsdbm_id/CORE_XSDB.UUT_MASTER/U_ICON_INTERFACE/U_CMD2/icn_cmd_en_temp_reg/C
Low Pulse Width   Slow    RAMD32/CLK  n/a            1.250         16.500      15.250     SLICE_X34Y27   dbg_hub/inst/BSCANID.u_xsdbm_id/CORE_XSDB.UUT_MASTER/U_ICON_INTERFACE/U_CMD6_WR/U_WR_FIFO/SUBCORE_FIFO.xsdbm_v3_0_0_wrfifo_inst/inst_fifo_gen/gconvfifo.rf/grf.rf/gntv_or_sync_fifo.mem/gdm.dm_gen.dm/RAM_reg_0_15_12_15/RAMA/CLK
Low Pulse Width   Slow    RAMD32/CLK  n/a            1.250         16.500      15.250     SLICE_X34Y27   dbg_hub/inst/BSCANID.u_xsdbm_id/CORE_XSDB.UUT_MASTER/U_ICON_INTERFACE/U_CMD6_WR/U_WR_FIFO/SUBCORE_FIFO.xsdbm_v3_0_0_wrfifo_inst/inst_fifo_gen/gconvfifo.rf/grf.rf/gntv_or_sync_fifo.mem/gdm.dm_gen.dm/RAM_reg_0_15_12_15/RAMA_D1/CLK
Low Pulse Width   Slow    RAMD32/CLK  n/a            1.250         16.500      15.250     SLICE_X34Y27   dbg_hub/inst/BSCANID.u_xsdbm_id/CORE_XSDB.UUT_MASTER/U_ICON_INTERFACE/U_CMD6_WR/U_WR_FIFO/SUBCORE_FIFO.xsdbm_v3_0_0_wrfifo_inst/inst_fifo_gen/gconvfifo.rf/grf.rf/gntv_or_sync_fifo.mem/gdm.dm_gen.dm/RAM_reg_0_15_12_15/RAMB/CLK
Low Pulse Width   Slow    RAMD32/CLK  n/a            1.250         16.500      15.250     SLICE_X34Y27   dbg_hub/inst/BSCANID.u_xsdbm_id/CORE_XSDB.UUT_MASTER/U_ICON_INTERFACE/U_CMD6_WR/U_WR_FIFO/SUBCORE_FIFO.xsdbm_v3_0_0_wrfifo_inst/inst_fifo_gen/gconvfifo.rf/grf.rf/gntv_or_sync_fifo.mem/gdm.dm_gen.dm/RAM_reg_0_15_12_15/RAMB_D1/CLK
Low Pulse Width   Slow    RAMD32/CLK  n/a            1.250         16.500      15.250     SLICE_X34Y27   dbg_hub/inst/BSCANID.u_xsdbm_id/CORE_XSDB.UUT_MASTER/U_ICON_INTERFACE/U_CMD6_WR/U_WR_FIFO/SUBCORE_FIFO.xsdbm_v3_0_0_wrfifo_inst/inst_fifo_gen/gconvfifo.rf/grf.rf/gntv_or_sync_fifo.mem/gdm.dm_gen.dm/RAM_reg_0_15_12_15/RAMC/CLK
Low Pulse Width   Slow    RAMD32/CLK  n/a            1.250         16.500      15.250     SLICE_X34Y27   dbg_hub/inst/BSCANID.u_xsdbm_id/CORE_XSDB.UUT_MASTER/U_ICON_INTERFACE/U_CMD6_WR/U_WR_FIFO/SUBCORE_FIFO.xsdbm_v3_0_0_wrfifo_inst/inst_fifo_gen/gconvfifo.rf/grf.rf/gntv_or_sync_fifo.mem/gdm.dm_gen.dm/RAM_reg_0_15_12_15/RAMC_D1/CLK
Low Pulse Width   Slow    RAMS32/CLK  n/a            1.250         16.500      15.250     SLICE_X34Y27   dbg_hub/inst/BSCANID.u_xsdbm_id/CORE_XSDB.UUT_MASTER/U_ICON_INTERFACE/U_CMD6_WR/U_WR_FIFO/SUBCORE_FIFO.xsdbm_v3_0_0_wrfifo_inst/inst_fifo_gen/gconvfifo.rf/grf.rf/gntv_or_sync_fifo.mem/gdm.dm_gen.dm/RAM_reg_0_15_12_15/RAMD/CLK
Low Pulse Width   Slow    RAMS32/CLK  n/a            1.250         16.500      15.250     SLICE_X34Y27   dbg_hub/inst/BSCANID.u_xsdbm_id/CORE_XSDB.UUT_MASTER/U_ICON_INTERFACE/U_CMD6_WR/U_WR_FIFO/SUBCORE_FIFO.xsdbm_v3_0_0_wrfifo_inst/inst_fifo_gen/gconvfifo.rf/grf.rf/gntv_or_sync_fifo.mem/gdm.dm_gen.dm/RAM_reg_0_15_12_15/RAMD_D1/CLK
Low Pulse Width   Slow    RAMD32/CLK  n/a            1.250         16.500      15.250     SLICE_X34Y26   dbg_hub/inst/BSCANID.u_xsdbm_id/CORE_XSDB.UUT_MASTER/U_ICON_INTERFACE/U_CMD6_WR/U_WR_FIFO/SUBCORE_FIFO.xsdbm_v3_0_0_wrfifo_inst/inst_fifo_gen/gconvfifo.rf/grf.rf/gntv_or_sync_fifo.mem/gdm.dm_gen.dm/RAM_reg_0_15_0_5/RAMA/CLK
Low Pulse Width   Fast    RAMD32/CLK  n/a            1.250         16.500      15.250     SLICE_X34Y26   dbg_hub/inst/BSCANID.u_xsdbm_id/CORE_XSDB.UUT_MASTER/U_ICON_INTERFACE/U_CMD6_WR/U_WR_FIFO/SUBCORE_FIFO.xsdbm_v3_0_0_wrfifo_inst/inst_fifo_gen/gconvfifo.rf/grf.rf/gntv_or_sync_fifo.mem/gdm.dm_gen.dm/RAM_reg_0_15_0_5/RAMA/CLK
High Pulse Width  Slow    RAMD32/CLK  n/a            1.250         16.500      15.250     SLICE_X34Y26   dbg_hub/inst/BSCANID.u_xsdbm_id/CORE_XSDB.UUT_MASTER/U_ICON_INTERFACE/U_CMD6_WR/U_WR_FIFO/SUBCORE_FIFO.xsdbm_v3_0_0_wrfifo_inst/inst_fifo_gen/gconvfifo.rf/grf.rf/gntv_or_sync_fifo.mem/gdm.dm_gen.dm/RAM_reg_0_15_0_5/RAMA/CLK
High Pulse Width  Fast    RAMD32/CLK  n/a            1.250         16.500      15.250     SLICE_X34Y26   dbg_hub/inst/BSCANID.u_xsdbm_id/CORE_XSDB.UUT_MASTER/U_ICON_INTERFACE/U_CMD6_WR/U_WR_FIFO/SUBCORE_FIFO.xsdbm_v3_0_0_wrfifo_inst/inst_fifo_gen/gconvfifo.rf/grf.rf/gntv_or_sync_fifo.mem/gdm.dm_gen.dm/RAM_reg_0_15_0_5/RAMA/CLK
High Pulse Width  Slow    RAMD32/CLK  n/a            1.250         16.500      15.250     SLICE_X34Y26   dbg_hub/inst/BSCANID.u_xsdbm_id/CORE_XSDB.UUT_MASTER/U_ICON_INTERFACE/U_CMD6_WR/U_WR_FIFO/SUBCORE_FIFO.xsdbm_v3_0_0_wrfifo_inst/inst_fifo_gen/gconvfifo.rf/grf.rf/gntv_or_sync_fifo.mem/gdm.dm_gen.dm/RAM_reg_0_15_0_5/RAMA_D1/CLK
High Pulse Width  Fast    RAMD32/CLK  n/a            1.250         16.500      15.250     SLICE_X34Y26   dbg_hub/inst/BSCANID.u_xsdbm_id/CORE_XSDB.UUT_MASTER/U_ICON_INTERFACE/U_CMD6_WR/U_WR_FIFO/SUBCORE_FIFO.xsdbm_v3_0_0_wrfifo_inst/inst_fifo_gen/gconvfifo.rf/grf.rf/gntv_or_sync_fifo.mem/gdm.dm_gen.dm/RAM_reg_0_15_0_5/RAMA_D1/CLK
High Pulse Width  Slow    RAMD32/CLK  n/a            1.250         16.500      15.250     SLICE_X34Y26   dbg_hub/inst/BSCANID.u_xsdbm_id/CORE_XSDB.UUT_MASTER/U_ICON_INTERFACE/U_CMD6_WR/U_WR_FIFO/SUBCORE_FIFO.xsdbm_v3_0_0_wrfifo_inst/inst_fifo_gen/gconvfifo.rf/grf.rf/gntv_or_sync_fifo.mem/gdm.dm_gen.dm/RAM_reg_0_15_0_5/RAMB/CLK
High Pulse Width  Fast    RAMD32/CLK  n/a            1.250         16.500      15.250     SLICE_X34Y26   dbg_hub/inst/BSCANID.u_xsdbm_id/CORE_XSDB.UUT_MASTER/U_ICON_INTERFACE/U_CMD6_WR/U_WR_FIFO/SUBCORE_FIFO.xsdbm_v3_0_0_wrfifo_inst/inst_fifo_gen/gconvfifo.rf/grf.rf/gntv_or_sync_fifo.mem/gdm.dm_gen.dm/RAM_reg_0_15_0_5/RAMB/CLK
High Pulse Width  Slow    RAMD32/CLK  n/a            1.250         16.500      15.250     SLICE_X34Y26   dbg_hub/inst/BSCANID.u_xsdbm_id/CORE_XSDB.UUT_MASTER/U_ICON_INTERFACE/U_CMD6_WR/U_WR_FIFO/SUBCORE_FIFO.xsdbm_v3_0_0_wrfifo_inst/inst_fifo_gen/gconvfifo.rf/grf.rf/gntv_or_sync_fifo.mem/gdm.dm_gen.dm/RAM_reg_0_15_0_5/RAMB_D1/CLK
High Pulse Width  Fast    RAMD32/CLK  n/a            1.250         16.500      15.250     SLICE_X34Y26   dbg_hub/inst/BSCANID.u_xsdbm_id/CORE_XSDB.UUT_MASTER/U_ICON_INTERFACE/U_CMD6_WR/U_WR_FIFO/SUBCORE_FIFO.xsdbm_v3_0_0_wrfifo_inst/inst_fifo_gen/gconvfifo.rf/grf.rf/gntv_or_sync_fifo.mem/gdm.dm_gen.dm/RAM_reg_0_15_0_5/RAMB_D1/CLK
High Pulse Width  Slow    RAMD32/CLK  n/a            1.250         16.500      15.250     SLICE_X34Y26   dbg_hub/inst/BSCANID.u_xsdbm_id/CORE_XSDB.UUT_MASTER/U_ICON_INTERFACE/U_CMD6_WR/U_WR_FIFO/SUBCORE_FIFO.xsdbm_v3_0_0_wrfifo_inst/inst_fifo_gen/gconvfifo.rf/grf.rf/gntv_or_sync_fifo.mem/gdm.dm_gen.dm/RAM_reg_0_15_0_5/RAMC/CLK
High Pulse Width  Fast    RAMD32/CLK  n/a            1.250         16.500      15.250     SLICE_X34Y26   dbg_hub/inst/BSCANID.u_xsdbm_id/CORE_XSDB.UUT_MASTER/U_ICON_INTERFACE/U_CMD6_WR/U_WR_FIFO/SUBCORE_FIFO.xsdbm_v3_0_0_wrfifo_inst/inst_fifo_gen/gconvfifo.rf/grf.rf/gntv_or_sync_fifo.mem/gdm.dm_gen.dm/RAM_reg_0_15_0_5/RAMC/CLK



---------------------------------------------------------------------------------------------------
From Clock:  sys_clk_pin
  To Clock:  sys_clk_pin

Setup :            0  Failing Endpoints,  Worst Slack       78.137ns,  Total Violation        0.000ns
Hold  :            0  Failing Endpoints,  Worst Slack        0.244ns,  Total Violation        0.000ns
PW    :            0  Failing Endpoints,  Worst Slack       41.160ns,  Total Violation        0.000ns
---------------------------------------------------------------------------------------------------


Max Delay Paths
--------------------------------------------------------------------------------------
Slack (MET) :             78.137ns  (required time - arrival time)
  Source:                 pwm0/half_duty_new_reg/CLK
                            (rising edge-triggered cell DSP48E1 clocked by sys_clk_pin  {rise@0.000ns fall@41.660ns period=83.330ns})
  Destination:            pwm0/pwm_out_reg[0]/CE
                            (rising edge-triggered cell FDCE clocked by sys_clk_pin  {rise@0.000ns fall@41.660ns period=83.330ns})
  Path Group:             sys_clk_pin
  Path Type:              Setup (Max at Slow Process Corner)
  Requirement:            83.330ns  (sys_clk_pin rise@83.330ns - sys_clk_pin rise@0.000ns)
  Data Path Delay:        4.823ns  (logic 1.793ns (37.174%)  route 3.030ns (62.826%))
  Logic Levels:           4  (CARRY4=1 LUT2=1 LUT4=1 LUT6=1)
  Clock Path Skew:        -0.130ns (DCD - SCD + CPR)
    Destination Clock Delay (DCD):    4.979ns = ( 88.309 - 83.330 ) 
    Source Clock Delay      (SCD):    5.374ns
    Clock Pessimism Removal (CPR):    0.266ns
  Clock Uncertainty:      0.035ns  ((TSJ^2 + TIJ^2)^1/2 + DJ) / 2 + PE
    Total System Jitter     (TSJ):    0.071ns
    Total Input Jitter      (TIJ):    0.000ns
    Discrete Jitter          (DJ):    0.000ns
    Phase Error              (PE):    0.000ns

    Location             Delay type                Incr(ns)  Path(ns)    Netlist Resource(s)
  -------------------------------------------------------------------    -------------------
                         (clock sys_clk_pin rise edge)
                                                      0.000     0.000 r  
    L17                                               0.000     0.000 r  sys_clock (IN)
                         net (fo=0)                   0.000     0.000    sys_clock
    L17                  IBUF (Prop_ibuf_I_O)         1.476     1.476 r  sys_clock_IBUF_inst/O
                         net (fo=1, routed)           1.972     3.448    sys_clock_IBUF
    BUFGCTRL_X0Y4        BUFG (Prop_bufg_I_O)         0.096     3.544 r  sys_clock_IBUF_BUFG_inst/O
                         net (fo=38, routed)          1.831     5.374    pwm0/sys_clock
    DSP48_X0Y58          DSP48E1                                      r  pwm0/half_duty_new_reg/CLK
  -------------------------------------------------------------------    -------------------
    DSP48_X0Y58          DSP48E1 (Prop_dsp48e1_CLK_P[10])
                                                      0.434     5.808 f  pwm0/half_duty_new_reg/P[10]
                         net (fo=5, routed)           1.238     7.046    pwm0/half_duty_new_reg__0[1]
    SLICE_X19Y148        LUT4 (Prop_lut4_I1_O)        0.150     7.196 r  pwm0/pwm_out0_carry_i_6/O
                         net (fo=1, routed)           0.808     8.004    pwm0/pwm_out0_carry_i_6_n_0
    SLICE_X20Y148        LUT6 (Prop_lut6_I4_O)        0.326     8.330 r  pwm0/pwm_out0_carry_i_2/O
                         net (fo=1, routed)           0.000     8.330    pwm0/pwm_out0_carry_i_2_n_0
    SLICE_X20Y148        CARRY4 (Prop_carry4_S[1]_CO[2])
                                                      0.570     8.900 r  pwm0/pwm_out0_carry/CO[2]
                         net (fo=2, routed)           0.653     9.553    pwm0/pwm_out0_carry_n_1
    SLICE_X20Y149        LUT2 (Prop_lut2_I1_O)        0.313     9.866 r  pwm0/pwm_out[0]_i_1/O
                         net (fo=1, routed)           0.332    10.198    pwm0/pwm_out[0]_i_1_n_0
    SLICE_X20Y149        FDCE                                         r  pwm0/pwm_out_reg[0]/CE
  -------------------------------------------------------------------    -------------------

                         (clock sys_clk_pin rise edge)
                                                     83.330    83.330 r  
    L17                                               0.000    83.330 r  sys_clock (IN)
                         net (fo=0)                   0.000    83.330    sys_clock
    L17                  IBUF (Prop_ibuf_I_O)         1.406    84.736 r  sys_clock_IBUF_inst/O
                         net (fo=1, routed)           1.868    86.604    sys_clock_IBUF
    BUFGCTRL_X0Y4        BUFG (Prop_bufg_I_O)         0.091    86.695 r  sys_clock_IBUF_BUFG_inst/O
                         net (fo=38, routed)          1.614    88.309    pwm0/sys_clock
    SLICE_X20Y149        FDCE                                         r  pwm0/pwm_out_reg[0]/C
                         clock pessimism              0.266    88.575    
                         clock uncertainty           -0.035    88.540    
    SLICE_X20Y149        FDCE (Setup_fdce_C_CE)      -0.205    88.335    pwm0/pwm_out_reg[0]
  -------------------------------------------------------------------
                         required time                         88.335    
                         arrival time                         -10.198    
  -------------------------------------------------------------------
                         slack                                 78.137    

Slack (MET) :             78.695ns  (required time - arrival time)
  Source:                 pwm0/half_duty_new_reg/CLK
                            (rising edge-triggered cell DSP48E1 clocked by sys_clk_pin  {rise@0.000ns fall@41.660ns period=83.330ns})
  Destination:            pwm0/pwm_out_reg[0]/D
                            (rising edge-triggered cell FDCE clocked by sys_clk_pin  {rise@0.000ns fall@41.660ns period=83.330ns})
  Path Group:             sys_clk_pin
  Path Type:              Setup (Max at Slow Process Corner)
  Requirement:            83.330ns  (sys_clk_pin rise@83.330ns - sys_clk_pin rise@0.000ns)
  Data Path Delay:        4.499ns  (logic 1.793ns (39.850%)  route 2.706ns (60.150%))
  Logic Levels:           4  (CARRY4=1 LUT2=1 LUT4=1 LUT6=1)
  Clock Path Skew:        -0.130ns (DCD - SCD + CPR)
    Destination Clock Delay (DCD):    4.979ns = ( 88.309 - 83.330 ) 
    Source Clock Delay      (SCD):    5.374ns
    Clock Pessimism Removal (CPR):    0.266ns
  Clock Uncertainty:      0.035ns  ((TSJ^2 + TIJ^2)^1/2 + DJ) / 2 + PE
    Total System Jitter     (TSJ):    0.071ns
    Total Input Jitter      (TIJ):    0.000ns
    Discrete Jitter          (DJ):    0.000ns
    Phase Error              (PE):    0.000ns

    Location             Delay type                Incr(ns)  Path(ns)    Netlist Resource(s)
  -------------------------------------------------------------------    -------------------
                         (clock sys_clk_pin rise edge)
                                                      0.000     0.000 r  
    L17                                               0.000     0.000 r  sys_clock (IN)
                         net (fo=0)                   0.000     0.000    sys_clock
    L17                  IBUF (Prop_ibuf_I_O)         1.476     1.476 r  sys_clock_IBUF_inst/O
                         net (fo=1, routed)           1.972     3.448    sys_clock_IBUF
    BUFGCTRL_X0Y4        BUFG (Prop_bufg_I_O)         0.096     3.544 r  sys_clock_IBUF_BUFG_inst/O
                         net (fo=38, routed)          1.831     5.374    pwm0/sys_clock
    DSP48_X0Y58          DSP48E1                                      r  pwm0/half_duty_new_reg/CLK
  -------------------------------------------------------------------    -------------------
    DSP48_X0Y58          DSP48E1 (Prop_dsp48e1_CLK_P[10])
                                                      0.434     5.808 f  pwm0/half_duty_new_reg/P[10]
                         net (fo=5, routed)           1.238     7.046    pwm0/half_duty_new_reg__0[1]
    SLICE_X19Y148        LUT4 (Prop_lut4_I1_O)        0.150     7.196 r  pwm0/pwm_out0_carry_i_6/O
                         net (fo=1, routed)           0.808     8.004    pwm0/pwm_out0_carry_i_6_n_0
    SLICE_X20Y148        LUT6 (Prop_lut6_I4_O)        0.326     8.330 r  pwm0/pwm_out0_carry_i_2/O
                         net (fo=1, routed)           0.000     8.330    pwm0/pwm_out0_carry_i_2_n_0
    SLICE_X20Y148        CARRY4 (Prop_carry4_S[1]_CO[2])
                                                      0.570     8.900 r  pwm0/pwm_out0_carry/CO[2]
                         net (fo=2, routed)           0.661     9.561    pwm0/pwm_out0_carry_n_1
    SLICE_X20Y149        LUT2 (Prop_lut2_I0_O)        0.313     9.874 r  pwm0/pwm_out[0]_i_2/O
                         net (fo=1, routed)           0.000     9.874    pwm0/pwm_out[0]_i_2_n_0
    SLICE_X20Y149        FDCE                                         r  pwm0/pwm_out_reg[0]/D
  -------------------------------------------------------------------    -------------------

                         (clock sys_clk_pin rise edge)
                                                     83.330    83.330 r  
    L17                                               0.000    83.330 r  sys_clock (IN)
                         net (fo=0)                   0.000    83.330    sys_clock
    L17                  IBUF (Prop_ibuf_I_O)         1.406    84.736 r  sys_clock_IBUF_inst/O
                         net (fo=1, routed)           1.868    86.604    sys_clock_IBUF
    BUFGCTRL_X0Y4        BUFG (Prop_bufg_I_O)         0.091    86.695 r  sys_clock_IBUF_BUFG_inst/O
                         net (fo=38, routed)          1.614    88.309    pwm0/sys_clock
    SLICE_X20Y149        FDCE                                         r  pwm0/pwm_out_reg[0]/C
                         clock pessimism              0.266    88.575    
                         clock uncertainty           -0.035    88.540    
    SLICE_X20Y149        FDCE (Setup_fdce_C_D)        0.029    88.569    pwm0/pwm_out_reg[0]
  -------------------------------------------------------------------
                         required time                         88.569    
                         arrival time                          -9.874    
  -------------------------------------------------------------------
                         slack                                 78.695    

Slack (MET) :             78.805ns  (required time - arrival time)
  Source:                 cnt_div_reg[20]/C
                            (rising edge-triggered cell FDCE clocked by sys_clk_pin  {rise@0.000ns fall@41.660ns period=83.330ns})
  Destination:            pwm0/half_duty_new_reg/A[5]
                            (rising edge-triggered cell DSP48E1 clocked by sys_clk_pin  {rise@0.000ns fall@41.660ns period=83.330ns})
  Path Group:             sys_clk_pin
  Path Type:              Setup (Max at Slow Process Corner)
  Requirement:            83.330ns  (sys_clk_pin rise@83.330ns - sys_clk_pin rise@0.000ns)
  Data Path Delay:        4.008ns  (logic 1.216ns (30.337%)  route 2.792ns (69.663%))
  Logic Levels:           3  (LUT4=1 LUT6=1 MUXF7=1)
  Clock Path Skew:        0.056ns (DCD - SCD + CPR)
    Destination Clock Delay (DCD):    5.069ns = ( 88.399 - 83.330 ) 
    Source Clock Delay      (SCD):    5.280ns
    Clock Pessimism Removal (CPR):    0.266ns
  Clock Uncertainty:      0.035ns  ((TSJ^2 + TIJ^2)^1/2 + DJ) / 2 + PE
    Total System Jitter     (TSJ):    0.071ns
    Total Input Jitter      (TIJ):    0.000ns
    Discrete Jitter          (DJ):    0.000ns
    Phase Error              (PE):    0.000ns

    Location             Delay type                Incr(ns)  Path(ns)    Netlist Resource(s)
  -------------------------------------------------------------------    -------------------
                         (clock sys_clk_pin rise edge)
                                                      0.000     0.000 r  
    L17                                               0.000     0.000 r  sys_clock (IN)
                         net (fo=0)                   0.000     0.000    sys_clock
    L17                  IBUF (Prop_ibuf_I_O)         1.476     1.476 r  sys_clock_IBUF_inst/O
                         net (fo=1, routed)           1.972     3.448    sys_clock_IBUF
    BUFGCTRL_X0Y4        BUFG (Prop_bufg_I_O)         0.096     3.544 r  sys_clock_IBUF_BUFG_inst/O
                         net (fo=38, routed)          1.736     5.280    sys_clock_IBUF_BUFG
    SLICE_X34Y148        FDCE                                         r  cnt_div_reg[20]/C
  -------------------------------------------------------------------    -------------------
    SLICE_X34Y148        FDCE (Prop_fdce_C_Q)         0.518     5.798 r  cnt_div_reg[20]/Q
                         net (fo=25, routed)          1.053     6.851    sine_rom0/sel[2]
    SLICE_X35Y145        LUT4 (Prop_lut4_I2_O)        0.149     7.000 r  sine_rom0/half_duty_new_reg_i_28/O
                         net (fo=2, routed)           0.608     7.608    sine_rom0/half_duty_new_reg_i_28_n_0
    SLICE_X36Y145        LUT6 (Prop_lut6_I5_O)        0.332     7.940 r  sine_rom0/half_duty_new_reg_i_15/O
                         net (fo=1, routed)           0.000     7.940    sine_rom0/half_duty_new_reg_i_15_n_0
    SLICE_X36Y145        MUXF7 (Prop_muxf7_I1_O)      0.217     8.157 r  sine_rom0/half_duty_new_reg_i_5/O
                         net (fo=1, routed)           1.131     9.288    pwm0/A[5]
    DSP48_X0Y58          DSP48E1                                      r  pwm0/half_duty_new_reg/A[5]
  -------------------------------------------------------------------    -------------------

                         (clock sys_clk_pin rise edge)
                                                     83.330    83.330 r  
    L17                                               0.000    83.330 r  sys_clock (IN)
                         net (fo=0)                   0.000    83.330    sys_clock
    L17                  IBUF (Prop_ibuf_I_O)         1.406    84.736 r  sys_clock_IBUF_inst/O
                         net (fo=1, routed)           1.868    86.604    sys_clock_IBUF
    BUFGCTRL_X0Y4        BUFG (Prop_bufg_I_O)         0.091    86.695 r  sys_clock_IBUF_BUFG_inst/O
                         net (fo=38, routed)          1.705    88.399    pwm0/sys_clock
    DSP48_X0Y58          DSP48E1                                      r  pwm0/half_duty_new_reg/CLK
                         clock pessimism              0.266    88.665    
                         clock uncertainty           -0.035    88.630    
    DSP48_X0Y58          DSP48E1 (Setup_dsp48e1_CLK_A[5])
                                                     -0.537    88.093    pwm0/half_duty_new_reg
  -------------------------------------------------------------------
                         required time                         88.093    
                         arrival time                          -9.288    
  -------------------------------------------------------------------
                         slack                                 78.805    

Slack (MET) :             79.191ns  (required time - arrival time)
  Source:                 cnt_div_reg[20]/C
                            (rising edge-triggered cell FDCE clocked by sys_clk_pin  {rise@0.000ns fall@41.660ns period=83.330ns})
  Destination:            pwm0/half_duty_new_reg/A[6]
                            (rising edge-triggered cell DSP48E1 clocked by sys_clk_pin  {rise@0.000ns fall@41.660ns period=83.330ns})
  Path Group:             sys_clk_pin
  Path Type:              Setup (Max at Slow Process Corner)
  Requirement:            83.330ns  (sys_clk_pin rise@83.330ns - sys_clk_pin rise@0.000ns)
  Data Path Delay:        3.622ns  (logic 1.216ns (33.575%)  route 2.406ns (66.425%))
  Logic Levels:           3  (LUT4=1 LUT5=1 MUXF7=1)
  Clock Path Skew:        0.056ns (DCD - SCD + CPR)
    Destination Clock Delay (DCD):    5.069ns = ( 88.399 - 83.330 ) 
    Source Clock Delay      (SCD):    5.280ns
    Clock Pessimism Removal (CPR):    0.266ns
  Clock Uncertainty:      0.035ns  ((TSJ^2 + TIJ^2)^1/2 + DJ) / 2 + PE
    Total System Jitter     (TSJ):    0.071ns
    Total Input Jitter      (TIJ):    0.000ns
    Discrete Jitter          (DJ):    0.000ns
    Phase Error              (PE):    0.000ns

    Location             Delay type                Incr(ns)  Path(ns)    Netlist Resource(s)
  -------------------------------------------------------------------    -------------------
                         (clock sys_clk_pin rise edge)
                                                      0.000     0.000 r  
    L17                                               0.000     0.000 r  sys_clock (IN)
                         net (fo=0)                   0.000     0.000    sys_clock
    L17                  IBUF (Prop_ibuf_I_O)         1.476     1.476 r  sys_clock_IBUF_inst/O
                         net (fo=1, routed)           1.972     3.448    sys_clock_IBUF
    BUFGCTRL_X0Y4        BUFG (Prop_bufg_I_O)         0.096     3.544 r  sys_clock_IBUF_BUFG_inst/O
                         net (fo=38, routed)          1.736     5.280    sys_clock_IBUF_BUFG
    SLICE_X34Y148        FDCE                                         r  cnt_div_reg[20]/C
  -------------------------------------------------------------------    -------------------
    SLICE_X34Y148        FDCE (Prop_fdce_C_Q)         0.518     5.798 r  cnt_div_reg[20]/Q
                         net (fo=25, routed)          1.048     6.846    sine_rom0/sel[2]
    SLICE_X35Y145        LUT4 (Prop_lut4_I2_O)        0.154     7.000 r  sine_rom0/half_duty_new_reg_i_26/O
                         net (fo=1, routed)           0.264     7.264    sine_rom0/half_duty_new_reg_i_26_n_0
    SLICE_X35Y145        LUT5 (Prop_lut5_I1_O)        0.327     7.591 r  sine_rom0/half_duty_new_reg_i_13/O
                         net (fo=1, routed)           0.000     7.591    sine_rom0/half_duty_new_reg_i_13_n_0
    SLICE_X35Y145        MUXF7 (Prop_muxf7_I1_O)      0.217     7.808 r  sine_rom0/half_duty_new_reg_i_4/O
                         net (fo=1, routed)           1.093     8.902    pwm0/A[6]
    DSP48_X0Y58          DSP48E1                                      r  pwm0/half_duty_new_reg/A[6]
  -------------------------------------------------------------------    -------------------

                         (clock sys_clk_pin rise edge)
                                                     83.330    83.330 r  
    L17                                               0.000    83.330 r  sys_clock (IN)
                         net (fo=0)                   0.000    83.330    sys_clock
    L17                  IBUF (Prop_ibuf_I_O)         1.406    84.736 r  sys_clock_IBUF_inst/O
                         net (fo=1, routed)           1.868    86.604    sys_clock_IBUF
    BUFGCTRL_X0Y4        BUFG (Prop_bufg_I_O)         0.091    86.695 r  sys_clock_IBUF_BUFG_inst/O
                         net (fo=38, routed)          1.705    88.399    pwm0/sys_clock
    DSP48_X0Y58          DSP48E1                                      r  pwm0/half_duty_new_reg/CLK
                         clock pessimism              0.266    88.665    
                         clock uncertainty           -0.035    88.630    
    DSP48_X0Y58          DSP48E1 (Setup_dsp48e1_CLK_A[6])
                                                     -0.537    88.093    pwm0/half_duty_new_reg
  -------------------------------------------------------------------
                         required time                         88.093    
                         arrival time                          -8.902    
  -------------------------------------------------------------------
                         slack                                 79.191    

Slack (MET) :             79.272ns  (required time - arrival time)
  Source:                 cnt_div_reg[22]/C
                            (rising edge-triggered cell FDCE clocked by sys_clk_pin  {rise@0.000ns fall@41.660ns period=83.330ns})
  Destination:            pwm0/half_duty_new_reg/A[3]
                            (rising edge-triggered cell DSP48E1 clocked by sys_clk_pin  {rise@0.000ns fall@41.660ns period=83.330ns})
  Path Group:             sys_clk_pin
  Path Type:              Setup (Max at Slow Process Corner)
  Requirement:            83.330ns  (sys_clk_pin rise@83.330ns - sys_clk_pin rise@0.000ns)
  Data Path Delay:        3.525ns  (logic 0.991ns (28.117%)  route 2.534ns (71.883%))
  Logic Levels:           3  (LUT6=1 MUXF7=1 MUXF8=1)
  Clock Path Skew:        0.056ns (DCD - SCD + CPR)
    Destination Clock Delay (DCD):    5.069ns = ( 88.399 - 83.330 ) 
    Source Clock Delay      (SCD):    5.280ns
    Clock Pessimism Removal (CPR):    0.266ns
  Clock Uncertainty:      0.035ns  ((TSJ^2 + TIJ^2)^1/2 + DJ) / 2 + PE
    Total System Jitter     (TSJ):    0.071ns
    Total Input Jitter      (TIJ):    0.000ns
    Discrete Jitter          (DJ):    0.000ns
    Phase Error              (PE):    0.000ns

    Location             Delay type                Incr(ns)  Path(ns)    Netlist Resource(s)
  -------------------------------------------------------------------    -------------------
                         (clock sys_clk_pin rise edge)
                                                      0.000     0.000 r  
    L17                                               0.000     0.000 r  sys_clock (IN)
                         net (fo=0)                   0.000     0.000    sys_clock
    L17                  IBUF (Prop_ibuf_I_O)         1.476     1.476 r  sys_clock_IBUF_inst/O
                         net (fo=1, routed)           1.972     3.448    sys_clock_IBUF
    BUFGCTRL_X0Y4        BUFG (Prop_bufg_I_O)         0.096     3.544 r  sys_clock_IBUF_BUFG_inst/O
                         net (fo=38, routed)          1.736     5.280    sys_clock_IBUF_BUFG
    SLICE_X34Y148        FDCE                                         r  cnt_div_reg[22]/C
  -------------------------------------------------------------------    -------------------
    SLICE_X34Y148        FDCE (Prop_fdce_C_Q)         0.518     5.798 r  cnt_div_reg[22]/Q
                         net (fo=25, routed)          1.466     7.264    sine_rom0/sel[4]
    SLICE_X33Y144        LUT6 (Prop_lut6_I0_O)        0.124     7.388 r  sine_rom0/half_duty_new_reg_i_34/O
                         net (fo=1, routed)           0.000     7.388    sine_rom0/half_duty_new_reg_i_34_n_0
    SLICE_X33Y144        MUXF7 (Prop_muxf7_I1_O)      0.245     7.633 r  sine_rom0/half_duty_new_reg_i_18/O
                         net (fo=1, routed)           0.000     7.633    sine_rom0/half_duty_new_reg_i_18_n_0
    SLICE_X33Y144        MUXF8 (Prop_muxf8_I0_O)      0.104     7.737 r  sine_rom0/half_duty_new_reg_i_7/O
                         net (fo=1, routed)           1.068     8.805    pwm0/A[3]
    DSP48_X0Y58          DSP48E1                                      r  pwm0/half_duty_new_reg/A[3]
  -------------------------------------------------------------------    -------------------

                         (clock sys_clk_pin rise edge)
                                                     83.330    83.330 r  
    L17                                               0.000    83.330 r  sys_clock (IN)
                         net (fo=0)                   0.000    83.330    sys_clock
    L17                  IBUF (Prop_ibuf_I_O)         1.406    84.736 r  sys_clock_IBUF_inst/O
                         net (fo=1, routed)           1.868    86.604    sys_clock_IBUF
    BUFGCTRL_X0Y4        BUFG (Prop_bufg_I_O)         0.091    86.695 r  sys_clock_IBUF_BUFG_inst/O
                         net (fo=38, routed)          1.705    88.399    pwm0/sys_clock
    DSP48_X0Y58          DSP48E1                                      r  pwm0/half_duty_new_reg/CLK
                         clock pessimism              0.266    88.665    
                         clock uncertainty           -0.035    88.630    
    DSP48_X0Y58          DSP48E1 (Setup_dsp48e1_CLK_A[3])
                                                     -0.554    88.076    pwm0/half_duty_new_reg
  -------------------------------------------------------------------
                         required time                         88.076    
                         arrival time                          -8.805    
  -------------------------------------------------------------------
                         slack                                 79.272    

Slack (MET) :             79.294ns  (required time - arrival time)
  Source:                 cnt_div_reg[18]/C
                            (rising edge-triggered cell FDCE clocked by sys_clk_pin  {rise@0.000ns fall@41.660ns period=83.330ns})
  Destination:            pwm0/half_duty_new_reg/A[4]
                            (rising edge-triggered cell DSP48E1 clocked by sys_clk_pin  {rise@0.000ns fall@41.660ns period=83.330ns})
  Path Group:             sys_clk_pin
  Path Type:              Setup (Max at Slow Process Corner)
  Requirement:            83.330ns  (sys_clk_pin rise@83.330ns - sys_clk_pin rise@0.000ns)
  Data Path Delay:        3.503ns  (logic 0.953ns (27.209%)  route 2.550ns (72.791%))
  Logic Levels:           3  (LUT6=1 MUXF7=1 MUXF8=1)
  Clock Path Skew:        0.056ns (DCD - SCD + CPR)
    Destination Clock Delay (DCD):    5.069ns = ( 88.399 - 83.330 ) 
    Source Clock Delay      (SCD):    5.280ns
    Clock Pessimism Removal (CPR):    0.266ns
  Clock Uncertainty:      0.035ns  ((TSJ^2 + TIJ^2)^1/2 + DJ) / 2 + PE
    Total System Jitter     (TSJ):    0.071ns
    Total Input Jitter      (TIJ):    0.000ns
    Discrete Jitter          (DJ):    0.000ns
    Phase Error              (PE):    0.000ns

    Location             Delay type                Incr(ns)  Path(ns)    Netlist Resource(s)
  -------------------------------------------------------------------    -------------------
                         (clock sys_clk_pin rise edge)
                                                      0.000     0.000 r  
    L17                                               0.000     0.000 r  sys_clock (IN)
                         net (fo=0)                   0.000     0.000    sys_clock
    L17                  IBUF (Prop_ibuf_I_O)         1.476     1.476 r  sys_clock_IBUF_inst/O
                         net (fo=1, routed)           1.972     3.448    sys_clock_IBUF
    BUFGCTRL_X0Y4        BUFG (Prop_bufg_I_O)         0.096     3.544 r  sys_clock_IBUF_BUFG_inst/O
                         net (fo=38, routed)          1.736     5.280    sys_clock_IBUF_BUFG
    SLICE_X34Y147        FDCE                                         r  cnt_div_reg[18]/C
  -------------------------------------------------------------------    -------------------
    SLICE_X34Y147        FDCE (Prop_fdce_C_Q)         0.518     5.798 r  cnt_div_reg[18]/Q
                         net (fo=23, routed)          1.456     7.254    sine_rom0/sel[0]
    SLICE_X35Y146        LUT6 (Prop_lut6_I2_O)        0.124     7.378 r  sine_rom0/half_duty_new_reg_i_32/O
                         net (fo=1, routed)           0.000     7.378    sine_rom0/half_duty_new_reg_i_32_n_0
    SLICE_X35Y146        MUXF7 (Prop_muxf7_I1_O)      0.217     7.595 r  sine_rom0/half_duty_new_reg_i_17/O
                         net (fo=1, routed)           0.000     7.595    sine_rom0/half_duty_new_reg_i_17_n_0
    SLICE_X35Y146        MUXF8 (Prop_muxf8_I1_O)      0.094     7.689 r  sine_rom0/half_duty_new_reg_i_6/O
                         net (fo=1, routed)           1.094     8.783    pwm0/A[4]
    DSP48_X0Y58          DSP48E1                                      r  pwm0/half_duty_new_reg/A[4]
  -------------------------------------------------------------------    -------------------

                         (clock sys_clk_pin rise edge)
                                                     83.330    83.330 r  
    L17                                               0.000    83.330 r  sys_clock (IN)
                         net (fo=0)                   0.000    83.330    sys_clock
    L17                  IBUF (Prop_ibuf_I_O)         1.406    84.736 r  sys_clock_IBUF_inst/O
                         net (fo=1, routed)           1.868    86.604    sys_clock_IBUF
    BUFGCTRL_X0Y4        BUFG (Prop_bufg_I_O)         0.091    86.695 r  sys_clock_IBUF_BUFG_inst/O
                         net (fo=38, routed)          1.705    88.399    pwm0/sys_clock
    DSP48_X0Y58          DSP48E1                                      r  pwm0/half_duty_new_reg/CLK
                         clock pessimism              0.266    88.665    
                         clock uncertainty           -0.035    88.630    
    DSP48_X0Y58          DSP48E1 (Setup_dsp48e1_CLK_A[4])
                                                     -0.554    88.076    pwm0/half_duty_new_reg
  -------------------------------------------------------------------
                         required time                         88.076    
                         arrival time                          -8.783    
  -------------------------------------------------------------------
                         slack                                 79.294    

Slack (MET) :             79.311ns  (required time - arrival time)
  Source:                 cnt_div_reg[22]/C
                            (rising edge-triggered cell FDCE clocked by sys_clk_pin  {rise@0.000ns fall@41.660ns period=83.330ns})
  Destination:            pwm0/half_duty_new_reg/A[1]
                            (rising edge-triggered cell DSP48E1 clocked by sys_clk_pin  {rise@0.000ns fall@41.660ns period=83.330ns})
  Path Group:             sys_clk_pin
  Path Type:              Setup (Max at Slow Process Corner)
  Requirement:            83.330ns  (sys_clk_pin rise@83.330ns - sys_clk_pin rise@0.000ns)
  Data Path Delay:        3.485ns  (logic 0.953ns (27.344%)  route 2.532ns (72.656%))
  Logic Levels:           3  (LUT6=1 MUXF7=1 MUXF8=1)
  Clock Path Skew:        0.056ns (DCD - SCD + CPR)
    Destination Clock Delay (DCD):    5.069ns = ( 88.399 - 83.330 ) 
    Source Clock Delay      (SCD):    5.280ns
    Clock Pessimism Removal (CPR):    0.266ns
  Clock Uncertainty:      0.035ns  ((TSJ^2 + TIJ^2)^1/2 + DJ) / 2 + PE
    Total System Jitter     (TSJ):    0.071ns
    Total Input Jitter      (TIJ):    0.000ns
    Discrete Jitter          (DJ):    0.000ns
    Phase Error              (PE):    0.000ns

    Location             Delay type                Incr(ns)  Path(ns)    Netlist Resource(s)
  -------------------------------------------------------------------    -------------------
                         (clock sys_clk_pin rise edge)
                                                      0.000     0.000 r  
    L17                                               0.000     0.000 r  sys_clock (IN)
                         net (fo=0)                   0.000     0.000    sys_clock
    L17                  IBUF (Prop_ibuf_I_O)         1.476     1.476 r  sys_clock_IBUF_inst/O
                         net (fo=1, routed)           1.972     3.448    sys_clock_IBUF
    BUFGCTRL_X0Y4        BUFG (Prop_bufg_I_O)         0.096     3.544 r  sys_clock_IBUF_BUFG_inst/O
                         net (fo=38, routed)          1.736     5.280    sys_clock_IBUF_BUFG
    SLICE_X34Y148        FDCE                                         r  cnt_div_reg[22]/C
  -------------------------------------------------------------------    -------------------
    SLICE_X34Y148        FDCE (Prop_fdce_C_Q)         0.518     5.798 r  cnt_div_reg[22]/Q
                         net (fo=25, routed)          1.466     7.264    sine_rom0/sel[4]
    SLICE_X32Y144        LUT6 (Prop_lut6_I0_O)        0.124     7.388 r  sine_rom0/half_duty_new_reg_i_44/O
                         net (fo=1, routed)           0.000     7.388    sine_rom0/half_duty_new_reg_i_44_n_0
    SLICE_X32Y144        MUXF7 (Prop_muxf7_I1_O)      0.217     7.605 r  sine_rom0/half_duty_new_reg_i_23/O
                         net (fo=1, routed)           0.000     7.605    sine_rom0/half_duty_new_reg_i_23_n_0
    SLICE_X32Y144        MUXF8 (Prop_muxf8_I1_O)      0.094     7.699 r  sine_rom0/half_duty_new_reg_i_9/O
                         net (fo=1, routed)           1.066     8.765    pwm0/A[1]
    DSP48_X0Y58          DSP48E1                                      r  pwm0/half_duty_new_reg/A[1]
  -------------------------------------------------------------------    -------------------

                         (clock sys_clk_pin rise edge)
                                                     83.330    83.330 r  
    L17                                               0.000    83.330 r  sys_clock (IN)
                         net (fo=0)                   0.000    83.330    sys_clock
    L17                  IBUF (Prop_ibuf_I_O)         1.406    84.736 r  sys_clock_IBUF_inst/O
                         net (fo=1, routed)           1.868    86.604    sys_clock_IBUF
    BUFGCTRL_X0Y4        BUFG (Prop_bufg_I_O)         0.091    86.695 r  sys_clock_IBUF_BUFG_inst/O
                         net (fo=38, routed)          1.705    88.399    pwm0/sys_clock
    DSP48_X0Y58          DSP48E1                                      r  pwm0/half_duty_new_reg/CLK
                         clock pessimism              0.266    88.665    
                         clock uncertainty           -0.035    88.630    
    DSP48_X0Y58          DSP48E1 (Setup_dsp48e1_CLK_A[1])
                                                     -0.554    88.076    pwm0/half_duty_new_reg
  -------------------------------------------------------------------
                         required time                         88.076    
                         arrival time                          -8.765    
  -------------------------------------------------------------------
                         slack                                 79.311    

Slack (MET) :             79.748ns  (required time - arrival time)
  Source:                 cnt_div_reg[18]/C
                            (rising edge-triggered cell FDCE clocked by sys_clk_pin  {rise@0.000ns fall@41.660ns period=83.330ns})
  Destination:            pwm0/half_duty_new_reg/A[0]
                            (rising edge-triggered cell DSP48E1 clocked by sys_clk_pin  {rise@0.000ns fall@41.660ns period=83.330ns})
  Path Group:             sys_clk_pin
  Path Type:              Setup (Max at Slow Process Corner)
  Requirement:            83.330ns  (sys_clk_pin rise@83.330ns - sys_clk_pin rise@0.000ns)
  Data Path Delay:        3.048ns  (logic 0.991ns (32.513%)  route 2.057ns (67.487%))
  Logic Levels:           3  (LUT6=1 MUXF7=1 MUXF8=1)
  Clock Path Skew:        0.056ns (DCD - SCD + CPR)
    Destination Clock Delay (DCD):    5.069ns = ( 88.399 - 83.330 ) 
    Source Clock Delay      (SCD):    5.280ns
    Clock Pessimism Removal (CPR):    0.266ns
  Clock Uncertainty:      0.035ns  ((TSJ^2 + TIJ^2)^1/2 + DJ) / 2 + PE
    Total System Jitter     (TSJ):    0.071ns
    Total Input Jitter      (TIJ):    0.000ns
    Discrete Jitter          (DJ):    0.000ns
    Phase Error              (PE):    0.000ns

    Location             Delay type                Incr(ns)  Path(ns)    Netlist Resource(s)
  -------------------------------------------------------------------    -------------------
                         (clock sys_clk_pin rise edge)
                                                      0.000     0.000 r  
    L17                                               0.000     0.000 r  sys_clock (IN)
                         net (fo=0)                   0.000     0.000    sys_clock
    L17                  IBUF (Prop_ibuf_I_O)         1.476     1.476 r  sys_clock_IBUF_inst/O
                         net (fo=1, routed)           1.972     3.448    sys_clock_IBUF
    BUFGCTRL_X0Y4        BUFG (Prop_bufg_I_O)         0.096     3.544 r  sys_clock_IBUF_BUFG_inst/O
                         net (fo=38, routed)          1.736     5.280    sys_clock_IBUF_BUFG
    SLICE_X34Y147        FDCE                                         r  cnt_div_reg[18]/C
  -------------------------------------------------------------------    -------------------
    SLICE_X34Y147        FDCE (Prop_fdce_C_Q)         0.518     5.798 r  cnt_div_reg[18]/Q
                         net (fo=23, routed)          1.096     6.894    sine_rom0/sel[0]
    SLICE_X33Y146        LUT6 (Prop_lut6_I3_O)        0.124     7.018 r  sine_rom0/half_duty_new_reg_i_46/O
                         net (fo=1, routed)           0.000     7.018    sine_rom0/half_duty_new_reg_i_46_n_0
    SLICE_X33Y146        MUXF7 (Prop_muxf7_I1_O)      0.245     7.263 r  sine_rom0/half_duty_new_reg_i_24/O
                         net (fo=1, routed)           0.000     7.263    sine_rom0/half_duty_new_reg_i_24_n_0
    SLICE_X33Y146        MUXF8 (Prop_muxf8_I0_O)      0.104     7.367 r  sine_rom0/half_duty_new_reg_i_10/O
                         net (fo=1, routed)           0.961     8.328    pwm0/A[0]
    DSP48_X0Y58          DSP48E1                                      r  pwm0/half_duty_new_reg/A[0]
  -------------------------------------------------------------------    -------------------

                         (clock sys_clk_pin rise edge)
                                                     83.330    83.330 r  
    L17                                               0.000    83.330 r  sys_clock (IN)
                         net (fo=0)                   0.000    83.330    sys_clock
    L17                  IBUF (Prop_ibuf_I_O)         1.406    84.736 r  sys_clock_IBUF_inst/O
                         net (fo=1, routed)           1.868    86.604    sys_clock_IBUF
    BUFGCTRL_X0Y4        BUFG (Prop_bufg_I_O)         0.091    86.695 r  sys_clock_IBUF_BUFG_inst/O
                         net (fo=38, routed)          1.705    88.399    pwm0/sys_clock
    DSP48_X0Y58          DSP48E1                                      r  pwm0/half_duty_new_reg/CLK
                         clock pessimism              0.266    88.665    
                         clock uncertainty           -0.035    88.630    
    DSP48_X0Y58          DSP48E1 (Setup_dsp48e1_CLK_A[0])
                                                     -0.554    88.076    pwm0/half_duty_new_reg
  -------------------------------------------------------------------
                         required time                         88.076    
                         arrival time                          -8.328    
  -------------------------------------------------------------------
                         slack                                 79.748    

Slack (MET) :             79.771ns  (required time - arrival time)
  Source:                 cnt_div_reg[21]/C
                            (rising edge-triggered cell FDCE clocked by sys_clk_pin  {rise@0.000ns fall@41.660ns period=83.330ns})
  Destination:            pwm0/half_duty_new_reg/A[2]
                            (rising edge-triggered cell DSP48E1 clocked by sys_clk_pin  {rise@0.000ns fall@41.660ns period=83.330ns})
  Path Group:             sys_clk_pin
  Path Type:              Setup (Max at Slow Process Corner)
  Requirement:            83.330ns  (sys_clk_pin rise@83.330ns - sys_clk_pin rise@0.000ns)
  Data Path Delay:        3.026ns  (logic 0.991ns (32.755%)  route 2.035ns (67.245%))
  Logic Levels:           3  (LUT6=1 MUXF7=1 MUXF8=1)
  Clock Path Skew:        0.056ns (DCD - SCD + CPR)
    Destination Clock Delay (DCD):    5.069ns = ( 88.399 - 83.330 ) 
    Source Clock Delay      (SCD):    5.280ns
    Clock Pessimism Removal (CPR):    0.266ns
  Clock Uncertainty:      0.035ns  ((TSJ^2 + TIJ^2)^1/2 + DJ) / 2 + PE
    Total System Jitter     (TSJ):    0.071ns
    Total Input Jitter      (TIJ):    0.000ns
    Discrete Jitter          (DJ):    0.000ns
    Phase Error              (PE):    0.000ns

    Location             Delay type                Incr(ns)  Path(ns)    Netlist Resource(s)
  -------------------------------------------------------------------    -------------------
                         (clock sys_clk_pin rise edge)
                                                      0.000     0.000 r  
    L17                                               0.000     0.000 r  sys_clock (IN)
                         net (fo=0)                   0.000     0.000    sys_clock
    L17                  IBUF (Prop_ibuf_I_O)         1.476     1.476 r  sys_clock_IBUF_inst/O
                         net (fo=1, routed)           1.972     3.448    sys_clock_IBUF
    BUFGCTRL_X0Y4        BUFG (Prop_bufg_I_O)         0.096     3.544 r  sys_clock_IBUF_BUFG_inst/O
                         net (fo=38, routed)          1.736     5.280    sys_clock_IBUF_BUFG
    SLICE_X34Y148        FDCE                                         r  cnt_div_reg[21]/C
  -------------------------------------------------------------------    -------------------
    SLICE_X34Y148        FDCE (Prop_fdce_C_Q)         0.518     5.798 r  cnt_div_reg[21]/Q
                         net (fo=25, routed)          1.078     6.876    sine_rom0/sel[3]
    SLICE_X32Y147        LUT6 (Prop_lut6_I4_O)        0.124     7.000 r  sine_rom0/half_duty_new_reg_i_38/O
                         net (fo=1, routed)           0.000     7.000    sine_rom0/half_duty_new_reg_i_38_n_0
    SLICE_X32Y147        MUXF7 (Prop_muxf7_I1_O)      0.245     7.245 r  sine_rom0/half_duty_new_reg_i_20/O
                         net (fo=1, routed)           0.000     7.245    sine_rom0/half_duty_new_reg_i_20_n_0
    SLICE_X32Y147        MUXF8 (Prop_muxf8_I0_O)      0.104     7.349 r  sine_rom0/half_duty_new_reg_i_8/O
                         net (fo=1, routed)           0.956     8.305    pwm0/A[2]
    DSP48_X0Y58          DSP48E1                                      r  pwm0/half_duty_new_reg/A[2]
  -------------------------------------------------------------------    -------------------

                         (clock sys_clk_pin rise edge)
                                                     83.330    83.330 r  
    L17                                               0.000    83.330 r  sys_clock (IN)
                         net (fo=0)                   0.000    83.330    sys_clock
    L17                  IBUF (Prop_ibuf_I_O)         1.406    84.736 r  sys_clock_IBUF_inst/O
                         net (fo=1, routed)           1.868    86.604    sys_clock_IBUF
    BUFGCTRL_X0Y4        BUFG (Prop_bufg_I_O)         0.091    86.695 r  sys_clock_IBUF_BUFG_inst/O
                         net (fo=38, routed)          1.705    88.399    pwm0/sys_clock
    DSP48_X0Y58          DSP48E1                                      r  pwm0/half_duty_new_reg/CLK
                         clock pessimism              0.266    88.665    
                         clock uncertainty           -0.035    88.630    
    DSP48_X0Y58          DSP48E1 (Setup_dsp48e1_CLK_A[2])
                                                     -0.554    88.076    pwm0/half_duty_new_reg
  -------------------------------------------------------------------
                         required time                         88.076    
                         arrival time                          -8.305    
  -------------------------------------------------------------------
                         slack                                 79.771    

Slack (MET) :             80.261ns  (required time - arrival time)
  Source:                 pwm0/count_reg[0][3]/C
                            (rising edge-triggered cell FDCE clocked by sys_clk_pin  {rise@0.000ns fall@41.660ns period=83.330ns})
  Destination:            pwm0/count_reg[0][2]/D
                            (rising edge-triggered cell FDCE clocked by sys_clk_pin  {rise@0.000ns fall@41.660ns period=83.330ns})
  Path Group:             sys_clk_pin
  Path Type:              Setup (Max at Slow Process Corner)
  Requirement:            83.330ns  (sys_clk_pin rise@83.330ns - sys_clk_pin rise@0.000ns)
  Data Path Delay:        3.038ns  (logic 0.828ns (27.255%)  route 2.210ns (72.745%))
  Logic Levels:           3  (LUT4=1 LUT5=2)
  Clock Path Skew:        -0.025ns (DCD - SCD + CPR)
    Destination Clock Delay (DCD):    4.979ns = ( 88.309 - 83.330 ) 
    Source Clock Delay      (SCD):    5.284ns
    Clock Pessimism Removal (CPR):    0.280ns
  Clock Uncertainty:      0.035ns  ((TSJ^2 + TIJ^2)^1/2 + DJ) / 2 + PE
    Total System Jitter     (TSJ):    0.071ns
    Total Input Jitter      (TIJ):    0.000ns
    Discrete Jitter          (DJ):    0.000ns
    Phase Error              (PE):    0.000ns

    Location             Delay type                Incr(ns)  Path(ns)    Netlist Resource(s)
  -------------------------------------------------------------------    -------------------
                         (clock sys_clk_pin rise edge)
                                                      0.000     0.000 r  
    L17                                               0.000     0.000 r  sys_clock (IN)
                         net (fo=0)                   0.000     0.000    sys_clock
    L17                  IBUF (Prop_ibuf_I_O)         1.476     1.476 r  sys_clock_IBUF_inst/O
                         net (fo=1, routed)           1.972     3.448    sys_clock_IBUF
    BUFGCTRL_X0Y4        BUFG (Prop_bufg_I_O)         0.096     3.544 r  sys_clock_IBUF_BUFG_inst/O
                         net (fo=38, routed)          1.740     5.284    pwm0/sys_clock
    SLICE_X22Y148        FDCE                                         r  pwm0/count_reg[0][3]/C
  -------------------------------------------------------------------    -------------------
    SLICE_X22Y148        FDCE (Prop_fdce_C_Q)         0.456     5.740 r  pwm0/count_reg[0][3]/Q
                         net (fo=8, routed)           1.012     6.752    pwm0/count_reg[0][3]
    SLICE_X21Y147        LUT5 (Prop_lut5_I4_O)        0.124     6.876 r  pwm0/count[0][8]_i_4/O
                         net (fo=1, routed)           0.263     7.139    pwm0/count[0][8]_i_4_n_0
    SLICE_X21Y147        LUT5 (Prop_lut5_I0_O)        0.124     7.263 r  pwm0/count[0][8]_i_3/O
                         net (fo=9, routed)           0.935     8.198    pwm0/count[0][8]_i_3_n_0
    SLICE_X20Y147        LUT4 (Prop_lut4_I0_O)        0.124     8.322 r  pwm0/count[0][2]_i_1/O
                         net (fo=1, routed)           0.000     8.322    pwm0/count[0]_0[2]
    SLICE_X20Y147        FDCE                                         r  pwm0/count_reg[0][2]/D
  -------------------------------------------------------------------    -------------------

                         (clock sys_clk_pin rise edge)
                                                     83.330    83.330 r  
    L17                                               0.000    83.330 r  sys_clock (IN)
                         net (fo=0)                   0.000    83.330    sys_clock
    L17                  IBUF (Prop_ibuf_I_O)         1.406    84.736 r  sys_clock_IBUF_inst/O
                         net (fo=1, routed)           1.868    86.604    sys_clock_IBUF
    BUFGCTRL_X0Y4        BUFG (Prop_bufg_I_O)         0.091    86.695 r  sys_clock_IBUF_BUFG_inst/O
                         net (fo=38, routed)          1.614    88.309    pwm0/sys_clock
    SLICE_X20Y147        FDCE                                         r  pwm0/count_reg[0][2]/C
                         clock pessimism              0.280    88.589    
                         clock uncertainty           -0.035    88.554    
    SLICE_X20Y147        FDCE (Setup_fdce_C_D)        0.029    88.583    pwm0/count_reg[0][2]
  -------------------------------------------------------------------
                         required time                         88.583    
                         arrival time                          -8.322    
  -------------------------------------------------------------------
                         slack                                 80.261    





Min Delay Paths
--------------------------------------------------------------------------------------
Slack (MET) :             0.244ns  (arrival time - required time)
  Source:                 pwm0/count_reg[0][0]/C
                            (rising edge-triggered cell FDCE clocked by sys_clk_pin  {rise@0.000ns fall@41.660ns period=83.330ns})
  Destination:            pwm0/count_reg[0][2]/D
                            (rising edge-triggered cell FDCE clocked by sys_clk_pin  {rise@0.000ns fall@41.660ns period=83.330ns})
  Path Group:             sys_clk_pin
  Path Type:              Hold (Min at Fast Process Corner)
  Requirement:            0.000ns  (sys_clk_pin rise@0.000ns - sys_clk_pin rise@0.000ns)
  Data Path Delay:        0.351ns  (logic 0.186ns (52.931%)  route 0.165ns (47.069%))
  Logic Levels:           1  (LUT4=1)
  Clock Path Skew:        0.016ns (DCD - SCD - CPR)
    Destination Clock Delay (DCD):    2.070ns
    Source Clock Delay      (SCD):    1.550ns
    Clock Pessimism Removal (CPR):    0.503ns

    Location             Delay type                Incr(ns)  Path(ns)    Netlist Resource(s)
  -------------------------------------------------------------------    -------------------
                         (clock sys_clk_pin rise edge)
                                                      0.000     0.000 r  
    L17                                               0.000     0.000 r  sys_clock (IN)
                         net (fo=0)                   0.000     0.000    sys_clock
    L17                  IBUF (Prop_ibuf_I_O)         0.244     0.244 r  sys_clock_IBUF_inst/O
                         net (fo=1, routed)           0.634     0.878    sys_clock_IBUF
    BUFGCTRL_X0Y4        BUFG (Prop_bufg_I_O)         0.026     0.904 r  sys_clock_IBUF_BUFG_inst/O
                         net (fo=38, routed)          0.646     1.550    pwm0/sys_clock
    SLICE_X22Y147        FDCE                                         r  pwm0/count_reg[0][0]/C
  -------------------------------------------------------------------    -------------------
    SLICE_X22Y147        FDCE (Prop_fdce_C_Q)         0.141     1.691 r  pwm0/count_reg[0][0]/Q
                         net (fo=11, routed)          0.165     1.857    pwm0/count_reg[0][0]
    SLICE_X20Y147        LUT4 (Prop_lut4_I1_O)        0.045     1.902 r  pwm0/count[0][2]_i_1/O
                         net (fo=1, routed)           0.000     1.902    pwm0/count[0]_0[2]
    SLICE_X20Y147        FDCE                                         r  pwm0/count_reg[0][2]/D
  -------------------------------------------------------------------    -------------------

                         (clock sys_clk_pin rise edge)
                                                      0.000     0.000 r  
    L17                                               0.000     0.000 r  sys_clock (IN)
                         net (fo=0)                   0.000     0.000    sys_clock
    L17                  IBUF (Prop_ibuf_I_O)         0.432     0.432 r  sys_clock_IBUF_inst/O
                         net (fo=1, routed)           0.689     1.120    sys_clock_IBUF
    BUFGCTRL_X0Y4        BUFG (Prop_bufg_I_O)         0.029     1.149 r  sys_clock_IBUF_BUFG_inst/O
                         net (fo=38, routed)          0.920     2.070    pwm0/sys_clock
    SLICE_X20Y147        FDCE                                         r  pwm0/count_reg[0][2]/C
                         clock pessimism             -0.503     1.566    
    SLICE_X20Y147        FDCE (Hold_fdce_C_D)         0.091     1.657    pwm0/count_reg[0][2]
  -------------------------------------------------------------------
                         required time                         -1.657    
                         arrival time                           1.902    
  -------------------------------------------------------------------
                         slack                                  0.244    

Slack (MET) :             0.247ns  (arrival time - required time)
  Source:                 pwm0/count_reg[0][1]/C
                            (rising edge-triggered cell FDCE clocked by sys_clk_pin  {rise@0.000ns fall@41.660ns period=83.330ns})
  Destination:            pwm0/count_reg[0][4]/D
                            (rising edge-triggered cell FDCE clocked by sys_clk_pin  {rise@0.000ns fall@41.660ns period=83.330ns})
  Path Group:             sys_clk_pin
  Path Type:              Hold (Min at Fast Process Corner)
  Requirement:            0.000ns  (sys_clk_pin rise@0.000ns - sys_clk_pin rise@0.000ns)
  Data Path Delay:        0.355ns  (logic 0.186ns (52.401%)  route 0.169ns (47.599%))
  Logic Levels:           1  (LUT6=1)
  Clock Path Skew:        0.016ns (DCD - SCD - CPR)
    Destination Clock Delay (DCD):    2.070ns
    Source Clock Delay      (SCD):    1.550ns
    Clock Pessimism Removal (CPR):    0.503ns

    Location             Delay type                Incr(ns)  Path(ns)    Netlist Resource(s)
  -------------------------------------------------------------------    -------------------
                         (clock sys_clk_pin rise edge)
                                                      0.000     0.000 r  
    L17                                               0.000     0.000 r  sys_clock (IN)
                         net (fo=0)                   0.000     0.000    sys_clock
    L17                  IBUF (Prop_ibuf_I_O)         0.244     0.244 r  sys_clock_IBUF_inst/O
                         net (fo=1, routed)           0.634     0.878    sys_clock_IBUF
    BUFGCTRL_X0Y4        BUFG (Prop_bufg_I_O)         0.026     0.904 r  sys_clock_IBUF_BUFG_inst/O
                         net (fo=38, routed)          0.646     1.550    pwm0/sys_clock
    SLICE_X22Y147        FDCE                                         r  pwm0/count_reg[0][1]/C
  -------------------------------------------------------------------    -------------------
    SLICE_X22Y147        FDCE (Prop_fdce_C_Q)         0.141     1.691 r  pwm0/count_reg[0][1]/Q
                         net (fo=10, routed)          0.169     1.860    pwm0/count_reg[0][1]
    SLICE_X20Y147        LUT6 (Prop_lut6_I3_O)        0.045     1.905 r  pwm0/count[0][4]_i_1/O
                         net (fo=1, routed)           0.000     1.905    pwm0/count[0]_0[4]
    SLICE_X20Y147        FDCE                                         r  pwm0/count_reg[0][4]/D
  -------------------------------------------------------------------    -------------------

                         (clock sys_clk_pin rise edge)
                                                      0.000     0.000 r  
    L17                                               0.000     0.000 r  sys_clock (IN)
                         net (fo=0)                   0.000     0.000    sys_clock
    L17                  IBUF (Prop_ibuf_I_O)         0.432     0.432 r  sys_clock_IBUF_inst/O
                         net (fo=1, routed)           0.689     1.120    sys_clock_IBUF
    BUFGCTRL_X0Y4        BUFG (Prop_bufg_I_O)         0.029     1.149 r  sys_clock_IBUF_BUFG_inst/O
                         net (fo=38, routed)          0.920     2.070    pwm0/sys_clock
    SLICE_X20Y147        FDCE                                         r  pwm0/count_reg[0][4]/C
                         clock pessimism             -0.503     1.566    
    SLICE_X20Y147        FDCE (Hold_fdce_C_D)         0.092     1.658    pwm0/count_reg[0][4]
  -------------------------------------------------------------------
                         required time                         -1.658    
                         arrival time                           1.905    
  -------------------------------------------------------------------
                         slack                                  0.247    

Slack (MET) :             0.254ns  (arrival time - required time)
  Source:                 cnt_div_reg[10]/C
                            (rising edge-triggered cell FDCE clocked by sys_clk_pin  {rise@0.000ns fall@41.660ns period=83.330ns})
  Destination:            cnt_div_reg[10]/D
                            (rising edge-triggered cell FDCE clocked by sys_clk_pin  {rise@0.000ns fall@41.660ns period=83.330ns})
  Path Group:             sys_clk_pin
  Path Type:              Hold (Min at Fast Process Corner)
  Requirement:            0.000ns  (sys_clk_pin rise@0.000ns - sys_clk_pin rise@0.000ns)
  Data Path Delay:        0.388ns  (logic 0.274ns (70.550%)  route 0.114ns (29.450%))
  Logic Levels:           1  (CARRY4=1)
  Clock Path Skew:        0.000ns (DCD - SCD - CPR)
    Destination Clock Delay (DCD):    2.066ns
    Source Clock Delay      (SCD):    1.546ns
    Clock Pessimism Removal (CPR):    0.519ns

    Location             Delay type                Incr(ns)  Path(ns)    Netlist Resource(s)
  -------------------------------------------------------------------    -------------------
                         (clock sys_clk_pin rise edge)
                                                      0.000     0.000 r  
    L17                                               0.000     0.000 r  sys_clock (IN)
                         net (fo=0)                   0.000     0.000    sys_clock
    L17                  IBUF (Prop_ibuf_I_O)         0.244     0.244 r  sys_clock_IBUF_inst/O
                         net (fo=1, routed)           0.634     0.878    sys_clock_IBUF
    BUFGCTRL_X0Y4        BUFG (Prop_bufg_I_O)         0.026     0.904 r  sys_clock_IBUF_BUFG_inst/O
                         net (fo=38, routed)          0.642     1.546    sys_clock_IBUF_BUFG
    SLICE_X34Y145        FDCE                                         r  cnt_div_reg[10]/C
  -------------------------------------------------------------------    -------------------
    SLICE_X34Y145        FDCE (Prop_fdce_C_Q)         0.164     1.710 r  cnt_div_reg[10]/Q
                         net (fo=1, routed)           0.114     1.825    cnt_div_reg_n_0_[10]
    SLICE_X34Y145        CARRY4 (Prop_carry4_S[2]_O[2])
                                                      0.110     1.935 r  cnt_div_reg[8]_i_1/O[2]
                         net (fo=1, routed)           0.000     1.935    cnt_div_reg[8]_i_1_n_5
    SLICE_X34Y145        FDCE                                         r  cnt_div_reg[10]/D
  -------------------------------------------------------------------    -------------------

                         (clock sys_clk_pin rise edge)
                                                      0.000     0.000 r  
    L17                                               0.000     0.000 r  sys_clock (IN)
                         net (fo=0)                   0.000     0.000    sys_clock
    L17                  IBUF (Prop_ibuf_I_O)         0.432     0.432 r  sys_clock_IBUF_inst/O
                         net (fo=1, routed)           0.689     1.120    sys_clock_IBUF
    BUFGCTRL_X0Y4        BUFG (Prop_bufg_I_O)         0.029     1.149 r  sys_clock_IBUF_BUFG_inst/O
                         net (fo=38, routed)          0.916     2.066    sys_clock_IBUF_BUFG
    SLICE_X34Y145        FDCE                                         r  cnt_div_reg[10]/C
                         clock pessimism             -0.519     1.546    
    SLICE_X34Y145        FDCE (Hold_fdce_C_D)         0.134     1.680    cnt_div_reg[10]
  -------------------------------------------------------------------
                         required time                         -1.680    
                         arrival time                           1.935    
  -------------------------------------------------------------------
                         slack                                  0.254    

Slack (MET) :             0.254ns  (arrival time - required time)
  Source:                 cnt_div_reg[14]/C
                            (rising edge-triggered cell FDCE clocked by sys_clk_pin  {rise@0.000ns fall@41.660ns period=83.330ns})
  Destination:            cnt_div_reg[14]/D
                            (rising edge-triggered cell FDCE clocked by sys_clk_pin  {rise@0.000ns fall@41.660ns period=83.330ns})
  Path Group:             sys_clk_pin
  Path Type:              Hold (Min at Fast Process Corner)
  Requirement:            0.000ns  (sys_clk_pin rise@0.000ns - sys_clk_pin rise@0.000ns)
  Data Path Delay:        0.388ns  (logic 0.274ns (70.550%)  route 0.114ns (29.450%))
  Logic Levels:           1  (CARRY4=1)
  Clock Path Skew:        0.000ns (DCD - SCD - CPR)
    Destination Clock Delay (DCD):    2.066ns
    Source Clock Delay      (SCD):    1.546ns
    Clock Pessimism Removal (CPR):    0.519ns

    Location             Delay type                Incr(ns)  Path(ns)    Netlist Resource(s)
  -------------------------------------------------------------------    -------------------
                         (clock sys_clk_pin rise edge)
                                                      0.000     0.000 r  
    L17                                               0.000     0.000 r  sys_clock (IN)
                         net (fo=0)                   0.000     0.000    sys_clock
    L17                  IBUF (Prop_ibuf_I_O)         0.244     0.244 r  sys_clock_IBUF_inst/O
                         net (fo=1, routed)           0.634     0.878    sys_clock_IBUF
    BUFGCTRL_X0Y4        BUFG (Prop_bufg_I_O)         0.026     0.904 r  sys_clock_IBUF_BUFG_inst/O
                         net (fo=38, routed)          0.642     1.546    sys_clock_IBUF_BUFG
    SLICE_X34Y146        FDCE                                         r  cnt_div_reg[14]/C
  -------------------------------------------------------------------    -------------------
    SLICE_X34Y146        FDCE (Prop_fdce_C_Q)         0.164     1.710 r  cnt_div_reg[14]/Q
                         net (fo=1, routed)           0.114     1.825    cnt_div_reg_n_0_[14]
    SLICE_X34Y146        CARRY4 (Prop_carry4_S[2]_O[2])
                                                      0.110     1.935 r  cnt_div_reg[12]_i_1/O[2]
                         net (fo=1, routed)           0.000     1.935    cnt_div_reg[12]_i_1_n_5
    SLICE_X34Y146        FDCE                                         r  cnt_div_reg[14]/D
  -------------------------------------------------------------------    -------------------

                         (clock sys_clk_pin rise edge)
                                                      0.000     0.000 r  
    L17                                               0.000     0.000 r  sys_clock (IN)
                         net (fo=0)                   0.000     0.000    sys_clock
    L17                  IBUF (Prop_ibuf_I_O)         0.432     0.432 r  sys_clock_IBUF_inst/O
                         net (fo=1, routed)           0.689     1.120    sys_clock_IBUF
    BUFGCTRL_X0Y4        BUFG (Prop_bufg_I_O)         0.029     1.149 r  sys_clock_IBUF_BUFG_inst/O
                         net (fo=38, routed)          0.916     2.066    sys_clock_IBUF_BUFG
    SLICE_X34Y146        FDCE                                         r  cnt_div_reg[14]/C
                         clock pessimism             -0.519     1.546    
    SLICE_X34Y146        FDCE (Hold_fdce_C_D)         0.134     1.680    cnt_div_reg[14]
  -------------------------------------------------------------------
                         required time                         -1.680    
                         arrival time                           1.935    
  -------------------------------------------------------------------
                         slack                                  0.254    

Slack (MET) :             0.254ns  (arrival time - required time)
  Source:                 cnt_div_reg[6]/C
                            (rising edge-triggered cell FDCE clocked by sys_clk_pin  {rise@0.000ns fall@41.660ns period=83.330ns})
  Destination:            cnt_div_reg[6]/D
                            (rising edge-triggered cell FDCE clocked by sys_clk_pin  {rise@0.000ns fall@41.660ns period=83.330ns})
  Path Group:             sys_clk_pin
  Path Type:              Hold (Min at Fast Process Corner)
  Requirement:            0.000ns  (sys_clk_pin rise@0.000ns - sys_clk_pin rise@0.000ns)
  Data Path Delay:        0.388ns  (logic 0.274ns (70.550%)  route 0.114ns (29.450%))
  Logic Levels:           1  (CARRY4=1)
  Clock Path Skew:        0.000ns (DCD - SCD - CPR)
    Destination Clock Delay (DCD):    2.066ns
    Source Clock Delay      (SCD):    1.546ns
    Clock Pessimism Removal (CPR):    0.519ns

    Location             Delay type                Incr(ns)  Path(ns)    Netlist Resource(s)
  -------------------------------------------------------------------    -------------------
                         (clock sys_clk_pin rise edge)
                                                      0.000     0.000 r  
    L17                                               0.000     0.000 r  sys_clock (IN)
                         net (fo=0)                   0.000     0.000    sys_clock
    L17                  IBUF (Prop_ibuf_I_O)         0.244     0.244 r  sys_clock_IBUF_inst/O
                         net (fo=1, routed)           0.634     0.878    sys_clock_IBUF
    BUFGCTRL_X0Y4        BUFG (Prop_bufg_I_O)         0.026     0.904 r  sys_clock_IBUF_BUFG_inst/O
                         net (fo=38, routed)          0.642     1.546    sys_clock_IBUF_BUFG
    SLICE_X34Y144        FDCE                                         r  cnt_div_reg[6]/C
  -------------------------------------------------------------------    -------------------
    SLICE_X34Y144        FDCE (Prop_fdce_C_Q)         0.164     1.710 r  cnt_div_reg[6]/Q
                         net (fo=1, routed)           0.114     1.825    cnt_div_reg_n_0_[6]
    SLICE_X34Y144        CARRY4 (Prop_carry4_S[2]_O[2])
                                                      0.110     1.935 r  cnt_div_reg[4]_i_1/O[2]
                         net (fo=1, routed)           0.000     1.935    cnt_div_reg[4]_i_1_n_5
    SLICE_X34Y144        FDCE                                         r  cnt_div_reg[6]/D
  -------------------------------------------------------------------    -------------------

                         (clock sys_clk_pin rise edge)
                                                      0.000     0.000 r  
    L17                                               0.000     0.000 r  sys_clock (IN)
                         net (fo=0)                   0.000     0.000    sys_clock
    L17                  IBUF (Prop_ibuf_I_O)         0.432     0.432 r  sys_clock_IBUF_inst/O
                         net (fo=1, routed)           0.689     1.120    sys_clock_IBUF
    BUFGCTRL_X0Y4        BUFG (Prop_bufg_I_O)         0.029     1.149 r  sys_clock_IBUF_BUFG_inst/O
                         net (fo=38, routed)          0.916     2.066    sys_clock_IBUF_BUFG
    SLICE_X34Y144        FDCE                                         r  cnt_div_reg[6]/C
                         clock pessimism             -0.519     1.546    
    SLICE_X34Y144        FDCE (Hold_fdce_C_D)         0.134     1.680    cnt_div_reg[6]
  -------------------------------------------------------------------
                         required time                         -1.680    
                         arrival time                           1.935    
  -------------------------------------------------------------------
                         slack                                  0.254    

Slack (MET) :             0.261ns  (arrival time - required time)
  Source:                 pwm0/count_reg[0][0]/C
                            (rising edge-triggered cell FDCE clocked by sys_clk_pin  {rise@0.000ns fall@41.660ns period=83.330ns})
  Destination:            pwm0/count_reg[0][0]/D
                            (rising edge-triggered cell FDCE clocked by sys_clk_pin  {rise@0.000ns fall@41.660ns period=83.330ns})
  Path Group:             sys_clk_pin
  Path Type:              Hold (Min at Fast Process Corner)
  Requirement:            0.000ns  (sys_clk_pin rise@0.000ns - sys_clk_pin rise@0.000ns)
  Data Path Delay:        0.353ns  (logic 0.186ns (52.718%)  route 0.167ns (47.282%))
  Logic Levels:           1  (LUT2=1)
  Clock Path Skew:        0.000ns (DCD - SCD - CPR)
    Destination Clock Delay (DCD):    2.070ns
    Source Clock Delay      (SCD):    1.550ns
    Clock Pessimism Removal (CPR):    0.519ns

    Location             Delay type                Incr(ns)  Path(ns)    Netlist Resource(s)
  -------------------------------------------------------------------    -------------------
                         (clock sys_clk_pin rise edge)
                                                      0.000     0.000 r  
    L17                                               0.000     0.000 r  sys_clock (IN)
                         net (fo=0)                   0.000     0.000    sys_clock
    L17                  IBUF (Prop_ibuf_I_O)         0.244     0.244 r  sys_clock_IBUF_inst/O
                         net (fo=1, routed)           0.634     0.878    sys_clock_IBUF
    BUFGCTRL_X0Y4        BUFG (Prop_bufg_I_O)         0.026     0.904 r  sys_clock_IBUF_BUFG_inst/O
                         net (fo=38, routed)          0.646     1.550    pwm0/sys_clock
    SLICE_X22Y147        FDCE                                         r  pwm0/count_reg[0][0]/C
  -------------------------------------------------------------------    -------------------
    SLICE_X22Y147        FDCE (Prop_fdce_C_Q)         0.141     1.691 f  pwm0/count_reg[0][0]/Q
                         net (fo=11, routed)          0.167     1.858    pwm0/count_reg[0][0]
    SLICE_X22Y147        LUT2 (Prop_lut2_I1_O)        0.045     1.903 r  pwm0/count[0][0]_i_1/O
                         net (fo=1, routed)           0.000     1.903    pwm0/count[0]_0[0]
    SLICE_X22Y147        FDCE                                         r  pwm0/count_reg[0][0]/D
  -------------------------------------------------------------------    -------------------

                         (clock sys_clk_pin rise edge)
                                                      0.000     0.000 r  
    L17                                               0.000     0.000 r  sys_clock (IN)
                         net (fo=0)                   0.000     0.000    sys_clock
    L17                  IBUF (Prop_ibuf_I_O)         0.432     0.432 r  sys_clock_IBUF_inst/O
                         net (fo=1, routed)           0.689     1.120    sys_clock_IBUF
    BUFGCTRL_X0Y4        BUFG (Prop_bufg_I_O)         0.029     1.149 r  sys_clock_IBUF_BUFG_inst/O
                         net (fo=38, routed)          0.920     2.070    pwm0/sys_clock
    SLICE_X22Y147        FDCE                                         r  pwm0/count_reg[0][0]/C
                         clock pessimism             -0.519     1.550    
    SLICE_X22Y147        FDCE (Hold_fdce_C_D)         0.092     1.642    pwm0/count_reg[0][0]
  -------------------------------------------------------------------
                         required time                         -1.642    
                         arrival time                           1.903    
  -------------------------------------------------------------------
                         slack                                  0.261    

Slack (MET) :             0.263ns  (arrival time - required time)
  Source:                 pwm0/count_reg[0][6]/C
                            (rising edge-triggered cell FDCE clocked by sys_clk_pin  {rise@0.000ns fall@41.660ns period=83.330ns})
  Destination:            pwm0/count_reg[0][6]/D
                            (rising edge-triggered cell FDCE clocked by sys_clk_pin  {rise@0.000ns fall@41.660ns period=83.330ns})
  Path Group:             sys_clk_pin
  Path Type:              Hold (Min at Fast Process Corner)
  Requirement:            0.000ns  (sys_clk_pin rise@0.000ns - sys_clk_pin rise@0.000ns)
  Data Path Delay:        0.354ns  (logic 0.186ns (52.507%)  route 0.168ns (47.493%))
  Logic Levels:           1  (LUT3=1)
  Clock Path Skew:        0.000ns (DCD - SCD - CPR)
    Destination Clock Delay (DCD):    2.070ns
    Source Clock Delay      (SCD):    1.550ns
    Clock Pessimism Removal (CPR):    0.519ns

    Location             Delay type                Incr(ns)  Path(ns)    Netlist Resource(s)
  -------------------------------------------------------------------    -------------------
                         (clock sys_clk_pin rise edge)
                                                      0.000     0.000 r  
    L17                                               0.000     0.000 r  sys_clock (IN)
                         net (fo=0)                   0.000     0.000    sys_clock
    L17                  IBUF (Prop_ibuf_I_O)         0.244     0.244 r  sys_clock_IBUF_inst/O
                         net (fo=1, routed)           0.634     0.878    sys_clock_IBUF
    BUFGCTRL_X0Y4        BUFG (Prop_bufg_I_O)         0.026     0.904 r  sys_clock_IBUF_BUFG_inst/O
                         net (fo=38, routed)          0.646     1.550    pwm0/sys_clock
    SLICE_X21Y149        FDCE                                         r  pwm0/count_reg[0][6]/C
  -------------------------------------------------------------------    -------------------
    SLICE_X21Y149        FDCE (Prop_fdce_C_Q)         0.141     1.691 r  pwm0/count_reg[0][6]/Q
                         net (fo=7, routed)           0.168     1.859    pwm0/count_reg[0][6]
    SLICE_X21Y149        LUT3 (Prop_lut3_I2_O)        0.045     1.904 r  pwm0/count[0][6]_i_1/O
                         net (fo=1, routed)           0.000     1.904    pwm0/count[0]_0[6]
    SLICE_X21Y149        FDCE                                         r  pwm0/count_reg[0][6]/D
  -------------------------------------------------------------------    -------------------

                         (clock sys_clk_pin rise edge)
                                                      0.000     0.000 r  
    L17                                               0.000     0.000 r  sys_clock (IN)
                         net (fo=0)                   0.000     0.000    sys_clock
    L17                  IBUF (Prop_ibuf_I_O)         0.432     0.432 r  sys_clock_IBUF_inst/O
                         net (fo=1, routed)           0.689     1.120    sys_clock_IBUF
    BUFGCTRL_X0Y4        BUFG (Prop_bufg_I_O)         0.029     1.149 r  sys_clock_IBUF_BUFG_inst/O
                         net (fo=38, routed)          0.920     2.070    pwm0/sys_clock
    SLICE_X21Y149        FDCE                                         r  pwm0/count_reg[0][6]/C
                         clock pessimism             -0.519     1.550    
    SLICE_X21Y149        FDCE (Hold_fdce_C_D)         0.091     1.641    pwm0/count_reg[0][6]
  -------------------------------------------------------------------
                         required time                         -1.641    
                         arrival time                           1.904    
  -------------------------------------------------------------------
                         slack                                  0.263    

Slack (MET) :             0.263ns  (arrival time - required time)
  Source:                 cnt_div_reg[25]/C
                            (rising edge-triggered cell FDCE clocked by sys_clk_pin  {rise@0.000ns fall@41.660ns period=83.330ns})
  Destination:            cnt_div_reg[25]/D
                            (rising edge-triggered cell FDCE clocked by sys_clk_pin  {rise@0.000ns fall@41.660ns period=83.330ns})
  Path Group:             sys_clk_pin
  Path Type:              Hold (Min at Fast Process Corner)
  Requirement:            0.000ns  (sys_clk_pin rise@0.000ns - sys_clk_pin rise@0.000ns)
  Data Path Delay:        0.397ns  (logic 0.275ns (69.205%)  route 0.122ns (30.795%))
  Logic Levels:           1  (CARRY4=1)
  Clock Path Skew:        0.000ns (DCD - SCD - CPR)
    Destination Clock Delay (DCD):    2.067ns
    Source Clock Delay      (SCD):    1.547ns
    Clock Pessimism Removal (CPR):    0.519ns

    Location             Delay type                Incr(ns)  Path(ns)    Netlist Resource(s)
  -------------------------------------------------------------------    -------------------
                         (clock sys_clk_pin rise edge)
                                                      0.000     0.000 r  
    L17                                               0.000     0.000 r  sys_clock (IN)
                         net (fo=0)                   0.000     0.000    sys_clock
    L17                  IBUF (Prop_ibuf_I_O)         0.244     0.244 r  sys_clock_IBUF_inst/O
                         net (fo=1, routed)           0.634     0.878    sys_clock_IBUF
    BUFGCTRL_X0Y4        BUFG (Prop_bufg_I_O)         0.026     0.904 r  sys_clock_IBUF_BUFG_inst/O
                         net (fo=38, routed)          0.643     1.547    sys_clock_IBUF_BUFG
    SLICE_X34Y149        FDCE                                         r  cnt_div_reg[25]/C
  -------------------------------------------------------------------    -------------------
    SLICE_X34Y149        FDCE (Prop_fdce_C_Q)         0.164     1.711 r  cnt_div_reg[25]/Q
                         net (fo=29, routed)          0.122     1.834    sel[7]
    SLICE_X34Y149        CARRY4 (Prop_carry4_S[1]_O[1])
                                                      0.111     1.945 r  cnt_div_reg[24]_i_1/O[1]
                         net (fo=1, routed)           0.000     1.945    cnt_div_reg[24]_i_1_n_6
    SLICE_X34Y149        FDCE                                         r  cnt_div_reg[25]/D
  -------------------------------------------------------------------    -------------------

                         (clock sys_clk_pin rise edge)
                                                      0.000     0.000 r  
    L17                                               0.000     0.000 r  sys_clock (IN)
                         net (fo=0)                   0.000     0.000    sys_clock
    L17                  IBUF (Prop_ibuf_I_O)         0.432     0.432 r  sys_clock_IBUF_inst/O
                         net (fo=1, routed)           0.689     1.120    sys_clock_IBUF
    BUFGCTRL_X0Y4        BUFG (Prop_bufg_I_O)         0.029     1.149 r  sys_clock_IBUF_BUFG_inst/O
                         net (fo=38, routed)          0.917     2.067    sys_clock_IBUF_BUFG
    SLICE_X34Y149        FDCE                                         r  cnt_div_reg[25]/C
                         clock pessimism             -0.519     1.547    
    SLICE_X34Y149        FDCE (Hold_fdce_C_D)         0.134     1.681    cnt_div_reg[25]
  -------------------------------------------------------------------
                         required time                         -1.681    
                         arrival time                           1.945    
  -------------------------------------------------------------------
                         slack                                  0.263    

Slack (MET) :             0.266ns  (arrival time - required time)
  Source:                 pwm0/count_reg[0][4]/C
                            (rising edge-triggered cell FDCE clocked by sys_clk_pin  {rise@0.000ns fall@41.660ns period=83.330ns})
  Destination:            pwm0/count_reg[0][5]/D
                            (rising edge-triggered cell FDCE clocked by sys_clk_pin  {rise@0.000ns fall@41.660ns period=83.330ns})
  Path Group:             sys_clk_pin
  Path Type:              Hold (Min at Fast Process Corner)
  Requirement:            0.000ns  (sys_clk_pin rise@0.000ns - sys_clk_pin rise@0.000ns)
  Data Path Delay:        0.373ns  (logic 0.186ns (49.900%)  route 0.187ns (50.100%))
  Logic Levels:           1  (LUT6=1)
  Clock Path Skew:        0.016ns (DCD - SCD - CPR)
    Destination Clock Delay (DCD):    2.070ns
    Source Clock Delay      (SCD):    1.550ns
    Clock Pessimism Removal (CPR):    0.503ns

    Location             Delay type                Incr(ns)  Path(ns)    Netlist Resource(s)
  -------------------------------------------------------------------    -------------------
                         (clock sys_clk_pin rise edge)
                                                      0.000     0.000 r  
    L17                                               0.000     0.000 r  sys_clock (IN)
                         net (fo=0)                   0.000     0.000    sys_clock
    L17                  IBUF (Prop_ibuf_I_O)         0.244     0.244 r  sys_clock_IBUF_inst/O
                         net (fo=1, routed)           0.634     0.878    sys_clock_IBUF
    BUFGCTRL_X0Y4        BUFG (Prop_bufg_I_O)         0.026     0.904 r  sys_clock_IBUF_BUFG_inst/O
                         net (fo=38, routed)          0.646     1.550    pwm0/sys_clock
    SLICE_X20Y147        FDCE                                         r  pwm0/count_reg[0][4]/C
  -------------------------------------------------------------------    -------------------
    SLICE_X20Y147        FDCE (Prop_fdce_C_Q)         0.141     1.691 r  pwm0/count_reg[0][4]/Q
                         net (fo=7, routed)           0.187     1.878    pwm0/count_reg[0][4]
    SLICE_X22Y147        LUT6 (Prop_lut6_I4_O)        0.045     1.923 r  pwm0/count[0][5]_i_1/O
                         net (fo=1, routed)           0.000     1.923    pwm0/count[0]_0[5]
    SLICE_X22Y147        FDCE                                         r  pwm0/count_reg[0][5]/D
  -------------------------------------------------------------------    -------------------

                         (clock sys_clk_pin rise edge)
                                                      0.000     0.000 r  
    L17                                               0.000     0.000 r  sys_clock (IN)
                         net (fo=0)                   0.000     0.000    sys_clock
    L17                  IBUF (Prop_ibuf_I_O)         0.432     0.432 r  sys_clock_IBUF_inst/O
                         net (fo=1, routed)           0.689     1.120    sys_clock_IBUF
    BUFGCTRL_X0Y4        BUFG (Prop_bufg_I_O)         0.029     1.149 r  sys_clock_IBUF_BUFG_inst/O
                         net (fo=38, routed)          0.920     2.070    pwm0/sys_clock
    SLICE_X22Y147        FDCE                                         r  pwm0/count_reg[0][5]/C
                         clock pessimism             -0.503     1.566    
    SLICE_X22Y147        FDCE (Hold_fdce_C_D)         0.091     1.657    pwm0/count_reg[0][5]
  -------------------------------------------------------------------
                         required time                         -1.657    
                         arrival time                           1.923    
  -------------------------------------------------------------------
                         slack                                  0.266    

Slack (MET) :             0.279ns  (arrival time - required time)
  Source:                 cnt_div_reg[18]/C
                            (rising edge-triggered cell FDCE clocked by sys_clk_pin  {rise@0.000ns fall@41.660ns period=83.330ns})
  Destination:            cnt_div_reg[18]/D
                            (rising edge-triggered cell FDCE clocked by sys_clk_pin  {rise@0.000ns fall@41.660ns period=83.330ns})
  Path Group:             sys_clk_pin
  Path Type:              Hold (Min at Fast Process Corner)
  Requirement:            0.000ns  (sys_clk_pin rise@0.000ns - sys_clk_pin rise@0.000ns)
  Data Path Delay:        0.413ns  (logic 0.274ns (66.390%)  route 0.139ns (33.610%))
  Logic Levels:           1  (CARRY4=1)
  Clock Path Skew:        0.000ns (DCD - SCD - CPR)
    Destination Clock Delay (DCD):    2.067ns
    Source Clock Delay      (SCD):    1.547ns
    Clock Pessimism Removal (CPR):    0.519ns

    Location             Delay type                Incr(ns)  Path(ns)    Netlist Resource(s)
  -------------------------------------------------------------------    -------------------
                         (clock sys_clk_pin rise edge)
                                                      0.000     0.000 r  
    L17                                               0.000     0.000 r  sys_clock (IN)
                         net (fo=0)                   0.000     0.000    sys_clock
    L17                  IBUF (Prop_ibuf_I_O)         0.244     0.244 r  sys_clock_IBUF_inst/O
                         net (fo=1, routed)           0.634     0.878    sys_clock_IBUF
    BUFGCTRL_X0Y4        BUFG (Prop_bufg_I_O)         0.026     0.904 r  sys_clock_IBUF_BUFG_inst/O
                         net (fo=38, routed)          0.643     1.547    sys_clock_IBUF_BUFG
    SLICE_X34Y147        FDCE                                         r  cnt_div_reg[18]/C
  -------------------------------------------------------------------    -------------------
    SLICE_X34Y147        FDCE (Prop_fdce_C_Q)         0.164     1.711 r  cnt_div_reg[18]/Q
                         net (fo=23, routed)          0.139     1.850    sel[0]
    SLICE_X34Y147        CARRY4 (Prop_carry4_S[2]_O[2])
                                                      0.110     1.960 r  cnt_div_reg[16]_i_1/O[2]
                         net (fo=1, routed)           0.000     1.960    cnt_div_reg[16]_i_1_n_5
    SLICE_X34Y147        FDCE                                         r  cnt_div_reg[18]/D
  -------------------------------------------------------------------    -------------------

                         (clock sys_clk_pin rise edge)
                                                      0.000     0.000 r  
    L17                                               0.000     0.000 r  sys_clock (IN)
                         net (fo=0)                   0.000     0.000    sys_clock
    L17                  IBUF (Prop_ibuf_I_O)         0.432     0.432 r  sys_clock_IBUF_inst/O
                         net (fo=1, routed)           0.689     1.120    sys_clock_IBUF
    BUFGCTRL_X0Y4        BUFG (Prop_bufg_I_O)         0.029     1.149 r  sys_clock_IBUF_BUFG_inst/O
                         net (fo=38, routed)          0.917     2.067    sys_clock_IBUF_BUFG
    SLICE_X34Y147        FDCE                                         r  cnt_div_reg[18]/C
                         clock pessimism             -0.519     1.547    
    SLICE_X34Y147        FDCE (Hold_fdce_C_D)         0.134     1.681    cnt_div_reg[18]
  -------------------------------------------------------------------
                         required time                         -1.681    
                         arrival time                           1.960    
  -------------------------------------------------------------------
                         slack                                  0.279    





Pulse Width Checks
--------------------------------------------------------------------------------------
Clock Name:         sys_clk_pin
Waveform(ns):       { 0.000 41.660 }
Period(ns):         83.330
Sources:            { sys_clock }

Check Type        Corner  Lib Pin      Reference Pin  Required(ns)  Actual(ns)  Slack(ns)  Location       Pin
Min Period        n/a     BUFG/I       n/a            2.155         83.330      81.175     BUFGCTRL_X0Y4  sys_clock_IBUF_BUFG_inst/I
Min Period        n/a     DSP48E1/CLK  n/a            2.154         83.330      81.176     DSP48_X0Y58    pwm0/half_duty_new_reg/CLK
Min Period        n/a     FDCE/C       n/a            1.000         83.330      82.330     SLICE_X34Y143  cnt_div_reg[0]/C
Min Period        n/a     FDCE/C       n/a            1.000         83.330      82.330     SLICE_X34Y145  cnt_div_reg[10]/C
Min Period        n/a     FDCE/C       n/a            1.000         83.330      82.330     SLICE_X34Y145  cnt_div_reg[11]/C
Min Period        n/a     FDCE/C       n/a            1.000         83.330      82.330     SLICE_X34Y146  cnt_div_reg[12]/C
Min Period        n/a     FDCE/C       n/a            1.000         83.330      82.330     SLICE_X34Y146  cnt_div_reg[13]/C
Min Period        n/a     FDCE/C       n/a            1.000         83.330      82.330     SLICE_X34Y146  cnt_div_reg[14]/C
Min Period        n/a     FDCE/C       n/a            1.000         83.330      82.330     SLICE_X34Y146  cnt_div_reg[15]/C
Min Period        n/a     FDCE/C       n/a            1.000         83.330      82.330     SLICE_X34Y147  cnt_div_reg[16]/C
Low Pulse Width   Fast    FDCE/C       n/a            0.500         41.670      41.170     SLICE_X34Y147  cnt_div_reg[16]/C
Low Pulse Width   Fast    FDCE/C       n/a            0.500         41.670      41.170     SLICE_X34Y147  cnt_div_reg[17]/C
Low Pulse Width   Fast    FDCE/C       n/a            0.500         41.670      41.170     SLICE_X34Y147  cnt_div_reg[18]/C
Low Pulse Width   Fast    FDCE/C       n/a            0.500         41.670      41.170     SLICE_X34Y147  cnt_div_reg[19]/C
Low Pulse Width   Fast    FDCE/C       n/a            0.500         41.670      41.170     SLICE_X34Y148  cnt_div_reg[20]/C
Low Pulse Width   Fast    FDCE/C       n/a            0.500         41.670      41.170     SLICE_X34Y148  cnt_div_reg[21]/C
Low Pulse Width   Fast    FDCE/C       n/a            0.500         41.670      41.170     SLICE_X34Y148  cnt_div_reg[22]/C
Low Pulse Width   Fast    FDCE/C       n/a            0.500         41.670      41.170     SLICE_X34Y148  cnt_div_reg[23]/C
Low Pulse Width   Fast    FDCE/C       n/a            0.500         41.670      41.170     SLICE_X34Y149  cnt_div_reg[24]/C
Low Pulse Width   Fast    FDCE/C       n/a            0.500         41.670      41.170     SLICE_X34Y149  cnt_div_reg[25]/C
High Pulse Width  Slow    FDCE/C       n/a            0.500         41.660      41.160     SLICE_X34Y147  cnt_div_reg[16]/C
High Pulse Width  Slow    FDCE/C       n/a            0.500         41.660      41.160     SLICE_X34Y147  cnt_div_reg[17]/C
High Pulse Width  Slow    FDCE/C       n/a            0.500         41.660      41.160     SLICE_X34Y147  cnt_div_reg[18]/C
High Pulse Width  Slow    FDCE/C       n/a            0.500         41.660      41.160     SLICE_X34Y147  cnt_div_reg[19]/C
High Pulse Width  Slow    FDCE/C       n/a            0.500         41.660      41.160     SLICE_X34Y148  cnt_div_reg[20]/C
High Pulse Width  Slow    FDCE/C       n/a            0.500         41.660      41.160     SLICE_X34Y148  cnt_div_reg[21]/C
High Pulse Width  Slow    FDCE/C       n/a            0.500         41.660      41.160     SLICE_X34Y148  cnt_div_reg[22]/C
High Pulse Width  Slow    FDCE/C       n/a            0.500         41.660      41.160     SLICE_X34Y148  cnt_div_reg[23]/C
High Pulse Width  Slow    FDCE/C       n/a            0.500         41.660      41.160     SLICE_X34Y149  cnt_div_reg[24]/C
High Pulse Width  Slow    FDCE/C       n/a            0.500         41.660      41.160     SLICE_X34Y149  cnt_div_reg[25]/C



---------------------------------------------------------------------------------------------------
From Clock:  user_35t_i/clk_wiz_0/inst/clk_in1
  To Clock:  user_35t_i/clk_wiz_0/inst/clk_in1

Setup :           NA  Failing Endpoints,  Worst Slack           NA  ,  Total Violation           NA
Hold  :           NA  Failing Endpoints,  Worst Slack           NA  ,  Total Violation           NA
PW    :            0  Failing Endpoints,  Worst Slack       16.667ns,  Total Violation        0.000ns
---------------------------------------------------------------------------------------------------


Pulse Width Checks
--------------------------------------------------------------------------------------
Clock Name:         user_35t_i/clk_wiz_0/inst/clk_in1
Waveform(ns):       { 0.000 41.667 }
Period(ns):         83.333
Sources:            { user_35t_i/clk_wiz_0/inst/clk_in1 }

Check Type        Corner  Lib Pin            Reference Pin  Required(ns)  Actual(ns)  Slack(ns)  Location         Pin
Min Period        n/a     MMCME2_ADV/CLKIN1  n/a            1.249         83.333      82.084     MMCME2_ADV_X1Y0  user_35t_i/clk_wiz_0/inst/mmcm_adv_inst/CLKIN1
Max Period        n/a     MMCME2_ADV/CLKIN1  n/a            100.000       83.333      16.667     MMCME2_ADV_X1Y0  user_35t_i/clk_wiz_0/inst/mmcm_adv_inst/CLKIN1
Low Pulse Width   Slow    MMCME2_ADV/CLKIN1  n/a            10.000        41.666      31.666     MMCME2_ADV_X1Y0  user_35t_i/clk_wiz_0/inst/mmcm_adv_inst/CLKIN1
Low Pulse Width   Fast    MMCME2_ADV/CLKIN1  n/a            10.000        41.667      31.667     MMCME2_ADV_X1Y0  user_35t_i/clk_wiz_0/inst/mmcm_adv_inst/CLKIN1
High Pulse Width  Slow    MMCME2_ADV/CLKIN1  n/a            10.000        41.666      31.666     MMCME2_ADV_X1Y0  user_35t_i/clk_wiz_0/inst/mmcm_adv_inst/CLKIN1
High Pulse Width  Fast    MMCME2_ADV/CLKIN1  n/a            10.000        41.666      31.666     MMCME2_ADV_X1Y0  user_35t_i/clk_wiz_0/inst/mmcm_adv_inst/CLKIN1



---------------------------------------------------------------------------------------------------
From Clock:  clk_out1_user_35t_clk_wiz_0_0
  To Clock:  clk_out1_user_35t_clk_wiz_0_0

Setup :            0  Failing Endpoints,  Worst Slack        0.206ns,  Total Violation        0.000ns
Hold  :            0  Failing Endpoints,  Worst Slack        0.011ns,  Total Violation        0.000ns
PW    :            0  Failing Endpoints,  Worst Slack        3.750ns,  Total Violation        0.000ns
---------------------------------------------------------------------------------------------------


Max Delay Paths
--------------------------------------------------------------------------------------
Slack (MET) :             0.206ns  (required time - arrival time)
  Source:                 user_35t_i/axi_interconnect_0/xbar/inst/gen_samd.crossbar_samd/gen_master_slots[0].gen_mi_write.wdata_mux_w/gen_wmux.wmux_aw_fifo/storage_data1_reg[2]/C
                            (rising edge-triggered cell FDRE clocked by clk_out1_user_35t_clk_wiz_0_0  {rise@0.000ns fall@5.000ns period=10.000ns})
  Destination:            user_35t_i/axi_interconnect_0/s01_couplers/auto_us/inst/gen_upsizer.gen_full_upsizer.axi_upsizer_inst/USE_WRITE.write_addr_inst/GEN_CMD_QUEUE.cmd_queue/USE_RTL_ADDR.addr_q_reg[0]/CE
                            (rising edge-triggered cell FDRE clocked by clk_out1_user_35t_clk_wiz_0_0  {rise@0.000ns fall@5.000ns period=10.000ns})
  Path Group:             clk_out1_user_35t_clk_wiz_0_0
  Path Type:              Setup (Max at Slow Process Corner)
  Requirement:            10.000ns  (clk_out1_user_35t_clk_wiz_0_0 rise@10.000ns - clk_out1_user_35t_clk_wiz_0_0 rise@0.000ns)
  Data Path Delay:        9.232ns  (logic 2.636ns (28.554%)  route 6.596ns (71.446%))
  Logic Levels:           15  (LUT2=4 LUT3=1 LUT5=3 LUT6=6 MUXF7=1)
  Clock Path Skew:        -0.115ns (DCD - SCD + CPR)
    Destination Clock Delay (DCD):    1.421ns = ( 11.421 - 10.000 ) 
    Source Clock Delay      (SCD):    1.543ns
    Clock Pessimism Removal (CPR):    0.007ns
  Clock Uncertainty:      0.243ns  ((TSJ^2 + DJ^2)^1/2) / 2 + PE
    Total System Jitter     (TSJ):    0.071ns
    Discrete Jitter          (DJ):    0.480ns
    Phase Error              (PE):    0.000ns

    Location             Delay type                Incr(ns)  Path(ns)    Netlist Resource(s)
  -------------------------------------------------------------------    -------------------
                         (clock clk_out1_user_35t_clk_wiz_0_0 rise edge)
                                                      0.000     0.000 r  
    BUFGCTRL_X0Y4        BUFG                         0.000     0.000 r  sys_clock_IBUF_BUFG_inst/O
                         net (fo=38, routed)          1.575     1.575    user_35t_i/clk_wiz_0/inst/clk_in1
    MMCME2_ADV_X1Y0      MMCME2_ADV (Prop_mmcme2_adv_CLKIN1_CLKOUT0)
                                                     -3.333    -1.757 r  user_35t_i/clk_wiz_0/inst/mmcm_adv_inst/CLKOUT0
                         net (fo=1, routed)           1.661    -0.096    user_35t_i/clk_wiz_0/inst/clk_out1_user_35t_clk_wiz_0_0
    BUFGCTRL_X0Y0        BUFG (Prop_bufg_I_O)         0.096    -0.000 r  user_35t_i/clk_wiz_0/inst/clkout1_buf/O
                         net (fo=26831, routed)       1.543     1.543    user_35t_i/axi_interconnect_0/xbar/inst/gen_samd.crossbar_samd/gen_master_slots[0].gen_mi_write.wdata_mux_w/gen_wmux.wmux_aw_fifo/aclk
    SLICE_X10Y71         FDRE                                         r  user_35t_i/axi_interconnect_0/xbar/inst/gen_samd.crossbar_samd/gen_master_slots[0].gen_mi_write.wdata_mux_w/gen_wmux.wmux_aw_fifo/storage_data1_reg[2]/C
  -------------------------------------------------------------------    -------------------
    SLICE_X10Y71         FDRE (Prop_fdre_C_Q)         0.518     2.061 f  user_35t_i/axi_interconnect_0/xbar/inst/gen_samd.crossbar_samd/gen_master_slots[0].gen_mi_write.wdata_mux_w/gen_wmux.wmux_aw_fifo/storage_data1_reg[2]/Q
                         net (fo=14, routed)          0.902     2.963    user_35t_i/axi_interconnect_0/xbar/inst/gen_samd.crossbar_samd/gen_master_slots[0].gen_mi_write.wdata_mux_w/gen_wmux.wmux_aw_fifo/gen_srls[0].gen_rep[2].srl_nx1/m_select_enc_2[0]
    SLICE_X8Y71          LUT6 (Prop_lut6_I0_O)        0.124     3.087 r  user_35t_i/axi_interconnect_0/xbar/inst/gen_samd.crossbar_samd/gen_master_slots[0].gen_mi_write.wdata_mux_w/gen_wmux.wmux_aw_fifo/gen_srls[0].gen_rep[2].srl_nx1/m_axi_wvalid[0]_INST_0_i_5/O
                         net (fo=1, routed)           0.429     3.515    user_35t_i/axi_interconnect_0/xbar/inst/gen_samd.crossbar_samd/gen_master_slots[0].gen_mi_write.wdata_mux_w/gen_wmux.wmux_aw_fifo/gen_srls[0].gen_rep[2].srl_nx1/m_axi_wvalid[0]_INST_0_i_5_n_0
    SLICE_X10Y71         LUT6 (Prop_lut6_I0_O)        0.124     3.639 r  user_35t_i/axi_interconnect_0/xbar/inst/gen_samd.crossbar_samd/gen_master_slots[0].gen_mi_write.wdata_mux_w/gen_wmux.wmux_aw_fifo/gen_srls[0].gen_rep[2].srl_nx1/m_axi_wvalid[0]_INST_0_i_4/O
                         net (fo=2, routed)           0.306     3.945    user_35t_i/axi_interconnect_0/xbar/inst/gen_samd.crossbar_samd/gen_master_slots[0].gen_mi_write.wdata_mux_w/gen_wmux.wmux_aw_fifo/gen_srls[0].gen_rep[2].srl_nx1/m_valid_i_reg
    SLICE_X11Y72         LUT6 (Prop_lut6_I5_O)        0.124     4.069 r  user_35t_i/axi_interconnect_0/xbar/inst/gen_samd.crossbar_samd/gen_master_slots[0].gen_mi_write.wdata_mux_w/gen_wmux.wmux_aw_fifo/gen_srls[0].gen_rep[2].srl_nx1/m_axi_wvalid[0]_INST_0_i_1/O
                         net (fo=3, routed)           0.327     4.396    user_35t_i/axi_interconnect_0/xbar/inst/gen_samd.crossbar_samd/gen_master_slots[0].gen_mi_write.wdata_mux_w/gen_wmux.wmux_aw_fifo/m_valid_i
    SLICE_X10Y73         LUT2 (Prop_lut2_I0_O)        0.124     4.520 r  user_35t_i/axi_interconnect_0/xbar/inst/gen_samd.crossbar_samd/gen_master_slots[0].gen_mi_write.wdata_mux_w/gen_wmux.wmux_aw_fifo/m_axi_wvalid[0]_INST_0/O
                         net (fo=3, routed)           0.183     4.703    user_35t_i/axi_interconnect_0/m00_couplers/auto_ds/inst/gen_downsizer.gen_simple_downsizer.axi_downsizer_inst/USE_WRITE.write_addr_inst/cmd_queue/inst/s_axi_wvalid
    SLICE_X10Y73         LUT2 (Prop_lut2_I0_O)        0.124     4.827 r  user_35t_i/axi_interconnect_0/m00_couplers/auto_ds/inst/gen_downsizer.gen_simple_downsizer.axi_downsizer_inst/USE_WRITE.write_addr_inst/cmd_queue/inst/m_axi_wvalid_INST_0/O
                         net (fo=12, routed)          0.535     5.362    user_35t_i/axi_emc_0/U0/EMC_CTRL_I/MEM_STATE_MACHINE_I/s_axi_mem_wvalid
    SLICE_X11Y73         LUT5 (Prop_lut5_I2_O)        0.124     5.486 r  user_35t_i/axi_emc_0/U0/EMC_CTRL_I/MEM_STATE_MACHINE_I/s_axi_mem_awready_INST_0_i_1/O
                         net (fo=6, routed)           0.433     5.919    user_35t_i/axi_emc_0/U0/AXI_EMC_NATIVE_INTERFACE_I/s_axi_mem_awready_0
    SLICE_X11Y73         LUT5 (Prop_lut5_I2_O)        0.124     6.043 r  user_35t_i/axi_emc_0/U0/AXI_EMC_NATIVE_INTERFACE_I/s_axi_mem_wready_INST_0/O
                         net (fo=3, routed)           0.149     6.192    user_35t_i/axi_interconnect_0/m00_couplers/auto_ds/inst/gen_downsizer.gen_simple_downsizer.axi_downsizer_inst/USE_WRITE.write_addr_inst/cmd_queue/inst/m_axi_wready
    SLICE_X11Y73         LUT6 (Prop_lut6_I1_O)        0.124     6.316 r  user_35t_i/axi_interconnect_0/m00_couplers/auto_ds/inst/gen_downsizer.gen_simple_downsizer.axi_downsizer_inst/USE_WRITE.write_addr_inst/cmd_queue/inst/s_axi_wready_INST_0/O
                         net (fo=7, routed)           0.535     6.851    user_35t_i/axi_interconnect_0/xbar/inst/gen_samd.crossbar_samd/gen_master_slots[0].gen_mi_write.wdata_mux_w/gen_wmux.wmux_aw_fifo/m_axi_wready[0]
    SLICE_X12Y71         LUT5 (Prop_lut5_I4_O)        0.124     6.975 r  user_35t_i/axi_interconnect_0/xbar/inst/gen_samd.crossbar_samd/gen_master_slots[0].gen_mi_write.wdata_mux_w/gen_wmux.wmux_aw_fifo/s_axi_wready[1]_INST_0_i_2/O
                         net (fo=1, routed)           0.000     6.975    user_35t_i/axi_interconnect_0/xbar/inst/gen_samd.crossbar_samd/gen_slave_slots[1].gen_si_write.wdata_router_w/wrouter_aw_fifo/gen_srls[0].gen_rep[0].srl_nx1/wr_tmp_wready[0]
    SLICE_X12Y71         MUXF7 (Prop_muxf7_I0_O)      0.209     7.184 r  user_35t_i/axi_interconnect_0/xbar/inst/gen_samd.crossbar_samd/gen_slave_slots[1].gen_si_write.wdata_router_w/wrouter_aw_fifo/gen_srls[0].gen_rep[0].srl_nx1/s_axi_wready[1]_INST_0_i_1/O
                         net (fo=2, routed)           0.302     7.487    user_35t_i/axi_interconnect_0/xbar/inst/gen_samd.crossbar_samd/gen_slave_slots[1].gen_si_write.wdata_router_w/wrouter_aw_fifo/gen_srls[0].gen_rep[0].srl_nx1_n_2
    SLICE_X15Y71         LUT2 (Prop_lut2_I1_O)        0.297     7.784 r  user_35t_i/axi_interconnect_0/xbar/inst/gen_samd.crossbar_samd/gen_slave_slots[1].gen_si_write.wdata_router_w/wrouter_aw_fifo/s_axi_wready[1]_INST_0/O
                         net (fo=39, routed)          0.956     8.740    user_35t_i/axi_interconnect_0/s01_couplers/auto_us/inst/gen_upsizer.gen_full_upsizer.axi_upsizer_inst/USE_WRITE.gen_non_fifo_w_upsizer.write_data_inst/m_axi_wready
    SLICE_X47Y72         LUT2 (Prop_lut2_I0_O)        0.124     8.864 r  user_35t_i/axi_interconnect_0/s01_couplers/auto_us/inst/gen_upsizer.gen_full_upsizer.axi_upsizer_inst/USE_WRITE.gen_non_fifo_w_upsizer.write_data_inst/USE_FF_OUT.USE_RTL_OUTPUT_PIPELINE.M_MESG_Q[39]_i_3/O
                         net (fo=1, routed)           0.294     9.158    user_35t_i/axi_interconnect_0/s01_couplers/auto_us/inst/gen_upsizer.gen_full_upsizer.axi_upsizer_inst/USE_WRITE.write_addr_inst/GEN_CMD_QUEUE.cmd_queue/M_AXI_WREADY_I
    SLICE_X44Y72         LUT6 (Prop_lut6_I0_O)        0.124     9.282 r  user_35t_i/axi_interconnect_0/s01_couplers/auto_us/inst/gen_upsizer.gen_full_upsizer.axi_upsizer_inst/USE_WRITE.write_addr_inst/GEN_CMD_QUEUE.cmd_queue/USE_FF_OUT.USE_RTL_OUTPUT_PIPELINE.M_MESG_Q[39]_i_2/O
                         net (fo=11, routed)          0.353     9.636    user_35t_i/axi_interconnect_0/s01_couplers/auto_us/inst/gen_upsizer.gen_full_upsizer.axi_upsizer_inst/USE_WRITE.write_addr_inst/GEN_CMD_QUEUE.cmd_queue/m_axi_wready_0
    SLICE_X45Y72         LUT3 (Prop_lut3_I0_O)        0.124     9.760 r  user_35t_i/axi_interconnect_0/s01_couplers/auto_us/inst/gen_upsizer.gen_full_upsizer.axi_upsizer_inst/USE_WRITE.write_addr_inst/GEN_CMD_QUEUE.cmd_queue/USE_FF_OUT.USE_RTL_OUTPUT_PIPELINE.M_MESG_Q[39]_i_1/O
                         net (fo=37, routed)          0.390    10.150    user_35t_i/axi_interconnect_0/s01_couplers/auto_us/inst/gen_upsizer.gen_full_upsizer.axi_upsizer_inst/USE_WRITE.write_addr_inst/GEN_CMD_QUEUE.cmd_queue/M_READY_I
    SLICE_X45Y73         LUT6 (Prop_lut6_I4_O)        0.124    10.274 r  user_35t_i/axi_interconnect_0/s01_couplers/auto_us/inst/gen_upsizer.gen_full_upsizer.axi_upsizer_inst/USE_WRITE.write_addr_inst/GEN_CMD_QUEUE.cmd_queue/USE_RTL_ADDR.addr_q[4]_i_1/O
                         net (fo=5, routed)           0.501    10.775    user_35t_i/axi_interconnect_0/s01_couplers/auto_us/inst/gen_upsizer.gen_full_upsizer.axi_upsizer_inst/USE_WRITE.write_addr_inst/GEN_CMD_QUEUE.cmd_queue/USE_RTL_ADDR.addr_q
    SLICE_X44Y74         FDRE                                         r  user_35t_i/axi_interconnect_0/s01_couplers/auto_us/inst/gen_upsizer.gen_full_upsizer.axi_upsizer_inst/USE_WRITE.write_addr_inst/GEN_CMD_QUEUE.cmd_queue/USE_RTL_ADDR.addr_q_reg[0]/CE
  -------------------------------------------------------------------    -------------------

                         (clock clk_out1_user_35t_clk_wiz_0_0 rise edge)
                                                     10.000    10.000 r  
    BUFGCTRL_X0Y4        BUFG                         0.000    10.000 r  sys_clock_IBUF_BUFG_inst/O
                         net (fo=38, routed)          1.457    11.457    user_35t_i/clk_wiz_0/inst/clk_in1
    MMCME2_ADV_X1Y0      MMCME2_ADV (Prop_mmcme2_adv_CLKIN1_CLKOUT0)
                                                     -3.129     8.328 r  user_35t_i/clk_wiz_0/inst/mmcm_adv_inst/CLKOUT0
                         net (fo=1, routed)           1.581     9.909    user_35t_i/clk_wiz_0/inst/clk_out1_user_35t_clk_wiz_0_0
    BUFGCTRL_X0Y0        BUFG (Prop_bufg_I_O)         0.091    10.000 r  user_35t_i/clk_wiz_0/inst/clkout1_buf/O
                         net (fo=26831, routed)       1.421    11.421    user_35t_i/axi_interconnect_0/s01_couplers/auto_us/inst/gen_upsizer.gen_full_upsizer.axi_upsizer_inst/USE_WRITE.write_addr_inst/GEN_CMD_QUEUE.cmd_queue/USE_RTL_ADDR.addr_q_reg[4]_0
    SLICE_X44Y74         FDRE                                         r  user_35t_i/axi_interconnect_0/s01_couplers/auto_us/inst/gen_upsizer.gen_full_upsizer.axi_upsizer_inst/USE_WRITE.write_addr_inst/GEN_CMD_QUEUE.cmd_queue/USE_RTL_ADDR.addr_q_reg[0]/C
                         clock pessimism              0.007    11.428    
                         clock uncertainty           -0.243    11.185    
    SLICE_X44Y74         FDRE (Setup_fdre_C_CE)      -0.205    10.980    user_35t_i/axi_interconnect_0/s01_couplers/auto_us/inst/gen_upsizer.gen_full_upsizer.axi_upsizer_inst/USE_WRITE.write_addr_inst/GEN_CMD_QUEUE.cmd_queue/USE_RTL_ADDR.addr_q_reg[0]
  -------------------------------------------------------------------
                         required time                         10.980    
                         arrival time                         -10.775    
  -------------------------------------------------------------------
                         slack                                  0.206    

Slack (MET) :             0.206ns  (required time - arrival time)
  Source:                 user_35t_i/axi_interconnect_0/xbar/inst/gen_samd.crossbar_samd/gen_master_slots[0].gen_mi_write.wdata_mux_w/gen_wmux.wmux_aw_fifo/storage_data1_reg[2]/C
                            (rising edge-triggered cell FDRE clocked by clk_out1_user_35t_clk_wiz_0_0  {rise@0.000ns fall@5.000ns period=10.000ns})
  Destination:            user_35t_i/axi_interconnect_0/s01_couplers/auto_us/inst/gen_upsizer.gen_full_upsizer.axi_upsizer_inst/USE_WRITE.write_addr_inst/GEN_CMD_QUEUE.cmd_queue/USE_RTL_ADDR.addr_q_reg[1]/CE
                            (rising edge-triggered cell FDRE clocked by clk_out1_user_35t_clk_wiz_0_0  {rise@0.000ns fall@5.000ns period=10.000ns})
  Path Group:             clk_out1_user_35t_clk_wiz_0_0
  Path Type:              Setup (Max at Slow Process Corner)
  Requirement:            10.000ns  (clk_out1_user_35t_clk_wiz_0_0 rise@10.000ns - clk_out1_user_35t_clk_wiz_0_0 rise@0.000ns)
  Data Path Delay:        9.232ns  (logic 2.636ns (28.554%)  route 6.596ns (71.446%))
  Logic Levels:           15  (LUT2=4 LUT3=1 LUT5=3 LUT6=6 MUXF7=1)
  Clock Path Skew:        -0.115ns (DCD - SCD + CPR)
    Destination Clock Delay (DCD):    1.421ns = ( 11.421 - 10.000 ) 
    Source Clock Delay      (SCD):    1.543ns
    Clock Pessimism Removal (CPR):    0.007ns
  Clock Uncertainty:      0.243ns  ((TSJ^2 + DJ^2)^1/2) / 2 + PE
    Total System Jitter     (TSJ):    0.071ns
    Discrete Jitter          (DJ):    0.480ns
    Phase Error              (PE):    0.000ns

    Location             Delay type                Incr(ns)  Path(ns)    Netlist Resource(s)
  -------------------------------------------------------------------    -------------------
                         (clock clk_out1_user_35t_clk_wiz_0_0 rise edge)
                                                      0.000     0.000 r  
    BUFGCTRL_X0Y4        BUFG                         0.000     0.000 r  sys_clock_IBUF_BUFG_inst/O
                         net (fo=38, routed)          1.575     1.575    user_35t_i/clk_wiz_0/inst/clk_in1
    MMCME2_ADV_X1Y0      MMCME2_ADV (Prop_mmcme2_adv_CLKIN1_CLKOUT0)
                                                     -3.333    -1.757 r  user_35t_i/clk_wiz_0/inst/mmcm_adv_inst/CLKOUT0
                         net (fo=1, routed)           1.661    -0.096    user_35t_i/clk_wiz_0/inst/clk_out1_user_35t_clk_wiz_0_0
    BUFGCTRL_X0Y0        BUFG (Prop_bufg_I_O)         0.096    -0.000 r  user_35t_i/clk_wiz_0/inst/clkout1_buf/O
                         net (fo=26831, routed)       1.543     1.543    user_35t_i/axi_interconnect_0/xbar/inst/gen_samd.crossbar_samd/gen_master_slots[0].gen_mi_write.wdata_mux_w/gen_wmux.wmux_aw_fifo/aclk
    SLICE_X10Y71         FDRE                                         r  user_35t_i/axi_interconnect_0/xbar/inst/gen_samd.crossbar_samd/gen_master_slots[0].gen_mi_write.wdata_mux_w/gen_wmux.wmux_aw_fifo/storage_data1_reg[2]/C
  -------------------------------------------------------------------    -------------------
    SLICE_X10Y71         FDRE (Prop_fdre_C_Q)         0.518     2.061 f  user_35t_i/axi_interconnect_0/xbar/inst/gen_samd.crossbar_samd/gen_master_slots[0].gen_mi_write.wdata_mux_w/gen_wmux.wmux_aw_fifo/storage_data1_reg[2]/Q
                         net (fo=14, routed)          0.902     2.963    user_35t_i/axi_interconnect_0/xbar/inst/gen_samd.crossbar_samd/gen_master_slots[0].gen_mi_write.wdata_mux_w/gen_wmux.wmux_aw_fifo/gen_srls[0].gen_rep[2].srl_nx1/m_select_enc_2[0]
    SLICE_X8Y71          LUT6 (Prop_lut6_I0_O)        0.124     3.087 r  user_35t_i/axi_interconnect_0/xbar/inst/gen_samd.crossbar_samd/gen_master_slots[0].gen_mi_write.wdata_mux_w/gen_wmux.wmux_aw_fifo/gen_srls[0].gen_rep[2].srl_nx1/m_axi_wvalid[0]_INST_0_i_5/O
                         net (fo=1, routed)           0.429     3.515    user_35t_i/axi_interconnect_0/xbar/inst/gen_samd.crossbar_samd/gen_master_slots[0].gen_mi_write.wdata_mux_w/gen_wmux.wmux_aw_fifo/gen_srls[0].gen_rep[2].srl_nx1/m_axi_wvalid[0]_INST_0_i_5_n_0
    SLICE_X10Y71         LUT6 (Prop_lut6_I0_O)        0.124     3.639 r  user_35t_i/axi_interconnect_0/xbar/inst/gen_samd.crossbar_samd/gen_master_slots[0].gen_mi_write.wdata_mux_w/gen_wmux.wmux_aw_fifo/gen_srls[0].gen_rep[2].srl_nx1/m_axi_wvalid[0]_INST_0_i_4/O
                         net (fo=2, routed)           0.306     3.945    user_35t_i/axi_interconnect_0/xbar/inst/gen_samd.crossbar_samd/gen_master_slots[0].gen_mi_write.wdata_mux_w/gen_wmux.wmux_aw_fifo/gen_srls[0].gen_rep[2].srl_nx1/m_valid_i_reg
    SLICE_X11Y72         LUT6 (Prop_lut6_I5_O)        0.124     4.069 r  user_35t_i/axi_interconnect_0/xbar/inst/gen_samd.crossbar_samd/gen_master_slots[0].gen_mi_write.wdata_mux_w/gen_wmux.wmux_aw_fifo/gen_srls[0].gen_rep[2].srl_nx1/m_axi_wvalid[0]_INST_0_i_1/O
                         net (fo=3, routed)           0.327     4.396    user_35t_i/axi_interconnect_0/xbar/inst/gen_samd.crossbar_samd/gen_master_slots[0].gen_mi_write.wdata_mux_w/gen_wmux.wmux_aw_fifo/m_valid_i
    SLICE_X10Y73         LUT2 (Prop_lut2_I0_O)        0.124     4.520 r  user_35t_i/axi_interconnect_0/xbar/inst/gen_samd.crossbar_samd/gen_master_slots[0].gen_mi_write.wdata_mux_w/gen_wmux.wmux_aw_fifo/m_axi_wvalid[0]_INST_0/O
                         net (fo=3, routed)           0.183     4.703    user_35t_i/axi_interconnect_0/m00_couplers/auto_ds/inst/gen_downsizer.gen_simple_downsizer.axi_downsizer_inst/USE_WRITE.write_addr_inst/cmd_queue/inst/s_axi_wvalid
    SLICE_X10Y73         LUT2 (Prop_lut2_I0_O)        0.124     4.827 r  user_35t_i/axi_interconnect_0/m00_couplers/auto_ds/inst/gen_downsizer.gen_simple_downsizer.axi_downsizer_inst/USE_WRITE.write_addr_inst/cmd_queue/inst/m_axi_wvalid_INST_0/O
                         net (fo=12, routed)          0.535     5.362    user_35t_i/axi_emc_0/U0/EMC_CTRL_I/MEM_STATE_MACHINE_I/s_axi_mem_wvalid
    SLICE_X11Y73         LUT5 (Prop_lut5_I2_O)        0.124     5.486 r  user_35t_i/axi_emc_0/U0/EMC_CTRL_I/MEM_STATE_MACHINE_I/s_axi_mem_awready_INST_0_i_1/O
                         net (fo=6, routed)           0.433     5.919    user_35t_i/axi_emc_0/U0/AXI_EMC_NATIVE_INTERFACE_I/s_axi_mem_awready_0
    SLICE_X11Y73         LUT5 (Prop_lut5_I2_O)        0.124     6.043 r  user_35t_i/axi_emc_0/U0/AXI_EMC_NATIVE_INTERFACE_I/s_axi_mem_wready_INST_0/O
                         net (fo=3, routed)           0.149     6.192    user_35t_i/axi_interconnect_0/m00_couplers/auto_ds/inst/gen_downsizer.gen_simple_downsizer.axi_downsizer_inst/USE_WRITE.write_addr_inst/cmd_queue/inst/m_axi_wready
    SLICE_X11Y73         LUT6 (Prop_lut6_I1_O)        0.124     6.316 r  user_35t_i/axi_interconnect_0/m00_couplers/auto_ds/inst/gen_downsizer.gen_simple_downsizer.axi_downsizer_inst/USE_WRITE.write_addr_inst/cmd_queue/inst/s_axi_wready_INST_0/O
                         net (fo=7, routed)           0.535     6.851    user_35t_i/axi_interconnect_0/xbar/inst/gen_samd.crossbar_samd/gen_master_slots[0].gen_mi_write.wdata_mux_w/gen_wmux.wmux_aw_fifo/m_axi_wready[0]
    SLICE_X12Y71         LUT5 (Prop_lut5_I4_O)        0.124     6.975 r  user_35t_i/axi_interconnect_0/xbar/inst/gen_samd.crossbar_samd/gen_master_slots[0].gen_mi_write.wdata_mux_w/gen_wmux.wmux_aw_fifo/s_axi_wready[1]_INST_0_i_2/O
                         net (fo=1, routed)           0.000     6.975    user_35t_i/axi_interconnect_0/xbar/inst/gen_samd.crossbar_samd/gen_slave_slots[1].gen_si_write.wdata_router_w/wrouter_aw_fifo/gen_srls[0].gen_rep[0].srl_nx1/wr_tmp_wready[0]
    SLICE_X12Y71         MUXF7 (Prop_muxf7_I0_O)      0.209     7.184 r  user_35t_i/axi_interconnect_0/xbar/inst/gen_samd.crossbar_samd/gen_slave_slots[1].gen_si_write.wdata_router_w/wrouter_aw_fifo/gen_srls[0].gen_rep[0].srl_nx1/s_axi_wready[1]_INST_0_i_1/O
                         net (fo=2, routed)           0.302     7.487    user_35t_i/axi_interconnect_0/xbar/inst/gen_samd.crossbar_samd/gen_slave_slots[1].gen_si_write.wdata_router_w/wrouter_aw_fifo/gen_srls[0].gen_rep[0].srl_nx1_n_2
    SLICE_X15Y71         LUT2 (Prop_lut2_I1_O)        0.297     7.784 r  user_35t_i/axi_interconnect_0/xbar/inst/gen_samd.crossbar_samd/gen_slave_slots[1].gen_si_write.wdata_router_w/wrouter_aw_fifo/s_axi_wready[1]_INST_0/O
                         net (fo=39, routed)          0.956     8.740    user_35t_i/axi_interconnect_0/s01_couplers/auto_us/inst/gen_upsizer.gen_full_upsizer.axi_upsizer_inst/USE_WRITE.gen_non_fifo_w_upsizer.write_data_inst/m_axi_wready
    SLICE_X47Y72         LUT2 (Prop_lut2_I0_O)        0.124     8.864 r  user_35t_i/axi_interconnect_0/s01_couplers/auto_us/inst/gen_upsizer.gen_full_upsizer.axi_upsizer_inst/USE_WRITE.gen_non_fifo_w_upsizer.write_data_inst/USE_FF_OUT.USE_RTL_OUTPUT_PIPELINE.M_MESG_Q[39]_i_3/O
                         net (fo=1, routed)           0.294     9.158    user_35t_i/axi_interconnect_0/s01_couplers/auto_us/inst/gen_upsizer.gen_full_upsizer.axi_upsizer_inst/USE_WRITE.write_addr_inst/GEN_CMD_QUEUE.cmd_queue/M_AXI_WREADY_I
    SLICE_X44Y72         LUT6 (Prop_lut6_I0_O)        0.124     9.282 r  user_35t_i/axi_interconnect_0/s01_couplers/auto_us/inst/gen_upsizer.gen_full_upsizer.axi_upsizer_inst/USE_WRITE.write_addr_inst/GEN_CMD_QUEUE.cmd_queue/USE_FF_OUT.USE_RTL_OUTPUT_PIPELINE.M_MESG_Q[39]_i_2/O
                         net (fo=11, routed)          0.353     9.636    user_35t_i/axi_interconnect_0/s01_couplers/auto_us/inst/gen_upsizer.gen_full_upsizer.axi_upsizer_inst/USE_WRITE.write_addr_inst/GEN_CMD_QUEUE.cmd_queue/m_axi_wready_0
    SLICE_X45Y72         LUT3 (Prop_lut3_I0_O)        0.124     9.760 r  user_35t_i/axi_interconnect_0/s01_couplers/auto_us/inst/gen_upsizer.gen_full_upsizer.axi_upsizer_inst/USE_WRITE.write_addr_inst/GEN_CMD_QUEUE.cmd_queue/USE_FF_OUT.USE_RTL_OUTPUT_PIPELINE.M_MESG_Q[39]_i_1/O
                         net (fo=37, routed)          0.390    10.150    user_35t_i/axi_interconnect_0/s01_couplers/auto_us/inst/gen_upsizer.gen_full_upsizer.axi_upsizer_inst/USE_WRITE.write_addr_inst/GEN_CMD_QUEUE.cmd_queue/M_READY_I
    SLICE_X45Y73         LUT6 (Prop_lut6_I4_O)        0.124    10.274 r  user_35t_i/axi_interconnect_0/s01_couplers/auto_us/inst/gen_upsizer.gen_full_upsizer.axi_upsizer_inst/USE_WRITE.write_addr_inst/GEN_CMD_QUEUE.cmd_queue/USE_RTL_ADDR.addr_q[4]_i_1/O
                         net (fo=5, routed)           0.501    10.775    user_35t_i/axi_interconnect_0/s01_couplers/auto_us/inst/gen_upsizer.gen_full_upsizer.axi_upsizer_inst/USE_WRITE.write_addr_inst/GEN_CMD_QUEUE.cmd_queue/USE_RTL_ADDR.addr_q
    SLICE_X44Y74         FDRE                                         r  user_35t_i/axi_interconnect_0/s01_couplers/auto_us/inst/gen_upsizer.gen_full_upsizer.axi_upsizer_inst/USE_WRITE.write_addr_inst/GEN_CMD_QUEUE.cmd_queue/USE_RTL_ADDR.addr_q_reg[1]/CE
  -------------------------------------------------------------------    -------------------

                         (clock clk_out1_user_35t_clk_wiz_0_0 rise edge)
                                                     10.000    10.000 r  
    BUFGCTRL_X0Y4        BUFG                         0.000    10.000 r  sys_clock_IBUF_BUFG_inst/O
                         net (fo=38, routed)          1.457    11.457    user_35t_i/clk_wiz_0/inst/clk_in1
    MMCME2_ADV_X1Y0      MMCME2_ADV (Prop_mmcme2_adv_CLKIN1_CLKOUT0)
                                                     -3.129     8.328 r  user_35t_i/clk_wiz_0/inst/mmcm_adv_inst/CLKOUT0
                         net (fo=1, routed)           1.581     9.909    user_35t_i/clk_wiz_0/inst/clk_out1_user_35t_clk_wiz_0_0
    BUFGCTRL_X0Y0        BUFG (Prop_bufg_I_O)         0.091    10.000 r  user_35t_i/clk_wiz_0/inst/clkout1_buf/O
                         net (fo=26831, routed)       1.421    11.421    user_35t_i/axi_interconnect_0/s01_couplers/auto_us/inst/gen_upsizer.gen_full_upsizer.axi_upsizer_inst/USE_WRITE.write_addr_inst/GEN_CMD_QUEUE.cmd_queue/USE_RTL_ADDR.addr_q_reg[4]_0
    SLICE_X44Y74         FDRE                                         r  user_35t_i/axi_interconnect_0/s01_couplers/auto_us/inst/gen_upsizer.gen_full_upsizer.axi_upsizer_inst/USE_WRITE.write_addr_inst/GEN_CMD_QUEUE.cmd_queue/USE_RTL_ADDR.addr_q_reg[1]/C
                         clock pessimism              0.007    11.428    
                         clock uncertainty           -0.243    11.185    
    SLICE_X44Y74         FDRE (Setup_fdre_C_CE)      -0.205    10.980    user_35t_i/axi_interconnect_0/s01_couplers/auto_us/inst/gen_upsizer.gen_full_upsizer.axi_upsizer_inst/USE_WRITE.write_addr_inst/GEN_CMD_QUEUE.cmd_queue/USE_RTL_ADDR.addr_q_reg[1]
  -------------------------------------------------------------------
                         required time                         10.980    
                         arrival time                         -10.775    
  -------------------------------------------------------------------
                         slack                                  0.206    

Slack (MET) :             0.206ns  (required time - arrival time)
  Source:                 user_35t_i/axi_interconnect_0/xbar/inst/gen_samd.crossbar_samd/gen_master_slots[0].gen_mi_write.wdata_mux_w/gen_wmux.wmux_aw_fifo/storage_data1_reg[2]/C
                            (rising edge-triggered cell FDRE clocked by clk_out1_user_35t_clk_wiz_0_0  {rise@0.000ns fall@5.000ns period=10.000ns})
  Destination:            user_35t_i/axi_interconnect_0/s01_couplers/auto_us/inst/gen_upsizer.gen_full_upsizer.axi_upsizer_inst/USE_WRITE.write_addr_inst/GEN_CMD_QUEUE.cmd_queue/USE_RTL_ADDR.addr_q_reg[2]/CE
                            (rising edge-triggered cell FDRE clocked by clk_out1_user_35t_clk_wiz_0_0  {rise@0.000ns fall@5.000ns period=10.000ns})
  Path Group:             clk_out1_user_35t_clk_wiz_0_0
  Path Type:              Setup (Max at Slow Process Corner)
  Requirement:            10.000ns  (clk_out1_user_35t_clk_wiz_0_0 rise@10.000ns - clk_out1_user_35t_clk_wiz_0_0 rise@0.000ns)
  Data Path Delay:        9.232ns  (logic 2.636ns (28.554%)  route 6.596ns (71.446%))
  Logic Levels:           15  (LUT2=4 LUT3=1 LUT5=3 LUT6=6 MUXF7=1)
  Clock Path Skew:        -0.115ns (DCD - SCD + CPR)
    Destination Clock Delay (DCD):    1.421ns = ( 11.421 - 10.000 ) 
    Source Clock Delay      (SCD):    1.543ns
    Clock Pessimism Removal (CPR):    0.007ns
  Clock Uncertainty:      0.243ns  ((TSJ^2 + DJ^2)^1/2) / 2 + PE
    Total System Jitter     (TSJ):    0.071ns
    Discrete Jitter          (DJ):    0.480ns
    Phase Error              (PE):    0.000ns

    Location             Delay type                Incr(ns)  Path(ns)    Netlist Resource(s)
  -------------------------------------------------------------------    -------------------
                         (clock clk_out1_user_35t_clk_wiz_0_0 rise edge)
                                                      0.000     0.000 r  
    BUFGCTRL_X0Y4        BUFG                         0.000     0.000 r  sys_clock_IBUF_BUFG_inst/O
                         net (fo=38, routed)          1.575     1.575    user_35t_i/clk_wiz_0/inst/clk_in1
    MMCME2_ADV_X1Y0      MMCME2_ADV (Prop_mmcme2_adv_CLKIN1_CLKOUT0)
                                                     -3.333    -1.757 r  user_35t_i/clk_wiz_0/inst/mmcm_adv_inst/CLKOUT0
                         net (fo=1, routed)           1.661    -0.096    user_35t_i/clk_wiz_0/inst/clk_out1_user_35t_clk_wiz_0_0
    BUFGCTRL_X0Y0        BUFG (Prop_bufg_I_O)         0.096    -0.000 r  user_35t_i/clk_wiz_0/inst/clkout1_buf/O
                         net (fo=26831, routed)       1.543     1.543    user_35t_i/axi_interconnect_0/xbar/inst/gen_samd.crossbar_samd/gen_master_slots[0].gen_mi_write.wdata_mux_w/gen_wmux.wmux_aw_fifo/aclk
    SLICE_X10Y71         FDRE                                         r  user_35t_i/axi_interconnect_0/xbar/inst/gen_samd.crossbar_samd/gen_master_slots[0].gen_mi_write.wdata_mux_w/gen_wmux.wmux_aw_fifo/storage_data1_reg[2]/C
  -------------------------------------------------------------------    -------------------
    SLICE_X10Y71         FDRE (Prop_fdre_C_Q)         0.518     2.061 f  user_35t_i/axi_interconnect_0/xbar/inst/gen_samd.crossbar_samd/gen_master_slots[0].gen_mi_write.wdata_mux_w/gen_wmux.wmux_aw_fifo/storage_data1_reg[2]/Q
                         net (fo=14, routed)          0.902     2.963    user_35t_i/axi_interconnect_0/xbar/inst/gen_samd.crossbar_samd/gen_master_slots[0].gen_mi_write.wdata_mux_w/gen_wmux.wmux_aw_fifo/gen_srls[0].gen_rep[2].srl_nx1/m_select_enc_2[0]
    SLICE_X8Y71          LUT6 (Prop_lut6_I0_O)        0.124     3.087 r  user_35t_i/axi_interconnect_0/xbar/inst/gen_samd.crossbar_samd/gen_master_slots[0].gen_mi_write.wdata_mux_w/gen_wmux.wmux_aw_fifo/gen_srls[0].gen_rep[2].srl_nx1/m_axi_wvalid[0]_INST_0_i_5/O
                         net (fo=1, routed)           0.429     3.515    user_35t_i/axi_interconnect_0/xbar/inst/gen_samd.crossbar_samd/gen_master_slots[0].gen_mi_write.wdata_mux_w/gen_wmux.wmux_aw_fifo/gen_srls[0].gen_rep[2].srl_nx1/m_axi_wvalid[0]_INST_0_i_5_n_0
    SLICE_X10Y71         LUT6 (Prop_lut6_I0_O)        0.124     3.639 r  user_35t_i/axi_interconnect_0/xbar/inst/gen_samd.crossbar_samd/gen_master_slots[0].gen_mi_write.wdata_mux_w/gen_wmux.wmux_aw_fifo/gen_srls[0].gen_rep[2].srl_nx1/m_axi_wvalid[0]_INST_0_i_4/O
                         net (fo=2, routed)           0.306     3.945    user_35t_i/axi_interconnect_0/xbar/inst/gen_samd.crossbar_samd/gen_master_slots[0].gen_mi_write.wdata_mux_w/gen_wmux.wmux_aw_fifo/gen_srls[0].gen_rep[2].srl_nx1/m_valid_i_reg
    SLICE_X11Y72         LUT6 (Prop_lut6_I5_O)        0.124     4.069 r  user_35t_i/axi_interconnect_0/xbar/inst/gen_samd.crossbar_samd/gen_master_slots[0].gen_mi_write.wdata_mux_w/gen_wmux.wmux_aw_fifo/gen_srls[0].gen_rep[2].srl_nx1/m_axi_wvalid[0]_INST_0_i_1/O
                         net (fo=3, routed)           0.327     4.396    user_35t_i/axi_interconnect_0/xbar/inst/gen_samd.crossbar_samd/gen_master_slots[0].gen_mi_write.wdata_mux_w/gen_wmux.wmux_aw_fifo/m_valid_i
    SLICE_X10Y73         LUT2 (Prop_lut2_I0_O)        0.124     4.520 r  user_35t_i/axi_interconnect_0/xbar/inst/gen_samd.crossbar_samd/gen_master_slots[0].gen_mi_write.wdata_mux_w/gen_wmux.wmux_aw_fifo/m_axi_wvalid[0]_INST_0/O
                         net (fo=3, routed)           0.183     4.703    user_35t_i/axi_interconnect_0/m00_couplers/auto_ds/inst/gen_downsizer.gen_simple_downsizer.axi_downsizer_inst/USE_WRITE.write_addr_inst/cmd_queue/inst/s_axi_wvalid
    SLICE_X10Y73         LUT2 (Prop_lut2_I0_O)        0.124     4.827 r  user_35t_i/axi_interconnect_0/m00_couplers/auto_ds/inst/gen_downsizer.gen_simple_downsizer.axi_downsizer_inst/USE_WRITE.write_addr_inst/cmd_queue/inst/m_axi_wvalid_INST_0/O
                         net (fo=12, routed)          0.535     5.362    user_35t_i/axi_emc_0/U0/EMC_CTRL_I/MEM_STATE_MACHINE_I/s_axi_mem_wvalid
    SLICE_X11Y73         LUT5 (Prop_lut5_I2_O)        0.124     5.486 r  user_35t_i/axi_emc_0/U0/EMC_CTRL_I/MEM_STATE_MACHINE_I/s_axi_mem_awready_INST_0_i_1/O
                         net (fo=6, routed)           0.433     5.919    user_35t_i/axi_emc_0/U0/AXI_EMC_NATIVE_INTERFACE_I/s_axi_mem_awready_0
    SLICE_X11Y73         LUT5 (Prop_lut5_I2_O)        0.124     6.043 r  user_35t_i/axi_emc_0/U0/AXI_EMC_NATIVE_INTERFACE_I/s_axi_mem_wready_INST_0/O
                         net (fo=3, routed)           0.149     6.192    user_35t_i/axi_interconnect_0/m00_couplers/auto_ds/inst/gen_downsizer.gen_simple_downsizer.axi_downsizer_inst/USE_WRITE.write_addr_inst/cmd_queue/inst/m_axi_wready
    SLICE_X11Y73         LUT6 (Prop_lut6_I1_O)        0.124     6.316 r  user_35t_i/axi_interconnect_0/m00_couplers/auto_ds/inst/gen_downsizer.gen_simple_downsizer.axi_downsizer_inst/USE_WRITE.write_addr_inst/cmd_queue/inst/s_axi_wready_INST_0/O
                         net (fo=7, routed)           0.535     6.851    user_35t_i/axi_interconnect_0/xbar/inst/gen_samd.crossbar_samd/gen_master_slots[0].gen_mi_write.wdata_mux_w/gen_wmux.wmux_aw_fifo/m_axi_wready[0]
    SLICE_X12Y71         LUT5 (Prop_lut5_I4_O)        0.124     6.975 r  user_35t_i/axi_interconnect_0/xbar/inst/gen_samd.crossbar_samd/gen_master_slots[0].gen_mi_write.wdata_mux_w/gen_wmux.wmux_aw_fifo/s_axi_wready[1]_INST_0_i_2/O
                         net (fo=1, routed)           0.000     6.975    user_35t_i/axi_interconnect_0/xbar/inst/gen_samd.crossbar_samd/gen_slave_slots[1].gen_si_write.wdata_router_w/wrouter_aw_fifo/gen_srls[0].gen_rep[0].srl_nx1/wr_tmp_wready[0]
    SLICE_X12Y71         MUXF7 (Prop_muxf7_I0_O)      0.209     7.184 r  user_35t_i/axi_interconnect_0/xbar/inst/gen_samd.crossbar_samd/gen_slave_slots[1].gen_si_write.wdata_router_w/wrouter_aw_fifo/gen_srls[0].gen_rep[0].srl_nx1/s_axi_wready[1]_INST_0_i_1/O
                         net (fo=2, routed)           0.302     7.487    user_35t_i/axi_interconnect_0/xbar/inst/gen_samd.crossbar_samd/gen_slave_slots[1].gen_si_write.wdata_router_w/wrouter_aw_fifo/gen_srls[0].gen_rep[0].srl_nx1_n_2
    SLICE_X15Y71         LUT2 (Prop_lut2_I1_O)        0.297     7.784 r  user_35t_i/axi_interconnect_0/xbar/inst/gen_samd.crossbar_samd/gen_slave_slots[1].gen_si_write.wdata_router_w/wrouter_aw_fifo/s_axi_wready[1]_INST_0/O
                         net (fo=39, routed)          0.956     8.740    user_35t_i/axi_interconnect_0/s01_couplers/auto_us/inst/gen_upsizer.gen_full_upsizer.axi_upsizer_inst/USE_WRITE.gen_non_fifo_w_upsizer.write_data_inst/m_axi_wready
    SLICE_X47Y72         LUT2 (Prop_lut2_I0_O)        0.124     8.864 r  user_35t_i/axi_interconnect_0/s01_couplers/auto_us/inst/gen_upsizer.gen_full_upsizer.axi_upsizer_inst/USE_WRITE.gen_non_fifo_w_upsizer.write_data_inst/USE_FF_OUT.USE_RTL_OUTPUT_PIPELINE.M_MESG_Q[39]_i_3/O
                         net (fo=1, routed)           0.294     9.158    user_35t_i/axi_interconnect_0/s01_couplers/auto_us/inst/gen_upsizer.gen_full_upsizer.axi_upsizer_inst/USE_WRITE.write_addr_inst/GEN_CMD_QUEUE.cmd_queue/M_AXI_WREADY_I
    SLICE_X44Y72         LUT6 (Prop_lut6_I0_O)        0.124     9.282 r  user_35t_i/axi_interconnect_0/s01_couplers/auto_us/inst/gen_upsizer.gen_full_upsizer.axi_upsizer_inst/USE_WRITE.write_addr_inst/GEN_CMD_QUEUE.cmd_queue/USE_FF_OUT.USE_RTL_OUTPUT_PIPELINE.M_MESG_Q[39]_i_2/O
                         net (fo=11, routed)          0.353     9.636    user_35t_i/axi_interconnect_0/s01_couplers/auto_us/inst/gen_upsizer.gen_full_upsizer.axi_upsizer_inst/USE_WRITE.write_addr_inst/GEN_CMD_QUEUE.cmd_queue/m_axi_wready_0
    SLICE_X45Y72         LUT3 (Prop_lut3_I0_O)        0.124     9.760 r  user_35t_i/axi_interconnect_0/s01_couplers/auto_us/inst/gen_upsizer.gen_full_upsizer.axi_upsizer_inst/USE_WRITE.write_addr_inst/GEN_CMD_QUEUE.cmd_queue/USE_FF_OUT.USE_RTL_OUTPUT_PIPELINE.M_MESG_Q[39]_i_1/O
                         net (fo=37, routed)          0.390    10.150    user_35t_i/axi_interconnect_0/s01_couplers/auto_us/inst/gen_upsizer.gen_full_upsizer.axi_upsizer_inst/USE_WRITE.write_addr_inst/GEN_CMD_QUEUE.cmd_queue/M_READY_I
    SLICE_X45Y73         LUT6 (Prop_lut6_I4_O)        0.124    10.274 r  user_35t_i/axi_interconnect_0/s01_couplers/auto_us/inst/gen_upsizer.gen_full_upsizer.axi_upsizer_inst/USE_WRITE.write_addr_inst/GEN_CMD_QUEUE.cmd_queue/USE_RTL_ADDR.addr_q[4]_i_1/O
                         net (fo=5, routed)           0.501    10.775    user_35t_i/axi_interconnect_0/s01_couplers/auto_us/inst/gen_upsizer.gen_full_upsizer.axi_upsizer_inst/USE_WRITE.write_addr_inst/GEN_CMD_QUEUE.cmd_queue/USE_RTL_ADDR.addr_q
    SLICE_X44Y74         FDRE                                         r  user_35t_i/axi_interconnect_0/s01_couplers/auto_us/inst/gen_upsizer.gen_full_upsizer.axi_upsizer_inst/USE_WRITE.write_addr_inst/GEN_CMD_QUEUE.cmd_queue/USE_RTL_ADDR.addr_q_reg[2]/CE
  -------------------------------------------------------------------    -------------------

                         (clock clk_out1_user_35t_clk_wiz_0_0 rise edge)
                                                     10.000    10.000 r  
    BUFGCTRL_X0Y4        BUFG                         0.000    10.000 r  sys_clock_IBUF_BUFG_inst/O
                         net (fo=38, routed)          1.457    11.457    user_35t_i/clk_wiz_0/inst/clk_in1
    MMCME2_ADV_X1Y0      MMCME2_ADV (Prop_mmcme2_adv_CLKIN1_CLKOUT0)
                                                     -3.129     8.328 r  user_35t_i/clk_wiz_0/inst/mmcm_adv_inst/CLKOUT0
                         net (fo=1, routed)           1.581     9.909    user_35t_i/clk_wiz_0/inst/clk_out1_user_35t_clk_wiz_0_0
    BUFGCTRL_X0Y0        BUFG (Prop_bufg_I_O)         0.091    10.000 r  user_35t_i/clk_wiz_0/inst/clkout1_buf/O
                         net (fo=26831, routed)       1.421    11.421    user_35t_i/axi_interconnect_0/s01_couplers/auto_us/inst/gen_upsizer.gen_full_upsizer.axi_upsizer_inst/USE_WRITE.write_addr_inst/GEN_CMD_QUEUE.cmd_queue/USE_RTL_ADDR.addr_q_reg[4]_0
    SLICE_X44Y74         FDRE                                         r  user_35t_i/axi_interconnect_0/s01_couplers/auto_us/inst/gen_upsizer.gen_full_upsizer.axi_upsizer_inst/USE_WRITE.write_addr_inst/GEN_CMD_QUEUE.cmd_queue/USE_RTL_ADDR.addr_q_reg[2]/C
                         clock pessimism              0.007    11.428    
                         clock uncertainty           -0.243    11.185    
    SLICE_X44Y74         FDRE (Setup_fdre_C_CE)      -0.205    10.980    user_35t_i/axi_interconnect_0/s01_couplers/auto_us/inst/gen_upsizer.gen_full_upsizer.axi_upsizer_inst/USE_WRITE.write_addr_inst/GEN_CMD_QUEUE.cmd_queue/USE_RTL_ADDR.addr_q_reg[2]
  -------------------------------------------------------------------
                         required time                         10.980    
                         arrival time                         -10.775    
  -------------------------------------------------------------------
                         slack                                  0.206    

Slack (MET) :             0.206ns  (required time - arrival time)
  Source:                 user_35t_i/axi_interconnect_0/xbar/inst/gen_samd.crossbar_samd/gen_master_slots[0].gen_mi_write.wdata_mux_w/gen_wmux.wmux_aw_fifo/storage_data1_reg[2]/C
                            (rising edge-triggered cell FDRE clocked by clk_out1_user_35t_clk_wiz_0_0  {rise@0.000ns fall@5.000ns period=10.000ns})
  Destination:            user_35t_i/axi_interconnect_0/s01_couplers/auto_us/inst/gen_upsizer.gen_full_upsizer.axi_upsizer_inst/USE_WRITE.write_addr_inst/GEN_CMD_QUEUE.cmd_queue/USE_RTL_ADDR.addr_q_reg[3]/CE
                            (rising edge-triggered cell FDRE clocked by clk_out1_user_35t_clk_wiz_0_0  {rise@0.000ns fall@5.000ns period=10.000ns})
  Path Group:             clk_out1_user_35t_clk_wiz_0_0
  Path Type:              Setup (Max at Slow Process Corner)
  Requirement:            10.000ns  (clk_out1_user_35t_clk_wiz_0_0 rise@10.000ns - clk_out1_user_35t_clk_wiz_0_0 rise@0.000ns)
  Data Path Delay:        9.232ns  (logic 2.636ns (28.554%)  route 6.596ns (71.446%))
  Logic Levels:           15  (LUT2=4 LUT3=1 LUT5=3 LUT6=6 MUXF7=1)
  Clock Path Skew:        -0.115ns (DCD - SCD + CPR)
    Destination Clock Delay (DCD):    1.421ns = ( 11.421 - 10.000 ) 
    Source Clock Delay      (SCD):    1.543ns
    Clock Pessimism Removal (CPR):    0.007ns
  Clock Uncertainty:      0.243ns  ((TSJ^2 + DJ^2)^1/2) / 2 + PE
    Total System Jitter     (TSJ):    0.071ns
    Discrete Jitter          (DJ):    0.480ns
    Phase Error              (PE):    0.000ns

    Location             Delay type                Incr(ns)  Path(ns)    Netlist Resource(s)
  -------------------------------------------------------------------    -------------------
                         (clock clk_out1_user_35t_clk_wiz_0_0 rise edge)
                                                      0.000     0.000 r  
    BUFGCTRL_X0Y4        BUFG                         0.000     0.000 r  sys_clock_IBUF_BUFG_inst/O
                         net (fo=38, routed)          1.575     1.575    user_35t_i/clk_wiz_0/inst/clk_in1
    MMCME2_ADV_X1Y0      MMCME2_ADV (Prop_mmcme2_adv_CLKIN1_CLKOUT0)
                                                     -3.333    -1.757 r  user_35t_i/clk_wiz_0/inst/mmcm_adv_inst/CLKOUT0
                         net (fo=1, routed)           1.661    -0.096    user_35t_i/clk_wiz_0/inst/clk_out1_user_35t_clk_wiz_0_0
    BUFGCTRL_X0Y0        BUFG (Prop_bufg_I_O)         0.096    -0.000 r  user_35t_i/clk_wiz_0/inst/clkout1_buf/O
                         net (fo=26831, routed)       1.543     1.543    user_35t_i/axi_interconnect_0/xbar/inst/gen_samd.crossbar_samd/gen_master_slots[0].gen_mi_write.wdata_mux_w/gen_wmux.wmux_aw_fifo/aclk
    SLICE_X10Y71         FDRE                                         r  user_35t_i/axi_interconnect_0/xbar/inst/gen_samd.crossbar_samd/gen_master_slots[0].gen_mi_write.wdata_mux_w/gen_wmux.wmux_aw_fifo/storage_data1_reg[2]/C
  -------------------------------------------------------------------    -------------------
    SLICE_X10Y71         FDRE (Prop_fdre_C_Q)         0.518     2.061 f  user_35t_i/axi_interconnect_0/xbar/inst/gen_samd.crossbar_samd/gen_master_slots[0].gen_mi_write.wdata_mux_w/gen_wmux.wmux_aw_fifo/storage_data1_reg[2]/Q
                         net (fo=14, routed)          0.902     2.963    user_35t_i/axi_interconnect_0/xbar/inst/gen_samd.crossbar_samd/gen_master_slots[0].gen_mi_write.wdata_mux_w/gen_wmux.wmux_aw_fifo/gen_srls[0].gen_rep[2].srl_nx1/m_select_enc_2[0]
    SLICE_X8Y71          LUT6 (Prop_lut6_I0_O)        0.124     3.087 r  user_35t_i/axi_interconnect_0/xbar/inst/gen_samd.crossbar_samd/gen_master_slots[0].gen_mi_write.wdata_mux_w/gen_wmux.wmux_aw_fifo/gen_srls[0].gen_rep[2].srl_nx1/m_axi_wvalid[0]_INST_0_i_5/O
                         net (fo=1, routed)           0.429     3.515    user_35t_i/axi_interconnect_0/xbar/inst/gen_samd.crossbar_samd/gen_master_slots[0].gen_mi_write.wdata_mux_w/gen_wmux.wmux_aw_fifo/gen_srls[0].gen_rep[2].srl_nx1/m_axi_wvalid[0]_INST_0_i_5_n_0
    SLICE_X10Y71         LUT6 (Prop_lut6_I0_O)        0.124     3.639 r  user_35t_i/axi_interconnect_0/xbar/inst/gen_samd.crossbar_samd/gen_master_slots[0].gen_mi_write.wdata_mux_w/gen_wmux.wmux_aw_fifo/gen_srls[0].gen_rep[2].srl_nx1/m_axi_wvalid[0]_INST_0_i_4/O
                         net (fo=2, routed)           0.306     3.945    user_35t_i/axi_interconnect_0/xbar/inst/gen_samd.crossbar_samd/gen_master_slots[0].gen_mi_write.wdata_mux_w/gen_wmux.wmux_aw_fifo/gen_srls[0].gen_rep[2].srl_nx1/m_valid_i_reg
    SLICE_X11Y72         LUT6 (Prop_lut6_I5_O)        0.124     4.069 r  user_35t_i/axi_interconnect_0/xbar/inst/gen_samd.crossbar_samd/gen_master_slots[0].gen_mi_write.wdata_mux_w/gen_wmux.wmux_aw_fifo/gen_srls[0].gen_rep[2].srl_nx1/m_axi_wvalid[0]_INST_0_i_1/O
                         net (fo=3, routed)           0.327     4.396    user_35t_i/axi_interconnect_0/xbar/inst/gen_samd.crossbar_samd/gen_master_slots[0].gen_mi_write.wdata_mux_w/gen_wmux.wmux_aw_fifo/m_valid_i
    SLICE_X10Y73         LUT2 (Prop_lut2_I0_O)        0.124     4.520 r  user_35t_i/axi_interconnect_0/xbar/inst/gen_samd.crossbar_samd/gen_master_slots[0].gen_mi_write.wdata_mux_w/gen_wmux.wmux_aw_fifo/m_axi_wvalid[0]_INST_0/O
                         net (fo=3, routed)           0.183     4.703    user_35t_i/axi_interconnect_0/m00_couplers/auto_ds/inst/gen_downsizer.gen_simple_downsizer.axi_downsizer_inst/USE_WRITE.write_addr_inst/cmd_queue/inst/s_axi_wvalid
    SLICE_X10Y73         LUT2 (Prop_lut2_I0_O)        0.124     4.827 r  user_35t_i/axi_interconnect_0/m00_couplers/auto_ds/inst/gen_downsizer.gen_simple_downsizer.axi_downsizer_inst/USE_WRITE.write_addr_inst/cmd_queue/inst/m_axi_wvalid_INST_0/O
                         net (fo=12, routed)          0.535     5.362    user_35t_i/axi_emc_0/U0/EMC_CTRL_I/MEM_STATE_MACHINE_I/s_axi_mem_wvalid
    SLICE_X11Y73         LUT5 (Prop_lut5_I2_O)        0.124     5.486 r  user_35t_i/axi_emc_0/U0/EMC_CTRL_I/MEM_STATE_MACHINE_I/s_axi_mem_awready_INST_0_i_1/O
                         net (fo=6, routed)           0.433     5.919    user_35t_i/axi_emc_0/U0/AXI_EMC_NATIVE_INTERFACE_I/s_axi_mem_awready_0
    SLICE_X11Y73         LUT5 (Prop_lut5_I2_O)        0.124     6.043 r  user_35t_i/axi_emc_0/U0/AXI_EMC_NATIVE_INTERFACE_I/s_axi_mem_wready_INST_0/O
                         net (fo=3, routed)           0.149     6.192    user_35t_i/axi_interconnect_0/m00_couplers/auto_ds/inst/gen_downsizer.gen_simple_downsizer.axi_downsizer_inst/USE_WRITE.write_addr_inst/cmd_queue/inst/m_axi_wready
    SLICE_X11Y73         LUT6 (Prop_lut6_I1_O)        0.124     6.316 r  user_35t_i/axi_interconnect_0/m00_couplers/auto_ds/inst/gen_downsizer.gen_simple_downsizer.axi_downsizer_inst/USE_WRITE.write_addr_inst/cmd_queue/inst/s_axi_wready_INST_0/O
                         net (fo=7, routed)           0.535     6.851    user_35t_i/axi_interconnect_0/xbar/inst/gen_samd.crossbar_samd/gen_master_slots[0].gen_mi_write.wdata_mux_w/gen_wmux.wmux_aw_fifo/m_axi_wready[0]
    SLICE_X12Y71         LUT5 (Prop_lut5_I4_O)        0.124     6.975 r  user_35t_i/axi_interconnect_0/xbar/inst/gen_samd.crossbar_samd/gen_master_slots[0].gen_mi_write.wdata_mux_w/gen_wmux.wmux_aw_fifo/s_axi_wready[1]_INST_0_i_2/O
                         net (fo=1, routed)           0.000     6.975    user_35t_i/axi_interconnect_0/xbar/inst/gen_samd.crossbar_samd/gen_slave_slots[1].gen_si_write.wdata_router_w/wrouter_aw_fifo/gen_srls[0].gen_rep[0].srl_nx1/wr_tmp_wready[0]
    SLICE_X12Y71         MUXF7 (Prop_muxf7_I0_O)      0.209     7.184 r  user_35t_i/axi_interconnect_0/xbar/inst/gen_samd.crossbar_samd/gen_slave_slots[1].gen_si_write.wdata_router_w/wrouter_aw_fifo/gen_srls[0].gen_rep[0].srl_nx1/s_axi_wready[1]_INST_0_i_1/O
                         net (fo=2, routed)           0.302     7.487    user_35t_i/axi_interconnect_0/xbar/inst/gen_samd.crossbar_samd/gen_slave_slots[1].gen_si_write.wdata_router_w/wrouter_aw_fifo/gen_srls[0].gen_rep[0].srl_nx1_n_2
    SLICE_X15Y71         LUT2 (Prop_lut2_I1_O)        0.297     7.784 r  user_35t_i/axi_interconnect_0/xbar/inst/gen_samd.crossbar_samd/gen_slave_slots[1].gen_si_write.wdata_router_w/wrouter_aw_fifo/s_axi_wready[1]_INST_0/O
                         net (fo=39, routed)          0.956     8.740    user_35t_i/axi_interconnect_0/s01_couplers/auto_us/inst/gen_upsizer.gen_full_upsizer.axi_upsizer_inst/USE_WRITE.gen_non_fifo_w_upsizer.write_data_inst/m_axi_wready
    SLICE_X47Y72         LUT2 (Prop_lut2_I0_O)        0.124     8.864 r  user_35t_i/axi_interconnect_0/s01_couplers/auto_us/inst/gen_upsizer.gen_full_upsizer.axi_upsizer_inst/USE_WRITE.gen_non_fifo_w_upsizer.write_data_inst/USE_FF_OUT.USE_RTL_OUTPUT_PIPELINE.M_MESG_Q[39]_i_3/O
                         net (fo=1, routed)           0.294     9.158    user_35t_i/axi_interconnect_0/s01_couplers/auto_us/inst/gen_upsizer.gen_full_upsizer.axi_upsizer_inst/USE_WRITE.write_addr_inst/GEN_CMD_QUEUE.cmd_queue/M_AXI_WREADY_I
    SLICE_X44Y72         LUT6 (Prop_lut6_I0_O)        0.124     9.282 r  user_35t_i/axi_interconnect_0/s01_couplers/auto_us/inst/gen_upsizer.gen_full_upsizer.axi_upsizer_inst/USE_WRITE.write_addr_inst/GEN_CMD_QUEUE.cmd_queue/USE_FF_OUT.USE_RTL_OUTPUT_PIPELINE.M_MESG_Q[39]_i_2/O
                         net (fo=11, routed)          0.353     9.636    user_35t_i/axi_interconnect_0/s01_couplers/auto_us/inst/gen_upsizer.gen_full_upsizer.axi_upsizer_inst/USE_WRITE.write_addr_inst/GEN_CMD_QUEUE.cmd_queue/m_axi_wready_0
    SLICE_X45Y72         LUT3 (Prop_lut3_I0_O)        0.124     9.760 r  user_35t_i/axi_interconnect_0/s01_couplers/auto_us/inst/gen_upsizer.gen_full_upsizer.axi_upsizer_inst/USE_WRITE.write_addr_inst/GEN_CMD_QUEUE.cmd_queue/USE_FF_OUT.USE_RTL_OUTPUT_PIPELINE.M_MESG_Q[39]_i_1/O
                         net (fo=37, routed)          0.390    10.150    user_35t_i/axi_interconnect_0/s01_couplers/auto_us/inst/gen_upsizer.gen_full_upsizer.axi_upsizer_inst/USE_WRITE.write_addr_inst/GEN_CMD_QUEUE.cmd_queue/M_READY_I
    SLICE_X45Y73         LUT6 (Prop_lut6_I4_O)        0.124    10.274 r  user_35t_i/axi_interconnect_0/s01_couplers/auto_us/inst/gen_upsizer.gen_full_upsizer.axi_upsizer_inst/USE_WRITE.write_addr_inst/GEN_CMD_QUEUE.cmd_queue/USE_RTL_ADDR.addr_q[4]_i_1/O
                         net (fo=5, routed)           0.501    10.775    user_35t_i/axi_interconnect_0/s01_couplers/auto_us/inst/gen_upsizer.gen_full_upsizer.axi_upsizer_inst/USE_WRITE.write_addr_inst/GEN_CMD_QUEUE.cmd_queue/USE_RTL_ADDR.addr_q
    SLICE_X44Y74         FDRE                                         r  user_35t_i/axi_interconnect_0/s01_couplers/auto_us/inst/gen_upsizer.gen_full_upsizer.axi_upsizer_inst/USE_WRITE.write_addr_inst/GEN_CMD_QUEUE.cmd_queue/USE_RTL_ADDR.addr_q_reg[3]/CE
  -------------------------------------------------------------------    -------------------

                         (clock clk_out1_user_35t_clk_wiz_0_0 rise edge)
                                                     10.000    10.000 r  
    BUFGCTRL_X0Y4        BUFG                         0.000    10.000 r  sys_clock_IBUF_BUFG_inst/O
                         net (fo=38, routed)          1.457    11.457    user_35t_i/clk_wiz_0/inst/clk_in1
    MMCME2_ADV_X1Y0      MMCME2_ADV (Prop_mmcme2_adv_CLKIN1_CLKOUT0)
                                                     -3.129     8.328 r  user_35t_i/clk_wiz_0/inst/mmcm_adv_inst/CLKOUT0
                         net (fo=1, routed)           1.581     9.909    user_35t_i/clk_wiz_0/inst/clk_out1_user_35t_clk_wiz_0_0
    BUFGCTRL_X0Y0        BUFG (Prop_bufg_I_O)         0.091    10.000 r  user_35t_i/clk_wiz_0/inst/clkout1_buf/O
                         net (fo=26831, routed)       1.421    11.421    user_35t_i/axi_interconnect_0/s01_couplers/auto_us/inst/gen_upsizer.gen_full_upsizer.axi_upsizer_inst/USE_WRITE.write_addr_inst/GEN_CMD_QUEUE.cmd_queue/USE_RTL_ADDR.addr_q_reg[4]_0
    SLICE_X44Y74         FDRE                                         r  user_35t_i/axi_interconnect_0/s01_couplers/auto_us/inst/gen_upsizer.gen_full_upsizer.axi_upsizer_inst/USE_WRITE.write_addr_inst/GEN_CMD_QUEUE.cmd_queue/USE_RTL_ADDR.addr_q_reg[3]/C
                         clock pessimism              0.007    11.428    
                         clock uncertainty           -0.243    11.185    
    SLICE_X44Y74         FDRE (Setup_fdre_C_CE)      -0.205    10.980    user_35t_i/axi_interconnect_0/s01_couplers/auto_us/inst/gen_upsizer.gen_full_upsizer.axi_upsizer_inst/USE_WRITE.write_addr_inst/GEN_CMD_QUEUE.cmd_queue/USE_RTL_ADDR.addr_q_reg[3]
  -------------------------------------------------------------------
                         required time                         10.980    
                         arrival time                         -10.775    
  -------------------------------------------------------------------
                         slack                                  0.206    

Slack (MET) :             0.206ns  (required time - arrival time)
  Source:                 user_35t_i/axi_interconnect_0/xbar/inst/gen_samd.crossbar_samd/gen_master_slots[0].gen_mi_write.wdata_mux_w/gen_wmux.wmux_aw_fifo/storage_data1_reg[2]/C
                            (rising edge-triggered cell FDRE clocked by clk_out1_user_35t_clk_wiz_0_0  {rise@0.000ns fall@5.000ns period=10.000ns})
  Destination:            user_35t_i/axi_interconnect_0/s01_couplers/auto_us/inst/gen_upsizer.gen_full_upsizer.axi_upsizer_inst/USE_WRITE.write_addr_inst/GEN_CMD_QUEUE.cmd_queue/USE_RTL_ADDR.addr_q_reg[4]/CE
                            (rising edge-triggered cell FDRE clocked by clk_out1_user_35t_clk_wiz_0_0  {rise@0.000ns fall@5.000ns period=10.000ns})
  Path Group:             clk_out1_user_35t_clk_wiz_0_0
  Path Type:              Setup (Max at Slow Process Corner)
  Requirement:            10.000ns  (clk_out1_user_35t_clk_wiz_0_0 rise@10.000ns - clk_out1_user_35t_clk_wiz_0_0 rise@0.000ns)
  Data Path Delay:        9.232ns  (logic 2.636ns (28.554%)  route 6.596ns (71.446%))
  Logic Levels:           15  (LUT2=4 LUT3=1 LUT5=3 LUT6=6 MUXF7=1)
  Clock Path Skew:        -0.115ns (DCD - SCD + CPR)
    Destination Clock Delay (DCD):    1.421ns = ( 11.421 - 10.000 ) 
    Source Clock Delay      (SCD):    1.543ns
    Clock Pessimism Removal (CPR):    0.007ns
  Clock Uncertainty:      0.243ns  ((TSJ^2 + DJ^2)^1/2) / 2 + PE
    Total System Jitter     (TSJ):    0.071ns
    Discrete Jitter          (DJ):    0.480ns
    Phase Error              (PE):    0.000ns

    Location             Delay type                Incr(ns)  Path(ns)    Netlist Resource(s)
  -------------------------------------------------------------------    -------------------
                         (clock clk_out1_user_35t_clk_wiz_0_0 rise edge)
                                                      0.000     0.000 r  
    BUFGCTRL_X0Y4        BUFG                         0.000     0.000 r  sys_clock_IBUF_BUFG_inst/O
                         net (fo=38, routed)          1.575     1.575    user_35t_i/clk_wiz_0/inst/clk_in1
    MMCME2_ADV_X1Y0      MMCME2_ADV (Prop_mmcme2_adv_CLKIN1_CLKOUT0)
                                                     -3.333    -1.757 r  user_35t_i/clk_wiz_0/inst/mmcm_adv_inst/CLKOUT0
                         net (fo=1, routed)           1.661    -0.096    user_35t_i/clk_wiz_0/inst/clk_out1_user_35t_clk_wiz_0_0
    BUFGCTRL_X0Y0        BUFG (Prop_bufg_I_O)         0.096    -0.000 r  user_35t_i/clk_wiz_0/inst/clkout1_buf/O
                         net (fo=26831, routed)       1.543     1.543    user_35t_i/axi_interconnect_0/xbar/inst/gen_samd.crossbar_samd/gen_master_slots[0].gen_mi_write.wdata_mux_w/gen_wmux.wmux_aw_fifo/aclk
    SLICE_X10Y71         FDRE                                         r  user_35t_i/axi_interconnect_0/xbar/inst/gen_samd.crossbar_samd/gen_master_slots[0].gen_mi_write.wdata_mux_w/gen_wmux.wmux_aw_fifo/storage_data1_reg[2]/C
  -------------------------------------------------------------------    -------------------
    SLICE_X10Y71         FDRE (Prop_fdre_C_Q)         0.518     2.061 f  user_35t_i/axi_interconnect_0/xbar/inst/gen_samd.crossbar_samd/gen_master_slots[0].gen_mi_write.wdata_mux_w/gen_wmux.wmux_aw_fifo/storage_data1_reg[2]/Q
                         net (fo=14, routed)          0.902     2.963    user_35t_i/axi_interconnect_0/xbar/inst/gen_samd.crossbar_samd/gen_master_slots[0].gen_mi_write.wdata_mux_w/gen_wmux.wmux_aw_fifo/gen_srls[0].gen_rep[2].srl_nx1/m_select_enc_2[0]
    SLICE_X8Y71          LUT6 (Prop_lut6_I0_O)        0.124     3.087 r  user_35t_i/axi_interconnect_0/xbar/inst/gen_samd.crossbar_samd/gen_master_slots[0].gen_mi_write.wdata_mux_w/gen_wmux.wmux_aw_fifo/gen_srls[0].gen_rep[2].srl_nx1/m_axi_wvalid[0]_INST_0_i_5/O
                         net (fo=1, routed)           0.429     3.515    user_35t_i/axi_interconnect_0/xbar/inst/gen_samd.crossbar_samd/gen_master_slots[0].gen_mi_write.wdata_mux_w/gen_wmux.wmux_aw_fifo/gen_srls[0].gen_rep[2].srl_nx1/m_axi_wvalid[0]_INST_0_i_5_n_0
    SLICE_X10Y71         LUT6 (Prop_lut6_I0_O)        0.124     3.639 r  user_35t_i/axi_interconnect_0/xbar/inst/gen_samd.crossbar_samd/gen_master_slots[0].gen_mi_write.wdata_mux_w/gen_wmux.wmux_aw_fifo/gen_srls[0].gen_rep[2].srl_nx1/m_axi_wvalid[0]_INST_0_i_4/O
                         net (fo=2, routed)           0.306     3.945    user_35t_i/axi_interconnect_0/xbar/inst/gen_samd.crossbar_samd/gen_master_slots[0].gen_mi_write.wdata_mux_w/gen_wmux.wmux_aw_fifo/gen_srls[0].gen_rep[2].srl_nx1/m_valid_i_reg
    SLICE_X11Y72         LUT6 (Prop_lut6_I5_O)        0.124     4.069 r  user_35t_i/axi_interconnect_0/xbar/inst/gen_samd.crossbar_samd/gen_master_slots[0].gen_mi_write.wdata_mux_w/gen_wmux.wmux_aw_fifo/gen_srls[0].gen_rep[2].srl_nx1/m_axi_wvalid[0]_INST_0_i_1/O
                         net (fo=3, routed)           0.327     4.396    user_35t_i/axi_interconnect_0/xbar/inst/gen_samd.crossbar_samd/gen_master_slots[0].gen_mi_write.wdata_mux_w/gen_wmux.wmux_aw_fifo/m_valid_i
    SLICE_X10Y73         LUT2 (Prop_lut2_I0_O)        0.124     4.520 r  user_35t_i/axi_interconnect_0/xbar/inst/gen_samd.crossbar_samd/gen_master_slots[0].gen_mi_write.wdata_mux_w/gen_wmux.wmux_aw_fifo/m_axi_wvalid[0]_INST_0/O
                         net (fo=3, routed)           0.183     4.703    user_35t_i/axi_interconnect_0/m00_couplers/auto_ds/inst/gen_downsizer.gen_simple_downsizer.axi_downsizer_inst/USE_WRITE.write_addr_inst/cmd_queue/inst/s_axi_wvalid
    SLICE_X10Y73         LUT2 (Prop_lut2_I0_O)        0.124     4.827 r  user_35t_i/axi_interconnect_0/m00_couplers/auto_ds/inst/gen_downsizer.gen_simple_downsizer.axi_downsizer_inst/USE_WRITE.write_addr_inst/cmd_queue/inst/m_axi_wvalid_INST_0/O
                         net (fo=12, routed)          0.535     5.362    user_35t_i/axi_emc_0/U0/EMC_CTRL_I/MEM_STATE_MACHINE_I/s_axi_mem_wvalid
    SLICE_X11Y73         LUT5 (Prop_lut5_I2_O)        0.124     5.486 r  user_35t_i/axi_emc_0/U0/EMC_CTRL_I/MEM_STATE_MACHINE_I/s_axi_mem_awready_INST_0_i_1/O
                         net (fo=6, routed)           0.433     5.919    user_35t_i/axi_emc_0/U0/AXI_EMC_NATIVE_INTERFACE_I/s_axi_mem_awready_0
    SLICE_X11Y73         LUT5 (Prop_lut5_I2_O)        0.124     6.043 r  user_35t_i/axi_emc_0/U0/AXI_EMC_NATIVE_INTERFACE_I/s_axi_mem_wready_INST_0/O
                         net (fo=3, routed)           0.149     6.192    user_35t_i/axi_interconnect_0/m00_couplers/auto_ds/inst/gen_downsizer.gen_simple_downsizer.axi_downsizer_inst/USE_WRITE.write_addr_inst/cmd_queue/inst/m_axi_wready
    SLICE_X11Y73         LUT6 (Prop_lut6_I1_O)        0.124     6.316 r  user_35t_i/axi_interconnect_0/m00_couplers/auto_ds/inst/gen_downsizer.gen_simple_downsizer.axi_downsizer_inst/USE_WRITE.write_addr_inst/cmd_queue/inst/s_axi_wready_INST_0/O
                         net (fo=7, routed)           0.535     6.851    user_35t_i/axi_interconnect_0/xbar/inst/gen_samd.crossbar_samd/gen_master_slots[0].gen_mi_write.wdata_mux_w/gen_wmux.wmux_aw_fifo/m_axi_wready[0]
    SLICE_X12Y71         LUT5 (Prop_lut5_I4_O)        0.124     6.975 r  user_35t_i/axi_interconnect_0/xbar/inst/gen_samd.crossbar_samd/gen_master_slots[0].gen_mi_write.wdata_mux_w/gen_wmux.wmux_aw_fifo/s_axi_wready[1]_INST_0_i_2/O
                         net (fo=1, routed)           0.000     6.975    user_35t_i/axi_interconnect_0/xbar/inst/gen_samd.crossbar_samd/gen_slave_slots[1].gen_si_write.wdata_router_w/wrouter_aw_fifo/gen_srls[0].gen_rep[0].srl_nx1/wr_tmp_wready[0]
    SLICE_X12Y71         MUXF7 (Prop_muxf7_I0_O)      0.209     7.184 r  user_35t_i/axi_interconnect_0/xbar/inst/gen_samd.crossbar_samd/gen_slave_slots[1].gen_si_write.wdata_router_w/wrouter_aw_fifo/gen_srls[0].gen_rep[0].srl_nx1/s_axi_wready[1]_INST_0_i_1/O
                         net (fo=2, routed)           0.302     7.487    user_35t_i/axi_interconnect_0/xbar/inst/gen_samd.crossbar_samd/gen_slave_slots[1].gen_si_write.wdata_router_w/wrouter_aw_fifo/gen_srls[0].gen_rep[0].srl_nx1_n_2
    SLICE_X15Y71         LUT2 (Prop_lut2_I1_O)        0.297     7.784 r  user_35t_i/axi_interconnect_0/xbar/inst/gen_samd.crossbar_samd/gen_slave_slots[1].gen_si_write.wdata_router_w/wrouter_aw_fifo/s_axi_wready[1]_INST_0/O
                         net (fo=39, routed)          0.956     8.740    user_35t_i/axi_interconnect_0/s01_couplers/auto_us/inst/gen_upsizer.gen_full_upsizer.axi_upsizer_inst/USE_WRITE.gen_non_fifo_w_upsizer.write_data_inst/m_axi_wready
    SLICE_X47Y72         LUT2 (Prop_lut2_I0_O)        0.124     8.864 r  user_35t_i/axi_interconnect_0/s01_couplers/auto_us/inst/gen_upsizer.gen_full_upsizer.axi_upsizer_inst/USE_WRITE.gen_non_fifo_w_upsizer.write_data_inst/USE_FF_OUT.USE_RTL_OUTPUT_PIPELINE.M_MESG_Q[39]_i_3/O
                         net (fo=1, routed)           0.294     9.158    user_35t_i/axi_interconnect_0/s01_couplers/auto_us/inst/gen_upsizer.gen_full_upsizer.axi_upsizer_inst/USE_WRITE.write_addr_inst/GEN_CMD_QUEUE.cmd_queue/M_AXI_WREADY_I
    SLICE_X44Y72         LUT6 (Prop_lut6_I0_O)        0.124     9.282 r  user_35t_i/axi_interconnect_0/s01_couplers/auto_us/inst/gen_upsizer.gen_full_upsizer.axi_upsizer_inst/USE_WRITE.write_addr_inst/GEN_CMD_QUEUE.cmd_queue/USE_FF_OUT.USE_RTL_OUTPUT_PIPELINE.M_MESG_Q[39]_i_2/O
                         net (fo=11, routed)          0.353     9.636    user_35t_i/axi_interconnect_0/s01_couplers/auto_us/inst/gen_upsizer.gen_full_upsizer.axi_upsizer_inst/USE_WRITE.write_addr_inst/GEN_CMD_QUEUE.cmd_queue/m_axi_wready_0
    SLICE_X45Y72         LUT3 (Prop_lut3_I0_O)        0.124     9.760 r  user_35t_i/axi_interconnect_0/s01_couplers/auto_us/inst/gen_upsizer.gen_full_upsizer.axi_upsizer_inst/USE_WRITE.write_addr_inst/GEN_CMD_QUEUE.cmd_queue/USE_FF_OUT.USE_RTL_OUTPUT_PIPELINE.M_MESG_Q[39]_i_1/O
                         net (fo=37, routed)          0.390    10.150    user_35t_i/axi_interconnect_0/s01_couplers/auto_us/inst/gen_upsizer.gen_full_upsizer.axi_upsizer_inst/USE_WRITE.write_addr_inst/GEN_CMD_QUEUE.cmd_queue/M_READY_I
    SLICE_X45Y73         LUT6 (Prop_lut6_I4_O)        0.124    10.274 r  user_35t_i/axi_interconnect_0/s01_couplers/auto_us/inst/gen_upsizer.gen_full_upsizer.axi_upsizer_inst/USE_WRITE.write_addr_inst/GEN_CMD_QUEUE.cmd_queue/USE_RTL_ADDR.addr_q[4]_i_1/O
                         net (fo=5, routed)           0.501    10.775    user_35t_i/axi_interconnect_0/s01_couplers/auto_us/inst/gen_upsizer.gen_full_upsizer.axi_upsizer_inst/USE_WRITE.write_addr_inst/GEN_CMD_QUEUE.cmd_queue/USE_RTL_ADDR.addr_q
    SLICE_X44Y74         FDRE                                         r  user_35t_i/axi_interconnect_0/s01_couplers/auto_us/inst/gen_upsizer.gen_full_upsizer.axi_upsizer_inst/USE_WRITE.write_addr_inst/GEN_CMD_QUEUE.cmd_queue/USE_RTL_ADDR.addr_q_reg[4]/CE
  -------------------------------------------------------------------    -------------------

                         (clock clk_out1_user_35t_clk_wiz_0_0 rise edge)
                                                     10.000    10.000 r  
    BUFGCTRL_X0Y4        BUFG                         0.000    10.000 r  sys_clock_IBUF_BUFG_inst/O
                         net (fo=38, routed)          1.457    11.457    user_35t_i/clk_wiz_0/inst/clk_in1
    MMCME2_ADV_X1Y0      MMCME2_ADV (Prop_mmcme2_adv_CLKIN1_CLKOUT0)
                                                     -3.129     8.328 r  user_35t_i/clk_wiz_0/inst/mmcm_adv_inst/CLKOUT0
                         net (fo=1, routed)           1.581     9.909    user_35t_i/clk_wiz_0/inst/clk_out1_user_35t_clk_wiz_0_0
    BUFGCTRL_X0Y0        BUFG (Prop_bufg_I_O)         0.091    10.000 r  user_35t_i/clk_wiz_0/inst/clkout1_buf/O
                         net (fo=26831, routed)       1.421    11.421    user_35t_i/axi_interconnect_0/s01_couplers/auto_us/inst/gen_upsizer.gen_full_upsizer.axi_upsizer_inst/USE_WRITE.write_addr_inst/GEN_CMD_QUEUE.cmd_queue/USE_RTL_ADDR.addr_q_reg[4]_0
    SLICE_X44Y74         FDRE                                         r  user_35t_i/axi_interconnect_0/s01_couplers/auto_us/inst/gen_upsizer.gen_full_upsizer.axi_upsizer_inst/USE_WRITE.write_addr_inst/GEN_CMD_QUEUE.cmd_queue/USE_RTL_ADDR.addr_q_reg[4]/C
                         clock pessimism              0.007    11.428    
                         clock uncertainty           -0.243    11.185    
    SLICE_X44Y74         FDRE (Setup_fdre_C_CE)      -0.205    10.980    user_35t_i/axi_interconnect_0/s01_couplers/auto_us/inst/gen_upsizer.gen_full_upsizer.axi_upsizer_inst/USE_WRITE.write_addr_inst/GEN_CMD_QUEUE.cmd_queue/USE_RTL_ADDR.addr_q_reg[4]
  -------------------------------------------------------------------
                         required time                         10.980    
                         arrival time                         -10.775    
  -------------------------------------------------------------------
                         slack                                  0.206    

Slack (MET) :             0.240ns  (required time - arrival time)
  Source:                 user_35t_i/axi_interconnect_0/xbar/inst/gen_samd.crossbar_samd/gen_master_slots[0].gen_mi_write.wdata_mux_w/gen_wmux.wmux_aw_fifo/storage_data1_reg[2]/C
                            (rising edge-triggered cell FDRE clocked by clk_out1_user_35t_clk_wiz_0_0  {rise@0.000ns fall@5.000ns period=10.000ns})
  Destination:            user_35t_i/axi_interconnect_0/s01_couplers/auto_us/inst/gen_upsizer.gen_full_upsizer.axi_upsizer_inst/USE_WRITE.gen_non_fifo_w_upsizer.write_data_inst/WORD_LANE[6].USE_ALWAYS_PACKER.BYTE_LANE[2].USE_RTL_DATA.USE_REGISTER.M_AXI_WDATA_I_reg[209]/CE
                            (rising edge-triggered cell FDRE clocked by clk_out1_user_35t_clk_wiz_0_0  {rise@0.000ns fall@5.000ns period=10.000ns})
  Path Group:             clk_out1_user_35t_clk_wiz_0_0
  Path Type:              Setup (Max at Slow Process Corner)
  Requirement:            10.000ns  (clk_out1_user_35t_clk_wiz_0_0 rise@10.000ns - clk_out1_user_35t_clk_wiz_0_0 rise@0.000ns)
  Data Path Delay:        9.244ns  (logic 2.512ns (27.176%)  route 6.732ns (72.824%))
  Logic Levels:           14  (LUT2=3 LUT3=1 LUT4=1 LUT5=4 LUT6=4 MUXF7=1)
  Clock Path Skew:        -0.105ns (DCD - SCD + CPR)
    Destination Clock Delay (DCD):    1.431ns = ( 11.431 - 10.000 ) 
    Source Clock Delay      (SCD):    1.543ns
    Clock Pessimism Removal (CPR):    0.007ns
  Clock Uncertainty:      0.243ns  ((TSJ^2 + DJ^2)^1/2) / 2 + PE
    Total System Jitter     (TSJ):    0.071ns
    Discrete Jitter          (DJ):    0.480ns
    Phase Error              (PE):    0.000ns

    Location             Delay type                Incr(ns)  Path(ns)    Netlist Resource(s)
  -------------------------------------------------------------------    -------------------
                         (clock clk_out1_user_35t_clk_wiz_0_0 rise edge)
                                                      0.000     0.000 r  
    BUFGCTRL_X0Y4        BUFG                         0.000     0.000 r  sys_clock_IBUF_BUFG_inst/O
                         net (fo=38, routed)          1.575     1.575    user_35t_i/clk_wiz_0/inst/clk_in1
    MMCME2_ADV_X1Y0      MMCME2_ADV (Prop_mmcme2_adv_CLKIN1_CLKOUT0)
                                                     -3.333    -1.757 r  user_35t_i/clk_wiz_0/inst/mmcm_adv_inst/CLKOUT0
                         net (fo=1, routed)           1.661    -0.096    user_35t_i/clk_wiz_0/inst/clk_out1_user_35t_clk_wiz_0_0
    BUFGCTRL_X0Y0        BUFG (Prop_bufg_I_O)         0.096    -0.000 r  user_35t_i/clk_wiz_0/inst/clkout1_buf/O
                         net (fo=26831, routed)       1.543     1.543    user_35t_i/axi_interconnect_0/xbar/inst/gen_samd.crossbar_samd/gen_master_slots[0].gen_mi_write.wdata_mux_w/gen_wmux.wmux_aw_fifo/aclk
    SLICE_X10Y71         FDRE                                         r  user_35t_i/axi_interconnect_0/xbar/inst/gen_samd.crossbar_samd/gen_master_slots[0].gen_mi_write.wdata_mux_w/gen_wmux.wmux_aw_fifo/storage_data1_reg[2]/C
  -------------------------------------------------------------------    -------------------
    SLICE_X10Y71         FDRE (Prop_fdre_C_Q)         0.518     2.061 f  user_35t_i/axi_interconnect_0/xbar/inst/gen_samd.crossbar_samd/gen_master_slots[0].gen_mi_write.wdata_mux_w/gen_wmux.wmux_aw_fifo/storage_data1_reg[2]/Q
                         net (fo=14, routed)          0.902     2.963    user_35t_i/axi_interconnect_0/xbar/inst/gen_samd.crossbar_samd/gen_master_slots[0].gen_mi_write.wdata_mux_w/gen_wmux.wmux_aw_fifo/gen_srls[0].gen_rep[2].srl_nx1/m_select_enc_2[0]
    SLICE_X8Y71          LUT6 (Prop_lut6_I0_O)        0.124     3.087 r  user_35t_i/axi_interconnect_0/xbar/inst/gen_samd.crossbar_samd/gen_master_slots[0].gen_mi_write.wdata_mux_w/gen_wmux.wmux_aw_fifo/gen_srls[0].gen_rep[2].srl_nx1/m_axi_wvalid[0]_INST_0_i_5/O
                         net (fo=1, routed)           0.429     3.515    user_35t_i/axi_interconnect_0/xbar/inst/gen_samd.crossbar_samd/gen_master_slots[0].gen_mi_write.wdata_mux_w/gen_wmux.wmux_aw_fifo/gen_srls[0].gen_rep[2].srl_nx1/m_axi_wvalid[0]_INST_0_i_5_n_0
    SLICE_X10Y71         LUT6 (Prop_lut6_I0_O)        0.124     3.639 r  user_35t_i/axi_interconnect_0/xbar/inst/gen_samd.crossbar_samd/gen_master_slots[0].gen_mi_write.wdata_mux_w/gen_wmux.wmux_aw_fifo/gen_srls[0].gen_rep[2].srl_nx1/m_axi_wvalid[0]_INST_0_i_4/O
                         net (fo=2, routed)           0.306     3.945    user_35t_i/axi_interconnect_0/xbar/inst/gen_samd.crossbar_samd/gen_master_slots[0].gen_mi_write.wdata_mux_w/gen_wmux.wmux_aw_fifo/gen_srls[0].gen_rep[2].srl_nx1/m_valid_i_reg
    SLICE_X11Y72         LUT6 (Prop_lut6_I5_O)        0.124     4.069 r  user_35t_i/axi_interconnect_0/xbar/inst/gen_samd.crossbar_samd/gen_master_slots[0].gen_mi_write.wdata_mux_w/gen_wmux.wmux_aw_fifo/gen_srls[0].gen_rep[2].srl_nx1/m_axi_wvalid[0]_INST_0_i_1/O
                         net (fo=3, routed)           0.327     4.396    user_35t_i/axi_interconnect_0/xbar/inst/gen_samd.crossbar_samd/gen_master_slots[0].gen_mi_write.wdata_mux_w/gen_wmux.wmux_aw_fifo/m_valid_i
    SLICE_X10Y73         LUT2 (Prop_lut2_I0_O)        0.124     4.520 r  user_35t_i/axi_interconnect_0/xbar/inst/gen_samd.crossbar_samd/gen_master_slots[0].gen_mi_write.wdata_mux_w/gen_wmux.wmux_aw_fifo/m_axi_wvalid[0]_INST_0/O
                         net (fo=3, routed)           0.183     4.703    user_35t_i/axi_interconnect_0/m00_couplers/auto_ds/inst/gen_downsizer.gen_simple_downsizer.axi_downsizer_inst/USE_WRITE.write_addr_inst/cmd_queue/inst/s_axi_wvalid
    SLICE_X10Y73         LUT2 (Prop_lut2_I0_O)        0.124     4.827 r  user_35t_i/axi_interconnect_0/m00_couplers/auto_ds/inst/gen_downsizer.gen_simple_downsizer.axi_downsizer_inst/USE_WRITE.write_addr_inst/cmd_queue/inst/m_axi_wvalid_INST_0/O
                         net (fo=12, routed)          0.535     5.362    user_35t_i/axi_emc_0/U0/EMC_CTRL_I/MEM_STATE_MACHINE_I/s_axi_mem_wvalid
    SLICE_X11Y73         LUT5 (Prop_lut5_I2_O)        0.124     5.486 r  user_35t_i/axi_emc_0/U0/EMC_CTRL_I/MEM_STATE_MACHINE_I/s_axi_mem_awready_INST_0_i_1/O
                         net (fo=6, routed)           0.433     5.919    user_35t_i/axi_emc_0/U0/AXI_EMC_NATIVE_INTERFACE_I/s_axi_mem_awready_0
    SLICE_X11Y73         LUT5 (Prop_lut5_I2_O)        0.124     6.043 r  user_35t_i/axi_emc_0/U0/AXI_EMC_NATIVE_INTERFACE_I/s_axi_mem_wready_INST_0/O
                         net (fo=3, routed)           0.149     6.192    user_35t_i/axi_interconnect_0/m00_couplers/auto_ds/inst/gen_downsizer.gen_simple_downsizer.axi_downsizer_inst/USE_WRITE.write_addr_inst/cmd_queue/inst/m_axi_wready
    SLICE_X11Y73         LUT6 (Prop_lut6_I1_O)        0.124     6.316 r  user_35t_i/axi_interconnect_0/m00_couplers/auto_ds/inst/gen_downsizer.gen_simple_downsizer.axi_downsizer_inst/USE_WRITE.write_addr_inst/cmd_queue/inst/s_axi_wready_INST_0/O
                         net (fo=7, routed)           0.535     6.851    user_35t_i/axi_interconnect_0/xbar/inst/gen_samd.crossbar_samd/gen_master_slots[0].gen_mi_write.wdata_mux_w/gen_wmux.wmux_aw_fifo/m_axi_wready[0]
    SLICE_X12Y71         LUT5 (Prop_lut5_I4_O)        0.124     6.975 r  user_35t_i/axi_interconnect_0/xbar/inst/gen_samd.crossbar_samd/gen_master_slots[0].gen_mi_write.wdata_mux_w/gen_wmux.wmux_aw_fifo/s_axi_wready[1]_INST_0_i_2/O
                         net (fo=1, routed)           0.000     6.975    user_35t_i/axi_interconnect_0/xbar/inst/gen_samd.crossbar_samd/gen_slave_slots[1].gen_si_write.wdata_router_w/wrouter_aw_fifo/gen_srls[0].gen_rep[0].srl_nx1/wr_tmp_wready[0]
    SLICE_X12Y71         MUXF7 (Prop_muxf7_I0_O)      0.209     7.184 r  user_35t_i/axi_interconnect_0/xbar/inst/gen_samd.crossbar_samd/gen_slave_slots[1].gen_si_write.wdata_router_w/wrouter_aw_fifo/gen_srls[0].gen_rep[0].srl_nx1/s_axi_wready[1]_INST_0_i_1/O
                         net (fo=2, routed)           0.302     7.487    user_35t_i/axi_interconnect_0/xbar/inst/gen_samd.crossbar_samd/gen_slave_slots[1].gen_si_write.wdata_router_w/wrouter_aw_fifo/gen_srls[0].gen_rep[0].srl_nx1_n_2
    SLICE_X15Y71         LUT2 (Prop_lut2_I1_O)        0.297     7.784 r  user_35t_i/axi_interconnect_0/xbar/inst/gen_samd.crossbar_samd/gen_slave_slots[1].gen_si_write.wdata_router_w/wrouter_aw_fifo/s_axi_wready[1]_INST_0/O
                         net (fo=39, routed)          0.763     8.546    user_35t_i/axi_interconnect_0/s01_couplers/auto_us/inst/gen_upsizer.gen_full_upsizer.axi_upsizer_inst/USE_WRITE.gen_non_fifo_w_upsizer.write_data_inst/m_axi_wready
    SLICE_X36Y72         LUT4 (Prop_lut4_I0_O)        0.124     8.670 r  user_35t_i/axi_interconnect_0/s01_couplers/auto_us/inst/gen_upsizer.gen_full_upsizer.axi_upsizer_inst/USE_WRITE.gen_non_fifo_w_upsizer.write_data_inst/WORD_LANE[7].USE_ALWAYS_PACKER.BYTE_LANE[3].USE_RTL_DATA.USE_REGISTER.M_AXI_WDATA_I[255]_i_6/O
                         net (fo=58, routed)          0.742     9.412    user_35t_i/axi_interconnect_0/s01_couplers/auto_us/inst/gen_upsizer.gen_full_upsizer.axi_upsizer_inst/USE_WRITE.write_addr_inst/GEN_CMD_QUEUE.cmd_queue/WORD_LANE[2].USE_ALWAYS_PACKER.BYTE_LANE[3].USE_RTL_DATA.USE_REGISTER.M_AXI_WDATA_I_reg[88]
    SLICE_X40Y71         LUT5 (Prop_lut5_I4_O)        0.124     9.536 r  user_35t_i/axi_interconnect_0/s01_couplers/auto_us/inst/gen_upsizer.gen_full_upsizer.axi_upsizer_inst/USE_WRITE.write_addr_inst/GEN_CMD_QUEUE.cmd_queue/WORD_LANE[6].USE_ALWAYS_PACKER.BYTE_LANE[2].USE_RTL_DATA.USE_REGISTER.M_AXI_WDATA_I[215]_i_3/O
                         net (fo=9, routed)           0.480    10.016    user_35t_i/axi_interconnect_0/s01_couplers/auto_us/inst/gen_upsizer.gen_full_upsizer.axi_upsizer_inst/USE_WRITE.gen_non_fifo_w_upsizer.write_data_inst/M_AXI_WDATA_I160_out__2
    SLICE_X42Y69         LUT3 (Prop_lut3_I2_O)        0.124    10.140 r  user_35t_i/axi_interconnect_0/s01_couplers/auto_us/inst/gen_upsizer.gen_full_upsizer.axi_upsizer_inst/USE_WRITE.gen_non_fifo_w_upsizer.write_data_inst/WORD_LANE[6].USE_ALWAYS_PACKER.BYTE_LANE[2].USE_RTL_DATA.USE_REGISTER.M_AXI_WDATA_I[215]_i_1/O
                         net (fo=8, routed)           0.646    10.787    user_35t_i/axi_interconnect_0/s01_couplers/auto_us/inst/gen_upsizer.gen_full_upsizer.axi_upsizer_inst/USE_WRITE.gen_non_fifo_w_upsizer.write_data_inst/WORD_LANE[6].USE_ALWAYS_PACKER.BYTE_LANE[2].USE_RTL_DATA.USE_REGISTER.M_AXI_WDATA_I[215]_i_1_n_0
    SLICE_X42Y65         FDRE                                         r  user_35t_i/axi_interconnect_0/s01_couplers/auto_us/inst/gen_upsizer.gen_full_upsizer.axi_upsizer_inst/USE_WRITE.gen_non_fifo_w_upsizer.write_data_inst/WORD_LANE[6].USE_ALWAYS_PACKER.BYTE_LANE[2].USE_RTL_DATA.USE_REGISTER.M_AXI_WDATA_I_reg[209]/CE
  -------------------------------------------------------------------    -------------------

                         (clock clk_out1_user_35t_clk_wiz_0_0 rise edge)
                                                     10.000    10.000 r  
    BUFGCTRL_X0Y4        BUFG                         0.000    10.000 r  sys_clock_IBUF_BUFG_inst/O
                         net (fo=38, routed)          1.457    11.457    user_35t_i/clk_wiz_0/inst/clk_in1
    MMCME2_ADV_X1Y0      MMCME2_ADV (Prop_mmcme2_adv_CLKIN1_CLKOUT0)
                                                     -3.129     8.328 r  user_35t_i/clk_wiz_0/inst/mmcm_adv_inst/CLKOUT0
                         net (fo=1, routed)           1.581     9.909    user_35t_i/clk_wiz_0/inst/clk_out1_user_35t_clk_wiz_0_0
    BUFGCTRL_X0Y0        BUFG (Prop_bufg_I_O)         0.091    10.000 r  user_35t_i/clk_wiz_0/inst/clkout1_buf/O
                         net (fo=26831, routed)       1.431    11.431    user_35t_i/axi_interconnect_0/s01_couplers/auto_us/inst/gen_upsizer.gen_full_upsizer.axi_upsizer_inst/USE_WRITE.gen_non_fifo_w_upsizer.write_data_inst/USE_REGISTER.M_AXI_WLAST_q_reg_0
    SLICE_X42Y65         FDRE                                         r  user_35t_i/axi_interconnect_0/s01_couplers/auto_us/inst/gen_upsizer.gen_full_upsizer.axi_upsizer_inst/USE_WRITE.gen_non_fifo_w_upsizer.write_data_inst/WORD_LANE[6].USE_ALWAYS_PACKER.BYTE_LANE[2].USE_RTL_DATA.USE_REGISTER.M_AXI_WDATA_I_reg[209]/C
                         clock pessimism              0.007    11.438    
                         clock uncertainty           -0.243    11.195    
    SLICE_X42Y65         FDRE (Setup_fdre_C_CE)      -0.169    11.026    user_35t_i/axi_interconnect_0/s01_couplers/auto_us/inst/gen_upsizer.gen_full_upsizer.axi_upsizer_inst/USE_WRITE.gen_non_fifo_w_upsizer.write_data_inst/WORD_LANE[6].USE_ALWAYS_PACKER.BYTE_LANE[2].USE_RTL_DATA.USE_REGISTER.M_AXI_WDATA_I_reg[209]
  -------------------------------------------------------------------
                         required time                         11.026    
                         arrival time                         -10.787    
  -------------------------------------------------------------------
                         slack                                  0.240    

Slack (MET) :             0.240ns  (required time - arrival time)
  Source:                 user_35t_i/axi_interconnect_0/xbar/inst/gen_samd.crossbar_samd/gen_master_slots[0].gen_mi_write.wdata_mux_w/gen_wmux.wmux_aw_fifo/storage_data1_reg[2]/C
                            (rising edge-triggered cell FDRE clocked by clk_out1_user_35t_clk_wiz_0_0  {rise@0.000ns fall@5.000ns period=10.000ns})
  Destination:            user_35t_i/axi_interconnect_0/s01_couplers/auto_us/inst/gen_upsizer.gen_full_upsizer.axi_upsizer_inst/USE_WRITE.gen_non_fifo_w_upsizer.write_data_inst/WORD_LANE[6].USE_ALWAYS_PACKER.BYTE_LANE[2].USE_RTL_DATA.USE_REGISTER.M_AXI_WDATA_I_reg[210]/CE
                            (rising edge-triggered cell FDRE clocked by clk_out1_user_35t_clk_wiz_0_0  {rise@0.000ns fall@5.000ns period=10.000ns})
  Path Group:             clk_out1_user_35t_clk_wiz_0_0
  Path Type:              Setup (Max at Slow Process Corner)
  Requirement:            10.000ns  (clk_out1_user_35t_clk_wiz_0_0 rise@10.000ns - clk_out1_user_35t_clk_wiz_0_0 rise@0.000ns)
  Data Path Delay:        9.244ns  (logic 2.512ns (27.176%)  route 6.732ns (72.824%))
  Logic Levels:           14  (LUT2=3 LUT3=1 LUT4=1 LUT5=4 LUT6=4 MUXF7=1)
  Clock Path Skew:        -0.105ns (DCD - SCD + CPR)
    Destination Clock Delay (DCD):    1.431ns = ( 11.431 - 10.000 ) 
    Source Clock Delay      (SCD):    1.543ns
    Clock Pessimism Removal (CPR):    0.007ns
  Clock Uncertainty:      0.243ns  ((TSJ^2 + DJ^2)^1/2) / 2 + PE
    Total System Jitter     (TSJ):    0.071ns
    Discrete Jitter          (DJ):    0.480ns
    Phase Error              (PE):    0.000ns

    Location             Delay type                Incr(ns)  Path(ns)    Netlist Resource(s)
  -------------------------------------------------------------------    -------------------
                         (clock clk_out1_user_35t_clk_wiz_0_0 rise edge)
                                                      0.000     0.000 r  
    BUFGCTRL_X0Y4        BUFG                         0.000     0.000 r  sys_clock_IBUF_BUFG_inst/O
                         net (fo=38, routed)          1.575     1.575    user_35t_i/clk_wiz_0/inst/clk_in1
    MMCME2_ADV_X1Y0      MMCME2_ADV (Prop_mmcme2_adv_CLKIN1_CLKOUT0)
                                                     -3.333    -1.757 r  user_35t_i/clk_wiz_0/inst/mmcm_adv_inst/CLKOUT0
                         net (fo=1, routed)           1.661    -0.096    user_35t_i/clk_wiz_0/inst/clk_out1_user_35t_clk_wiz_0_0
    BUFGCTRL_X0Y0        BUFG (Prop_bufg_I_O)         0.096    -0.000 r  user_35t_i/clk_wiz_0/inst/clkout1_buf/O
                         net (fo=26831, routed)       1.543     1.543    user_35t_i/axi_interconnect_0/xbar/inst/gen_samd.crossbar_samd/gen_master_slots[0].gen_mi_write.wdata_mux_w/gen_wmux.wmux_aw_fifo/aclk
    SLICE_X10Y71         FDRE                                         r  user_35t_i/axi_interconnect_0/xbar/inst/gen_samd.crossbar_samd/gen_master_slots[0].gen_mi_write.wdata_mux_w/gen_wmux.wmux_aw_fifo/storage_data1_reg[2]/C
  -------------------------------------------------------------------    -------------------
    SLICE_X10Y71         FDRE (Prop_fdre_C_Q)         0.518     2.061 f  user_35t_i/axi_interconnect_0/xbar/inst/gen_samd.crossbar_samd/gen_master_slots[0].gen_mi_write.wdata_mux_w/gen_wmux.wmux_aw_fifo/storage_data1_reg[2]/Q
                         net (fo=14, routed)          0.902     2.963    user_35t_i/axi_interconnect_0/xbar/inst/gen_samd.crossbar_samd/gen_master_slots[0].gen_mi_write.wdata_mux_w/gen_wmux.wmux_aw_fifo/gen_srls[0].gen_rep[2].srl_nx1/m_select_enc_2[0]
    SLICE_X8Y71          LUT6 (Prop_lut6_I0_O)        0.124     3.087 r  user_35t_i/axi_interconnect_0/xbar/inst/gen_samd.crossbar_samd/gen_master_slots[0].gen_mi_write.wdata_mux_w/gen_wmux.wmux_aw_fifo/gen_srls[0].gen_rep[2].srl_nx1/m_axi_wvalid[0]_INST_0_i_5/O
                         net (fo=1, routed)           0.429     3.515    user_35t_i/axi_interconnect_0/xbar/inst/gen_samd.crossbar_samd/gen_master_slots[0].gen_mi_write.wdata_mux_w/gen_wmux.wmux_aw_fifo/gen_srls[0].gen_rep[2].srl_nx1/m_axi_wvalid[0]_INST_0_i_5_n_0
    SLICE_X10Y71         LUT6 (Prop_lut6_I0_O)        0.124     3.639 r  user_35t_i/axi_interconnect_0/xbar/inst/gen_samd.crossbar_samd/gen_master_slots[0].gen_mi_write.wdata_mux_w/gen_wmux.wmux_aw_fifo/gen_srls[0].gen_rep[2].srl_nx1/m_axi_wvalid[0]_INST_0_i_4/O
                         net (fo=2, routed)           0.306     3.945    user_35t_i/axi_interconnect_0/xbar/inst/gen_samd.crossbar_samd/gen_master_slots[0].gen_mi_write.wdata_mux_w/gen_wmux.wmux_aw_fifo/gen_srls[0].gen_rep[2].srl_nx1/m_valid_i_reg
    SLICE_X11Y72         LUT6 (Prop_lut6_I5_O)        0.124     4.069 r  user_35t_i/axi_interconnect_0/xbar/inst/gen_samd.crossbar_samd/gen_master_slots[0].gen_mi_write.wdata_mux_w/gen_wmux.wmux_aw_fifo/gen_srls[0].gen_rep[2].srl_nx1/m_axi_wvalid[0]_INST_0_i_1/O
                         net (fo=3, routed)           0.327     4.396    user_35t_i/axi_interconnect_0/xbar/inst/gen_samd.crossbar_samd/gen_master_slots[0].gen_mi_write.wdata_mux_w/gen_wmux.wmux_aw_fifo/m_valid_i
    SLICE_X10Y73         LUT2 (Prop_lut2_I0_O)        0.124     4.520 r  user_35t_i/axi_interconnect_0/xbar/inst/gen_samd.crossbar_samd/gen_master_slots[0].gen_mi_write.wdata_mux_w/gen_wmux.wmux_aw_fifo/m_axi_wvalid[0]_INST_0/O
                         net (fo=3, routed)           0.183     4.703    user_35t_i/axi_interconnect_0/m00_couplers/auto_ds/inst/gen_downsizer.gen_simple_downsizer.axi_downsizer_inst/USE_WRITE.write_addr_inst/cmd_queue/inst/s_axi_wvalid
    SLICE_X10Y73         LUT2 (Prop_lut2_I0_O)        0.124     4.827 r  user_35t_i/axi_interconnect_0/m00_couplers/auto_ds/inst/gen_downsizer.gen_simple_downsizer.axi_downsizer_inst/USE_WRITE.write_addr_inst/cmd_queue/inst/m_axi_wvalid_INST_0/O
                         net (fo=12, routed)          0.535     5.362    user_35t_i/axi_emc_0/U0/EMC_CTRL_I/MEM_STATE_MACHINE_I/s_axi_mem_wvalid
    SLICE_X11Y73         LUT5 (Prop_lut5_I2_O)        0.124     5.486 r  user_35t_i/axi_emc_0/U0/EMC_CTRL_I/MEM_STATE_MACHINE_I/s_axi_mem_awready_INST_0_i_1/O
                         net (fo=6, routed)           0.433     5.919    user_35t_i/axi_emc_0/U0/AXI_EMC_NATIVE_INTERFACE_I/s_axi_mem_awready_0
    SLICE_X11Y73         LUT5 (Prop_lut5_I2_O)        0.124     6.043 r  user_35t_i/axi_emc_0/U0/AXI_EMC_NATIVE_INTERFACE_I/s_axi_mem_wready_INST_0/O
                         net (fo=3, routed)           0.149     6.192    user_35t_i/axi_interconnect_0/m00_couplers/auto_ds/inst/gen_downsizer.gen_simple_downsizer.axi_downsizer_inst/USE_WRITE.write_addr_inst/cmd_queue/inst/m_axi_wready
    SLICE_X11Y73         LUT6 (Prop_lut6_I1_O)        0.124     6.316 r  user_35t_i/axi_interconnect_0/m00_couplers/auto_ds/inst/gen_downsizer.gen_simple_downsizer.axi_downsizer_inst/USE_WRITE.write_addr_inst/cmd_queue/inst/s_axi_wready_INST_0/O
                         net (fo=7, routed)           0.535     6.851    user_35t_i/axi_interconnect_0/xbar/inst/gen_samd.crossbar_samd/gen_master_slots[0].gen_mi_write.wdata_mux_w/gen_wmux.wmux_aw_fifo/m_axi_wready[0]
    SLICE_X12Y71         LUT5 (Prop_lut5_I4_O)        0.124     6.975 r  user_35t_i/axi_interconnect_0/xbar/inst/gen_samd.crossbar_samd/gen_master_slots[0].gen_mi_write.wdata_mux_w/gen_wmux.wmux_aw_fifo/s_axi_wready[1]_INST_0_i_2/O
                         net (fo=1, routed)           0.000     6.975    user_35t_i/axi_interconnect_0/xbar/inst/gen_samd.crossbar_samd/gen_slave_slots[1].gen_si_write.wdata_router_w/wrouter_aw_fifo/gen_srls[0].gen_rep[0].srl_nx1/wr_tmp_wready[0]
    SLICE_X12Y71         MUXF7 (Prop_muxf7_I0_O)      0.209     7.184 r  user_35t_i/axi_interconnect_0/xbar/inst/gen_samd.crossbar_samd/gen_slave_slots[1].gen_si_write.wdata_router_w/wrouter_aw_fifo/gen_srls[0].gen_rep[0].srl_nx1/s_axi_wready[1]_INST_0_i_1/O
                         net (fo=2, routed)           0.302     7.487    user_35t_i/axi_interconnect_0/xbar/inst/gen_samd.crossbar_samd/gen_slave_slots[1].gen_si_write.wdata_router_w/wrouter_aw_fifo/gen_srls[0].gen_rep[0].srl_nx1_n_2
    SLICE_X15Y71         LUT2 (Prop_lut2_I1_O)        0.297     7.784 r  user_35t_i/axi_interconnect_0/xbar/inst/gen_samd.crossbar_samd/gen_slave_slots[1].gen_si_write.wdata_router_w/wrouter_aw_fifo/s_axi_wready[1]_INST_0/O
                         net (fo=39, routed)          0.763     8.546    user_35t_i/axi_interconnect_0/s01_couplers/auto_us/inst/gen_upsizer.gen_full_upsizer.axi_upsizer_inst/USE_WRITE.gen_non_fifo_w_upsizer.write_data_inst/m_axi_wready
    SLICE_X36Y72         LUT4 (Prop_lut4_I0_O)        0.124     8.670 r  user_35t_i/axi_interconnect_0/s01_couplers/auto_us/inst/gen_upsizer.gen_full_upsizer.axi_upsizer_inst/USE_WRITE.gen_non_fifo_w_upsizer.write_data_inst/WORD_LANE[7].USE_ALWAYS_PACKER.BYTE_LANE[3].USE_RTL_DATA.USE_REGISTER.M_AXI_WDATA_I[255]_i_6/O
                         net (fo=58, routed)          0.742     9.412    user_35t_i/axi_interconnect_0/s01_couplers/auto_us/inst/gen_upsizer.gen_full_upsizer.axi_upsizer_inst/USE_WRITE.write_addr_inst/GEN_CMD_QUEUE.cmd_queue/WORD_LANE[2].USE_ALWAYS_PACKER.BYTE_LANE[3].USE_RTL_DATA.USE_REGISTER.M_AXI_WDATA_I_reg[88]
    SLICE_X40Y71         LUT5 (Prop_lut5_I4_O)        0.124     9.536 r  user_35t_i/axi_interconnect_0/s01_couplers/auto_us/inst/gen_upsizer.gen_full_upsizer.axi_upsizer_inst/USE_WRITE.write_addr_inst/GEN_CMD_QUEUE.cmd_queue/WORD_LANE[6].USE_ALWAYS_PACKER.BYTE_LANE[2].USE_RTL_DATA.USE_REGISTER.M_AXI_WDATA_I[215]_i_3/O
                         net (fo=9, routed)           0.480    10.016    user_35t_i/axi_interconnect_0/s01_couplers/auto_us/inst/gen_upsizer.gen_full_upsizer.axi_upsizer_inst/USE_WRITE.gen_non_fifo_w_upsizer.write_data_inst/M_AXI_WDATA_I160_out__2
    SLICE_X42Y69         LUT3 (Prop_lut3_I2_O)        0.124    10.140 r  user_35t_i/axi_interconnect_0/s01_couplers/auto_us/inst/gen_upsizer.gen_full_upsizer.axi_upsizer_inst/USE_WRITE.gen_non_fifo_w_upsizer.write_data_inst/WORD_LANE[6].USE_ALWAYS_PACKER.BYTE_LANE[2].USE_RTL_DATA.USE_REGISTER.M_AXI_WDATA_I[215]_i_1/O
                         net (fo=8, routed)           0.646    10.787    user_35t_i/axi_interconnect_0/s01_couplers/auto_us/inst/gen_upsizer.gen_full_upsizer.axi_upsizer_inst/USE_WRITE.gen_non_fifo_w_upsizer.write_data_inst/WORD_LANE[6].USE_ALWAYS_PACKER.BYTE_LANE[2].USE_RTL_DATA.USE_REGISTER.M_AXI_WDATA_I[215]_i_1_n_0
    SLICE_X42Y65         FDRE                                         r  user_35t_i/axi_interconnect_0/s01_couplers/auto_us/inst/gen_upsizer.gen_full_upsizer.axi_upsizer_inst/USE_WRITE.gen_non_fifo_w_upsizer.write_data_inst/WORD_LANE[6].USE_ALWAYS_PACKER.BYTE_LANE[2].USE_RTL_DATA.USE_REGISTER.M_AXI_WDATA_I_reg[210]/CE
  -------------------------------------------------------------------    -------------------

                         (clock clk_out1_user_35t_clk_wiz_0_0 rise edge)
                                                     10.000    10.000 r  
    BUFGCTRL_X0Y4        BUFG                         0.000    10.000 r  sys_clock_IBUF_BUFG_inst/O
                         net (fo=38, routed)          1.457    11.457    user_35t_i/clk_wiz_0/inst/clk_in1
    MMCME2_ADV_X1Y0      MMCME2_ADV (Prop_mmcme2_adv_CLKIN1_CLKOUT0)
                                                     -3.129     8.328 r  user_35t_i/clk_wiz_0/inst/mmcm_adv_inst/CLKOUT0
                         net (fo=1, routed)           1.581     9.909    user_35t_i/clk_wiz_0/inst/clk_out1_user_35t_clk_wiz_0_0
    BUFGCTRL_X0Y0        BUFG (Prop_bufg_I_O)         0.091    10.000 r  user_35t_i/clk_wiz_0/inst/clkout1_buf/O
                         net (fo=26831, routed)       1.431    11.431    user_35t_i/axi_interconnect_0/s01_couplers/auto_us/inst/gen_upsizer.gen_full_upsizer.axi_upsizer_inst/USE_WRITE.gen_non_fifo_w_upsizer.write_data_inst/USE_REGISTER.M_AXI_WLAST_q_reg_0
    SLICE_X42Y65         FDRE                                         r  user_35t_i/axi_interconnect_0/s01_couplers/auto_us/inst/gen_upsizer.gen_full_upsizer.axi_upsizer_inst/USE_WRITE.gen_non_fifo_w_upsizer.write_data_inst/WORD_LANE[6].USE_ALWAYS_PACKER.BYTE_LANE[2].USE_RTL_DATA.USE_REGISTER.M_AXI_WDATA_I_reg[210]/C
                         clock pessimism              0.007    11.438    
                         clock uncertainty           -0.243    11.195    
    SLICE_X42Y65         FDRE (Setup_fdre_C_CE)      -0.169    11.026    user_35t_i/axi_interconnect_0/s01_couplers/auto_us/inst/gen_upsizer.gen_full_upsizer.axi_upsizer_inst/USE_WRITE.gen_non_fifo_w_upsizer.write_data_inst/WORD_LANE[6].USE_ALWAYS_PACKER.BYTE_LANE[2].USE_RTL_DATA.USE_REGISTER.M_AXI_WDATA_I_reg[210]
  -------------------------------------------------------------------
                         required time                         11.026    
                         arrival time                         -10.787    
  -------------------------------------------------------------------
                         slack                                  0.240    

Slack (MET) :             0.240ns  (required time - arrival time)
  Source:                 user_35t_i/axi_interconnect_0/xbar/inst/gen_samd.crossbar_samd/gen_master_slots[0].gen_mi_write.wdata_mux_w/gen_wmux.wmux_aw_fifo/storage_data1_reg[2]/C
                            (rising edge-triggered cell FDRE clocked by clk_out1_user_35t_clk_wiz_0_0  {rise@0.000ns fall@5.000ns period=10.000ns})
  Destination:            user_35t_i/axi_interconnect_0/s01_couplers/auto_us/inst/gen_upsizer.gen_full_upsizer.axi_upsizer_inst/USE_WRITE.gen_non_fifo_w_upsizer.write_data_inst/WORD_LANE[6].USE_ALWAYS_PACKER.BYTE_LANE[2].USE_RTL_DATA.USE_REGISTER.M_AXI_WDATA_I_reg[212]/CE
                            (rising edge-triggered cell FDRE clocked by clk_out1_user_35t_clk_wiz_0_0  {rise@0.000ns fall@5.000ns period=10.000ns})
  Path Group:             clk_out1_user_35t_clk_wiz_0_0
  Path Type:              Setup (Max at Slow Process Corner)
  Requirement:            10.000ns  (clk_out1_user_35t_clk_wiz_0_0 rise@10.000ns - clk_out1_user_35t_clk_wiz_0_0 rise@0.000ns)
  Data Path Delay:        9.244ns  (logic 2.512ns (27.176%)  route 6.732ns (72.824%))
  Logic Levels:           14  (LUT2=3 LUT3=1 LUT4=1 LUT5=4 LUT6=4 MUXF7=1)
  Clock Path Skew:        -0.105ns (DCD - SCD + CPR)
    Destination Clock Delay (DCD):    1.431ns = ( 11.431 - 10.000 ) 
    Source Clock Delay      (SCD):    1.543ns
    Clock Pessimism Removal (CPR):    0.007ns
  Clock Uncertainty:      0.243ns  ((TSJ^2 + DJ^2)^1/2) / 2 + PE
    Total System Jitter     (TSJ):    0.071ns
    Discrete Jitter          (DJ):    0.480ns
    Phase Error              (PE):    0.000ns

    Location             Delay type                Incr(ns)  Path(ns)    Netlist Resource(s)
  -------------------------------------------------------------------    -------------------
                         (clock clk_out1_user_35t_clk_wiz_0_0 rise edge)
                                                      0.000     0.000 r  
    BUFGCTRL_X0Y4        BUFG                         0.000     0.000 r  sys_clock_IBUF_BUFG_inst/O
                         net (fo=38, routed)          1.575     1.575    user_35t_i/clk_wiz_0/inst/clk_in1
    MMCME2_ADV_X1Y0      MMCME2_ADV (Prop_mmcme2_adv_CLKIN1_CLKOUT0)
                                                     -3.333    -1.757 r  user_35t_i/clk_wiz_0/inst/mmcm_adv_inst/CLKOUT0
                         net (fo=1, routed)           1.661    -0.096    user_35t_i/clk_wiz_0/inst/clk_out1_user_35t_clk_wiz_0_0
    BUFGCTRL_X0Y0        BUFG (Prop_bufg_I_O)         0.096    -0.000 r  user_35t_i/clk_wiz_0/inst/clkout1_buf/O
                         net (fo=26831, routed)       1.543     1.543    user_35t_i/axi_interconnect_0/xbar/inst/gen_samd.crossbar_samd/gen_master_slots[0].gen_mi_write.wdata_mux_w/gen_wmux.wmux_aw_fifo/aclk
    SLICE_X10Y71         FDRE                                         r  user_35t_i/axi_interconnect_0/xbar/inst/gen_samd.crossbar_samd/gen_master_slots[0].gen_mi_write.wdata_mux_w/gen_wmux.wmux_aw_fifo/storage_data1_reg[2]/C
  -------------------------------------------------------------------    -------------------
    SLICE_X10Y71         FDRE (Prop_fdre_C_Q)         0.518     2.061 f  user_35t_i/axi_interconnect_0/xbar/inst/gen_samd.crossbar_samd/gen_master_slots[0].gen_mi_write.wdata_mux_w/gen_wmux.wmux_aw_fifo/storage_data1_reg[2]/Q
                         net (fo=14, routed)          0.902     2.963    user_35t_i/axi_interconnect_0/xbar/inst/gen_samd.crossbar_samd/gen_master_slots[0].gen_mi_write.wdata_mux_w/gen_wmux.wmux_aw_fifo/gen_srls[0].gen_rep[2].srl_nx1/m_select_enc_2[0]
    SLICE_X8Y71          LUT6 (Prop_lut6_I0_O)        0.124     3.087 r  user_35t_i/axi_interconnect_0/xbar/inst/gen_samd.crossbar_samd/gen_master_slots[0].gen_mi_write.wdata_mux_w/gen_wmux.wmux_aw_fifo/gen_srls[0].gen_rep[2].srl_nx1/m_axi_wvalid[0]_INST_0_i_5/O
                         net (fo=1, routed)           0.429     3.515    user_35t_i/axi_interconnect_0/xbar/inst/gen_samd.crossbar_samd/gen_master_slots[0].gen_mi_write.wdata_mux_w/gen_wmux.wmux_aw_fifo/gen_srls[0].gen_rep[2].srl_nx1/m_axi_wvalid[0]_INST_0_i_5_n_0
    SLICE_X10Y71         LUT6 (Prop_lut6_I0_O)        0.124     3.639 r  user_35t_i/axi_interconnect_0/xbar/inst/gen_samd.crossbar_samd/gen_master_slots[0].gen_mi_write.wdata_mux_w/gen_wmux.wmux_aw_fifo/gen_srls[0].gen_rep[2].srl_nx1/m_axi_wvalid[0]_INST_0_i_4/O
                         net (fo=2, routed)           0.306     3.945    user_35t_i/axi_interconnect_0/xbar/inst/gen_samd.crossbar_samd/gen_master_slots[0].gen_mi_write.wdata_mux_w/gen_wmux.wmux_aw_fifo/gen_srls[0].gen_rep[2].srl_nx1/m_valid_i_reg
    SLICE_X11Y72         LUT6 (Prop_lut6_I5_O)        0.124     4.069 r  user_35t_i/axi_interconnect_0/xbar/inst/gen_samd.crossbar_samd/gen_master_slots[0].gen_mi_write.wdata_mux_w/gen_wmux.wmux_aw_fifo/gen_srls[0].gen_rep[2].srl_nx1/m_axi_wvalid[0]_INST_0_i_1/O
                         net (fo=3, routed)           0.327     4.396    user_35t_i/axi_interconnect_0/xbar/inst/gen_samd.crossbar_samd/gen_master_slots[0].gen_mi_write.wdata_mux_w/gen_wmux.wmux_aw_fifo/m_valid_i
    SLICE_X10Y73         LUT2 (Prop_lut2_I0_O)        0.124     4.520 r  user_35t_i/axi_interconnect_0/xbar/inst/gen_samd.crossbar_samd/gen_master_slots[0].gen_mi_write.wdata_mux_w/gen_wmux.wmux_aw_fifo/m_axi_wvalid[0]_INST_0/O
                         net (fo=3, routed)           0.183     4.703    user_35t_i/axi_interconnect_0/m00_couplers/auto_ds/inst/gen_downsizer.gen_simple_downsizer.axi_downsizer_inst/USE_WRITE.write_addr_inst/cmd_queue/inst/s_axi_wvalid
    SLICE_X10Y73         LUT2 (Prop_lut2_I0_O)        0.124     4.827 r  user_35t_i/axi_interconnect_0/m00_couplers/auto_ds/inst/gen_downsizer.gen_simple_downsizer.axi_downsizer_inst/USE_WRITE.write_addr_inst/cmd_queue/inst/m_axi_wvalid_INST_0/O
                         net (fo=12, routed)          0.535     5.362    user_35t_i/axi_emc_0/U0/EMC_CTRL_I/MEM_STATE_MACHINE_I/s_axi_mem_wvalid
    SLICE_X11Y73         LUT5 (Prop_lut5_I2_O)        0.124     5.486 r  user_35t_i/axi_emc_0/U0/EMC_CTRL_I/MEM_STATE_MACHINE_I/s_axi_mem_awready_INST_0_i_1/O
                         net (fo=6, routed)           0.433     5.919    user_35t_i/axi_emc_0/U0/AXI_EMC_NATIVE_INTERFACE_I/s_axi_mem_awready_0
    SLICE_X11Y73         LUT5 (Prop_lut5_I2_O)        0.124     6.043 r  user_35t_i/axi_emc_0/U0/AXI_EMC_NATIVE_INTERFACE_I/s_axi_mem_wready_INST_0/O
                         net (fo=3, routed)           0.149     6.192    user_35t_i/axi_interconnect_0/m00_couplers/auto_ds/inst/gen_downsizer.gen_simple_downsizer.axi_downsizer_inst/USE_WRITE.write_addr_inst/cmd_queue/inst/m_axi_wready
    SLICE_X11Y73         LUT6 (Prop_lut6_I1_O)        0.124     6.316 r  user_35t_i/axi_interconnect_0/m00_couplers/auto_ds/inst/gen_downsizer.gen_simple_downsizer.axi_downsizer_inst/USE_WRITE.write_addr_inst/cmd_queue/inst/s_axi_wready_INST_0/O
                         net (fo=7, routed)           0.535     6.851    user_35t_i/axi_interconnect_0/xbar/inst/gen_samd.crossbar_samd/gen_master_slots[0].gen_mi_write.wdata_mux_w/gen_wmux.wmux_aw_fifo/m_axi_wready[0]
    SLICE_X12Y71         LUT5 (Prop_lut5_I4_O)        0.124     6.975 r  user_35t_i/axi_interconnect_0/xbar/inst/gen_samd.crossbar_samd/gen_master_slots[0].gen_mi_write.wdata_mux_w/gen_wmux.wmux_aw_fifo/s_axi_wready[1]_INST_0_i_2/O
                         net (fo=1, routed)           0.000     6.975    user_35t_i/axi_interconnect_0/xbar/inst/gen_samd.crossbar_samd/gen_slave_slots[1].gen_si_write.wdata_router_w/wrouter_aw_fifo/gen_srls[0].gen_rep[0].srl_nx1/wr_tmp_wready[0]
    SLICE_X12Y71         MUXF7 (Prop_muxf7_I0_O)      0.209     7.184 r  user_35t_i/axi_interconnect_0/xbar/inst/gen_samd.crossbar_samd/gen_slave_slots[1].gen_si_write.wdata_router_w/wrouter_aw_fifo/gen_srls[0].gen_rep[0].srl_nx1/s_axi_wready[1]_INST_0_i_1/O
                         net (fo=2, routed)           0.302     7.487    user_35t_i/axi_interconnect_0/xbar/inst/gen_samd.crossbar_samd/gen_slave_slots[1].gen_si_write.wdata_router_w/wrouter_aw_fifo/gen_srls[0].gen_rep[0].srl_nx1_n_2
    SLICE_X15Y71         LUT2 (Prop_lut2_I1_O)        0.297     7.784 r  user_35t_i/axi_interconnect_0/xbar/inst/gen_samd.crossbar_samd/gen_slave_slots[1].gen_si_write.wdata_router_w/wrouter_aw_fifo/s_axi_wready[1]_INST_0/O
                         net (fo=39, routed)          0.763     8.546    user_35t_i/axi_interconnect_0/s01_couplers/auto_us/inst/gen_upsizer.gen_full_upsizer.axi_upsizer_inst/USE_WRITE.gen_non_fifo_w_upsizer.write_data_inst/m_axi_wready
    SLICE_X36Y72         LUT4 (Prop_lut4_I0_O)        0.124     8.670 r  user_35t_i/axi_interconnect_0/s01_couplers/auto_us/inst/gen_upsizer.gen_full_upsizer.axi_upsizer_inst/USE_WRITE.gen_non_fifo_w_upsizer.write_data_inst/WORD_LANE[7].USE_ALWAYS_PACKER.BYTE_LANE[3].USE_RTL_DATA.USE_REGISTER.M_AXI_WDATA_I[255]_i_6/O
                         net (fo=58, routed)          0.742     9.412    user_35t_i/axi_interconnect_0/s01_couplers/auto_us/inst/gen_upsizer.gen_full_upsizer.axi_upsizer_inst/USE_WRITE.write_addr_inst/GEN_CMD_QUEUE.cmd_queue/WORD_LANE[2].USE_ALWAYS_PACKER.BYTE_LANE[3].USE_RTL_DATA.USE_REGISTER.M_AXI_WDATA_I_reg[88]
    SLICE_X40Y71         LUT5 (Prop_lut5_I4_O)        0.124     9.536 r  user_35t_i/axi_interconnect_0/s01_couplers/auto_us/inst/gen_upsizer.gen_full_upsizer.axi_upsizer_inst/USE_WRITE.write_addr_inst/GEN_CMD_QUEUE.cmd_queue/WORD_LANE[6].USE_ALWAYS_PACKER.BYTE_LANE[2].USE_RTL_DATA.USE_REGISTER.M_AXI_WDATA_I[215]_i_3/O
                         net (fo=9, routed)           0.480    10.016    user_35t_i/axi_interconnect_0/s01_couplers/auto_us/inst/gen_upsizer.gen_full_upsizer.axi_upsizer_inst/USE_WRITE.gen_non_fifo_w_upsizer.write_data_inst/M_AXI_WDATA_I160_out__2
    SLICE_X42Y69         LUT3 (Prop_lut3_I2_O)        0.124    10.140 r  user_35t_i/axi_interconnect_0/s01_couplers/auto_us/inst/gen_upsizer.gen_full_upsizer.axi_upsizer_inst/USE_WRITE.gen_non_fifo_w_upsizer.write_data_inst/WORD_LANE[6].USE_ALWAYS_PACKER.BYTE_LANE[2].USE_RTL_DATA.USE_REGISTER.M_AXI_WDATA_I[215]_i_1/O
                         net (fo=8, routed)           0.646    10.787    user_35t_i/axi_interconnect_0/s01_couplers/auto_us/inst/gen_upsizer.gen_full_upsizer.axi_upsizer_inst/USE_WRITE.gen_non_fifo_w_upsizer.write_data_inst/WORD_LANE[6].USE_ALWAYS_PACKER.BYTE_LANE[2].USE_RTL_DATA.USE_REGISTER.M_AXI_WDATA_I[215]_i_1_n_0
    SLICE_X42Y65         FDRE                                         r  user_35t_i/axi_interconnect_0/s01_couplers/auto_us/inst/gen_upsizer.gen_full_upsizer.axi_upsizer_inst/USE_WRITE.gen_non_fifo_w_upsizer.write_data_inst/WORD_LANE[6].USE_ALWAYS_PACKER.BYTE_LANE[2].USE_RTL_DATA.USE_REGISTER.M_AXI_WDATA_I_reg[212]/CE
  -------------------------------------------------------------------    -------------------

                         (clock clk_out1_user_35t_clk_wiz_0_0 rise edge)
                                                     10.000    10.000 r  
    BUFGCTRL_X0Y4        BUFG                         0.000    10.000 r  sys_clock_IBUF_BUFG_inst/O
                         net (fo=38, routed)          1.457    11.457    user_35t_i/clk_wiz_0/inst/clk_in1
    MMCME2_ADV_X1Y0      MMCME2_ADV (Prop_mmcme2_adv_CLKIN1_CLKOUT0)
                                                     -3.129     8.328 r  user_35t_i/clk_wiz_0/inst/mmcm_adv_inst/CLKOUT0
                         net (fo=1, routed)           1.581     9.909    user_35t_i/clk_wiz_0/inst/clk_out1_user_35t_clk_wiz_0_0
    BUFGCTRL_X0Y0        BUFG (Prop_bufg_I_O)         0.091    10.000 r  user_35t_i/clk_wiz_0/inst/clkout1_buf/O
                         net (fo=26831, routed)       1.431    11.431    user_35t_i/axi_interconnect_0/s01_couplers/auto_us/inst/gen_upsizer.gen_full_upsizer.axi_upsizer_inst/USE_WRITE.gen_non_fifo_w_upsizer.write_data_inst/USE_REGISTER.M_AXI_WLAST_q_reg_0
    SLICE_X42Y65         FDRE                                         r  user_35t_i/axi_interconnect_0/s01_couplers/auto_us/inst/gen_upsizer.gen_full_upsizer.axi_upsizer_inst/USE_WRITE.gen_non_fifo_w_upsizer.write_data_inst/WORD_LANE[6].USE_ALWAYS_PACKER.BYTE_LANE[2].USE_RTL_DATA.USE_REGISTER.M_AXI_WDATA_I_reg[212]/C
                         clock pessimism              0.007    11.438    
                         clock uncertainty           -0.243    11.195    
    SLICE_X42Y65         FDRE (Setup_fdre_C_CE)      -0.169    11.026    user_35t_i/axi_interconnect_0/s01_couplers/auto_us/inst/gen_upsizer.gen_full_upsizer.axi_upsizer_inst/USE_WRITE.gen_non_fifo_w_upsizer.write_data_inst/WORD_LANE[6].USE_ALWAYS_PACKER.BYTE_LANE[2].USE_RTL_DATA.USE_REGISTER.M_AXI_WDATA_I_reg[212]
  -------------------------------------------------------------------
                         required time                         11.026    
                         arrival time                         -10.787    
  -------------------------------------------------------------------
                         slack                                  0.240    

Slack (MET) :             0.240ns  (required time - arrival time)
  Source:                 user_35t_i/axi_interconnect_0/xbar/inst/gen_samd.crossbar_samd/gen_master_slots[0].gen_mi_write.wdata_mux_w/gen_wmux.wmux_aw_fifo/storage_data1_reg[2]/C
                            (rising edge-triggered cell FDRE clocked by clk_out1_user_35t_clk_wiz_0_0  {rise@0.000ns fall@5.000ns period=10.000ns})
  Destination:            user_35t_i/axi_interconnect_0/s01_couplers/auto_us/inst/gen_upsizer.gen_full_upsizer.axi_upsizer_inst/USE_WRITE.gen_non_fifo_w_upsizer.write_data_inst/WORD_LANE[6].USE_ALWAYS_PACKER.BYTE_LANE[2].USE_RTL_DATA.USE_REGISTER.M_AXI_WDATA_I_reg[214]/CE
                            (rising edge-triggered cell FDRE clocked by clk_out1_user_35t_clk_wiz_0_0  {rise@0.000ns fall@5.000ns period=10.000ns})
  Path Group:             clk_out1_user_35t_clk_wiz_0_0
  Path Type:              Setup (Max at Slow Process Corner)
  Requirement:            10.000ns  (clk_out1_user_35t_clk_wiz_0_0 rise@10.000ns - clk_out1_user_35t_clk_wiz_0_0 rise@0.000ns)
  Data Path Delay:        9.244ns  (logic 2.512ns (27.176%)  route 6.732ns (72.824%))
  Logic Levels:           14  (LUT2=3 LUT3=1 LUT4=1 LUT5=4 LUT6=4 MUXF7=1)
  Clock Path Skew:        -0.105ns (DCD - SCD + CPR)
    Destination Clock Delay (DCD):    1.431ns = ( 11.431 - 10.000 ) 
    Source Clock Delay      (SCD):    1.543ns
    Clock Pessimism Removal (CPR):    0.007ns
  Clock Uncertainty:      0.243ns  ((TSJ^2 + DJ^2)^1/2) / 2 + PE
    Total System Jitter     (TSJ):    0.071ns
    Discrete Jitter          (DJ):    0.480ns
    Phase Error              (PE):    0.000ns

    Location             Delay type                Incr(ns)  Path(ns)    Netlist Resource(s)
  -------------------------------------------------------------------    -------------------
                         (clock clk_out1_user_35t_clk_wiz_0_0 rise edge)
                                                      0.000     0.000 r  
    BUFGCTRL_X0Y4        BUFG                         0.000     0.000 r  sys_clock_IBUF_BUFG_inst/O
                         net (fo=38, routed)          1.575     1.575    user_35t_i/clk_wiz_0/inst/clk_in1
    MMCME2_ADV_X1Y0      MMCME2_ADV (Prop_mmcme2_adv_CLKIN1_CLKOUT0)
                                                     -3.333    -1.757 r  user_35t_i/clk_wiz_0/inst/mmcm_adv_inst/CLKOUT0
                         net (fo=1, routed)           1.661    -0.096    user_35t_i/clk_wiz_0/inst/clk_out1_user_35t_clk_wiz_0_0
    BUFGCTRL_X0Y0        BUFG (Prop_bufg_I_O)         0.096    -0.000 r  user_35t_i/clk_wiz_0/inst/clkout1_buf/O
                         net (fo=26831, routed)       1.543     1.543    user_35t_i/axi_interconnect_0/xbar/inst/gen_samd.crossbar_samd/gen_master_slots[0].gen_mi_write.wdata_mux_w/gen_wmux.wmux_aw_fifo/aclk
    SLICE_X10Y71         FDRE                                         r  user_35t_i/axi_interconnect_0/xbar/inst/gen_samd.crossbar_samd/gen_master_slots[0].gen_mi_write.wdata_mux_w/gen_wmux.wmux_aw_fifo/storage_data1_reg[2]/C
  -------------------------------------------------------------------    -------------------
    SLICE_X10Y71         FDRE (Prop_fdre_C_Q)         0.518     2.061 f  user_35t_i/axi_interconnect_0/xbar/inst/gen_samd.crossbar_samd/gen_master_slots[0].gen_mi_write.wdata_mux_w/gen_wmux.wmux_aw_fifo/storage_data1_reg[2]/Q
                         net (fo=14, routed)          0.902     2.963    user_35t_i/axi_interconnect_0/xbar/inst/gen_samd.crossbar_samd/gen_master_slots[0].gen_mi_write.wdata_mux_w/gen_wmux.wmux_aw_fifo/gen_srls[0].gen_rep[2].srl_nx1/m_select_enc_2[0]
    SLICE_X8Y71          LUT6 (Prop_lut6_I0_O)        0.124     3.087 r  user_35t_i/axi_interconnect_0/xbar/inst/gen_samd.crossbar_samd/gen_master_slots[0].gen_mi_write.wdata_mux_w/gen_wmux.wmux_aw_fifo/gen_srls[0].gen_rep[2].srl_nx1/m_axi_wvalid[0]_INST_0_i_5/O
                         net (fo=1, routed)           0.429     3.515    user_35t_i/axi_interconnect_0/xbar/inst/gen_samd.crossbar_samd/gen_master_slots[0].gen_mi_write.wdata_mux_w/gen_wmux.wmux_aw_fifo/gen_srls[0].gen_rep[2].srl_nx1/m_axi_wvalid[0]_INST_0_i_5_n_0
    SLICE_X10Y71         LUT6 (Prop_lut6_I0_O)        0.124     3.639 r  user_35t_i/axi_interconnect_0/xbar/inst/gen_samd.crossbar_samd/gen_master_slots[0].gen_mi_write.wdata_mux_w/gen_wmux.wmux_aw_fifo/gen_srls[0].gen_rep[2].srl_nx1/m_axi_wvalid[0]_INST_0_i_4/O
                         net (fo=2, routed)           0.306     3.945    user_35t_i/axi_interconnect_0/xbar/inst/gen_samd.crossbar_samd/gen_master_slots[0].gen_mi_write.wdata_mux_w/gen_wmux.wmux_aw_fifo/gen_srls[0].gen_rep[2].srl_nx1/m_valid_i_reg
    SLICE_X11Y72         LUT6 (Prop_lut6_I5_O)        0.124     4.069 r  user_35t_i/axi_interconnect_0/xbar/inst/gen_samd.crossbar_samd/gen_master_slots[0].gen_mi_write.wdata_mux_w/gen_wmux.wmux_aw_fifo/gen_srls[0].gen_rep[2].srl_nx1/m_axi_wvalid[0]_INST_0_i_1/O
                         net (fo=3, routed)           0.327     4.396    user_35t_i/axi_interconnect_0/xbar/inst/gen_samd.crossbar_samd/gen_master_slots[0].gen_mi_write.wdata_mux_w/gen_wmux.wmux_aw_fifo/m_valid_i
    SLICE_X10Y73         LUT2 (Prop_lut2_I0_O)        0.124     4.520 r  user_35t_i/axi_interconnect_0/xbar/inst/gen_samd.crossbar_samd/gen_master_slots[0].gen_mi_write.wdata_mux_w/gen_wmux.wmux_aw_fifo/m_axi_wvalid[0]_INST_0/O
                         net (fo=3, routed)           0.183     4.703    user_35t_i/axi_interconnect_0/m00_couplers/auto_ds/inst/gen_downsizer.gen_simple_downsizer.axi_downsizer_inst/USE_WRITE.write_addr_inst/cmd_queue/inst/s_axi_wvalid
    SLICE_X10Y73         LUT2 (Prop_lut2_I0_O)        0.124     4.827 r  user_35t_i/axi_interconnect_0/m00_couplers/auto_ds/inst/gen_downsizer.gen_simple_downsizer.axi_downsizer_inst/USE_WRITE.write_addr_inst/cmd_queue/inst/m_axi_wvalid_INST_0/O
                         net (fo=12, routed)          0.535     5.362    user_35t_i/axi_emc_0/U0/EMC_CTRL_I/MEM_STATE_MACHINE_I/s_axi_mem_wvalid
    SLICE_X11Y73         LUT5 (Prop_lut5_I2_O)        0.124     5.486 r  user_35t_i/axi_emc_0/U0/EMC_CTRL_I/MEM_STATE_MACHINE_I/s_axi_mem_awready_INST_0_i_1/O
                         net (fo=6, routed)           0.433     5.919    user_35t_i/axi_emc_0/U0/AXI_EMC_NATIVE_INTERFACE_I/s_axi_mem_awready_0
    SLICE_X11Y73         LUT5 (Prop_lut5_I2_O)        0.124     6.043 r  user_35t_i/axi_emc_0/U0/AXI_EMC_NATIVE_INTERFACE_I/s_axi_mem_wready_INST_0/O
                         net (fo=3, routed)           0.149     6.192    user_35t_i/axi_interconnect_0/m00_couplers/auto_ds/inst/gen_downsizer.gen_simple_downsizer.axi_downsizer_inst/USE_WRITE.write_addr_inst/cmd_queue/inst/m_axi_wready
    SLICE_X11Y73         LUT6 (Prop_lut6_I1_O)        0.124     6.316 r  user_35t_i/axi_interconnect_0/m00_couplers/auto_ds/inst/gen_downsizer.gen_simple_downsizer.axi_downsizer_inst/USE_WRITE.write_addr_inst/cmd_queue/inst/s_axi_wready_INST_0/O
                         net (fo=7, routed)           0.535     6.851    user_35t_i/axi_interconnect_0/xbar/inst/gen_samd.crossbar_samd/gen_master_slots[0].gen_mi_write.wdata_mux_w/gen_wmux.wmux_aw_fifo/m_axi_wready[0]
    SLICE_X12Y71         LUT5 (Prop_lut5_I4_O)        0.124     6.975 r  user_35t_i/axi_interconnect_0/xbar/inst/gen_samd.crossbar_samd/gen_master_slots[0].gen_mi_write.wdata_mux_w/gen_wmux.wmux_aw_fifo/s_axi_wready[1]_INST_0_i_2/O
                         net (fo=1, routed)           0.000     6.975    user_35t_i/axi_interconnect_0/xbar/inst/gen_samd.crossbar_samd/gen_slave_slots[1].gen_si_write.wdata_router_w/wrouter_aw_fifo/gen_srls[0].gen_rep[0].srl_nx1/wr_tmp_wready[0]
    SLICE_X12Y71         MUXF7 (Prop_muxf7_I0_O)      0.209     7.184 r  user_35t_i/axi_interconnect_0/xbar/inst/gen_samd.crossbar_samd/gen_slave_slots[1].gen_si_write.wdata_router_w/wrouter_aw_fifo/gen_srls[0].gen_rep[0].srl_nx1/s_axi_wready[1]_INST_0_i_1/O
                         net (fo=2, routed)           0.302     7.487    user_35t_i/axi_interconnect_0/xbar/inst/gen_samd.crossbar_samd/gen_slave_slots[1].gen_si_write.wdata_router_w/wrouter_aw_fifo/gen_srls[0].gen_rep[0].srl_nx1_n_2
    SLICE_X15Y71         LUT2 (Prop_lut2_I1_O)        0.297     7.784 r  user_35t_i/axi_interconnect_0/xbar/inst/gen_samd.crossbar_samd/gen_slave_slots[1].gen_si_write.wdata_router_w/wrouter_aw_fifo/s_axi_wready[1]_INST_0/O
                         net (fo=39, routed)          0.763     8.546    user_35t_i/axi_interconnect_0/s01_couplers/auto_us/inst/gen_upsizer.gen_full_upsizer.axi_upsizer_inst/USE_WRITE.gen_non_fifo_w_upsizer.write_data_inst/m_axi_wready
    SLICE_X36Y72         LUT4 (Prop_lut4_I0_O)        0.124     8.670 r  user_35t_i/axi_interconnect_0/s01_couplers/auto_us/inst/gen_upsizer.gen_full_upsizer.axi_upsizer_inst/USE_WRITE.gen_non_fifo_w_upsizer.write_data_inst/WORD_LANE[7].USE_ALWAYS_PACKER.BYTE_LANE[3].USE_RTL_DATA.USE_REGISTER.M_AXI_WDATA_I[255]_i_6/O
                         net (fo=58, routed)          0.742     9.412    user_35t_i/axi_interconnect_0/s01_couplers/auto_us/inst/gen_upsizer.gen_full_upsizer.axi_upsizer_inst/USE_WRITE.write_addr_inst/GEN_CMD_QUEUE.cmd_queue/WORD_LANE[2].USE_ALWAYS_PACKER.BYTE_LANE[3].USE_RTL_DATA.USE_REGISTER.M_AXI_WDATA_I_reg[88]
    SLICE_X40Y71         LUT5 (Prop_lut5_I4_O)        0.124     9.536 r  user_35t_i/axi_interconnect_0/s01_couplers/auto_us/inst/gen_upsizer.gen_full_upsizer.axi_upsizer_inst/USE_WRITE.write_addr_inst/GEN_CMD_QUEUE.cmd_queue/WORD_LANE[6].USE_ALWAYS_PACKER.BYTE_LANE[2].USE_RTL_DATA.USE_REGISTER.M_AXI_WDATA_I[215]_i_3/O
                         net (fo=9, routed)           0.480    10.016    user_35t_i/axi_interconnect_0/s01_couplers/auto_us/inst/gen_upsizer.gen_full_upsizer.axi_upsizer_inst/USE_WRITE.gen_non_fifo_w_upsizer.write_data_inst/M_AXI_WDATA_I160_out__2
    SLICE_X42Y69         LUT3 (Prop_lut3_I2_O)        0.124    10.140 r  user_35t_i/axi_interconnect_0/s01_couplers/auto_us/inst/gen_upsizer.gen_full_upsizer.axi_upsizer_inst/USE_WRITE.gen_non_fifo_w_upsizer.write_data_inst/WORD_LANE[6].USE_ALWAYS_PACKER.BYTE_LANE[2].USE_RTL_DATA.USE_REGISTER.M_AXI_WDATA_I[215]_i_1/O
                         net (fo=8, routed)           0.646    10.787    user_35t_i/axi_interconnect_0/s01_couplers/auto_us/inst/gen_upsizer.gen_full_upsizer.axi_upsizer_inst/USE_WRITE.gen_non_fifo_w_upsizer.write_data_inst/WORD_LANE[6].USE_ALWAYS_PACKER.BYTE_LANE[2].USE_RTL_DATA.USE_REGISTER.M_AXI_WDATA_I[215]_i_1_n_0
    SLICE_X42Y65         FDRE                                         r  user_35t_i/axi_interconnect_0/s01_couplers/auto_us/inst/gen_upsizer.gen_full_upsizer.axi_upsizer_inst/USE_WRITE.gen_non_fifo_w_upsizer.write_data_inst/WORD_LANE[6].USE_ALWAYS_PACKER.BYTE_LANE[2].USE_RTL_DATA.USE_REGISTER.M_AXI_WDATA_I_reg[214]/CE
  -------------------------------------------------------------------    -------------------

                         (clock clk_out1_user_35t_clk_wiz_0_0 rise edge)
                                                     10.000    10.000 r  
    BUFGCTRL_X0Y4        BUFG                         0.000    10.000 r  sys_clock_IBUF_BUFG_inst/O
                         net (fo=38, routed)          1.457    11.457    user_35t_i/clk_wiz_0/inst/clk_in1
    MMCME2_ADV_X1Y0      MMCME2_ADV (Prop_mmcme2_adv_CLKIN1_CLKOUT0)
                                                     -3.129     8.328 r  user_35t_i/clk_wiz_0/inst/mmcm_adv_inst/CLKOUT0
                         net (fo=1, routed)           1.581     9.909    user_35t_i/clk_wiz_0/inst/clk_out1_user_35t_clk_wiz_0_0
    BUFGCTRL_X0Y0        BUFG (Prop_bufg_I_O)         0.091    10.000 r  user_35t_i/clk_wiz_0/inst/clkout1_buf/O
                         net (fo=26831, routed)       1.431    11.431    user_35t_i/axi_interconnect_0/s01_couplers/auto_us/inst/gen_upsizer.gen_full_upsizer.axi_upsizer_inst/USE_WRITE.gen_non_fifo_w_upsizer.write_data_inst/USE_REGISTER.M_AXI_WLAST_q_reg_0
    SLICE_X42Y65         FDRE                                         r  user_35t_i/axi_interconnect_0/s01_couplers/auto_us/inst/gen_upsizer.gen_full_upsizer.axi_upsizer_inst/USE_WRITE.gen_non_fifo_w_upsizer.write_data_inst/WORD_LANE[6].USE_ALWAYS_PACKER.BYTE_LANE[2].USE_RTL_DATA.USE_REGISTER.M_AXI_WDATA_I_reg[214]/C
                         clock pessimism              0.007    11.438    
                         clock uncertainty           -0.243    11.195    
    SLICE_X42Y65         FDRE (Setup_fdre_C_CE)      -0.169    11.026    user_35t_i/axi_interconnect_0/s01_couplers/auto_us/inst/gen_upsizer.gen_full_upsizer.axi_upsizer_inst/USE_WRITE.gen_non_fifo_w_upsizer.write_data_inst/WORD_LANE[6].USE_ALWAYS_PACKER.BYTE_LANE[2].USE_RTL_DATA.USE_REGISTER.M_AXI_WDATA_I_reg[214]
  -------------------------------------------------------------------
                         required time                         11.026    
                         arrival time                         -10.787    
  -------------------------------------------------------------------
                         slack                                  0.240    

Slack (MET) :             0.272ns  (required time - arrival time)
  Source:                 user_35t_i/axi_interconnect_0/xbar/inst/gen_samd.crossbar_samd/gen_master_slots[0].gen_mi_write.wdata_mux_w/gen_wmux.wmux_aw_fifo/storage_data1_reg[2]/C
                            (rising edge-triggered cell FDRE clocked by clk_out1_user_35t_clk_wiz_0_0  {rise@0.000ns fall@5.000ns period=10.000ns})
  Destination:            user_35t_i/axi_interconnect_0/s01_couplers/auto_us/inst/gen_upsizer.gen_full_upsizer.axi_upsizer_inst/USE_WRITE.gen_non_fifo_w_upsizer.write_data_inst/WORD_LANE[3].USE_ALWAYS_PACKER.BYTE_LANE[1].USE_RTL_DATA.USE_REGISTER.M_AXI_WDATA_I_reg[104]/CE
                            (rising edge-triggered cell FDRE clocked by clk_out1_user_35t_clk_wiz_0_0  {rise@0.000ns fall@5.000ns period=10.000ns})
  Path Group:             clk_out1_user_35t_clk_wiz_0_0
  Path Type:              Setup (Max at Slow Process Corner)
  Requirement:            10.000ns  (clk_out1_user_35t_clk_wiz_0_0 rise@10.000ns - clk_out1_user_35t_clk_wiz_0_0 rise@0.000ns)
  Data Path Delay:        9.200ns  (logic 2.512ns (27.304%)  route 6.688ns (72.696%))
  Logic Levels:           14  (LUT2=3 LUT3=1 LUT4=1 LUT5=4 LUT6=4 MUXF7=1)
  Clock Path Skew:        -0.116ns (DCD - SCD + CPR)
    Destination Clock Delay (DCD):    1.420ns = ( 11.420 - 10.000 ) 
    Source Clock Delay      (SCD):    1.543ns
    Clock Pessimism Removal (CPR):    0.007ns
  Clock Uncertainty:      0.243ns  ((TSJ^2 + DJ^2)^1/2) / 2 + PE
    Total System Jitter     (TSJ):    0.071ns
    Discrete Jitter          (DJ):    0.480ns
    Phase Error              (PE):    0.000ns

    Location             Delay type                Incr(ns)  Path(ns)    Netlist Resource(s)
  -------------------------------------------------------------------    -------------------
                         (clock clk_out1_user_35t_clk_wiz_0_0 rise edge)
                                                      0.000     0.000 r  
    BUFGCTRL_X0Y4        BUFG                         0.000     0.000 r  sys_clock_IBUF_BUFG_inst/O
                         net (fo=38, routed)          1.575     1.575    user_35t_i/clk_wiz_0/inst/clk_in1
    MMCME2_ADV_X1Y0      MMCME2_ADV (Prop_mmcme2_adv_CLKIN1_CLKOUT0)
                                                     -3.333    -1.757 r  user_35t_i/clk_wiz_0/inst/mmcm_adv_inst/CLKOUT0
                         net (fo=1, routed)           1.661    -0.096    user_35t_i/clk_wiz_0/inst/clk_out1_user_35t_clk_wiz_0_0
    BUFGCTRL_X0Y0        BUFG (Prop_bufg_I_O)         0.096    -0.000 r  user_35t_i/clk_wiz_0/inst/clkout1_buf/O
                         net (fo=26831, routed)       1.543     1.543    user_35t_i/axi_interconnect_0/xbar/inst/gen_samd.crossbar_samd/gen_master_slots[0].gen_mi_write.wdata_mux_w/gen_wmux.wmux_aw_fifo/aclk
    SLICE_X10Y71         FDRE                                         r  user_35t_i/axi_interconnect_0/xbar/inst/gen_samd.crossbar_samd/gen_master_slots[0].gen_mi_write.wdata_mux_w/gen_wmux.wmux_aw_fifo/storage_data1_reg[2]/C
  -------------------------------------------------------------------    -------------------
    SLICE_X10Y71         FDRE (Prop_fdre_C_Q)         0.518     2.061 f  user_35t_i/axi_interconnect_0/xbar/inst/gen_samd.crossbar_samd/gen_master_slots[0].gen_mi_write.wdata_mux_w/gen_wmux.wmux_aw_fifo/storage_data1_reg[2]/Q
                         net (fo=14, routed)          0.902     2.963    user_35t_i/axi_interconnect_0/xbar/inst/gen_samd.crossbar_samd/gen_master_slots[0].gen_mi_write.wdata_mux_w/gen_wmux.wmux_aw_fifo/gen_srls[0].gen_rep[2].srl_nx1/m_select_enc_2[0]
    SLICE_X8Y71          LUT6 (Prop_lut6_I0_O)        0.124     3.087 r  user_35t_i/axi_interconnect_0/xbar/inst/gen_samd.crossbar_samd/gen_master_slots[0].gen_mi_write.wdata_mux_w/gen_wmux.wmux_aw_fifo/gen_srls[0].gen_rep[2].srl_nx1/m_axi_wvalid[0]_INST_0_i_5/O
                         net (fo=1, routed)           0.429     3.515    user_35t_i/axi_interconnect_0/xbar/inst/gen_samd.crossbar_samd/gen_master_slots[0].gen_mi_write.wdata_mux_w/gen_wmux.wmux_aw_fifo/gen_srls[0].gen_rep[2].srl_nx1/m_axi_wvalid[0]_INST_0_i_5_n_0
    SLICE_X10Y71         LUT6 (Prop_lut6_I0_O)        0.124     3.639 r  user_35t_i/axi_interconnect_0/xbar/inst/gen_samd.crossbar_samd/gen_master_slots[0].gen_mi_write.wdata_mux_w/gen_wmux.wmux_aw_fifo/gen_srls[0].gen_rep[2].srl_nx1/m_axi_wvalid[0]_INST_0_i_4/O
                         net (fo=2, routed)           0.306     3.945    user_35t_i/axi_interconnect_0/xbar/inst/gen_samd.crossbar_samd/gen_master_slots[0].gen_mi_write.wdata_mux_w/gen_wmux.wmux_aw_fifo/gen_srls[0].gen_rep[2].srl_nx1/m_valid_i_reg
    SLICE_X11Y72         LUT6 (Prop_lut6_I5_O)        0.124     4.069 r  user_35t_i/axi_interconnect_0/xbar/inst/gen_samd.crossbar_samd/gen_master_slots[0].gen_mi_write.wdata_mux_w/gen_wmux.wmux_aw_fifo/gen_srls[0].gen_rep[2].srl_nx1/m_axi_wvalid[0]_INST_0_i_1/O
                         net (fo=3, routed)           0.327     4.396    user_35t_i/axi_interconnect_0/xbar/inst/gen_samd.crossbar_samd/gen_master_slots[0].gen_mi_write.wdata_mux_w/gen_wmux.wmux_aw_fifo/m_valid_i
    SLICE_X10Y73         LUT2 (Prop_lut2_I0_O)        0.124     4.520 r  user_35t_i/axi_interconnect_0/xbar/inst/gen_samd.crossbar_samd/gen_master_slots[0].gen_mi_write.wdata_mux_w/gen_wmux.wmux_aw_fifo/m_axi_wvalid[0]_INST_0/O
                         net (fo=3, routed)           0.183     4.703    user_35t_i/axi_interconnect_0/m00_couplers/auto_ds/inst/gen_downsizer.gen_simple_downsizer.axi_downsizer_inst/USE_WRITE.write_addr_inst/cmd_queue/inst/s_axi_wvalid
    SLICE_X10Y73         LUT2 (Prop_lut2_I0_O)        0.124     4.827 r  user_35t_i/axi_interconnect_0/m00_couplers/auto_ds/inst/gen_downsizer.gen_simple_downsizer.axi_downsizer_inst/USE_WRITE.write_addr_inst/cmd_queue/inst/m_axi_wvalid_INST_0/O
                         net (fo=12, routed)          0.535     5.362    user_35t_i/axi_emc_0/U0/EMC_CTRL_I/MEM_STATE_MACHINE_I/s_axi_mem_wvalid
    SLICE_X11Y73         LUT5 (Prop_lut5_I2_O)        0.124     5.486 r  user_35t_i/axi_emc_0/U0/EMC_CTRL_I/MEM_STATE_MACHINE_I/s_axi_mem_awready_INST_0_i_1/O
                         net (fo=6, routed)           0.433     5.919    user_35t_i/axi_emc_0/U0/AXI_EMC_NATIVE_INTERFACE_I/s_axi_mem_awready_0
    SLICE_X11Y73         LUT5 (Prop_lut5_I2_O)        0.124     6.043 r  user_35t_i/axi_emc_0/U0/AXI_EMC_NATIVE_INTERFACE_I/s_axi_mem_wready_INST_0/O
                         net (fo=3, routed)           0.149     6.192    user_35t_i/axi_interconnect_0/m00_couplers/auto_ds/inst/gen_downsizer.gen_simple_downsizer.axi_downsizer_inst/USE_WRITE.write_addr_inst/cmd_queue/inst/m_axi_wready
    SLICE_X11Y73         LUT6 (Prop_lut6_I1_O)        0.124     6.316 r  user_35t_i/axi_interconnect_0/m00_couplers/auto_ds/inst/gen_downsizer.gen_simple_downsizer.axi_downsizer_inst/USE_WRITE.write_addr_inst/cmd_queue/inst/s_axi_wready_INST_0/O
                         net (fo=7, routed)           0.535     6.851    user_35t_i/axi_interconnect_0/xbar/inst/gen_samd.crossbar_samd/gen_master_slots[0].gen_mi_write.wdata_mux_w/gen_wmux.wmux_aw_fifo/m_axi_wready[0]
    SLICE_X12Y71         LUT5 (Prop_lut5_I4_O)        0.124     6.975 r  user_35t_i/axi_interconnect_0/xbar/inst/gen_samd.crossbar_samd/gen_master_slots[0].gen_mi_write.wdata_mux_w/gen_wmux.wmux_aw_fifo/s_axi_wready[1]_INST_0_i_2/O
                         net (fo=1, routed)           0.000     6.975    user_35t_i/axi_interconnect_0/xbar/inst/gen_samd.crossbar_samd/gen_slave_slots[1].gen_si_write.wdata_router_w/wrouter_aw_fifo/gen_srls[0].gen_rep[0].srl_nx1/wr_tmp_wready[0]
    SLICE_X12Y71         MUXF7 (Prop_muxf7_I0_O)      0.209     7.184 r  user_35t_i/axi_interconnect_0/xbar/inst/gen_samd.crossbar_samd/gen_slave_slots[1].gen_si_write.wdata_router_w/wrouter_aw_fifo/gen_srls[0].gen_rep[0].srl_nx1/s_axi_wready[1]_INST_0_i_1/O
                         net (fo=2, routed)           0.302     7.487    user_35t_i/axi_interconnect_0/xbar/inst/gen_samd.crossbar_samd/gen_slave_slots[1].gen_si_write.wdata_router_w/wrouter_aw_fifo/gen_srls[0].gen_rep[0].srl_nx1_n_2
    SLICE_X15Y71         LUT2 (Prop_lut2_I1_O)        0.297     7.784 r  user_35t_i/axi_interconnect_0/xbar/inst/gen_samd.crossbar_samd/gen_slave_slots[1].gen_si_write.wdata_router_w/wrouter_aw_fifo/s_axi_wready[1]_INST_0/O
                         net (fo=39, routed)          0.763     8.546    user_35t_i/axi_interconnect_0/s01_couplers/auto_us/inst/gen_upsizer.gen_full_upsizer.axi_upsizer_inst/USE_WRITE.gen_non_fifo_w_upsizer.write_data_inst/m_axi_wready
    SLICE_X36Y72         LUT4 (Prop_lut4_I0_O)        0.124     8.670 r  user_35t_i/axi_interconnect_0/s01_couplers/auto_us/inst/gen_upsizer.gen_full_upsizer.axi_upsizer_inst/USE_WRITE.gen_non_fifo_w_upsizer.write_data_inst/WORD_LANE[7].USE_ALWAYS_PACKER.BYTE_LANE[3].USE_RTL_DATA.USE_REGISTER.M_AXI_WDATA_I[255]_i_6/O
                         net (fo=58, routed)          0.911     9.582    user_35t_i/axi_interconnect_0/s01_couplers/auto_us/inst/gen_upsizer.gen_full_upsizer.axi_upsizer_inst/USE_WRITE.write_addr_inst/GEN_CMD_QUEUE.cmd_queue/WORD_LANE[2].USE_ALWAYS_PACKER.BYTE_LANE[3].USE_RTL_DATA.USE_REGISTER.M_AXI_WDATA_I_reg[88]
    SLICE_X40Y75         LUT5 (Prop_lut5_I4_O)        0.124     9.706 r  user_35t_i/axi_interconnect_0/s01_couplers/auto_us/inst/gen_upsizer.gen_full_upsizer.axi_upsizer_inst/USE_WRITE.write_addr_inst/GEN_CMD_QUEUE.cmd_queue/WORD_LANE[3].USE_ALWAYS_PACKER.BYTE_LANE[1].USE_RTL_DATA.USE_REGISTER.M_AXI_WDATA_I[111]_i_3/O
                         net (fo=9, routed)           0.352    10.058    user_35t_i/axi_interconnect_0/s01_couplers/auto_us/inst/gen_upsizer.gen_full_upsizer.axi_upsizer_inst/USE_WRITE.gen_non_fifo_w_upsizer.write_data_inst/M_AXI_WDATA_I1193_out__2
    SLICE_X41Y74         LUT3 (Prop_lut3_I2_O)        0.124    10.182 r  user_35t_i/axi_interconnect_0/s01_couplers/auto_us/inst/gen_upsizer.gen_full_upsizer.axi_upsizer_inst/USE_WRITE.gen_non_fifo_w_upsizer.write_data_inst/WORD_LANE[3].USE_ALWAYS_PACKER.BYTE_LANE[1].USE_RTL_DATA.USE_REGISTER.M_AXI_WDATA_I[111]_i_1/O
                         net (fo=8, routed)           0.561    10.743    user_35t_i/axi_interconnect_0/s01_couplers/auto_us/inst/gen_upsizer.gen_full_upsizer.axi_upsizer_inst/USE_WRITE.gen_non_fifo_w_upsizer.write_data_inst/WORD_LANE[3].USE_ALWAYS_PACKER.BYTE_LANE[1].USE_RTL_DATA.USE_REGISTER.M_AXI_WDATA_I[111]_i_1_n_0
    SLICE_X42Y74         FDRE                                         r  user_35t_i/axi_interconnect_0/s01_couplers/auto_us/inst/gen_upsizer.gen_full_upsizer.axi_upsizer_inst/USE_WRITE.gen_non_fifo_w_upsizer.write_data_inst/WORD_LANE[3].USE_ALWAYS_PACKER.BYTE_LANE[1].USE_RTL_DATA.USE_REGISTER.M_AXI_WDATA_I_reg[104]/CE
  -------------------------------------------------------------------    -------------------

                         (clock clk_out1_user_35t_clk_wiz_0_0 rise edge)
                                                     10.000    10.000 r  
    BUFGCTRL_X0Y4        BUFG                         0.000    10.000 r  sys_clock_IBUF_BUFG_inst/O
                         net (fo=38, routed)          1.457    11.457    user_35t_i/clk_wiz_0/inst/clk_in1
    MMCME2_ADV_X1Y0      MMCME2_ADV (Prop_mmcme2_adv_CLKIN1_CLKOUT0)
                                                     -3.129     8.328 r  user_35t_i/clk_wiz_0/inst/mmcm_adv_inst/CLKOUT0
                         net (fo=1, routed)           1.581     9.909    user_35t_i/clk_wiz_0/inst/clk_out1_user_35t_clk_wiz_0_0
    BUFGCTRL_X0Y0        BUFG (Prop_bufg_I_O)         0.091    10.000 r  user_35t_i/clk_wiz_0/inst/clkout1_buf/O
                         net (fo=26831, routed)       1.420    11.420    user_35t_i/axi_interconnect_0/s01_couplers/auto_us/inst/gen_upsizer.gen_full_upsizer.axi_upsizer_inst/USE_WRITE.gen_non_fifo_w_upsizer.write_data_inst/USE_REGISTER.M_AXI_WLAST_q_reg_0
    SLICE_X42Y74         FDRE                                         r  user_35t_i/axi_interconnect_0/s01_couplers/auto_us/inst/gen_upsizer.gen_full_upsizer.axi_upsizer_inst/USE_WRITE.gen_non_fifo_w_upsizer.write_data_inst/WORD_LANE[3].USE_ALWAYS_PACKER.BYTE_LANE[1].USE_RTL_DATA.USE_REGISTER.M_AXI_WDATA_I_reg[104]/C
                         clock pessimism              0.007    11.427    
                         clock uncertainty           -0.243    11.184    
    SLICE_X42Y74         FDRE (Setup_fdre_C_CE)      -0.169    11.015    user_35t_i/axi_interconnect_0/s01_couplers/auto_us/inst/gen_upsizer.gen_full_upsizer.axi_upsizer_inst/USE_WRITE.gen_non_fifo_w_upsizer.write_data_inst/WORD_LANE[3].USE_ALWAYS_PACKER.BYTE_LANE[1].USE_RTL_DATA.USE_REGISTER.M_AXI_WDATA_I_reg[104]
  -------------------------------------------------------------------
                         required time                         11.015    
                         arrival time                         -10.743    
  -------------------------------------------------------------------
                         slack                                  0.272    





Min Delay Paths
--------------------------------------------------------------------------------------
Slack (MET) :             0.011ns  (arrival time - required time)
  Source:                 <hidden>
                            (rising edge-triggered cell FDRE clocked by clk_out1_user_35t_clk_wiz_0_0  {rise@0.000ns fall@5.000ns period=10.000ns})
  Destination:            <hidden>
                            (rising edge-triggered cell FDRE clocked by clk_out1_user_35t_clk_wiz_0_0  {rise@0.000ns fall@5.000ns period=10.000ns})
  Path Group:             clk_out1_user_35t_clk_wiz_0_0
  Path Type:              Hold (Min at Fast Process Corner)
  Requirement:            0.000ns  (clk_out1_user_35t_clk_wiz_0_0 rise@0.000ns - clk_out1_user_35t_clk_wiz_0_0 rise@0.000ns)
  Data Path Delay:        0.363ns  (logic 0.186ns (51.204%)  route 0.177ns (48.796%))
  Logic Levels:           1  (LUT3=1)
  Clock Path Skew:        0.261ns (DCD - SCD - CPR)
    Destination Clock Delay (DCD):    0.820ns
    Source Clock Delay      (SCD):    0.554ns
    Clock Pessimism Removal (CPR):    0.005ns

    Location             Delay type                Incr(ns)  Path(ns)    Netlist Resource(s)
  -------------------------------------------------------------------    -------------------
                         (clock clk_out1_user_35t_clk_wiz_0_0 rise edge)
                                                      0.000     0.000 r  
    BUFGCTRL_X0Y4        BUFG                         0.000     0.000 r  sys_clock_IBUF_BUFG_inst/O
                         net (fo=38, routed)          0.549     0.549    user_35t_i/clk_wiz_0/inst/clk_in1
    MMCME2_ADV_X1Y0      MMCME2_ADV (Prop_mmcme2_adv_CLKIN1_CLKOUT0)
                                                     -1.061    -0.512 r  user_35t_i/clk_wiz_0/inst/mmcm_adv_inst/CLKOUT0
                         net (fo=1, routed)           0.486    -0.026    user_35t_i/clk_wiz_0/inst/clk_out1_user_35t_clk_wiz_0_0
    BUFGCTRL_X0Y0        BUFG (Prop_bufg_I_O)         0.026     0.000 r  user_35t_i/clk_wiz_0/inst/clkout1_buf/O
                         net (fo=26831, routed)       0.554     0.554    <hidden>
    SLICE_X35Y30         FDRE                                         r  <hidden>
  -------------------------------------------------------------------    -------------------
    SLICE_X35Y30         FDRE (Prop_fdre_C_Q)         0.141     0.695 r  <hidden>
                         net (fo=1, routed)           0.177     0.872    <hidden>
    SLICE_X37Y28         LUT3 (Prop_lut3_I0_O)        0.045     0.917 r  <hidden>
                         net (fo=1, routed)           0.000     0.917    <hidden>
    SLICE_X37Y28         FDRE                                         r  <hidden>
  -------------------------------------------------------------------    -------------------

                         (clock clk_out1_user_35t_clk_wiz_0_0 rise edge)
                                                      0.000     0.000 r  
    BUFGCTRL_X0Y4        BUFG                         0.000     0.000 r  sys_clock_IBUF_BUFG_inst/O
                         net (fo=38, routed)          0.817     0.817    user_35t_i/clk_wiz_0/inst/clk_in1
    MMCME2_ADV_X1Y0      MMCME2_ADV (Prop_mmcme2_adv_CLKIN1_CLKOUT0)
                                                     -1.375    -0.559 r  user_35t_i/clk_wiz_0/inst/mmcm_adv_inst/CLKOUT0
                         net (fo=1, routed)           0.530    -0.029    user_35t_i/clk_wiz_0/inst/clk_out1_user_35t_clk_wiz_0_0
    BUFGCTRL_X0Y0        BUFG (Prop_bufg_I_O)         0.029     0.000 r  user_35t_i/clk_wiz_0/inst/clkout1_buf/O
                         net (fo=26831, routed)       0.820     0.820    <hidden>
    SLICE_X37Y28         FDRE                                         r  <hidden>
                         clock pessimism             -0.005     0.815    
    SLICE_X37Y28         FDRE (Hold_fdre_C_D)         0.091     0.906    <hidden>
  -------------------------------------------------------------------
                         required time                         -0.906    
                         arrival time                           0.917    
  -------------------------------------------------------------------
                         slack                                  0.011    

Slack (MET) :             0.021ns  (arrival time - required time)
  Source:                 user_35t_i/axi_dma_16counters/U0/I_PRMRY_DATAMOVER/GEN_S2MM_FULL.I_S2MM_FULL_WRAPPER/GEN_INCLUDE_IBTTCC.I_S2MM_MSTR_IBTTCC/sig_xfer_addr_reg_reg[15]/C
                            (rising edge-triggered cell FDRE clocked by clk_out1_user_35t_clk_wiz_0_0  {rise@0.000ns fall@5.000ns period=10.000ns})
  Destination:            user_35t_i/axi_dma_16counters/U0/I_PRMRY_DATAMOVER/GEN_S2MM_FULL.I_S2MM_FULL_WRAPPER/I_ADDR_CNTL/GEN_ADDR_FIFO.I_ADDR_QUAL_FIFO/USE_SRL_FIFO.I_SYNC_FIFO/I_SRL_FIFO_RBU_F/DYNSHREG_F_I/INFERRED_GEN.data_reg[3][39]_srl4/D
                            (rising edge-triggered cell SRL16E clocked by clk_out1_user_35t_clk_wiz_0_0  {rise@0.000ns fall@5.000ns period=10.000ns})
  Path Group:             clk_out1_user_35t_clk_wiz_0_0
  Path Type:              Hold (Min at Fast Process Corner)
  Requirement:            0.000ns  (clk_out1_user_35t_clk_wiz_0_0 rise@0.000ns - clk_out1_user_35t_clk_wiz_0_0 rise@0.000ns)
  Data Path Delay:        0.392ns  (logic 0.164ns (41.888%)  route 0.228ns (58.112%))
  Logic Levels:           0  
  Clock Path Skew:        0.262ns (DCD - SCD - CPR)
    Destination Clock Delay (DCD):    0.823ns
    Source Clock Delay      (SCD):    0.557ns
    Clock Pessimism Removal (CPR):    0.005ns

    Location             Delay type                Incr(ns)  Path(ns)    Netlist Resource(s)
  -------------------------------------------------------------------    -------------------
                         (clock clk_out1_user_35t_clk_wiz_0_0 rise edge)
                                                      0.000     0.000 r  
    BUFGCTRL_X0Y4        BUFG                         0.000     0.000 r  sys_clock_IBUF_BUFG_inst/O
                         net (fo=38, routed)          0.549     0.549    user_35t_i/clk_wiz_0/inst/clk_in1
    MMCME2_ADV_X1Y0      MMCME2_ADV (Prop_mmcme2_adv_CLKIN1_CLKOUT0)
                                                     -1.061    -0.512 r  user_35t_i/clk_wiz_0/inst/mmcm_adv_inst/CLKOUT0
                         net (fo=1, routed)           0.486    -0.026    user_35t_i/clk_wiz_0/inst/clk_out1_user_35t_clk_wiz_0_0
    BUFGCTRL_X0Y0        BUFG (Prop_bufg_I_O)         0.026     0.000 r  user_35t_i/clk_wiz_0/inst/clkout1_buf/O
                         net (fo=26831, routed)       0.557     0.557    user_35t_i/axi_dma_16counters/U0/I_PRMRY_DATAMOVER/GEN_S2MM_FULL.I_S2MM_FULL_WRAPPER/GEN_INCLUDE_IBTTCC.I_S2MM_MSTR_IBTTCC/m_axi_s2mm_aclk
    SLICE_X42Y86         FDRE                                         r  user_35t_i/axi_dma_16counters/U0/I_PRMRY_DATAMOVER/GEN_S2MM_FULL.I_S2MM_FULL_WRAPPER/GEN_INCLUDE_IBTTCC.I_S2MM_MSTR_IBTTCC/sig_xfer_addr_reg_reg[15]/C
  -------------------------------------------------------------------    -------------------
    SLICE_X42Y86         FDRE (Prop_fdre_C_Q)         0.164     0.721 r  user_35t_i/axi_dma_16counters/U0/I_PRMRY_DATAMOVER/GEN_S2MM_FULL.I_S2MM_FULL_WRAPPER/GEN_INCLUDE_IBTTCC.I_S2MM_MSTR_IBTTCC/sig_xfer_addr_reg_reg[15]/Q
                         net (fo=1, routed)           0.228     0.948    user_35t_i/axi_dma_16counters/U0/I_PRMRY_DATAMOVER/GEN_S2MM_FULL.I_S2MM_FULL_WRAPPER/I_ADDR_CNTL/GEN_ADDR_FIFO.I_ADDR_QUAL_FIFO/USE_SRL_FIFO.I_SYNC_FIFO/I_SRL_FIFO_RBU_F/DYNSHREG_F_I/in[15]
    SLICE_X34Y85         SRL16E                                       r  user_35t_i/axi_dma_16counters/U0/I_PRMRY_DATAMOVER/GEN_S2MM_FULL.I_S2MM_FULL_WRAPPER/I_ADDR_CNTL/GEN_ADDR_FIFO.I_ADDR_QUAL_FIFO/USE_SRL_FIFO.I_SYNC_FIFO/I_SRL_FIFO_RBU_F/DYNSHREG_F_I/INFERRED_GEN.data_reg[3][39]_srl4/D
  -------------------------------------------------------------------    -------------------

                         (clock clk_out1_user_35t_clk_wiz_0_0 rise edge)
                                                      0.000     0.000 r  
    BUFGCTRL_X0Y4        BUFG                         0.000     0.000 r  sys_clock_IBUF_BUFG_inst/O
                         net (fo=38, routed)          0.817     0.817    user_35t_i/clk_wiz_0/inst/clk_in1
    MMCME2_ADV_X1Y0      MMCME2_ADV (Prop_mmcme2_adv_CLKIN1_CLKOUT0)
                                                     -1.375    -0.559 r  user_35t_i/clk_wiz_0/inst/mmcm_adv_inst/CLKOUT0
                         net (fo=1, routed)           0.530    -0.029    user_35t_i/clk_wiz_0/inst/clk_out1_user_35t_clk_wiz_0_0
    BUFGCTRL_X0Y0        BUFG (Prop_bufg_I_O)         0.029     0.000 r  user_35t_i/clk_wiz_0/inst/clkout1_buf/O
                         net (fo=26831, routed)       0.823     0.823    user_35t_i/axi_dma_16counters/U0/I_PRMRY_DATAMOVER/GEN_S2MM_FULL.I_S2MM_FULL_WRAPPER/I_ADDR_CNTL/GEN_ADDR_FIFO.I_ADDR_QUAL_FIFO/USE_SRL_FIFO.I_SYNC_FIFO/I_SRL_FIFO_RBU_F/DYNSHREG_F_I/m_axi_s2mm_aclk
    SLICE_X34Y85         SRL16E                                       r  user_35t_i/axi_dma_16counters/U0/I_PRMRY_DATAMOVER/GEN_S2MM_FULL.I_S2MM_FULL_WRAPPER/I_ADDR_CNTL/GEN_ADDR_FIFO.I_ADDR_QUAL_FIFO/USE_SRL_FIFO.I_SYNC_FIFO/I_SRL_FIFO_RBU_F/DYNSHREG_F_I/INFERRED_GEN.data_reg[3][39]_srl4/CLK
                         clock pessimism             -0.005     0.818    
    SLICE_X34Y85         SRL16E (Hold_srl16e_CLK_D)
                                                      0.109     0.928    user_35t_i/axi_dma_16counters/U0/I_PRMRY_DATAMOVER/GEN_S2MM_FULL.I_S2MM_FULL_WRAPPER/I_ADDR_CNTL/GEN_ADDR_FIFO.I_ADDR_QUAL_FIFO/USE_SRL_FIFO.I_SYNC_FIFO/I_SRL_FIFO_RBU_F/DYNSHREG_F_I/INFERRED_GEN.data_reg[3][39]_srl4
  -------------------------------------------------------------------
                         required time                         -0.928    
                         arrival time                           0.948    
  -------------------------------------------------------------------
                         slack                                  0.021    

Slack (MET) :             0.022ns  (arrival time - required time)
  Source:                 user_35t_i/microblaze_0/U0/MicroBlaze_Core_I/Performance.Core/Data_Flow_I/exception_registers_I1/wb_EAR_ii_reg[18]/C
                            (rising edge-triggered cell FDRE clocked by clk_out1_user_35t_clk_wiz_0_0  {rise@0.000ns fall@5.000ns period=10.000ns})
  Destination:            user_35t_i/microblaze_0/U0/MicroBlaze_Core_I/Performance.Core/Data_Flow_I/exception_registers_I1/WB_EAR_reg[18]/D
                            (rising edge-triggered cell FDRE clocked by clk_out1_user_35t_clk_wiz_0_0  {rise@0.000ns fall@5.000ns period=10.000ns})
  Path Group:             clk_out1_user_35t_clk_wiz_0_0
  Path Type:              Hold (Min at Fast Process Corner)
  Requirement:            0.000ns  (clk_out1_user_35t_clk_wiz_0_0 rise@0.000ns - clk_out1_user_35t_clk_wiz_0_0 rise@0.000ns)
  Data Path Delay:        0.355ns  (logic 0.141ns (39.733%)  route 0.214ns (60.267%))
  Logic Levels:           0  
  Clock Path Skew:        0.263ns (DCD - SCD - CPR)
    Destination Clock Delay (DCD):    0.910ns
    Source Clock Delay      (SCD):    0.638ns
    Clock Pessimism Removal (CPR):    0.009ns

    Location             Delay type                Incr(ns)  Path(ns)    Netlist Resource(s)
  -------------------------------------------------------------------    -------------------
                         (clock clk_out1_user_35t_clk_wiz_0_0 rise edge)
                                                      0.000     0.000 r  
    BUFGCTRL_X0Y4        BUFG                         0.000     0.000 r  sys_clock_IBUF_BUFG_inst/O
                         net (fo=38, routed)          0.549     0.549    user_35t_i/clk_wiz_0/inst/clk_in1
    MMCME2_ADV_X1Y0      MMCME2_ADV (Prop_mmcme2_adv_CLKIN1_CLKOUT0)
                                                     -1.061    -0.512 r  user_35t_i/clk_wiz_0/inst/mmcm_adv_inst/CLKOUT0
                         net (fo=1, routed)           0.486    -0.026    user_35t_i/clk_wiz_0/inst/clk_out1_user_35t_clk_wiz_0_0
    BUFGCTRL_X0Y0        BUFG (Prop_bufg_I_O)         0.026     0.000 r  user_35t_i/clk_wiz_0/inst/clkout1_buf/O
                         net (fo=26831, routed)       0.638     0.638    user_35t_i/microblaze_0/U0/MicroBlaze_Core_I/Performance.Core/Data_Flow_I/exception_registers_I1/Clk
    SLICE_X35Y136        FDRE                                         r  user_35t_i/microblaze_0/U0/MicroBlaze_Core_I/Performance.Core/Data_Flow_I/exception_registers_I1/wb_EAR_ii_reg[18]/C
  -------------------------------------------------------------------    -------------------
    SLICE_X35Y136        FDRE (Prop_fdre_C_Q)         0.141     0.779 r  user_35t_i/microblaze_0/U0/MicroBlaze_Core_I/Performance.Core/Data_Flow_I/exception_registers_I1/wb_EAR_ii_reg[18]/Q
                         net (fo=1, routed)           0.214     0.993    user_35t_i/microblaze_0/U0/MicroBlaze_Core_I/Performance.Core/Data_Flow_I/exception_registers_I1/wb_EAR_ii[18]
    SLICE_X37Y134        FDRE                                         r  user_35t_i/microblaze_0/U0/MicroBlaze_Core_I/Performance.Core/Data_Flow_I/exception_registers_I1/WB_EAR_reg[18]/D
  -------------------------------------------------------------------    -------------------

                         (clock clk_out1_user_35t_clk_wiz_0_0 rise edge)
                                                      0.000     0.000 r  
    BUFGCTRL_X0Y4        BUFG                         0.000     0.000 r  sys_clock_IBUF_BUFG_inst/O
                         net (fo=38, routed)          0.817     0.817    user_35t_i/clk_wiz_0/inst/clk_in1
    MMCME2_ADV_X1Y0      MMCME2_ADV (Prop_mmcme2_adv_CLKIN1_CLKOUT0)
                                                     -1.375    -0.559 r  user_35t_i/clk_wiz_0/inst/mmcm_adv_inst/CLKOUT0
                         net (fo=1, routed)           0.530    -0.029    user_35t_i/clk_wiz_0/inst/clk_out1_user_35t_clk_wiz_0_0
    BUFGCTRL_X0Y0        BUFG (Prop_bufg_I_O)         0.029     0.000 r  user_35t_i/clk_wiz_0/inst/clkout1_buf/O
                         net (fo=26831, routed)       0.910     0.910    user_35t_i/microblaze_0/U0/MicroBlaze_Core_I/Performance.Core/Data_Flow_I/exception_registers_I1/Clk
    SLICE_X37Y134        FDRE                                         r  user_35t_i/microblaze_0/U0/MicroBlaze_Core_I/Performance.Core/Data_Flow_I/exception_registers_I1/WB_EAR_reg[18]/C
                         clock pessimism             -0.009     0.901    
    SLICE_X37Y134        FDRE (Hold_fdre_C_D)         0.070     0.971    user_35t_i/microblaze_0/U0/MicroBlaze_Core_I/Performance.Core/Data_Flow_I/exception_registers_I1/WB_EAR_reg[18]
  -------------------------------------------------------------------
                         required time                         -0.971    
                         arrival time                           0.993    
  -------------------------------------------------------------------
                         slack                                  0.022    

Slack (MET) :             0.022ns  (arrival time - required time)
  Source:                 user_35t_i/axi_interconnect_0/m00_couplers/auto_ds/inst/gen_downsizer.gen_simple_downsizer.axi_downsizer_inst/USE_READ.read_addr_inst/cmd_queue/inst/fifo_gen_inst/inst_fifo_gen/gconvfifo.rf/grf.rf/gntv_or_sync_fifo.gl0.wr/wpntr/gcc0.gc0.count_d1_reg[3]/C
                            (rising edge-triggered cell FDCE clocked by clk_out1_user_35t_clk_wiz_0_0  {rise@0.000ns fall@5.000ns period=10.000ns})
  Destination:            user_35t_i/axi_interconnect_0/m00_couplers/auto_ds/inst/gen_downsizer.gen_simple_downsizer.axi_downsizer_inst/USE_READ.read_addr_inst/cmd_queue/inst/fifo_gen_inst/inst_fifo_gen/gconvfifo.rf/grf.rf/gntv_or_sync_fifo.mem/gdm.dm_gen.dm/RAM_reg_0_31_18_23/RAMA/WADR3
                            (rising edge-triggered cell RAMD32 clocked by clk_out1_user_35t_clk_wiz_0_0  {rise@0.000ns fall@5.000ns period=10.000ns})
  Path Group:             clk_out1_user_35t_clk_wiz_0_0
  Path Type:              Hold (Min at Fast Process Corner)
  Requirement:            0.000ns  (clk_out1_user_35t_clk_wiz_0_0 rise@0.000ns - clk_out1_user_35t_clk_wiz_0_0 rise@0.000ns)
  Data Path Delay:        0.275ns  (logic 0.141ns (51.228%)  route 0.134ns (48.772%))
  Logic Levels:           0  
  Clock Path Skew:        0.013ns (DCD - SCD - CPR)
    Destination Clock Delay (DCD):    0.859ns
    Source Clock Delay      (SCD):    0.590ns
    Clock Pessimism Removal (CPR):    0.257ns

    Location             Delay type                Incr(ns)  Path(ns)    Netlist Resource(s)
  -------------------------------------------------------------------    -------------------
                         (clock clk_out1_user_35t_clk_wiz_0_0 rise edge)
                                                      0.000     0.000 r  
    BUFGCTRL_X0Y4        BUFG                         0.000     0.000 r  sys_clock_IBUF_BUFG_inst/O
                         net (fo=38, routed)          0.549     0.549    user_35t_i/clk_wiz_0/inst/clk_in1
    MMCME2_ADV_X1Y0      MMCME2_ADV (Prop_mmcme2_adv_CLKIN1_CLKOUT0)
                                                     -1.061    -0.512 r  user_35t_i/clk_wiz_0/inst/mmcm_adv_inst/CLKOUT0
                         net (fo=1, routed)           0.486    -0.026    user_35t_i/clk_wiz_0/inst/clk_out1_user_35t_clk_wiz_0_0
    BUFGCTRL_X0Y0        BUFG (Prop_bufg_I_O)         0.026     0.000 r  user_35t_i/clk_wiz_0/inst/clkout1_buf/O
                         net (fo=26831, routed)       0.590     0.590    user_35t_i/axi_interconnect_0/m00_couplers/auto_ds/inst/gen_downsizer.gen_simple_downsizer.axi_downsizer_inst/USE_READ.read_addr_inst/cmd_queue/inst/fifo_gen_inst/inst_fifo_gen/gconvfifo.rf/grf.rf/gntv_or_sync_fifo.gl0.wr/wpntr/clk
    SLICE_X3Y87          FDCE                                         r  user_35t_i/axi_interconnect_0/m00_couplers/auto_ds/inst/gen_downsizer.gen_simple_downsizer.axi_downsizer_inst/USE_READ.read_addr_inst/cmd_queue/inst/fifo_gen_inst/inst_fifo_gen/gconvfifo.rf/grf.rf/gntv_or_sync_fifo.gl0.wr/wpntr/gcc0.gc0.count_d1_reg[3]/C
  -------------------------------------------------------------------    -------------------
    SLICE_X3Y87          FDCE (Prop_fdce_C_Q)         0.141     0.731 r  user_35t_i/axi_interconnect_0/m00_couplers/auto_ds/inst/gen_downsizer.gen_simple_downsizer.axi_downsizer_inst/USE_READ.read_addr_inst/cmd_queue/inst/fifo_gen_inst/inst_fifo_gen/gconvfifo.rf/grf.rf/gntv_or_sync_fifo.gl0.wr/wpntr/gcc0.gc0.count_d1_reg[3]/Q
                         net (fo=50, routed)          0.134     0.865    user_35t_i/axi_interconnect_0/m00_couplers/auto_ds/inst/gen_downsizer.gen_simple_downsizer.axi_downsizer_inst/USE_READ.read_addr_inst/cmd_queue/inst/fifo_gen_inst/inst_fifo_gen/gconvfifo.rf/grf.rf/gntv_or_sync_fifo.mem/gdm.dm_gen.dm/RAM_reg_0_31_18_23/ADDRD3
    SLICE_X2Y87          RAMD32                                       r  user_35t_i/axi_interconnect_0/m00_couplers/auto_ds/inst/gen_downsizer.gen_simple_downsizer.axi_downsizer_inst/USE_READ.read_addr_inst/cmd_queue/inst/fifo_gen_inst/inst_fifo_gen/gconvfifo.rf/grf.rf/gntv_or_sync_fifo.mem/gdm.dm_gen.dm/RAM_reg_0_31_18_23/RAMA/WADR3
  -------------------------------------------------------------------    -------------------

                         (clock clk_out1_user_35t_clk_wiz_0_0 rise edge)
                                                      0.000     0.000 r  
    BUFGCTRL_X0Y4        BUFG                         0.000     0.000 r  sys_clock_IBUF_BUFG_inst/O
                         net (fo=38, routed)          0.817     0.817    user_35t_i/clk_wiz_0/inst/clk_in1
    MMCME2_ADV_X1Y0      MMCME2_ADV (Prop_mmcme2_adv_CLKIN1_CLKOUT0)
                                                     -1.375    -0.559 r  user_35t_i/clk_wiz_0/inst/mmcm_adv_inst/CLKOUT0
                         net (fo=1, routed)           0.530    -0.029    user_35t_i/clk_wiz_0/inst/clk_out1_user_35t_clk_wiz_0_0
    BUFGCTRL_X0Y0        BUFG (Prop_bufg_I_O)         0.029     0.000 r  user_35t_i/clk_wiz_0/inst/clkout1_buf/O
                         net (fo=26831, routed)       0.859     0.859    user_35t_i/axi_interconnect_0/m00_couplers/auto_ds/inst/gen_downsizer.gen_simple_downsizer.axi_downsizer_inst/USE_READ.read_addr_inst/cmd_queue/inst/fifo_gen_inst/inst_fifo_gen/gconvfifo.rf/grf.rf/gntv_or_sync_fifo.mem/gdm.dm_gen.dm/RAM_reg_0_31_18_23/WCLK
    SLICE_X2Y87          RAMD32                                       r  user_35t_i/axi_interconnect_0/m00_couplers/auto_ds/inst/gen_downsizer.gen_simple_downsizer.axi_downsizer_inst/USE_READ.read_addr_inst/cmd_queue/inst/fifo_gen_inst/inst_fifo_gen/gconvfifo.rf/grf.rf/gntv_or_sync_fifo.mem/gdm.dm_gen.dm/RAM_reg_0_31_18_23/RAMA/CLK
                         clock pessimism             -0.257     0.603    
    SLICE_X2Y87          RAMD32 (Hold_ramd32_CLK_WADR3)
                                                      0.240     0.843    user_35t_i/axi_interconnect_0/m00_couplers/auto_ds/inst/gen_downsizer.gen_simple_downsizer.axi_downsizer_inst/USE_READ.read_addr_inst/cmd_queue/inst/fifo_gen_inst/inst_fifo_gen/gconvfifo.rf/grf.rf/gntv_or_sync_fifo.mem/gdm.dm_gen.dm/RAM_reg_0_31_18_23/RAMA
  -------------------------------------------------------------------
                         required time                         -0.843    
                         arrival time                           0.865    
  -------------------------------------------------------------------
                         slack                                  0.022    

Slack (MET) :             0.022ns  (arrival time - required time)
  Source:                 user_35t_i/axi_interconnect_0/m00_couplers/auto_ds/inst/gen_downsizer.gen_simple_downsizer.axi_downsizer_inst/USE_READ.read_addr_inst/cmd_queue/inst/fifo_gen_inst/inst_fifo_gen/gconvfifo.rf/grf.rf/gntv_or_sync_fifo.gl0.wr/wpntr/gcc0.gc0.count_d1_reg[3]/C
                            (rising edge-triggered cell FDCE clocked by clk_out1_user_35t_clk_wiz_0_0  {rise@0.000ns fall@5.000ns period=10.000ns})
  Destination:            user_35t_i/axi_interconnect_0/m00_couplers/auto_ds/inst/gen_downsizer.gen_simple_downsizer.axi_downsizer_inst/USE_READ.read_addr_inst/cmd_queue/inst/fifo_gen_inst/inst_fifo_gen/gconvfifo.rf/grf.rf/gntv_or_sync_fifo.mem/gdm.dm_gen.dm/RAM_reg_0_31_18_23/RAMA_D1/WADR3
                            (rising edge-triggered cell RAMD32 clocked by clk_out1_user_35t_clk_wiz_0_0  {rise@0.000ns fall@5.000ns period=10.000ns})
  Path Group:             clk_out1_user_35t_clk_wiz_0_0
  Path Type:              Hold (Min at Fast Process Corner)
  Requirement:            0.000ns  (clk_out1_user_35t_clk_wiz_0_0 rise@0.000ns - clk_out1_user_35t_clk_wiz_0_0 rise@0.000ns)
  Data Path Delay:        0.275ns  (logic 0.141ns (51.228%)  route 0.134ns (48.772%))
  Logic Levels:           0  
  Clock Path Skew:        0.013ns (DCD - SCD - CPR)
    Destination Clock Delay (DCD):    0.859ns
    Source Clock Delay      (SCD):    0.590ns
    Clock Pessimism Removal (CPR):    0.257ns

    Location             Delay type                Incr(ns)  Path(ns)    Netlist Resource(s)
  -------------------------------------------------------------------    -------------------
                         (clock clk_out1_user_35t_clk_wiz_0_0 rise edge)
                                                      0.000     0.000 r  
    BUFGCTRL_X0Y4        BUFG                         0.000     0.000 r  sys_clock_IBUF_BUFG_inst/O
                         net (fo=38, routed)          0.549     0.549    user_35t_i/clk_wiz_0/inst/clk_in1
    MMCME2_ADV_X1Y0      MMCME2_ADV (Prop_mmcme2_adv_CLKIN1_CLKOUT0)
                                                     -1.061    -0.512 r  user_35t_i/clk_wiz_0/inst/mmcm_adv_inst/CLKOUT0
                         net (fo=1, routed)           0.486    -0.026    user_35t_i/clk_wiz_0/inst/clk_out1_user_35t_clk_wiz_0_0
    BUFGCTRL_X0Y0        BUFG (Prop_bufg_I_O)         0.026     0.000 r  user_35t_i/clk_wiz_0/inst/clkout1_buf/O
                         net (fo=26831, routed)       0.590     0.590    user_35t_i/axi_interconnect_0/m00_couplers/auto_ds/inst/gen_downsizer.gen_simple_downsizer.axi_downsizer_inst/USE_READ.read_addr_inst/cmd_queue/inst/fifo_gen_inst/inst_fifo_gen/gconvfifo.rf/grf.rf/gntv_or_sync_fifo.gl0.wr/wpntr/clk
    SLICE_X3Y87          FDCE                                         r  user_35t_i/axi_interconnect_0/m00_couplers/auto_ds/inst/gen_downsizer.gen_simple_downsizer.axi_downsizer_inst/USE_READ.read_addr_inst/cmd_queue/inst/fifo_gen_inst/inst_fifo_gen/gconvfifo.rf/grf.rf/gntv_or_sync_fifo.gl0.wr/wpntr/gcc0.gc0.count_d1_reg[3]/C
  -------------------------------------------------------------------    -------------------
    SLICE_X3Y87          FDCE (Prop_fdce_C_Q)         0.141     0.731 r  user_35t_i/axi_interconnect_0/m00_couplers/auto_ds/inst/gen_downsizer.gen_simple_downsizer.axi_downsizer_inst/USE_READ.read_addr_inst/cmd_queue/inst/fifo_gen_inst/inst_fifo_gen/gconvfifo.rf/grf.rf/gntv_or_sync_fifo.gl0.wr/wpntr/gcc0.gc0.count_d1_reg[3]/Q
                         net (fo=50, routed)          0.134     0.865    user_35t_i/axi_interconnect_0/m00_couplers/auto_ds/inst/gen_downsizer.gen_simple_downsizer.axi_downsizer_inst/USE_READ.read_addr_inst/cmd_queue/inst/fifo_gen_inst/inst_fifo_gen/gconvfifo.rf/grf.rf/gntv_or_sync_fifo.mem/gdm.dm_gen.dm/RAM_reg_0_31_18_23/ADDRD3
    SLICE_X2Y87          RAMD32                                       r  user_35t_i/axi_interconnect_0/m00_couplers/auto_ds/inst/gen_downsizer.gen_simple_downsizer.axi_downsizer_inst/USE_READ.read_addr_inst/cmd_queue/inst/fifo_gen_inst/inst_fifo_gen/gconvfifo.rf/grf.rf/gntv_or_sync_fifo.mem/gdm.dm_gen.dm/RAM_reg_0_31_18_23/RAMA_D1/WADR3
  -------------------------------------------------------------------    -------------------

                         (clock clk_out1_user_35t_clk_wiz_0_0 rise edge)
                                                      0.000     0.000 r  
    BUFGCTRL_X0Y4        BUFG                         0.000     0.000 r  sys_clock_IBUF_BUFG_inst/O
                         net (fo=38, routed)          0.817     0.817    user_35t_i/clk_wiz_0/inst/clk_in1
    MMCME2_ADV_X1Y0      MMCME2_ADV (Prop_mmcme2_adv_CLKIN1_CLKOUT0)
                                                     -1.375    -0.559 r  user_35t_i/clk_wiz_0/inst/mmcm_adv_inst/CLKOUT0
                         net (fo=1, routed)           0.530    -0.029    user_35t_i/clk_wiz_0/inst/clk_out1_user_35t_clk_wiz_0_0
    BUFGCTRL_X0Y0        BUFG (Prop_bufg_I_O)         0.029     0.000 r  user_35t_i/clk_wiz_0/inst/clkout1_buf/O
                         net (fo=26831, routed)       0.859     0.859    user_35t_i/axi_interconnect_0/m00_couplers/auto_ds/inst/gen_downsizer.gen_simple_downsizer.axi_downsizer_inst/USE_READ.read_addr_inst/cmd_queue/inst/fifo_gen_inst/inst_fifo_gen/gconvfifo.rf/grf.rf/gntv_or_sync_fifo.mem/gdm.dm_gen.dm/RAM_reg_0_31_18_23/WCLK
    SLICE_X2Y87          RAMD32                                       r  user_35t_i/axi_interconnect_0/m00_couplers/auto_ds/inst/gen_downsizer.gen_simple_downsizer.axi_downsizer_inst/USE_READ.read_addr_inst/cmd_queue/inst/fifo_gen_inst/inst_fifo_gen/gconvfifo.rf/grf.rf/gntv_or_sync_fifo.mem/gdm.dm_gen.dm/RAM_reg_0_31_18_23/RAMA_D1/CLK
                         clock pessimism             -0.257     0.603    
    SLICE_X2Y87          RAMD32 (Hold_ramd32_CLK_WADR3)
                                                      0.240     0.843    user_35t_i/axi_interconnect_0/m00_couplers/auto_ds/inst/gen_downsizer.gen_simple_downsizer.axi_downsizer_inst/USE_READ.read_addr_inst/cmd_queue/inst/fifo_gen_inst/inst_fifo_gen/gconvfifo.rf/grf.rf/gntv_or_sync_fifo.mem/gdm.dm_gen.dm/RAM_reg_0_31_18_23/RAMA_D1
  -------------------------------------------------------------------
                         required time                         -0.843    
                         arrival time                           0.865    
  -------------------------------------------------------------------
                         slack                                  0.022    

Slack (MET) :             0.022ns  (arrival time - required time)
  Source:                 user_35t_i/axi_interconnect_0/m00_couplers/auto_ds/inst/gen_downsizer.gen_simple_downsizer.axi_downsizer_inst/USE_READ.read_addr_inst/cmd_queue/inst/fifo_gen_inst/inst_fifo_gen/gconvfifo.rf/grf.rf/gntv_or_sync_fifo.gl0.wr/wpntr/gcc0.gc0.count_d1_reg[3]/C
                            (rising edge-triggered cell FDCE clocked by clk_out1_user_35t_clk_wiz_0_0  {rise@0.000ns fall@5.000ns period=10.000ns})
  Destination:            user_35t_i/axi_interconnect_0/m00_couplers/auto_ds/inst/gen_downsizer.gen_simple_downsizer.axi_downsizer_inst/USE_READ.read_addr_inst/cmd_queue/inst/fifo_gen_inst/inst_fifo_gen/gconvfifo.rf/grf.rf/gntv_or_sync_fifo.mem/gdm.dm_gen.dm/RAM_reg_0_31_18_23/RAMB/WADR3
                            (rising edge-triggered cell RAMD32 clocked by clk_out1_user_35t_clk_wiz_0_0  {rise@0.000ns fall@5.000ns period=10.000ns})
  Path Group:             clk_out1_user_35t_clk_wiz_0_0
  Path Type:              Hold (Min at Fast Process Corner)
  Requirement:            0.000ns  (clk_out1_user_35t_clk_wiz_0_0 rise@0.000ns - clk_out1_user_35t_clk_wiz_0_0 rise@0.000ns)
  Data Path Delay:        0.275ns  (logic 0.141ns (51.228%)  route 0.134ns (48.772%))
  Logic Levels:           0  
  Clock Path Skew:        0.013ns (DCD - SCD - CPR)
    Destination Clock Delay (DCD):    0.859ns
    Source Clock Delay      (SCD):    0.590ns
    Clock Pessimism Removal (CPR):    0.257ns

    Location             Delay type                Incr(ns)  Path(ns)    Netlist Resource(s)
  -------------------------------------------------------------------    -------------------
                         (clock clk_out1_user_35t_clk_wiz_0_0 rise edge)
                                                      0.000     0.000 r  
    BUFGCTRL_X0Y4        BUFG                         0.000     0.000 r  sys_clock_IBUF_BUFG_inst/O
                         net (fo=38, routed)          0.549     0.549    user_35t_i/clk_wiz_0/inst/clk_in1
    MMCME2_ADV_X1Y0      MMCME2_ADV (Prop_mmcme2_adv_CLKIN1_CLKOUT0)
                                                     -1.061    -0.512 r  user_35t_i/clk_wiz_0/inst/mmcm_adv_inst/CLKOUT0
                         net (fo=1, routed)           0.486    -0.026    user_35t_i/clk_wiz_0/inst/clk_out1_user_35t_clk_wiz_0_0
    BUFGCTRL_X0Y0        BUFG (Prop_bufg_I_O)         0.026     0.000 r  user_35t_i/clk_wiz_0/inst/clkout1_buf/O
                         net (fo=26831, routed)       0.590     0.590    user_35t_i/axi_interconnect_0/m00_couplers/auto_ds/inst/gen_downsizer.gen_simple_downsizer.axi_downsizer_inst/USE_READ.read_addr_inst/cmd_queue/inst/fifo_gen_inst/inst_fifo_gen/gconvfifo.rf/grf.rf/gntv_or_sync_fifo.gl0.wr/wpntr/clk
    SLICE_X3Y87          FDCE                                         r  user_35t_i/axi_interconnect_0/m00_couplers/auto_ds/inst/gen_downsizer.gen_simple_downsizer.axi_downsizer_inst/USE_READ.read_addr_inst/cmd_queue/inst/fifo_gen_inst/inst_fifo_gen/gconvfifo.rf/grf.rf/gntv_or_sync_fifo.gl0.wr/wpntr/gcc0.gc0.count_d1_reg[3]/C
  -------------------------------------------------------------------    -------------------
    SLICE_X3Y87          FDCE (Prop_fdce_C_Q)         0.141     0.731 r  user_35t_i/axi_interconnect_0/m00_couplers/auto_ds/inst/gen_downsizer.gen_simple_downsizer.axi_downsizer_inst/USE_READ.read_addr_inst/cmd_queue/inst/fifo_gen_inst/inst_fifo_gen/gconvfifo.rf/grf.rf/gntv_or_sync_fifo.gl0.wr/wpntr/gcc0.gc0.count_d1_reg[3]/Q
                         net (fo=50, routed)          0.134     0.865    user_35t_i/axi_interconnect_0/m00_couplers/auto_ds/inst/gen_downsizer.gen_simple_downsizer.axi_downsizer_inst/USE_READ.read_addr_inst/cmd_queue/inst/fifo_gen_inst/inst_fifo_gen/gconvfifo.rf/grf.rf/gntv_or_sync_fifo.mem/gdm.dm_gen.dm/RAM_reg_0_31_18_23/ADDRD3
    SLICE_X2Y87          RAMD32                                       r  user_35t_i/axi_interconnect_0/m00_couplers/auto_ds/inst/gen_downsizer.gen_simple_downsizer.axi_downsizer_inst/USE_READ.read_addr_inst/cmd_queue/inst/fifo_gen_inst/inst_fifo_gen/gconvfifo.rf/grf.rf/gntv_or_sync_fifo.mem/gdm.dm_gen.dm/RAM_reg_0_31_18_23/RAMB/WADR3
  -------------------------------------------------------------------    -------------------

                         (clock clk_out1_user_35t_clk_wiz_0_0 rise edge)
                                                      0.000     0.000 r  
    BUFGCTRL_X0Y4        BUFG                         0.000     0.000 r  sys_clock_IBUF_BUFG_inst/O
                         net (fo=38, routed)          0.817     0.817    user_35t_i/clk_wiz_0/inst/clk_in1
    MMCME2_ADV_X1Y0      MMCME2_ADV (Prop_mmcme2_adv_CLKIN1_CLKOUT0)
                                                     -1.375    -0.559 r  user_35t_i/clk_wiz_0/inst/mmcm_adv_inst/CLKOUT0
                         net (fo=1, routed)           0.530    -0.029    user_35t_i/clk_wiz_0/inst/clk_out1_user_35t_clk_wiz_0_0
    BUFGCTRL_X0Y0        BUFG (Prop_bufg_I_O)         0.029     0.000 r  user_35t_i/clk_wiz_0/inst/clkout1_buf/O
                         net (fo=26831, routed)       0.859     0.859    user_35t_i/axi_interconnect_0/m00_couplers/auto_ds/inst/gen_downsizer.gen_simple_downsizer.axi_downsizer_inst/USE_READ.read_addr_inst/cmd_queue/inst/fifo_gen_inst/inst_fifo_gen/gconvfifo.rf/grf.rf/gntv_or_sync_fifo.mem/gdm.dm_gen.dm/RAM_reg_0_31_18_23/WCLK
    SLICE_X2Y87          RAMD32                                       r  user_35t_i/axi_interconnect_0/m00_couplers/auto_ds/inst/gen_downsizer.gen_simple_downsizer.axi_downsizer_inst/USE_READ.read_addr_inst/cmd_queue/inst/fifo_gen_inst/inst_fifo_gen/gconvfifo.rf/grf.rf/gntv_or_sync_fifo.mem/gdm.dm_gen.dm/RAM_reg_0_31_18_23/RAMB/CLK
                         clock pessimism             -0.257     0.603    
    SLICE_X2Y87          RAMD32 (Hold_ramd32_CLK_WADR3)
                                                      0.240     0.843    user_35t_i/axi_interconnect_0/m00_couplers/auto_ds/inst/gen_downsizer.gen_simple_downsizer.axi_downsizer_inst/USE_READ.read_addr_inst/cmd_queue/inst/fifo_gen_inst/inst_fifo_gen/gconvfifo.rf/grf.rf/gntv_or_sync_fifo.mem/gdm.dm_gen.dm/RAM_reg_0_31_18_23/RAMB
  -------------------------------------------------------------------
                         required time                         -0.843    
                         arrival time                           0.865    
  -------------------------------------------------------------------
                         slack                                  0.022    

Slack (MET) :             0.022ns  (arrival time - required time)
  Source:                 user_35t_i/axi_interconnect_0/m00_couplers/auto_ds/inst/gen_downsizer.gen_simple_downsizer.axi_downsizer_inst/USE_READ.read_addr_inst/cmd_queue/inst/fifo_gen_inst/inst_fifo_gen/gconvfifo.rf/grf.rf/gntv_or_sync_fifo.gl0.wr/wpntr/gcc0.gc0.count_d1_reg[3]/C
                            (rising edge-triggered cell FDCE clocked by clk_out1_user_35t_clk_wiz_0_0  {rise@0.000ns fall@5.000ns period=10.000ns})
  Destination:            user_35t_i/axi_interconnect_0/m00_couplers/auto_ds/inst/gen_downsizer.gen_simple_downsizer.axi_downsizer_inst/USE_READ.read_addr_inst/cmd_queue/inst/fifo_gen_inst/inst_fifo_gen/gconvfifo.rf/grf.rf/gntv_or_sync_fifo.mem/gdm.dm_gen.dm/RAM_reg_0_31_18_23/RAMB_D1/WADR3
                            (rising edge-triggered cell RAMD32 clocked by clk_out1_user_35t_clk_wiz_0_0  {rise@0.000ns fall@5.000ns period=10.000ns})
  Path Group:             clk_out1_user_35t_clk_wiz_0_0
  Path Type:              Hold (Min at Fast Process Corner)
  Requirement:            0.000ns  (clk_out1_user_35t_clk_wiz_0_0 rise@0.000ns - clk_out1_user_35t_clk_wiz_0_0 rise@0.000ns)
  Data Path Delay:        0.275ns  (logic 0.141ns (51.228%)  route 0.134ns (48.772%))
  Logic Levels:           0  
  Clock Path Skew:        0.013ns (DCD - SCD - CPR)
    Destination Clock Delay (DCD):    0.859ns
    Source Clock Delay      (SCD):    0.590ns
    Clock Pessimism Removal (CPR):    0.257ns

    Location             Delay type                Incr(ns)  Path(ns)    Netlist Resource(s)
  -------------------------------------------------------------------    -------------------
                         (clock clk_out1_user_35t_clk_wiz_0_0 rise edge)
                                                      0.000     0.000 r  
    BUFGCTRL_X0Y4        BUFG                         0.000     0.000 r  sys_clock_IBUF_BUFG_inst/O
                         net (fo=38, routed)          0.549     0.549    user_35t_i/clk_wiz_0/inst/clk_in1
    MMCME2_ADV_X1Y0      MMCME2_ADV (Prop_mmcme2_adv_CLKIN1_CLKOUT0)
                                                     -1.061    -0.512 r  user_35t_i/clk_wiz_0/inst/mmcm_adv_inst/CLKOUT0
                         net (fo=1, routed)           0.486    -0.026    user_35t_i/clk_wiz_0/inst/clk_out1_user_35t_clk_wiz_0_0
    BUFGCTRL_X0Y0        BUFG (Prop_bufg_I_O)         0.026     0.000 r  user_35t_i/clk_wiz_0/inst/clkout1_buf/O
                         net (fo=26831, routed)       0.590     0.590    user_35t_i/axi_interconnect_0/m00_couplers/auto_ds/inst/gen_downsizer.gen_simple_downsizer.axi_downsizer_inst/USE_READ.read_addr_inst/cmd_queue/inst/fifo_gen_inst/inst_fifo_gen/gconvfifo.rf/grf.rf/gntv_or_sync_fifo.gl0.wr/wpntr/clk
    SLICE_X3Y87          FDCE                                         r  user_35t_i/axi_interconnect_0/m00_couplers/auto_ds/inst/gen_downsizer.gen_simple_downsizer.axi_downsizer_inst/USE_READ.read_addr_inst/cmd_queue/inst/fifo_gen_inst/inst_fifo_gen/gconvfifo.rf/grf.rf/gntv_or_sync_fifo.gl0.wr/wpntr/gcc0.gc0.count_d1_reg[3]/C
  -------------------------------------------------------------------    -------------------
    SLICE_X3Y87          FDCE (Prop_fdce_C_Q)         0.141     0.731 r  user_35t_i/axi_interconnect_0/m00_couplers/auto_ds/inst/gen_downsizer.gen_simple_downsizer.axi_downsizer_inst/USE_READ.read_addr_inst/cmd_queue/inst/fifo_gen_inst/inst_fifo_gen/gconvfifo.rf/grf.rf/gntv_or_sync_fifo.gl0.wr/wpntr/gcc0.gc0.count_d1_reg[3]/Q
                         net (fo=50, routed)          0.134     0.865    user_35t_i/axi_interconnect_0/m00_couplers/auto_ds/inst/gen_downsizer.gen_simple_downsizer.axi_downsizer_inst/USE_READ.read_addr_inst/cmd_queue/inst/fifo_gen_inst/inst_fifo_gen/gconvfifo.rf/grf.rf/gntv_or_sync_fifo.mem/gdm.dm_gen.dm/RAM_reg_0_31_18_23/ADDRD3
    SLICE_X2Y87          RAMD32                                       r  user_35t_i/axi_interconnect_0/m00_couplers/auto_ds/inst/gen_downsizer.gen_simple_downsizer.axi_downsizer_inst/USE_READ.read_addr_inst/cmd_queue/inst/fifo_gen_inst/inst_fifo_gen/gconvfifo.rf/grf.rf/gntv_or_sync_fifo.mem/gdm.dm_gen.dm/RAM_reg_0_31_18_23/RAMB_D1/WADR3
  -------------------------------------------------------------------    -------------------

                         (clock clk_out1_user_35t_clk_wiz_0_0 rise edge)
                                                      0.000     0.000 r  
    BUFGCTRL_X0Y4        BUFG                         0.000     0.000 r  sys_clock_IBUF_BUFG_inst/O
                         net (fo=38, routed)          0.817     0.817    user_35t_i/clk_wiz_0/inst/clk_in1
    MMCME2_ADV_X1Y0      MMCME2_ADV (Prop_mmcme2_adv_CLKIN1_CLKOUT0)
                                                     -1.375    -0.559 r  user_35t_i/clk_wiz_0/inst/mmcm_adv_inst/CLKOUT0
                         net (fo=1, routed)           0.530    -0.029    user_35t_i/clk_wiz_0/inst/clk_out1_user_35t_clk_wiz_0_0
    BUFGCTRL_X0Y0        BUFG (Prop_bufg_I_O)         0.029     0.000 r  user_35t_i/clk_wiz_0/inst/clkout1_buf/O
                         net (fo=26831, routed)       0.859     0.859    user_35t_i/axi_interconnect_0/m00_couplers/auto_ds/inst/gen_downsizer.gen_simple_downsizer.axi_downsizer_inst/USE_READ.read_addr_inst/cmd_queue/inst/fifo_gen_inst/inst_fifo_gen/gconvfifo.rf/grf.rf/gntv_or_sync_fifo.mem/gdm.dm_gen.dm/RAM_reg_0_31_18_23/WCLK
    SLICE_X2Y87          RAMD32                                       r  user_35t_i/axi_interconnect_0/m00_couplers/auto_ds/inst/gen_downsizer.gen_simple_downsizer.axi_downsizer_inst/USE_READ.read_addr_inst/cmd_queue/inst/fifo_gen_inst/inst_fifo_gen/gconvfifo.rf/grf.rf/gntv_or_sync_fifo.mem/gdm.dm_gen.dm/RAM_reg_0_31_18_23/RAMB_D1/CLK
                         clock pessimism             -0.257     0.603    
    SLICE_X2Y87          RAMD32 (Hold_ramd32_CLK_WADR3)
                                                      0.240     0.843    user_35t_i/axi_interconnect_0/m00_couplers/auto_ds/inst/gen_downsizer.gen_simple_downsizer.axi_downsizer_inst/USE_READ.read_addr_inst/cmd_queue/inst/fifo_gen_inst/inst_fifo_gen/gconvfifo.rf/grf.rf/gntv_or_sync_fifo.mem/gdm.dm_gen.dm/RAM_reg_0_31_18_23/RAMB_D1
  -------------------------------------------------------------------
                         required time                         -0.843    
                         arrival time                           0.865    
  -------------------------------------------------------------------
                         slack                                  0.022    

Slack (MET) :             0.022ns  (arrival time - required time)
  Source:                 user_35t_i/axi_interconnect_0/m00_couplers/auto_ds/inst/gen_downsizer.gen_simple_downsizer.axi_downsizer_inst/USE_READ.read_addr_inst/cmd_queue/inst/fifo_gen_inst/inst_fifo_gen/gconvfifo.rf/grf.rf/gntv_or_sync_fifo.gl0.wr/wpntr/gcc0.gc0.count_d1_reg[3]/C
                            (rising edge-triggered cell FDCE clocked by clk_out1_user_35t_clk_wiz_0_0  {rise@0.000ns fall@5.000ns period=10.000ns})
  Destination:            user_35t_i/axi_interconnect_0/m00_couplers/auto_ds/inst/gen_downsizer.gen_simple_downsizer.axi_downsizer_inst/USE_READ.read_addr_inst/cmd_queue/inst/fifo_gen_inst/inst_fifo_gen/gconvfifo.rf/grf.rf/gntv_or_sync_fifo.mem/gdm.dm_gen.dm/RAM_reg_0_31_18_23/RAMC/WADR3
                            (rising edge-triggered cell RAMD32 clocked by clk_out1_user_35t_clk_wiz_0_0  {rise@0.000ns fall@5.000ns period=10.000ns})
  Path Group:             clk_out1_user_35t_clk_wiz_0_0
  Path Type:              Hold (Min at Fast Process Corner)
  Requirement:            0.000ns  (clk_out1_user_35t_clk_wiz_0_0 rise@0.000ns - clk_out1_user_35t_clk_wiz_0_0 rise@0.000ns)
  Data Path Delay:        0.275ns  (logic 0.141ns (51.228%)  route 0.134ns (48.772%))
  Logic Levels:           0  
  Clock Path Skew:        0.013ns (DCD - SCD - CPR)
    Destination Clock Delay (DCD):    0.859ns
    Source Clock Delay      (SCD):    0.590ns
    Clock Pessimism Removal (CPR):    0.257ns

    Location             Delay type                Incr(ns)  Path(ns)    Netlist Resource(s)
  -------------------------------------------------------------------    -------------------
                         (clock clk_out1_user_35t_clk_wiz_0_0 rise edge)
                                                      0.000     0.000 r  
    BUFGCTRL_X0Y4        BUFG                         0.000     0.000 r  sys_clock_IBUF_BUFG_inst/O
                         net (fo=38, routed)          0.549     0.549    user_35t_i/clk_wiz_0/inst/clk_in1
    MMCME2_ADV_X1Y0      MMCME2_ADV (Prop_mmcme2_adv_CLKIN1_CLKOUT0)
                                                     -1.061    -0.512 r  user_35t_i/clk_wiz_0/inst/mmcm_adv_inst/CLKOUT0
                         net (fo=1, routed)           0.486    -0.026    user_35t_i/clk_wiz_0/inst/clk_out1_user_35t_clk_wiz_0_0
    BUFGCTRL_X0Y0        BUFG (Prop_bufg_I_O)         0.026     0.000 r  user_35t_i/clk_wiz_0/inst/clkout1_buf/O
                         net (fo=26831, routed)       0.590     0.590    user_35t_i/axi_interconnect_0/m00_couplers/auto_ds/inst/gen_downsizer.gen_simple_downsizer.axi_downsizer_inst/USE_READ.read_addr_inst/cmd_queue/inst/fifo_gen_inst/inst_fifo_gen/gconvfifo.rf/grf.rf/gntv_or_sync_fifo.gl0.wr/wpntr/clk
    SLICE_X3Y87          FDCE                                         r  user_35t_i/axi_interconnect_0/m00_couplers/auto_ds/inst/gen_downsizer.gen_simple_downsizer.axi_downsizer_inst/USE_READ.read_addr_inst/cmd_queue/inst/fifo_gen_inst/inst_fifo_gen/gconvfifo.rf/grf.rf/gntv_or_sync_fifo.gl0.wr/wpntr/gcc0.gc0.count_d1_reg[3]/C
  -------------------------------------------------------------------    -------------------
    SLICE_X3Y87          FDCE (Prop_fdce_C_Q)         0.141     0.731 r  user_35t_i/axi_interconnect_0/m00_couplers/auto_ds/inst/gen_downsizer.gen_simple_downsizer.axi_downsizer_inst/USE_READ.read_addr_inst/cmd_queue/inst/fifo_gen_inst/inst_fifo_gen/gconvfifo.rf/grf.rf/gntv_or_sync_fifo.gl0.wr/wpntr/gcc0.gc0.count_d1_reg[3]/Q
                         net (fo=50, routed)          0.134     0.865    user_35t_i/axi_interconnect_0/m00_couplers/auto_ds/inst/gen_downsizer.gen_simple_downsizer.axi_downsizer_inst/USE_READ.read_addr_inst/cmd_queue/inst/fifo_gen_inst/inst_fifo_gen/gconvfifo.rf/grf.rf/gntv_or_sync_fifo.mem/gdm.dm_gen.dm/RAM_reg_0_31_18_23/ADDRD3
    SLICE_X2Y87          RAMD32                                       r  user_35t_i/axi_interconnect_0/m00_couplers/auto_ds/inst/gen_downsizer.gen_simple_downsizer.axi_downsizer_inst/USE_READ.read_addr_inst/cmd_queue/inst/fifo_gen_inst/inst_fifo_gen/gconvfifo.rf/grf.rf/gntv_or_sync_fifo.mem/gdm.dm_gen.dm/RAM_reg_0_31_18_23/RAMC/WADR3
  -------------------------------------------------------------------    -------------------

                         (clock clk_out1_user_35t_clk_wiz_0_0 rise edge)
                                                      0.000     0.000 r  
    BUFGCTRL_X0Y4        BUFG                         0.000     0.000 r  sys_clock_IBUF_BUFG_inst/O
                         net (fo=38, routed)          0.817     0.817    user_35t_i/clk_wiz_0/inst/clk_in1
    MMCME2_ADV_X1Y0      MMCME2_ADV (Prop_mmcme2_adv_CLKIN1_CLKOUT0)
                                                     -1.375    -0.559 r  user_35t_i/clk_wiz_0/inst/mmcm_adv_inst/CLKOUT0
                         net (fo=1, routed)           0.530    -0.029    user_35t_i/clk_wiz_0/inst/clk_out1_user_35t_clk_wiz_0_0
    BUFGCTRL_X0Y0        BUFG (Prop_bufg_I_O)         0.029     0.000 r  user_35t_i/clk_wiz_0/inst/clkout1_buf/O
                         net (fo=26831, routed)       0.859     0.859    user_35t_i/axi_interconnect_0/m00_couplers/auto_ds/inst/gen_downsizer.gen_simple_downsizer.axi_downsizer_inst/USE_READ.read_addr_inst/cmd_queue/inst/fifo_gen_inst/inst_fifo_gen/gconvfifo.rf/grf.rf/gntv_or_sync_fifo.mem/gdm.dm_gen.dm/RAM_reg_0_31_18_23/WCLK
    SLICE_X2Y87          RAMD32                                       r  user_35t_i/axi_interconnect_0/m00_couplers/auto_ds/inst/gen_downsizer.gen_simple_downsizer.axi_downsizer_inst/USE_READ.read_addr_inst/cmd_queue/inst/fifo_gen_inst/inst_fifo_gen/gconvfifo.rf/grf.rf/gntv_or_sync_fifo.mem/gdm.dm_gen.dm/RAM_reg_0_31_18_23/RAMC/CLK
                         clock pessimism             -0.257     0.603    
    SLICE_X2Y87          RAMD32 (Hold_ramd32_CLK_WADR3)
                                                      0.240     0.843    user_35t_i/axi_interconnect_0/m00_couplers/auto_ds/inst/gen_downsizer.gen_simple_downsizer.axi_downsizer_inst/USE_READ.read_addr_inst/cmd_queue/inst/fifo_gen_inst/inst_fifo_gen/gconvfifo.rf/grf.rf/gntv_or_sync_fifo.mem/gdm.dm_gen.dm/RAM_reg_0_31_18_23/RAMC
  -------------------------------------------------------------------
                         required time                         -0.843    
                         arrival time                           0.865    
  -------------------------------------------------------------------
                         slack                                  0.022    

Slack (MET) :             0.022ns  (arrival time - required time)
  Source:                 user_35t_i/axi_interconnect_0/m00_couplers/auto_ds/inst/gen_downsizer.gen_simple_downsizer.axi_downsizer_inst/USE_READ.read_addr_inst/cmd_queue/inst/fifo_gen_inst/inst_fifo_gen/gconvfifo.rf/grf.rf/gntv_or_sync_fifo.gl0.wr/wpntr/gcc0.gc0.count_d1_reg[3]/C
                            (rising edge-triggered cell FDCE clocked by clk_out1_user_35t_clk_wiz_0_0  {rise@0.000ns fall@5.000ns period=10.000ns})
  Destination:            user_35t_i/axi_interconnect_0/m00_couplers/auto_ds/inst/gen_downsizer.gen_simple_downsizer.axi_downsizer_inst/USE_READ.read_addr_inst/cmd_queue/inst/fifo_gen_inst/inst_fifo_gen/gconvfifo.rf/grf.rf/gntv_or_sync_fifo.mem/gdm.dm_gen.dm/RAM_reg_0_31_18_23/RAMC_D1/WADR3
                            (rising edge-triggered cell RAMD32 clocked by clk_out1_user_35t_clk_wiz_0_0  {rise@0.000ns fall@5.000ns period=10.000ns})
  Path Group:             clk_out1_user_35t_clk_wiz_0_0
  Path Type:              Hold (Min at Fast Process Corner)
  Requirement:            0.000ns  (clk_out1_user_35t_clk_wiz_0_0 rise@0.000ns - clk_out1_user_35t_clk_wiz_0_0 rise@0.000ns)
  Data Path Delay:        0.275ns  (logic 0.141ns (51.228%)  route 0.134ns (48.772%))
  Logic Levels:           0  
  Clock Path Skew:        0.013ns (DCD - SCD - CPR)
    Destination Clock Delay (DCD):    0.859ns
    Source Clock Delay      (SCD):    0.590ns
    Clock Pessimism Removal (CPR):    0.257ns

    Location             Delay type                Incr(ns)  Path(ns)    Netlist Resource(s)
  -------------------------------------------------------------------    -------------------
                         (clock clk_out1_user_35t_clk_wiz_0_0 rise edge)
                                                      0.000     0.000 r  
    BUFGCTRL_X0Y4        BUFG                         0.000     0.000 r  sys_clock_IBUF_BUFG_inst/O
                         net (fo=38, routed)          0.549     0.549    user_35t_i/clk_wiz_0/inst/clk_in1
    MMCME2_ADV_X1Y0      MMCME2_ADV (Prop_mmcme2_adv_CLKIN1_CLKOUT0)
                                                     -1.061    -0.512 r  user_35t_i/clk_wiz_0/inst/mmcm_adv_inst/CLKOUT0
                         net (fo=1, routed)           0.486    -0.026    user_35t_i/clk_wiz_0/inst/clk_out1_user_35t_clk_wiz_0_0
    BUFGCTRL_X0Y0        BUFG (Prop_bufg_I_O)         0.026     0.000 r  user_35t_i/clk_wiz_0/inst/clkout1_buf/O
                         net (fo=26831, routed)       0.590     0.590    user_35t_i/axi_interconnect_0/m00_couplers/auto_ds/inst/gen_downsizer.gen_simple_downsizer.axi_downsizer_inst/USE_READ.read_addr_inst/cmd_queue/inst/fifo_gen_inst/inst_fifo_gen/gconvfifo.rf/grf.rf/gntv_or_sync_fifo.gl0.wr/wpntr/clk
    SLICE_X3Y87          FDCE                                         r  user_35t_i/axi_interconnect_0/m00_couplers/auto_ds/inst/gen_downsizer.gen_simple_downsizer.axi_downsizer_inst/USE_READ.read_addr_inst/cmd_queue/inst/fifo_gen_inst/inst_fifo_gen/gconvfifo.rf/grf.rf/gntv_or_sync_fifo.gl0.wr/wpntr/gcc0.gc0.count_d1_reg[3]/C
  -------------------------------------------------------------------    -------------------
    SLICE_X3Y87          FDCE (Prop_fdce_C_Q)         0.141     0.731 r  user_35t_i/axi_interconnect_0/m00_couplers/auto_ds/inst/gen_downsizer.gen_simple_downsizer.axi_downsizer_inst/USE_READ.read_addr_inst/cmd_queue/inst/fifo_gen_inst/inst_fifo_gen/gconvfifo.rf/grf.rf/gntv_or_sync_fifo.gl0.wr/wpntr/gcc0.gc0.count_d1_reg[3]/Q
                         net (fo=50, routed)          0.134     0.865    user_35t_i/axi_interconnect_0/m00_couplers/auto_ds/inst/gen_downsizer.gen_simple_downsizer.axi_downsizer_inst/USE_READ.read_addr_inst/cmd_queue/inst/fifo_gen_inst/inst_fifo_gen/gconvfifo.rf/grf.rf/gntv_or_sync_fifo.mem/gdm.dm_gen.dm/RAM_reg_0_31_18_23/ADDRD3
    SLICE_X2Y87          RAMD32                                       r  user_35t_i/axi_interconnect_0/m00_couplers/auto_ds/inst/gen_downsizer.gen_simple_downsizer.axi_downsizer_inst/USE_READ.read_addr_inst/cmd_queue/inst/fifo_gen_inst/inst_fifo_gen/gconvfifo.rf/grf.rf/gntv_or_sync_fifo.mem/gdm.dm_gen.dm/RAM_reg_0_31_18_23/RAMC_D1/WADR3
  -------------------------------------------------------------------    -------------------

                         (clock clk_out1_user_35t_clk_wiz_0_0 rise edge)
                                                      0.000     0.000 r  
    BUFGCTRL_X0Y4        BUFG                         0.000     0.000 r  sys_clock_IBUF_BUFG_inst/O
                         net (fo=38, routed)          0.817     0.817    user_35t_i/clk_wiz_0/inst/clk_in1
    MMCME2_ADV_X1Y0      MMCME2_ADV (Prop_mmcme2_adv_CLKIN1_CLKOUT0)
                                                     -1.375    -0.559 r  user_35t_i/clk_wiz_0/inst/mmcm_adv_inst/CLKOUT0
                         net (fo=1, routed)           0.530    -0.029    user_35t_i/clk_wiz_0/inst/clk_out1_user_35t_clk_wiz_0_0
    BUFGCTRL_X0Y0        BUFG (Prop_bufg_I_O)         0.029     0.000 r  user_35t_i/clk_wiz_0/inst/clkout1_buf/O
                         net (fo=26831, routed)       0.859     0.859    user_35t_i/axi_interconnect_0/m00_couplers/auto_ds/inst/gen_downsizer.gen_simple_downsizer.axi_downsizer_inst/USE_READ.read_addr_inst/cmd_queue/inst/fifo_gen_inst/inst_fifo_gen/gconvfifo.rf/grf.rf/gntv_or_sync_fifo.mem/gdm.dm_gen.dm/RAM_reg_0_31_18_23/WCLK
    SLICE_X2Y87          RAMD32                                       r  user_35t_i/axi_interconnect_0/m00_couplers/auto_ds/inst/gen_downsizer.gen_simple_downsizer.axi_downsizer_inst/USE_READ.read_addr_inst/cmd_queue/inst/fifo_gen_inst/inst_fifo_gen/gconvfifo.rf/grf.rf/gntv_or_sync_fifo.mem/gdm.dm_gen.dm/RAM_reg_0_31_18_23/RAMC_D1/CLK
                         clock pessimism             -0.257     0.603    
    SLICE_X2Y87          RAMD32 (Hold_ramd32_CLK_WADR3)
                                                      0.240     0.843    user_35t_i/axi_interconnect_0/m00_couplers/auto_ds/inst/gen_downsizer.gen_simple_downsizer.axi_downsizer_inst/USE_READ.read_addr_inst/cmd_queue/inst/fifo_gen_inst/inst_fifo_gen/gconvfifo.rf/grf.rf/gntv_or_sync_fifo.mem/gdm.dm_gen.dm/RAM_reg_0_31_18_23/RAMC_D1
  -------------------------------------------------------------------
                         required time                         -0.843    
                         arrival time                           0.865    
  -------------------------------------------------------------------
                         slack                                  0.022    

Slack (MET) :             0.022ns  (arrival time - required time)
  Source:                 user_35t_i/axi_interconnect_0/m00_couplers/auto_ds/inst/gen_downsizer.gen_simple_downsizer.axi_downsizer_inst/USE_READ.read_addr_inst/cmd_queue/inst/fifo_gen_inst/inst_fifo_gen/gconvfifo.rf/grf.rf/gntv_or_sync_fifo.gl0.wr/wpntr/gcc0.gc0.count_d1_reg[3]/C
                            (rising edge-triggered cell FDCE clocked by clk_out1_user_35t_clk_wiz_0_0  {rise@0.000ns fall@5.000ns period=10.000ns})
  Destination:            user_35t_i/axi_interconnect_0/m00_couplers/auto_ds/inst/gen_downsizer.gen_simple_downsizer.axi_downsizer_inst/USE_READ.read_addr_inst/cmd_queue/inst/fifo_gen_inst/inst_fifo_gen/gconvfifo.rf/grf.rf/gntv_or_sync_fifo.mem/gdm.dm_gen.dm/RAM_reg_0_31_18_23/RAMD/ADR3
                            (rising edge-triggered cell RAMS32 clocked by clk_out1_user_35t_clk_wiz_0_0  {rise@0.000ns fall@5.000ns period=10.000ns})
  Path Group:             clk_out1_user_35t_clk_wiz_0_0
  Path Type:              Hold (Min at Fast Process Corner)
  Requirement:            0.000ns  (clk_out1_user_35t_clk_wiz_0_0 rise@0.000ns - clk_out1_user_35t_clk_wiz_0_0 rise@0.000ns)
  Data Path Delay:        0.275ns  (logic 0.141ns (51.228%)  route 0.134ns (48.772%))
  Logic Levels:           0  
  Clock Path Skew:        0.013ns (DCD - SCD - CPR)
    Destination Clock Delay (DCD):    0.859ns
    Source Clock Delay      (SCD):    0.590ns
    Clock Pessimism Removal (CPR):    0.257ns

    Location             Delay type                Incr(ns)  Path(ns)    Netlist Resource(s)
  -------------------------------------------------------------------    -------------------
                         (clock clk_out1_user_35t_clk_wiz_0_0 rise edge)
                                                      0.000     0.000 r  
    BUFGCTRL_X0Y4        BUFG                         0.000     0.000 r  sys_clock_IBUF_BUFG_inst/O
                         net (fo=38, routed)          0.549     0.549    user_35t_i/clk_wiz_0/inst/clk_in1
    MMCME2_ADV_X1Y0      MMCME2_ADV (Prop_mmcme2_adv_CLKIN1_CLKOUT0)
                                                     -1.061    -0.512 r  user_35t_i/clk_wiz_0/inst/mmcm_adv_inst/CLKOUT0
                         net (fo=1, routed)           0.486    -0.026    user_35t_i/clk_wiz_0/inst/clk_out1_user_35t_clk_wiz_0_0
    BUFGCTRL_X0Y0        BUFG (Prop_bufg_I_O)         0.026     0.000 r  user_35t_i/clk_wiz_0/inst/clkout1_buf/O
                         net (fo=26831, routed)       0.590     0.590    user_35t_i/axi_interconnect_0/m00_couplers/auto_ds/inst/gen_downsizer.gen_simple_downsizer.axi_downsizer_inst/USE_READ.read_addr_inst/cmd_queue/inst/fifo_gen_inst/inst_fifo_gen/gconvfifo.rf/grf.rf/gntv_or_sync_fifo.gl0.wr/wpntr/clk
    SLICE_X3Y87          FDCE                                         r  user_35t_i/axi_interconnect_0/m00_couplers/auto_ds/inst/gen_downsizer.gen_simple_downsizer.axi_downsizer_inst/USE_READ.read_addr_inst/cmd_queue/inst/fifo_gen_inst/inst_fifo_gen/gconvfifo.rf/grf.rf/gntv_or_sync_fifo.gl0.wr/wpntr/gcc0.gc0.count_d1_reg[3]/C
  -------------------------------------------------------------------    -------------------
    SLICE_X3Y87          FDCE (Prop_fdce_C_Q)         0.141     0.731 r  user_35t_i/axi_interconnect_0/m00_couplers/auto_ds/inst/gen_downsizer.gen_simple_downsizer.axi_downsizer_inst/USE_READ.read_addr_inst/cmd_queue/inst/fifo_gen_inst/inst_fifo_gen/gconvfifo.rf/grf.rf/gntv_or_sync_fifo.gl0.wr/wpntr/gcc0.gc0.count_d1_reg[3]/Q
                         net (fo=50, routed)          0.134     0.865    user_35t_i/axi_interconnect_0/m00_couplers/auto_ds/inst/gen_downsizer.gen_simple_downsizer.axi_downsizer_inst/USE_READ.read_addr_inst/cmd_queue/inst/fifo_gen_inst/inst_fifo_gen/gconvfifo.rf/grf.rf/gntv_or_sync_fifo.mem/gdm.dm_gen.dm/RAM_reg_0_31_18_23/ADDRD3
    SLICE_X2Y87          RAMS32                                       r  user_35t_i/axi_interconnect_0/m00_couplers/auto_ds/inst/gen_downsizer.gen_simple_downsizer.axi_downsizer_inst/USE_READ.read_addr_inst/cmd_queue/inst/fifo_gen_inst/inst_fifo_gen/gconvfifo.rf/grf.rf/gntv_or_sync_fifo.mem/gdm.dm_gen.dm/RAM_reg_0_31_18_23/RAMD/ADR3
  -------------------------------------------------------------------    -------------------

                         (clock clk_out1_user_35t_clk_wiz_0_0 rise edge)
                                                      0.000     0.000 r  
    BUFGCTRL_X0Y4        BUFG                         0.000     0.000 r  sys_clock_IBUF_BUFG_inst/O
                         net (fo=38, routed)          0.817     0.817    user_35t_i/clk_wiz_0/inst/clk_in1
    MMCME2_ADV_X1Y0      MMCME2_ADV (Prop_mmcme2_adv_CLKIN1_CLKOUT0)
                                                     -1.375    -0.559 r  user_35t_i/clk_wiz_0/inst/mmcm_adv_inst/CLKOUT0
                         net (fo=1, routed)           0.530    -0.029    user_35t_i/clk_wiz_0/inst/clk_out1_user_35t_clk_wiz_0_0
    BUFGCTRL_X0Y0        BUFG (Prop_bufg_I_O)         0.029     0.000 r  user_35t_i/clk_wiz_0/inst/clkout1_buf/O
                         net (fo=26831, routed)       0.859     0.859    user_35t_i/axi_interconnect_0/m00_couplers/auto_ds/inst/gen_downsizer.gen_simple_downsizer.axi_downsizer_inst/USE_READ.read_addr_inst/cmd_queue/inst/fifo_gen_inst/inst_fifo_gen/gconvfifo.rf/grf.rf/gntv_or_sync_fifo.mem/gdm.dm_gen.dm/RAM_reg_0_31_18_23/WCLK
    SLICE_X2Y87          RAMS32                                       r  user_35t_i/axi_interconnect_0/m00_couplers/auto_ds/inst/gen_downsizer.gen_simple_downsizer.axi_downsizer_inst/USE_READ.read_addr_inst/cmd_queue/inst/fifo_gen_inst/inst_fifo_gen/gconvfifo.rf/grf.rf/gntv_or_sync_fifo.mem/gdm.dm_gen.dm/RAM_reg_0_31_18_23/RAMD/CLK
                         clock pessimism             -0.257     0.603    
    SLICE_X2Y87          RAMS32 (Hold_rams32_CLK_ADR3)
                                                      0.240     0.843    user_35t_i/axi_interconnect_0/m00_couplers/auto_ds/inst/gen_downsizer.gen_simple_downsizer.axi_downsizer_inst/USE_READ.read_addr_inst/cmd_queue/inst/fifo_gen_inst/inst_fifo_gen/gconvfifo.rf/grf.rf/gntv_or_sync_fifo.mem/gdm.dm_gen.dm/RAM_reg_0_31_18_23/RAMD
  -------------------------------------------------------------------
                         required time                         -0.843    
                         arrival time                           0.865    
  -------------------------------------------------------------------
                         slack                                  0.022    





Pulse Width Checks
--------------------------------------------------------------------------------------
Clock Name:         clk_out1_user_35t_clk_wiz_0_0
Waveform(ns):       { 0.000 5.000 }
Period(ns):         10.000
Sources:            { user_35t_i/clk_wiz_0/inst/mmcm_adv_inst/CLKOUT0 }

Check Type        Corner  Lib Pin             Reference Pin  Required(ns)  Actual(ns)  Slack(ns)  Location         Pin
Min Period        n/a     XADC/DCLK           n/a            4.000         10.000      6.000      XADC_X0Y0        user_35t_i/xadc_wiz_0/inst/AXI_XADC_CORE_I/XADC_INST/DCLK
Min Period        n/a     RAMB36E1/CLKARDCLK  n/a            2.944         10.000      7.056      RAMB36_X2Y9      <hidden>
Min Period        n/a     RAMB36E1/CLKBWRCLK  n/a            2.944         10.000      7.056      RAMB36_X2Y9      <hidden>
Min Period        n/a     RAMB36E1/CLKARDCLK  n/a            2.944         10.000      7.056      RAMB36_X2Y10     <hidden>
Min Period        n/a     RAMB36E1/CLKBWRCLK  n/a            2.944         10.000      7.056      RAMB36_X2Y10     <hidden>
Min Period        n/a     RAMB36E1/CLKARDCLK  n/a            2.944         10.000      7.056      RAMB36_X1Y9      <hidden>
Min Period        n/a     RAMB36E1/CLKBWRCLK  n/a            2.944         10.000      7.056      RAMB36_X1Y9      <hidden>
Min Period        n/a     RAMB36E1/CLKARDCLK  n/a            2.944         10.000      7.056      RAMB36_X1Y2      <hidden>
Min Period        n/a     RAMB36E1/CLKBWRCLK  n/a            2.944         10.000      7.056      RAMB36_X1Y2      <hidden>
Min Period        n/a     RAMB36E1/CLKARDCLK  n/a            2.944         10.000      7.056      RAMB36_X0Y2      <hidden>
Max Period        n/a     MMCME2_ADV/CLKOUT0  n/a            213.360       10.000      203.360    MMCME2_ADV_X1Y0  user_35t_i/clk_wiz_0/inst/mmcm_adv_inst/CLKOUT0
Low Pulse Width   Fast    RAMD32/CLK          n/a            1.250         5.000       3.750      SLICE_X42Y23     dbg_hub/inst/BSCANID.u_xsdbm_id/CORE_XSDB.UUT_MASTER/U_ICON_INTERFACE/U_CMD6_RD/U_RD_FIFO/SUBCORE_FIFO.xsdbm_v3_0_0_rdfifo_inst/inst_fifo_gen/gconvfifo.rf/grf.rf/gntv_or_sync_fifo.mem/gdm.dm_gen.dm/RAM_reg_0_15_12_15/RAMA/CLK
Low Pulse Width   Fast    RAMD32/CLK          n/a            1.250         5.000       3.750      SLICE_X42Y23     dbg_hub/inst/BSCANID.u_xsdbm_id/CORE_XSDB.UUT_MASTER/U_ICON_INTERFACE/U_CMD6_RD/U_RD_FIFO/SUBCORE_FIFO.xsdbm_v3_0_0_rdfifo_inst/inst_fifo_gen/gconvfifo.rf/grf.rf/gntv_or_sync_fifo.mem/gdm.dm_gen.dm/RAM_reg_0_15_12_15/RAMA_D1/CLK
Low Pulse Width   Fast    RAMD32/CLK          n/a            1.250         5.000       3.750      SLICE_X42Y23     dbg_hub/inst/BSCANID.u_xsdbm_id/CORE_XSDB.UUT_MASTER/U_ICON_INTERFACE/U_CMD6_RD/U_RD_FIFO/SUBCORE_FIFO.xsdbm_v3_0_0_rdfifo_inst/inst_fifo_gen/gconvfifo.rf/grf.rf/gntv_or_sync_fifo.mem/gdm.dm_gen.dm/RAM_reg_0_15_12_15/RAMB/CLK
Low Pulse Width   Fast    RAMD32/CLK          n/a            1.250         5.000       3.750      SLICE_X42Y23     dbg_hub/inst/BSCANID.u_xsdbm_id/CORE_XSDB.UUT_MASTER/U_ICON_INTERFACE/U_CMD6_RD/U_RD_FIFO/SUBCORE_FIFO.xsdbm_v3_0_0_rdfifo_inst/inst_fifo_gen/gconvfifo.rf/grf.rf/gntv_or_sync_fifo.mem/gdm.dm_gen.dm/RAM_reg_0_15_12_15/RAMB_D1/CLK
Low Pulse Width   Fast    RAMD32/CLK          n/a            1.250         5.000       3.750      SLICE_X42Y23     dbg_hub/inst/BSCANID.u_xsdbm_id/CORE_XSDB.UUT_MASTER/U_ICON_INTERFACE/U_CMD6_RD/U_RD_FIFO/SUBCORE_FIFO.xsdbm_v3_0_0_rdfifo_inst/inst_fifo_gen/gconvfifo.rf/grf.rf/gntv_or_sync_fifo.mem/gdm.dm_gen.dm/RAM_reg_0_15_12_15/RAMC/CLK
Low Pulse Width   Fast    RAMD32/CLK          n/a            1.250         5.000       3.750      SLICE_X42Y23     dbg_hub/inst/BSCANID.u_xsdbm_id/CORE_XSDB.UUT_MASTER/U_ICON_INTERFACE/U_CMD6_RD/U_RD_FIFO/SUBCORE_FIFO.xsdbm_v3_0_0_rdfifo_inst/inst_fifo_gen/gconvfifo.rf/grf.rf/gntv_or_sync_fifo.mem/gdm.dm_gen.dm/RAM_reg_0_15_12_15/RAMC_D1/CLK
Low Pulse Width   Fast    RAMS32/CLK          n/a            1.250         5.000       3.750      SLICE_X42Y23     dbg_hub/inst/BSCANID.u_xsdbm_id/CORE_XSDB.UUT_MASTER/U_ICON_INTERFACE/U_CMD6_RD/U_RD_FIFO/SUBCORE_FIFO.xsdbm_v3_0_0_rdfifo_inst/inst_fifo_gen/gconvfifo.rf/grf.rf/gntv_or_sync_fifo.mem/gdm.dm_gen.dm/RAM_reg_0_15_12_15/RAMD/CLK
Low Pulse Width   Fast    RAMS32/CLK          n/a            1.250         5.000       3.750      SLICE_X42Y23     dbg_hub/inst/BSCANID.u_xsdbm_id/CORE_XSDB.UUT_MASTER/U_ICON_INTERFACE/U_CMD6_RD/U_RD_FIFO/SUBCORE_FIFO.xsdbm_v3_0_0_rdfifo_inst/inst_fifo_gen/gconvfifo.rf/grf.rf/gntv_or_sync_fifo.mem/gdm.dm_gen.dm/RAM_reg_0_15_12_15/RAMD_D1/CLK
Low Pulse Width   Slow    RAMD32/CLK          n/a            1.250         5.000       3.750      SLICE_X34Y124    user_35t_i/axi_intc_0/U0/INTC_CORE_I/IVAR_FAST_MODE_GEN.IVAR_REG_MEM_AXI_CLK_GEN.IVAR_REG_MEM_I/ram_i[0].ram_reg_0_15_7_7/DP/CLK
Low Pulse Width   Slow    RAMD32/CLK          n/a            1.250         5.000       3.750      SLICE_X34Y124    user_35t_i/axi_intc_0/U0/INTC_CORE_I/IVAR_FAST_MODE_GEN.IVAR_REG_MEM_AXI_CLK_GEN.IVAR_REG_MEM_I/ram_i[0].ram_reg_0_15_7_7/SP/CLK
High Pulse Width  Slow    RAMD32/CLK          n/a            1.250         5.000       3.750      SLICE_X42Y22     dbg_hub/inst/BSCANID.u_xsdbm_id/CORE_XSDB.UUT_MASTER/U_ICON_INTERFACE/U_CMD6_RD/U_RD_FIFO/SUBCORE_FIFO.xsdbm_v3_0_0_rdfifo_inst/inst_fifo_gen/gconvfifo.rf/grf.rf/gntv_or_sync_fifo.mem/gdm.dm_gen.dm/RAM_reg_0_15_0_5/RAMA/CLK
High Pulse Width  Slow    RAMD32/CLK          n/a            1.250         5.000       3.750      SLICE_X14Y137    user_35t_i/microblaze_0/U0/MicroBlaze_Core_I/Performance.Core/Data_Flow_I/Register_File_I/Using_LUT6.All_RAM32M[0].ram32m_i/Using_FPGA.Native/RAMA/CLK
High Pulse Width  Slow    RAMD32/CLK          n/a            1.250         5.000       3.750      SLICE_X14Y137    user_35t_i/microblaze_0/U0/MicroBlaze_Core_I/Performance.Core/Data_Flow_I/Register_File_I/Using_LUT6.All_RAM32M[0].ram32m_i/Using_FPGA.Native/RAMA_D1/CLK
High Pulse Width  Slow    RAMD32/CLK          n/a            1.250         5.000       3.750      SLICE_X14Y137    user_35t_i/microblaze_0/U0/MicroBlaze_Core_I/Performance.Core/Data_Flow_I/Register_File_I/Using_LUT6.All_RAM32M[0].ram32m_i/Using_FPGA.Native/RAMB/CLK
High Pulse Width  Slow    RAMD32/CLK          n/a            1.250         5.000       3.750      SLICE_X14Y137    user_35t_i/microblaze_0/U0/MicroBlaze_Core_I/Performance.Core/Data_Flow_I/Register_File_I/Using_LUT6.All_RAM32M[0].ram32m_i/Using_FPGA.Native/RAMB_D1/CLK
High Pulse Width  Slow    RAMD32/CLK          n/a            1.250         5.000       3.750      SLICE_X42Y22     dbg_hub/inst/BSCANID.u_xsdbm_id/CORE_XSDB.UUT_MASTER/U_ICON_INTERFACE/U_CMD6_RD/U_RD_FIFO/SUBCORE_FIFO.xsdbm_v3_0_0_rdfifo_inst/inst_fifo_gen/gconvfifo.rf/grf.rf/gntv_or_sync_fifo.mem/gdm.dm_gen.dm/RAM_reg_0_15_0_5/RAMA_D1/CLK
High Pulse Width  Slow    RAMD32/CLK          n/a            1.250         5.000       3.750      SLICE_X42Y22     dbg_hub/inst/BSCANID.u_xsdbm_id/CORE_XSDB.UUT_MASTER/U_ICON_INTERFACE/U_CMD6_RD/U_RD_FIFO/SUBCORE_FIFO.xsdbm_v3_0_0_rdfifo_inst/inst_fifo_gen/gconvfifo.rf/grf.rf/gntv_or_sync_fifo.mem/gdm.dm_gen.dm/RAM_reg_0_15_0_5/RAMB/CLK
High Pulse Width  Slow    RAMD32/CLK          n/a            1.250         5.000       3.750      SLICE_X42Y22     dbg_hub/inst/BSCANID.u_xsdbm_id/CORE_XSDB.UUT_MASTER/U_ICON_INTERFACE/U_CMD6_RD/U_RD_FIFO/SUBCORE_FIFO.xsdbm_v3_0_0_rdfifo_inst/inst_fifo_gen/gconvfifo.rf/grf.rf/gntv_or_sync_fifo.mem/gdm.dm_gen.dm/RAM_reg_0_15_0_5/RAMB_D1/CLK
High Pulse Width  Slow    RAMD32/CLK          n/a            1.250         5.000       3.750      SLICE_X42Y22     dbg_hub/inst/BSCANID.u_xsdbm_id/CORE_XSDB.UUT_MASTER/U_ICON_INTERFACE/U_CMD6_RD/U_RD_FIFO/SUBCORE_FIFO.xsdbm_v3_0_0_rdfifo_inst/inst_fifo_gen/gconvfifo.rf/grf.rf/gntv_or_sync_fifo.mem/gdm.dm_gen.dm/RAM_reg_0_15_0_5/RAMC/CLK
High Pulse Width  Slow    RAMD32/CLK          n/a            1.250         5.000       3.750      SLICE_X42Y22     dbg_hub/inst/BSCANID.u_xsdbm_id/CORE_XSDB.UUT_MASTER/U_ICON_INTERFACE/U_CMD6_RD/U_RD_FIFO/SUBCORE_FIFO.xsdbm_v3_0_0_rdfifo_inst/inst_fifo_gen/gconvfifo.rf/grf.rf/gntv_or_sync_fifo.mem/gdm.dm_gen.dm/RAM_reg_0_15_0_5/RAMC_D1/CLK



---------------------------------------------------------------------------------------------------
From Clock:  clkfbout_user_35t_clk_wiz_0_0
  To Clock:  clkfbout_user_35t_clk_wiz_0_0

Setup :           NA  Failing Endpoints,  Worst Slack           NA  ,  Total Violation           NA
Hold  :           NA  Failing Endpoints,  Worst Slack           NA  ,  Total Violation           NA
PW    :            0  Failing Endpoints,  Worst Slack       16.667ns,  Total Violation        0.000ns
---------------------------------------------------------------------------------------------------


Pulse Width Checks
--------------------------------------------------------------------------------------
Clock Name:         clkfbout_user_35t_clk_wiz_0_0
Waveform(ns):       { 0.000 41.667 }
Period(ns):         83.333
Sources:            { user_35t_i/clk_wiz_0/inst/mmcm_adv_inst/CLKFBOUT }

Check Type  Corner  Lib Pin              Reference Pin  Required(ns)  Actual(ns)  Slack(ns)  Location         Pin
Min Period  n/a     BUFG/I               n/a            2.155         83.333      81.178     BUFGCTRL_X0Y5    user_35t_i/clk_wiz_0/inst/clkf_buf/I
Min Period  n/a     MMCME2_ADV/CLKFBOUT  n/a            1.249         83.333      82.084     MMCME2_ADV_X1Y0  user_35t_i/clk_wiz_0/inst/mmcm_adv_inst/CLKFBOUT
Min Period  n/a     MMCME2_ADV/CLKFBIN   n/a            1.249         83.333      82.084     MMCME2_ADV_X1Y0  user_35t_i/clk_wiz_0/inst/mmcm_adv_inst/CLKFBIN
Max Period  n/a     MMCME2_ADV/CLKFBIN   n/a            100.000       83.333      16.667     MMCME2_ADV_X1Y0  user_35t_i/clk_wiz_0/inst/mmcm_adv_inst/CLKFBIN
Max Period  n/a     MMCME2_ADV/CLKFBOUT  n/a            213.360       83.333      130.027    MMCME2_ADV_X1Y0  user_35t_i/clk_wiz_0/inst/mmcm_adv_inst/CLKFBOUT



---------------------------------------------------------------------------------------------------
From Clock:  user_35t_i/mdm_1/U0/Use_E2.BSCAN_I/Use_E2.BSCANE2_I/DRCK
  To Clock:  user_35t_i/mdm_1/U0/Use_E2.BSCAN_I/Use_E2.BSCANE2_I/DRCK

Setup :            0  Failing Endpoints,  Worst Slack       13.489ns,  Total Violation        0.000ns
Hold  :            0  Failing Endpoints,  Worst Slack        0.157ns,  Total Violation        0.000ns
PW    :            0  Failing Endpoints,  Worst Slack       15.686ns,  Total Violation        0.000ns
---------------------------------------------------------------------------------------------------


Max Delay Paths
--------------------------------------------------------------------------------------
Slack (MET) :             13.489ns  (required time - arrival time)
  Source:                 user_35t_i/mdm_1/U0/MDM_Core_I1/JTAG_CONTROL_I/Use_BSCAN.SYNC_FDRE/Using_FPGA.Native/C
                            (falling edge-triggered cell FDRE clocked by user_35t_i/mdm_1/U0/Use_E2.BSCAN_I/Use_E2.BSCANE2_I/DRCK  {rise@0.000ns fall@16.667ns period=33.333ns})
  Destination:            user_35t_i/microblaze_0/U0/MicroBlaze_Core_I/Performance.Core/Use_Debug_Logic.Master_Core.Debug_Perf/Serial_Dbg_Intf.shift_count_reg[5]/D
                            (rising edge-triggered cell FDRE clocked by user_35t_i/mdm_1/U0/Use_E2.BSCAN_I/Use_E2.BSCANE2_I/DRCK  {rise@0.000ns fall@16.667ns period=33.333ns})
  Path Group:             user_35t_i/mdm_1/U0/Use_E2.BSCAN_I/Use_E2.BSCANE2_I/DRCK
  Path Type:              Setup (Max at Slow Process Corner)
  Requirement:            16.667ns  (user_35t_i/mdm_1/U0/Use_E2.BSCAN_I/Use_E2.BSCANE2_I/DRCK rise@33.333ns - user_35t_i/mdm_1/U0/Use_E2.BSCAN_I/Use_E2.BSCANE2_I/DRCK fall@16.667ns)
  Data Path Delay:        3.131ns  (logic 0.707ns (22.582%)  route 2.424ns (77.418%))
  Logic Levels:           2  (LUT6=2)
  Clock Path Skew:        -0.040ns (DCD - SCD + CPR)
    Destination Clock Delay (DCD):    3.342ns = ( 36.675 - 33.333 ) 
    Source Clock Delay      (SCD):    3.745ns = ( 20.412 - 16.667 ) 
    Clock Pessimism Removal (CPR):    0.363ns
  Clock Uncertainty:      0.035ns  ((TSJ^2 + TIJ^2)^1/2 + DJ) / 2 + PE
    Total System Jitter     (TSJ):    0.071ns
    Total Input Jitter      (TIJ):    0.000ns
    Discrete Jitter          (DJ):    0.000ns
    Phase Error              (PE):    0.000ns

    Location             Delay type                Incr(ns)  Path(ns)    Netlist Resource(s)
  -------------------------------------------------------------------    -------------------
                         (clock user_35t_i/mdm_1/U0/Use_E2.BSCAN_I/Use_E2.BSCANE2_I/DRCK fall edge)
                                                     16.667    16.667 f  
    BSCAN_X0Y1           BSCANE2                      0.000    16.667 f  user_35t_i/mdm_1/U0/Use_E2.BSCAN_I/Use_E2.BSCANE2_I/DRCK
                         net (fo=1, routed)           1.912    18.578    user_35t_i/mdm_1/U0/No_Dbg_Reg_Access.BUFG_DRCK/DRCK
    BUFGCTRL_X0Y2        BUFG (Prop_bufg_I_O)         0.096    18.674 f  user_35t_i/mdm_1/U0/No_Dbg_Reg_Access.BUFG_DRCK/Using_FPGA.Native/O
                         net (fo=247, routed)         1.737    20.412    user_35t_i/mdm_1/U0/MDM_Core_I1/JTAG_CONTROL_I/Use_BSCAN.SYNC_FDRE/Using_FPGA.Native_0
    SLICE_X31Y147        FDRE                                         r  user_35t_i/mdm_1/U0/MDM_Core_I1/JTAG_CONTROL_I/Use_BSCAN.SYNC_FDRE/Using_FPGA.Native/C  (IS_INVERTED)
  -------------------------------------------------------------------    -------------------
    SLICE_X31Y147        FDRE (Prop_fdre_C_Q)         0.459    20.871 r  user_35t_i/mdm_1/U0/MDM_Core_I1/JTAG_CONTROL_I/Use_BSCAN.SYNC_FDRE/Using_FPGA.Native/Q
                         net (fo=4, routed)           1.005    21.876    user_35t_i/mdm_1/U0/MDM_Core_I1/JTAG_CONTROL_I/Use_BSCAN.SYNC_FDRE/sync
    SLICE_X29Y145        LUT6 (Prop_lut6_I0_O)        0.124    22.000 r  user_35t_i/mdm_1/U0/MDM_Core_I1/JTAG_CONTROL_I/Use_BSCAN.SYNC_FDRE/Dbg_Shift_0_INST_0/O
                         net (fo=8, routed)           1.418    23.419    user_35t_i/microblaze_0/U0/MicroBlaze_Core_I/Performance.Core/Use_Debug_Logic.Master_Core.Debug_Perf/Dbg_Shift
    SLICE_X29Y141        LUT6 (Prop_lut6_I4_O)        0.124    23.543 r  user_35t_i/microblaze_0/U0/MicroBlaze_Core_I/Performance.Core/Use_Debug_Logic.Master_Core.Debug_Perf/Serial_Dbg_Intf.shift_count[5]_i_1/O
                         net (fo=1, routed)           0.000    23.543    user_35t_i/microblaze_0/U0/MicroBlaze_Core_I/Performance.Core/Use_Debug_Logic.Master_Core.Debug_Perf/p_0_in[5]
    SLICE_X29Y141        FDRE                                         r  user_35t_i/microblaze_0/U0/MicroBlaze_Core_I/Performance.Core/Use_Debug_Logic.Master_Core.Debug_Perf/Serial_Dbg_Intf.shift_count_reg[5]/D
  -------------------------------------------------------------------    -------------------

                         (clock user_35t_i/mdm_1/U0/Use_E2.BSCAN_I/Use_E2.BSCANE2_I/DRCK rise edge)
                                                     33.333    33.333 r  
    BSCAN_X0Y1           BSCANE2                      0.000    33.333 r  user_35t_i/mdm_1/U0/Use_E2.BSCAN_I/Use_E2.BSCANE2_I/DRCK
                         net (fo=1, routed)           1.641    34.974    user_35t_i/mdm_1/U0/No_Dbg_Reg_Access.BUFG_DRCK/DRCK
    BUFGCTRL_X0Y2        BUFG (Prop_bufg_I_O)         0.091    35.065 r  user_35t_i/mdm_1/U0/No_Dbg_Reg_Access.BUFG_DRCK/Using_FPGA.Native/O
                         net (fo=247, routed)         1.610    36.675    user_35t_i/microblaze_0/U0/MicroBlaze_Core_I/Performance.Core/Use_Debug_Logic.Master_Core.Debug_Perf/Dbg_Clk
    SLICE_X29Y141        FDRE                                         r  user_35t_i/microblaze_0/U0/MicroBlaze_Core_I/Performance.Core/Use_Debug_Logic.Master_Core.Debug_Perf/Serial_Dbg_Intf.shift_count_reg[5]/C
                         clock pessimism              0.363    37.038    
                         clock uncertainty           -0.035    37.003    
    SLICE_X29Y141        FDRE (Setup_fdre_C_D)        0.029    37.032    user_35t_i/microblaze_0/U0/MicroBlaze_Core_I/Performance.Core/Use_Debug_Logic.Master_Core.Debug_Perf/Serial_Dbg_Intf.shift_count_reg[5]
  -------------------------------------------------------------------
                         required time                         37.032    
                         arrival time                         -23.543    
  -------------------------------------------------------------------
                         slack                                 13.489    

Slack (MET) :             13.651ns  (required time - arrival time)
  Source:                 user_35t_i/mdm_1/U0/MDM_Core_I1/JTAG_CONTROL_I/Use_BSCAN.SYNC_FDRE/Using_FPGA.Native/C
                            (falling edge-triggered cell FDRE clocked by user_35t_i/mdm_1/U0/Use_E2.BSCAN_I/Use_E2.BSCANE2_I/DRCK  {rise@0.000ns fall@16.667ns period=33.333ns})
  Destination:            user_35t_i/microblaze_0/U0/MicroBlaze_Core_I/Performance.Core/Use_Debug_Logic.Master_Core.Debug_Perf/Serial_Dbg_Intf.shift_count_reg[6]/D
                            (rising edge-triggered cell FDRE clocked by user_35t_i/mdm_1/U0/Use_E2.BSCAN_I/Use_E2.BSCANE2_I/DRCK  {rise@0.000ns fall@16.667ns period=33.333ns})
  Path Group:             user_35t_i/mdm_1/U0/Use_E2.BSCAN_I/Use_E2.BSCANE2_I/DRCK
  Path Type:              Setup (Max at Slow Process Corner)
  Requirement:            16.667ns  (user_35t_i/mdm_1/U0/Use_E2.BSCAN_I/Use_E2.BSCANE2_I/DRCK rise@33.333ns - user_35t_i/mdm_1/U0/Use_E2.BSCAN_I/Use_E2.BSCANE2_I/DRCK fall@16.667ns)
  Data Path Delay:        2.982ns  (logic 0.707ns (23.706%)  route 2.275ns (76.294%))
  Logic Levels:           2  (LUT3=1 LUT6=1)
  Clock Path Skew:        -0.027ns (DCD - SCD + CPR)
    Destination Clock Delay (DCD):    3.340ns = ( 36.673 - 33.333 ) 
    Source Clock Delay      (SCD):    3.745ns = ( 20.412 - 16.667 ) 
    Clock Pessimism Removal (CPR):    0.378ns
  Clock Uncertainty:      0.035ns  ((TSJ^2 + TIJ^2)^1/2 + DJ) / 2 + PE
    Total System Jitter     (TSJ):    0.071ns
    Total Input Jitter      (TIJ):    0.000ns
    Discrete Jitter          (DJ):    0.000ns
    Phase Error              (PE):    0.000ns

    Location             Delay type                Incr(ns)  Path(ns)    Netlist Resource(s)
  -------------------------------------------------------------------    -------------------
                         (clock user_35t_i/mdm_1/U0/Use_E2.BSCAN_I/Use_E2.BSCANE2_I/DRCK fall edge)
                                                     16.667    16.667 f  
    BSCAN_X0Y1           BSCANE2                      0.000    16.667 f  user_35t_i/mdm_1/U0/Use_E2.BSCAN_I/Use_E2.BSCANE2_I/DRCK
                         net (fo=1, routed)           1.912    18.578    user_35t_i/mdm_1/U0/No_Dbg_Reg_Access.BUFG_DRCK/DRCK
    BUFGCTRL_X0Y2        BUFG (Prop_bufg_I_O)         0.096    18.674 f  user_35t_i/mdm_1/U0/No_Dbg_Reg_Access.BUFG_DRCK/Using_FPGA.Native/O
                         net (fo=247, routed)         1.737    20.412    user_35t_i/mdm_1/U0/MDM_Core_I1/JTAG_CONTROL_I/Use_BSCAN.SYNC_FDRE/Using_FPGA.Native_0
    SLICE_X31Y147        FDRE                                         r  user_35t_i/mdm_1/U0/MDM_Core_I1/JTAG_CONTROL_I/Use_BSCAN.SYNC_FDRE/Using_FPGA.Native/C  (IS_INVERTED)
  -------------------------------------------------------------------    -------------------
    SLICE_X31Y147        FDRE (Prop_fdre_C_Q)         0.459    20.871 r  user_35t_i/mdm_1/U0/MDM_Core_I1/JTAG_CONTROL_I/Use_BSCAN.SYNC_FDRE/Using_FPGA.Native/Q
                         net (fo=4, routed)           1.005    21.876    user_35t_i/mdm_1/U0/MDM_Core_I1/JTAG_CONTROL_I/Use_BSCAN.SYNC_FDRE/sync
    SLICE_X29Y145        LUT6 (Prop_lut6_I0_O)        0.124    22.000 r  user_35t_i/mdm_1/U0/MDM_Core_I1/JTAG_CONTROL_I/Use_BSCAN.SYNC_FDRE/Dbg_Shift_0_INST_0/O
                         net (fo=8, routed)           1.270    23.270    user_35t_i/microblaze_0/U0/MicroBlaze_Core_I/Performance.Core/Use_Debug_Logic.Master_Core.Debug_Perf/Dbg_Shift
    SLICE_X31Y141        LUT3 (Prop_lut3_I1_O)        0.124    23.394 r  user_35t_i/microblaze_0/U0/MicroBlaze_Core_I/Performance.Core/Use_Debug_Logic.Master_Core.Debug_Perf/Serial_Dbg_Intf.shift_count[6]_i_1/O
                         net (fo=1, routed)           0.000    23.394    user_35t_i/microblaze_0/U0/MicroBlaze_Core_I/Performance.Core/Use_Debug_Logic.Master_Core.Debug_Perf/p_0_in[6]
    SLICE_X31Y141        FDRE                                         r  user_35t_i/microblaze_0/U0/MicroBlaze_Core_I/Performance.Core/Use_Debug_Logic.Master_Core.Debug_Perf/Serial_Dbg_Intf.shift_count_reg[6]/D
  -------------------------------------------------------------------    -------------------

                         (clock user_35t_i/mdm_1/U0/Use_E2.BSCAN_I/Use_E2.BSCANE2_I/DRCK rise edge)
                                                     33.333    33.333 r  
    BSCAN_X0Y1           BSCANE2                      0.000    33.333 r  user_35t_i/mdm_1/U0/Use_E2.BSCAN_I/Use_E2.BSCANE2_I/DRCK
                         net (fo=1, routed)           1.641    34.974    user_35t_i/mdm_1/U0/No_Dbg_Reg_Access.BUFG_DRCK/DRCK
    BUFGCTRL_X0Y2        BUFG (Prop_bufg_I_O)         0.091    35.065 r  user_35t_i/mdm_1/U0/No_Dbg_Reg_Access.BUFG_DRCK/Using_FPGA.Native/O
                         net (fo=247, routed)         1.608    36.673    user_35t_i/microblaze_0/U0/MicroBlaze_Core_I/Performance.Core/Use_Debug_Logic.Master_Core.Debug_Perf/Dbg_Clk
    SLICE_X31Y141        FDRE                                         r  user_35t_i/microblaze_0/U0/MicroBlaze_Core_I/Performance.Core/Use_Debug_Logic.Master_Core.Debug_Perf/Serial_Dbg_Intf.shift_count_reg[6]/C
                         clock pessimism              0.378    37.051    
                         clock uncertainty           -0.035    37.016    
    SLICE_X31Y141        FDRE (Setup_fdre_C_D)        0.029    37.045    user_35t_i/microblaze_0/U0/MicroBlaze_Core_I/Performance.Core/Use_Debug_Logic.Master_Core.Debug_Perf/Serial_Dbg_Intf.shift_count_reg[6]
  -------------------------------------------------------------------
                         required time                         37.045    
                         arrival time                         -23.394    
  -------------------------------------------------------------------
                         slack                                 13.651    

Slack (MET) :             13.669ns  (required time - arrival time)
  Source:                 user_35t_i/mdm_1/U0/MDM_Core_I1/JTAG_CONTROL_I/Use_BSCAN.SYNC_FDRE/Using_FPGA.Native/C
                            (falling edge-triggered cell FDRE clocked by user_35t_i/mdm_1/U0/Use_E2.BSCAN_I/Use_E2.BSCANE2_I/DRCK  {rise@0.000ns fall@16.667ns period=33.333ns})
  Destination:            user_35t_i/microblaze_0/U0/MicroBlaze_Core_I/Performance.Core/Use_Debug_Logic.Master_Core.Debug_Perf/Serial_Dbg_Intf.shift_count_reg[7]/D
                            (rising edge-triggered cell FDRE clocked by user_35t_i/mdm_1/U0/Use_E2.BSCAN_I/Use_E2.BSCANE2_I/DRCK  {rise@0.000ns fall@16.667ns period=33.333ns})
  Path Group:             user_35t_i/mdm_1/U0/Use_E2.BSCAN_I/Use_E2.BSCANE2_I/DRCK
  Path Type:              Setup (Max at Slow Process Corner)
  Requirement:            16.667ns  (user_35t_i/mdm_1/U0/Use_E2.BSCAN_I/Use_E2.BSCANE2_I/DRCK rise@33.333ns - user_35t_i/mdm_1/U0/Use_E2.BSCAN_I/Use_E2.BSCANE2_I/DRCK fall@16.667ns)
  Data Path Delay:        3.010ns  (logic 0.735ns (24.416%)  route 2.275ns (75.584%))
  Logic Levels:           2  (LUT4=1 LUT6=1)
  Clock Path Skew:        -0.027ns (DCD - SCD + CPR)
    Destination Clock Delay (DCD):    3.340ns = ( 36.673 - 33.333 ) 
    Source Clock Delay      (SCD):    3.745ns = ( 20.412 - 16.667 ) 
    Clock Pessimism Removal (CPR):    0.378ns
  Clock Uncertainty:      0.035ns  ((TSJ^2 + TIJ^2)^1/2 + DJ) / 2 + PE
    Total System Jitter     (TSJ):    0.071ns
    Total Input Jitter      (TIJ):    0.000ns
    Discrete Jitter          (DJ):    0.000ns
    Phase Error              (PE):    0.000ns

    Location             Delay type                Incr(ns)  Path(ns)    Netlist Resource(s)
  -------------------------------------------------------------------    -------------------
                         (clock user_35t_i/mdm_1/U0/Use_E2.BSCAN_I/Use_E2.BSCANE2_I/DRCK fall edge)
                                                     16.667    16.667 f  
    BSCAN_X0Y1           BSCANE2                      0.000    16.667 f  user_35t_i/mdm_1/U0/Use_E2.BSCAN_I/Use_E2.BSCANE2_I/DRCK
                         net (fo=1, routed)           1.912    18.578    user_35t_i/mdm_1/U0/No_Dbg_Reg_Access.BUFG_DRCK/DRCK
    BUFGCTRL_X0Y2        BUFG (Prop_bufg_I_O)         0.096    18.674 f  user_35t_i/mdm_1/U0/No_Dbg_Reg_Access.BUFG_DRCK/Using_FPGA.Native/O
                         net (fo=247, routed)         1.737    20.412    user_35t_i/mdm_1/U0/MDM_Core_I1/JTAG_CONTROL_I/Use_BSCAN.SYNC_FDRE/Using_FPGA.Native_0
    SLICE_X31Y147        FDRE                                         r  user_35t_i/mdm_1/U0/MDM_Core_I1/JTAG_CONTROL_I/Use_BSCAN.SYNC_FDRE/Using_FPGA.Native/C  (IS_INVERTED)
  -------------------------------------------------------------------    -------------------
    SLICE_X31Y147        FDRE (Prop_fdre_C_Q)         0.459    20.871 r  user_35t_i/mdm_1/U0/MDM_Core_I1/JTAG_CONTROL_I/Use_BSCAN.SYNC_FDRE/Using_FPGA.Native/Q
                         net (fo=4, routed)           1.005    21.876    user_35t_i/mdm_1/U0/MDM_Core_I1/JTAG_CONTROL_I/Use_BSCAN.SYNC_FDRE/sync
    SLICE_X29Y145        LUT6 (Prop_lut6_I0_O)        0.124    22.000 r  user_35t_i/mdm_1/U0/MDM_Core_I1/JTAG_CONTROL_I/Use_BSCAN.SYNC_FDRE/Dbg_Shift_0_INST_0/O
                         net (fo=8, routed)           1.270    23.270    user_35t_i/microblaze_0/U0/MicroBlaze_Core_I/Performance.Core/Use_Debug_Logic.Master_Core.Debug_Perf/Dbg_Shift
    SLICE_X31Y141        LUT4 (Prop_lut4_I2_O)        0.152    23.422 r  user_35t_i/microblaze_0/U0/MicroBlaze_Core_I/Performance.Core/Use_Debug_Logic.Master_Core.Debug_Perf/Serial_Dbg_Intf.shift_count[7]_i_1/O
                         net (fo=1, routed)           0.000    23.422    user_35t_i/microblaze_0/U0/MicroBlaze_Core_I/Performance.Core/Use_Debug_Logic.Master_Core.Debug_Perf/p_0_in[7]
    SLICE_X31Y141        FDRE                                         r  user_35t_i/microblaze_0/U0/MicroBlaze_Core_I/Performance.Core/Use_Debug_Logic.Master_Core.Debug_Perf/Serial_Dbg_Intf.shift_count_reg[7]/D
  -------------------------------------------------------------------    -------------------

                         (clock user_35t_i/mdm_1/U0/Use_E2.BSCAN_I/Use_E2.BSCANE2_I/DRCK rise edge)
                                                     33.333    33.333 r  
    BSCAN_X0Y1           BSCANE2                      0.000    33.333 r  user_35t_i/mdm_1/U0/Use_E2.BSCAN_I/Use_E2.BSCANE2_I/DRCK
                         net (fo=1, routed)           1.641    34.974    user_35t_i/mdm_1/U0/No_Dbg_Reg_Access.BUFG_DRCK/DRCK
    BUFGCTRL_X0Y2        BUFG (Prop_bufg_I_O)         0.091    35.065 r  user_35t_i/mdm_1/U0/No_Dbg_Reg_Access.BUFG_DRCK/Using_FPGA.Native/O
                         net (fo=247, routed)         1.608    36.673    user_35t_i/microblaze_0/U0/MicroBlaze_Core_I/Performance.Core/Use_Debug_Logic.Master_Core.Debug_Perf/Dbg_Clk
    SLICE_X31Y141        FDRE                                         r  user_35t_i/microblaze_0/U0/MicroBlaze_Core_I/Performance.Core/Use_Debug_Logic.Master_Core.Debug_Perf/Serial_Dbg_Intf.shift_count_reg[7]/C
                         clock pessimism              0.378    37.051    
                         clock uncertainty           -0.035    37.016    
    SLICE_X31Y141        FDRE (Setup_fdre_C_D)        0.075    37.091    user_35t_i/microblaze_0/U0/MicroBlaze_Core_I/Performance.Core/Use_Debug_Logic.Master_Core.Debug_Perf/Serial_Dbg_Intf.shift_count_reg[7]
  -------------------------------------------------------------------
                         required time                         37.091    
                         arrival time                         -23.422    
  -------------------------------------------------------------------
                         slack                                 13.669    

Slack (MET) :             13.921ns  (required time - arrival time)
  Source:                 user_35t_i/mdm_1/U0/MDM_Core_I1/JTAG_CONTROL_I/tdi_shifter_reg[2]/C
                            (rising edge-triggered cell FDRE clocked by user_35t_i/mdm_1/U0/Use_E2.BSCAN_I/Use_E2.BSCANE2_I/DRCK  {rise@0.000ns fall@16.667ns period=33.333ns})
  Destination:            user_35t_i/mdm_1/U0/MDM_Core_I1/JTAG_CONTROL_I/Use_BSCAN.SYNC_FDRE/Using_FPGA.Native/CE
                            (falling edge-triggered cell FDRE clocked by user_35t_i/mdm_1/U0/Use_E2.BSCAN_I/Use_E2.BSCANE2_I/DRCK  {rise@0.000ns fall@16.667ns period=33.333ns})
  Path Group:             user_35t_i/mdm_1/U0/Use_E2.BSCAN_I/Use_E2.BSCANE2_I/DRCK
  Path Type:              Setup (Max at Slow Process Corner)
  Requirement:            16.667ns  (user_35t_i/mdm_1/U0/Use_E2.BSCAN_I/Use_E2.BSCANE2_I/DRCK fall@16.667ns - user_35t_i/mdm_1/U0/Use_E2.BSCAN_I/Use_E2.BSCANE2_I/DRCK rise@0.000ns)
  Data Path Delay:        2.484ns  (logic 0.704ns (28.340%)  route 1.780ns (71.660%))
  Logic Levels:           2  (LUT5=1 LUT6=1)
  Clock Path Skew:        -0.024ns (DCD - SCD + CPR)
    Destination Clock Delay (DCD):    3.342ns = ( 20.008 - 16.667 ) 
    Source Clock Delay      (SCD):    3.744ns
    Clock Pessimism Removal (CPR):    0.378ns
  Clock Uncertainty:      0.035ns  ((TSJ^2 + TIJ^2)^1/2 + DJ) / 2 + PE
    Total System Jitter     (TSJ):    0.071ns
    Total Input Jitter      (TIJ):    0.000ns
    Discrete Jitter          (DJ):    0.000ns
    Phase Error              (PE):    0.000ns

    Location             Delay type                Incr(ns)  Path(ns)    Netlist Resource(s)
  -------------------------------------------------------------------    -------------------
                         (clock user_35t_i/mdm_1/U0/Use_E2.BSCAN_I/Use_E2.BSCANE2_I/DRCK rise edge)
                                                      0.000     0.000 r  
    BSCAN_X0Y1           BSCANE2                      0.000     0.000 r  user_35t_i/mdm_1/U0/Use_E2.BSCAN_I/Use_E2.BSCANE2_I/DRCK
                         net (fo=1, routed)           1.912     1.912    user_35t_i/mdm_1/U0/No_Dbg_Reg_Access.BUFG_DRCK/DRCK
    BUFGCTRL_X0Y2        BUFG (Prop_bufg_I_O)         0.096     2.008 r  user_35t_i/mdm_1/U0/No_Dbg_Reg_Access.BUFG_DRCK/Using_FPGA.Native/O
                         net (fo=247, routed)         1.736     3.744    user_35t_i/mdm_1/U0/MDM_Core_I1/JTAG_CONTROL_I/Using_FPGA.Native
    SLICE_X33Y145        FDRE                                         r  user_35t_i/mdm_1/U0/MDM_Core_I1/JTAG_CONTROL_I/tdi_shifter_reg[2]/C
  -------------------------------------------------------------------    -------------------
    SLICE_X33Y145        FDRE (Prop_fdre_C_Q)         0.456     4.200 r  user_35t_i/mdm_1/U0/MDM_Core_I1/JTAG_CONTROL_I/tdi_shifter_reg[2]/Q
                         net (fo=3, routed)           1.037     5.238    user_35t_i/mdm_1/U0/MDM_Core_I1/JTAG_CONTROL_I/Use_BSCAN.FDC_I/Using_FPGA.Native_5
    SLICE_X32Y146        LUT6 (Prop_lut6_I0_O)        0.124     5.362 r  user_35t_i/mdm_1/U0/MDM_Core_I1/JTAG_CONTROL_I/Use_BSCAN.FDC_I/Using_FPGA.Native_i_2/O
                         net (fo=1, routed)           0.279     5.641    user_35t_i/mdm_1/U0/MDM_Core_I1/JTAG_CONTROL_I/Use_BSCAN.FDC_I/Using_FPGA.Native_i_2_n_0
    SLICE_X32Y146        LUT5 (Prop_lut5_I0_O)        0.124     5.765 r  user_35t_i/mdm_1/U0/MDM_Core_I1/JTAG_CONTROL_I/Use_BSCAN.FDC_I/Using_FPGA.Native_i_1/O
                         net (fo=1, routed)           0.464     6.228    user_35t_i/mdm_1/U0/MDM_Core_I1/JTAG_CONTROL_I/Use_BSCAN.SYNC_FDRE/CE
    SLICE_X31Y147        FDRE                                         r  user_35t_i/mdm_1/U0/MDM_Core_I1/JTAG_CONTROL_I/Use_BSCAN.SYNC_FDRE/Using_FPGA.Native/CE
  -------------------------------------------------------------------    -------------------

                         (clock user_35t_i/mdm_1/U0/Use_E2.BSCAN_I/Use_E2.BSCANE2_I/DRCK fall edge)
                                                     16.667    16.667 f  
    BSCAN_X0Y1           BSCANE2                      0.000    16.667 f  user_35t_i/mdm_1/U0/Use_E2.BSCAN_I/Use_E2.BSCANE2_I/DRCK
                         net (fo=1, routed)           1.641    18.307    user_35t_i/mdm_1/U0/No_Dbg_Reg_Access.BUFG_DRCK/DRCK
    BUFGCTRL_X0Y2        BUFG (Prop_bufg_I_O)         0.091    18.398 f  user_35t_i/mdm_1/U0/No_Dbg_Reg_Access.BUFG_DRCK/Using_FPGA.Native/O
                         net (fo=247, routed)         1.610    20.008    user_35t_i/mdm_1/U0/MDM_Core_I1/JTAG_CONTROL_I/Use_BSCAN.SYNC_FDRE/Using_FPGA.Native_0
    SLICE_X31Y147        FDRE                                         r  user_35t_i/mdm_1/U0/MDM_Core_I1/JTAG_CONTROL_I/Use_BSCAN.SYNC_FDRE/Using_FPGA.Native/C  (IS_INVERTED)
                         clock pessimism              0.378    20.387    
                         clock uncertainty           -0.035    20.351    
    SLICE_X31Y147        FDRE (Setup_fdre_C_CE)      -0.202    20.149    user_35t_i/mdm_1/U0/MDM_Core_I1/JTAG_CONTROL_I/Use_BSCAN.SYNC_FDRE/Using_FPGA.Native
  -------------------------------------------------------------------
                         required time                         20.149    
                         arrival time                          -6.228    
  -------------------------------------------------------------------
                         slack                                 13.921    

Slack (MET) :             14.012ns  (required time - arrival time)
  Source:                 user_35t_i/mdm_1/U0/MDM_Core_I1/JTAG_CONTROL_I/Use_BSCAN.SYNC_FDRE/Using_FPGA.Native/C
                            (falling edge-triggered cell FDRE clocked by user_35t_i/mdm_1/U0/Use_E2.BSCAN_I/Use_E2.BSCANE2_I/DRCK  {rise@0.000ns fall@16.667ns period=33.333ns})
  Destination:            user_35t_i/microblaze_0/U0/MicroBlaze_Core_I/Performance.Core/Use_Debug_Logic.Master_Core.Debug_Perf/Serial_Dbg_Intf.shift_count_reg[0]/D
                            (rising edge-triggered cell FDRE clocked by user_35t_i/mdm_1/U0/Use_E2.BSCAN_I/Use_E2.BSCANE2_I/DRCK  {rise@0.000ns fall@16.667ns period=33.333ns})
  Path Group:             user_35t_i/mdm_1/U0/Use_E2.BSCAN_I/Use_E2.BSCANE2_I/DRCK
  Path Type:              Setup (Max at Slow Process Corner)
  Requirement:            16.667ns  (user_35t_i/mdm_1/U0/Use_E2.BSCAN_I/Use_E2.BSCANE2_I/DRCK rise@33.333ns - user_35t_i/mdm_1/U0/Use_E2.BSCAN_I/Use_E2.BSCANE2_I/DRCK fall@16.667ns)
  Data Path Delay:        2.671ns  (logic 0.707ns (26.474%)  route 1.964ns (73.526%))
  Logic Levels:           2  (LUT2=1 LUT6=1)
  Clock Path Skew:        -0.026ns (DCD - SCD + CPR)
    Destination Clock Delay (DCD):    3.341ns = ( 36.674 - 33.333 ) 
    Source Clock Delay      (SCD):    3.745ns = ( 20.412 - 16.667 ) 
    Clock Pessimism Removal (CPR):    0.378ns
  Clock Uncertainty:      0.035ns  ((TSJ^2 + TIJ^2)^1/2 + DJ) / 2 + PE
    Total System Jitter     (TSJ):    0.071ns
    Total Input Jitter      (TIJ):    0.000ns
    Discrete Jitter          (DJ):    0.000ns
    Phase Error              (PE):    0.000ns

    Location             Delay type                Incr(ns)  Path(ns)    Netlist Resource(s)
  -------------------------------------------------------------------    -------------------
                         (clock user_35t_i/mdm_1/U0/Use_E2.BSCAN_I/Use_E2.BSCANE2_I/DRCK fall edge)
                                                     16.667    16.667 f  
    BSCAN_X0Y1           BSCANE2                      0.000    16.667 f  user_35t_i/mdm_1/U0/Use_E2.BSCAN_I/Use_E2.BSCANE2_I/DRCK
                         net (fo=1, routed)           1.912    18.578    user_35t_i/mdm_1/U0/No_Dbg_Reg_Access.BUFG_DRCK/DRCK
    BUFGCTRL_X0Y2        BUFG (Prop_bufg_I_O)         0.096    18.674 f  user_35t_i/mdm_1/U0/No_Dbg_Reg_Access.BUFG_DRCK/Using_FPGA.Native/O
                         net (fo=247, routed)         1.737    20.412    user_35t_i/mdm_1/U0/MDM_Core_I1/JTAG_CONTROL_I/Use_BSCAN.SYNC_FDRE/Using_FPGA.Native_0
    SLICE_X31Y147        FDRE                                         r  user_35t_i/mdm_1/U0/MDM_Core_I1/JTAG_CONTROL_I/Use_BSCAN.SYNC_FDRE/Using_FPGA.Native/C  (IS_INVERTED)
  -------------------------------------------------------------------    -------------------
    SLICE_X31Y147        FDRE (Prop_fdre_C_Q)         0.459    20.871 r  user_35t_i/mdm_1/U0/MDM_Core_I1/JTAG_CONTROL_I/Use_BSCAN.SYNC_FDRE/Using_FPGA.Native/Q
                         net (fo=4, routed)           1.005    21.876    user_35t_i/mdm_1/U0/MDM_Core_I1/JTAG_CONTROL_I/Use_BSCAN.SYNC_FDRE/sync
    SLICE_X29Y145        LUT6 (Prop_lut6_I0_O)        0.124    22.000 r  user_35t_i/mdm_1/U0/MDM_Core_I1/JTAG_CONTROL_I/Use_BSCAN.SYNC_FDRE/Dbg_Shift_0_INST_0/O
                         net (fo=8, routed)           0.958    22.958    user_35t_i/microblaze_0/U0/MicroBlaze_Core_I/Performance.Core/Use_Debug_Logic.Master_Core.Debug_Perf/Dbg_Shift
    SLICE_X30Y143        LUT2 (Prop_lut2_I0_O)        0.124    23.082 r  user_35t_i/microblaze_0/U0/MicroBlaze_Core_I/Performance.Core/Use_Debug_Logic.Master_Core.Debug_Perf/Serial_Dbg_Intf.shift_count[0]_i_1/O
                         net (fo=1, routed)           0.000    23.082    user_35t_i/microblaze_0/U0/MicroBlaze_Core_I/Performance.Core/Use_Debug_Logic.Master_Core.Debug_Perf/p_0_in[0]
    SLICE_X30Y143        FDRE                                         r  user_35t_i/microblaze_0/U0/MicroBlaze_Core_I/Performance.Core/Use_Debug_Logic.Master_Core.Debug_Perf/Serial_Dbg_Intf.shift_count_reg[0]/D
  -------------------------------------------------------------------    -------------------

                         (clock user_35t_i/mdm_1/U0/Use_E2.BSCAN_I/Use_E2.BSCANE2_I/DRCK rise edge)
                                                     33.333    33.333 r  
    BSCAN_X0Y1           BSCANE2                      0.000    33.333 r  user_35t_i/mdm_1/U0/Use_E2.BSCAN_I/Use_E2.BSCANE2_I/DRCK
                         net (fo=1, routed)           1.641    34.974    user_35t_i/mdm_1/U0/No_Dbg_Reg_Access.BUFG_DRCK/DRCK
    BUFGCTRL_X0Y2        BUFG (Prop_bufg_I_O)         0.091    35.065 r  user_35t_i/mdm_1/U0/No_Dbg_Reg_Access.BUFG_DRCK/Using_FPGA.Native/O
                         net (fo=247, routed)         1.609    36.674    user_35t_i/microblaze_0/U0/MicroBlaze_Core_I/Performance.Core/Use_Debug_Logic.Master_Core.Debug_Perf/Dbg_Clk
    SLICE_X30Y143        FDRE                                         r  user_35t_i/microblaze_0/U0/MicroBlaze_Core_I/Performance.Core/Use_Debug_Logic.Master_Core.Debug_Perf/Serial_Dbg_Intf.shift_count_reg[0]/C
                         clock pessimism              0.378    37.052    
                         clock uncertainty           -0.035    37.017    
    SLICE_X30Y143        FDRE (Setup_fdre_C_D)        0.077    37.094    user_35t_i/microblaze_0/U0/MicroBlaze_Core_I/Performance.Core/Use_Debug_Logic.Master_Core.Debug_Perf/Serial_Dbg_Intf.shift_count_reg[0]
  -------------------------------------------------------------------
                         required time                         37.094    
                         arrival time                         -23.082    
  -------------------------------------------------------------------
                         slack                                 14.012    

Slack (MET) :             14.019ns  (required time - arrival time)
  Source:                 user_35t_i/mdm_1/U0/MDM_Core_I1/JTAG_CONTROL_I/Use_BSCAN.SYNC_FDRE/Using_FPGA.Native/C
                            (falling edge-triggered cell FDRE clocked by user_35t_i/mdm_1/U0/Use_E2.BSCAN_I/Use_E2.BSCANE2_I/DRCK  {rise@0.000ns fall@16.667ns period=33.333ns})
  Destination:            user_35t_i/microblaze_0/U0/MicroBlaze_Core_I/Performance.Core/Use_Debug_Logic.Master_Core.Debug_Perf/Serial_Dbg_Intf.shift_count_reg[2]/D
                            (rising edge-triggered cell FDRE clocked by user_35t_i/mdm_1/U0/Use_E2.BSCAN_I/Use_E2.BSCANE2_I/DRCK  {rise@0.000ns fall@16.667ns period=33.333ns})
  Path Group:             user_35t_i/mdm_1/U0/Use_E2.BSCAN_I/Use_E2.BSCANE2_I/DRCK
  Path Type:              Setup (Max at Slow Process Corner)
  Requirement:            16.667ns  (user_35t_i/mdm_1/U0/Use_E2.BSCAN_I/Use_E2.BSCANE2_I/DRCK rise@33.333ns - user_35t_i/mdm_1/U0/Use_E2.BSCAN_I/Use_E2.BSCANE2_I/DRCK fall@16.667ns)
  Data Path Delay:        2.668ns  (logic 0.707ns (26.504%)  route 1.961ns (73.496%))
  Logic Levels:           2  (LUT4=1 LUT6=1)
  Clock Path Skew:        -0.026ns (DCD - SCD + CPR)
    Destination Clock Delay (DCD):    3.341ns = ( 36.674 - 33.333 ) 
    Source Clock Delay      (SCD):    3.745ns = ( 20.412 - 16.667 ) 
    Clock Pessimism Removal (CPR):    0.378ns
  Clock Uncertainty:      0.035ns  ((TSJ^2 + TIJ^2)^1/2 + DJ) / 2 + PE
    Total System Jitter     (TSJ):    0.071ns
    Total Input Jitter      (TIJ):    0.000ns
    Discrete Jitter          (DJ):    0.000ns
    Phase Error              (PE):    0.000ns

    Location             Delay type                Incr(ns)  Path(ns)    Netlist Resource(s)
  -------------------------------------------------------------------    -------------------
                         (clock user_35t_i/mdm_1/U0/Use_E2.BSCAN_I/Use_E2.BSCANE2_I/DRCK fall edge)
                                                     16.667    16.667 f  
    BSCAN_X0Y1           BSCANE2                      0.000    16.667 f  user_35t_i/mdm_1/U0/Use_E2.BSCAN_I/Use_E2.BSCANE2_I/DRCK
                         net (fo=1, routed)           1.912    18.578    user_35t_i/mdm_1/U0/No_Dbg_Reg_Access.BUFG_DRCK/DRCK
    BUFGCTRL_X0Y2        BUFG (Prop_bufg_I_O)         0.096    18.674 f  user_35t_i/mdm_1/U0/No_Dbg_Reg_Access.BUFG_DRCK/Using_FPGA.Native/O
                         net (fo=247, routed)         1.737    20.412    user_35t_i/mdm_1/U0/MDM_Core_I1/JTAG_CONTROL_I/Use_BSCAN.SYNC_FDRE/Using_FPGA.Native_0
    SLICE_X31Y147        FDRE                                         r  user_35t_i/mdm_1/U0/MDM_Core_I1/JTAG_CONTROL_I/Use_BSCAN.SYNC_FDRE/Using_FPGA.Native/C  (IS_INVERTED)
  -------------------------------------------------------------------    -------------------
    SLICE_X31Y147        FDRE (Prop_fdre_C_Q)         0.459    20.871 r  user_35t_i/mdm_1/U0/MDM_Core_I1/JTAG_CONTROL_I/Use_BSCAN.SYNC_FDRE/Using_FPGA.Native/Q
                         net (fo=4, routed)           1.005    21.876    user_35t_i/mdm_1/U0/MDM_Core_I1/JTAG_CONTROL_I/Use_BSCAN.SYNC_FDRE/sync
    SLICE_X29Y145        LUT6 (Prop_lut6_I0_O)        0.124    22.000 r  user_35t_i/mdm_1/U0/MDM_Core_I1/JTAG_CONTROL_I/Use_BSCAN.SYNC_FDRE/Dbg_Shift_0_INST_0/O
                         net (fo=8, routed)           0.955    22.955    user_35t_i/microblaze_0/U0/MicroBlaze_Core_I/Performance.Core/Use_Debug_Logic.Master_Core.Debug_Perf/Dbg_Shift
    SLICE_X30Y143        LUT4 (Prop_lut4_I2_O)        0.124    23.079 r  user_35t_i/microblaze_0/U0/MicroBlaze_Core_I/Performance.Core/Use_Debug_Logic.Master_Core.Debug_Perf/Serial_Dbg_Intf.shift_count[2]_i_1/O
                         net (fo=1, routed)           0.000    23.079    user_35t_i/microblaze_0/U0/MicroBlaze_Core_I/Performance.Core/Use_Debug_Logic.Master_Core.Debug_Perf/p_0_in[2]
    SLICE_X30Y143        FDRE                                         r  user_35t_i/microblaze_0/U0/MicroBlaze_Core_I/Performance.Core/Use_Debug_Logic.Master_Core.Debug_Perf/Serial_Dbg_Intf.shift_count_reg[2]/D
  -------------------------------------------------------------------    -------------------

                         (clock user_35t_i/mdm_1/U0/Use_E2.BSCAN_I/Use_E2.BSCANE2_I/DRCK rise edge)
                                                     33.333    33.333 r  
    BSCAN_X0Y1           BSCANE2                      0.000    33.333 r  user_35t_i/mdm_1/U0/Use_E2.BSCAN_I/Use_E2.BSCANE2_I/DRCK
                         net (fo=1, routed)           1.641    34.974    user_35t_i/mdm_1/U0/No_Dbg_Reg_Access.BUFG_DRCK/DRCK
    BUFGCTRL_X0Y2        BUFG (Prop_bufg_I_O)         0.091    35.065 r  user_35t_i/mdm_1/U0/No_Dbg_Reg_Access.BUFG_DRCK/Using_FPGA.Native/O
                         net (fo=247, routed)         1.609    36.674    user_35t_i/microblaze_0/U0/MicroBlaze_Core_I/Performance.Core/Use_Debug_Logic.Master_Core.Debug_Perf/Dbg_Clk
    SLICE_X30Y143        FDRE                                         r  user_35t_i/microblaze_0/U0/MicroBlaze_Core_I/Performance.Core/Use_Debug_Logic.Master_Core.Debug_Perf/Serial_Dbg_Intf.shift_count_reg[2]/C
                         clock pessimism              0.378    37.052    
                         clock uncertainty           -0.035    37.017    
    SLICE_X30Y143        FDRE (Setup_fdre_C_D)        0.081    37.098    user_35t_i/microblaze_0/U0/MicroBlaze_Core_I/Performance.Core/Use_Debug_Logic.Master_Core.Debug_Perf/Serial_Dbg_Intf.shift_count_reg[2]
  -------------------------------------------------------------------
                         required time                         37.098    
                         arrival time                         -23.079    
  -------------------------------------------------------------------
                         slack                                 14.019    

Slack (MET) :             14.027ns  (required time - arrival time)
  Source:                 user_35t_i/mdm_1/U0/MDM_Core_I1/JTAG_CONTROL_I/Use_BSCAN.SYNC_FDRE/Using_FPGA.Native/C
                            (falling edge-triggered cell FDRE clocked by user_35t_i/mdm_1/U0/Use_E2.BSCAN_I/Use_E2.BSCANE2_I/DRCK  {rise@0.000ns fall@16.667ns period=33.333ns})
  Destination:            user_35t_i/microblaze_0/U0/MicroBlaze_Core_I/Performance.Core/Use_Debug_Logic.Master_Core.Debug_Perf/Serial_Dbg_Intf.shift_count_reg[1]/D
                            (rising edge-triggered cell FDRE clocked by user_35t_i/mdm_1/U0/Use_E2.BSCAN_I/Use_E2.BSCANE2_I/DRCK  {rise@0.000ns fall@16.667ns period=33.333ns})
  Path Group:             user_35t_i/mdm_1/U0/Use_E2.BSCAN_I/Use_E2.BSCANE2_I/DRCK
  Path Type:              Setup (Max at Slow Process Corner)
  Requirement:            16.667ns  (user_35t_i/mdm_1/U0/Use_E2.BSCAN_I/Use_E2.BSCANE2_I/DRCK rise@33.333ns - user_35t_i/mdm_1/U0/Use_E2.BSCAN_I/Use_E2.BSCANE2_I/DRCK fall@16.667ns)
  Data Path Delay:        2.697ns  (logic 0.733ns (27.183%)  route 1.964ns (72.817%))
  Logic Levels:           2  (LUT3=1 LUT6=1)
  Clock Path Skew:        -0.026ns (DCD - SCD + CPR)
    Destination Clock Delay (DCD):    3.341ns = ( 36.674 - 33.333 ) 
    Source Clock Delay      (SCD):    3.745ns = ( 20.412 - 16.667 ) 
    Clock Pessimism Removal (CPR):    0.378ns
  Clock Uncertainty:      0.035ns  ((TSJ^2 + TIJ^2)^1/2 + DJ) / 2 + PE
    Total System Jitter     (TSJ):    0.071ns
    Total Input Jitter      (TIJ):    0.000ns
    Discrete Jitter          (DJ):    0.000ns
    Phase Error              (PE):    0.000ns

    Location             Delay type                Incr(ns)  Path(ns)    Netlist Resource(s)
  -------------------------------------------------------------------    -------------------
                         (clock user_35t_i/mdm_1/U0/Use_E2.BSCAN_I/Use_E2.BSCANE2_I/DRCK fall edge)
                                                     16.667    16.667 f  
    BSCAN_X0Y1           BSCANE2                      0.000    16.667 f  user_35t_i/mdm_1/U0/Use_E2.BSCAN_I/Use_E2.BSCANE2_I/DRCK
                         net (fo=1, routed)           1.912    18.578    user_35t_i/mdm_1/U0/No_Dbg_Reg_Access.BUFG_DRCK/DRCK
    BUFGCTRL_X0Y2        BUFG (Prop_bufg_I_O)         0.096    18.674 f  user_35t_i/mdm_1/U0/No_Dbg_Reg_Access.BUFG_DRCK/Using_FPGA.Native/O
                         net (fo=247, routed)         1.737    20.412    user_35t_i/mdm_1/U0/MDM_Core_I1/JTAG_CONTROL_I/Use_BSCAN.SYNC_FDRE/Using_FPGA.Native_0
    SLICE_X31Y147        FDRE                                         r  user_35t_i/mdm_1/U0/MDM_Core_I1/JTAG_CONTROL_I/Use_BSCAN.SYNC_FDRE/Using_FPGA.Native/C  (IS_INVERTED)
  -------------------------------------------------------------------    -------------------
    SLICE_X31Y147        FDRE (Prop_fdre_C_Q)         0.459    20.871 r  user_35t_i/mdm_1/U0/MDM_Core_I1/JTAG_CONTROL_I/Use_BSCAN.SYNC_FDRE/Using_FPGA.Native/Q
                         net (fo=4, routed)           1.005    21.876    user_35t_i/mdm_1/U0/MDM_Core_I1/JTAG_CONTROL_I/Use_BSCAN.SYNC_FDRE/sync
    SLICE_X29Y145        LUT6 (Prop_lut6_I0_O)        0.124    22.000 r  user_35t_i/mdm_1/U0/MDM_Core_I1/JTAG_CONTROL_I/Use_BSCAN.SYNC_FDRE/Dbg_Shift_0_INST_0/O
                         net (fo=8, routed)           0.958    22.958    user_35t_i/microblaze_0/U0/MicroBlaze_Core_I/Performance.Core/Use_Debug_Logic.Master_Core.Debug_Perf/Dbg_Shift
    SLICE_X30Y143        LUT3 (Prop_lut3_I2_O)        0.150    23.108 r  user_35t_i/microblaze_0/U0/MicroBlaze_Core_I/Performance.Core/Use_Debug_Logic.Master_Core.Debug_Perf/Serial_Dbg_Intf.shift_count[1]_i_1/O
                         net (fo=1, routed)           0.000    23.108    user_35t_i/microblaze_0/U0/MicroBlaze_Core_I/Performance.Core/Use_Debug_Logic.Master_Core.Debug_Perf/p_0_in[1]
    SLICE_X30Y143        FDRE                                         r  user_35t_i/microblaze_0/U0/MicroBlaze_Core_I/Performance.Core/Use_Debug_Logic.Master_Core.Debug_Perf/Serial_Dbg_Intf.shift_count_reg[1]/D
  -------------------------------------------------------------------    -------------------

                         (clock user_35t_i/mdm_1/U0/Use_E2.BSCAN_I/Use_E2.BSCANE2_I/DRCK rise edge)
                                                     33.333    33.333 r  
    BSCAN_X0Y1           BSCANE2                      0.000    33.333 r  user_35t_i/mdm_1/U0/Use_E2.BSCAN_I/Use_E2.BSCANE2_I/DRCK
                         net (fo=1, routed)           1.641    34.974    user_35t_i/mdm_1/U0/No_Dbg_Reg_Access.BUFG_DRCK/DRCK
    BUFGCTRL_X0Y2        BUFG (Prop_bufg_I_O)         0.091    35.065 r  user_35t_i/mdm_1/U0/No_Dbg_Reg_Access.BUFG_DRCK/Using_FPGA.Native/O
                         net (fo=247, routed)         1.609    36.674    user_35t_i/microblaze_0/U0/MicroBlaze_Core_I/Performance.Core/Use_Debug_Logic.Master_Core.Debug_Perf/Dbg_Clk
    SLICE_X30Y143        FDRE                                         r  user_35t_i/microblaze_0/U0/MicroBlaze_Core_I/Performance.Core/Use_Debug_Logic.Master_Core.Debug_Perf/Serial_Dbg_Intf.shift_count_reg[1]/C
                         clock pessimism              0.378    37.052    
                         clock uncertainty           -0.035    37.017    
    SLICE_X30Y143        FDRE (Setup_fdre_C_D)        0.118    37.135    user_35t_i/microblaze_0/U0/MicroBlaze_Core_I/Performance.Core/Use_Debug_Logic.Master_Core.Debug_Perf/Serial_Dbg_Intf.shift_count_reg[1]
  -------------------------------------------------------------------
                         required time                         37.135    
                         arrival time                         -23.108    
  -------------------------------------------------------------------
                         slack                                 14.027    

Slack (MET) :             14.030ns  (required time - arrival time)
  Source:                 user_35t_i/mdm_1/U0/MDM_Core_I1/JTAG_CONTROL_I/Use_BSCAN.SYNC_FDRE/Using_FPGA.Native/C
                            (falling edge-triggered cell FDRE clocked by user_35t_i/mdm_1/U0/Use_E2.BSCAN_I/Use_E2.BSCANE2_I/DRCK  {rise@0.000ns fall@16.667ns period=33.333ns})
  Destination:            user_35t_i/microblaze_0/U0/MicroBlaze_Core_I/Performance.Core/Use_Debug_Logic.Master_Core.Debug_Perf/Serial_Dbg_Intf.shift_count_reg[3]/D
                            (rising edge-triggered cell FDRE clocked by user_35t_i/mdm_1/U0/Use_E2.BSCAN_I/Use_E2.BSCANE2_I/DRCK  {rise@0.000ns fall@16.667ns period=33.333ns})
  Path Group:             user_35t_i/mdm_1/U0/Use_E2.BSCAN_I/Use_E2.BSCANE2_I/DRCK
  Path Type:              Setup (Max at Slow Process Corner)
  Requirement:            16.667ns  (user_35t_i/mdm_1/U0/Use_E2.BSCAN_I/Use_E2.BSCANE2_I/DRCK rise@33.333ns - user_35t_i/mdm_1/U0/Use_E2.BSCAN_I/Use_E2.BSCANE2_I/DRCK fall@16.667ns)
  Data Path Delay:        2.694ns  (logic 0.733ns (27.213%)  route 1.961ns (72.787%))
  Logic Levels:           2  (LUT5=1 LUT6=1)
  Clock Path Skew:        -0.026ns (DCD - SCD + CPR)
    Destination Clock Delay (DCD):    3.341ns = ( 36.674 - 33.333 ) 
    Source Clock Delay      (SCD):    3.745ns = ( 20.412 - 16.667 ) 
    Clock Pessimism Removal (CPR):    0.378ns
  Clock Uncertainty:      0.035ns  ((TSJ^2 + TIJ^2)^1/2 + DJ) / 2 + PE
    Total System Jitter     (TSJ):    0.071ns
    Total Input Jitter      (TIJ):    0.000ns
    Discrete Jitter          (DJ):    0.000ns
    Phase Error              (PE):    0.000ns

    Location             Delay type                Incr(ns)  Path(ns)    Netlist Resource(s)
  -------------------------------------------------------------------    -------------------
                         (clock user_35t_i/mdm_1/U0/Use_E2.BSCAN_I/Use_E2.BSCANE2_I/DRCK fall edge)
                                                     16.667    16.667 f  
    BSCAN_X0Y1           BSCANE2                      0.000    16.667 f  user_35t_i/mdm_1/U0/Use_E2.BSCAN_I/Use_E2.BSCANE2_I/DRCK
                         net (fo=1, routed)           1.912    18.578    user_35t_i/mdm_1/U0/No_Dbg_Reg_Access.BUFG_DRCK/DRCK
    BUFGCTRL_X0Y2        BUFG (Prop_bufg_I_O)         0.096    18.674 f  user_35t_i/mdm_1/U0/No_Dbg_Reg_Access.BUFG_DRCK/Using_FPGA.Native/O
                         net (fo=247, routed)         1.737    20.412    user_35t_i/mdm_1/U0/MDM_Core_I1/JTAG_CONTROL_I/Use_BSCAN.SYNC_FDRE/Using_FPGA.Native_0
    SLICE_X31Y147        FDRE                                         r  user_35t_i/mdm_1/U0/MDM_Core_I1/JTAG_CONTROL_I/Use_BSCAN.SYNC_FDRE/Using_FPGA.Native/C  (IS_INVERTED)
  -------------------------------------------------------------------    -------------------
    SLICE_X31Y147        FDRE (Prop_fdre_C_Q)         0.459    20.871 r  user_35t_i/mdm_1/U0/MDM_Core_I1/JTAG_CONTROL_I/Use_BSCAN.SYNC_FDRE/Using_FPGA.Native/Q
                         net (fo=4, routed)           1.005    21.876    user_35t_i/mdm_1/U0/MDM_Core_I1/JTAG_CONTROL_I/Use_BSCAN.SYNC_FDRE/sync
    SLICE_X29Y145        LUT6 (Prop_lut6_I0_O)        0.124    22.000 r  user_35t_i/mdm_1/U0/MDM_Core_I1/JTAG_CONTROL_I/Use_BSCAN.SYNC_FDRE/Dbg_Shift_0_INST_0/O
                         net (fo=8, routed)           0.955    22.955    user_35t_i/microblaze_0/U0/MicroBlaze_Core_I/Performance.Core/Use_Debug_Logic.Master_Core.Debug_Perf/Dbg_Shift
    SLICE_X30Y143        LUT5 (Prop_lut5_I3_O)        0.150    23.105 r  user_35t_i/microblaze_0/U0/MicroBlaze_Core_I/Performance.Core/Use_Debug_Logic.Master_Core.Debug_Perf/Serial_Dbg_Intf.shift_count[3]_i_1/O
                         net (fo=1, routed)           0.000    23.105    user_35t_i/microblaze_0/U0/MicroBlaze_Core_I/Performance.Core/Use_Debug_Logic.Master_Core.Debug_Perf/p_0_in[3]
    SLICE_X30Y143        FDRE                                         r  user_35t_i/microblaze_0/U0/MicroBlaze_Core_I/Performance.Core/Use_Debug_Logic.Master_Core.Debug_Perf/Serial_Dbg_Intf.shift_count_reg[3]/D
  -------------------------------------------------------------------    -------------------

                         (clock user_35t_i/mdm_1/U0/Use_E2.BSCAN_I/Use_E2.BSCANE2_I/DRCK rise edge)
                                                     33.333    33.333 r  
    BSCAN_X0Y1           BSCANE2                      0.000    33.333 r  user_35t_i/mdm_1/U0/Use_E2.BSCAN_I/Use_E2.BSCANE2_I/DRCK
                         net (fo=1, routed)           1.641    34.974    user_35t_i/mdm_1/U0/No_Dbg_Reg_Access.BUFG_DRCK/DRCK
    BUFGCTRL_X0Y2        BUFG (Prop_bufg_I_O)         0.091    35.065 r  user_35t_i/mdm_1/U0/No_Dbg_Reg_Access.BUFG_DRCK/Using_FPGA.Native/O
                         net (fo=247, routed)         1.609    36.674    user_35t_i/microblaze_0/U0/MicroBlaze_Core_I/Performance.Core/Use_Debug_Logic.Master_Core.Debug_Perf/Dbg_Clk
    SLICE_X30Y143        FDRE                                         r  user_35t_i/microblaze_0/U0/MicroBlaze_Core_I/Performance.Core/Use_Debug_Logic.Master_Core.Debug_Perf/Serial_Dbg_Intf.shift_count_reg[3]/C
                         clock pessimism              0.378    37.052    
                         clock uncertainty           -0.035    37.017    
    SLICE_X30Y143        FDRE (Setup_fdre_C_D)        0.118    37.135    user_35t_i/microblaze_0/U0/MicroBlaze_Core_I/Performance.Core/Use_Debug_Logic.Master_Core.Debug_Perf/Serial_Dbg_Intf.shift_count_reg[3]
  -------------------------------------------------------------------
                         required time                         37.135    
                         arrival time                         -23.105    
  -------------------------------------------------------------------
                         slack                                 14.030    

Slack (MET) :             14.058ns  (required time - arrival time)
  Source:                 user_35t_i/mdm_1/U0/MDM_Core_I1/JTAG_CONTROL_I/Use_BSCAN.SYNC_FDRE/Using_FPGA.Native/C
                            (falling edge-triggered cell FDRE clocked by user_35t_i/mdm_1/U0/Use_E2.BSCAN_I/Use_E2.BSCANE2_I/DRCK  {rise@0.000ns fall@16.667ns period=33.333ns})
  Destination:            user_35t_i/mdm_1/U0/MDM_Core_I1/JTAG_CONTROL_I/Use_Serial_Unified_Completion.mb_instr_error_reg/D
                            (rising edge-triggered cell FDRE clocked by user_35t_i/mdm_1/U0/Use_E2.BSCAN_I/Use_E2.BSCANE2_I/DRCK  {rise@0.000ns fall@16.667ns period=33.333ns})
  Path Group:             user_35t_i/mdm_1/U0/Use_E2.BSCAN_I/Use_E2.BSCANE2_I/DRCK
  Path Type:              Setup (Max at Slow Process Corner)
  Requirement:            16.667ns  (user_35t_i/mdm_1/U0/Use_E2.BSCAN_I/Use_E2.BSCANE2_I/DRCK rise@33.333ns - user_35t_i/mdm_1/U0/Use_E2.BSCAN_I/Use_E2.BSCANE2_I/DRCK fall@16.667ns)
  Data Path Delay:        2.566ns  (logic 0.707ns (27.554%)  route 1.859ns (72.446%))
  Logic Levels:           2  (LUT6=2)
  Clock Path Skew:        -0.038ns (DCD - SCD + CPR)
    Destination Clock Delay (DCD):    3.344ns = ( 36.677 - 33.333 ) 
    Source Clock Delay      (SCD):    3.745ns = ( 20.412 - 16.667 ) 
    Clock Pessimism Removal (CPR):    0.363ns
  Clock Uncertainty:      0.035ns  ((TSJ^2 + TIJ^2)^1/2 + DJ) / 2 + PE
    Total System Jitter     (TSJ):    0.071ns
    Total Input Jitter      (TIJ):    0.000ns
    Discrete Jitter          (DJ):    0.000ns
    Phase Error              (PE):    0.000ns

    Location             Delay type                Incr(ns)  Path(ns)    Netlist Resource(s)
  -------------------------------------------------------------------    -------------------
                         (clock user_35t_i/mdm_1/U0/Use_E2.BSCAN_I/Use_E2.BSCANE2_I/DRCK fall edge)
                                                     16.667    16.667 f  
    BSCAN_X0Y1           BSCANE2                      0.000    16.667 f  user_35t_i/mdm_1/U0/Use_E2.BSCAN_I/Use_E2.BSCANE2_I/DRCK
                         net (fo=1, routed)           1.912    18.578    user_35t_i/mdm_1/U0/No_Dbg_Reg_Access.BUFG_DRCK/DRCK
    BUFGCTRL_X0Y2        BUFG (Prop_bufg_I_O)         0.096    18.674 f  user_35t_i/mdm_1/U0/No_Dbg_Reg_Access.BUFG_DRCK/Using_FPGA.Native/O
                         net (fo=247, routed)         1.737    20.412    user_35t_i/mdm_1/U0/MDM_Core_I1/JTAG_CONTROL_I/Use_BSCAN.SYNC_FDRE/Using_FPGA.Native_0
    SLICE_X31Y147        FDRE                                         r  user_35t_i/mdm_1/U0/MDM_Core_I1/JTAG_CONTROL_I/Use_BSCAN.SYNC_FDRE/Using_FPGA.Native/C  (IS_INVERTED)
  -------------------------------------------------------------------    -------------------
    SLICE_X31Y147        FDRE (Prop_fdre_C_Q)         0.459    20.871 r  user_35t_i/mdm_1/U0/MDM_Core_I1/JTAG_CONTROL_I/Use_BSCAN.SYNC_FDRE/Using_FPGA.Native/Q
                         net (fo=4, routed)           0.865    21.736    user_35t_i/mdm_1/U0/MDM_Core_I1/JTAG_CONTROL_I/Use_BSCAN.FDC_I/sync
    SLICE_X29Y146        LUT6 (Prop_lut6_I4_O)        0.124    21.860 r  user_35t_i/mdm_1/U0/MDM_Core_I1/JTAG_CONTROL_I/Use_BSCAN.FDC_I/Use_Serial_Unified_Completion.mb_instr_overrun_i_3/O
                         net (fo=2, routed)           0.994    22.854    user_35t_i/mdm_1/U0/MDM_Core_I1/JTAG_CONTROL_I/Use_BSCAN.FDC_I/mb_instr_overrun1__0
    SLICE_X26Y145        LUT6 (Prop_lut6_I1_O)        0.124    22.978 r  user_35t_i/mdm_1/U0/MDM_Core_I1/JTAG_CONTROL_I/Use_BSCAN.FDC_I/Use_Serial_Unified_Completion.mb_instr_error_i_1/O
                         net (fo=1, routed)           0.000    22.978    user_35t_i/mdm_1/U0/MDM_Core_I1/JTAG_CONTROL_I/Use_BSCAN.FDC_I_n_31
    SLICE_X26Y145        FDRE                                         r  user_35t_i/mdm_1/U0/MDM_Core_I1/JTAG_CONTROL_I/Use_Serial_Unified_Completion.mb_instr_error_reg/D
  -------------------------------------------------------------------    -------------------

                         (clock user_35t_i/mdm_1/U0/Use_E2.BSCAN_I/Use_E2.BSCANE2_I/DRCK rise edge)
                                                     33.333    33.333 r  
    BSCAN_X0Y1           BSCANE2                      0.000    33.333 r  user_35t_i/mdm_1/U0/Use_E2.BSCAN_I/Use_E2.BSCANE2_I/DRCK
                         net (fo=1, routed)           1.641    34.974    user_35t_i/mdm_1/U0/No_Dbg_Reg_Access.BUFG_DRCK/DRCK
    BUFGCTRL_X0Y2        BUFG (Prop_bufg_I_O)         0.091    35.065 r  user_35t_i/mdm_1/U0/No_Dbg_Reg_Access.BUFG_DRCK/Using_FPGA.Native/O
                         net (fo=247, routed)         1.612    36.677    user_35t_i/mdm_1/U0/MDM_Core_I1/JTAG_CONTROL_I/Using_FPGA.Native
    SLICE_X26Y145        FDRE                                         r  user_35t_i/mdm_1/U0/MDM_Core_I1/JTAG_CONTROL_I/Use_Serial_Unified_Completion.mb_instr_error_reg/C
                         clock pessimism              0.363    37.040    
                         clock uncertainty           -0.035    37.005    
    SLICE_X26Y145        FDRE (Setup_fdre_C_D)        0.031    37.036    user_35t_i/mdm_1/U0/MDM_Core_I1/JTAG_CONTROL_I/Use_Serial_Unified_Completion.mb_instr_error_reg
  -------------------------------------------------------------------
                         required time                         37.036    
                         arrival time                         -22.978    
  -------------------------------------------------------------------
                         slack                                 14.058    

Slack (MET) :             14.150ns  (required time - arrival time)
  Source:                 user_35t_i/mdm_1/U0/MDM_Core_I1/JTAG_CONTROL_I/Use_BSCAN.SYNC_FDRE/Using_FPGA.Native/C
                            (falling edge-triggered cell FDRE clocked by user_35t_i/mdm_1/U0/Use_E2.BSCAN_I/Use_E2.BSCANE2_I/DRCK  {rise@0.000ns fall@16.667ns period=33.333ns})
  Destination:            user_35t_i/microblaze_0/U0/MicroBlaze_Core_I/Performance.Core/Use_Debug_Logic.Master_Core.Debug_Perf/Serial_Dbg_Intf.shift_count_reg[4]/D
                            (rising edge-triggered cell FDRE clocked by user_35t_i/mdm_1/U0/Use_E2.BSCAN_I/Use_E2.BSCANE2_I/DRCK  {rise@0.000ns fall@16.667ns period=33.333ns})
  Path Group:             user_35t_i/mdm_1/U0/Use_E2.BSCAN_I/Use_E2.BSCANE2_I/DRCK
  Path Type:              Setup (Max at Slow Process Corner)
  Requirement:            16.667ns  (user_35t_i/mdm_1/U0/Use_E2.BSCAN_I/Use_E2.BSCANE2_I/DRCK rise@33.333ns - user_35t_i/mdm_1/U0/Use_E2.BSCAN_I/Use_E2.BSCANE2_I/DRCK fall@16.667ns)
  Data Path Delay:        2.535ns  (logic 0.707ns (27.894%)  route 1.828ns (72.106%))
  Logic Levels:           2  (LUT6=2)
  Clock Path Skew:        -0.026ns (DCD - SCD + CPR)
    Destination Clock Delay (DCD):    3.341ns = ( 36.674 - 33.333 ) 
    Source Clock Delay      (SCD):    3.745ns = ( 20.412 - 16.667 ) 
    Clock Pessimism Removal (CPR):    0.378ns
  Clock Uncertainty:      0.035ns  ((TSJ^2 + TIJ^2)^1/2 + DJ) / 2 + PE
    Total System Jitter     (TSJ):    0.071ns
    Total Input Jitter      (TIJ):    0.000ns
    Discrete Jitter          (DJ):    0.000ns
    Phase Error              (PE):    0.000ns

    Location             Delay type                Incr(ns)  Path(ns)    Netlist Resource(s)
  -------------------------------------------------------------------    -------------------
                         (clock user_35t_i/mdm_1/U0/Use_E2.BSCAN_I/Use_E2.BSCANE2_I/DRCK fall edge)
                                                     16.667    16.667 f  
    BSCAN_X0Y1           BSCANE2                      0.000    16.667 f  user_35t_i/mdm_1/U0/Use_E2.BSCAN_I/Use_E2.BSCANE2_I/DRCK
                         net (fo=1, routed)           1.912    18.578    user_35t_i/mdm_1/U0/No_Dbg_Reg_Access.BUFG_DRCK/DRCK
    BUFGCTRL_X0Y2        BUFG (Prop_bufg_I_O)         0.096    18.674 f  user_35t_i/mdm_1/U0/No_Dbg_Reg_Access.BUFG_DRCK/Using_FPGA.Native/O
                         net (fo=247, routed)         1.737    20.412    user_35t_i/mdm_1/U0/MDM_Core_I1/JTAG_CONTROL_I/Use_BSCAN.SYNC_FDRE/Using_FPGA.Native_0
    SLICE_X31Y147        FDRE                                         r  user_35t_i/mdm_1/U0/MDM_Core_I1/JTAG_CONTROL_I/Use_BSCAN.SYNC_FDRE/Using_FPGA.Native/C  (IS_INVERTED)
  -------------------------------------------------------------------    -------------------
    SLICE_X31Y147        FDRE (Prop_fdre_C_Q)         0.459    20.871 r  user_35t_i/mdm_1/U0/MDM_Core_I1/JTAG_CONTROL_I/Use_BSCAN.SYNC_FDRE/Using_FPGA.Native/Q
                         net (fo=4, routed)           1.005    21.876    user_35t_i/mdm_1/U0/MDM_Core_I1/JTAG_CONTROL_I/Use_BSCAN.SYNC_FDRE/sync
    SLICE_X29Y145        LUT6 (Prop_lut6_I0_O)        0.124    22.000 r  user_35t_i/mdm_1/U0/MDM_Core_I1/JTAG_CONTROL_I/Use_BSCAN.SYNC_FDRE/Dbg_Shift_0_INST_0/O
                         net (fo=8, routed)           0.822    22.822    user_35t_i/microblaze_0/U0/MicroBlaze_Core_I/Performance.Core/Use_Debug_Logic.Master_Core.Debug_Perf/Dbg_Shift
    SLICE_X30Y143        LUT6 (Prop_lut6_I4_O)        0.124    22.946 r  user_35t_i/microblaze_0/U0/MicroBlaze_Core_I/Performance.Core/Use_Debug_Logic.Master_Core.Debug_Perf/Serial_Dbg_Intf.shift_count[4]_i_1/O
                         net (fo=1, routed)           0.000    22.946    user_35t_i/microblaze_0/U0/MicroBlaze_Core_I/Performance.Core/Use_Debug_Logic.Master_Core.Debug_Perf/p_0_in[4]
    SLICE_X30Y143        FDRE                                         r  user_35t_i/microblaze_0/U0/MicroBlaze_Core_I/Performance.Core/Use_Debug_Logic.Master_Core.Debug_Perf/Serial_Dbg_Intf.shift_count_reg[4]/D
  -------------------------------------------------------------------    -------------------

                         (clock user_35t_i/mdm_1/U0/Use_E2.BSCAN_I/Use_E2.BSCANE2_I/DRCK rise edge)
                                                     33.333    33.333 r  
    BSCAN_X0Y1           BSCANE2                      0.000    33.333 r  user_35t_i/mdm_1/U0/Use_E2.BSCAN_I/Use_E2.BSCANE2_I/DRCK
                         net (fo=1, routed)           1.641    34.974    user_35t_i/mdm_1/U0/No_Dbg_Reg_Access.BUFG_DRCK/DRCK
    BUFGCTRL_X0Y2        BUFG (Prop_bufg_I_O)         0.091    35.065 r  user_35t_i/mdm_1/U0/No_Dbg_Reg_Access.BUFG_DRCK/Using_FPGA.Native/O
                         net (fo=247, routed)         1.609    36.674    user_35t_i/microblaze_0/U0/MicroBlaze_Core_I/Performance.Core/Use_Debug_Logic.Master_Core.Debug_Perf/Dbg_Clk
    SLICE_X30Y143        FDRE                                         r  user_35t_i/microblaze_0/U0/MicroBlaze_Core_I/Performance.Core/Use_Debug_Logic.Master_Core.Debug_Perf/Serial_Dbg_Intf.shift_count_reg[4]/C
                         clock pessimism              0.378    37.052    
                         clock uncertainty           -0.035    37.017    
    SLICE_X30Y143        FDRE (Setup_fdre_C_D)        0.079    37.096    user_35t_i/microblaze_0/U0/MicroBlaze_Core_I/Performance.Core/Use_Debug_Logic.Master_Core.Debug_Perf/Serial_Dbg_Intf.shift_count_reg[4]
  -------------------------------------------------------------------
                         required time                         37.096    
                         arrival time                         -22.946    
  -------------------------------------------------------------------
                         slack                                 14.150    





Min Delay Paths
--------------------------------------------------------------------------------------
Slack (MET) :             0.157ns  (arrival time - required time)
  Source:                 user_35t_i/mdm_1/U0/MDM_Core_I1/JTAG_CONTROL_I/Use_Serial_Unified_Completion.completion_status_reg[15]/C
                            (rising edge-triggered cell FDRE clocked by user_35t_i/mdm_1/U0/Use_E2.BSCAN_I/Use_E2.BSCANE2_I/DRCK  {rise@0.000ns fall@16.667ns period=33.333ns})
  Destination:            user_35t_i/mdm_1/U0/MDM_Core_I1/JTAG_CONTROL_I/Use_Serial_Unified_Completion.completion_status_reg[14]/D
                            (rising edge-triggered cell FDRE clocked by user_35t_i/mdm_1/U0/Use_E2.BSCAN_I/Use_E2.BSCANE2_I/DRCK  {rise@0.000ns fall@16.667ns period=33.333ns})
  Path Group:             user_35t_i/mdm_1/U0/Use_E2.BSCAN_I/Use_E2.BSCANE2_I/DRCK
  Path Type:              Hold (Min at Fast Process Corner)
  Requirement:            0.000ns  (user_35t_i/mdm_1/U0/Use_E2.BSCAN_I/Use_E2.BSCANE2_I/DRCK rise@0.000ns - user_35t_i/mdm_1/U0/Use_E2.BSCAN_I/Use_E2.BSCANE2_I/DRCK rise@0.000ns)
  Data Path Delay:        0.277ns  (logic 0.190ns (68.671%)  route 0.087ns (31.329%))
  Logic Levels:           1  (LUT3=1)
  Clock Path Skew:        0.013ns (DCD - SCD - CPR)
    Destination Clock Delay (DCD):    1.822ns
    Source Clock Delay      (SCD):    1.425ns
    Clock Pessimism Removal (CPR):    0.384ns

    Location             Delay type                Incr(ns)  Path(ns)    Netlist Resource(s)
  -------------------------------------------------------------------    -------------------
                         (clock user_35t_i/mdm_1/U0/Use_E2.BSCAN_I/Use_E2.BSCANE2_I/DRCK rise edge)
                                                      0.000     0.000 r  
    BSCAN_X0Y1           BSCANE2                      0.000     0.000 r  user_35t_i/mdm_1/U0/Use_E2.BSCAN_I/Use_E2.BSCANE2_I/DRCK
                         net (fo=1, routed)           0.755     0.755    user_35t_i/mdm_1/U0/No_Dbg_Reg_Access.BUFG_DRCK/DRCK
    BUFGCTRL_X0Y2        BUFG (Prop_bufg_I_O)         0.026     0.781 r  user_35t_i/mdm_1/U0/No_Dbg_Reg_Access.BUFG_DRCK/Using_FPGA.Native/O
                         net (fo=247, routed)         0.644     1.425    user_35t_i/mdm_1/U0/MDM_Core_I1/JTAG_CONTROL_I/Using_FPGA.Native
    SLICE_X24Y146        FDRE                                         r  user_35t_i/mdm_1/U0/MDM_Core_I1/JTAG_CONTROL_I/Use_Serial_Unified_Completion.completion_status_reg[15]/C
  -------------------------------------------------------------------    -------------------
    SLICE_X24Y146        FDRE (Prop_fdre_C_Q)         0.141     1.566 r  user_35t_i/mdm_1/U0/MDM_Core_I1/JTAG_CONTROL_I/Use_Serial_Unified_Completion.completion_status_reg[15]/Q
                         net (fo=1, routed)           0.087     1.653    user_35t_i/mdm_1/U0/MDM_Core_I1/JTAG_CONTROL_I/completion_status[15]
    SLICE_X25Y146        LUT3 (Prop_lut3_I2_O)        0.049     1.702 r  user_35t_i/mdm_1/U0/MDM_Core_I1/JTAG_CONTROL_I/Use_Serial_Unified_Completion.completion_status[14]_i_1/O
                         net (fo=1, routed)           0.000     1.702    user_35t_i/mdm_1/U0/MDM_Core_I1/JTAG_CONTROL_I/p_1_in[14]
    SLICE_X25Y146        FDRE                                         r  user_35t_i/mdm_1/U0/MDM_Core_I1/JTAG_CONTROL_I/Use_Serial_Unified_Completion.completion_status_reg[14]/D
  -------------------------------------------------------------------    -------------------

                         (clock user_35t_i/mdm_1/U0/Use_E2.BSCAN_I/Use_E2.BSCANE2_I/DRCK rise edge)
                                                      0.000     0.000 r  
    BSCAN_X0Y1           BSCANE2                      0.000     0.000 r  user_35t_i/mdm_1/U0/Use_E2.BSCAN_I/Use_E2.BSCANE2_I/DRCK
                         net (fo=1, routed)           0.875     0.875    user_35t_i/mdm_1/U0/No_Dbg_Reg_Access.BUFG_DRCK/DRCK
    BUFGCTRL_X0Y2        BUFG (Prop_bufg_I_O)         0.029     0.904 r  user_35t_i/mdm_1/U0/No_Dbg_Reg_Access.BUFG_DRCK/Using_FPGA.Native/O
                         net (fo=247, routed)         0.918     1.822    user_35t_i/mdm_1/U0/MDM_Core_I1/JTAG_CONTROL_I/Using_FPGA.Native
    SLICE_X25Y146        FDRE                                         r  user_35t_i/mdm_1/U0/MDM_Core_I1/JTAG_CONTROL_I/Use_Serial_Unified_Completion.completion_status_reg[14]/C
                         clock pessimism             -0.384     1.438    
    SLICE_X25Y146        FDRE (Hold_fdre_C_D)         0.107     1.545    user_35t_i/mdm_1/U0/MDM_Core_I1/JTAG_CONTROL_I/Use_Serial_Unified_Completion.completion_status_reg[14]
  -------------------------------------------------------------------
                         required time                         -1.545    
                         arrival time                           1.702    
  -------------------------------------------------------------------
                         slack                                  0.157    

Slack (MET) :             0.175ns  (arrival time - required time)
  Source:                 user_35t_i/microblaze_0/U0/MicroBlaze_Core_I/Performance.Core/Use_Debug_Logic.Master_Core.Debug_Perf/Serial_Dbg_Intf.shift_datain_reg[13]/C
                            (rising edge-triggered cell FDRE clocked by user_35t_i/mdm_1/U0/Use_E2.BSCAN_I/Use_E2.BSCANE2_I/DRCK  {rise@0.000ns fall@16.667ns period=33.333ns})
  Destination:            user_35t_i/microblaze_0/U0/MicroBlaze_Core_I/Performance.Core/Use_Debug_Logic.Master_Core.Debug_Perf/Serial_Dbg_Intf.New_Instr_Reg_TCK_reg[12]/D
                            (rising edge-triggered cell FDRE clocked by user_35t_i/mdm_1/U0/Use_E2.BSCAN_I/Use_E2.BSCANE2_I/DRCK  {rise@0.000ns fall@16.667ns period=33.333ns})
  Path Group:             user_35t_i/mdm_1/U0/Use_E2.BSCAN_I/Use_E2.BSCANE2_I/DRCK
  Path Type:              Hold (Min at Fast Process Corner)
  Requirement:            0.000ns  (user_35t_i/mdm_1/U0/Use_E2.BSCAN_I/Use_E2.BSCANE2_I/DRCK rise@0.000ns - user_35t_i/mdm_1/U0/Use_E2.BSCAN_I/Use_E2.BSCANE2_I/DRCK rise@0.000ns)
  Data Path Delay:        0.260ns  (logic 0.141ns (54.257%)  route 0.119ns (45.743%))
  Logic Levels:           0  
  Clock Path Skew:        0.015ns (DCD - SCD - CPR)
    Destination Clock Delay (DCD):    1.846ns
    Source Clock Delay      (SCD):    1.449ns
    Clock Pessimism Removal (CPR):    0.382ns

    Location             Delay type                Incr(ns)  Path(ns)    Netlist Resource(s)
  -------------------------------------------------------------------    -------------------
                         (clock user_35t_i/mdm_1/U0/Use_E2.BSCAN_I/Use_E2.BSCANE2_I/DRCK rise edge)
                                                      0.000     0.000 r  
    BSCAN_X0Y1           BSCANE2                      0.000     0.000 r  user_35t_i/mdm_1/U0/Use_E2.BSCAN_I/Use_E2.BSCANE2_I/DRCK
                         net (fo=1, routed)           0.755     0.755    user_35t_i/mdm_1/U0/No_Dbg_Reg_Access.BUFG_DRCK/DRCK
    BUFGCTRL_X0Y2        BUFG (Prop_bufg_I_O)         0.026     0.781 r  user_35t_i/mdm_1/U0/No_Dbg_Reg_Access.BUFG_DRCK/Using_FPGA.Native/O
                         net (fo=247, routed)         0.668     1.449    user_35t_i/microblaze_0/U0/MicroBlaze_Core_I/Performance.Core/Use_Debug_Logic.Master_Core.Debug_Perf/Dbg_Clk
    SLICE_X3Y131         FDRE                                         r  user_35t_i/microblaze_0/U0/MicroBlaze_Core_I/Performance.Core/Use_Debug_Logic.Master_Core.Debug_Perf/Serial_Dbg_Intf.shift_datain_reg[13]/C
  -------------------------------------------------------------------    -------------------
    SLICE_X3Y131         FDRE (Prop_fdre_C_Q)         0.141     1.590 r  user_35t_i/microblaze_0/U0/MicroBlaze_Core_I/Performance.Core/Use_Debug_Logic.Master_Core.Debug_Perf/Serial_Dbg_Intf.shift_datain_reg[13]/Q
                         net (fo=2, routed)           0.119     1.709    user_35t_i/microblaze_0/U0/MicroBlaze_Core_I/Performance.Core/Use_Debug_Logic.Master_Core.Debug_Perf/Serial_Dbg_Intf.shift_datain_reg_n_0_[13]
    SLICE_X3Y132         FDRE                                         r  user_35t_i/microblaze_0/U0/MicroBlaze_Core_I/Performance.Core/Use_Debug_Logic.Master_Core.Debug_Perf/Serial_Dbg_Intf.New_Instr_Reg_TCK_reg[12]/D
  -------------------------------------------------------------------    -------------------

                         (clock user_35t_i/mdm_1/U0/Use_E2.BSCAN_I/Use_E2.BSCANE2_I/DRCK rise edge)
                                                      0.000     0.000 r  
    BSCAN_X0Y1           BSCANE2                      0.000     0.000 r  user_35t_i/mdm_1/U0/Use_E2.BSCAN_I/Use_E2.BSCANE2_I/DRCK
                         net (fo=1, routed)           0.875     0.875    user_35t_i/mdm_1/U0/No_Dbg_Reg_Access.BUFG_DRCK/DRCK
    BUFGCTRL_X0Y2        BUFG (Prop_bufg_I_O)         0.029     0.904 r  user_35t_i/mdm_1/U0/No_Dbg_Reg_Access.BUFG_DRCK/Using_FPGA.Native/O
                         net (fo=247, routed)         0.942     1.846    user_35t_i/microblaze_0/U0/MicroBlaze_Core_I/Performance.Core/Use_Debug_Logic.Master_Core.Debug_Perf/Dbg_Clk
    SLICE_X3Y132         FDRE                                         r  user_35t_i/microblaze_0/U0/MicroBlaze_Core_I/Performance.Core/Use_Debug_Logic.Master_Core.Debug_Perf/Serial_Dbg_Intf.New_Instr_Reg_TCK_reg[12]/C
                         clock pessimism             -0.382     1.464    
    SLICE_X3Y132         FDRE (Hold_fdre_C_D)         0.070     1.534    user_35t_i/microblaze_0/U0/MicroBlaze_Core_I/Performance.Core/Use_Debug_Logic.Master_Core.Debug_Perf/Serial_Dbg_Intf.New_Instr_Reg_TCK_reg[12]
  -------------------------------------------------------------------
                         required time                         -1.534    
                         arrival time                           1.709    
  -------------------------------------------------------------------
                         slack                                  0.175    

Slack (MET) :             0.179ns  (arrival time - required time)
  Source:                 user_35t_i/microblaze_0/U0/MicroBlaze_Core_I/Performance.Core/Use_Debug_Logic.Master_Core.Debug_Perf/Serial_Dbg_Intf.shift_datain_reg[5]/C
                            (rising edge-triggered cell FDRE clocked by user_35t_i/mdm_1/U0/Use_E2.BSCAN_I/Use_E2.BSCANE2_I/DRCK  {rise@0.000ns fall@16.667ns period=33.333ns})
  Destination:            user_35t_i/microblaze_0/U0/MicroBlaze_Core_I/Performance.Core/Use_Debug_Logic.Master_Core.Debug_Perf/Serial_Dbg_Intf.shift_datain_reg[4]/D
                            (rising edge-triggered cell FDRE clocked by user_35t_i/mdm_1/U0/Use_E2.BSCAN_I/Use_E2.BSCANE2_I/DRCK  {rise@0.000ns fall@16.667ns period=33.333ns})
  Path Group:             user_35t_i/mdm_1/U0/Use_E2.BSCAN_I/Use_E2.BSCANE2_I/DRCK
  Path Type:              Hold (Min at Fast Process Corner)
  Requirement:            0.000ns  (user_35t_i/mdm_1/U0/Use_E2.BSCAN_I/Use_E2.BSCANE2_I/DRCK rise@0.000ns - user_35t_i/mdm_1/U0/Use_E2.BSCAN_I/Use_E2.BSCANE2_I/DRCK rise@0.000ns)
  Data Path Delay:        0.256ns  (logic 0.141ns (55.136%)  route 0.115ns (44.864%))
  Logic Levels:           0  
  Clock Path Skew:        0.014ns (DCD - SCD - CPR)
    Destination Clock Delay (DCD):    1.842ns
    Source Clock Delay      (SCD):    1.447ns
    Clock Pessimism Removal (CPR):    0.381ns

    Location             Delay type                Incr(ns)  Path(ns)    Netlist Resource(s)
  -------------------------------------------------------------------    -------------------
                         (clock user_35t_i/mdm_1/U0/Use_E2.BSCAN_I/Use_E2.BSCANE2_I/DRCK rise edge)
                                                      0.000     0.000 r  
    BSCAN_X0Y1           BSCANE2                      0.000     0.000 r  user_35t_i/mdm_1/U0/Use_E2.BSCAN_I/Use_E2.BSCANE2_I/DRCK
                         net (fo=1, routed)           0.755     0.755    user_35t_i/mdm_1/U0/No_Dbg_Reg_Access.BUFG_DRCK/DRCK
    BUFGCTRL_X0Y2        BUFG (Prop_bufg_I_O)         0.026     0.781 r  user_35t_i/mdm_1/U0/No_Dbg_Reg_Access.BUFG_DRCK/Using_FPGA.Native/O
                         net (fo=247, routed)         0.666     1.447    user_35t_i/microblaze_0/U0/MicroBlaze_Core_I/Performance.Core/Use_Debug_Logic.Master_Core.Debug_Perf/Dbg_Clk
    SLICE_X4Y130         FDRE                                         r  user_35t_i/microblaze_0/U0/MicroBlaze_Core_I/Performance.Core/Use_Debug_Logic.Master_Core.Debug_Perf/Serial_Dbg_Intf.shift_datain_reg[5]/C
  -------------------------------------------------------------------    -------------------
    SLICE_X4Y130         FDRE (Prop_fdre_C_Q)         0.141     1.588 r  user_35t_i/microblaze_0/U0/MicroBlaze_Core_I/Performance.Core/Use_Debug_Logic.Master_Core.Debug_Perf/Serial_Dbg_Intf.shift_datain_reg[5]/Q
                         net (fo=2, routed)           0.115     1.703    user_35t_i/microblaze_0/U0/MicroBlaze_Core_I/Performance.Core/Use_Debug_Logic.Master_Core.Debug_Perf/Serial_Dbg_Intf.shift_datain_reg_n_0_[5]
    SLICE_X6Y130         FDRE                                         r  user_35t_i/microblaze_0/U0/MicroBlaze_Core_I/Performance.Core/Use_Debug_Logic.Master_Core.Debug_Perf/Serial_Dbg_Intf.shift_datain_reg[4]/D
  -------------------------------------------------------------------    -------------------

                         (clock user_35t_i/mdm_1/U0/Use_E2.BSCAN_I/Use_E2.BSCANE2_I/DRCK rise edge)
                                                      0.000     0.000 r  
    BSCAN_X0Y1           BSCANE2                      0.000     0.000 r  user_35t_i/mdm_1/U0/Use_E2.BSCAN_I/Use_E2.BSCANE2_I/DRCK
                         net (fo=1, routed)           0.875     0.875    user_35t_i/mdm_1/U0/No_Dbg_Reg_Access.BUFG_DRCK/DRCK
    BUFGCTRL_X0Y2        BUFG (Prop_bufg_I_O)         0.029     0.904 r  user_35t_i/mdm_1/U0/No_Dbg_Reg_Access.BUFG_DRCK/Using_FPGA.Native/O
                         net (fo=247, routed)         0.938     1.842    user_35t_i/microblaze_0/U0/MicroBlaze_Core_I/Performance.Core/Use_Debug_Logic.Master_Core.Debug_Perf/Dbg_Clk
    SLICE_X6Y130         FDRE                                         r  user_35t_i/microblaze_0/U0/MicroBlaze_Core_I/Performance.Core/Use_Debug_Logic.Master_Core.Debug_Perf/Serial_Dbg_Intf.shift_datain_reg[4]/C
                         clock pessimism             -0.381     1.461    
    SLICE_X6Y130         FDRE (Hold_fdre_C_D)         0.063     1.524    user_35t_i/microblaze_0/U0/MicroBlaze_Core_I/Performance.Core/Use_Debug_Logic.Master_Core.Debug_Perf/Serial_Dbg_Intf.shift_datain_reg[4]
  -------------------------------------------------------------------
                         required time                         -1.524    
                         arrival time                           1.703    
  -------------------------------------------------------------------
                         slack                                  0.179    

Slack (MET) :             0.179ns  (arrival time - required time)
  Source:                 user_35t_i/mdm_1/U0/MDM_Core_I1/Use_BSCAN.Config_Reg_reg[3]/C
                            (rising edge-triggered cell FDCE clocked by user_35t_i/mdm_1/U0/Use_E2.BSCAN_I/Use_E2.BSCANE2_I/DRCK  {rise@0.000ns fall@16.667ns period=33.333ns})
  Destination:            user_35t_i/mdm_1/U0/MDM_Core_I1/Use_BSCAN.Config_Reg_reg[2]/D
                            (rising edge-triggered cell FDPE clocked by user_35t_i/mdm_1/U0/Use_E2.BSCAN_I/Use_E2.BSCANE2_I/DRCK  {rise@0.000ns fall@16.667ns period=33.333ns})
  Path Group:             user_35t_i/mdm_1/U0/Use_E2.BSCAN_I/Use_E2.BSCANE2_I/DRCK
  Path Type:              Hold (Min at Fast Process Corner)
  Requirement:            0.000ns  (user_35t_i/mdm_1/U0/Use_E2.BSCAN_I/Use_E2.BSCANE2_I/DRCK rise@0.000ns - user_35t_i/mdm_1/U0/Use_E2.BSCAN_I/Use_E2.BSCANE2_I/DRCK rise@0.000ns)
  Data Path Delay:        0.251ns  (logic 0.141ns (56.174%)  route 0.110ns (43.826%))
  Logic Levels:           0  
  Clock Path Skew:        0.000ns (DCD - SCD - CPR)
    Destination Clock Delay (DCD):    1.817ns
    Source Clock Delay      (SCD):    1.421ns
    Clock Pessimism Removal (CPR):    0.396ns

    Location             Delay type                Incr(ns)  Path(ns)    Netlist Resource(s)
  -------------------------------------------------------------------    -------------------
                         (clock user_35t_i/mdm_1/U0/Use_E2.BSCAN_I/Use_E2.BSCANE2_I/DRCK rise edge)
                                                      0.000     0.000 r  
    BSCAN_X0Y1           BSCANE2                      0.000     0.000 r  user_35t_i/mdm_1/U0/Use_E2.BSCAN_I/Use_E2.BSCANE2_I/DRCK
                         net (fo=1, routed)           0.755     0.755    user_35t_i/mdm_1/U0/No_Dbg_Reg_Access.BUFG_DRCK/DRCK
    BUFGCTRL_X0Y2        BUFG (Prop_bufg_I_O)         0.026     0.781 r  user_35t_i/mdm_1/U0/No_Dbg_Reg_Access.BUFG_DRCK/Using_FPGA.Native/O
                         net (fo=247, routed)         0.640     1.421    user_35t_i/mdm_1/U0/MDM_Core_I1/Using_FPGA.Native
    SLICE_X47Y137        FDCE                                         r  user_35t_i/mdm_1/U0/MDM_Core_I1/Use_BSCAN.Config_Reg_reg[3]/C
  -------------------------------------------------------------------    -------------------
    SLICE_X47Y137        FDCE (Prop_fdce_C_Q)         0.141     1.562 r  user_35t_i/mdm_1/U0/MDM_Core_I1/Use_BSCAN.Config_Reg_reg[3]/Q
                         net (fo=1, routed)           0.110     1.672    user_35t_i/mdm_1/U0/MDM_Core_I1/Use_BSCAN.Config_Reg_reg_n_0_[3]
    SLICE_X47Y137        FDPE                                         r  user_35t_i/mdm_1/U0/MDM_Core_I1/Use_BSCAN.Config_Reg_reg[2]/D
  -------------------------------------------------------------------    -------------------

                         (clock user_35t_i/mdm_1/U0/Use_E2.BSCAN_I/Use_E2.BSCANE2_I/DRCK rise edge)
                                                      0.000     0.000 r  
    BSCAN_X0Y1           BSCANE2                      0.000     0.000 r  user_35t_i/mdm_1/U0/Use_E2.BSCAN_I/Use_E2.BSCANE2_I/DRCK
                         net (fo=1, routed)           0.875     0.875    user_35t_i/mdm_1/U0/No_Dbg_Reg_Access.BUFG_DRCK/DRCK
    BUFGCTRL_X0Y2        BUFG (Prop_bufg_I_O)         0.029     0.904 r  user_35t_i/mdm_1/U0/No_Dbg_Reg_Access.BUFG_DRCK/Using_FPGA.Native/O
                         net (fo=247, routed)         0.913     1.817    user_35t_i/mdm_1/U0/MDM_Core_I1/Using_FPGA.Native
    SLICE_X47Y137        FDPE                                         r  user_35t_i/mdm_1/U0/MDM_Core_I1/Use_BSCAN.Config_Reg_reg[2]/C
                         clock pessimism             -0.396     1.421    
    SLICE_X47Y137        FDPE (Hold_fdpe_C_D)         0.072     1.493    user_35t_i/mdm_1/U0/MDM_Core_I1/Use_BSCAN.Config_Reg_reg[2]
  -------------------------------------------------------------------
                         required time                         -1.493    
                         arrival time                           1.672    
  -------------------------------------------------------------------
                         slack                                  0.179    

Slack (MET) :             0.186ns  (arrival time - required time)
  Source:                 user_35t_i/mdm_1/U0/MDM_Core_I1/Use_BSCAN.Config_Reg_reg[2]/C
                            (rising edge-triggered cell FDPE clocked by user_35t_i/mdm_1/U0/Use_E2.BSCAN_I/Use_E2.BSCANE2_I/DRCK  {rise@0.000ns fall@16.667ns period=33.333ns})
  Destination:            user_35t_i/mdm_1/U0/MDM_Core_I1/Use_BSCAN.Config_Reg_reg[1]/D
                            (rising edge-triggered cell FDPE clocked by user_35t_i/mdm_1/U0/Use_E2.BSCAN_I/Use_E2.BSCANE2_I/DRCK  {rise@0.000ns fall@16.667ns period=33.333ns})
  Path Group:             user_35t_i/mdm_1/U0/Use_E2.BSCAN_I/Use_E2.BSCANE2_I/DRCK
  Path Type:              Hold (Min at Fast Process Corner)
  Requirement:            0.000ns  (user_35t_i/mdm_1/U0/Use_E2.BSCAN_I/Use_E2.BSCANE2_I/DRCK rise@0.000ns - user_35t_i/mdm_1/U0/Use_E2.BSCAN_I/Use_E2.BSCANE2_I/DRCK rise@0.000ns)
  Data Path Delay:        0.257ns  (logic 0.141ns (54.828%)  route 0.116ns (45.172%))
  Logic Levels:           0  
  Clock Path Skew:        0.000ns (DCD - SCD - CPR)
    Destination Clock Delay (DCD):    1.817ns
    Source Clock Delay      (SCD):    1.421ns
    Clock Pessimism Removal (CPR):    0.396ns

    Location             Delay type                Incr(ns)  Path(ns)    Netlist Resource(s)
  -------------------------------------------------------------------    -------------------
                         (clock user_35t_i/mdm_1/U0/Use_E2.BSCAN_I/Use_E2.BSCANE2_I/DRCK rise edge)
                                                      0.000     0.000 r  
    BSCAN_X0Y1           BSCANE2                      0.000     0.000 r  user_35t_i/mdm_1/U0/Use_E2.BSCAN_I/Use_E2.BSCANE2_I/DRCK
                         net (fo=1, routed)           0.755     0.755    user_35t_i/mdm_1/U0/No_Dbg_Reg_Access.BUFG_DRCK/DRCK
    BUFGCTRL_X0Y2        BUFG (Prop_bufg_I_O)         0.026     0.781 r  user_35t_i/mdm_1/U0/No_Dbg_Reg_Access.BUFG_DRCK/Using_FPGA.Native/O
                         net (fo=247, routed)         0.640     1.421    user_35t_i/mdm_1/U0/MDM_Core_I1/Using_FPGA.Native
    SLICE_X47Y137        FDPE                                         r  user_35t_i/mdm_1/U0/MDM_Core_I1/Use_BSCAN.Config_Reg_reg[2]/C
  -------------------------------------------------------------------    -------------------
    SLICE_X47Y137        FDPE (Prop_fdpe_C_Q)         0.141     1.562 r  user_35t_i/mdm_1/U0/MDM_Core_I1/Use_BSCAN.Config_Reg_reg[2]/Q
                         net (fo=1, routed)           0.116     1.678    user_35t_i/mdm_1/U0/MDM_Core_I1/Use_BSCAN.Config_Reg_reg_n_0_[2]
    SLICE_X47Y137        FDPE                                         r  user_35t_i/mdm_1/U0/MDM_Core_I1/Use_BSCAN.Config_Reg_reg[1]/D
  -------------------------------------------------------------------    -------------------

                         (clock user_35t_i/mdm_1/U0/Use_E2.BSCAN_I/Use_E2.BSCANE2_I/DRCK rise edge)
                                                      0.000     0.000 r  
    BSCAN_X0Y1           BSCANE2                      0.000     0.000 r  user_35t_i/mdm_1/U0/Use_E2.BSCAN_I/Use_E2.BSCANE2_I/DRCK
                         net (fo=1, routed)           0.875     0.875    user_35t_i/mdm_1/U0/No_Dbg_Reg_Access.BUFG_DRCK/DRCK
    BUFGCTRL_X0Y2        BUFG (Prop_bufg_I_O)         0.029     0.904 r  user_35t_i/mdm_1/U0/No_Dbg_Reg_Access.BUFG_DRCK/Using_FPGA.Native/O
                         net (fo=247, routed)         0.913     1.817    user_35t_i/mdm_1/U0/MDM_Core_I1/Using_FPGA.Native
    SLICE_X47Y137        FDPE                                         r  user_35t_i/mdm_1/U0/MDM_Core_I1/Use_BSCAN.Config_Reg_reg[1]/C
                         clock pessimism             -0.396     1.421    
    SLICE_X47Y137        FDPE (Hold_fdpe_C_D)         0.071     1.492    user_35t_i/mdm_1/U0/MDM_Core_I1/Use_BSCAN.Config_Reg_reg[1]
  -------------------------------------------------------------------
                         required time                         -1.492    
                         arrival time                           1.678    
  -------------------------------------------------------------------
                         slack                                  0.186    

Slack (MET) :             0.186ns  (arrival time - required time)
  Source:                 user_35t_i/mdm_1/U0/MDM_Core_I1/Use_BSCAN.Config_Reg_reg_c_11/C
                            (rising edge-triggered cell FDCE clocked by user_35t_i/mdm_1/U0/Use_E2.BSCAN_I/Use_E2.BSCANE2_I/DRCK  {rise@0.000ns fall@16.667ns period=33.333ns})
  Destination:            user_35t_i/mdm_1/U0/MDM_Core_I1/Use_BSCAN.Config_Reg_reg_c_12/D
                            (rising edge-triggered cell FDCE clocked by user_35t_i/mdm_1/U0/Use_E2.BSCAN_I/Use_E2.BSCANE2_I/DRCK  {rise@0.000ns fall@16.667ns period=33.333ns})
  Path Group:             user_35t_i/mdm_1/U0/Use_E2.BSCAN_I/Use_E2.BSCANE2_I/DRCK
  Path Type:              Hold (Min at Fast Process Corner)
  Requirement:            0.000ns  (user_35t_i/mdm_1/U0/Use_E2.BSCAN_I/Use_E2.BSCANE2_I/DRCK rise@0.000ns - user_35t_i/mdm_1/U0/Use_E2.BSCAN_I/Use_E2.BSCANE2_I/DRCK rise@0.000ns)
  Data Path Delay:        0.257ns  (logic 0.141ns (54.828%)  route 0.116ns (45.172%))
  Logic Levels:           0  
  Clock Path Skew:        0.000ns (DCD - SCD - CPR)
    Destination Clock Delay (DCD):    1.816ns
    Source Clock Delay      (SCD):    1.420ns
    Clock Pessimism Removal (CPR):    0.396ns

    Location             Delay type                Incr(ns)  Path(ns)    Netlist Resource(s)
  -------------------------------------------------------------------    -------------------
                         (clock user_35t_i/mdm_1/U0/Use_E2.BSCAN_I/Use_E2.BSCANE2_I/DRCK rise edge)
                                                      0.000     0.000 r  
    BSCAN_X0Y1           BSCANE2                      0.000     0.000 r  user_35t_i/mdm_1/U0/Use_E2.BSCAN_I/Use_E2.BSCANE2_I/DRCK
                         net (fo=1, routed)           0.755     0.755    user_35t_i/mdm_1/U0/No_Dbg_Reg_Access.BUFG_DRCK/DRCK
    BUFGCTRL_X0Y2        BUFG (Prop_bufg_I_O)         0.026     0.781 r  user_35t_i/mdm_1/U0/No_Dbg_Reg_Access.BUFG_DRCK/Using_FPGA.Native/O
                         net (fo=247, routed)         0.639     1.420    user_35t_i/mdm_1/U0/MDM_Core_I1/Using_FPGA.Native
    SLICE_X47Y136        FDCE                                         r  user_35t_i/mdm_1/U0/MDM_Core_I1/Use_BSCAN.Config_Reg_reg_c_11/C
  -------------------------------------------------------------------    -------------------
    SLICE_X47Y136        FDCE (Prop_fdce_C_Q)         0.141     1.561 r  user_35t_i/mdm_1/U0/MDM_Core_I1/Use_BSCAN.Config_Reg_reg_c_11/Q
                         net (fo=1, routed)           0.116     1.677    user_35t_i/mdm_1/U0/MDM_Core_I1/Use_BSCAN.Config_Reg_reg_c_11_n_0
    SLICE_X47Y136        FDCE                                         r  user_35t_i/mdm_1/U0/MDM_Core_I1/Use_BSCAN.Config_Reg_reg_c_12/D
  -------------------------------------------------------------------    -------------------

                         (clock user_35t_i/mdm_1/U0/Use_E2.BSCAN_I/Use_E2.BSCANE2_I/DRCK rise edge)
                                                      0.000     0.000 r  
    BSCAN_X0Y1           BSCANE2                      0.000     0.000 r  user_35t_i/mdm_1/U0/Use_E2.BSCAN_I/Use_E2.BSCANE2_I/DRCK
                         net (fo=1, routed)           0.875     0.875    user_35t_i/mdm_1/U0/No_Dbg_Reg_Access.BUFG_DRCK/DRCK
    BUFGCTRL_X0Y2        BUFG (Prop_bufg_I_O)         0.029     0.904 r  user_35t_i/mdm_1/U0/No_Dbg_Reg_Access.BUFG_DRCK/Using_FPGA.Native/O
                         net (fo=247, routed)         0.912     1.816    user_35t_i/mdm_1/U0/MDM_Core_I1/Using_FPGA.Native
    SLICE_X47Y136        FDCE                                         r  user_35t_i/mdm_1/U0/MDM_Core_I1/Use_BSCAN.Config_Reg_reg_c_12/C
                         clock pessimism             -0.396     1.420    
    SLICE_X47Y136        FDCE (Hold_fdce_C_D)         0.071     1.491    user_35t_i/mdm_1/U0/MDM_Core_I1/Use_BSCAN.Config_Reg_reg_c_12
  -------------------------------------------------------------------
                         required time                         -1.491    
                         arrival time                           1.677    
  -------------------------------------------------------------------
                         slack                                  0.186    

Slack (MET) :             0.186ns  (arrival time - required time)
  Source:                 user_35t_i/mdm_1/U0/MDM_Core_I1/Use_BSCAN.Config_Reg_reg_c_9/C
                            (rising edge-triggered cell FDCE clocked by user_35t_i/mdm_1/U0/Use_E2.BSCAN_I/Use_E2.BSCANE2_I/DRCK  {rise@0.000ns fall@16.667ns period=33.333ns})
  Destination:            user_35t_i/mdm_1/U0/MDM_Core_I1/Use_BSCAN.Config_Reg_reg_c_10/D
                            (rising edge-triggered cell FDCE clocked by user_35t_i/mdm_1/U0/Use_E2.BSCAN_I/Use_E2.BSCANE2_I/DRCK  {rise@0.000ns fall@16.667ns period=33.333ns})
  Path Group:             user_35t_i/mdm_1/U0/Use_E2.BSCAN_I/Use_E2.BSCANE2_I/DRCK
  Path Type:              Hold (Min at Fast Process Corner)
  Requirement:            0.000ns  (user_35t_i/mdm_1/U0/Use_E2.BSCAN_I/Use_E2.BSCANE2_I/DRCK rise@0.000ns - user_35t_i/mdm_1/U0/Use_E2.BSCAN_I/Use_E2.BSCANE2_I/DRCK rise@0.000ns)
  Data Path Delay:        0.180ns  (logic 0.128ns (71.030%)  route 0.052ns (28.970%))
  Logic Levels:           0  
  Clock Path Skew:        0.000ns (DCD - SCD - CPR)
    Destination Clock Delay (DCD):    1.816ns
    Source Clock Delay      (SCD):    1.420ns
    Clock Pessimism Removal (CPR):    0.396ns

    Location             Delay type                Incr(ns)  Path(ns)    Netlist Resource(s)
  -------------------------------------------------------------------    -------------------
                         (clock user_35t_i/mdm_1/U0/Use_E2.BSCAN_I/Use_E2.BSCANE2_I/DRCK rise edge)
                                                      0.000     0.000 r  
    BSCAN_X0Y1           BSCANE2                      0.000     0.000 r  user_35t_i/mdm_1/U0/Use_E2.BSCAN_I/Use_E2.BSCANE2_I/DRCK
                         net (fo=1, routed)           0.755     0.755    user_35t_i/mdm_1/U0/No_Dbg_Reg_Access.BUFG_DRCK/DRCK
    BUFGCTRL_X0Y2        BUFG (Prop_bufg_I_O)         0.026     0.781 r  user_35t_i/mdm_1/U0/No_Dbg_Reg_Access.BUFG_DRCK/Using_FPGA.Native/O
                         net (fo=247, routed)         0.639     1.420    user_35t_i/mdm_1/U0/MDM_Core_I1/Using_FPGA.Native
    SLICE_X47Y136        FDCE                                         r  user_35t_i/mdm_1/U0/MDM_Core_I1/Use_BSCAN.Config_Reg_reg_c_9/C
  -------------------------------------------------------------------    -------------------
    SLICE_X47Y136        FDCE (Prop_fdce_C_Q)         0.128     1.548 r  user_35t_i/mdm_1/U0/MDM_Core_I1/Use_BSCAN.Config_Reg_reg_c_9/Q
                         net (fo=1, routed)           0.052     1.600    user_35t_i/mdm_1/U0/MDM_Core_I1/Use_BSCAN.Config_Reg_reg_c_9_n_0
    SLICE_X47Y136        FDCE                                         r  user_35t_i/mdm_1/U0/MDM_Core_I1/Use_BSCAN.Config_Reg_reg_c_10/D
  -------------------------------------------------------------------    -------------------

                         (clock user_35t_i/mdm_1/U0/Use_E2.BSCAN_I/Use_E2.BSCANE2_I/DRCK rise edge)
                                                      0.000     0.000 r  
    BSCAN_X0Y1           BSCANE2                      0.000     0.000 r  user_35t_i/mdm_1/U0/Use_E2.BSCAN_I/Use_E2.BSCANE2_I/DRCK
                         net (fo=1, routed)           0.875     0.875    user_35t_i/mdm_1/U0/No_Dbg_Reg_Access.BUFG_DRCK/DRCK
    BUFGCTRL_X0Y2        BUFG (Prop_bufg_I_O)         0.029     0.904 r  user_35t_i/mdm_1/U0/No_Dbg_Reg_Access.BUFG_DRCK/Using_FPGA.Native/O
                         net (fo=247, routed)         0.912     1.816    user_35t_i/mdm_1/U0/MDM_Core_I1/Using_FPGA.Native
    SLICE_X47Y136        FDCE                                         r  user_35t_i/mdm_1/U0/MDM_Core_I1/Use_BSCAN.Config_Reg_reg_c_10/C
                         clock pessimism             -0.396     1.420    
    SLICE_X47Y136        FDCE (Hold_fdce_C_D)        -0.006     1.414    user_35t_i/mdm_1/U0/MDM_Core_I1/Use_BSCAN.Config_Reg_reg_c_10
  -------------------------------------------------------------------
                         required time                         -1.414    
                         arrival time                           1.600    
  -------------------------------------------------------------------
                         slack                                  0.186    

Slack (MET) :             0.187ns  (arrival time - required time)
  Source:                 user_35t_i/mdm_1/U0/MDM_Core_I1/Use_BSCAN.Config_Reg_reg_c_2/C
                            (rising edge-triggered cell FDCE clocked by user_35t_i/mdm_1/U0/Use_E2.BSCAN_I/Use_E2.BSCANE2_I/DRCK  {rise@0.000ns fall@16.667ns period=33.333ns})
  Destination:            user_35t_i/mdm_1/U0/MDM_Core_I1/Use_BSCAN.Config_Reg_reg_c_3/D
                            (rising edge-triggered cell FDCE clocked by user_35t_i/mdm_1/U0/Use_E2.BSCAN_I/Use_E2.BSCANE2_I/DRCK  {rise@0.000ns fall@16.667ns period=33.333ns})
  Path Group:             user_35t_i/mdm_1/U0/Use_E2.BSCAN_I/Use_E2.BSCANE2_I/DRCK
  Path Type:              Hold (Min at Fast Process Corner)
  Requirement:            0.000ns  (user_35t_i/mdm_1/U0/Use_E2.BSCAN_I/Use_E2.BSCANE2_I/DRCK rise@0.000ns - user_35t_i/mdm_1/U0/Use_E2.BSCAN_I/Use_E2.BSCANE2_I/DRCK rise@0.000ns)
  Data Path Delay:        0.262ns  (logic 0.141ns (53.880%)  route 0.121ns (46.120%))
  Logic Levels:           0  
  Clock Path Skew:        0.000ns (DCD - SCD - CPR)
    Destination Clock Delay (DCD):    1.819ns
    Source Clock Delay      (SCD):    1.423ns
    Clock Pessimism Removal (CPR):    0.396ns

    Location             Delay type                Incr(ns)  Path(ns)    Netlist Resource(s)
  -------------------------------------------------------------------    -------------------
                         (clock user_35t_i/mdm_1/U0/Use_E2.BSCAN_I/Use_E2.BSCANE2_I/DRCK rise edge)
                                                      0.000     0.000 r  
    BSCAN_X0Y1           BSCANE2                      0.000     0.000 r  user_35t_i/mdm_1/U0/Use_E2.BSCAN_I/Use_E2.BSCANE2_I/DRCK
                         net (fo=1, routed)           0.755     0.755    user_35t_i/mdm_1/U0/No_Dbg_Reg_Access.BUFG_DRCK/DRCK
    BUFGCTRL_X0Y2        BUFG (Prop_bufg_I_O)         0.026     0.781 r  user_35t_i/mdm_1/U0/No_Dbg_Reg_Access.BUFG_DRCK/Using_FPGA.Native/O
                         net (fo=247, routed)         0.642     1.423    user_35t_i/mdm_1/U0/MDM_Core_I1/Using_FPGA.Native
    SLICE_X48Y137        FDCE                                         r  user_35t_i/mdm_1/U0/MDM_Core_I1/Use_BSCAN.Config_Reg_reg_c_2/C
  -------------------------------------------------------------------    -------------------
    SLICE_X48Y137        FDCE (Prop_fdce_C_Q)         0.141     1.564 r  user_35t_i/mdm_1/U0/MDM_Core_I1/Use_BSCAN.Config_Reg_reg_c_2/Q
                         net (fo=1, routed)           0.121     1.685    user_35t_i/mdm_1/U0/MDM_Core_I1/Use_BSCAN.Config_Reg_reg_c_2_n_0
    SLICE_X48Y137        FDCE                                         r  user_35t_i/mdm_1/U0/MDM_Core_I1/Use_BSCAN.Config_Reg_reg_c_3/D
  -------------------------------------------------------------------    -------------------

                         (clock user_35t_i/mdm_1/U0/Use_E2.BSCAN_I/Use_E2.BSCANE2_I/DRCK rise edge)
                                                      0.000     0.000 r  
    BSCAN_X0Y1           BSCANE2                      0.000     0.000 r  user_35t_i/mdm_1/U0/Use_E2.BSCAN_I/Use_E2.BSCANE2_I/DRCK
                         net (fo=1, routed)           0.875     0.875    user_35t_i/mdm_1/U0/No_Dbg_Reg_Access.BUFG_DRCK/DRCK
    BUFGCTRL_X0Y2        BUFG (Prop_bufg_I_O)         0.029     0.904 r  user_35t_i/mdm_1/U0/No_Dbg_Reg_Access.BUFG_DRCK/Using_FPGA.Native/O
                         net (fo=247, routed)         0.915     1.819    user_35t_i/mdm_1/U0/MDM_Core_I1/Using_FPGA.Native
    SLICE_X48Y137        FDCE                                         r  user_35t_i/mdm_1/U0/MDM_Core_I1/Use_BSCAN.Config_Reg_reg_c_3/C
                         clock pessimism             -0.396     1.423    
    SLICE_X48Y137        FDCE (Hold_fdce_C_D)         0.075     1.498    user_35t_i/mdm_1/U0/MDM_Core_I1/Use_BSCAN.Config_Reg_reg_c_3
  -------------------------------------------------------------------
                         required time                         -1.498    
                         arrival time                           1.685    
  -------------------------------------------------------------------
                         slack                                  0.187    

Slack (MET) :             0.188ns  (arrival time - required time)
  Source:                 user_35t_i/microblaze_0/U0/MicroBlaze_Core_I/Performance.Core/Use_Debug_Logic.Master_Core.Debug_Perf/Serial_Dbg_Intf.shift_datain_reg[10]/C
                            (rising edge-triggered cell FDRE clocked by user_35t_i/mdm_1/U0/Use_E2.BSCAN_I/Use_E2.BSCANE2_I/DRCK  {rise@0.000ns fall@16.667ns period=33.333ns})
  Destination:            user_35t_i/microblaze_0/U0/MicroBlaze_Core_I/Performance.Core/Use_Debug_Logic.Master_Core.Debug_Perf/Serial_Dbg_Intf.shift_datain_reg[9]/D
                            (rising edge-triggered cell FDRE clocked by user_35t_i/mdm_1/U0/Use_E2.BSCAN_I/Use_E2.BSCANE2_I/DRCK  {rise@0.000ns fall@16.667ns period=33.333ns})
  Path Group:             user_35t_i/mdm_1/U0/Use_E2.BSCAN_I/Use_E2.BSCANE2_I/DRCK
  Path Type:              Hold (Min at Fast Process Corner)
  Requirement:            0.000ns  (user_35t_i/mdm_1/U0/Use_E2.BSCAN_I/Use_E2.BSCANE2_I/DRCK rise@0.000ns - user_35t_i/mdm_1/U0/Use_E2.BSCAN_I/Use_E2.BSCANE2_I/DRCK rise@0.000ns)
  Data Path Delay:        0.264ns  (logic 0.141ns (53.317%)  route 0.123ns (46.683%))
  Logic Levels:           0  
  Clock Path Skew:        0.000ns (DCD - SCD - CPR)
    Destination Clock Delay (DCD):    1.842ns
    Source Clock Delay      (SCD):    1.447ns
    Clock Pessimism Removal (CPR):    0.395ns

    Location             Delay type                Incr(ns)  Path(ns)    Netlist Resource(s)
  -------------------------------------------------------------------    -------------------
                         (clock user_35t_i/mdm_1/U0/Use_E2.BSCAN_I/Use_E2.BSCANE2_I/DRCK rise edge)
                                                      0.000     0.000 r  
    BSCAN_X0Y1           BSCANE2                      0.000     0.000 r  user_35t_i/mdm_1/U0/Use_E2.BSCAN_I/Use_E2.BSCANE2_I/DRCK
                         net (fo=1, routed)           0.755     0.755    user_35t_i/mdm_1/U0/No_Dbg_Reg_Access.BUFG_DRCK/DRCK
    BUFGCTRL_X0Y2        BUFG (Prop_bufg_I_O)         0.026     0.781 r  user_35t_i/mdm_1/U0/No_Dbg_Reg_Access.BUFG_DRCK/Using_FPGA.Native/O
                         net (fo=247, routed)         0.666     1.447    user_35t_i/microblaze_0/U0/MicroBlaze_Core_I/Performance.Core/Use_Debug_Logic.Master_Core.Debug_Perf/Dbg_Clk
    SLICE_X4Y130         FDRE                                         r  user_35t_i/microblaze_0/U0/MicroBlaze_Core_I/Performance.Core/Use_Debug_Logic.Master_Core.Debug_Perf/Serial_Dbg_Intf.shift_datain_reg[10]/C
  -------------------------------------------------------------------    -------------------
    SLICE_X4Y130         FDRE (Prop_fdre_C_Q)         0.141     1.588 r  user_35t_i/microblaze_0/U0/MicroBlaze_Core_I/Performance.Core/Use_Debug_Logic.Master_Core.Debug_Perf/Serial_Dbg_Intf.shift_datain_reg[10]/Q
                         net (fo=2, routed)           0.123     1.711    user_35t_i/microblaze_0/U0/MicroBlaze_Core_I/Performance.Core/Use_Debug_Logic.Master_Core.Debug_Perf/Serial_Dbg_Intf.shift_datain_reg_n_0_[10]
    SLICE_X4Y130         FDRE                                         r  user_35t_i/microblaze_0/U0/MicroBlaze_Core_I/Performance.Core/Use_Debug_Logic.Master_Core.Debug_Perf/Serial_Dbg_Intf.shift_datain_reg[9]/D
  -------------------------------------------------------------------    -------------------

                         (clock user_35t_i/mdm_1/U0/Use_E2.BSCAN_I/Use_E2.BSCANE2_I/DRCK rise edge)
                                                      0.000     0.000 r  
    BSCAN_X0Y1           BSCANE2                      0.000     0.000 r  user_35t_i/mdm_1/U0/Use_E2.BSCAN_I/Use_E2.BSCANE2_I/DRCK
                         net (fo=1, routed)           0.875     0.875    user_35t_i/mdm_1/U0/No_Dbg_Reg_Access.BUFG_DRCK/DRCK
    BUFGCTRL_X0Y2        BUFG (Prop_bufg_I_O)         0.029     0.904 r  user_35t_i/mdm_1/U0/No_Dbg_Reg_Access.BUFG_DRCK/Using_FPGA.Native/O
                         net (fo=247, routed)         0.938     1.842    user_35t_i/microblaze_0/U0/MicroBlaze_Core_I/Performance.Core/Use_Debug_Logic.Master_Core.Debug_Perf/Dbg_Clk
    SLICE_X4Y130         FDRE                                         r  user_35t_i/microblaze_0/U0/MicroBlaze_Core_I/Performance.Core/Use_Debug_Logic.Master_Core.Debug_Perf/Serial_Dbg_Intf.shift_datain_reg[9]/C
                         clock pessimism             -0.395     1.447    
    SLICE_X4Y130         FDRE (Hold_fdre_C_D)         0.076     1.523    user_35t_i/microblaze_0/U0/MicroBlaze_Core_I/Performance.Core/Use_Debug_Logic.Master_Core.Debug_Perf/Serial_Dbg_Intf.shift_datain_reg[9]
  -------------------------------------------------------------------
                         required time                         -1.523    
                         arrival time                           1.711    
  -------------------------------------------------------------------
                         slack                                  0.188    

Slack (MET) :             0.191ns  (arrival time - required time)
  Source:                 user_35t_i/microblaze_0/U0/MicroBlaze_Core_I/Performance.Core/Use_Debug_Logic.Master_Core.Debug_Perf/Serial_Dbg_Intf.shift_datain_reg[26]/C
                            (rising edge-triggered cell FDRE clocked by user_35t_i/mdm_1/U0/Use_E2.BSCAN_I/Use_E2.BSCANE2_I/DRCK  {rise@0.000ns fall@16.667ns period=33.333ns})
  Destination:            user_35t_i/microblaze_0/U0/MicroBlaze_Core_I/Performance.Core/Use_Debug_Logic.Master_Core.Debug_Perf/Serial_Dbg_Intf.shift_datain_reg[25]/D
                            (rising edge-triggered cell FDRE clocked by user_35t_i/mdm_1/U0/Use_E2.BSCAN_I/Use_E2.BSCANE2_I/DRCK  {rise@0.000ns fall@16.667ns period=33.333ns})
  Path Group:             user_35t_i/mdm_1/U0/Use_E2.BSCAN_I/Use_E2.BSCANE2_I/DRCK
  Path Type:              Hold (Min at Fast Process Corner)
  Requirement:            0.000ns  (user_35t_i/mdm_1/U0/Use_E2.BSCAN_I/Use_E2.BSCANE2_I/DRCK rise@0.000ns - user_35t_i/mdm_1/U0/Use_E2.BSCAN_I/Use_E2.BSCANE2_I/DRCK rise@0.000ns)
  Data Path Delay:        0.259ns  (logic 0.141ns (54.500%)  route 0.118ns (45.500%))
  Logic Levels:           0  
  Clock Path Skew:        0.016ns (DCD - SCD - CPR)
    Destination Clock Delay (DCD):    1.852ns
    Source Clock Delay      (SCD):    1.455ns
    Clock Pessimism Removal (CPR):    0.381ns

    Location             Delay type                Incr(ns)  Path(ns)    Netlist Resource(s)
  -------------------------------------------------------------------    -------------------
                         (clock user_35t_i/mdm_1/U0/Use_E2.BSCAN_I/Use_E2.BSCANE2_I/DRCK rise edge)
                                                      0.000     0.000 r  
    BSCAN_X0Y1           BSCANE2                      0.000     0.000 r  user_35t_i/mdm_1/U0/Use_E2.BSCAN_I/Use_E2.BSCANE2_I/DRCK
                         net (fo=1, routed)           0.755     0.755    user_35t_i/mdm_1/U0/No_Dbg_Reg_Access.BUFG_DRCK/DRCK
    BUFGCTRL_X0Y2        BUFG (Prop_bufg_I_O)         0.026     0.781 r  user_35t_i/mdm_1/U0/No_Dbg_Reg_Access.BUFG_DRCK/Using_FPGA.Native/O
                         net (fo=247, routed)         0.674     1.455    user_35t_i/microblaze_0/U0/MicroBlaze_Core_I/Performance.Core/Use_Debug_Logic.Master_Core.Debug_Perf/Dbg_Clk
    SLICE_X4Y144         FDRE                                         r  user_35t_i/microblaze_0/U0/MicroBlaze_Core_I/Performance.Core/Use_Debug_Logic.Master_Core.Debug_Perf/Serial_Dbg_Intf.shift_datain_reg[26]/C
  -------------------------------------------------------------------    -------------------
    SLICE_X4Y144         FDRE (Prop_fdre_C_Q)         0.141     1.596 r  user_35t_i/microblaze_0/U0/MicroBlaze_Core_I/Performance.Core/Use_Debug_Logic.Master_Core.Debug_Perf/Serial_Dbg_Intf.shift_datain_reg[26]/Q
                         net (fo=3, routed)           0.118     1.714    user_35t_i/microblaze_0/U0/MicroBlaze_Core_I/Performance.Core/Use_Debug_Logic.Master_Core.Debug_Perf/Serial_Dbg_Intf.shift_datain_reg_n_0_[26]
    SLICE_X6Y144         FDRE                                         r  user_35t_i/microblaze_0/U0/MicroBlaze_Core_I/Performance.Core/Use_Debug_Logic.Master_Core.Debug_Perf/Serial_Dbg_Intf.shift_datain_reg[25]/D
  -------------------------------------------------------------------    -------------------

                         (clock user_35t_i/mdm_1/U0/Use_E2.BSCAN_I/Use_E2.BSCANE2_I/DRCK rise edge)
                                                      0.000     0.000 r  
    BSCAN_X0Y1           BSCANE2                      0.000     0.000 r  user_35t_i/mdm_1/U0/Use_E2.BSCAN_I/Use_E2.BSCANE2_I/DRCK
                         net (fo=1, routed)           0.875     0.875    user_35t_i/mdm_1/U0/No_Dbg_Reg_Access.BUFG_DRCK/DRCK
    BUFGCTRL_X0Y2        BUFG (Prop_bufg_I_O)         0.029     0.904 r  user_35t_i/mdm_1/U0/No_Dbg_Reg_Access.BUFG_DRCK/Using_FPGA.Native/O
                         net (fo=247, routed)         0.948     1.852    user_35t_i/microblaze_0/U0/MicroBlaze_Core_I/Performance.Core/Use_Debug_Logic.Master_Core.Debug_Perf/Dbg_Clk
    SLICE_X6Y144         FDRE                                         r  user_35t_i/microblaze_0/U0/MicroBlaze_Core_I/Performance.Core/Use_Debug_Logic.Master_Core.Debug_Perf/Serial_Dbg_Intf.shift_datain_reg[25]/C
                         clock pessimism             -0.381     1.471    
    SLICE_X6Y144         FDRE (Hold_fdre_C_D)         0.052     1.523    user_35t_i/microblaze_0/U0/MicroBlaze_Core_I/Performance.Core/Use_Debug_Logic.Master_Core.Debug_Perf/Serial_Dbg_Intf.shift_datain_reg[25]
  -------------------------------------------------------------------
                         required time                         -1.523    
                         arrival time                           1.714    
  -------------------------------------------------------------------
                         slack                                  0.191    





Pulse Width Checks
--------------------------------------------------------------------------------------
Clock Name:         user_35t_i/mdm_1/U0/Use_E2.BSCAN_I/Use_E2.BSCANE2_I/DRCK
Waveform(ns):       { 0.000 16.667 }
Period(ns):         33.333
Sources:            { user_35t_i/mdm_1/U0/Use_E2.BSCAN_I/Use_E2.BSCANE2_I/DRCK }

Check Type        Corner  Lib Pin     Reference Pin  Required(ns)  Actual(ns)  Slack(ns)  Location       Pin
Min Period        n/a     BUFG/I      n/a            2.155         33.333      31.178     BUFGCTRL_X0Y2  user_35t_i/mdm_1/U0/No_Dbg_Reg_Access.BUFG_DRCK/Using_FPGA.Native/I
Min Period        n/a     FDRE/C      n/a            1.000         33.333      32.333     SLICE_X31Y147  user_35t_i/mdm_1/U0/MDM_Core_I1/JTAG_CONTROL_I/Use_BSCAN.SYNC_FDRE/Using_FPGA.Native/C
Min Period        n/a     FDRE/C      n/a            1.000         33.333      32.333     SLICE_X26Y146  user_35t_i/mdm_1/U0/MDM_Core_I1/JTAG_CONTROL_I/Use_Serial_Unified_Completion._Completion_Status_Register.sample_1_reg[10]/C
Min Period        n/a     FDRE/C      n/a            1.000         33.333      32.333     SLICE_X26Y146  user_35t_i/mdm_1/U0/MDM_Core_I1/JTAG_CONTROL_I/Use_Serial_Unified_Completion._Completion_Status_Register.sample_1_reg[11]/C
Min Period        n/a     FDRE/C      n/a            1.000         33.333      32.333     SLICE_X26Y146  user_35t_i/mdm_1/U0/MDM_Core_I1/JTAG_CONTROL_I/Use_Serial_Unified_Completion._Completion_Status_Register.sample_1_reg[12]/C
Min Period        n/a     FDRE/C      n/a            1.000         33.333      32.333     SLICE_X26Y146  user_35t_i/mdm_1/U0/MDM_Core_I1/JTAG_CONTROL_I/Use_Serial_Unified_Completion._Completion_Status_Register.sample_1_reg[13]/C
Min Period        n/a     FDRE/C      n/a            1.000         33.333      32.333     SLICE_X26Y146  user_35t_i/mdm_1/U0/MDM_Core_I1/JTAG_CONTROL_I/Use_Serial_Unified_Completion._Completion_Status_Register.sample_1_reg[14]/C
Min Period        n/a     FDRE/C      n/a            1.000         33.333      32.333     SLICE_X26Y146  user_35t_i/mdm_1/U0/MDM_Core_I1/JTAG_CONTROL_I/Use_Serial_Unified_Completion._Completion_Status_Register.sample_1_reg[15]/C
Min Period        n/a     FDRE/C      n/a            1.000         33.333      32.333     SLICE_X27Y146  user_35t_i/mdm_1/U0/MDM_Core_I1/JTAG_CONTROL_I/Use_Serial_Unified_Completion._Completion_Status_Register.sample_reg[13]/C
Min Period        n/a     FDRE/C      n/a            1.000         33.333      32.333     SLICE_X27Y146  user_35t_i/mdm_1/U0/MDM_Core_I1/JTAG_CONTROL_I/Use_Serial_Unified_Completion._Completion_Status_Register.sample_reg[14]/C
Low Pulse Width   Fast    SRL16E/CLK  n/a            0.980         16.666      15.686     SLICE_X30Y141  user_35t_i/mdm_1/U0/MDM_Core_I1/JTAG_CONTROL_I/Use_Config_SRL16E.SRL16E_1/Use_unisim.MB_SRL16E_I1/CLK
Low Pulse Width   Fast    SRL16E/CLK  n/a            0.980         16.666      15.686     SLICE_X30Y141  user_35t_i/mdm_1/U0/MDM_Core_I1/JTAG_CONTROL_I/Use_ID_SRL16E.SRL16E_ID_1/Use_unisim.MB_SRL16E_I1/CLK
Low Pulse Width   Fast    SRL16E/CLK  n/a            0.980         16.666      15.686     SLICE_X30Y141  user_35t_i/mdm_1/U0/MDM_Core_I1/JTAG_CONTROL_I/Use_ID_SRL16E.SRL16E_ID_2/Use_unisim.MB_SRL16E_I1/CLK
Low Pulse Width   Fast    SRL16E/CLK  n/a            0.980         16.666      15.686     SLICE_X34Y139  user_35t_i/microblaze_0/U0/MicroBlaze_Core_I/Performance.Core/Use_Debug_Logic.Master_Core.Debug_Perf/Serial_Dbg_Intf.SRL16E_1/Use_unisim.MB_SRL16E_I1/CLK
Low Pulse Width   Fast    SRL16E/CLK  n/a            0.980         16.666      15.686     SLICE_X34Y139  user_35t_i/microblaze_0/U0/MicroBlaze_Core_I/Performance.Core/Use_Debug_Logic.Master_Core.Debug_Perf/Serial_Dbg_Intf.SRL16E_2/Use_unisim.MB_SRL16E_I1/CLK
Low Pulse Width   Fast    SRL16E/CLK  n/a            0.980         16.666      15.686     SLICE_X30Y140  user_35t_i/microblaze_0/U0/MicroBlaze_Core_I/Performance.Core/Use_Debug_Logic.Master_Core.Debug_Perf/Serial_Dbg_Intf.SRL16E_3/Use_unisim.MB_SRL16E_I1/CLK
Low Pulse Width   Fast    SRL16E/CLK  n/a            0.980         16.666      15.686     SLICE_X30Y141  user_35t_i/microblaze_0/U0/MicroBlaze_Core_I/Performance.Core/Use_Debug_Logic.Master_Core.Debug_Perf/Serial_Dbg_Intf.SRL16E_4/Use_unisim.MB_SRL16E_I1/CLK
Low Pulse Width   Fast    SRL16E/CLK  n/a            0.980         16.666      15.686     SLICE_X30Y140  user_35t_i/microblaze_0/U0/MicroBlaze_Core_I/Performance.Core/Use_Debug_Logic.Master_Core.Debug_Perf/Serial_Dbg_Intf.The_Cache_Addresses[1].SRL16E_Cache_I/Use_unisim.MB_SRL16E_I1/CLK
Low Pulse Width   Fast    SRL16E/CLK  n/a            0.980         16.666      15.686     SLICE_X30Y140  user_35t_i/microblaze_0/U0/MicroBlaze_Core_I/Performance.Core/Use_Debug_Logic.Master_Core.Debug_Perf/Serial_Dbg_Intf.The_Cache_Addresses[2].SRL16E_Cache_I/Use_unisim.MB_SRL16E_I1/CLK
Low Pulse Width   Fast    SRL16E/CLK  n/a            0.980         16.666      15.686     SLICE_X30Y140  user_35t_i/microblaze_0/U0/MicroBlaze_Core_I/Performance.Core/Use_Debug_Logic.Master_Core.Debug_Perf/Serial_Dbg_Intf.The_Cache_Addresses[8].SRL16E_Cache_I/Use_unisim.MB_SRL16E_I1/CLK
High Pulse Width  Slow    SRL16E/CLK  n/a            0.980         16.666      15.686     SLICE_X30Y141  user_35t_i/mdm_1/U0/MDM_Core_I1/JTAG_CONTROL_I/Use_Config_SRL16E.SRL16E_1/Use_unisim.MB_SRL16E_I1/CLK
High Pulse Width  Slow    SRL16E/CLK  n/a            0.980         16.666      15.686     SLICE_X30Y139  user_35t_i/mdm_1/U0/MDM_Core_I1/JTAG_CONTROL_I/Use_Config_SRL16E.SRL16E_2/Use_unisim.MB_SRL16E_I1/CLK
High Pulse Width  Slow    SRL16E/CLK  n/a            0.980         16.666      15.686     SLICE_X30Y141  user_35t_i/mdm_1/U0/MDM_Core_I1/JTAG_CONTROL_I/Use_ID_SRL16E.SRL16E_ID_1/Use_unisim.MB_SRL16E_I1/CLK
High Pulse Width  Slow    SRL16E/CLK  n/a            0.980         16.666      15.686     SLICE_X30Y141  user_35t_i/mdm_1/U0/MDM_Core_I1/JTAG_CONTROL_I/Use_ID_SRL16E.SRL16E_ID_2/Use_unisim.MB_SRL16E_I1/CLK
High Pulse Width  Slow    SRL16E/CLK  n/a            0.980         16.666      15.686     SLICE_X30Y140  user_35t_i/microblaze_0/U0/MicroBlaze_Core_I/Performance.Core/Use_Debug_Logic.Master_Core.Debug_Perf/Serial_Dbg_Intf.SRL16E_3/Use_unisim.MB_SRL16E_I1/CLK
High Pulse Width  Slow    SRL16E/CLK  n/a            0.980         16.666      15.686     SLICE_X30Y141  user_35t_i/microblaze_0/U0/MicroBlaze_Core_I/Performance.Core/Use_Debug_Logic.Master_Core.Debug_Perf/Serial_Dbg_Intf.SRL16E_4/Use_unisim.MB_SRL16E_I1/CLK
High Pulse Width  Slow    SRL16E/CLK  n/a            0.980         16.666      15.686     SLICE_X30Y140  user_35t_i/microblaze_0/U0/MicroBlaze_Core_I/Performance.Core/Use_Debug_Logic.Master_Core.Debug_Perf/Serial_Dbg_Intf.The_Cache_Addresses[1].SRL16E_Cache_I/Use_unisim.MB_SRL16E_I1/CLK
High Pulse Width  Slow    SRL16E/CLK  n/a            0.980         16.666      15.686     SLICE_X30Y140  user_35t_i/microblaze_0/U0/MicroBlaze_Core_I/Performance.Core/Use_Debug_Logic.Master_Core.Debug_Perf/Serial_Dbg_Intf.The_Cache_Addresses[2].SRL16E_Cache_I/Use_unisim.MB_SRL16E_I1/CLK
High Pulse Width  Slow    SRL16E/CLK  n/a            0.980         16.666      15.686     SLICE_X30Y139  user_35t_i/microblaze_0/U0/MicroBlaze_Core_I/Performance.Core/Use_Debug_Logic.Master_Core.Debug_Perf/Serial_Dbg_Intf.The_Cache_Addresses[4].SRL16E_Cache_I/Use_unisim.MB_SRL16E_I1/CLK
High Pulse Width  Slow    SRL16E/CLK  n/a            0.980         16.666      15.686     SLICE_X30Y139  user_35t_i/microblaze_0/U0/MicroBlaze_Core_I/Performance.Core/Use_Debug_Logic.Master_Core.Debug_Perf/Serial_Dbg_Intf.The_Cache_Addresses[5].SRL16E_Cache_I/Use_unisim.MB_SRL16E_I1/CLK



---------------------------------------------------------------------------------------------------
From Clock:  user_35t_i/mdm_1/U0/Use_E2.BSCAN_I/Use_E2.BSCANE2_I/UPDATE
  To Clock:  user_35t_i/mdm_1/U0/Use_E2.BSCAN_I/Use_E2.BSCANE2_I/UPDATE

Setup :            0  Failing Endpoints,  Worst Slack       10.758ns,  Total Violation        0.000ns
Hold  :            0  Failing Endpoints,  Worst Slack        0.265ns,  Total Violation        0.000ns
PW    :            0  Failing Endpoints,  Worst Slack       16.166ns,  Total Violation        0.000ns
---------------------------------------------------------------------------------------------------


Max Delay Paths
--------------------------------------------------------------------------------------
Slack (MET) :             10.758ns  (required time - arrival time)
  Source:                 user_35t_i/mdm_1/U0/MDM_Core_I1/JTAG_CONTROL_I/Use_BSCAN.FDC_I/Using_FPGA.Native/C
                            (falling edge-triggered cell FDCE clocked by user_35t_i/mdm_1/U0/Use_E2.BSCAN_I/Use_E2.BSCANE2_I/UPDATE  {rise@0.000ns fall@16.667ns period=33.333ns})
  Destination:            user_35t_i/microblaze_0/U0/MicroBlaze_Core_I/Performance.Core/Use_Debug_Logic.Master_Core.Debug_Perf/Serial_Dbg_Intf.control_reg_reg[4]/CE
                            (rising edge-triggered cell FDRE clocked by user_35t_i/mdm_1/U0/Use_E2.BSCAN_I/Use_E2.BSCANE2_I/UPDATE  {rise@0.000ns fall@16.667ns period=33.333ns})
  Path Group:             user_35t_i/mdm_1/U0/Use_E2.BSCAN_I/Use_E2.BSCANE2_I/UPDATE
  Path Type:              Setup (Max at Slow Process Corner)
  Requirement:            16.667ns  (user_35t_i/mdm_1/U0/Use_E2.BSCAN_I/Use_E2.BSCANE2_I/UPDATE rise@33.333ns - user_35t_i/mdm_1/U0/Use_E2.BSCAN_I/Use_E2.BSCANE2_I/UPDATE fall@16.667ns)
  Data Path Delay:        5.493ns  (logic 1.054ns (19.189%)  route 4.439ns (80.811%))
  Logic Levels:           3  (LUT3=1 LUT4=1 LUT5=1)
  Clock Path Skew:        0.032ns (DCD - SCD + CPR)
    Destination Clock Delay (DCD):    3.137ns = ( 36.470 - 33.333 ) 
    Source Clock Delay      (SCD):    3.427ns = ( 20.093 - 16.667 ) 
    Clock Pessimism Removal (CPR):    0.321ns
  Clock Uncertainty:      0.035ns  ((TSJ^2 + TIJ^2)^1/2 + DJ) / 2 + PE
    Total System Jitter     (TSJ):    0.071ns
    Total Input Jitter      (TIJ):    0.000ns
    Discrete Jitter          (DJ):    0.000ns
    Phase Error              (PE):    0.000ns

    Location             Delay type                Incr(ns)  Path(ns)    Netlist Resource(s)
  -------------------------------------------------------------------    -------------------
                         (clock user_35t_i/mdm_1/U0/Use_E2.BSCAN_I/Use_E2.BSCANE2_I/UPDATE fall edge)
                                                     16.667    16.667 f  
    BSCAN_X0Y1           BSCANE2                      0.000    16.667 f  user_35t_i/mdm_1/U0/Use_E2.BSCAN_I/Use_E2.BSCANE2_I/UPDATE
                         net (fo=1, routed)           1.593    18.260    user_35t_i/mdm_1/U0/Use_E2.BSCAN_I/Dbg_Update_0
    BUFGCTRL_X0Y3        BUFG (Prop_bufg_I_O)         0.096    18.356 f  user_35t_i/mdm_1/U0/Use_E2.BSCAN_I/Dbg_Update_0_BUFG_inst/O
                         net (fo=40, routed)          1.737    20.093    user_35t_i/mdm_1/U0/MDM_Core_I1/JTAG_CONTROL_I/Use_BSCAN.FDC_I/CLK
    SLICE_X32Y147        FDCE                                         r  user_35t_i/mdm_1/U0/MDM_Core_I1/JTAG_CONTROL_I/Use_BSCAN.FDC_I/Using_FPGA.Native/C  (IS_INVERTED)
  -------------------------------------------------------------------    -------------------
    SLICE_X32Y147        FDCE (Prop_fdce_C_Q)         0.459    20.552 f  user_35t_i/mdm_1/U0/MDM_Core_I1/JTAG_CONTROL_I/Use_BSCAN.FDC_I/Using_FPGA.Native/Q
                         net (fo=16, routed)          1.178    21.730    user_35t_i/mdm_1/U0/MDM_Core_I1/JTAG_CONTROL_I/Use_BSCAN.FDC_I/Q_0
    SLICE_X30Y145        LUT3 (Prop_lut3_I1_O)        0.150    21.880 f  user_35t_i/mdm_1/U0/MDM_Core_I1/JTAG_CONTROL_I/Use_BSCAN.FDC_I/Dbg_Reg_En_0[1]_INST_0/O
                         net (fo=2, routed)           0.797    22.676    user_35t_i/microblaze_0/U0/MicroBlaze_Core_I/Performance.Core/Use_Debug_Logic.Master_Core.Debug_Perf/Dbg_Reg_En[1]
    SLICE_X30Y146        LUT4 (Prop_lut4_I1_O)        0.328    23.004 f  user_35t_i/microblaze_0/U0/MicroBlaze_Core_I/Performance.Core/Use_Debug_Logic.Master_Core.Debug_Perf/Dbg_TDO_INST_0_i_14/O
                         net (fo=5, routed)           0.648    23.652    user_35t_i/microblaze_0/U0/MicroBlaze_Core_I/Performance.Core/Use_Debug_Logic.Master_Core.Debug_Perf/Dbg_Reg_En[2]_0
    SLICE_X30Y146        LUT5 (Prop_lut5_I4_O)        0.117    23.769 r  user_35t_i/microblaze_0/U0/MicroBlaze_Core_I/Performance.Core/Use_Debug_Logic.Master_Core.Debug_Perf/Serial_Dbg_Intf.normal_stop_TClk_i_1/O
                         net (fo=9, routed)           1.817    25.586    user_35t_i/microblaze_0/U0/MicroBlaze_Core_I/Performance.Core/Use_Debug_Logic.Master_Core.Debug_Perf/Control_Reg_En
    SLICE_X4Y143         FDRE                                         r  user_35t_i/microblaze_0/U0/MicroBlaze_Core_I/Performance.Core/Use_Debug_Logic.Master_Core.Debug_Perf/Serial_Dbg_Intf.control_reg_reg[4]/CE
  -------------------------------------------------------------------    -------------------

                         (clock user_35t_i/mdm_1/U0/Use_E2.BSCAN_I/Use_E2.BSCANE2_I/UPDATE rise edge)
                                                     33.333    33.333 r  
    BSCAN_X0Y1           BSCANE2                      0.000    33.333 r  user_35t_i/mdm_1/U0/Use_E2.BSCAN_I/Use_E2.BSCANE2_I/UPDATE
                         net (fo=1, routed)           1.364    34.697    user_35t_i/mdm_1/U0/Use_E2.BSCAN_I/Dbg_Update_0
    BUFGCTRL_X0Y3        BUFG (Prop_bufg_I_O)         0.091    34.788 r  user_35t_i/mdm_1/U0/Use_E2.BSCAN_I/Dbg_Update_0_BUFG_inst/O
                         net (fo=40, routed)          1.682    36.470    user_35t_i/microblaze_0/U0/MicroBlaze_Core_I/Performance.Core/Use_Debug_Logic.Master_Core.Debug_Perf/Dbg_Update
    SLICE_X4Y143         FDRE                                         r  user_35t_i/microblaze_0/U0/MicroBlaze_Core_I/Performance.Core/Use_Debug_Logic.Master_Core.Debug_Perf/Serial_Dbg_Intf.control_reg_reg[4]/C
                         clock pessimism              0.321    36.792    
                         clock uncertainty           -0.035    36.756    
    SLICE_X4Y143         FDRE (Setup_fdre_C_CE)      -0.412    36.344    user_35t_i/microblaze_0/U0/MicroBlaze_Core_I/Performance.Core/Use_Debug_Logic.Master_Core.Debug_Perf/Serial_Dbg_Intf.control_reg_reg[4]
  -------------------------------------------------------------------
                         required time                         36.344    
                         arrival time                         -25.586    
  -------------------------------------------------------------------
                         slack                                 10.758    

Slack (MET) :             10.758ns  (required time - arrival time)
  Source:                 user_35t_i/mdm_1/U0/MDM_Core_I1/JTAG_CONTROL_I/Use_BSCAN.FDC_I/Using_FPGA.Native/C
                            (falling edge-triggered cell FDCE clocked by user_35t_i/mdm_1/U0/Use_E2.BSCAN_I/Use_E2.BSCANE2_I/UPDATE  {rise@0.000ns fall@16.667ns period=33.333ns})
  Destination:            user_35t_i/microblaze_0/U0/MicroBlaze_Core_I/Performance.Core/Use_Debug_Logic.Master_Core.Debug_Perf/Serial_Dbg_Intf.control_reg_reg[5]/CE
                            (rising edge-triggered cell FDRE clocked by user_35t_i/mdm_1/U0/Use_E2.BSCAN_I/Use_E2.BSCANE2_I/UPDATE  {rise@0.000ns fall@16.667ns period=33.333ns})
  Path Group:             user_35t_i/mdm_1/U0/Use_E2.BSCAN_I/Use_E2.BSCANE2_I/UPDATE
  Path Type:              Setup (Max at Slow Process Corner)
  Requirement:            16.667ns  (user_35t_i/mdm_1/U0/Use_E2.BSCAN_I/Use_E2.BSCANE2_I/UPDATE rise@33.333ns - user_35t_i/mdm_1/U0/Use_E2.BSCAN_I/Use_E2.BSCANE2_I/UPDATE fall@16.667ns)
  Data Path Delay:        5.493ns  (logic 1.054ns (19.189%)  route 4.439ns (80.811%))
  Logic Levels:           3  (LUT3=1 LUT4=1 LUT5=1)
  Clock Path Skew:        0.032ns (DCD - SCD + CPR)
    Destination Clock Delay (DCD):    3.137ns = ( 36.470 - 33.333 ) 
    Source Clock Delay      (SCD):    3.427ns = ( 20.093 - 16.667 ) 
    Clock Pessimism Removal (CPR):    0.321ns
  Clock Uncertainty:      0.035ns  ((TSJ^2 + TIJ^2)^1/2 + DJ) / 2 + PE
    Total System Jitter     (TSJ):    0.071ns
    Total Input Jitter      (TIJ):    0.000ns
    Discrete Jitter          (DJ):    0.000ns
    Phase Error              (PE):    0.000ns

    Location             Delay type                Incr(ns)  Path(ns)    Netlist Resource(s)
  -------------------------------------------------------------------    -------------------
                         (clock user_35t_i/mdm_1/U0/Use_E2.BSCAN_I/Use_E2.BSCANE2_I/UPDATE fall edge)
                                                     16.667    16.667 f  
    BSCAN_X0Y1           BSCANE2                      0.000    16.667 f  user_35t_i/mdm_1/U0/Use_E2.BSCAN_I/Use_E2.BSCANE2_I/UPDATE
                         net (fo=1, routed)           1.593    18.260    user_35t_i/mdm_1/U0/Use_E2.BSCAN_I/Dbg_Update_0
    BUFGCTRL_X0Y3        BUFG (Prop_bufg_I_O)         0.096    18.356 f  user_35t_i/mdm_1/U0/Use_E2.BSCAN_I/Dbg_Update_0_BUFG_inst/O
                         net (fo=40, routed)          1.737    20.093    user_35t_i/mdm_1/U0/MDM_Core_I1/JTAG_CONTROL_I/Use_BSCAN.FDC_I/CLK
    SLICE_X32Y147        FDCE                                         r  user_35t_i/mdm_1/U0/MDM_Core_I1/JTAG_CONTROL_I/Use_BSCAN.FDC_I/Using_FPGA.Native/C  (IS_INVERTED)
  -------------------------------------------------------------------    -------------------
    SLICE_X32Y147        FDCE (Prop_fdce_C_Q)         0.459    20.552 f  user_35t_i/mdm_1/U0/MDM_Core_I1/JTAG_CONTROL_I/Use_BSCAN.FDC_I/Using_FPGA.Native/Q
                         net (fo=16, routed)          1.178    21.730    user_35t_i/mdm_1/U0/MDM_Core_I1/JTAG_CONTROL_I/Use_BSCAN.FDC_I/Q_0
    SLICE_X30Y145        LUT3 (Prop_lut3_I1_O)        0.150    21.880 f  user_35t_i/mdm_1/U0/MDM_Core_I1/JTAG_CONTROL_I/Use_BSCAN.FDC_I/Dbg_Reg_En_0[1]_INST_0/O
                         net (fo=2, routed)           0.797    22.676    user_35t_i/microblaze_0/U0/MicroBlaze_Core_I/Performance.Core/Use_Debug_Logic.Master_Core.Debug_Perf/Dbg_Reg_En[1]
    SLICE_X30Y146        LUT4 (Prop_lut4_I1_O)        0.328    23.004 f  user_35t_i/microblaze_0/U0/MicroBlaze_Core_I/Performance.Core/Use_Debug_Logic.Master_Core.Debug_Perf/Dbg_TDO_INST_0_i_14/O
                         net (fo=5, routed)           0.648    23.652    user_35t_i/microblaze_0/U0/MicroBlaze_Core_I/Performance.Core/Use_Debug_Logic.Master_Core.Debug_Perf/Dbg_Reg_En[2]_0
    SLICE_X30Y146        LUT5 (Prop_lut5_I4_O)        0.117    23.769 r  user_35t_i/microblaze_0/U0/MicroBlaze_Core_I/Performance.Core/Use_Debug_Logic.Master_Core.Debug_Perf/Serial_Dbg_Intf.normal_stop_TClk_i_1/O
                         net (fo=9, routed)           1.817    25.586    user_35t_i/microblaze_0/U0/MicroBlaze_Core_I/Performance.Core/Use_Debug_Logic.Master_Core.Debug_Perf/Control_Reg_En
    SLICE_X4Y143         FDRE                                         r  user_35t_i/microblaze_0/U0/MicroBlaze_Core_I/Performance.Core/Use_Debug_Logic.Master_Core.Debug_Perf/Serial_Dbg_Intf.control_reg_reg[5]/CE
  -------------------------------------------------------------------    -------------------

                         (clock user_35t_i/mdm_1/U0/Use_E2.BSCAN_I/Use_E2.BSCANE2_I/UPDATE rise edge)
                                                     33.333    33.333 r  
    BSCAN_X0Y1           BSCANE2                      0.000    33.333 r  user_35t_i/mdm_1/U0/Use_E2.BSCAN_I/Use_E2.BSCANE2_I/UPDATE
                         net (fo=1, routed)           1.364    34.697    user_35t_i/mdm_1/U0/Use_E2.BSCAN_I/Dbg_Update_0
    BUFGCTRL_X0Y3        BUFG (Prop_bufg_I_O)         0.091    34.788 r  user_35t_i/mdm_1/U0/Use_E2.BSCAN_I/Dbg_Update_0_BUFG_inst/O
                         net (fo=40, routed)          1.682    36.470    user_35t_i/microblaze_0/U0/MicroBlaze_Core_I/Performance.Core/Use_Debug_Logic.Master_Core.Debug_Perf/Dbg_Update
    SLICE_X4Y143         FDRE                                         r  user_35t_i/microblaze_0/U0/MicroBlaze_Core_I/Performance.Core/Use_Debug_Logic.Master_Core.Debug_Perf/Serial_Dbg_Intf.control_reg_reg[5]/C
                         clock pessimism              0.321    36.792    
                         clock uncertainty           -0.035    36.756    
    SLICE_X4Y143         FDRE (Setup_fdre_C_CE)      -0.412    36.344    user_35t_i/microblaze_0/U0/MicroBlaze_Core_I/Performance.Core/Use_Debug_Logic.Master_Core.Debug_Perf/Serial_Dbg_Intf.control_reg_reg[5]
  -------------------------------------------------------------------
                         required time                         36.344    
                         arrival time                         -25.586    
  -------------------------------------------------------------------
                         slack                                 10.758    

Slack (MET) :             10.937ns  (required time - arrival time)
  Source:                 user_35t_i/mdm_1/U0/MDM_Core_I1/JTAG_CONTROL_I/Use_BSCAN.FDC_I/Using_FPGA.Native/C
                            (falling edge-triggered cell FDCE clocked by user_35t_i/mdm_1/U0/Use_E2.BSCAN_I/Use_E2.BSCANE2_I/UPDATE  {rise@0.000ns fall@16.667ns period=33.333ns})
  Destination:            user_35t_i/microblaze_0/U0/MicroBlaze_Core_I/Performance.Core/Use_Debug_Logic.Master_Core.Debug_Perf/Serial_Dbg_Intf.normal_stop_TClk_reg/CE
                            (rising edge-triggered cell FDCE clocked by user_35t_i/mdm_1/U0/Use_E2.BSCAN_I/Use_E2.BSCANE2_I/UPDATE  {rise@0.000ns fall@16.667ns period=33.333ns})
  Path Group:             user_35t_i/mdm_1/U0/Use_E2.BSCAN_I/Use_E2.BSCANE2_I/UPDATE
  Path Type:              Setup (Max at Slow Process Corner)
  Requirement:            16.667ns  (user_35t_i/mdm_1/U0/Use_E2.BSCAN_I/Use_E2.BSCANE2_I/UPDATE rise@33.333ns - user_35t_i/mdm_1/U0/Use_E2.BSCAN_I/Use_E2.BSCANE2_I/UPDATE fall@16.667ns)
  Data Path Delay:        5.314ns  (logic 1.054ns (19.833%)  route 4.260ns (80.167%))
  Logic Levels:           3  (LUT3=1 LUT4=1 LUT5=1)
  Clock Path Skew:        0.032ns (DCD - SCD + CPR)
    Destination Clock Delay (DCD):    3.137ns = ( 36.470 - 33.333 ) 
    Source Clock Delay      (SCD):    3.427ns = ( 20.093 - 16.667 ) 
    Clock Pessimism Removal (CPR):    0.321ns
  Clock Uncertainty:      0.035ns  ((TSJ^2 + TIJ^2)^1/2 + DJ) / 2 + PE
    Total System Jitter     (TSJ):    0.071ns
    Total Input Jitter      (TIJ):    0.000ns
    Discrete Jitter          (DJ):    0.000ns
    Phase Error              (PE):    0.000ns

    Location             Delay type                Incr(ns)  Path(ns)    Netlist Resource(s)
  -------------------------------------------------------------------    -------------------
                         (clock user_35t_i/mdm_1/U0/Use_E2.BSCAN_I/Use_E2.BSCANE2_I/UPDATE fall edge)
                                                     16.667    16.667 f  
    BSCAN_X0Y1           BSCANE2                      0.000    16.667 f  user_35t_i/mdm_1/U0/Use_E2.BSCAN_I/Use_E2.BSCANE2_I/UPDATE
                         net (fo=1, routed)           1.593    18.260    user_35t_i/mdm_1/U0/Use_E2.BSCAN_I/Dbg_Update_0
    BUFGCTRL_X0Y3        BUFG (Prop_bufg_I_O)         0.096    18.356 f  user_35t_i/mdm_1/U0/Use_E2.BSCAN_I/Dbg_Update_0_BUFG_inst/O
                         net (fo=40, routed)          1.737    20.093    user_35t_i/mdm_1/U0/MDM_Core_I1/JTAG_CONTROL_I/Use_BSCAN.FDC_I/CLK
    SLICE_X32Y147        FDCE                                         r  user_35t_i/mdm_1/U0/MDM_Core_I1/JTAG_CONTROL_I/Use_BSCAN.FDC_I/Using_FPGA.Native/C  (IS_INVERTED)
  -------------------------------------------------------------------    -------------------
    SLICE_X32Y147        FDCE (Prop_fdce_C_Q)         0.459    20.552 f  user_35t_i/mdm_1/U0/MDM_Core_I1/JTAG_CONTROL_I/Use_BSCAN.FDC_I/Using_FPGA.Native/Q
                         net (fo=16, routed)          1.178    21.730    user_35t_i/mdm_1/U0/MDM_Core_I1/JTAG_CONTROL_I/Use_BSCAN.FDC_I/Q_0
    SLICE_X30Y145        LUT3 (Prop_lut3_I1_O)        0.150    21.880 f  user_35t_i/mdm_1/U0/MDM_Core_I1/JTAG_CONTROL_I/Use_BSCAN.FDC_I/Dbg_Reg_En_0[1]_INST_0/O
                         net (fo=2, routed)           0.797    22.676    user_35t_i/microblaze_0/U0/MicroBlaze_Core_I/Performance.Core/Use_Debug_Logic.Master_Core.Debug_Perf/Dbg_Reg_En[1]
    SLICE_X30Y146        LUT4 (Prop_lut4_I1_O)        0.328    23.004 f  user_35t_i/microblaze_0/U0/MicroBlaze_Core_I/Performance.Core/Use_Debug_Logic.Master_Core.Debug_Perf/Dbg_TDO_INST_0_i_14/O
                         net (fo=5, routed)           0.648    23.652    user_35t_i/microblaze_0/U0/MicroBlaze_Core_I/Performance.Core/Use_Debug_Logic.Master_Core.Debug_Perf/Dbg_Reg_En[2]_0
    SLICE_X30Y146        LUT5 (Prop_lut5_I4_O)        0.117    23.769 r  user_35t_i/microblaze_0/U0/MicroBlaze_Core_I/Performance.Core/Use_Debug_Logic.Master_Core.Debug_Perf/Serial_Dbg_Intf.normal_stop_TClk_i_1/O
                         net (fo=9, routed)           1.639    25.408    user_35t_i/microblaze_0/U0/MicroBlaze_Core_I/Performance.Core/Use_Debug_Logic.Master_Core.Debug_Perf/Control_Reg_En
    SLICE_X4Y145         FDCE                                         r  user_35t_i/microblaze_0/U0/MicroBlaze_Core_I/Performance.Core/Use_Debug_Logic.Master_Core.Debug_Perf/Serial_Dbg_Intf.normal_stop_TClk_reg/CE
  -------------------------------------------------------------------    -------------------

                         (clock user_35t_i/mdm_1/U0/Use_E2.BSCAN_I/Use_E2.BSCANE2_I/UPDATE rise edge)
                                                     33.333    33.333 r  
    BSCAN_X0Y1           BSCANE2                      0.000    33.333 r  user_35t_i/mdm_1/U0/Use_E2.BSCAN_I/Use_E2.BSCANE2_I/UPDATE
                         net (fo=1, routed)           1.364    34.697    user_35t_i/mdm_1/U0/Use_E2.BSCAN_I/Dbg_Update_0
    BUFGCTRL_X0Y3        BUFG (Prop_bufg_I_O)         0.091    34.788 r  user_35t_i/mdm_1/U0/Use_E2.BSCAN_I/Dbg_Update_0_BUFG_inst/O
                         net (fo=40, routed)          1.682    36.470    user_35t_i/microblaze_0/U0/MicroBlaze_Core_I/Performance.Core/Use_Debug_Logic.Master_Core.Debug_Perf/Dbg_Update
    SLICE_X4Y145         FDCE                                         r  user_35t_i/microblaze_0/U0/MicroBlaze_Core_I/Performance.Core/Use_Debug_Logic.Master_Core.Debug_Perf/Serial_Dbg_Intf.normal_stop_TClk_reg/C
                         clock pessimism              0.321    36.792    
                         clock uncertainty           -0.035    36.756    
    SLICE_X4Y145         FDCE (Setup_fdce_C_CE)      -0.412    36.344    user_35t_i/microblaze_0/U0/MicroBlaze_Core_I/Performance.Core/Use_Debug_Logic.Master_Core.Debug_Perf/Serial_Dbg_Intf.normal_stop_TClk_reg
  -------------------------------------------------------------------
                         required time                         36.344    
                         arrival time                         -25.408    
  -------------------------------------------------------------------
                         slack                                 10.937    

Slack (MET) :             10.950ns  (required time - arrival time)
  Source:                 user_35t_i/mdm_1/U0/MDM_Core_I1/JTAG_CONTROL_I/Use_BSCAN.FDC_I/Using_FPGA.Native/C
                            (falling edge-triggered cell FDCE clocked by user_35t_i/mdm_1/U0/Use_E2.BSCAN_I/Use_E2.BSCANE2_I/UPDATE  {rise@0.000ns fall@16.667ns period=33.333ns})
  Destination:            user_35t_i/microblaze_0/U0/MicroBlaze_Core_I/Performance.Core/Use_Debug_Logic.Master_Core.Debug_Perf/Serial_Dbg_Intf.control_reg_reg[0]/CE
                            (rising edge-triggered cell FDRE clocked by user_35t_i/mdm_1/U0/Use_E2.BSCAN_I/Use_E2.BSCANE2_I/UPDATE  {rise@0.000ns fall@16.667ns period=33.333ns})
  Path Group:             user_35t_i/mdm_1/U0/Use_E2.BSCAN_I/Use_E2.BSCANE2_I/UPDATE
  Path Type:              Setup (Max at Slow Process Corner)
  Requirement:            16.667ns  (user_35t_i/mdm_1/U0/Use_E2.BSCAN_I/Use_E2.BSCANE2_I/UPDATE rise@33.333ns - user_35t_i/mdm_1/U0/Use_E2.BSCAN_I/Use_E2.BSCANE2_I/UPDATE fall@16.667ns)
  Data Path Delay:        5.302ns  (logic 1.054ns (19.881%)  route 4.248ns (80.119%))
  Logic Levels:           3  (LUT3=1 LUT4=1 LUT5=1)
  Clock Path Skew:        0.032ns (DCD - SCD + CPR)
    Destination Clock Delay (DCD):    3.137ns = ( 36.470 - 33.333 ) 
    Source Clock Delay      (SCD):    3.427ns = ( 20.093 - 16.667 ) 
    Clock Pessimism Removal (CPR):    0.321ns
  Clock Uncertainty:      0.035ns  ((TSJ^2 + TIJ^2)^1/2 + DJ) / 2 + PE
    Total System Jitter     (TSJ):    0.071ns
    Total Input Jitter      (TIJ):    0.000ns
    Discrete Jitter          (DJ):    0.000ns
    Phase Error              (PE):    0.000ns

    Location             Delay type                Incr(ns)  Path(ns)    Netlist Resource(s)
  -------------------------------------------------------------------    -------------------
                         (clock user_35t_i/mdm_1/U0/Use_E2.BSCAN_I/Use_E2.BSCANE2_I/UPDATE fall edge)
                                                     16.667    16.667 f  
    BSCAN_X0Y1           BSCANE2                      0.000    16.667 f  user_35t_i/mdm_1/U0/Use_E2.BSCAN_I/Use_E2.BSCANE2_I/UPDATE
                         net (fo=1, routed)           1.593    18.260    user_35t_i/mdm_1/U0/Use_E2.BSCAN_I/Dbg_Update_0
    BUFGCTRL_X0Y3        BUFG (Prop_bufg_I_O)         0.096    18.356 f  user_35t_i/mdm_1/U0/Use_E2.BSCAN_I/Dbg_Update_0_BUFG_inst/O
                         net (fo=40, routed)          1.737    20.093    user_35t_i/mdm_1/U0/MDM_Core_I1/JTAG_CONTROL_I/Use_BSCAN.FDC_I/CLK
    SLICE_X32Y147        FDCE                                         r  user_35t_i/mdm_1/U0/MDM_Core_I1/JTAG_CONTROL_I/Use_BSCAN.FDC_I/Using_FPGA.Native/C  (IS_INVERTED)
  -------------------------------------------------------------------    -------------------
    SLICE_X32Y147        FDCE (Prop_fdce_C_Q)         0.459    20.552 f  user_35t_i/mdm_1/U0/MDM_Core_I1/JTAG_CONTROL_I/Use_BSCAN.FDC_I/Using_FPGA.Native/Q
                         net (fo=16, routed)          1.178    21.730    user_35t_i/mdm_1/U0/MDM_Core_I1/JTAG_CONTROL_I/Use_BSCAN.FDC_I/Q_0
    SLICE_X30Y145        LUT3 (Prop_lut3_I1_O)        0.150    21.880 f  user_35t_i/mdm_1/U0/MDM_Core_I1/JTAG_CONTROL_I/Use_BSCAN.FDC_I/Dbg_Reg_En_0[1]_INST_0/O
                         net (fo=2, routed)           0.797    22.676    user_35t_i/microblaze_0/U0/MicroBlaze_Core_I/Performance.Core/Use_Debug_Logic.Master_Core.Debug_Perf/Dbg_Reg_En[1]
    SLICE_X30Y146        LUT4 (Prop_lut4_I1_O)        0.328    23.004 f  user_35t_i/microblaze_0/U0/MicroBlaze_Core_I/Performance.Core/Use_Debug_Logic.Master_Core.Debug_Perf/Dbg_TDO_INST_0_i_14/O
                         net (fo=5, routed)           0.648    23.652    user_35t_i/microblaze_0/U0/MicroBlaze_Core_I/Performance.Core/Use_Debug_Logic.Master_Core.Debug_Perf/Dbg_Reg_En[2]_0
    SLICE_X30Y146        LUT5 (Prop_lut5_I4_O)        0.117    23.769 r  user_35t_i/microblaze_0/U0/MicroBlaze_Core_I/Performance.Core/Use_Debug_Logic.Master_Core.Debug_Perf/Serial_Dbg_Intf.normal_stop_TClk_i_1/O
                         net (fo=9, routed)           1.626    25.395    user_35t_i/microblaze_0/U0/MicroBlaze_Core_I/Performance.Core/Use_Debug_Logic.Master_Core.Debug_Perf/Control_Reg_En
    SLICE_X7Y143         FDRE                                         r  user_35t_i/microblaze_0/U0/MicroBlaze_Core_I/Performance.Core/Use_Debug_Logic.Master_Core.Debug_Perf/Serial_Dbg_Intf.control_reg_reg[0]/CE
  -------------------------------------------------------------------    -------------------

                         (clock user_35t_i/mdm_1/U0/Use_E2.BSCAN_I/Use_E2.BSCANE2_I/UPDATE rise edge)
                                                     33.333    33.333 r  
    BSCAN_X0Y1           BSCANE2                      0.000    33.333 r  user_35t_i/mdm_1/U0/Use_E2.BSCAN_I/Use_E2.BSCANE2_I/UPDATE
                         net (fo=1, routed)           1.364    34.697    user_35t_i/mdm_1/U0/Use_E2.BSCAN_I/Dbg_Update_0
    BUFGCTRL_X0Y3        BUFG (Prop_bufg_I_O)         0.091    34.788 r  user_35t_i/mdm_1/U0/Use_E2.BSCAN_I/Dbg_Update_0_BUFG_inst/O
                         net (fo=40, routed)          1.682    36.470    user_35t_i/microblaze_0/U0/MicroBlaze_Core_I/Performance.Core/Use_Debug_Logic.Master_Core.Debug_Perf/Dbg_Update
    SLICE_X7Y143         FDRE                                         r  user_35t_i/microblaze_0/U0/MicroBlaze_Core_I/Performance.Core/Use_Debug_Logic.Master_Core.Debug_Perf/Serial_Dbg_Intf.control_reg_reg[0]/C
                         clock pessimism              0.321    36.792    
                         clock uncertainty           -0.035    36.756    
    SLICE_X7Y143         FDRE (Setup_fdre_C_CE)      -0.412    36.344    user_35t_i/microblaze_0/U0/MicroBlaze_Core_I/Performance.Core/Use_Debug_Logic.Master_Core.Debug_Perf/Serial_Dbg_Intf.control_reg_reg[0]
  -------------------------------------------------------------------
                         required time                         36.344    
                         arrival time                         -25.395    
  -------------------------------------------------------------------
                         slack                                 10.950    

Slack (MET) :             10.950ns  (required time - arrival time)
  Source:                 user_35t_i/mdm_1/U0/MDM_Core_I1/JTAG_CONTROL_I/Use_BSCAN.FDC_I/Using_FPGA.Native/C
                            (falling edge-triggered cell FDCE clocked by user_35t_i/mdm_1/U0/Use_E2.BSCAN_I/Use_E2.BSCANE2_I/UPDATE  {rise@0.000ns fall@16.667ns period=33.333ns})
  Destination:            user_35t_i/microblaze_0/U0/MicroBlaze_Core_I/Performance.Core/Use_Debug_Logic.Master_Core.Debug_Perf/Serial_Dbg_Intf.control_reg_reg[3]/CE
                            (rising edge-triggered cell FDRE clocked by user_35t_i/mdm_1/U0/Use_E2.BSCAN_I/Use_E2.BSCANE2_I/UPDATE  {rise@0.000ns fall@16.667ns period=33.333ns})
  Path Group:             user_35t_i/mdm_1/U0/Use_E2.BSCAN_I/Use_E2.BSCANE2_I/UPDATE
  Path Type:              Setup (Max at Slow Process Corner)
  Requirement:            16.667ns  (user_35t_i/mdm_1/U0/Use_E2.BSCAN_I/Use_E2.BSCANE2_I/UPDATE rise@33.333ns - user_35t_i/mdm_1/U0/Use_E2.BSCAN_I/Use_E2.BSCANE2_I/UPDATE fall@16.667ns)
  Data Path Delay:        5.302ns  (logic 1.054ns (19.881%)  route 4.248ns (80.119%))
  Logic Levels:           3  (LUT3=1 LUT4=1 LUT5=1)
  Clock Path Skew:        0.032ns (DCD - SCD + CPR)
    Destination Clock Delay (DCD):    3.137ns = ( 36.470 - 33.333 ) 
    Source Clock Delay      (SCD):    3.427ns = ( 20.093 - 16.667 ) 
    Clock Pessimism Removal (CPR):    0.321ns
  Clock Uncertainty:      0.035ns  ((TSJ^2 + TIJ^2)^1/2 + DJ) / 2 + PE
    Total System Jitter     (TSJ):    0.071ns
    Total Input Jitter      (TIJ):    0.000ns
    Discrete Jitter          (DJ):    0.000ns
    Phase Error              (PE):    0.000ns

    Location             Delay type                Incr(ns)  Path(ns)    Netlist Resource(s)
  -------------------------------------------------------------------    -------------------
                         (clock user_35t_i/mdm_1/U0/Use_E2.BSCAN_I/Use_E2.BSCANE2_I/UPDATE fall edge)
                                                     16.667    16.667 f  
    BSCAN_X0Y1           BSCANE2                      0.000    16.667 f  user_35t_i/mdm_1/U0/Use_E2.BSCAN_I/Use_E2.BSCANE2_I/UPDATE
                         net (fo=1, routed)           1.593    18.260    user_35t_i/mdm_1/U0/Use_E2.BSCAN_I/Dbg_Update_0
    BUFGCTRL_X0Y3        BUFG (Prop_bufg_I_O)         0.096    18.356 f  user_35t_i/mdm_1/U0/Use_E2.BSCAN_I/Dbg_Update_0_BUFG_inst/O
                         net (fo=40, routed)          1.737    20.093    user_35t_i/mdm_1/U0/MDM_Core_I1/JTAG_CONTROL_I/Use_BSCAN.FDC_I/CLK
    SLICE_X32Y147        FDCE                                         r  user_35t_i/mdm_1/U0/MDM_Core_I1/JTAG_CONTROL_I/Use_BSCAN.FDC_I/Using_FPGA.Native/C  (IS_INVERTED)
  -------------------------------------------------------------------    -------------------
    SLICE_X32Y147        FDCE (Prop_fdce_C_Q)         0.459    20.552 f  user_35t_i/mdm_1/U0/MDM_Core_I1/JTAG_CONTROL_I/Use_BSCAN.FDC_I/Using_FPGA.Native/Q
                         net (fo=16, routed)          1.178    21.730    user_35t_i/mdm_1/U0/MDM_Core_I1/JTAG_CONTROL_I/Use_BSCAN.FDC_I/Q_0
    SLICE_X30Y145        LUT3 (Prop_lut3_I1_O)        0.150    21.880 f  user_35t_i/mdm_1/U0/MDM_Core_I1/JTAG_CONTROL_I/Use_BSCAN.FDC_I/Dbg_Reg_En_0[1]_INST_0/O
                         net (fo=2, routed)           0.797    22.676    user_35t_i/microblaze_0/U0/MicroBlaze_Core_I/Performance.Core/Use_Debug_Logic.Master_Core.Debug_Perf/Dbg_Reg_En[1]
    SLICE_X30Y146        LUT4 (Prop_lut4_I1_O)        0.328    23.004 f  user_35t_i/microblaze_0/U0/MicroBlaze_Core_I/Performance.Core/Use_Debug_Logic.Master_Core.Debug_Perf/Dbg_TDO_INST_0_i_14/O
                         net (fo=5, routed)           0.648    23.652    user_35t_i/microblaze_0/U0/MicroBlaze_Core_I/Performance.Core/Use_Debug_Logic.Master_Core.Debug_Perf/Dbg_Reg_En[2]_0
    SLICE_X30Y146        LUT5 (Prop_lut5_I4_O)        0.117    23.769 r  user_35t_i/microblaze_0/U0/MicroBlaze_Core_I/Performance.Core/Use_Debug_Logic.Master_Core.Debug_Perf/Serial_Dbg_Intf.normal_stop_TClk_i_1/O
                         net (fo=9, routed)           1.626    25.395    user_35t_i/microblaze_0/U0/MicroBlaze_Core_I/Performance.Core/Use_Debug_Logic.Master_Core.Debug_Perf/Control_Reg_En
    SLICE_X7Y143         FDRE                                         r  user_35t_i/microblaze_0/U0/MicroBlaze_Core_I/Performance.Core/Use_Debug_Logic.Master_Core.Debug_Perf/Serial_Dbg_Intf.control_reg_reg[3]/CE
  -------------------------------------------------------------------    -------------------

                         (clock user_35t_i/mdm_1/U0/Use_E2.BSCAN_I/Use_E2.BSCANE2_I/UPDATE rise edge)
                                                     33.333    33.333 r  
    BSCAN_X0Y1           BSCANE2                      0.000    33.333 r  user_35t_i/mdm_1/U0/Use_E2.BSCAN_I/Use_E2.BSCANE2_I/UPDATE
                         net (fo=1, routed)           1.364    34.697    user_35t_i/mdm_1/U0/Use_E2.BSCAN_I/Dbg_Update_0
    BUFGCTRL_X0Y3        BUFG (Prop_bufg_I_O)         0.091    34.788 r  user_35t_i/mdm_1/U0/Use_E2.BSCAN_I/Dbg_Update_0_BUFG_inst/O
                         net (fo=40, routed)          1.682    36.470    user_35t_i/microblaze_0/U0/MicroBlaze_Core_I/Performance.Core/Use_Debug_Logic.Master_Core.Debug_Perf/Dbg_Update
    SLICE_X7Y143         FDRE                                         r  user_35t_i/microblaze_0/U0/MicroBlaze_Core_I/Performance.Core/Use_Debug_Logic.Master_Core.Debug_Perf/Serial_Dbg_Intf.control_reg_reg[3]/C
                         clock pessimism              0.321    36.792    
                         clock uncertainty           -0.035    36.756    
    SLICE_X7Y143         FDRE (Setup_fdre_C_CE)      -0.412    36.344    user_35t_i/microblaze_0/U0/MicroBlaze_Core_I/Performance.Core/Use_Debug_Logic.Master_Core.Debug_Perf/Serial_Dbg_Intf.control_reg_reg[3]
  -------------------------------------------------------------------
                         required time                         36.344    
                         arrival time                         -25.395    
  -------------------------------------------------------------------
                         slack                                 10.950    

Slack (MET) :             10.950ns  (required time - arrival time)
  Source:                 user_35t_i/mdm_1/U0/MDM_Core_I1/JTAG_CONTROL_I/Use_BSCAN.FDC_I/Using_FPGA.Native/C
                            (falling edge-triggered cell FDCE clocked by user_35t_i/mdm_1/U0/Use_E2.BSCAN_I/Use_E2.BSCANE2_I/UPDATE  {rise@0.000ns fall@16.667ns period=33.333ns})
  Destination:            user_35t_i/microblaze_0/U0/MicroBlaze_Core_I/Performance.Core/Use_Debug_Logic.Master_Core.Debug_Perf/Serial_Dbg_Intf.control_reg_reg[8]/CE
                            (rising edge-triggered cell FDRE clocked by user_35t_i/mdm_1/U0/Use_E2.BSCAN_I/Use_E2.BSCANE2_I/UPDATE  {rise@0.000ns fall@16.667ns period=33.333ns})
  Path Group:             user_35t_i/mdm_1/U0/Use_E2.BSCAN_I/Use_E2.BSCANE2_I/UPDATE
  Path Type:              Setup (Max at Slow Process Corner)
  Requirement:            16.667ns  (user_35t_i/mdm_1/U0/Use_E2.BSCAN_I/Use_E2.BSCANE2_I/UPDATE rise@33.333ns - user_35t_i/mdm_1/U0/Use_E2.BSCAN_I/Use_E2.BSCANE2_I/UPDATE fall@16.667ns)
  Data Path Delay:        5.302ns  (logic 1.054ns (19.881%)  route 4.248ns (80.119%))
  Logic Levels:           3  (LUT3=1 LUT4=1 LUT5=1)
  Clock Path Skew:        0.032ns (DCD - SCD + CPR)
    Destination Clock Delay (DCD):    3.137ns = ( 36.470 - 33.333 ) 
    Source Clock Delay      (SCD):    3.427ns = ( 20.093 - 16.667 ) 
    Clock Pessimism Removal (CPR):    0.321ns
  Clock Uncertainty:      0.035ns  ((TSJ^2 + TIJ^2)^1/2 + DJ) / 2 + PE
    Total System Jitter     (TSJ):    0.071ns
    Total Input Jitter      (TIJ):    0.000ns
    Discrete Jitter          (DJ):    0.000ns
    Phase Error              (PE):    0.000ns

    Location             Delay type                Incr(ns)  Path(ns)    Netlist Resource(s)
  -------------------------------------------------------------------    -------------------
                         (clock user_35t_i/mdm_1/U0/Use_E2.BSCAN_I/Use_E2.BSCANE2_I/UPDATE fall edge)
                                                     16.667    16.667 f  
    BSCAN_X0Y1           BSCANE2                      0.000    16.667 f  user_35t_i/mdm_1/U0/Use_E2.BSCAN_I/Use_E2.BSCANE2_I/UPDATE
                         net (fo=1, routed)           1.593    18.260    user_35t_i/mdm_1/U0/Use_E2.BSCAN_I/Dbg_Update_0
    BUFGCTRL_X0Y3        BUFG (Prop_bufg_I_O)         0.096    18.356 f  user_35t_i/mdm_1/U0/Use_E2.BSCAN_I/Dbg_Update_0_BUFG_inst/O
                         net (fo=40, routed)          1.737    20.093    user_35t_i/mdm_1/U0/MDM_Core_I1/JTAG_CONTROL_I/Use_BSCAN.FDC_I/CLK
    SLICE_X32Y147        FDCE                                         r  user_35t_i/mdm_1/U0/MDM_Core_I1/JTAG_CONTROL_I/Use_BSCAN.FDC_I/Using_FPGA.Native/C  (IS_INVERTED)
  -------------------------------------------------------------------    -------------------
    SLICE_X32Y147        FDCE (Prop_fdce_C_Q)         0.459    20.552 f  user_35t_i/mdm_1/U0/MDM_Core_I1/JTAG_CONTROL_I/Use_BSCAN.FDC_I/Using_FPGA.Native/Q
                         net (fo=16, routed)          1.178    21.730    user_35t_i/mdm_1/U0/MDM_Core_I1/JTAG_CONTROL_I/Use_BSCAN.FDC_I/Q_0
    SLICE_X30Y145        LUT3 (Prop_lut3_I1_O)        0.150    21.880 f  user_35t_i/mdm_1/U0/MDM_Core_I1/JTAG_CONTROL_I/Use_BSCAN.FDC_I/Dbg_Reg_En_0[1]_INST_0/O
                         net (fo=2, routed)           0.797    22.676    user_35t_i/microblaze_0/U0/MicroBlaze_Core_I/Performance.Core/Use_Debug_Logic.Master_Core.Debug_Perf/Dbg_Reg_En[1]
    SLICE_X30Y146        LUT4 (Prop_lut4_I1_O)        0.328    23.004 f  user_35t_i/microblaze_0/U0/MicroBlaze_Core_I/Performance.Core/Use_Debug_Logic.Master_Core.Debug_Perf/Dbg_TDO_INST_0_i_14/O
                         net (fo=5, routed)           0.648    23.652    user_35t_i/microblaze_0/U0/MicroBlaze_Core_I/Performance.Core/Use_Debug_Logic.Master_Core.Debug_Perf/Dbg_Reg_En[2]_0
    SLICE_X30Y146        LUT5 (Prop_lut5_I4_O)        0.117    23.769 r  user_35t_i/microblaze_0/U0/MicroBlaze_Core_I/Performance.Core/Use_Debug_Logic.Master_Core.Debug_Perf/Serial_Dbg_Intf.normal_stop_TClk_i_1/O
                         net (fo=9, routed)           1.626    25.395    user_35t_i/microblaze_0/U0/MicroBlaze_Core_I/Performance.Core/Use_Debug_Logic.Master_Core.Debug_Perf/Control_Reg_En
    SLICE_X7Y143         FDRE                                         r  user_35t_i/microblaze_0/U0/MicroBlaze_Core_I/Performance.Core/Use_Debug_Logic.Master_Core.Debug_Perf/Serial_Dbg_Intf.control_reg_reg[8]/CE
  -------------------------------------------------------------------    -------------------

                         (clock user_35t_i/mdm_1/U0/Use_E2.BSCAN_I/Use_E2.BSCANE2_I/UPDATE rise edge)
                                                     33.333    33.333 r  
    BSCAN_X0Y1           BSCANE2                      0.000    33.333 r  user_35t_i/mdm_1/U0/Use_E2.BSCAN_I/Use_E2.BSCANE2_I/UPDATE
                         net (fo=1, routed)           1.364    34.697    user_35t_i/mdm_1/U0/Use_E2.BSCAN_I/Dbg_Update_0
    BUFGCTRL_X0Y3        BUFG (Prop_bufg_I_O)         0.091    34.788 r  user_35t_i/mdm_1/U0/Use_E2.BSCAN_I/Dbg_Update_0_BUFG_inst/O
                         net (fo=40, routed)          1.682    36.470    user_35t_i/microblaze_0/U0/MicroBlaze_Core_I/Performance.Core/Use_Debug_Logic.Master_Core.Debug_Perf/Dbg_Update
    SLICE_X7Y143         FDRE                                         r  user_35t_i/microblaze_0/U0/MicroBlaze_Core_I/Performance.Core/Use_Debug_Logic.Master_Core.Debug_Perf/Serial_Dbg_Intf.control_reg_reg[8]/C
                         clock pessimism              0.321    36.792    
                         clock uncertainty           -0.035    36.756    
    SLICE_X7Y143         FDRE (Setup_fdre_C_CE)      -0.412    36.344    user_35t_i/microblaze_0/U0/MicroBlaze_Core_I/Performance.Core/Use_Debug_Logic.Master_Core.Debug_Perf/Serial_Dbg_Intf.control_reg_reg[8]
  -------------------------------------------------------------------
                         required time                         36.344    
                         arrival time                         -25.395    
  -------------------------------------------------------------------
                         slack                                 10.950    

Slack (MET) :             11.097ns  (required time - arrival time)
  Source:                 user_35t_i/mdm_1/U0/MDM_Core_I1/JTAG_CONTROL_I/Use_BSCAN.FDC_I/Using_FPGA.Native/C
                            (falling edge-triggered cell FDCE clocked by user_35t_i/mdm_1/U0/Use_E2.BSCAN_I/Use_E2.BSCANE2_I/UPDATE  {rise@0.000ns fall@16.667ns period=33.333ns})
  Destination:            user_35t_i/microblaze_0/U0/MicroBlaze_Core_I/Performance.Core/Use_Debug_Logic.Master_Core.Debug_Perf/Serial_Dbg_Intf.continue_from_brk_TClk_reg/CE
                            (rising edge-triggered cell FDCE clocked by user_35t_i/mdm_1/U0/Use_E2.BSCAN_I/Use_E2.BSCANE2_I/UPDATE  {rise@0.000ns fall@16.667ns period=33.333ns})
  Path Group:             user_35t_i/mdm_1/U0/Use_E2.BSCAN_I/Use_E2.BSCANE2_I/UPDATE
  Path Type:              Setup (Max at Slow Process Corner)
  Requirement:            16.667ns  (user_35t_i/mdm_1/U0/Use_E2.BSCAN_I/Use_E2.BSCANE2_I/UPDATE rise@33.333ns - user_35t_i/mdm_1/U0/Use_E2.BSCAN_I/Use_E2.BSCANE2_I/UPDATE fall@16.667ns)
  Data Path Delay:        5.155ns  (logic 1.054ns (20.448%)  route 4.101ns (79.552%))
  Logic Levels:           3  (LUT3=1 LUT4=1 LUT5=1)
  Clock Path Skew:        0.032ns (DCD - SCD + CPR)
    Destination Clock Delay (DCD):    3.137ns = ( 36.470 - 33.333 ) 
    Source Clock Delay      (SCD):    3.427ns = ( 20.093 - 16.667 ) 
    Clock Pessimism Removal (CPR):    0.321ns
  Clock Uncertainty:      0.035ns  ((TSJ^2 + TIJ^2)^1/2 + DJ) / 2 + PE
    Total System Jitter     (TSJ):    0.071ns
    Total Input Jitter      (TIJ):    0.000ns
    Discrete Jitter          (DJ):    0.000ns
    Phase Error              (PE):    0.000ns

    Location             Delay type                Incr(ns)  Path(ns)    Netlist Resource(s)
  -------------------------------------------------------------------    -------------------
                         (clock user_35t_i/mdm_1/U0/Use_E2.BSCAN_I/Use_E2.BSCANE2_I/UPDATE fall edge)
                                                     16.667    16.667 f  
    BSCAN_X0Y1           BSCANE2                      0.000    16.667 f  user_35t_i/mdm_1/U0/Use_E2.BSCAN_I/Use_E2.BSCANE2_I/UPDATE
                         net (fo=1, routed)           1.593    18.260    user_35t_i/mdm_1/U0/Use_E2.BSCAN_I/Dbg_Update_0
    BUFGCTRL_X0Y3        BUFG (Prop_bufg_I_O)         0.096    18.356 f  user_35t_i/mdm_1/U0/Use_E2.BSCAN_I/Dbg_Update_0_BUFG_inst/O
                         net (fo=40, routed)          1.737    20.093    user_35t_i/mdm_1/U0/MDM_Core_I1/JTAG_CONTROL_I/Use_BSCAN.FDC_I/CLK
    SLICE_X32Y147        FDCE                                         r  user_35t_i/mdm_1/U0/MDM_Core_I1/JTAG_CONTROL_I/Use_BSCAN.FDC_I/Using_FPGA.Native/C  (IS_INVERTED)
  -------------------------------------------------------------------    -------------------
    SLICE_X32Y147        FDCE (Prop_fdce_C_Q)         0.459    20.552 f  user_35t_i/mdm_1/U0/MDM_Core_I1/JTAG_CONTROL_I/Use_BSCAN.FDC_I/Using_FPGA.Native/Q
                         net (fo=16, routed)          1.178    21.730    user_35t_i/mdm_1/U0/MDM_Core_I1/JTAG_CONTROL_I/Use_BSCAN.FDC_I/Q_0
    SLICE_X30Y145        LUT3 (Prop_lut3_I1_O)        0.150    21.880 f  user_35t_i/mdm_1/U0/MDM_Core_I1/JTAG_CONTROL_I/Use_BSCAN.FDC_I/Dbg_Reg_En_0[1]_INST_0/O
                         net (fo=2, routed)           0.797    22.676    user_35t_i/microblaze_0/U0/MicroBlaze_Core_I/Performance.Core/Use_Debug_Logic.Master_Core.Debug_Perf/Dbg_Reg_En[1]
    SLICE_X30Y146        LUT4 (Prop_lut4_I1_O)        0.328    23.004 f  user_35t_i/microblaze_0/U0/MicroBlaze_Core_I/Performance.Core/Use_Debug_Logic.Master_Core.Debug_Perf/Dbg_TDO_INST_0_i_14/O
                         net (fo=5, routed)           0.648    23.652    user_35t_i/microblaze_0/U0/MicroBlaze_Core_I/Performance.Core/Use_Debug_Logic.Master_Core.Debug_Perf/Dbg_Reg_En[2]_0
    SLICE_X30Y146        LUT5 (Prop_lut5_I4_O)        0.117    23.769 r  user_35t_i/microblaze_0/U0/MicroBlaze_Core_I/Performance.Core/Use_Debug_Logic.Master_Core.Debug_Perf/Serial_Dbg_Intf.normal_stop_TClk_i_1/O
                         net (fo=9, routed)           1.479    25.248    user_35t_i/microblaze_0/U0/MicroBlaze_Core_I/Performance.Core/Use_Debug_Logic.Master_Core.Debug_Perf/Control_Reg_En
    SLICE_X5Y144         FDCE                                         r  user_35t_i/microblaze_0/U0/MicroBlaze_Core_I/Performance.Core/Use_Debug_Logic.Master_Core.Debug_Perf/Serial_Dbg_Intf.continue_from_brk_TClk_reg/CE
  -------------------------------------------------------------------    -------------------

                         (clock user_35t_i/mdm_1/U0/Use_E2.BSCAN_I/Use_E2.BSCANE2_I/UPDATE rise edge)
                                                     33.333    33.333 r  
    BSCAN_X0Y1           BSCANE2                      0.000    33.333 r  user_35t_i/mdm_1/U0/Use_E2.BSCAN_I/Use_E2.BSCANE2_I/UPDATE
                         net (fo=1, routed)           1.364    34.697    user_35t_i/mdm_1/U0/Use_E2.BSCAN_I/Dbg_Update_0
    BUFGCTRL_X0Y3        BUFG (Prop_bufg_I_O)         0.091    34.788 r  user_35t_i/mdm_1/U0/Use_E2.BSCAN_I/Dbg_Update_0_BUFG_inst/O
                         net (fo=40, routed)          1.682    36.470    user_35t_i/microblaze_0/U0/MicroBlaze_Core_I/Performance.Core/Use_Debug_Logic.Master_Core.Debug_Perf/Dbg_Update
    SLICE_X5Y144         FDCE                                         r  user_35t_i/microblaze_0/U0/MicroBlaze_Core_I/Performance.Core/Use_Debug_Logic.Master_Core.Debug_Perf/Serial_Dbg_Intf.continue_from_brk_TClk_reg/C
                         clock pessimism              0.321    36.792    
                         clock uncertainty           -0.035    36.756    
    SLICE_X5Y144         FDCE (Setup_fdce_C_CE)      -0.412    36.344    user_35t_i/microblaze_0/U0/MicroBlaze_Core_I/Performance.Core/Use_Debug_Logic.Master_Core.Debug_Perf/Serial_Dbg_Intf.continue_from_brk_TClk_reg
  -------------------------------------------------------------------
                         required time                         36.344    
                         arrival time                         -25.248    
  -------------------------------------------------------------------
                         slack                                 11.097    

Slack (MET) :             11.285ns  (required time - arrival time)
  Source:                 user_35t_i/mdm_1/U0/MDM_Core_I1/JTAG_CONTROL_I/Use_BSCAN.FDC_I/Using_FPGA.Native/C
                            (falling edge-triggered cell FDCE clocked by user_35t_i/mdm_1/U0/Use_E2.BSCAN_I/Use_E2.BSCANE2_I/UPDATE  {rise@0.000ns fall@16.667ns period=33.333ns})
  Destination:            user_35t_i/microblaze_0/U0/MicroBlaze_Core_I/Performance.Core/Use_Debug_Logic.Master_Core.Debug_Perf/Serial_Dbg_Intf.force_stop_TClk_reg/CE
                            (rising edge-triggered cell FDCE clocked by user_35t_i/mdm_1/U0/Use_E2.BSCAN_I/Use_E2.BSCANE2_I/UPDATE  {rise@0.000ns fall@16.667ns period=33.333ns})
  Path Group:             user_35t_i/mdm_1/U0/Use_E2.BSCAN_I/Use_E2.BSCANE2_I/UPDATE
  Path Type:              Setup (Max at Slow Process Corner)
  Requirement:            16.667ns  (user_35t_i/mdm_1/U0/Use_E2.BSCAN_I/Use_E2.BSCANE2_I/UPDATE rise@33.333ns - user_35t_i/mdm_1/U0/Use_E2.BSCAN_I/Use_E2.BSCANE2_I/UPDATE fall@16.667ns)
  Data Path Delay:        4.899ns  (logic 1.054ns (21.514%)  route 3.845ns (78.486%))
  Logic Levels:           3  (LUT3=1 LUT4=1 LUT5=1)
  Clock Path Skew:        -0.035ns (DCD - SCD + CPR)
    Destination Clock Delay (DCD):    3.070ns = ( 36.403 - 33.333 ) 
    Source Clock Delay      (SCD):    3.427ns = ( 20.093 - 16.667 ) 
    Clock Pessimism Removal (CPR):    0.321ns
  Clock Uncertainty:      0.035ns  ((TSJ^2 + TIJ^2)^1/2 + DJ) / 2 + PE
    Total System Jitter     (TSJ):    0.071ns
    Total Input Jitter      (TIJ):    0.000ns
    Discrete Jitter          (DJ):    0.000ns
    Phase Error              (PE):    0.000ns

    Location             Delay type                Incr(ns)  Path(ns)    Netlist Resource(s)
  -------------------------------------------------------------------    -------------------
                         (clock user_35t_i/mdm_1/U0/Use_E2.BSCAN_I/Use_E2.BSCANE2_I/UPDATE fall edge)
                                                     16.667    16.667 f  
    BSCAN_X0Y1           BSCANE2                      0.000    16.667 f  user_35t_i/mdm_1/U0/Use_E2.BSCAN_I/Use_E2.BSCANE2_I/UPDATE
                         net (fo=1, routed)           1.593    18.260    user_35t_i/mdm_1/U0/Use_E2.BSCAN_I/Dbg_Update_0
    BUFGCTRL_X0Y3        BUFG (Prop_bufg_I_O)         0.096    18.356 f  user_35t_i/mdm_1/U0/Use_E2.BSCAN_I/Dbg_Update_0_BUFG_inst/O
                         net (fo=40, routed)          1.737    20.093    user_35t_i/mdm_1/U0/MDM_Core_I1/JTAG_CONTROL_I/Use_BSCAN.FDC_I/CLK
    SLICE_X32Y147        FDCE                                         r  user_35t_i/mdm_1/U0/MDM_Core_I1/JTAG_CONTROL_I/Use_BSCAN.FDC_I/Using_FPGA.Native/C  (IS_INVERTED)
  -------------------------------------------------------------------    -------------------
    SLICE_X32Y147        FDCE (Prop_fdce_C_Q)         0.459    20.552 f  user_35t_i/mdm_1/U0/MDM_Core_I1/JTAG_CONTROL_I/Use_BSCAN.FDC_I/Using_FPGA.Native/Q
                         net (fo=16, routed)          1.178    21.730    user_35t_i/mdm_1/U0/MDM_Core_I1/JTAG_CONTROL_I/Use_BSCAN.FDC_I/Q_0
    SLICE_X30Y145        LUT3 (Prop_lut3_I1_O)        0.150    21.880 f  user_35t_i/mdm_1/U0/MDM_Core_I1/JTAG_CONTROL_I/Use_BSCAN.FDC_I/Dbg_Reg_En_0[1]_INST_0/O
                         net (fo=2, routed)           0.797    22.676    user_35t_i/microblaze_0/U0/MicroBlaze_Core_I/Performance.Core/Use_Debug_Logic.Master_Core.Debug_Perf/Dbg_Reg_En[1]
    SLICE_X30Y146        LUT4 (Prop_lut4_I1_O)        0.328    23.004 f  user_35t_i/microblaze_0/U0/MicroBlaze_Core_I/Performance.Core/Use_Debug_Logic.Master_Core.Debug_Perf/Dbg_TDO_INST_0_i_14/O
                         net (fo=5, routed)           0.648    23.652    user_35t_i/microblaze_0/U0/MicroBlaze_Core_I/Performance.Core/Use_Debug_Logic.Master_Core.Debug_Perf/Dbg_Reg_En[2]_0
    SLICE_X30Y146        LUT5 (Prop_lut5_I4_O)        0.117    23.769 r  user_35t_i/microblaze_0/U0/MicroBlaze_Core_I/Performance.Core/Use_Debug_Logic.Master_Core.Debug_Perf/Serial_Dbg_Intf.normal_stop_TClk_i_1/O
                         net (fo=9, routed)           1.223    24.992    user_35t_i/microblaze_0/U0/MicroBlaze_Core_I/Performance.Core/Use_Debug_Logic.Master_Core.Debug_Perf/Control_Reg_En
    SLICE_X11Y144        FDCE                                         r  user_35t_i/microblaze_0/U0/MicroBlaze_Core_I/Performance.Core/Use_Debug_Logic.Master_Core.Debug_Perf/Serial_Dbg_Intf.force_stop_TClk_reg/CE
  -------------------------------------------------------------------    -------------------

                         (clock user_35t_i/mdm_1/U0/Use_E2.BSCAN_I/Use_E2.BSCANE2_I/UPDATE rise edge)
                                                     33.333    33.333 r  
    BSCAN_X0Y1           BSCANE2                      0.000    33.333 r  user_35t_i/mdm_1/U0/Use_E2.BSCAN_I/Use_E2.BSCANE2_I/UPDATE
                         net (fo=1, routed)           1.364    34.697    user_35t_i/mdm_1/U0/Use_E2.BSCAN_I/Dbg_Update_0
    BUFGCTRL_X0Y3        BUFG (Prop_bufg_I_O)         0.091    34.788 r  user_35t_i/mdm_1/U0/Use_E2.BSCAN_I/Dbg_Update_0_BUFG_inst/O
                         net (fo=40, routed)          1.615    36.403    user_35t_i/microblaze_0/U0/MicroBlaze_Core_I/Performance.Core/Use_Debug_Logic.Master_Core.Debug_Perf/Dbg_Update
    SLICE_X11Y144        FDCE                                         r  user_35t_i/microblaze_0/U0/MicroBlaze_Core_I/Performance.Core/Use_Debug_Logic.Master_Core.Debug_Perf/Serial_Dbg_Intf.force_stop_TClk_reg/C
                         clock pessimism              0.321    36.725    
                         clock uncertainty           -0.035    36.689    
    SLICE_X11Y144        FDCE (Setup_fdce_C_CE)      -0.412    36.277    user_35t_i/microblaze_0/U0/MicroBlaze_Core_I/Performance.Core/Use_Debug_Logic.Master_Core.Debug_Perf/Serial_Dbg_Intf.force_stop_TClk_reg
  -------------------------------------------------------------------
                         required time                         36.277    
                         arrival time                         -24.992    
  -------------------------------------------------------------------
                         slack                                 11.285    

Slack (MET) :             11.294ns  (required time - arrival time)
  Source:                 user_35t_i/mdm_1/U0/MDM_Core_I1/JTAG_CONTROL_I/Use_BSCAN.FDC_I/Using_FPGA.Native/C
                            (falling edge-triggered cell FDCE clocked by user_35t_i/mdm_1/U0/Use_E2.BSCAN_I/Use_E2.BSCANE2_I/UPDATE  {rise@0.000ns fall@16.667ns period=33.333ns})
  Destination:            user_35t_i/microblaze_0/U0/MicroBlaze_Core_I/Performance.Core/Use_Debug_Logic.Master_Core.Debug_Perf/Serial_Dbg_Intf.single_Step_TClk_reg/CE
                            (rising edge-triggered cell FDCE clocked by user_35t_i/mdm_1/U0/Use_E2.BSCAN_I/Use_E2.BSCANE2_I/UPDATE  {rise@0.000ns fall@16.667ns period=33.333ns})
  Path Group:             user_35t_i/mdm_1/U0/Use_E2.BSCAN_I/Use_E2.BSCANE2_I/UPDATE
  Path Type:              Setup (Max at Slow Process Corner)
  Requirement:            16.667ns  (user_35t_i/mdm_1/U0/Use_E2.BSCAN_I/Use_E2.BSCANE2_I/UPDATE rise@33.333ns - user_35t_i/mdm_1/U0/Use_E2.BSCAN_I/Use_E2.BSCANE2_I/UPDATE fall@16.667ns)
  Data Path Delay:        4.993ns  (logic 1.054ns (21.108%)  route 3.939ns (78.892%))
  Logic Levels:           3  (LUT3=1 LUT4=1 LUT5=1)
  Clock Path Skew:        0.032ns (DCD - SCD + CPR)
    Destination Clock Delay (DCD):    3.137ns = ( 36.470 - 33.333 ) 
    Source Clock Delay      (SCD):    3.427ns = ( 20.093 - 16.667 ) 
    Clock Pessimism Removal (CPR):    0.321ns
  Clock Uncertainty:      0.035ns  ((TSJ^2 + TIJ^2)^1/2 + DJ) / 2 + PE
    Total System Jitter     (TSJ):    0.071ns
    Total Input Jitter      (TIJ):    0.000ns
    Discrete Jitter          (DJ):    0.000ns
    Phase Error              (PE):    0.000ns

    Location             Delay type                Incr(ns)  Path(ns)    Netlist Resource(s)
  -------------------------------------------------------------------    -------------------
                         (clock user_35t_i/mdm_1/U0/Use_E2.BSCAN_I/Use_E2.BSCANE2_I/UPDATE fall edge)
                                                     16.667    16.667 f  
    BSCAN_X0Y1           BSCANE2                      0.000    16.667 f  user_35t_i/mdm_1/U0/Use_E2.BSCAN_I/Use_E2.BSCANE2_I/UPDATE
                         net (fo=1, routed)           1.593    18.260    user_35t_i/mdm_1/U0/Use_E2.BSCAN_I/Dbg_Update_0
    BUFGCTRL_X0Y3        BUFG (Prop_bufg_I_O)         0.096    18.356 f  user_35t_i/mdm_1/U0/Use_E2.BSCAN_I/Dbg_Update_0_BUFG_inst/O
                         net (fo=40, routed)          1.737    20.093    user_35t_i/mdm_1/U0/MDM_Core_I1/JTAG_CONTROL_I/Use_BSCAN.FDC_I/CLK
    SLICE_X32Y147        FDCE                                         r  user_35t_i/mdm_1/U0/MDM_Core_I1/JTAG_CONTROL_I/Use_BSCAN.FDC_I/Using_FPGA.Native/C  (IS_INVERTED)
  -------------------------------------------------------------------    -------------------
    SLICE_X32Y147        FDCE (Prop_fdce_C_Q)         0.459    20.552 f  user_35t_i/mdm_1/U0/MDM_Core_I1/JTAG_CONTROL_I/Use_BSCAN.FDC_I/Using_FPGA.Native/Q
                         net (fo=16, routed)          1.178    21.730    user_35t_i/mdm_1/U0/MDM_Core_I1/JTAG_CONTROL_I/Use_BSCAN.FDC_I/Q_0
    SLICE_X30Y145        LUT3 (Prop_lut3_I1_O)        0.150    21.880 f  user_35t_i/mdm_1/U0/MDM_Core_I1/JTAG_CONTROL_I/Use_BSCAN.FDC_I/Dbg_Reg_En_0[1]_INST_0/O
                         net (fo=2, routed)           0.797    22.676    user_35t_i/microblaze_0/U0/MicroBlaze_Core_I/Performance.Core/Use_Debug_Logic.Master_Core.Debug_Perf/Dbg_Reg_En[1]
    SLICE_X30Y146        LUT4 (Prop_lut4_I1_O)        0.328    23.004 f  user_35t_i/microblaze_0/U0/MicroBlaze_Core_I/Performance.Core/Use_Debug_Logic.Master_Core.Debug_Perf/Dbg_TDO_INST_0_i_14/O
                         net (fo=5, routed)           0.648    23.652    user_35t_i/microblaze_0/U0/MicroBlaze_Core_I/Performance.Core/Use_Debug_Logic.Master_Core.Debug_Perf/Dbg_Reg_En[2]_0
    SLICE_X30Y146        LUT5 (Prop_lut5_I4_O)        0.117    23.769 r  user_35t_i/microblaze_0/U0/MicroBlaze_Core_I/Performance.Core/Use_Debug_Logic.Master_Core.Debug_Perf/Serial_Dbg_Intf.normal_stop_TClk_i_1/O
                         net (fo=9, routed)           1.317    25.086    user_35t_i/microblaze_0/U0/MicroBlaze_Core_I/Performance.Core/Use_Debug_Logic.Master_Core.Debug_Perf/Control_Reg_En
    SLICE_X6Y145         FDCE                                         r  user_35t_i/microblaze_0/U0/MicroBlaze_Core_I/Performance.Core/Use_Debug_Logic.Master_Core.Debug_Perf/Serial_Dbg_Intf.single_Step_TClk_reg/CE
  -------------------------------------------------------------------    -------------------

                         (clock user_35t_i/mdm_1/U0/Use_E2.BSCAN_I/Use_E2.BSCANE2_I/UPDATE rise edge)
                                                     33.333    33.333 r  
    BSCAN_X0Y1           BSCANE2                      0.000    33.333 r  user_35t_i/mdm_1/U0/Use_E2.BSCAN_I/Use_E2.BSCANE2_I/UPDATE
                         net (fo=1, routed)           1.364    34.697    user_35t_i/mdm_1/U0/Use_E2.BSCAN_I/Dbg_Update_0
    BUFGCTRL_X0Y3        BUFG (Prop_bufg_I_O)         0.091    34.788 r  user_35t_i/mdm_1/U0/Use_E2.BSCAN_I/Dbg_Update_0_BUFG_inst/O
                         net (fo=40, routed)          1.682    36.470    user_35t_i/microblaze_0/U0/MicroBlaze_Core_I/Performance.Core/Use_Debug_Logic.Master_Core.Debug_Perf/Dbg_Update
    SLICE_X6Y145         FDCE                                         r  user_35t_i/microblaze_0/U0/MicroBlaze_Core_I/Performance.Core/Use_Debug_Logic.Master_Core.Debug_Perf/Serial_Dbg_Intf.single_Step_TClk_reg/C
                         clock pessimism              0.321    36.792    
                         clock uncertainty           -0.035    36.756    
    SLICE_X6Y145         FDCE (Setup_fdce_C_CE)      -0.376    36.380    user_35t_i/microblaze_0/U0/MicroBlaze_Core_I/Performance.Core/Use_Debug_Logic.Master_Core.Debug_Perf/Serial_Dbg_Intf.single_Step_TClk_reg
  -------------------------------------------------------------------
                         required time                         36.380    
                         arrival time                         -25.086    
  -------------------------------------------------------------------
                         slack                                 11.294    

Slack (MET) :             11.998ns  (required time - arrival time)
  Source:                 user_35t_i/mdm_1/U0/MDM_Core_I1/JTAG_CONTROL_I/Use_BSCAN.FDC_I/Using_FPGA.Native/C
                            (falling edge-triggered cell FDCE clocked by user_35t_i/mdm_1/U0/Use_E2.BSCAN_I/Use_E2.BSCANE2_I/UPDATE  {rise@0.000ns fall@16.667ns period=33.333ns})
  Destination:            user_35t_i/microblaze_0/U0/MicroBlaze_Core_I/Performance.Core/Use_Debug_Logic.Master_Core.Debug_Perf/Serial_Dbg_Intf.command_reg_reg[0]/CE
                            (rising edge-triggered cell FDCE clocked by user_35t_i/mdm_1/U0/Use_E2.BSCAN_I/Use_E2.BSCANE2_I/UPDATE  {rise@0.000ns fall@16.667ns period=33.333ns})
  Path Group:             user_35t_i/mdm_1/U0/Use_E2.BSCAN_I/Use_E2.BSCANE2_I/UPDATE
  Path Type:              Setup (Max at Slow Process Corner)
  Requirement:            16.667ns  (user_35t_i/mdm_1/U0/Use_E2.BSCAN_I/Use_E2.BSCANE2_I/UPDATE rise@33.333ns - user_35t_i/mdm_1/U0/Use_E2.BSCAN_I/Use_E2.BSCANE2_I/UPDATE fall@16.667ns)
  Data Path Delay:        4.393ns  (logic 1.061ns (24.151%)  route 3.332ns (75.849%))
  Logic Levels:           3  (LUT3=1 LUT4=1 LUT5=1)
  Clock Path Skew:        -0.035ns (DCD - SCD + CPR)
    Destination Clock Delay (DCD):    3.070ns = ( 36.403 - 33.333 ) 
    Source Clock Delay      (SCD):    3.427ns = ( 20.093 - 16.667 ) 
    Clock Pessimism Removal (CPR):    0.321ns
  Clock Uncertainty:      0.035ns  ((TSJ^2 + TIJ^2)^1/2 + DJ) / 2 + PE
    Total System Jitter     (TSJ):    0.071ns
    Total Input Jitter      (TIJ):    0.000ns
    Discrete Jitter          (DJ):    0.000ns
    Phase Error              (PE):    0.000ns

    Location             Delay type                Incr(ns)  Path(ns)    Netlist Resource(s)
  -------------------------------------------------------------------    -------------------
                         (clock user_35t_i/mdm_1/U0/Use_E2.BSCAN_I/Use_E2.BSCANE2_I/UPDATE fall edge)
                                                     16.667    16.667 f  
    BSCAN_X0Y1           BSCANE2                      0.000    16.667 f  user_35t_i/mdm_1/U0/Use_E2.BSCAN_I/Use_E2.BSCANE2_I/UPDATE
                         net (fo=1, routed)           1.593    18.260    user_35t_i/mdm_1/U0/Use_E2.BSCAN_I/Dbg_Update_0
    BUFGCTRL_X0Y3        BUFG (Prop_bufg_I_O)         0.096    18.356 f  user_35t_i/mdm_1/U0/Use_E2.BSCAN_I/Dbg_Update_0_BUFG_inst/O
                         net (fo=40, routed)          1.737    20.093    user_35t_i/mdm_1/U0/MDM_Core_I1/JTAG_CONTROL_I/Use_BSCAN.FDC_I/CLK
    SLICE_X32Y147        FDCE                                         r  user_35t_i/mdm_1/U0/MDM_Core_I1/JTAG_CONTROL_I/Use_BSCAN.FDC_I/Using_FPGA.Native/C  (IS_INVERTED)
  -------------------------------------------------------------------    -------------------
    SLICE_X32Y147        FDCE (Prop_fdce_C_Q)         0.459    20.552 f  user_35t_i/mdm_1/U0/MDM_Core_I1/JTAG_CONTROL_I/Use_BSCAN.FDC_I/Using_FPGA.Native/Q
                         net (fo=16, routed)          1.178    21.730    user_35t_i/mdm_1/U0/MDM_Core_I1/JTAG_CONTROL_I/Use_BSCAN.FDC_I/Q_0
    SLICE_X30Y145        LUT3 (Prop_lut3_I1_O)        0.150    21.880 f  user_35t_i/mdm_1/U0/MDM_Core_I1/JTAG_CONTROL_I/Use_BSCAN.FDC_I/Dbg_Reg_En_0[1]_INST_0/O
                         net (fo=2, routed)           0.797    22.676    user_35t_i/microblaze_0/U0/MicroBlaze_Core_I/Performance.Core/Use_Debug_Logic.Master_Core.Debug_Perf/Dbg_Reg_En[1]
    SLICE_X30Y146        LUT4 (Prop_lut4_I1_O)        0.328    23.004 f  user_35t_i/microblaze_0/U0/MicroBlaze_Core_I/Performance.Core/Use_Debug_Logic.Master_Core.Debug_Perf/Dbg_TDO_INST_0_i_14/O
                         net (fo=5, routed)           0.648    23.652    user_35t_i/microblaze_0/U0/MicroBlaze_Core_I/Performance.Core/Use_Debug_Logic.Master_Core.Debug_Perf/Dbg_Reg_En[2]_0
    SLICE_X30Y146        LUT5 (Prop_lut5_I4_O)        0.124    23.776 r  user_35t_i/microblaze_0/U0/MicroBlaze_Core_I/Performance.Core/Use_Debug_Logic.Master_Core.Debug_Perf/Serial_Dbg_Intf.command_reg[0]_i_1/O
                         net (fo=2, routed)           0.710    24.486    user_35t_i/microblaze_0/U0/MicroBlaze_Core_I/Performance.Core/Use_Debug_Logic.Master_Core.Debug_Perf/Command_Reg_En
    SLICE_X13Y146        FDCE                                         r  user_35t_i/microblaze_0/U0/MicroBlaze_Core_I/Performance.Core/Use_Debug_Logic.Master_Core.Debug_Perf/Serial_Dbg_Intf.command_reg_reg[0]/CE
  -------------------------------------------------------------------    -------------------

                         (clock user_35t_i/mdm_1/U0/Use_E2.BSCAN_I/Use_E2.BSCANE2_I/UPDATE rise edge)
                                                     33.333    33.333 r  
    BSCAN_X0Y1           BSCANE2                      0.000    33.333 r  user_35t_i/mdm_1/U0/Use_E2.BSCAN_I/Use_E2.BSCANE2_I/UPDATE
                         net (fo=1, routed)           1.364    34.697    user_35t_i/mdm_1/U0/Use_E2.BSCAN_I/Dbg_Update_0
    BUFGCTRL_X0Y3        BUFG (Prop_bufg_I_O)         0.091    34.788 r  user_35t_i/mdm_1/U0/Use_E2.BSCAN_I/Dbg_Update_0_BUFG_inst/O
                         net (fo=40, routed)          1.615    36.403    user_35t_i/microblaze_0/U0/MicroBlaze_Core_I/Performance.Core/Use_Debug_Logic.Master_Core.Debug_Perf/Dbg_Update
    SLICE_X13Y146        FDCE                                         r  user_35t_i/microblaze_0/U0/MicroBlaze_Core_I/Performance.Core/Use_Debug_Logic.Master_Core.Debug_Perf/Serial_Dbg_Intf.command_reg_reg[0]/C
                         clock pessimism              0.321    36.725    
                         clock uncertainty           -0.035    36.689    
    SLICE_X13Y146        FDCE (Setup_fdce_C_CE)      -0.205    36.484    user_35t_i/microblaze_0/U0/MicroBlaze_Core_I/Performance.Core/Use_Debug_Logic.Master_Core.Debug_Perf/Serial_Dbg_Intf.command_reg_reg[0]
  -------------------------------------------------------------------
                         required time                         36.484    
                         arrival time                         -24.486    
  -------------------------------------------------------------------
                         slack                                 11.998    





Min Delay Paths
--------------------------------------------------------------------------------------
Slack (MET) :             0.265ns  (arrival time - required time)
  Source:                 user_35t_i/mdm_1/U0/MDM_Core_I1/JTAG_CONTROL_I/Debug_Rst_i_reg/C
                            (rising edge-triggered cell FDRE clocked by user_35t_i/mdm_1/U0/Use_E2.BSCAN_I/Use_E2.BSCANE2_I/UPDATE  {rise@0.000ns fall@16.667ns period=33.333ns})
  Destination:            user_35t_i/mdm_1/U0/MDM_Core_I1/JTAG_CONTROL_I/Debug_Rst_i_reg/D
                            (rising edge-triggered cell FDRE clocked by user_35t_i/mdm_1/U0/Use_E2.BSCAN_I/Use_E2.BSCANE2_I/UPDATE  {rise@0.000ns fall@16.667ns period=33.333ns})
  Path Group:             user_35t_i/mdm_1/U0/Use_E2.BSCAN_I/Use_E2.BSCANE2_I/UPDATE
  Path Type:              Hold (Min at Fast Process Corner)
  Requirement:            0.000ns  (user_35t_i/mdm_1/U0/Use_E2.BSCAN_I/Use_E2.BSCANE2_I/UPDATE rise@0.000ns - user_35t_i/mdm_1/U0/Use_E2.BSCAN_I/Use_E2.BSCANE2_I/UPDATE rise@0.000ns)
  Data Path Delay:        0.356ns  (logic 0.186ns (52.178%)  route 0.170ns (47.822%))
  Logic Levels:           1  (LUT6=1)
  Clock Path Skew:        0.000ns (DCD - SCD - CPR)
    Destination Clock Delay (DCD):    1.641ns
    Source Clock Delay      (SCD):    1.265ns
    Clock Pessimism Removal (CPR):    0.376ns

    Location             Delay type                Incr(ns)  Path(ns)    Netlist Resource(s)
  -------------------------------------------------------------------    -------------------
                         (clock user_35t_i/mdm_1/U0/Use_E2.BSCAN_I/Use_E2.BSCANE2_I/UPDATE rise edge)
                                                      0.000     0.000 r  
    BSCAN_X0Y1           BSCANE2                      0.000     0.000 r  user_35t_i/mdm_1/U0/Use_E2.BSCAN_I/Use_E2.BSCANE2_I/UPDATE
                         net (fo=1, routed)           0.596     0.596    user_35t_i/mdm_1/U0/Use_E2.BSCAN_I/Dbg_Update_0
    BUFGCTRL_X0Y3        BUFG (Prop_bufg_I_O)         0.026     0.622 r  user_35t_i/mdm_1/U0/Use_E2.BSCAN_I/Dbg_Update_0_BUFG_inst/O
                         net (fo=40, routed)          0.643     1.265    user_35t_i/mdm_1/U0/MDM_Core_I1/JTAG_CONTROL_I/CLK
    SLICE_X31Y144        FDRE                                         r  user_35t_i/mdm_1/U0/MDM_Core_I1/JTAG_CONTROL_I/Debug_Rst_i_reg/C
  -------------------------------------------------------------------    -------------------
    SLICE_X31Y144        FDRE (Prop_fdre_C_Q)         0.141     1.406 r  user_35t_i/mdm_1/U0/MDM_Core_I1/JTAG_CONTROL_I/Debug_Rst_i_reg/Q
                         net (fo=2, routed)           0.170     1.577    user_35t_i/mdm_1/U0/MDM_Core_I1/JTAG_CONTROL_I/Use_BSCAN.FDC_I/Dbg_Rst_0
    SLICE_X31Y144        LUT6 (Prop_lut6_I5_O)        0.045     1.622 r  user_35t_i/mdm_1/U0/MDM_Core_I1/JTAG_CONTROL_I/Use_BSCAN.FDC_I/Debug_Rst_i_i_1/O
                         net (fo=1, routed)           0.000     1.622    user_35t_i/mdm_1/U0/MDM_Core_I1/JTAG_CONTROL_I/Use_BSCAN.FDC_I_n_34
    SLICE_X31Y144        FDRE                                         r  user_35t_i/mdm_1/U0/MDM_Core_I1/JTAG_CONTROL_I/Debug_Rst_i_reg/D
  -------------------------------------------------------------------    -------------------

                         (clock user_35t_i/mdm_1/U0/Use_E2.BSCAN_I/Use_E2.BSCANE2_I/UPDATE rise edge)
                                                      0.000     0.000 r  
    BSCAN_X0Y1           BSCANE2                      0.000     0.000 r  user_35t_i/mdm_1/U0/Use_E2.BSCAN_I/Use_E2.BSCANE2_I/UPDATE
                         net (fo=1, routed)           0.696     0.696    user_35t_i/mdm_1/U0/Use_E2.BSCAN_I/Dbg_Update_0
    BUFGCTRL_X0Y3        BUFG (Prop_bufg_I_O)         0.029     0.725 r  user_35t_i/mdm_1/U0/Use_E2.BSCAN_I/Dbg_Update_0_BUFG_inst/O
                         net (fo=40, routed)          0.916     1.641    user_35t_i/mdm_1/U0/MDM_Core_I1/JTAG_CONTROL_I/CLK
    SLICE_X31Y144        FDRE                                         r  user_35t_i/mdm_1/U0/MDM_Core_I1/JTAG_CONTROL_I/Debug_Rst_i_reg/C
                         clock pessimism             -0.376     1.265    
    SLICE_X31Y144        FDRE (Hold_fdre_C_D)         0.091     1.356    user_35t_i/mdm_1/U0/MDM_Core_I1/JTAG_CONTROL_I/Debug_Rst_i_reg
  -------------------------------------------------------------------
                         required time                         -1.356    
                         arrival time                           1.622    
  -------------------------------------------------------------------
                         slack                                  0.265    

Slack (MET) :             0.322ns  (arrival time - required time)
  Source:                 user_35t_i/mdm_1/U0/MDM_Core_I1/Use_BSCAN.PORT_Selector_reg[1]/C
                            (falling edge-triggered cell FDCE clocked by user_35t_i/mdm_1/U0/Use_E2.BSCAN_I/Use_E2.BSCANE2_I/UPDATE  {rise@0.000ns fall@16.667ns period=33.333ns})
  Destination:            user_35t_i/mdm_1/U0/MDM_Core_I1/JTAG_CONTROL_I/Use_BSCAN.command_reg[0]/CE
                            (falling edge-triggered cell FDRE clocked by user_35t_i/mdm_1/U0/Use_E2.BSCAN_I/Use_E2.BSCANE2_I/UPDATE  {rise@0.000ns fall@16.667ns period=33.333ns})
  Path Group:             user_35t_i/mdm_1/U0/Use_E2.BSCAN_I/Use_E2.BSCANE2_I/UPDATE
  Path Type:              Hold (Min at Fast Process Corner)
  Requirement:            0.000ns  (user_35t_i/mdm_1/U0/Use_E2.BSCAN_I/Use_E2.BSCANE2_I/UPDATE fall@16.667ns - user_35t_i/mdm_1/U0/Use_E2.BSCAN_I/Use_E2.BSCANE2_I/UPDATE fall@16.667ns)
  Data Path Delay:        0.575ns  (logic 0.191ns (33.206%)  route 0.384ns (66.794%))
  Logic Levels:           1  (LUT5=1)
  Clock Path Skew:        0.265ns (DCD - SCD - CPR)
    Destination Clock Delay (DCD):    1.641ns = ( 18.308 - 16.667 ) 
    Source Clock Delay      (SCD):    1.264ns = ( 17.931 - 16.667 ) 
    Clock Pessimism Removal (CPR):    0.112ns

    Location             Delay type                Incr(ns)  Path(ns)    Netlist Resource(s)
  -------------------------------------------------------------------    -------------------
                         (clock user_35t_i/mdm_1/U0/Use_E2.BSCAN_I/Use_E2.BSCANE2_I/UPDATE fall edge)
                                                     16.667    16.667 f  
    BSCAN_X0Y1           BSCANE2                      0.000    16.667 f  user_35t_i/mdm_1/U0/Use_E2.BSCAN_I/Use_E2.BSCANE2_I/UPDATE
                         net (fo=1, routed)           0.596    17.263    user_35t_i/mdm_1/U0/Use_E2.BSCAN_I/Dbg_Update_0
    BUFGCTRL_X0Y3        BUFG (Prop_bufg_I_O)         0.026    17.289 f  user_35t_i/mdm_1/U0/Use_E2.BSCAN_I/Dbg_Update_0_BUFG_inst/O
                         net (fo=40, routed)          0.642    17.931    user_35t_i/mdm_1/U0/MDM_Core_I1/CLK
    SLICE_X39Y145        FDCE                                         r  user_35t_i/mdm_1/U0/MDM_Core_I1/Use_BSCAN.PORT_Selector_reg[1]/C  (IS_INVERTED)
  -------------------------------------------------------------------    -------------------
    SLICE_X39Y145        FDCE (Prop_fdce_C_Q)         0.146    18.077 f  user_35t_i/mdm_1/U0/MDM_Core_I1/Use_BSCAN.PORT_Selector_reg[1]/Q
                         net (fo=9, routed)           0.167    18.244    user_35t_i/mdm_1/U0/MDM_Core_I1/JTAG_CONTROL_I/Q[1]
    SLICE_X37Y145        LUT5 (Prop_lut5_I2_O)        0.045    18.289 r  user_35t_i/mdm_1/U0/MDM_Core_I1/JTAG_CONTROL_I/Use_BSCAN.command[0]_i_1/O
                         net (fo=8, routed)           0.217    18.506    user_35t_i/mdm_1/U0/MDM_Core_I1/JTAG_CONTROL_I/Use_BSCAN.command[0]_i_1_n_0
    SLICE_X30Y145        FDRE                                         r  user_35t_i/mdm_1/U0/MDM_Core_I1/JTAG_CONTROL_I/Use_BSCAN.command_reg[0]/CE
  -------------------------------------------------------------------    -------------------

                         (clock user_35t_i/mdm_1/U0/Use_E2.BSCAN_I/Use_E2.BSCANE2_I/UPDATE fall edge)
                                                     16.667    16.667 f  
    BSCAN_X0Y1           BSCANE2                      0.000    16.667 f  user_35t_i/mdm_1/U0/Use_E2.BSCAN_I/Use_E2.BSCANE2_I/UPDATE
                         net (fo=1, routed)           0.696    17.363    user_35t_i/mdm_1/U0/Use_E2.BSCAN_I/Dbg_Update_0
    BUFGCTRL_X0Y3        BUFG (Prop_bufg_I_O)         0.029    17.392 f  user_35t_i/mdm_1/U0/Use_E2.BSCAN_I/Dbg_Update_0_BUFG_inst/O
                         net (fo=40, routed)          0.916    18.308    user_35t_i/mdm_1/U0/MDM_Core_I1/JTAG_CONTROL_I/CLK
    SLICE_X30Y145        FDRE                                         r  user_35t_i/mdm_1/U0/MDM_Core_I1/JTAG_CONTROL_I/Use_BSCAN.command_reg[0]/C  (IS_INVERTED)
                         clock pessimism             -0.112    18.196    
    SLICE_X30Y145        FDRE (Hold_fdre_C_CE)       -0.012    18.184    user_35t_i/mdm_1/U0/MDM_Core_I1/JTAG_CONTROL_I/Use_BSCAN.command_reg[0]
  -------------------------------------------------------------------
                         required time                        -18.184    
                         arrival time                          18.506    
  -------------------------------------------------------------------
                         slack                                  0.322    

Slack (MET) :             0.322ns  (arrival time - required time)
  Source:                 user_35t_i/mdm_1/U0/MDM_Core_I1/Use_BSCAN.PORT_Selector_reg[1]/C
                            (falling edge-triggered cell FDCE clocked by user_35t_i/mdm_1/U0/Use_E2.BSCAN_I/Use_E2.BSCANE2_I/UPDATE  {rise@0.000ns fall@16.667ns period=33.333ns})
  Destination:            user_35t_i/mdm_1/U0/MDM_Core_I1/JTAG_CONTROL_I/Use_BSCAN.command_reg[1]/CE
                            (falling edge-triggered cell FDRE clocked by user_35t_i/mdm_1/U0/Use_E2.BSCAN_I/Use_E2.BSCANE2_I/UPDATE  {rise@0.000ns fall@16.667ns period=33.333ns})
  Path Group:             user_35t_i/mdm_1/U0/Use_E2.BSCAN_I/Use_E2.BSCANE2_I/UPDATE
  Path Type:              Hold (Min at Fast Process Corner)
  Requirement:            0.000ns  (user_35t_i/mdm_1/U0/Use_E2.BSCAN_I/Use_E2.BSCANE2_I/UPDATE fall@16.667ns - user_35t_i/mdm_1/U0/Use_E2.BSCAN_I/Use_E2.BSCANE2_I/UPDATE fall@16.667ns)
  Data Path Delay:        0.575ns  (logic 0.191ns (33.206%)  route 0.384ns (66.794%))
  Logic Levels:           1  (LUT5=1)
  Clock Path Skew:        0.265ns (DCD - SCD - CPR)
    Destination Clock Delay (DCD):    1.641ns = ( 18.308 - 16.667 ) 
    Source Clock Delay      (SCD):    1.264ns = ( 17.931 - 16.667 ) 
    Clock Pessimism Removal (CPR):    0.112ns

    Location             Delay type                Incr(ns)  Path(ns)    Netlist Resource(s)
  -------------------------------------------------------------------    -------------------
                         (clock user_35t_i/mdm_1/U0/Use_E2.BSCAN_I/Use_E2.BSCANE2_I/UPDATE fall edge)
                                                     16.667    16.667 f  
    BSCAN_X0Y1           BSCANE2                      0.000    16.667 f  user_35t_i/mdm_1/U0/Use_E2.BSCAN_I/Use_E2.BSCANE2_I/UPDATE
                         net (fo=1, routed)           0.596    17.263    user_35t_i/mdm_1/U0/Use_E2.BSCAN_I/Dbg_Update_0
    BUFGCTRL_X0Y3        BUFG (Prop_bufg_I_O)         0.026    17.289 f  user_35t_i/mdm_1/U0/Use_E2.BSCAN_I/Dbg_Update_0_BUFG_inst/O
                         net (fo=40, routed)          0.642    17.931    user_35t_i/mdm_1/U0/MDM_Core_I1/CLK
    SLICE_X39Y145        FDCE                                         r  user_35t_i/mdm_1/U0/MDM_Core_I1/Use_BSCAN.PORT_Selector_reg[1]/C  (IS_INVERTED)
  -------------------------------------------------------------------    -------------------
    SLICE_X39Y145        FDCE (Prop_fdce_C_Q)         0.146    18.077 f  user_35t_i/mdm_1/U0/MDM_Core_I1/Use_BSCAN.PORT_Selector_reg[1]/Q
                         net (fo=9, routed)           0.167    18.244    user_35t_i/mdm_1/U0/MDM_Core_I1/JTAG_CONTROL_I/Q[1]
    SLICE_X37Y145        LUT5 (Prop_lut5_I2_O)        0.045    18.289 r  user_35t_i/mdm_1/U0/MDM_Core_I1/JTAG_CONTROL_I/Use_BSCAN.command[0]_i_1/O
                         net (fo=8, routed)           0.217    18.506    user_35t_i/mdm_1/U0/MDM_Core_I1/JTAG_CONTROL_I/Use_BSCAN.command[0]_i_1_n_0
    SLICE_X30Y145        FDRE                                         r  user_35t_i/mdm_1/U0/MDM_Core_I1/JTAG_CONTROL_I/Use_BSCAN.command_reg[1]/CE
  -------------------------------------------------------------------    -------------------

                         (clock user_35t_i/mdm_1/U0/Use_E2.BSCAN_I/Use_E2.BSCANE2_I/UPDATE fall edge)
                                                     16.667    16.667 f  
    BSCAN_X0Y1           BSCANE2                      0.000    16.667 f  user_35t_i/mdm_1/U0/Use_E2.BSCAN_I/Use_E2.BSCANE2_I/UPDATE
                         net (fo=1, routed)           0.696    17.363    user_35t_i/mdm_1/U0/Use_E2.BSCAN_I/Dbg_Update_0
    BUFGCTRL_X0Y3        BUFG (Prop_bufg_I_O)         0.029    17.392 f  user_35t_i/mdm_1/U0/Use_E2.BSCAN_I/Dbg_Update_0_BUFG_inst/O
                         net (fo=40, routed)          0.916    18.308    user_35t_i/mdm_1/U0/MDM_Core_I1/JTAG_CONTROL_I/CLK
    SLICE_X30Y145        FDRE                                         r  user_35t_i/mdm_1/U0/MDM_Core_I1/JTAG_CONTROL_I/Use_BSCAN.command_reg[1]/C  (IS_INVERTED)
                         clock pessimism             -0.112    18.196    
    SLICE_X30Y145        FDRE (Hold_fdre_C_CE)       -0.012    18.184    user_35t_i/mdm_1/U0/MDM_Core_I1/JTAG_CONTROL_I/Use_BSCAN.command_reg[1]
  -------------------------------------------------------------------
                         required time                        -18.184    
                         arrival time                          18.506    
  -------------------------------------------------------------------
                         slack                                  0.322    

Slack (MET) :             0.322ns  (arrival time - required time)
  Source:                 user_35t_i/mdm_1/U0/MDM_Core_I1/Use_BSCAN.PORT_Selector_reg[1]/C
                            (falling edge-triggered cell FDCE clocked by user_35t_i/mdm_1/U0/Use_E2.BSCAN_I/Use_E2.BSCANE2_I/UPDATE  {rise@0.000ns fall@16.667ns period=33.333ns})
  Destination:            user_35t_i/mdm_1/U0/MDM_Core_I1/JTAG_CONTROL_I/Use_BSCAN.command_reg[2]/CE
                            (falling edge-triggered cell FDRE clocked by user_35t_i/mdm_1/U0/Use_E2.BSCAN_I/Use_E2.BSCANE2_I/UPDATE  {rise@0.000ns fall@16.667ns period=33.333ns})
  Path Group:             user_35t_i/mdm_1/U0/Use_E2.BSCAN_I/Use_E2.BSCANE2_I/UPDATE
  Path Type:              Hold (Min at Fast Process Corner)
  Requirement:            0.000ns  (user_35t_i/mdm_1/U0/Use_E2.BSCAN_I/Use_E2.BSCANE2_I/UPDATE fall@16.667ns - user_35t_i/mdm_1/U0/Use_E2.BSCAN_I/Use_E2.BSCANE2_I/UPDATE fall@16.667ns)
  Data Path Delay:        0.575ns  (logic 0.191ns (33.206%)  route 0.384ns (66.794%))
  Logic Levels:           1  (LUT5=1)
  Clock Path Skew:        0.265ns (DCD - SCD - CPR)
    Destination Clock Delay (DCD):    1.641ns = ( 18.308 - 16.667 ) 
    Source Clock Delay      (SCD):    1.264ns = ( 17.931 - 16.667 ) 
    Clock Pessimism Removal (CPR):    0.112ns

    Location             Delay type                Incr(ns)  Path(ns)    Netlist Resource(s)
  -------------------------------------------------------------------    -------------------
                         (clock user_35t_i/mdm_1/U0/Use_E2.BSCAN_I/Use_E2.BSCANE2_I/UPDATE fall edge)
                                                     16.667    16.667 f  
    BSCAN_X0Y1           BSCANE2                      0.000    16.667 f  user_35t_i/mdm_1/U0/Use_E2.BSCAN_I/Use_E2.BSCANE2_I/UPDATE
                         net (fo=1, routed)           0.596    17.263    user_35t_i/mdm_1/U0/Use_E2.BSCAN_I/Dbg_Update_0
    BUFGCTRL_X0Y3        BUFG (Prop_bufg_I_O)         0.026    17.289 f  user_35t_i/mdm_1/U0/Use_E2.BSCAN_I/Dbg_Update_0_BUFG_inst/O
                         net (fo=40, routed)          0.642    17.931    user_35t_i/mdm_1/U0/MDM_Core_I1/CLK
    SLICE_X39Y145        FDCE                                         r  user_35t_i/mdm_1/U0/MDM_Core_I1/Use_BSCAN.PORT_Selector_reg[1]/C  (IS_INVERTED)
  -------------------------------------------------------------------    -------------------
    SLICE_X39Y145        FDCE (Prop_fdce_C_Q)         0.146    18.077 f  user_35t_i/mdm_1/U0/MDM_Core_I1/Use_BSCAN.PORT_Selector_reg[1]/Q
                         net (fo=9, routed)           0.167    18.244    user_35t_i/mdm_1/U0/MDM_Core_I1/JTAG_CONTROL_I/Q[1]
    SLICE_X37Y145        LUT5 (Prop_lut5_I2_O)        0.045    18.289 r  user_35t_i/mdm_1/U0/MDM_Core_I1/JTAG_CONTROL_I/Use_BSCAN.command[0]_i_1/O
                         net (fo=8, routed)           0.217    18.506    user_35t_i/mdm_1/U0/MDM_Core_I1/JTAG_CONTROL_I/Use_BSCAN.command[0]_i_1_n_0
    SLICE_X30Y145        FDRE                                         r  user_35t_i/mdm_1/U0/MDM_Core_I1/JTAG_CONTROL_I/Use_BSCAN.command_reg[2]/CE
  -------------------------------------------------------------------    -------------------

                         (clock user_35t_i/mdm_1/U0/Use_E2.BSCAN_I/Use_E2.BSCANE2_I/UPDATE fall edge)
                                                     16.667    16.667 f  
    BSCAN_X0Y1           BSCANE2                      0.000    16.667 f  user_35t_i/mdm_1/U0/Use_E2.BSCAN_I/Use_E2.BSCANE2_I/UPDATE
                         net (fo=1, routed)           0.696    17.363    user_35t_i/mdm_1/U0/Use_E2.BSCAN_I/Dbg_Update_0
    BUFGCTRL_X0Y3        BUFG (Prop_bufg_I_O)         0.029    17.392 f  user_35t_i/mdm_1/U0/Use_E2.BSCAN_I/Dbg_Update_0_BUFG_inst/O
                         net (fo=40, routed)          0.916    18.308    user_35t_i/mdm_1/U0/MDM_Core_I1/JTAG_CONTROL_I/CLK
    SLICE_X30Y145        FDRE                                         r  user_35t_i/mdm_1/U0/MDM_Core_I1/JTAG_CONTROL_I/Use_BSCAN.command_reg[2]/C  (IS_INVERTED)
                         clock pessimism             -0.112    18.196    
    SLICE_X30Y145        FDRE (Hold_fdre_C_CE)       -0.012    18.184    user_35t_i/mdm_1/U0/MDM_Core_I1/JTAG_CONTROL_I/Use_BSCAN.command_reg[2]
  -------------------------------------------------------------------
                         required time                        -18.184    
                         arrival time                          18.506    
  -------------------------------------------------------------------
                         slack                                  0.322    

Slack (MET) :             0.322ns  (arrival time - required time)
  Source:                 user_35t_i/mdm_1/U0/MDM_Core_I1/Use_BSCAN.PORT_Selector_reg[1]/C
                            (falling edge-triggered cell FDCE clocked by user_35t_i/mdm_1/U0/Use_E2.BSCAN_I/Use_E2.BSCANE2_I/UPDATE  {rise@0.000ns fall@16.667ns period=33.333ns})
  Destination:            user_35t_i/mdm_1/U0/MDM_Core_I1/JTAG_CONTROL_I/Use_BSCAN.command_reg[7]/CE
                            (falling edge-triggered cell FDRE clocked by user_35t_i/mdm_1/U0/Use_E2.BSCAN_I/Use_E2.BSCANE2_I/UPDATE  {rise@0.000ns fall@16.667ns period=33.333ns})
  Path Group:             user_35t_i/mdm_1/U0/Use_E2.BSCAN_I/Use_E2.BSCANE2_I/UPDATE
  Path Type:              Hold (Min at Fast Process Corner)
  Requirement:            0.000ns  (user_35t_i/mdm_1/U0/Use_E2.BSCAN_I/Use_E2.BSCANE2_I/UPDATE fall@16.667ns - user_35t_i/mdm_1/U0/Use_E2.BSCAN_I/Use_E2.BSCANE2_I/UPDATE fall@16.667ns)
  Data Path Delay:        0.575ns  (logic 0.191ns (33.206%)  route 0.384ns (66.794%))
  Logic Levels:           1  (LUT5=1)
  Clock Path Skew:        0.265ns (DCD - SCD - CPR)
    Destination Clock Delay (DCD):    1.641ns = ( 18.308 - 16.667 ) 
    Source Clock Delay      (SCD):    1.264ns = ( 17.931 - 16.667 ) 
    Clock Pessimism Removal (CPR):    0.112ns

    Location             Delay type                Incr(ns)  Path(ns)    Netlist Resource(s)
  -------------------------------------------------------------------    -------------------
                         (clock user_35t_i/mdm_1/U0/Use_E2.BSCAN_I/Use_E2.BSCANE2_I/UPDATE fall edge)
                                                     16.667    16.667 f  
    BSCAN_X0Y1           BSCANE2                      0.000    16.667 f  user_35t_i/mdm_1/U0/Use_E2.BSCAN_I/Use_E2.BSCANE2_I/UPDATE
                         net (fo=1, routed)           0.596    17.263    user_35t_i/mdm_1/U0/Use_E2.BSCAN_I/Dbg_Update_0
    BUFGCTRL_X0Y3        BUFG (Prop_bufg_I_O)         0.026    17.289 f  user_35t_i/mdm_1/U0/Use_E2.BSCAN_I/Dbg_Update_0_BUFG_inst/O
                         net (fo=40, routed)          0.642    17.931    user_35t_i/mdm_1/U0/MDM_Core_I1/CLK
    SLICE_X39Y145        FDCE                                         r  user_35t_i/mdm_1/U0/MDM_Core_I1/Use_BSCAN.PORT_Selector_reg[1]/C  (IS_INVERTED)
  -------------------------------------------------------------------    -------------------
    SLICE_X39Y145        FDCE (Prop_fdce_C_Q)         0.146    18.077 f  user_35t_i/mdm_1/U0/MDM_Core_I1/Use_BSCAN.PORT_Selector_reg[1]/Q
                         net (fo=9, routed)           0.167    18.244    user_35t_i/mdm_1/U0/MDM_Core_I1/JTAG_CONTROL_I/Q[1]
    SLICE_X37Y145        LUT5 (Prop_lut5_I2_O)        0.045    18.289 r  user_35t_i/mdm_1/U0/MDM_Core_I1/JTAG_CONTROL_I/Use_BSCAN.command[0]_i_1/O
                         net (fo=8, routed)           0.217    18.506    user_35t_i/mdm_1/U0/MDM_Core_I1/JTAG_CONTROL_I/Use_BSCAN.command[0]_i_1_n_0
    SLICE_X30Y145        FDRE                                         r  user_35t_i/mdm_1/U0/MDM_Core_I1/JTAG_CONTROL_I/Use_BSCAN.command_reg[7]/CE
  -------------------------------------------------------------------    -------------------

                         (clock user_35t_i/mdm_1/U0/Use_E2.BSCAN_I/Use_E2.BSCANE2_I/UPDATE fall edge)
                                                     16.667    16.667 f  
    BSCAN_X0Y1           BSCANE2                      0.000    16.667 f  user_35t_i/mdm_1/U0/Use_E2.BSCAN_I/Use_E2.BSCANE2_I/UPDATE
                         net (fo=1, routed)           0.696    17.363    user_35t_i/mdm_1/U0/Use_E2.BSCAN_I/Dbg_Update_0
    BUFGCTRL_X0Y3        BUFG (Prop_bufg_I_O)         0.029    17.392 f  user_35t_i/mdm_1/U0/Use_E2.BSCAN_I/Dbg_Update_0_BUFG_inst/O
                         net (fo=40, routed)          0.916    18.308    user_35t_i/mdm_1/U0/MDM_Core_I1/JTAG_CONTROL_I/CLK
    SLICE_X30Y145        FDRE                                         r  user_35t_i/mdm_1/U0/MDM_Core_I1/JTAG_CONTROL_I/Use_BSCAN.command_reg[7]/C  (IS_INVERTED)
                         clock pessimism             -0.112    18.196    
    SLICE_X30Y145        FDRE (Hold_fdre_C_CE)       -0.012    18.184    user_35t_i/mdm_1/U0/MDM_Core_I1/JTAG_CONTROL_I/Use_BSCAN.command_reg[7]
  -------------------------------------------------------------------
                         required time                        -18.184    
                         arrival time                          18.506    
  -------------------------------------------------------------------
                         slack                                  0.322    

Slack (MET) :             0.326ns  (arrival time - required time)
  Source:                 user_35t_i/mdm_1/U0/MDM_Core_I1/JTAG_CONTROL_I/completion_ctrl_reg[0]/C
                            (rising edge-triggered cell FDRE clocked by user_35t_i/mdm_1/U0/Use_E2.BSCAN_I/Use_E2.BSCANE2_I/UPDATE  {rise@0.000ns fall@16.667ns period=33.333ns})
  Destination:            user_35t_i/mdm_1/U0/MDM_Core_I1/JTAG_CONTROL_I/completion_ctrl_reg[0]/D
                            (rising edge-triggered cell FDRE clocked by user_35t_i/mdm_1/U0/Use_E2.BSCAN_I/Use_E2.BSCANE2_I/UPDATE  {rise@0.000ns fall@16.667ns period=33.333ns})
  Path Group:             user_35t_i/mdm_1/U0/Use_E2.BSCAN_I/Use_E2.BSCANE2_I/UPDATE
  Path Type:              Hold (Min at Fast Process Corner)
  Requirement:            0.000ns  (user_35t_i/mdm_1/U0/Use_E2.BSCAN_I/Use_E2.BSCANE2_I/UPDATE rise@0.000ns - user_35t_i/mdm_1/U0/Use_E2.BSCAN_I/Use_E2.BSCANE2_I/UPDATE rise@0.000ns)
  Data Path Delay:        0.418ns  (logic 0.186ns (44.472%)  route 0.232ns (55.528%))
  Logic Levels:           1  (LUT3=1)
  Clock Path Skew:        0.000ns (DCD - SCD - CPR)
    Destination Clock Delay (DCD):    1.641ns
    Source Clock Delay      (SCD):    1.265ns
    Clock Pessimism Removal (CPR):    0.376ns

    Location             Delay type                Incr(ns)  Path(ns)    Netlist Resource(s)
  -------------------------------------------------------------------    -------------------
                         (clock user_35t_i/mdm_1/U0/Use_E2.BSCAN_I/Use_E2.BSCANE2_I/UPDATE rise edge)
                                                      0.000     0.000 r  
    BSCAN_X0Y1           BSCANE2                      0.000     0.000 r  user_35t_i/mdm_1/U0/Use_E2.BSCAN_I/Use_E2.BSCANE2_I/UPDATE
                         net (fo=1, routed)           0.596     0.596    user_35t_i/mdm_1/U0/Use_E2.BSCAN_I/Dbg_Update_0
    BUFGCTRL_X0Y3        BUFG (Prop_bufg_I_O)         0.026     0.622 r  user_35t_i/mdm_1/U0/Use_E2.BSCAN_I/Dbg_Update_0_BUFG_inst/O
                         net (fo=40, routed)          0.643     1.265    user_35t_i/mdm_1/U0/MDM_Core_I1/JTAG_CONTROL_I/CLK
    SLICE_X31Y146        FDRE                                         r  user_35t_i/mdm_1/U0/MDM_Core_I1/JTAG_CONTROL_I/completion_ctrl_reg[0]/C
  -------------------------------------------------------------------    -------------------
    SLICE_X31Y146        FDRE (Prop_fdre_C_Q)         0.141     1.406 r  user_35t_i/mdm_1/U0/MDM_Core_I1/JTAG_CONTROL_I/completion_ctrl_reg[0]/Q
                         net (fo=2, routed)           0.232     1.639    user_35t_i/mdm_1/U0/MDM_Core_I1/JTAG_CONTROL_I/Use_BSCAN.FDC_I/completion_ctrl
    SLICE_X31Y146        LUT3 (Prop_lut3_I2_O)        0.045     1.684 r  user_35t_i/mdm_1/U0/MDM_Core_I1/JTAG_CONTROL_I/Use_BSCAN.FDC_I/completion_ctrl[0]_i_1/O
                         net (fo=1, routed)           0.000     1.684    user_35t_i/mdm_1/U0/MDM_Core_I1/JTAG_CONTROL_I/Use_BSCAN.FDC_I_n_36
    SLICE_X31Y146        FDRE                                         r  user_35t_i/mdm_1/U0/MDM_Core_I1/JTAG_CONTROL_I/completion_ctrl_reg[0]/D
  -------------------------------------------------------------------    -------------------

                         (clock user_35t_i/mdm_1/U0/Use_E2.BSCAN_I/Use_E2.BSCANE2_I/UPDATE rise edge)
                                                      0.000     0.000 r  
    BSCAN_X0Y1           BSCANE2                      0.000     0.000 r  user_35t_i/mdm_1/U0/Use_E2.BSCAN_I/Use_E2.BSCANE2_I/UPDATE
                         net (fo=1, routed)           0.696     0.696    user_35t_i/mdm_1/U0/Use_E2.BSCAN_I/Dbg_Update_0
    BUFGCTRL_X0Y3        BUFG (Prop_bufg_I_O)         0.029     0.725 r  user_35t_i/mdm_1/U0/Use_E2.BSCAN_I/Dbg_Update_0_BUFG_inst/O
                         net (fo=40, routed)          0.916     1.641    user_35t_i/mdm_1/U0/MDM_Core_I1/JTAG_CONTROL_I/CLK
    SLICE_X31Y146        FDRE                                         r  user_35t_i/mdm_1/U0/MDM_Core_I1/JTAG_CONTROL_I/completion_ctrl_reg[0]/C
                         clock pessimism             -0.376     1.265    
    SLICE_X31Y146        FDRE (Hold_fdre_C_D)         0.092     1.357    user_35t_i/mdm_1/U0/MDM_Core_I1/JTAG_CONTROL_I/completion_ctrl_reg[0]
  -------------------------------------------------------------------
                         required time                         -1.357    
                         arrival time                           1.684    
  -------------------------------------------------------------------
                         slack                                  0.326    

Slack (MET) :             0.327ns  (arrival time - required time)
  Source:                 user_35t_i/mdm_1/U0/MDM_Core_I1/JTAG_CONTROL_I/Debug_SYS_Rst_i_reg/C
                            (rising edge-triggered cell FDRE clocked by user_35t_i/mdm_1/U0/Use_E2.BSCAN_I/Use_E2.BSCANE2_I/UPDATE  {rise@0.000ns fall@16.667ns period=33.333ns})
  Destination:            user_35t_i/mdm_1/U0/MDM_Core_I1/JTAG_CONTROL_I/Debug_SYS_Rst_i_reg/D
                            (rising edge-triggered cell FDRE clocked by user_35t_i/mdm_1/U0/Use_E2.BSCAN_I/Use_E2.BSCANE2_I/UPDATE  {rise@0.000ns fall@16.667ns period=33.333ns})
  Path Group:             user_35t_i/mdm_1/U0/Use_E2.BSCAN_I/Use_E2.BSCANE2_I/UPDATE
  Path Type:              Hold (Min at Fast Process Corner)
  Requirement:            0.000ns  (user_35t_i/mdm_1/U0/Use_E2.BSCAN_I/Use_E2.BSCANE2_I/UPDATE rise@0.000ns - user_35t_i/mdm_1/U0/Use_E2.BSCAN_I/Use_E2.BSCANE2_I/UPDATE rise@0.000ns)
  Data Path Delay:        0.419ns  (logic 0.186ns (44.342%)  route 0.233ns (55.658%))
  Logic Levels:           1  (LUT6=1)
  Clock Path Skew:        0.000ns (DCD - SCD - CPR)
    Destination Clock Delay (DCD):    1.641ns
    Source Clock Delay      (SCD):    1.265ns
    Clock Pessimism Removal (CPR):    0.376ns

    Location             Delay type                Incr(ns)  Path(ns)    Netlist Resource(s)
  -------------------------------------------------------------------    -------------------
                         (clock user_35t_i/mdm_1/U0/Use_E2.BSCAN_I/Use_E2.BSCANE2_I/UPDATE rise edge)
                                                      0.000     0.000 r  
    BSCAN_X0Y1           BSCANE2                      0.000     0.000 r  user_35t_i/mdm_1/U0/Use_E2.BSCAN_I/Use_E2.BSCANE2_I/UPDATE
                         net (fo=1, routed)           0.596     0.596    user_35t_i/mdm_1/U0/Use_E2.BSCAN_I/Dbg_Update_0
    BUFGCTRL_X0Y3        BUFG (Prop_bufg_I_O)         0.026     0.622 r  user_35t_i/mdm_1/U0/Use_E2.BSCAN_I/Dbg_Update_0_BUFG_inst/O
                         net (fo=40, routed)          0.643     1.265    user_35t_i/mdm_1/U0/MDM_Core_I1/JTAG_CONTROL_I/CLK
    SLICE_X31Y144        FDRE                                         r  user_35t_i/mdm_1/U0/MDM_Core_I1/JTAG_CONTROL_I/Debug_SYS_Rst_i_reg/C
  -------------------------------------------------------------------    -------------------
    SLICE_X31Y144        FDRE (Prop_fdre_C_Q)         0.141     1.406 r  user_35t_i/mdm_1/U0/MDM_Core_I1/JTAG_CONTROL_I/Debug_SYS_Rst_i_reg/Q
                         net (fo=2, routed)           0.233     1.640    user_35t_i/mdm_1/U0/MDM_Core_I1/JTAG_CONTROL_I/Use_BSCAN.FDC_I/Debug_SYS_Rst
    SLICE_X31Y144        LUT6 (Prop_lut6_I5_O)        0.045     1.685 r  user_35t_i/mdm_1/U0/MDM_Core_I1/JTAG_CONTROL_I/Use_BSCAN.FDC_I/Debug_SYS_Rst_i_i_1/O
                         net (fo=1, routed)           0.000     1.685    user_35t_i/mdm_1/U0/MDM_Core_I1/JTAG_CONTROL_I/Use_BSCAN.FDC_I_n_35
    SLICE_X31Y144        FDRE                                         r  user_35t_i/mdm_1/U0/MDM_Core_I1/JTAG_CONTROL_I/Debug_SYS_Rst_i_reg/D
  -------------------------------------------------------------------    -------------------

                         (clock user_35t_i/mdm_1/U0/Use_E2.BSCAN_I/Use_E2.BSCANE2_I/UPDATE rise edge)
                                                      0.000     0.000 r  
    BSCAN_X0Y1           BSCANE2                      0.000     0.000 r  user_35t_i/mdm_1/U0/Use_E2.BSCAN_I/Use_E2.BSCANE2_I/UPDATE
                         net (fo=1, routed)           0.696     0.696    user_35t_i/mdm_1/U0/Use_E2.BSCAN_I/Dbg_Update_0
    BUFGCTRL_X0Y3        BUFG (Prop_bufg_I_O)         0.029     0.725 r  user_35t_i/mdm_1/U0/Use_E2.BSCAN_I/Dbg_Update_0_BUFG_inst/O
                         net (fo=40, routed)          0.916     1.641    user_35t_i/mdm_1/U0/MDM_Core_I1/JTAG_CONTROL_I/CLK
    SLICE_X31Y144        FDRE                                         r  user_35t_i/mdm_1/U0/MDM_Core_I1/JTAG_CONTROL_I/Debug_SYS_Rst_i_reg/C
                         clock pessimism             -0.376     1.265    
    SLICE_X31Y144        FDRE (Hold_fdre_C_D)         0.092     1.357    user_35t_i/mdm_1/U0/MDM_Core_I1/JTAG_CONTROL_I/Debug_SYS_Rst_i_reg
  -------------------------------------------------------------------
                         required time                         -1.357    
                         arrival time                           1.685    
  -------------------------------------------------------------------
                         slack                                  0.327    

Slack (MET) :             0.392ns  (arrival time - required time)
  Source:                 user_35t_i/mdm_1/U0/MDM_Core_I1/JTAG_CONTROL_I/Use_BSCAN.FDC_I/Using_FPGA.Native/C
                            (falling edge-triggered cell FDCE clocked by user_35t_i/mdm_1/U0/Use_E2.BSCAN_I/Use_E2.BSCANE2_I/UPDATE  {rise@0.000ns fall@16.667ns period=33.333ns})
  Destination:            user_35t_i/mdm_1/U0/MDM_Core_I1/JTAG_CONTROL_I/Use_BSCAN.FDC_I/Using_FPGA.Native/D
                            (falling edge-triggered cell FDCE clocked by user_35t_i/mdm_1/U0/Use_E2.BSCAN_I/Use_E2.BSCANE2_I/UPDATE  {rise@0.000ns fall@16.667ns period=33.333ns})
  Path Group:             user_35t_i/mdm_1/U0/Use_E2.BSCAN_I/Use_E2.BSCANE2_I/UPDATE
  Path Type:              Hold (Min at Fast Process Corner)
  Requirement:            0.000ns  (user_35t_i/mdm_1/U0/Use_E2.BSCAN_I/Use_E2.BSCANE2_I/UPDATE fall@16.667ns - user_35t_i/mdm_1/U0/Use_E2.BSCAN_I/Use_E2.BSCANE2_I/UPDATE fall@16.667ns)
  Data Path Delay:        0.471ns  (logic 0.191ns (40.521%)  route 0.280ns (59.479%))
  Logic Levels:           1  (LUT1=1)
  Clock Path Skew:        0.000ns (DCD - SCD - CPR)
    Destination Clock Delay (DCD):    1.642ns = ( 18.309 - 16.667 ) 
    Source Clock Delay      (SCD):    1.266ns = ( 17.933 - 16.667 ) 
    Clock Pessimism Removal (CPR):    0.376ns

    Location             Delay type                Incr(ns)  Path(ns)    Netlist Resource(s)
  -------------------------------------------------------------------    -------------------
                         (clock user_35t_i/mdm_1/U0/Use_E2.BSCAN_I/Use_E2.BSCANE2_I/UPDATE fall edge)
                                                     16.667    16.667 f  
    BSCAN_X0Y1           BSCANE2                      0.000    16.667 f  user_35t_i/mdm_1/U0/Use_E2.BSCAN_I/Use_E2.BSCANE2_I/UPDATE
                         net (fo=1, routed)           0.596    17.263    user_35t_i/mdm_1/U0/Use_E2.BSCAN_I/Dbg_Update_0
    BUFGCTRL_X0Y3        BUFG (Prop_bufg_I_O)         0.026    17.289 f  user_35t_i/mdm_1/U0/Use_E2.BSCAN_I/Dbg_Update_0_BUFG_inst/O
                         net (fo=40, routed)          0.644    17.933    user_35t_i/mdm_1/U0/MDM_Core_I1/JTAG_CONTROL_I/Use_BSCAN.FDC_I/CLK
    SLICE_X32Y147        FDCE                                         r  user_35t_i/mdm_1/U0/MDM_Core_I1/JTAG_CONTROL_I/Use_BSCAN.FDC_I/Using_FPGA.Native/C  (IS_INVERTED)
  -------------------------------------------------------------------    -------------------
    SLICE_X32Y147        FDCE (Prop_fdce_C_Q)         0.146    18.079 f  user_35t_i/mdm_1/U0/MDM_Core_I1/JTAG_CONTROL_I/Use_BSCAN.FDC_I/Using_FPGA.Native/Q
                         net (fo=16, routed)          0.110    18.189    user_35t_i/mdm_1/U0/MDM_Core_I1/JTAG_CONTROL_I/Use_BSCAN.FDC_I/Q_0
    SLICE_X31Y147        LUT1 (Prop_lut1_I0_O)        0.045    18.234 r  user_35t_i/mdm_1/U0/MDM_Core_I1/JTAG_CONTROL_I/Use_BSCAN.FDC_I/Using_FPGA.Native_i_1__0/O
                         net (fo=2, routed)           0.170    18.404    user_35t_i/mdm_1/U0/MDM_Core_I1/JTAG_CONTROL_I/Use_BSCAN.FDC_I/D
    SLICE_X32Y147        FDCE                                         r  user_35t_i/mdm_1/U0/MDM_Core_I1/JTAG_CONTROL_I/Use_BSCAN.FDC_I/Using_FPGA.Native/D
  -------------------------------------------------------------------    -------------------

                         (clock user_35t_i/mdm_1/U0/Use_E2.BSCAN_I/Use_E2.BSCANE2_I/UPDATE fall edge)
                                                     16.667    16.667 f  
    BSCAN_X0Y1           BSCANE2                      0.000    16.667 f  user_35t_i/mdm_1/U0/Use_E2.BSCAN_I/Use_E2.BSCANE2_I/UPDATE
                         net (fo=1, routed)           0.696    17.363    user_35t_i/mdm_1/U0/Use_E2.BSCAN_I/Dbg_Update_0
    BUFGCTRL_X0Y3        BUFG (Prop_bufg_I_O)         0.029    17.392 f  user_35t_i/mdm_1/U0/Use_E2.BSCAN_I/Dbg_Update_0_BUFG_inst/O
                         net (fo=40, routed)          0.917    18.309    user_35t_i/mdm_1/U0/MDM_Core_I1/JTAG_CONTROL_I/Use_BSCAN.FDC_I/CLK
    SLICE_X32Y147        FDCE                                         r  user_35t_i/mdm_1/U0/MDM_Core_I1/JTAG_CONTROL_I/Use_BSCAN.FDC_I/Using_FPGA.Native/C  (IS_INVERTED)
                         clock pessimism             -0.376    17.933    
    SLICE_X32Y147        FDCE (Hold_fdce_C_D)         0.079    18.012    user_35t_i/mdm_1/U0/MDM_Core_I1/JTAG_CONTROL_I/Use_BSCAN.FDC_I/Using_FPGA.Native
  -------------------------------------------------------------------
                         required time                        -18.012    
                         arrival time                          18.404    
  -------------------------------------------------------------------
                         slack                                  0.392    

Slack (MET) :             0.403ns  (arrival time - required time)
  Source:                 user_35t_i/mdm_1/U0/MDM_Core_I1/Use_BSCAN.PORT_Selector_reg[1]/C
                            (falling edge-triggered cell FDCE clocked by user_35t_i/mdm_1/U0/Use_E2.BSCAN_I/Use_E2.BSCANE2_I/UPDATE  {rise@0.000ns fall@16.667ns period=33.333ns})
  Destination:            user_35t_i/mdm_1/U0/MDM_Core_I1/JTAG_CONTROL_I/Use_BSCAN.command_reg[3]/CE
                            (falling edge-triggered cell FDRE clocked by user_35t_i/mdm_1/U0/Use_E2.BSCAN_I/Use_E2.BSCANE2_I/UPDATE  {rise@0.000ns fall@16.667ns period=33.333ns})
  Path Group:             user_35t_i/mdm_1/U0/Use_E2.BSCAN_I/Use_E2.BSCANE2_I/UPDATE
  Path Type:              Hold (Min at Fast Process Corner)
  Requirement:            0.000ns  (user_35t_i/mdm_1/U0/Use_E2.BSCAN_I/Use_E2.BSCANE2_I/UPDATE fall@16.667ns - user_35t_i/mdm_1/U0/Use_E2.BSCAN_I/Use_E2.BSCANE2_I/UPDATE fall@16.667ns)
  Data Path Delay:        0.635ns  (logic 0.191ns (30.057%)  route 0.444ns (69.943%))
  Logic Levels:           1  (LUT5=1)
  Clock Path Skew:        0.265ns (DCD - SCD - CPR)
    Destination Clock Delay (DCD):    1.641ns = ( 18.308 - 16.667 ) 
    Source Clock Delay      (SCD):    1.264ns = ( 17.931 - 16.667 ) 
    Clock Pessimism Removal (CPR):    0.112ns

    Location             Delay type                Incr(ns)  Path(ns)    Netlist Resource(s)
  -------------------------------------------------------------------    -------------------
                         (clock user_35t_i/mdm_1/U0/Use_E2.BSCAN_I/Use_E2.BSCANE2_I/UPDATE fall edge)
                                                     16.667    16.667 f  
    BSCAN_X0Y1           BSCANE2                      0.000    16.667 f  user_35t_i/mdm_1/U0/Use_E2.BSCAN_I/Use_E2.BSCANE2_I/UPDATE
                         net (fo=1, routed)           0.596    17.263    user_35t_i/mdm_1/U0/Use_E2.BSCAN_I/Dbg_Update_0
    BUFGCTRL_X0Y3        BUFG (Prop_bufg_I_O)         0.026    17.289 f  user_35t_i/mdm_1/U0/Use_E2.BSCAN_I/Dbg_Update_0_BUFG_inst/O
                         net (fo=40, routed)          0.642    17.931    user_35t_i/mdm_1/U0/MDM_Core_I1/CLK
    SLICE_X39Y145        FDCE                                         r  user_35t_i/mdm_1/U0/MDM_Core_I1/Use_BSCAN.PORT_Selector_reg[1]/C  (IS_INVERTED)
  -------------------------------------------------------------------    -------------------
    SLICE_X39Y145        FDCE (Prop_fdce_C_Q)         0.146    18.077 f  user_35t_i/mdm_1/U0/MDM_Core_I1/Use_BSCAN.PORT_Selector_reg[1]/Q
                         net (fo=9, routed)           0.167    18.244    user_35t_i/mdm_1/U0/MDM_Core_I1/JTAG_CONTROL_I/Q[1]
    SLICE_X37Y145        LUT5 (Prop_lut5_I2_O)        0.045    18.289 r  user_35t_i/mdm_1/U0/MDM_Core_I1/JTAG_CONTROL_I/Use_BSCAN.command[0]_i_1/O
                         net (fo=8, routed)           0.277    18.566    user_35t_i/mdm_1/U0/MDM_Core_I1/JTAG_CONTROL_I/Use_BSCAN.command[0]_i_1_n_0
    SLICE_X31Y145        FDRE                                         r  user_35t_i/mdm_1/U0/MDM_Core_I1/JTAG_CONTROL_I/Use_BSCAN.command_reg[3]/CE
  -------------------------------------------------------------------    -------------------

                         (clock user_35t_i/mdm_1/U0/Use_E2.BSCAN_I/Use_E2.BSCANE2_I/UPDATE fall edge)
                                                     16.667    16.667 f  
    BSCAN_X0Y1           BSCANE2                      0.000    16.667 f  user_35t_i/mdm_1/U0/Use_E2.BSCAN_I/Use_E2.BSCANE2_I/UPDATE
                         net (fo=1, routed)           0.696    17.363    user_35t_i/mdm_1/U0/Use_E2.BSCAN_I/Dbg_Update_0
    BUFGCTRL_X0Y3        BUFG (Prop_bufg_I_O)         0.029    17.392 f  user_35t_i/mdm_1/U0/Use_E2.BSCAN_I/Dbg_Update_0_BUFG_inst/O
                         net (fo=40, routed)          0.916    18.308    user_35t_i/mdm_1/U0/MDM_Core_I1/JTAG_CONTROL_I/CLK
    SLICE_X31Y145        FDRE                                         r  user_35t_i/mdm_1/U0/MDM_Core_I1/JTAG_CONTROL_I/Use_BSCAN.command_reg[3]/C  (IS_INVERTED)
                         clock pessimism             -0.112    18.196    
    SLICE_X31Y145        FDRE (Hold_fdre_C_CE)       -0.032    18.164    user_35t_i/mdm_1/U0/MDM_Core_I1/JTAG_CONTROL_I/Use_BSCAN.command_reg[3]
  -------------------------------------------------------------------
                         required time                        -18.164    
                         arrival time                          18.566    
  -------------------------------------------------------------------
                         slack                                  0.403    

Slack (MET) :             0.403ns  (arrival time - required time)
  Source:                 user_35t_i/mdm_1/U0/MDM_Core_I1/Use_BSCAN.PORT_Selector_reg[1]/C
                            (falling edge-triggered cell FDCE clocked by user_35t_i/mdm_1/U0/Use_E2.BSCAN_I/Use_E2.BSCANE2_I/UPDATE  {rise@0.000ns fall@16.667ns period=33.333ns})
  Destination:            user_35t_i/mdm_1/U0/MDM_Core_I1/JTAG_CONTROL_I/Use_BSCAN.command_reg[4]/CE
                            (falling edge-triggered cell FDRE clocked by user_35t_i/mdm_1/U0/Use_E2.BSCAN_I/Use_E2.BSCANE2_I/UPDATE  {rise@0.000ns fall@16.667ns period=33.333ns})
  Path Group:             user_35t_i/mdm_1/U0/Use_E2.BSCAN_I/Use_E2.BSCANE2_I/UPDATE
  Path Type:              Hold (Min at Fast Process Corner)
  Requirement:            0.000ns  (user_35t_i/mdm_1/U0/Use_E2.BSCAN_I/Use_E2.BSCANE2_I/UPDATE fall@16.667ns - user_35t_i/mdm_1/U0/Use_E2.BSCAN_I/Use_E2.BSCANE2_I/UPDATE fall@16.667ns)
  Data Path Delay:        0.635ns  (logic 0.191ns (30.057%)  route 0.444ns (69.943%))
  Logic Levels:           1  (LUT5=1)
  Clock Path Skew:        0.265ns (DCD - SCD - CPR)
    Destination Clock Delay (DCD):    1.641ns = ( 18.308 - 16.667 ) 
    Source Clock Delay      (SCD):    1.264ns = ( 17.931 - 16.667 ) 
    Clock Pessimism Removal (CPR):    0.112ns

    Location             Delay type                Incr(ns)  Path(ns)    Netlist Resource(s)
  -------------------------------------------------------------------    -------------------
                         (clock user_35t_i/mdm_1/U0/Use_E2.BSCAN_I/Use_E2.BSCANE2_I/UPDATE fall edge)
                                                     16.667    16.667 f  
    BSCAN_X0Y1           BSCANE2                      0.000    16.667 f  user_35t_i/mdm_1/U0/Use_E2.BSCAN_I/Use_E2.BSCANE2_I/UPDATE
                         net (fo=1, routed)           0.596    17.263    user_35t_i/mdm_1/U0/Use_E2.BSCAN_I/Dbg_Update_0
    BUFGCTRL_X0Y3        BUFG (Prop_bufg_I_O)         0.026    17.289 f  user_35t_i/mdm_1/U0/Use_E2.BSCAN_I/Dbg_Update_0_BUFG_inst/O
                         net (fo=40, routed)          0.642    17.931    user_35t_i/mdm_1/U0/MDM_Core_I1/CLK
    SLICE_X39Y145        FDCE                                         r  user_35t_i/mdm_1/U0/MDM_Core_I1/Use_BSCAN.PORT_Selector_reg[1]/C  (IS_INVERTED)
  -------------------------------------------------------------------    -------------------
    SLICE_X39Y145        FDCE (Prop_fdce_C_Q)         0.146    18.077 f  user_35t_i/mdm_1/U0/MDM_Core_I1/Use_BSCAN.PORT_Selector_reg[1]/Q
                         net (fo=9, routed)           0.167    18.244    user_35t_i/mdm_1/U0/MDM_Core_I1/JTAG_CONTROL_I/Q[1]
    SLICE_X37Y145        LUT5 (Prop_lut5_I2_O)        0.045    18.289 r  user_35t_i/mdm_1/U0/MDM_Core_I1/JTAG_CONTROL_I/Use_BSCAN.command[0]_i_1/O
                         net (fo=8, routed)           0.277    18.566    user_35t_i/mdm_1/U0/MDM_Core_I1/JTAG_CONTROL_I/Use_BSCAN.command[0]_i_1_n_0
    SLICE_X31Y145        FDRE                                         r  user_35t_i/mdm_1/U0/MDM_Core_I1/JTAG_CONTROL_I/Use_BSCAN.command_reg[4]/CE
  -------------------------------------------------------------------    -------------------

                         (clock user_35t_i/mdm_1/U0/Use_E2.BSCAN_I/Use_E2.BSCANE2_I/UPDATE fall edge)
                                                     16.667    16.667 f  
    BSCAN_X0Y1           BSCANE2                      0.000    16.667 f  user_35t_i/mdm_1/U0/Use_E2.BSCAN_I/Use_E2.BSCANE2_I/UPDATE
                         net (fo=1, routed)           0.696    17.363    user_35t_i/mdm_1/U0/Use_E2.BSCAN_I/Dbg_Update_0
    BUFGCTRL_X0Y3        BUFG (Prop_bufg_I_O)         0.029    17.392 f  user_35t_i/mdm_1/U0/Use_E2.BSCAN_I/Dbg_Update_0_BUFG_inst/O
                         net (fo=40, routed)          0.916    18.308    user_35t_i/mdm_1/U0/MDM_Core_I1/JTAG_CONTROL_I/CLK
    SLICE_X31Y145        FDRE                                         r  user_35t_i/mdm_1/U0/MDM_Core_I1/JTAG_CONTROL_I/Use_BSCAN.command_reg[4]/C  (IS_INVERTED)
                         clock pessimism             -0.112    18.196    
    SLICE_X31Y145        FDRE (Hold_fdre_C_CE)       -0.032    18.164    user_35t_i/mdm_1/U0/MDM_Core_I1/JTAG_CONTROL_I/Use_BSCAN.command_reg[4]
  -------------------------------------------------------------------
                         required time                        -18.164    
                         arrival time                          18.566    
  -------------------------------------------------------------------
                         slack                                  0.403    





Pulse Width Checks
--------------------------------------------------------------------------------------
Clock Name:         user_35t_i/mdm_1/U0/Use_E2.BSCAN_I/Use_E2.BSCANE2_I/UPDATE
Waveform(ns):       { 0.000 16.667 }
Period(ns):         33.333
Sources:            { user_35t_i/mdm_1/U0/Use_E2.BSCAN_I/Use_E2.BSCANE2_I/UPDATE }

Check Type        Corner  Lib Pin  Reference Pin  Required(ns)  Actual(ns)  Slack(ns)  Location       Pin
Min Period        n/a     BUFG/I   n/a            2.155         33.333      31.178     BUFGCTRL_X0Y3  user_35t_i/mdm_1/U0/Use_E2.BSCAN_I/Dbg_Update_0_BUFG_inst/I
Min Period        n/a     FDRE/C   n/a            1.000         33.333      32.333     SLICE_X31Y144  user_35t_i/mdm_1/U0/MDM_Core_I1/JTAG_CONTROL_I/Debug_Rst_i_reg/C
Min Period        n/a     FDRE/C   n/a            1.000         33.333      32.333     SLICE_X31Y144  user_35t_i/mdm_1/U0/MDM_Core_I1/JTAG_CONTROL_I/Debug_SYS_Rst_i_reg/C
Min Period        n/a     FDCE/C   n/a            1.000         33.333      32.333     SLICE_X32Y147  user_35t_i/mdm_1/U0/MDM_Core_I1/JTAG_CONTROL_I/Use_BSCAN.FDC_I/Using_FPGA.Native/C
Min Period        n/a     FDRE/C   n/a            1.000         33.333      32.333     SLICE_X30Y145  user_35t_i/mdm_1/U0/MDM_Core_I1/JTAG_CONTROL_I/Use_BSCAN.command_reg[0]/C
Min Period        n/a     FDRE/C   n/a            1.000         33.333      32.333     SLICE_X30Y145  user_35t_i/mdm_1/U0/MDM_Core_I1/JTAG_CONTROL_I/Use_BSCAN.command_reg[1]/C
Min Period        n/a     FDRE/C   n/a            1.000         33.333      32.333     SLICE_X30Y145  user_35t_i/mdm_1/U0/MDM_Core_I1/JTAG_CONTROL_I/Use_BSCAN.command_reg[2]/C
Min Period        n/a     FDRE/C   n/a            1.000         33.333      32.333     SLICE_X31Y145  user_35t_i/mdm_1/U0/MDM_Core_I1/JTAG_CONTROL_I/Use_BSCAN.command_reg[3]/C
Min Period        n/a     FDRE/C   n/a            1.000         33.333      32.333     SLICE_X31Y145  user_35t_i/mdm_1/U0/MDM_Core_I1/JTAG_CONTROL_I/Use_BSCAN.command_reg[4]/C
Min Period        n/a     FDRE/C   n/a            1.000         33.333      32.333     SLICE_X31Y145  user_35t_i/mdm_1/U0/MDM_Core_I1/JTAG_CONTROL_I/Use_BSCAN.command_reg[5]/C
Low Pulse Width   Fast    FDRE/C   n/a            0.500         16.666      16.166     SLICE_X31Y144  user_35t_i/mdm_1/U0/MDM_Core_I1/JTAG_CONTROL_I/Debug_Rst_i_reg/C
Low Pulse Width   Fast    FDRE/C   n/a            0.500         16.666      16.166     SLICE_X31Y144  user_35t_i/mdm_1/U0/MDM_Core_I1/JTAG_CONTROL_I/Debug_SYS_Rst_i_reg/C
Low Pulse Width   Fast    FDRE/C   n/a            0.500         16.666      16.166     SLICE_X32Y145  user_35t_i/mdm_1/U0/MDM_Core_I1/JTAG_CONTROL_I/command_1_reg[0]/C
Low Pulse Width   Fast    FDRE/C   n/a            0.500         16.666      16.166     SLICE_X32Y145  user_35t_i/mdm_1/U0/MDM_Core_I1/JTAG_CONTROL_I/command_1_reg[1]/C
Low Pulse Width   Fast    FDRE/C   n/a            0.500         16.666      16.166     SLICE_X32Y145  user_35t_i/mdm_1/U0/MDM_Core_I1/JTAG_CONTROL_I/command_1_reg[2]/C
Low Pulse Width   Fast    FDRE/C   n/a            0.500         16.666      16.166     SLICE_X32Y145  user_35t_i/mdm_1/U0/MDM_Core_I1/JTAG_CONTROL_I/command_1_reg[3]/C
Low Pulse Width   Fast    FDRE/C   n/a            0.500         16.666      16.166     SLICE_X32Y145  user_35t_i/mdm_1/U0/MDM_Core_I1/JTAG_CONTROL_I/command_1_reg[4]/C
Low Pulse Width   Fast    FDRE/C   n/a            0.500         16.666      16.166     SLICE_X32Y145  user_35t_i/mdm_1/U0/MDM_Core_I1/JTAG_CONTROL_I/command_1_reg[5]/C
Low Pulse Width   Fast    FDRE/C   n/a            0.500         16.666      16.166     SLICE_X32Y145  user_35t_i/mdm_1/U0/MDM_Core_I1/JTAG_CONTROL_I/command_1_reg[6]/C
Low Pulse Width   Fast    FDRE/C   n/a            0.500         16.666      16.166     SLICE_X32Y145  user_35t_i/mdm_1/U0/MDM_Core_I1/JTAG_CONTROL_I/command_1_reg[7]/C
High Pulse Width  Fast    FDRE/C   n/a            0.500         16.666      16.166     SLICE_X30Y145  user_35t_i/mdm_1/U0/MDM_Core_I1/JTAG_CONTROL_I/Use_BSCAN.command_reg[0]/C
High Pulse Width  Fast    FDRE/C   n/a            0.500         16.666      16.166     SLICE_X30Y145  user_35t_i/mdm_1/U0/MDM_Core_I1/JTAG_CONTROL_I/Use_BSCAN.command_reg[1]/C
High Pulse Width  Fast    FDRE/C   n/a            0.500         16.666      16.166     SLICE_X30Y145  user_35t_i/mdm_1/U0/MDM_Core_I1/JTAG_CONTROL_I/Use_BSCAN.command_reg[2]/C
High Pulse Width  Fast    FDRE/C   n/a            0.500         16.666      16.166     SLICE_X31Y145  user_35t_i/mdm_1/U0/MDM_Core_I1/JTAG_CONTROL_I/Use_BSCAN.command_reg[3]/C
High Pulse Width  Fast    FDRE/C   n/a            0.500         16.666      16.166     SLICE_X31Y145  user_35t_i/mdm_1/U0/MDM_Core_I1/JTAG_CONTROL_I/Use_BSCAN.command_reg[4]/C
High Pulse Width  Fast    FDRE/C   n/a            0.500         16.666      16.166     SLICE_X31Y145  user_35t_i/mdm_1/U0/MDM_Core_I1/JTAG_CONTROL_I/Use_BSCAN.command_reg[5]/C
High Pulse Width  Fast    FDRE/C   n/a            0.500         16.666      16.166     SLICE_X31Y145  user_35t_i/mdm_1/U0/MDM_Core_I1/JTAG_CONTROL_I/Use_BSCAN.command_reg[6]/C
High Pulse Width  Fast    FDRE/C   n/a            0.500         16.666      16.166     SLICE_X30Y145  user_35t_i/mdm_1/U0/MDM_Core_I1/JTAG_CONTROL_I/Use_BSCAN.command_reg[7]/C
High Pulse Width  Slow    FDCE/C   n/a            0.500         16.666      16.166     SLICE_X38Y145  user_35t_i/mdm_1/U0/MDM_Core_I1/Use_BSCAN.PORT_Selector_1_reg[0]/C
High Pulse Width  Slow    FDCE/C   n/a            0.500         16.666      16.166     SLICE_X38Y145  user_35t_i/mdm_1/U0/MDM_Core_I1/Use_BSCAN.PORT_Selector_1_reg[1]/C



---------------------------------------------------------------------------------------------------
From Clock:  clk_out1_user_35t_clk_wiz_0_0
  To Clock:  dbg_hub/inst/BSCANID.u_xsdbm_id/SWITCH_N_EXT_BSCAN.bscan_inst/SERIES7_BSCAN.bscan_inst/TCK

Setup :            0  Failing Endpoints,  Worst Slack        8.309ns,  Total Violation        0.000ns
Hold  :           NA  Failing Endpoints,  Worst Slack           NA  ,  Total Violation           NA
---------------------------------------------------------------------------------------------------


Max Delay Paths
--------------------------------------------------------------------------------------
Slack (MET) :             8.309ns  (required time - arrival time)
  Source:                 dbg_hub/inst/BSCANID.u_xsdbm_id/CORE_XSDB.UUT_MASTER/U_ICON_INTERFACE/U_CMD6_WR/U_WR_FIFO/SUBCORE_FIFO.xsdbm_v3_0_0_wrfifo_inst/inst_fifo_gen/gconvfifo.rf/grf.rf/gntv_or_sync_fifo.gcx.clkx/gnxpm_cdc.rd_pntr_gc_reg[0]/C
                            (rising edge-triggered cell FDCE clocked by clk_out1_user_35t_clk_wiz_0_0  {rise@0.000ns fall@5.000ns period=10.000ns})
  Destination:            dbg_hub/inst/BSCANID.u_xsdbm_id/CORE_XSDB.UUT_MASTER/U_ICON_INTERFACE/U_CMD6_WR/U_WR_FIFO/SUBCORE_FIFO.xsdbm_v3_0_0_wrfifo_inst/inst_fifo_gen/gconvfifo.rf/grf.rf/gntv_or_sync_fifo.gcx.clkx/gnxpm_cdc.gsync_stage[1].wr_stg_inst/Q_reg_reg[0]/D
                            (rising edge-triggered cell FDCE clocked by dbg_hub/inst/BSCANID.u_xsdbm_id/SWITCH_N_EXT_BSCAN.bscan_inst/SERIES7_BSCAN.bscan_inst/TCK  {rise@0.000ns fall@16.500ns period=33.000ns})
  Path Group:             dbg_hub/inst/BSCANID.u_xsdbm_id/SWITCH_N_EXT_BSCAN.bscan_inst/SERIES7_BSCAN.bscan_inst/TCK
  Path Type:              Setup (Max at Slow Process Corner)
  Requirement:            10.000ns  (MaxDelay Path 10.000ns)
  Data Path Delay:        1.414ns  (logic 0.419ns (29.631%)  route 0.995ns (70.369%))
  Logic Levels:           0  
  Timing Exception:       MaxDelay Path 10.000ns -datapath_only

    Location             Delay type                Incr(ns)  Path(ns)    Netlist Resource(s)
  -------------------------------------------------------------------    -------------------
    SLICE_X32Y28                                      0.000     0.000 r  dbg_hub/inst/BSCANID.u_xsdbm_id/CORE_XSDB.UUT_MASTER/U_ICON_INTERFACE/U_CMD6_WR/U_WR_FIFO/SUBCORE_FIFO.xsdbm_v3_0_0_wrfifo_inst/inst_fifo_gen/gconvfifo.rf/grf.rf/gntv_or_sync_fifo.gcx.clkx/gnxpm_cdc.rd_pntr_gc_reg[0]/C
    SLICE_X32Y28         FDCE (Prop_fdce_C_Q)         0.419     0.419 r  dbg_hub/inst/BSCANID.u_xsdbm_id/CORE_XSDB.UUT_MASTER/U_ICON_INTERFACE/U_CMD6_WR/U_WR_FIFO/SUBCORE_FIFO.xsdbm_v3_0_0_wrfifo_inst/inst_fifo_gen/gconvfifo.rf/grf.rf/gntv_or_sync_fifo.gcx.clkx/gnxpm_cdc.rd_pntr_gc_reg[0]/Q
                         net (fo=1, routed)           0.995     1.414    dbg_hub/inst/BSCANID.u_xsdbm_id/CORE_XSDB.UUT_MASTER/U_ICON_INTERFACE/U_CMD6_WR/U_WR_FIFO/SUBCORE_FIFO.xsdbm_v3_0_0_wrfifo_inst/inst_fifo_gen/gconvfifo.rf/grf.rf/gntv_or_sync_fifo.gcx.clkx/gnxpm_cdc.gsync_stage[1].wr_stg_inst/Q[0]
    SLICE_X33Y26         FDCE                                         r  dbg_hub/inst/BSCANID.u_xsdbm_id/CORE_XSDB.UUT_MASTER/U_ICON_INTERFACE/U_CMD6_WR/U_WR_FIFO/SUBCORE_FIFO.xsdbm_v3_0_0_wrfifo_inst/inst_fifo_gen/gconvfifo.rf/grf.rf/gntv_or_sync_fifo.gcx.clkx/gnxpm_cdc.gsync_stage[1].wr_stg_inst/Q_reg_reg[0]/D
  -------------------------------------------------------------------    -------------------

                         max delay                   10.000    10.000    
    SLICE_X33Y26         FDCE (Setup_fdce_C_D)       -0.277     9.723    dbg_hub/inst/BSCANID.u_xsdbm_id/CORE_XSDB.UUT_MASTER/U_ICON_INTERFACE/U_CMD6_WR/U_WR_FIFO/SUBCORE_FIFO.xsdbm_v3_0_0_wrfifo_inst/inst_fifo_gen/gconvfifo.rf/grf.rf/gntv_or_sync_fifo.gcx.clkx/gnxpm_cdc.gsync_stage[1].wr_stg_inst/Q_reg_reg[0]
  -------------------------------------------------------------------
                         required time                          9.723    
                         arrival time                          -1.414    
  -------------------------------------------------------------------
                         slack                                  8.309    

Slack (MET) :             8.563ns  (required time - arrival time)
  Source:                 dbg_hub/inst/BSCANID.u_xsdbm_id/CORE_XSDB.UUT_MASTER/U_ICON_INTERFACE/U_CMD6_RD/U_RD_FIFO/SUBCORE_FIFO.xsdbm_v3_0_0_rdfifo_inst/inst_fifo_gen/gconvfifo.rf/grf.rf/gntv_or_sync_fifo.gcx.clkx/gnxpm_cdc.wr_pntr_gc_reg[3]/C
                            (rising edge-triggered cell FDCE clocked by clk_out1_user_35t_clk_wiz_0_0  {rise@0.000ns fall@5.000ns period=10.000ns})
  Destination:            dbg_hub/inst/BSCANID.u_xsdbm_id/CORE_XSDB.UUT_MASTER/U_ICON_INTERFACE/U_CMD6_RD/U_RD_FIFO/SUBCORE_FIFO.xsdbm_v3_0_0_rdfifo_inst/inst_fifo_gen/gconvfifo.rf/grf.rf/gntv_or_sync_fifo.gcx.clkx/gnxpm_cdc.gsync_stage[1].rd_stg_inst/Q_reg_reg[3]/D
                            (rising edge-triggered cell FDCE clocked by dbg_hub/inst/BSCANID.u_xsdbm_id/SWITCH_N_EXT_BSCAN.bscan_inst/SERIES7_BSCAN.bscan_inst/TCK  {rise@0.000ns fall@16.500ns period=33.000ns})
  Path Group:             dbg_hub/inst/BSCANID.u_xsdbm_id/SWITCH_N_EXT_BSCAN.bscan_inst/SERIES7_BSCAN.bscan_inst/TCK
  Path Type:              Setup (Max at Slow Process Corner)
  Requirement:            10.000ns  (MaxDelay Path 10.000ns)
  Data Path Delay:        1.171ns  (logic 0.419ns (35.778%)  route 0.752ns (64.222%))
  Logic Levels:           0  
  Timing Exception:       MaxDelay Path 10.000ns -datapath_only

    Location             Delay type                Incr(ns)  Path(ns)    Netlist Resource(s)
  -------------------------------------------------------------------    -------------------
    SLICE_X45Y21                                      0.000     0.000 r  dbg_hub/inst/BSCANID.u_xsdbm_id/CORE_XSDB.UUT_MASTER/U_ICON_INTERFACE/U_CMD6_RD/U_RD_FIFO/SUBCORE_FIFO.xsdbm_v3_0_0_rdfifo_inst/inst_fifo_gen/gconvfifo.rf/grf.rf/gntv_or_sync_fifo.gcx.clkx/gnxpm_cdc.wr_pntr_gc_reg[3]/C
    SLICE_X45Y21         FDCE (Prop_fdce_C_Q)         0.419     0.419 r  dbg_hub/inst/BSCANID.u_xsdbm_id/CORE_XSDB.UUT_MASTER/U_ICON_INTERFACE/U_CMD6_RD/U_RD_FIFO/SUBCORE_FIFO.xsdbm_v3_0_0_rdfifo_inst/inst_fifo_gen/gconvfifo.rf/grf.rf/gntv_or_sync_fifo.gcx.clkx/gnxpm_cdc.wr_pntr_gc_reg[3]/Q
                         net (fo=1, routed)           0.752     1.171    dbg_hub/inst/BSCANID.u_xsdbm_id/CORE_XSDB.UUT_MASTER/U_ICON_INTERFACE/U_CMD6_RD/U_RD_FIFO/SUBCORE_FIFO.xsdbm_v3_0_0_rdfifo_inst/inst_fifo_gen/gconvfifo.rf/grf.rf/gntv_or_sync_fifo.gcx.clkx/gnxpm_cdc.gsync_stage[1].rd_stg_inst/Q[3]
    SLICE_X44Y21         FDCE                                         r  dbg_hub/inst/BSCANID.u_xsdbm_id/CORE_XSDB.UUT_MASTER/U_ICON_INTERFACE/U_CMD6_RD/U_RD_FIFO/SUBCORE_FIFO.xsdbm_v3_0_0_rdfifo_inst/inst_fifo_gen/gconvfifo.rf/grf.rf/gntv_or_sync_fifo.gcx.clkx/gnxpm_cdc.gsync_stage[1].rd_stg_inst/Q_reg_reg[3]/D
  -------------------------------------------------------------------    -------------------

                         max delay                   10.000    10.000    
    SLICE_X44Y21         FDCE (Setup_fdce_C_D)       -0.266     9.734    dbg_hub/inst/BSCANID.u_xsdbm_id/CORE_XSDB.UUT_MASTER/U_ICON_INTERFACE/U_CMD6_RD/U_RD_FIFO/SUBCORE_FIFO.xsdbm_v3_0_0_rdfifo_inst/inst_fifo_gen/gconvfifo.rf/grf.rf/gntv_or_sync_fifo.gcx.clkx/gnxpm_cdc.gsync_stage[1].rd_stg_inst/Q_reg_reg[3]
  -------------------------------------------------------------------
                         required time                          9.734    
                         arrival time                          -1.171    
  -------------------------------------------------------------------
                         slack                                  8.563    

Slack (MET) :             8.731ns  (required time - arrival time)
  Source:                 dbg_hub/inst/BSCANID.u_xsdbm_id/CORE_XSDB.UUT_MASTER/U_ICON_INTERFACE/U_CMD6_RD/U_RD_FIFO/SUBCORE_FIFO.xsdbm_v3_0_0_rdfifo_inst/inst_fifo_gen/gconvfifo.rf/grf.rf/gntv_or_sync_fifo.gcx.clkx/gnxpm_cdc.wr_pntr_gc_reg[1]/C
                            (rising edge-triggered cell FDCE clocked by clk_out1_user_35t_clk_wiz_0_0  {rise@0.000ns fall@5.000ns period=10.000ns})
  Destination:            dbg_hub/inst/BSCANID.u_xsdbm_id/CORE_XSDB.UUT_MASTER/U_ICON_INTERFACE/U_CMD6_RD/U_RD_FIFO/SUBCORE_FIFO.xsdbm_v3_0_0_rdfifo_inst/inst_fifo_gen/gconvfifo.rf/grf.rf/gntv_or_sync_fifo.gcx.clkx/gnxpm_cdc.gsync_stage[1].rd_stg_inst/Q_reg_reg[1]/D
                            (rising edge-triggered cell FDCE clocked by dbg_hub/inst/BSCANID.u_xsdbm_id/SWITCH_N_EXT_BSCAN.bscan_inst/SERIES7_BSCAN.bscan_inst/TCK  {rise@0.000ns fall@16.500ns period=33.000ns})
  Path Group:             dbg_hub/inst/BSCANID.u_xsdbm_id/SWITCH_N_EXT_BSCAN.bscan_inst/SERIES7_BSCAN.bscan_inst/TCK
  Path Type:              Setup (Max at Slow Process Corner)
  Requirement:            10.000ns  (MaxDelay Path 10.000ns)
  Data Path Delay:        1.004ns  (logic 0.419ns (41.719%)  route 0.585ns (58.281%))
  Logic Levels:           0  
  Timing Exception:       MaxDelay Path 10.000ns -datapath_only

    Location             Delay type                Incr(ns)  Path(ns)    Netlist Resource(s)
  -------------------------------------------------------------------    -------------------
    SLICE_X45Y22                                      0.000     0.000 r  dbg_hub/inst/BSCANID.u_xsdbm_id/CORE_XSDB.UUT_MASTER/U_ICON_INTERFACE/U_CMD6_RD/U_RD_FIFO/SUBCORE_FIFO.xsdbm_v3_0_0_rdfifo_inst/inst_fifo_gen/gconvfifo.rf/grf.rf/gntv_or_sync_fifo.gcx.clkx/gnxpm_cdc.wr_pntr_gc_reg[1]/C
    SLICE_X45Y22         FDCE (Prop_fdce_C_Q)         0.419     0.419 r  dbg_hub/inst/BSCANID.u_xsdbm_id/CORE_XSDB.UUT_MASTER/U_ICON_INTERFACE/U_CMD6_RD/U_RD_FIFO/SUBCORE_FIFO.xsdbm_v3_0_0_rdfifo_inst/inst_fifo_gen/gconvfifo.rf/grf.rf/gntv_or_sync_fifo.gcx.clkx/gnxpm_cdc.wr_pntr_gc_reg[1]/Q
                         net (fo=1, routed)           0.585     1.004    dbg_hub/inst/BSCANID.u_xsdbm_id/CORE_XSDB.UUT_MASTER/U_ICON_INTERFACE/U_CMD6_RD/U_RD_FIFO/SUBCORE_FIFO.xsdbm_v3_0_0_rdfifo_inst/inst_fifo_gen/gconvfifo.rf/grf.rf/gntv_or_sync_fifo.gcx.clkx/gnxpm_cdc.gsync_stage[1].rd_stg_inst/Q[1]
    SLICE_X44Y22         FDCE                                         r  dbg_hub/inst/BSCANID.u_xsdbm_id/CORE_XSDB.UUT_MASTER/U_ICON_INTERFACE/U_CMD6_RD/U_RD_FIFO/SUBCORE_FIFO.xsdbm_v3_0_0_rdfifo_inst/inst_fifo_gen/gconvfifo.rf/grf.rf/gntv_or_sync_fifo.gcx.clkx/gnxpm_cdc.gsync_stage[1].rd_stg_inst/Q_reg_reg[1]/D
  -------------------------------------------------------------------    -------------------

                         max delay                   10.000    10.000    
    SLICE_X44Y22         FDCE (Setup_fdce_C_D)       -0.265     9.735    dbg_hub/inst/BSCANID.u_xsdbm_id/CORE_XSDB.UUT_MASTER/U_ICON_INTERFACE/U_CMD6_RD/U_RD_FIFO/SUBCORE_FIFO.xsdbm_v3_0_0_rdfifo_inst/inst_fifo_gen/gconvfifo.rf/grf.rf/gntv_or_sync_fifo.gcx.clkx/gnxpm_cdc.gsync_stage[1].rd_stg_inst/Q_reg_reg[1]
  -------------------------------------------------------------------
                         required time                          9.735    
                         arrival time                          -1.004    
  -------------------------------------------------------------------
                         slack                                  8.731    

Slack (MET) :             8.859ns  (required time - arrival time)
  Source:                 dbg_hub/inst/BSCANID.u_xsdbm_id/CORE_XSDB.UUT_MASTER/U_ICON_INTERFACE/U_CMD6_RD/U_RD_FIFO/SUBCORE_FIFO.xsdbm_v3_0_0_rdfifo_inst/inst_fifo_gen/gconvfifo.rf/grf.rf/gntv_or_sync_fifo.gcx.clkx/gnxpm_cdc.wr_pntr_gc_reg[2]/C
                            (rising edge-triggered cell FDCE clocked by clk_out1_user_35t_clk_wiz_0_0  {rise@0.000ns fall@5.000ns period=10.000ns})
  Destination:            dbg_hub/inst/BSCANID.u_xsdbm_id/CORE_XSDB.UUT_MASTER/U_ICON_INTERFACE/U_CMD6_RD/U_RD_FIFO/SUBCORE_FIFO.xsdbm_v3_0_0_rdfifo_inst/inst_fifo_gen/gconvfifo.rf/grf.rf/gntv_or_sync_fifo.gcx.clkx/gnxpm_cdc.gsync_stage[1].rd_stg_inst/Q_reg_reg[2]/D
                            (rising edge-triggered cell FDCE clocked by dbg_hub/inst/BSCANID.u_xsdbm_id/SWITCH_N_EXT_BSCAN.bscan_inst/SERIES7_BSCAN.bscan_inst/TCK  {rise@0.000ns fall@16.500ns period=33.000ns})
  Path Group:             dbg_hub/inst/BSCANID.u_xsdbm_id/SWITCH_N_EXT_BSCAN.bscan_inst/SERIES7_BSCAN.bscan_inst/TCK
  Path Type:              Setup (Max at Slow Process Corner)
  Requirement:            10.000ns  (MaxDelay Path 10.000ns)
  Data Path Delay:        1.046ns  (logic 0.456ns (43.575%)  route 0.590ns (56.425%))
  Logic Levels:           0  
  Timing Exception:       MaxDelay Path 10.000ns -datapath_only

    Location             Delay type                Incr(ns)  Path(ns)    Netlist Resource(s)
  -------------------------------------------------------------------    -------------------
    SLICE_X45Y21                                      0.000     0.000 r  dbg_hub/inst/BSCANID.u_xsdbm_id/CORE_XSDB.UUT_MASTER/U_ICON_INTERFACE/U_CMD6_RD/U_RD_FIFO/SUBCORE_FIFO.xsdbm_v3_0_0_rdfifo_inst/inst_fifo_gen/gconvfifo.rf/grf.rf/gntv_or_sync_fifo.gcx.clkx/gnxpm_cdc.wr_pntr_gc_reg[2]/C
    SLICE_X45Y21         FDCE (Prop_fdce_C_Q)         0.456     0.456 r  dbg_hub/inst/BSCANID.u_xsdbm_id/CORE_XSDB.UUT_MASTER/U_ICON_INTERFACE/U_CMD6_RD/U_RD_FIFO/SUBCORE_FIFO.xsdbm_v3_0_0_rdfifo_inst/inst_fifo_gen/gconvfifo.rf/grf.rf/gntv_or_sync_fifo.gcx.clkx/gnxpm_cdc.wr_pntr_gc_reg[2]/Q
                         net (fo=1, routed)           0.590     1.046    dbg_hub/inst/BSCANID.u_xsdbm_id/CORE_XSDB.UUT_MASTER/U_ICON_INTERFACE/U_CMD6_RD/U_RD_FIFO/SUBCORE_FIFO.xsdbm_v3_0_0_rdfifo_inst/inst_fifo_gen/gconvfifo.rf/grf.rf/gntv_or_sync_fifo.gcx.clkx/gnxpm_cdc.gsync_stage[1].rd_stg_inst/Q[2]
    SLICE_X44Y21         FDCE                                         r  dbg_hub/inst/BSCANID.u_xsdbm_id/CORE_XSDB.UUT_MASTER/U_ICON_INTERFACE/U_CMD6_RD/U_RD_FIFO/SUBCORE_FIFO.xsdbm_v3_0_0_rdfifo_inst/inst_fifo_gen/gconvfifo.rf/grf.rf/gntv_or_sync_fifo.gcx.clkx/gnxpm_cdc.gsync_stage[1].rd_stg_inst/Q_reg_reg[2]/D
  -------------------------------------------------------------------    -------------------

                         max delay                   10.000    10.000    
    SLICE_X44Y21         FDCE (Setup_fdce_C_D)       -0.095     9.905    dbg_hub/inst/BSCANID.u_xsdbm_id/CORE_XSDB.UUT_MASTER/U_ICON_INTERFACE/U_CMD6_RD/U_RD_FIFO/SUBCORE_FIFO.xsdbm_v3_0_0_rdfifo_inst/inst_fifo_gen/gconvfifo.rf/grf.rf/gntv_or_sync_fifo.gcx.clkx/gnxpm_cdc.gsync_stage[1].rd_stg_inst/Q_reg_reg[2]
  -------------------------------------------------------------------
                         required time                          9.905    
                         arrival time                          -1.046    
  -------------------------------------------------------------------
                         slack                                  8.859    

Slack (MET) :             8.864ns  (required time - arrival time)
  Source:                 dbg_hub/inst/BSCANID.u_xsdbm_id/CORE_XSDB.UUT_MASTER/U_ICON_INTERFACE/U_CMD6_RD/U_RD_FIFO/SUBCORE_FIFO.xsdbm_v3_0_0_rdfifo_inst/inst_fifo_gen/gconvfifo.rf/grf.rf/gntv_or_sync_fifo.gcx.clkx/gnxpm_cdc.wr_pntr_gc_reg[0]/C
                            (rising edge-triggered cell FDCE clocked by clk_out1_user_35t_clk_wiz_0_0  {rise@0.000ns fall@5.000ns period=10.000ns})
  Destination:            dbg_hub/inst/BSCANID.u_xsdbm_id/CORE_XSDB.UUT_MASTER/U_ICON_INTERFACE/U_CMD6_RD/U_RD_FIFO/SUBCORE_FIFO.xsdbm_v3_0_0_rdfifo_inst/inst_fifo_gen/gconvfifo.rf/grf.rf/gntv_or_sync_fifo.gcx.clkx/gnxpm_cdc.gsync_stage[1].rd_stg_inst/Q_reg_reg[0]/D
                            (rising edge-triggered cell FDCE clocked by dbg_hub/inst/BSCANID.u_xsdbm_id/SWITCH_N_EXT_BSCAN.bscan_inst/SERIES7_BSCAN.bscan_inst/TCK  {rise@0.000ns fall@16.500ns period=33.000ns})
  Path Group:             dbg_hub/inst/BSCANID.u_xsdbm_id/SWITCH_N_EXT_BSCAN.bscan_inst/SERIES7_BSCAN.bscan_inst/TCK
  Path Type:              Setup (Max at Slow Process Corner)
  Requirement:            10.000ns  (MaxDelay Path 10.000ns)
  Data Path Delay:        1.041ns  (logic 0.456ns (43.822%)  route 0.585ns (56.178%))
  Logic Levels:           0  
  Timing Exception:       MaxDelay Path 10.000ns -datapath_only

    Location             Delay type                Incr(ns)  Path(ns)    Netlist Resource(s)
  -------------------------------------------------------------------    -------------------
    SLICE_X45Y22                                      0.000     0.000 r  dbg_hub/inst/BSCANID.u_xsdbm_id/CORE_XSDB.UUT_MASTER/U_ICON_INTERFACE/U_CMD6_RD/U_RD_FIFO/SUBCORE_FIFO.xsdbm_v3_0_0_rdfifo_inst/inst_fifo_gen/gconvfifo.rf/grf.rf/gntv_or_sync_fifo.gcx.clkx/gnxpm_cdc.wr_pntr_gc_reg[0]/C
    SLICE_X45Y22         FDCE (Prop_fdce_C_Q)         0.456     0.456 r  dbg_hub/inst/BSCANID.u_xsdbm_id/CORE_XSDB.UUT_MASTER/U_ICON_INTERFACE/U_CMD6_RD/U_RD_FIFO/SUBCORE_FIFO.xsdbm_v3_0_0_rdfifo_inst/inst_fifo_gen/gconvfifo.rf/grf.rf/gntv_or_sync_fifo.gcx.clkx/gnxpm_cdc.wr_pntr_gc_reg[0]/Q
                         net (fo=1, routed)           0.585     1.041    dbg_hub/inst/BSCANID.u_xsdbm_id/CORE_XSDB.UUT_MASTER/U_ICON_INTERFACE/U_CMD6_RD/U_RD_FIFO/SUBCORE_FIFO.xsdbm_v3_0_0_rdfifo_inst/inst_fifo_gen/gconvfifo.rf/grf.rf/gntv_or_sync_fifo.gcx.clkx/gnxpm_cdc.gsync_stage[1].rd_stg_inst/Q[0]
    SLICE_X44Y22         FDCE                                         r  dbg_hub/inst/BSCANID.u_xsdbm_id/CORE_XSDB.UUT_MASTER/U_ICON_INTERFACE/U_CMD6_RD/U_RD_FIFO/SUBCORE_FIFO.xsdbm_v3_0_0_rdfifo_inst/inst_fifo_gen/gconvfifo.rf/grf.rf/gntv_or_sync_fifo.gcx.clkx/gnxpm_cdc.gsync_stage[1].rd_stg_inst/Q_reg_reg[0]/D
  -------------------------------------------------------------------    -------------------

                         max delay                   10.000    10.000    
    SLICE_X44Y22         FDCE (Setup_fdce_C_D)       -0.095     9.905    dbg_hub/inst/BSCANID.u_xsdbm_id/CORE_XSDB.UUT_MASTER/U_ICON_INTERFACE/U_CMD6_RD/U_RD_FIFO/SUBCORE_FIFO.xsdbm_v3_0_0_rdfifo_inst/inst_fifo_gen/gconvfifo.rf/grf.rf/gntv_or_sync_fifo.gcx.clkx/gnxpm_cdc.gsync_stage[1].rd_stg_inst/Q_reg_reg[0]
  -------------------------------------------------------------------
                         required time                          9.905    
                         arrival time                          -1.041    
  -------------------------------------------------------------------
                         slack                                  8.864    

Slack (MET) :             8.874ns  (required time - arrival time)
  Source:                 dbg_hub/inst/BSCANID.u_xsdbm_id/CORE_XSDB.UUT_MASTER/U_ICON_INTERFACE/U_CMD6_WR/U_WR_FIFO/SUBCORE_FIFO.xsdbm_v3_0_0_wrfifo_inst/inst_fifo_gen/gconvfifo.rf/grf.rf/gntv_or_sync_fifo.gcx.clkx/gnxpm_cdc.rd_pntr_gc_reg[3]/C
                            (rising edge-triggered cell FDCE clocked by clk_out1_user_35t_clk_wiz_0_0  {rise@0.000ns fall@5.000ns period=10.000ns})
  Destination:            dbg_hub/inst/BSCANID.u_xsdbm_id/CORE_XSDB.UUT_MASTER/U_ICON_INTERFACE/U_CMD6_WR/U_WR_FIFO/SUBCORE_FIFO.xsdbm_v3_0_0_wrfifo_inst/inst_fifo_gen/gconvfifo.rf/grf.rf/gntv_or_sync_fifo.gcx.clkx/gnxpm_cdc.gsync_stage[1].wr_stg_inst/Q_reg_reg[3]/D
                            (rising edge-triggered cell FDCE clocked by dbg_hub/inst/BSCANID.u_xsdbm_id/SWITCH_N_EXT_BSCAN.bscan_inst/SERIES7_BSCAN.bscan_inst/TCK  {rise@0.000ns fall@16.500ns period=33.000ns})
  Path Group:             dbg_hub/inst/BSCANID.u_xsdbm_id/SWITCH_N_EXT_BSCAN.bscan_inst/SERIES7_BSCAN.bscan_inst/TCK
  Path Type:              Setup (Max at Slow Process Corner)
  Requirement:            10.000ns  (MaxDelay Path 10.000ns)
  Data Path Delay:        0.858ns  (logic 0.419ns (48.818%)  route 0.439ns (51.182%))
  Logic Levels:           0  
  Timing Exception:       MaxDelay Path 10.000ns -datapath_only

    Location             Delay type                Incr(ns)  Path(ns)    Netlist Resource(s)
  -------------------------------------------------------------------    -------------------
    SLICE_X32Y27                                      0.000     0.000 r  dbg_hub/inst/BSCANID.u_xsdbm_id/CORE_XSDB.UUT_MASTER/U_ICON_INTERFACE/U_CMD6_WR/U_WR_FIFO/SUBCORE_FIFO.xsdbm_v3_0_0_wrfifo_inst/inst_fifo_gen/gconvfifo.rf/grf.rf/gntv_or_sync_fifo.gcx.clkx/gnxpm_cdc.rd_pntr_gc_reg[3]/C
    SLICE_X32Y27         FDCE (Prop_fdce_C_Q)         0.419     0.419 r  dbg_hub/inst/BSCANID.u_xsdbm_id/CORE_XSDB.UUT_MASTER/U_ICON_INTERFACE/U_CMD6_WR/U_WR_FIFO/SUBCORE_FIFO.xsdbm_v3_0_0_wrfifo_inst/inst_fifo_gen/gconvfifo.rf/grf.rf/gntv_or_sync_fifo.gcx.clkx/gnxpm_cdc.rd_pntr_gc_reg[3]/Q
                         net (fo=1, routed)           0.439     0.858    dbg_hub/inst/BSCANID.u_xsdbm_id/CORE_XSDB.UUT_MASTER/U_ICON_INTERFACE/U_CMD6_WR/U_WR_FIFO/SUBCORE_FIFO.xsdbm_v3_0_0_wrfifo_inst/inst_fifo_gen/gconvfifo.rf/grf.rf/gntv_or_sync_fifo.gcx.clkx/gnxpm_cdc.gsync_stage[1].wr_stg_inst/Q[3]
    SLICE_X35Y27         FDCE                                         r  dbg_hub/inst/BSCANID.u_xsdbm_id/CORE_XSDB.UUT_MASTER/U_ICON_INTERFACE/U_CMD6_WR/U_WR_FIFO/SUBCORE_FIFO.xsdbm_v3_0_0_wrfifo_inst/inst_fifo_gen/gconvfifo.rf/grf.rf/gntv_or_sync_fifo.gcx.clkx/gnxpm_cdc.gsync_stage[1].wr_stg_inst/Q_reg_reg[3]/D
  -------------------------------------------------------------------    -------------------

                         max delay                   10.000    10.000    
    SLICE_X35Y27         FDCE (Setup_fdce_C_D)       -0.268     9.732    dbg_hub/inst/BSCANID.u_xsdbm_id/CORE_XSDB.UUT_MASTER/U_ICON_INTERFACE/U_CMD6_WR/U_WR_FIFO/SUBCORE_FIFO.xsdbm_v3_0_0_wrfifo_inst/inst_fifo_gen/gconvfifo.rf/grf.rf/gntv_or_sync_fifo.gcx.clkx/gnxpm_cdc.gsync_stage[1].wr_stg_inst/Q_reg_reg[3]
  -------------------------------------------------------------------
                         required time                          9.732    
                         arrival time                          -0.858    
  -------------------------------------------------------------------
                         slack                                  8.874    

Slack (MET) :             8.986ns  (required time - arrival time)
  Source:                 dbg_hub/inst/BSCANID.u_xsdbm_id/CORE_XSDB.UUT_MASTER/U_ICON_INTERFACE/U_CMD6_WR/U_WR_FIFO/SUBCORE_FIFO.xsdbm_v3_0_0_wrfifo_inst/inst_fifo_gen/gconvfifo.rf/grf.rf/gntv_or_sync_fifo.gcx.clkx/gnxpm_cdc.rd_pntr_gc_reg[1]/C
                            (rising edge-triggered cell FDCE clocked by clk_out1_user_35t_clk_wiz_0_0  {rise@0.000ns fall@5.000ns period=10.000ns})
  Destination:            dbg_hub/inst/BSCANID.u_xsdbm_id/CORE_XSDB.UUT_MASTER/U_ICON_INTERFACE/U_CMD6_WR/U_WR_FIFO/SUBCORE_FIFO.xsdbm_v3_0_0_wrfifo_inst/inst_fifo_gen/gconvfifo.rf/grf.rf/gntv_or_sync_fifo.gcx.clkx/gnxpm_cdc.gsync_stage[1].wr_stg_inst/Q_reg_reg[1]/D
                            (rising edge-triggered cell FDCE clocked by dbg_hub/inst/BSCANID.u_xsdbm_id/SWITCH_N_EXT_BSCAN.bscan_inst/SERIES7_BSCAN.bscan_inst/TCK  {rise@0.000ns fall@16.500ns period=33.000ns})
  Path Group:             dbg_hub/inst/BSCANID.u_xsdbm_id/SWITCH_N_EXT_BSCAN.bscan_inst/SERIES7_BSCAN.bscan_inst/TCK
  Path Type:              Setup (Max at Slow Process Corner)
  Requirement:            10.000ns  (MaxDelay Path 10.000ns)
  Data Path Delay:        0.921ns  (logic 0.456ns (49.490%)  route 0.465ns (50.510%))
  Logic Levels:           0  
  Timing Exception:       MaxDelay Path 10.000ns -datapath_only

    Location             Delay type                Incr(ns)  Path(ns)    Netlist Resource(s)
  -------------------------------------------------------------------    -------------------
    SLICE_X32Y27                                      0.000     0.000 r  dbg_hub/inst/BSCANID.u_xsdbm_id/CORE_XSDB.UUT_MASTER/U_ICON_INTERFACE/U_CMD6_WR/U_WR_FIFO/SUBCORE_FIFO.xsdbm_v3_0_0_wrfifo_inst/inst_fifo_gen/gconvfifo.rf/grf.rf/gntv_or_sync_fifo.gcx.clkx/gnxpm_cdc.rd_pntr_gc_reg[1]/C
    SLICE_X32Y27         FDCE (Prop_fdce_C_Q)         0.456     0.456 r  dbg_hub/inst/BSCANID.u_xsdbm_id/CORE_XSDB.UUT_MASTER/U_ICON_INTERFACE/U_CMD6_WR/U_WR_FIFO/SUBCORE_FIFO.xsdbm_v3_0_0_wrfifo_inst/inst_fifo_gen/gconvfifo.rf/grf.rf/gntv_or_sync_fifo.gcx.clkx/gnxpm_cdc.rd_pntr_gc_reg[1]/Q
                         net (fo=1, routed)           0.465     0.921    dbg_hub/inst/BSCANID.u_xsdbm_id/CORE_XSDB.UUT_MASTER/U_ICON_INTERFACE/U_CMD6_WR/U_WR_FIFO/SUBCORE_FIFO.xsdbm_v3_0_0_wrfifo_inst/inst_fifo_gen/gconvfifo.rf/grf.rf/gntv_or_sync_fifo.gcx.clkx/gnxpm_cdc.gsync_stage[1].wr_stg_inst/Q[1]
    SLICE_X33Y26         FDCE                                         r  dbg_hub/inst/BSCANID.u_xsdbm_id/CORE_XSDB.UUT_MASTER/U_ICON_INTERFACE/U_CMD6_WR/U_WR_FIFO/SUBCORE_FIFO.xsdbm_v3_0_0_wrfifo_inst/inst_fifo_gen/gconvfifo.rf/grf.rf/gntv_or_sync_fifo.gcx.clkx/gnxpm_cdc.gsync_stage[1].wr_stg_inst/Q_reg_reg[1]/D
  -------------------------------------------------------------------    -------------------

                         max delay                   10.000    10.000    
    SLICE_X33Y26         FDCE (Setup_fdce_C_D)       -0.093     9.907    dbg_hub/inst/BSCANID.u_xsdbm_id/CORE_XSDB.UUT_MASTER/U_ICON_INTERFACE/U_CMD6_WR/U_WR_FIFO/SUBCORE_FIFO.xsdbm_v3_0_0_wrfifo_inst/inst_fifo_gen/gconvfifo.rf/grf.rf/gntv_or_sync_fifo.gcx.clkx/gnxpm_cdc.gsync_stage[1].wr_stg_inst/Q_reg_reg[1]
  -------------------------------------------------------------------
                         required time                          9.907    
                         arrival time                          -0.921    
  -------------------------------------------------------------------
                         slack                                  8.986    

Slack (MET) :             9.006ns  (required time - arrival time)
  Source:                 dbg_hub/inst/BSCANID.u_xsdbm_id/CORE_XSDB.UUT_MASTER/U_ICON_INTERFACE/U_CMD6_WR/U_WR_FIFO/SUBCORE_FIFO.xsdbm_v3_0_0_wrfifo_inst/inst_fifo_gen/gconvfifo.rf/grf.rf/gntv_or_sync_fifo.gcx.clkx/gnxpm_cdc.rd_pntr_gc_reg[2]/C
                            (rising edge-triggered cell FDCE clocked by clk_out1_user_35t_clk_wiz_0_0  {rise@0.000ns fall@5.000ns period=10.000ns})
  Destination:            dbg_hub/inst/BSCANID.u_xsdbm_id/CORE_XSDB.UUT_MASTER/U_ICON_INTERFACE/U_CMD6_WR/U_WR_FIFO/SUBCORE_FIFO.xsdbm_v3_0_0_wrfifo_inst/inst_fifo_gen/gconvfifo.rf/grf.rf/gntv_or_sync_fifo.gcx.clkx/gnxpm_cdc.gsync_stage[1].wr_stg_inst/Q_reg_reg[2]/D
                            (rising edge-triggered cell FDCE clocked by dbg_hub/inst/BSCANID.u_xsdbm_id/SWITCH_N_EXT_BSCAN.bscan_inst/SERIES7_BSCAN.bscan_inst/TCK  {rise@0.000ns fall@16.500ns period=33.000ns})
  Path Group:             dbg_hub/inst/BSCANID.u_xsdbm_id/SWITCH_N_EXT_BSCAN.bscan_inst/SERIES7_BSCAN.bscan_inst/TCK
  Path Type:              Setup (Max at Slow Process Corner)
  Requirement:            10.000ns  (MaxDelay Path 10.000ns)
  Data Path Delay:        0.899ns  (logic 0.456ns (50.733%)  route 0.443ns (49.267%))
  Logic Levels:           0  
  Timing Exception:       MaxDelay Path 10.000ns -datapath_only

    Location             Delay type                Incr(ns)  Path(ns)    Netlist Resource(s)
  -------------------------------------------------------------------    -------------------
    SLICE_X32Y28                                      0.000     0.000 r  dbg_hub/inst/BSCANID.u_xsdbm_id/CORE_XSDB.UUT_MASTER/U_ICON_INTERFACE/U_CMD6_WR/U_WR_FIFO/SUBCORE_FIFO.xsdbm_v3_0_0_wrfifo_inst/inst_fifo_gen/gconvfifo.rf/grf.rf/gntv_or_sync_fifo.gcx.clkx/gnxpm_cdc.rd_pntr_gc_reg[2]/C
    SLICE_X32Y28         FDCE (Prop_fdce_C_Q)         0.456     0.456 r  dbg_hub/inst/BSCANID.u_xsdbm_id/CORE_XSDB.UUT_MASTER/U_ICON_INTERFACE/U_CMD6_WR/U_WR_FIFO/SUBCORE_FIFO.xsdbm_v3_0_0_wrfifo_inst/inst_fifo_gen/gconvfifo.rf/grf.rf/gntv_or_sync_fifo.gcx.clkx/gnxpm_cdc.rd_pntr_gc_reg[2]/Q
                         net (fo=1, routed)           0.443     0.899    dbg_hub/inst/BSCANID.u_xsdbm_id/CORE_XSDB.UUT_MASTER/U_ICON_INTERFACE/U_CMD6_WR/U_WR_FIFO/SUBCORE_FIFO.xsdbm_v3_0_0_wrfifo_inst/inst_fifo_gen/gconvfifo.rf/grf.rf/gntv_or_sync_fifo.gcx.clkx/gnxpm_cdc.gsync_stage[1].wr_stg_inst/Q[2]
    SLICE_X35Y27         FDCE                                         r  dbg_hub/inst/BSCANID.u_xsdbm_id/CORE_XSDB.UUT_MASTER/U_ICON_INTERFACE/U_CMD6_WR/U_WR_FIFO/SUBCORE_FIFO.xsdbm_v3_0_0_wrfifo_inst/inst_fifo_gen/gconvfifo.rf/grf.rf/gntv_or_sync_fifo.gcx.clkx/gnxpm_cdc.gsync_stage[1].wr_stg_inst/Q_reg_reg[2]/D
  -------------------------------------------------------------------    -------------------

                         max delay                   10.000    10.000    
    SLICE_X35Y27         FDCE (Setup_fdce_C_D)       -0.095     9.905    dbg_hub/inst/BSCANID.u_xsdbm_id/CORE_XSDB.UUT_MASTER/U_ICON_INTERFACE/U_CMD6_WR/U_WR_FIFO/SUBCORE_FIFO.xsdbm_v3_0_0_wrfifo_inst/inst_fifo_gen/gconvfifo.rf/grf.rf/gntv_or_sync_fifo.gcx.clkx/gnxpm_cdc.gsync_stage[1].wr_stg_inst/Q_reg_reg[2]
  -------------------------------------------------------------------
                         required time                          9.905    
                         arrival time                          -0.899    
  -------------------------------------------------------------------
                         slack                                  9.006    





---------------------------------------------------------------------------------------------------
From Clock:  dbg_hub/inst/BSCANID.u_xsdbm_id/SWITCH_N_EXT_BSCAN.bscan_inst/SERIES7_BSCAN.bscan_inst/TCK
  To Clock:  clk_out1_user_35t_clk_wiz_0_0

Setup :            0  Failing Endpoints,  Worst Slack       31.710ns,  Total Violation        0.000ns
Hold  :           NA  Failing Endpoints,  Worst Slack           NA  ,  Total Violation           NA
---------------------------------------------------------------------------------------------------


Max Delay Paths
--------------------------------------------------------------------------------------
Slack (MET) :             31.710ns  (required time - arrival time)
  Source:                 dbg_hub/inst/BSCANID.u_xsdbm_id/CORE_XSDB.UUT_MASTER/U_ICON_INTERFACE/U_CMD6_RD/U_RD_FIFO/SUBCORE_FIFO.xsdbm_v3_0_0_rdfifo_inst/inst_fifo_gen/gconvfifo.rf/grf.rf/gntv_or_sync_fifo.gcx.clkx/gnxpm_cdc.rd_pntr_gc_reg[2]/C
                            (rising edge-triggered cell FDCE clocked by dbg_hub/inst/BSCANID.u_xsdbm_id/SWITCH_N_EXT_BSCAN.bscan_inst/SERIES7_BSCAN.bscan_inst/TCK  {rise@0.000ns fall@16.500ns period=33.000ns})
  Destination:            dbg_hub/inst/BSCANID.u_xsdbm_id/CORE_XSDB.UUT_MASTER/U_ICON_INTERFACE/U_CMD6_RD/U_RD_FIFO/SUBCORE_FIFO.xsdbm_v3_0_0_rdfifo_inst/inst_fifo_gen/gconvfifo.rf/grf.rf/gntv_or_sync_fifo.gcx.clkx/gnxpm_cdc.gsync_stage[1].wr_stg_inst/Q_reg_reg[2]/D
                            (rising edge-triggered cell FDCE clocked by clk_out1_user_35t_clk_wiz_0_0  {rise@0.000ns fall@5.000ns period=10.000ns})
  Path Group:             clk_out1_user_35t_clk_wiz_0_0
  Path Type:              Setup (Max at Slow Process Corner)
  Requirement:            33.000ns  (MaxDelay Path 33.000ns)
  Data Path Delay:        1.023ns  (logic 0.419ns (40.948%)  route 0.604ns (59.052%))
  Logic Levels:           0  
  Timing Exception:       MaxDelay Path 33.000ns -datapath_only

    Location             Delay type                Incr(ns)  Path(ns)    Netlist Resource(s)
  -------------------------------------------------------------------    -------------------
    SLICE_X43Y21                                      0.000     0.000 r  dbg_hub/inst/BSCANID.u_xsdbm_id/CORE_XSDB.UUT_MASTER/U_ICON_INTERFACE/U_CMD6_RD/U_RD_FIFO/SUBCORE_FIFO.xsdbm_v3_0_0_rdfifo_inst/inst_fifo_gen/gconvfifo.rf/grf.rf/gntv_or_sync_fifo.gcx.clkx/gnxpm_cdc.rd_pntr_gc_reg[2]/C
    SLICE_X43Y21         FDCE (Prop_fdce_C_Q)         0.419     0.419 r  dbg_hub/inst/BSCANID.u_xsdbm_id/CORE_XSDB.UUT_MASTER/U_ICON_INTERFACE/U_CMD6_RD/U_RD_FIFO/SUBCORE_FIFO.xsdbm_v3_0_0_rdfifo_inst/inst_fifo_gen/gconvfifo.rf/grf.rf/gntv_or_sync_fifo.gcx.clkx/gnxpm_cdc.rd_pntr_gc_reg[2]/Q
                         net (fo=1, routed)           0.604     1.023    dbg_hub/inst/BSCANID.u_xsdbm_id/CORE_XSDB.UUT_MASTER/U_ICON_INTERFACE/U_CMD6_RD/U_RD_FIFO/SUBCORE_FIFO.xsdbm_v3_0_0_rdfifo_inst/inst_fifo_gen/gconvfifo.rf/grf.rf/gntv_or_sync_fifo.gcx.clkx/gnxpm_cdc.gsync_stage[1].wr_stg_inst/Q[2]
    SLICE_X45Y21         FDCE                                         r  dbg_hub/inst/BSCANID.u_xsdbm_id/CORE_XSDB.UUT_MASTER/U_ICON_INTERFACE/U_CMD6_RD/U_RD_FIFO/SUBCORE_FIFO.xsdbm_v3_0_0_rdfifo_inst/inst_fifo_gen/gconvfifo.rf/grf.rf/gntv_or_sync_fifo.gcx.clkx/gnxpm_cdc.gsync_stage[1].wr_stg_inst/Q_reg_reg[2]/D
  -------------------------------------------------------------------    -------------------

                         max delay                   33.000    33.000    
    SLICE_X45Y21         FDCE (Setup_fdce_C_D)       -0.267    32.733    dbg_hub/inst/BSCANID.u_xsdbm_id/CORE_XSDB.UUT_MASTER/U_ICON_INTERFACE/U_CMD6_RD/U_RD_FIFO/SUBCORE_FIFO.xsdbm_v3_0_0_rdfifo_inst/inst_fifo_gen/gconvfifo.rf/grf.rf/gntv_or_sync_fifo.gcx.clkx/gnxpm_cdc.gsync_stage[1].wr_stg_inst/Q_reg_reg[2]
  -------------------------------------------------------------------
                         required time                         32.733    
                         arrival time                          -1.023    
  -------------------------------------------------------------------
                         slack                                 31.710    

Slack (MET) :             31.711ns  (required time - arrival time)
  Source:                 dbg_hub/inst/BSCANID.u_xsdbm_id/CORE_XSDB.UUT_MASTER/U_ICON_INTERFACE/U_CMD6_WR/U_WR_FIFO/SUBCORE_FIFO.xsdbm_v3_0_0_wrfifo_inst/inst_fifo_gen/gconvfifo.rf/grf.rf/gntv_or_sync_fifo.gcx.clkx/gnxpm_cdc.wr_pntr_gc_reg[0]/C
                            (rising edge-triggered cell FDCE clocked by dbg_hub/inst/BSCANID.u_xsdbm_id/SWITCH_N_EXT_BSCAN.bscan_inst/SERIES7_BSCAN.bscan_inst/TCK  {rise@0.000ns fall@16.500ns period=33.000ns})
  Destination:            dbg_hub/inst/BSCANID.u_xsdbm_id/CORE_XSDB.UUT_MASTER/U_ICON_INTERFACE/U_CMD6_WR/U_WR_FIFO/SUBCORE_FIFO.xsdbm_v3_0_0_wrfifo_inst/inst_fifo_gen/gconvfifo.rf/grf.rf/gntv_or_sync_fifo.gcx.clkx/gnxpm_cdc.gsync_stage[1].rd_stg_inst/Q_reg_reg[0]/D
                            (rising edge-triggered cell FDCE clocked by clk_out1_user_35t_clk_wiz_0_0  {rise@0.000ns fall@5.000ns period=10.000ns})
  Path Group:             clk_out1_user_35t_clk_wiz_0_0
  Path Type:              Setup (Max at Slow Process Corner)
  Requirement:            33.000ns  (MaxDelay Path 33.000ns)
  Data Path Delay:        1.194ns  (logic 0.456ns (38.177%)  route 0.738ns (61.823%))
  Logic Levels:           0  
  Timing Exception:       MaxDelay Path 33.000ns -datapath_only

    Location             Delay type                Incr(ns)  Path(ns)    Netlist Resource(s)
  -------------------------------------------------------------------    -------------------
    SLICE_X32Y26                                      0.000     0.000 r  dbg_hub/inst/BSCANID.u_xsdbm_id/CORE_XSDB.UUT_MASTER/U_ICON_INTERFACE/U_CMD6_WR/U_WR_FIFO/SUBCORE_FIFO.xsdbm_v3_0_0_wrfifo_inst/inst_fifo_gen/gconvfifo.rf/grf.rf/gntv_or_sync_fifo.gcx.clkx/gnxpm_cdc.wr_pntr_gc_reg[0]/C
    SLICE_X32Y26         FDCE (Prop_fdce_C_Q)         0.456     0.456 r  dbg_hub/inst/BSCANID.u_xsdbm_id/CORE_XSDB.UUT_MASTER/U_ICON_INTERFACE/U_CMD6_WR/U_WR_FIFO/SUBCORE_FIFO.xsdbm_v3_0_0_wrfifo_inst/inst_fifo_gen/gconvfifo.rf/grf.rf/gntv_or_sync_fifo.gcx.clkx/gnxpm_cdc.wr_pntr_gc_reg[0]/Q
                         net (fo=1, routed)           0.738     1.194    dbg_hub/inst/BSCANID.u_xsdbm_id/CORE_XSDB.UUT_MASTER/U_ICON_INTERFACE/U_CMD6_WR/U_WR_FIFO/SUBCORE_FIFO.xsdbm_v3_0_0_wrfifo_inst/inst_fifo_gen/gconvfifo.rf/grf.rf/gntv_or_sync_fifo.gcx.clkx/gnxpm_cdc.gsync_stage[1].rd_stg_inst/Q[0]
    SLICE_X32Y27         FDCE                                         r  dbg_hub/inst/BSCANID.u_xsdbm_id/CORE_XSDB.UUT_MASTER/U_ICON_INTERFACE/U_CMD6_WR/U_WR_FIFO/SUBCORE_FIFO.xsdbm_v3_0_0_wrfifo_inst/inst_fifo_gen/gconvfifo.rf/grf.rf/gntv_or_sync_fifo.gcx.clkx/gnxpm_cdc.gsync_stage[1].rd_stg_inst/Q_reg_reg[0]/D
  -------------------------------------------------------------------    -------------------

                         max delay                   33.000    33.000    
    SLICE_X32Y27         FDCE (Setup_fdce_C_D)       -0.095    32.905    dbg_hub/inst/BSCANID.u_xsdbm_id/CORE_XSDB.UUT_MASTER/U_ICON_INTERFACE/U_CMD6_WR/U_WR_FIFO/SUBCORE_FIFO.xsdbm_v3_0_0_wrfifo_inst/inst_fifo_gen/gconvfifo.rf/grf.rf/gntv_or_sync_fifo.gcx.clkx/gnxpm_cdc.gsync_stage[1].rd_stg_inst/Q_reg_reg[0]
  -------------------------------------------------------------------
                         required time                         32.905    
                         arrival time                          -1.194    
  -------------------------------------------------------------------
                         slack                                 31.711    

Slack (MET) :             31.714ns  (required time - arrival time)
  Source:                 dbg_hub/inst/BSCANID.u_xsdbm_id/CORE_XSDB.UUT_MASTER/U_ICON_INTERFACE/U_CMD6_WR/U_WR_FIFO/SUBCORE_FIFO.xsdbm_v3_0_0_wrfifo_inst/inst_fifo_gen/gconvfifo.rf/grf.rf/gntv_or_sync_fifo.gcx.clkx/gnxpm_cdc.wr_pntr_gc_reg[1]/C
                            (rising edge-triggered cell FDCE clocked by dbg_hub/inst/BSCANID.u_xsdbm_id/SWITCH_N_EXT_BSCAN.bscan_inst/SERIES7_BSCAN.bscan_inst/TCK  {rise@0.000ns fall@16.500ns period=33.000ns})
  Destination:            dbg_hub/inst/BSCANID.u_xsdbm_id/CORE_XSDB.UUT_MASTER/U_ICON_INTERFACE/U_CMD6_WR/U_WR_FIFO/SUBCORE_FIFO.xsdbm_v3_0_0_wrfifo_inst/inst_fifo_gen/gconvfifo.rf/grf.rf/gntv_or_sync_fifo.gcx.clkx/gnxpm_cdc.gsync_stage[1].rd_stg_inst/Q_reg_reg[1]/D
                            (rising edge-triggered cell FDCE clocked by clk_out1_user_35t_clk_wiz_0_0  {rise@0.000ns fall@5.000ns period=10.000ns})
  Path Group:             clk_out1_user_35t_clk_wiz_0_0
  Path Type:              Setup (Max at Slow Process Corner)
  Requirement:            33.000ns  (MaxDelay Path 33.000ns)
  Data Path Delay:        1.018ns  (logic 0.419ns (41.142%)  route 0.599ns (58.858%))
  Logic Levels:           0  
  Timing Exception:       MaxDelay Path 33.000ns -datapath_only

    Location             Delay type                Incr(ns)  Path(ns)    Netlist Resource(s)
  -------------------------------------------------------------------    -------------------
    SLICE_X32Y26                                      0.000     0.000 r  dbg_hub/inst/BSCANID.u_xsdbm_id/CORE_XSDB.UUT_MASTER/U_ICON_INTERFACE/U_CMD6_WR/U_WR_FIFO/SUBCORE_FIFO.xsdbm_v3_0_0_wrfifo_inst/inst_fifo_gen/gconvfifo.rf/grf.rf/gntv_or_sync_fifo.gcx.clkx/gnxpm_cdc.wr_pntr_gc_reg[1]/C
    SLICE_X32Y26         FDCE (Prop_fdce_C_Q)         0.419     0.419 r  dbg_hub/inst/BSCANID.u_xsdbm_id/CORE_XSDB.UUT_MASTER/U_ICON_INTERFACE/U_CMD6_WR/U_WR_FIFO/SUBCORE_FIFO.xsdbm_v3_0_0_wrfifo_inst/inst_fifo_gen/gconvfifo.rf/grf.rf/gntv_or_sync_fifo.gcx.clkx/gnxpm_cdc.wr_pntr_gc_reg[1]/Q
                         net (fo=1, routed)           0.599     1.018    dbg_hub/inst/BSCANID.u_xsdbm_id/CORE_XSDB.UUT_MASTER/U_ICON_INTERFACE/U_CMD6_WR/U_WR_FIFO/SUBCORE_FIFO.xsdbm_v3_0_0_wrfifo_inst/inst_fifo_gen/gconvfifo.rf/grf.rf/gntv_or_sync_fifo.gcx.clkx/gnxpm_cdc.gsync_stage[1].rd_stg_inst/Q[1]
    SLICE_X32Y27         FDCE                                         r  dbg_hub/inst/BSCANID.u_xsdbm_id/CORE_XSDB.UUT_MASTER/U_ICON_INTERFACE/U_CMD6_WR/U_WR_FIFO/SUBCORE_FIFO.xsdbm_v3_0_0_wrfifo_inst/inst_fifo_gen/gconvfifo.rf/grf.rf/gntv_or_sync_fifo.gcx.clkx/gnxpm_cdc.gsync_stage[1].rd_stg_inst/Q_reg_reg[1]/D
  -------------------------------------------------------------------    -------------------

                         max delay                   33.000    33.000    
    SLICE_X32Y27         FDCE (Setup_fdce_C_D)       -0.268    32.732    dbg_hub/inst/BSCANID.u_xsdbm_id/CORE_XSDB.UUT_MASTER/U_ICON_INTERFACE/U_CMD6_WR/U_WR_FIFO/SUBCORE_FIFO.xsdbm_v3_0_0_wrfifo_inst/inst_fifo_gen/gconvfifo.rf/grf.rf/gntv_or_sync_fifo.gcx.clkx/gnxpm_cdc.gsync_stage[1].rd_stg_inst/Q_reg_reg[1]
  -------------------------------------------------------------------
                         required time                         32.732    
                         arrival time                          -1.018    
  -------------------------------------------------------------------
                         slack                                 31.714    

Slack (MET) :             31.747ns  (required time - arrival time)
  Source:                 dbg_hub/inst/BSCANID.u_xsdbm_id/CORE_XSDB.UUT_MASTER/U_ICON_INTERFACE/U_CMD6_RD/U_RD_FIFO/SUBCORE_FIFO.xsdbm_v3_0_0_rdfifo_inst/inst_fifo_gen/gconvfifo.rf/grf.rf/gntv_or_sync_fifo.gcx.clkx/gnxpm_cdc.rd_pntr_gc_reg[3]/C
                            (rising edge-triggered cell FDCE clocked by dbg_hub/inst/BSCANID.u_xsdbm_id/SWITCH_N_EXT_BSCAN.bscan_inst/SERIES7_BSCAN.bscan_inst/TCK  {rise@0.000ns fall@16.500ns period=33.000ns})
  Destination:            dbg_hub/inst/BSCANID.u_xsdbm_id/CORE_XSDB.UUT_MASTER/U_ICON_INTERFACE/U_CMD6_RD/U_RD_FIFO/SUBCORE_FIFO.xsdbm_v3_0_0_rdfifo_inst/inst_fifo_gen/gconvfifo.rf/grf.rf/gntv_or_sync_fifo.gcx.clkx/gnxpm_cdc.gsync_stage[1].wr_stg_inst/Q_reg_reg[3]/D
                            (rising edge-triggered cell FDCE clocked by clk_out1_user_35t_clk_wiz_0_0  {rise@0.000ns fall@5.000ns period=10.000ns})
  Path Group:             clk_out1_user_35t_clk_wiz_0_0
  Path Type:              Setup (Max at Slow Process Corner)
  Requirement:            33.000ns  (MaxDelay Path 33.000ns)
  Data Path Delay:        1.160ns  (logic 0.456ns (39.323%)  route 0.704ns (60.677%))
  Logic Levels:           0  
  Timing Exception:       MaxDelay Path 33.000ns -datapath_only

    Location             Delay type                Incr(ns)  Path(ns)    Netlist Resource(s)
  -------------------------------------------------------------------    -------------------
    SLICE_X44Y21                                      0.000     0.000 r  dbg_hub/inst/BSCANID.u_xsdbm_id/CORE_XSDB.UUT_MASTER/U_ICON_INTERFACE/U_CMD6_RD/U_RD_FIFO/SUBCORE_FIFO.xsdbm_v3_0_0_rdfifo_inst/inst_fifo_gen/gconvfifo.rf/grf.rf/gntv_or_sync_fifo.gcx.clkx/gnxpm_cdc.rd_pntr_gc_reg[3]/C
    SLICE_X44Y21         FDCE (Prop_fdce_C_Q)         0.456     0.456 r  dbg_hub/inst/BSCANID.u_xsdbm_id/CORE_XSDB.UUT_MASTER/U_ICON_INTERFACE/U_CMD6_RD/U_RD_FIFO/SUBCORE_FIFO.xsdbm_v3_0_0_rdfifo_inst/inst_fifo_gen/gconvfifo.rf/grf.rf/gntv_or_sync_fifo.gcx.clkx/gnxpm_cdc.rd_pntr_gc_reg[3]/Q
                         net (fo=1, routed)           0.704     1.160    dbg_hub/inst/BSCANID.u_xsdbm_id/CORE_XSDB.UUT_MASTER/U_ICON_INTERFACE/U_CMD6_RD/U_RD_FIFO/SUBCORE_FIFO.xsdbm_v3_0_0_rdfifo_inst/inst_fifo_gen/gconvfifo.rf/grf.rf/gntv_or_sync_fifo.gcx.clkx/gnxpm_cdc.gsync_stage[1].wr_stg_inst/Q[3]
    SLICE_X45Y21         FDCE                                         r  dbg_hub/inst/BSCANID.u_xsdbm_id/CORE_XSDB.UUT_MASTER/U_ICON_INTERFACE/U_CMD6_RD/U_RD_FIFO/SUBCORE_FIFO.xsdbm_v3_0_0_rdfifo_inst/inst_fifo_gen/gconvfifo.rf/grf.rf/gntv_or_sync_fifo.gcx.clkx/gnxpm_cdc.gsync_stage[1].wr_stg_inst/Q_reg_reg[3]/D
  -------------------------------------------------------------------    -------------------

                         max delay                   33.000    33.000    
    SLICE_X45Y21         FDCE (Setup_fdce_C_D)       -0.093    32.907    dbg_hub/inst/BSCANID.u_xsdbm_id/CORE_XSDB.UUT_MASTER/U_ICON_INTERFACE/U_CMD6_RD/U_RD_FIFO/SUBCORE_FIFO.xsdbm_v3_0_0_rdfifo_inst/inst_fifo_gen/gconvfifo.rf/grf.rf/gntv_or_sync_fifo.gcx.clkx/gnxpm_cdc.gsync_stage[1].wr_stg_inst/Q_reg_reg[3]
  -------------------------------------------------------------------
                         required time                         32.907    
                         arrival time                          -1.160    
  -------------------------------------------------------------------
                         slack                                 31.747    

Slack (MET) :             31.800ns  (required time - arrival time)
  Source:                 dbg_hub/inst/BSCANID.u_xsdbm_id/CORE_XSDB.UUT_MASTER/U_ICON_INTERFACE/U_CMD6_RD/U_RD_FIFO/SUBCORE_FIFO.xsdbm_v3_0_0_rdfifo_inst/inst_fifo_gen/gconvfifo.rf/grf.rf/gntv_or_sync_fifo.gcx.clkx/gnxpm_cdc.rd_pntr_gc_reg[0]/C
                            (rising edge-triggered cell FDCE clocked by dbg_hub/inst/BSCANID.u_xsdbm_id/SWITCH_N_EXT_BSCAN.bscan_inst/SERIES7_BSCAN.bscan_inst/TCK  {rise@0.000ns fall@16.500ns period=33.000ns})
  Destination:            dbg_hub/inst/BSCANID.u_xsdbm_id/CORE_XSDB.UUT_MASTER/U_ICON_INTERFACE/U_CMD6_RD/U_RD_FIFO/SUBCORE_FIFO.xsdbm_v3_0_0_rdfifo_inst/inst_fifo_gen/gconvfifo.rf/grf.rf/gntv_or_sync_fifo.gcx.clkx/gnxpm_cdc.gsync_stage[1].wr_stg_inst/Q_reg_reg[0]/D
                            (rising edge-triggered cell FDCE clocked by clk_out1_user_35t_clk_wiz_0_0  {rise@0.000ns fall@5.000ns period=10.000ns})
  Path Group:             clk_out1_user_35t_clk_wiz_0_0
  Path Type:              Setup (Max at Slow Process Corner)
  Requirement:            33.000ns  (MaxDelay Path 33.000ns)
  Data Path Delay:        0.930ns  (logic 0.419ns (45.040%)  route 0.511ns (54.960%))
  Logic Levels:           0  
  Timing Exception:       MaxDelay Path 33.000ns -datapath_only

    Location             Delay type                Incr(ns)  Path(ns)    Netlist Resource(s)
  -------------------------------------------------------------------    -------------------
    SLICE_X43Y21                                      0.000     0.000 r  dbg_hub/inst/BSCANID.u_xsdbm_id/CORE_XSDB.UUT_MASTER/U_ICON_INTERFACE/U_CMD6_RD/U_RD_FIFO/SUBCORE_FIFO.xsdbm_v3_0_0_rdfifo_inst/inst_fifo_gen/gconvfifo.rf/grf.rf/gntv_or_sync_fifo.gcx.clkx/gnxpm_cdc.rd_pntr_gc_reg[0]/C
    SLICE_X43Y21         FDCE (Prop_fdce_C_Q)         0.419     0.419 r  dbg_hub/inst/BSCANID.u_xsdbm_id/CORE_XSDB.UUT_MASTER/U_ICON_INTERFACE/U_CMD6_RD/U_RD_FIFO/SUBCORE_FIFO.xsdbm_v3_0_0_rdfifo_inst/inst_fifo_gen/gconvfifo.rf/grf.rf/gntv_or_sync_fifo.gcx.clkx/gnxpm_cdc.rd_pntr_gc_reg[0]/Q
                         net (fo=1, routed)           0.511     0.930    dbg_hub/inst/BSCANID.u_xsdbm_id/CORE_XSDB.UUT_MASTER/U_ICON_INTERFACE/U_CMD6_RD/U_RD_FIFO/SUBCORE_FIFO.xsdbm_v3_0_0_rdfifo_inst/inst_fifo_gen/gconvfifo.rf/grf.rf/gntv_or_sync_fifo.gcx.clkx/gnxpm_cdc.gsync_stage[1].wr_stg_inst/Q[0]
    SLICE_X45Y22         FDCE                                         r  dbg_hub/inst/BSCANID.u_xsdbm_id/CORE_XSDB.UUT_MASTER/U_ICON_INTERFACE/U_CMD6_RD/U_RD_FIFO/SUBCORE_FIFO.xsdbm_v3_0_0_rdfifo_inst/inst_fifo_gen/gconvfifo.rf/grf.rf/gntv_or_sync_fifo.gcx.clkx/gnxpm_cdc.gsync_stage[1].wr_stg_inst/Q_reg_reg[0]/D
  -------------------------------------------------------------------    -------------------

                         max delay                   33.000    33.000    
    SLICE_X45Y22         FDCE (Setup_fdce_C_D)       -0.270    32.730    dbg_hub/inst/BSCANID.u_xsdbm_id/CORE_XSDB.UUT_MASTER/U_ICON_INTERFACE/U_CMD6_RD/U_RD_FIFO/SUBCORE_FIFO.xsdbm_v3_0_0_rdfifo_inst/inst_fifo_gen/gconvfifo.rf/grf.rf/gntv_or_sync_fifo.gcx.clkx/gnxpm_cdc.gsync_stage[1].wr_stg_inst/Q_reg_reg[0]
  -------------------------------------------------------------------
                         required time                         32.730    
                         arrival time                          -0.930    
  -------------------------------------------------------------------
                         slack                                 31.800    

Slack (MET) :             31.864ns  (required time - arrival time)
  Source:                 dbg_hub/inst/BSCANID.u_xsdbm_id/CORE_XSDB.UUT_MASTER/U_ICON_INTERFACE/U_CMD6_WR/U_WR_FIFO/SUBCORE_FIFO.xsdbm_v3_0_0_wrfifo_inst/inst_fifo_gen/gconvfifo.rf/grf.rf/gntv_or_sync_fifo.gcx.clkx/gnxpm_cdc.wr_pntr_gc_reg[2]/C
                            (rising edge-triggered cell FDCE clocked by dbg_hub/inst/BSCANID.u_xsdbm_id/SWITCH_N_EXT_BSCAN.bscan_inst/SERIES7_BSCAN.bscan_inst/TCK  {rise@0.000ns fall@16.500ns period=33.000ns})
  Destination:            dbg_hub/inst/BSCANID.u_xsdbm_id/CORE_XSDB.UUT_MASTER/U_ICON_INTERFACE/U_CMD6_WR/U_WR_FIFO/SUBCORE_FIFO.xsdbm_v3_0_0_wrfifo_inst/inst_fifo_gen/gconvfifo.rf/grf.rf/gntv_or_sync_fifo.gcx.clkx/gnxpm_cdc.gsync_stage[1].rd_stg_inst/Q_reg_reg[2]/D
                            (rising edge-triggered cell FDCE clocked by clk_out1_user_35t_clk_wiz_0_0  {rise@0.000ns fall@5.000ns period=10.000ns})
  Path Group:             clk_out1_user_35t_clk_wiz_0_0
  Path Type:              Setup (Max at Slow Process Corner)
  Requirement:            33.000ns  (MaxDelay Path 33.000ns)
  Data Path Delay:        1.041ns  (logic 0.456ns (43.799%)  route 0.585ns (56.201%))
  Logic Levels:           0  
  Timing Exception:       MaxDelay Path 33.000ns -datapath_only

    Location             Delay type                Incr(ns)  Path(ns)    Netlist Resource(s)
  -------------------------------------------------------------------    -------------------
    SLICE_X32Y26                                      0.000     0.000 r  dbg_hub/inst/BSCANID.u_xsdbm_id/CORE_XSDB.UUT_MASTER/U_ICON_INTERFACE/U_CMD6_WR/U_WR_FIFO/SUBCORE_FIFO.xsdbm_v3_0_0_wrfifo_inst/inst_fifo_gen/gconvfifo.rf/grf.rf/gntv_or_sync_fifo.gcx.clkx/gnxpm_cdc.wr_pntr_gc_reg[2]/C
    SLICE_X32Y26         FDCE (Prop_fdce_C_Q)         0.456     0.456 r  dbg_hub/inst/BSCANID.u_xsdbm_id/CORE_XSDB.UUT_MASTER/U_ICON_INTERFACE/U_CMD6_WR/U_WR_FIFO/SUBCORE_FIFO.xsdbm_v3_0_0_wrfifo_inst/inst_fifo_gen/gconvfifo.rf/grf.rf/gntv_or_sync_fifo.gcx.clkx/gnxpm_cdc.wr_pntr_gc_reg[2]/Q
                         net (fo=1, routed)           0.585     1.041    dbg_hub/inst/BSCANID.u_xsdbm_id/CORE_XSDB.UUT_MASTER/U_ICON_INTERFACE/U_CMD6_WR/U_WR_FIFO/SUBCORE_FIFO.xsdbm_v3_0_0_wrfifo_inst/inst_fifo_gen/gconvfifo.rf/grf.rf/gntv_or_sync_fifo.gcx.clkx/gnxpm_cdc.gsync_stage[1].rd_stg_inst/Q[2]
    SLICE_X32Y28         FDCE                                         r  dbg_hub/inst/BSCANID.u_xsdbm_id/CORE_XSDB.UUT_MASTER/U_ICON_INTERFACE/U_CMD6_WR/U_WR_FIFO/SUBCORE_FIFO.xsdbm_v3_0_0_wrfifo_inst/inst_fifo_gen/gconvfifo.rf/grf.rf/gntv_or_sync_fifo.gcx.clkx/gnxpm_cdc.gsync_stage[1].rd_stg_inst/Q_reg_reg[2]/D
  -------------------------------------------------------------------    -------------------

                         max delay                   33.000    33.000    
    SLICE_X32Y28         FDCE (Setup_fdce_C_D)       -0.095    32.905    dbg_hub/inst/BSCANID.u_xsdbm_id/CORE_XSDB.UUT_MASTER/U_ICON_INTERFACE/U_CMD6_WR/U_WR_FIFO/SUBCORE_FIFO.xsdbm_v3_0_0_wrfifo_inst/inst_fifo_gen/gconvfifo.rf/grf.rf/gntv_or_sync_fifo.gcx.clkx/gnxpm_cdc.gsync_stage[1].rd_stg_inst/Q_reg_reg[2]
  -------------------------------------------------------------------
                         required time                         32.905    
                         arrival time                          -1.041    
  -------------------------------------------------------------------
                         slack                                 31.864    

Slack (MET) :             31.866ns  (required time - arrival time)
  Source:                 dbg_hub/inst/BSCANID.u_xsdbm_id/CORE_XSDB.UUT_MASTER/U_ICON_INTERFACE/U_CMD6_WR/U_WR_FIFO/SUBCORE_FIFO.xsdbm_v3_0_0_wrfifo_inst/inst_fifo_gen/gconvfifo.rf/grf.rf/gntv_or_sync_fifo.gcx.clkx/gnxpm_cdc.wr_pntr_gc_reg[3]/C
                            (rising edge-triggered cell FDCE clocked by dbg_hub/inst/BSCANID.u_xsdbm_id/SWITCH_N_EXT_BSCAN.bscan_inst/SERIES7_BSCAN.bscan_inst/TCK  {rise@0.000ns fall@16.500ns period=33.000ns})
  Destination:            dbg_hub/inst/BSCANID.u_xsdbm_id/CORE_XSDB.UUT_MASTER/U_ICON_INTERFACE/U_CMD6_WR/U_WR_FIFO/SUBCORE_FIFO.xsdbm_v3_0_0_wrfifo_inst/inst_fifo_gen/gconvfifo.rf/grf.rf/gntv_or_sync_fifo.gcx.clkx/gnxpm_cdc.gsync_stage[1].rd_stg_inst/Q_reg_reg[3]/D
                            (rising edge-triggered cell FDCE clocked by clk_out1_user_35t_clk_wiz_0_0  {rise@0.000ns fall@5.000ns period=10.000ns})
  Path Group:             clk_out1_user_35t_clk_wiz_0_0
  Path Type:              Setup (Max at Slow Process Corner)
  Requirement:            33.000ns  (MaxDelay Path 33.000ns)
  Data Path Delay:        0.869ns  (logic 0.419ns (48.224%)  route 0.450ns (51.776%))
  Logic Levels:           0  
  Timing Exception:       MaxDelay Path 33.000ns -datapath_only

    Location             Delay type                Incr(ns)  Path(ns)    Netlist Resource(s)
  -------------------------------------------------------------------    -------------------
    SLICE_X32Y26                                      0.000     0.000 r  dbg_hub/inst/BSCANID.u_xsdbm_id/CORE_XSDB.UUT_MASTER/U_ICON_INTERFACE/U_CMD6_WR/U_WR_FIFO/SUBCORE_FIFO.xsdbm_v3_0_0_wrfifo_inst/inst_fifo_gen/gconvfifo.rf/grf.rf/gntv_or_sync_fifo.gcx.clkx/gnxpm_cdc.wr_pntr_gc_reg[3]/C
    SLICE_X32Y26         FDCE (Prop_fdce_C_Q)         0.419     0.419 r  dbg_hub/inst/BSCANID.u_xsdbm_id/CORE_XSDB.UUT_MASTER/U_ICON_INTERFACE/U_CMD6_WR/U_WR_FIFO/SUBCORE_FIFO.xsdbm_v3_0_0_wrfifo_inst/inst_fifo_gen/gconvfifo.rf/grf.rf/gntv_or_sync_fifo.gcx.clkx/gnxpm_cdc.wr_pntr_gc_reg[3]/Q
                         net (fo=1, routed)           0.450     0.869    dbg_hub/inst/BSCANID.u_xsdbm_id/CORE_XSDB.UUT_MASTER/U_ICON_INTERFACE/U_CMD6_WR/U_WR_FIFO/SUBCORE_FIFO.xsdbm_v3_0_0_wrfifo_inst/inst_fifo_gen/gconvfifo.rf/grf.rf/gntv_or_sync_fifo.gcx.clkx/gnxpm_cdc.gsync_stage[1].rd_stg_inst/Q[3]
    SLICE_X32Y27         FDCE                                         r  dbg_hub/inst/BSCANID.u_xsdbm_id/CORE_XSDB.UUT_MASTER/U_ICON_INTERFACE/U_CMD6_WR/U_WR_FIFO/SUBCORE_FIFO.xsdbm_v3_0_0_wrfifo_inst/inst_fifo_gen/gconvfifo.rf/grf.rf/gntv_or_sync_fifo.gcx.clkx/gnxpm_cdc.gsync_stage[1].rd_stg_inst/Q_reg_reg[3]/D
  -------------------------------------------------------------------    -------------------

                         max delay                   33.000    33.000    
    SLICE_X32Y27         FDCE (Setup_fdce_C_D)       -0.265    32.735    dbg_hub/inst/BSCANID.u_xsdbm_id/CORE_XSDB.UUT_MASTER/U_ICON_INTERFACE/U_CMD6_WR/U_WR_FIFO/SUBCORE_FIFO.xsdbm_v3_0_0_wrfifo_inst/inst_fifo_gen/gconvfifo.rf/grf.rf/gntv_or_sync_fifo.gcx.clkx/gnxpm_cdc.gsync_stage[1].rd_stg_inst/Q_reg_reg[3]
  -------------------------------------------------------------------
                         required time                         32.735    
                         arrival time                          -0.869    
  -------------------------------------------------------------------
                         slack                                 31.866    

Slack (MET) :             31.910ns  (required time - arrival time)
  Source:                 dbg_hub/inst/BSCANID.u_xsdbm_id/CORE_XSDB.UUT_MASTER/U_ICON_INTERFACE/U_CMD6_RD/U_RD_FIFO/SUBCORE_FIFO.xsdbm_v3_0_0_rdfifo_inst/inst_fifo_gen/gconvfifo.rf/grf.rf/gntv_or_sync_fifo.gcx.clkx/gnxpm_cdc.rd_pntr_gc_reg[1]/C
                            (rising edge-triggered cell FDCE clocked by dbg_hub/inst/BSCANID.u_xsdbm_id/SWITCH_N_EXT_BSCAN.bscan_inst/SERIES7_BSCAN.bscan_inst/TCK  {rise@0.000ns fall@16.500ns period=33.000ns})
  Destination:            dbg_hub/inst/BSCANID.u_xsdbm_id/CORE_XSDB.UUT_MASTER/U_ICON_INTERFACE/U_CMD6_RD/U_RD_FIFO/SUBCORE_FIFO.xsdbm_v3_0_0_rdfifo_inst/inst_fifo_gen/gconvfifo.rf/grf.rf/gntv_or_sync_fifo.gcx.clkx/gnxpm_cdc.gsync_stage[1].wr_stg_inst/Q_reg_reg[1]/D
                            (rising edge-triggered cell FDCE clocked by clk_out1_user_35t_clk_wiz_0_0  {rise@0.000ns fall@5.000ns period=10.000ns})
  Path Group:             clk_out1_user_35t_clk_wiz_0_0
  Path Type:              Setup (Max at Slow Process Corner)
  Requirement:            33.000ns  (MaxDelay Path 33.000ns)
  Data Path Delay:        1.043ns  (logic 0.456ns (43.725%)  route 0.587ns (56.275%))
  Logic Levels:           0  
  Timing Exception:       MaxDelay Path 33.000ns -datapath_only

    Location             Delay type                Incr(ns)  Path(ns)    Netlist Resource(s)
  -------------------------------------------------------------------    -------------------
    SLICE_X43Y21                                      0.000     0.000 r  dbg_hub/inst/BSCANID.u_xsdbm_id/CORE_XSDB.UUT_MASTER/U_ICON_INTERFACE/U_CMD6_RD/U_RD_FIFO/SUBCORE_FIFO.xsdbm_v3_0_0_rdfifo_inst/inst_fifo_gen/gconvfifo.rf/grf.rf/gntv_or_sync_fifo.gcx.clkx/gnxpm_cdc.rd_pntr_gc_reg[1]/C
    SLICE_X43Y21         FDCE (Prop_fdce_C_Q)         0.456     0.456 r  dbg_hub/inst/BSCANID.u_xsdbm_id/CORE_XSDB.UUT_MASTER/U_ICON_INTERFACE/U_CMD6_RD/U_RD_FIFO/SUBCORE_FIFO.xsdbm_v3_0_0_rdfifo_inst/inst_fifo_gen/gconvfifo.rf/grf.rf/gntv_or_sync_fifo.gcx.clkx/gnxpm_cdc.rd_pntr_gc_reg[1]/Q
                         net (fo=1, routed)           0.587     1.043    dbg_hub/inst/BSCANID.u_xsdbm_id/CORE_XSDB.UUT_MASTER/U_ICON_INTERFACE/U_CMD6_RD/U_RD_FIFO/SUBCORE_FIFO.xsdbm_v3_0_0_rdfifo_inst/inst_fifo_gen/gconvfifo.rf/grf.rf/gntv_or_sync_fifo.gcx.clkx/gnxpm_cdc.gsync_stage[1].wr_stg_inst/Q[1]
    SLICE_X46Y22         FDCE                                         r  dbg_hub/inst/BSCANID.u_xsdbm_id/CORE_XSDB.UUT_MASTER/U_ICON_INTERFACE/U_CMD6_RD/U_RD_FIFO/SUBCORE_FIFO.xsdbm_v3_0_0_rdfifo_inst/inst_fifo_gen/gconvfifo.rf/grf.rf/gntv_or_sync_fifo.gcx.clkx/gnxpm_cdc.gsync_stage[1].wr_stg_inst/Q_reg_reg[1]/D
  -------------------------------------------------------------------    -------------------

                         max delay                   33.000    33.000    
    SLICE_X46Y22         FDCE (Setup_fdce_C_D)       -0.047    32.953    dbg_hub/inst/BSCANID.u_xsdbm_id/CORE_XSDB.UUT_MASTER/U_ICON_INTERFACE/U_CMD6_RD/U_RD_FIFO/SUBCORE_FIFO.xsdbm_v3_0_0_rdfifo_inst/inst_fifo_gen/gconvfifo.rf/grf.rf/gntv_or_sync_fifo.gcx.clkx/gnxpm_cdc.gsync_stage[1].wr_stg_inst/Q_reg_reg[1]
  -------------------------------------------------------------------
                         required time                         32.953    
                         arrival time                          -1.043    
  -------------------------------------------------------------------
                         slack                                 31.910    





---------------------------------------------------------------------------------------------------
Path Group:  **async_default**
From Clock:  clk_out1_user_35t_clk_wiz_0_0
  To Clock:  clk_out1_user_35t_clk_wiz_0_0

Setup :            0  Failing Endpoints,  Worst Slack        5.043ns,  Total Violation        0.000ns
Hold  :            0  Failing Endpoints,  Worst Slack        0.382ns,  Total Violation        0.000ns
---------------------------------------------------------------------------------------------------


Max Delay Paths
--------------------------------------------------------------------------------------
Slack (MET) :             5.043ns  (required time - arrival time)
  Source:                 user_35t_i/xadc_wiz_0/inst/SOFT_RESET_I/RESET_FLOPS[15].RST_FLOPS/C
                            (rising edge-triggered cell FDRE clocked by clk_out1_user_35t_clk_wiz_0_0  {rise@0.000ns fall@5.000ns period=10.000ns})
  Destination:            user_35t_i/xadc_wiz_0/inst/AXI_XADC_CORE_I/Inst_drp_arbiter/FSM_sequential_state_reg[0]/CLR
                            (recovery check against rising-edge clock clk_out1_user_35t_clk_wiz_0_0  {rise@0.000ns fall@5.000ns period=10.000ns})
  Path Group:             **async_default**
  Path Type:              Recovery (Max at Slow Process Corner)
  Requirement:            10.000ns  (clk_out1_user_35t_clk_wiz_0_0 rise@10.000ns - clk_out1_user_35t_clk_wiz_0_0 rise@0.000ns)
  Data Path Delay:        4.012ns  (logic 0.718ns (17.896%)  route 3.294ns (82.104%))
  Logic Levels:           1  (LUT3=1)
  Clock Path Skew:        -0.298ns (DCD - SCD + CPR)
    Destination Clock Delay (DCD):    1.434ns = ( 11.434 - 10.000 ) 
    Source Clock Delay      (SCD):    1.738ns
    Clock Pessimism Removal (CPR):    0.007ns
  Clock Uncertainty:      0.243ns  ((TSJ^2 + DJ^2)^1/2) / 2 + PE
    Total System Jitter     (TSJ):    0.071ns
    Discrete Jitter          (DJ):    0.480ns
    Phase Error              (PE):    0.000ns

    Location             Delay type                Incr(ns)  Path(ns)    Netlist Resource(s)
  -------------------------------------------------------------------    -------------------
                         (clock clk_out1_user_35t_clk_wiz_0_0 rise edge)
                                                      0.000     0.000 r  
    BUFGCTRL_X0Y4        BUFG                         0.000     0.000 r  sys_clock_IBUF_BUFG_inst/O
                         net (fo=38, routed)          1.575     1.575    user_35t_i/clk_wiz_0/inst/clk_in1
    MMCME2_ADV_X1Y0      MMCME2_ADV (Prop_mmcme2_adv_CLKIN1_CLKOUT0)
                                                     -3.333    -1.757 r  user_35t_i/clk_wiz_0/inst/mmcm_adv_inst/CLKOUT0
                         net (fo=1, routed)           1.661    -0.096    user_35t_i/clk_wiz_0/inst/clk_out1_user_35t_clk_wiz_0_0
    BUFGCTRL_X0Y0        BUFG (Prop_bufg_I_O)         0.096    -0.000 r  user_35t_i/clk_wiz_0/inst/clkout1_buf/O
                         net (fo=26831, routed)       1.738     1.738    user_35t_i/xadc_wiz_0/inst/SOFT_RESET_I/s_axi_aclk
    SLICE_X27Y104        FDRE                                         r  user_35t_i/xadc_wiz_0/inst/SOFT_RESET_I/RESET_FLOPS[15].RST_FLOPS/C
  -------------------------------------------------------------------    -------------------
    SLICE_X27Y104        FDRE (Prop_fdre_C_Q)         0.419     2.157 f  user_35t_i/xadc_wiz_0/inst/SOFT_RESET_I/RESET_FLOPS[15].RST_FLOPS/Q
                         net (fo=5, routed)           0.851     3.008    user_35t_i/xadc_wiz_0/inst/AXI_XADC_CORE_I/Inst_drp_arbiter/FSM_sequential_state_reg[1]_0
    SLICE_X26Y103        LUT3 (Prop_lut3_I2_O)        0.299     3.307 f  user_35t_i/xadc_wiz_0/inst/AXI_XADC_CORE_I/Inst_drp_arbiter/FIFO18E1_inst_data_i_2/O
                         net (fo=106, routed)         2.443     5.750    user_35t_i/xadc_wiz_0/inst/AXI_XADC_CORE_I/Inst_drp_arbiter/AR[0]
    SLICE_X32Y91         FDCE                                         f  user_35t_i/xadc_wiz_0/inst/AXI_XADC_CORE_I/Inst_drp_arbiter/FSM_sequential_state_reg[0]/CLR
  -------------------------------------------------------------------    -------------------

                         (clock clk_out1_user_35t_clk_wiz_0_0 rise edge)
                                                     10.000    10.000 r  
    BUFGCTRL_X0Y4        BUFG                         0.000    10.000 r  sys_clock_IBUF_BUFG_inst/O
                         net (fo=38, routed)          1.457    11.457    user_35t_i/clk_wiz_0/inst/clk_in1
    MMCME2_ADV_X1Y0      MMCME2_ADV (Prop_mmcme2_adv_CLKIN1_CLKOUT0)
                                                     -3.129     8.328 r  user_35t_i/clk_wiz_0/inst/mmcm_adv_inst/CLKOUT0
                         net (fo=1, routed)           1.581     9.909    user_35t_i/clk_wiz_0/inst/clk_out1_user_35t_clk_wiz_0_0
    BUFGCTRL_X0Y0        BUFG (Prop_bufg_I_O)         0.091    10.000 r  user_35t_i/clk_wiz_0/inst/clkout1_buf/O
                         net (fo=26831, routed)       1.434    11.434    user_35t_i/xadc_wiz_0/inst/AXI_XADC_CORE_I/Inst_drp_arbiter/s_axi_aclk
    SLICE_X32Y91         FDCE                                         r  user_35t_i/xadc_wiz_0/inst/AXI_XADC_CORE_I/Inst_drp_arbiter/FSM_sequential_state_reg[0]/C
                         clock pessimism              0.007    11.441    
                         clock uncertainty           -0.243    11.198    
    SLICE_X32Y91         FDCE (Recov_fdce_C_CLR)     -0.405    10.793    user_35t_i/xadc_wiz_0/inst/AXI_XADC_CORE_I/Inst_drp_arbiter/FSM_sequential_state_reg[0]
  -------------------------------------------------------------------
                         required time                         10.793    
                         arrival time                          -5.750    
  -------------------------------------------------------------------
                         slack                                  5.043    

Slack (MET) :             5.043ns  (required time - arrival time)
  Source:                 user_35t_i/xadc_wiz_0/inst/SOFT_RESET_I/RESET_FLOPS[15].RST_FLOPS/C
                            (rising edge-triggered cell FDRE clocked by clk_out1_user_35t_clk_wiz_0_0  {rise@0.000ns fall@5.000ns period=10.000ns})
  Destination:            user_35t_i/xadc_wiz_0/inst/AXI_XADC_CORE_I/Inst_drp_arbiter/FSM_sequential_state_reg[1]/CLR
                            (recovery check against rising-edge clock clk_out1_user_35t_clk_wiz_0_0  {rise@0.000ns fall@5.000ns period=10.000ns})
  Path Group:             **async_default**
  Path Type:              Recovery (Max at Slow Process Corner)
  Requirement:            10.000ns  (clk_out1_user_35t_clk_wiz_0_0 rise@10.000ns - clk_out1_user_35t_clk_wiz_0_0 rise@0.000ns)
  Data Path Delay:        4.012ns  (logic 0.718ns (17.896%)  route 3.294ns (82.104%))
  Logic Levels:           1  (LUT3=1)
  Clock Path Skew:        -0.298ns (DCD - SCD + CPR)
    Destination Clock Delay (DCD):    1.434ns = ( 11.434 - 10.000 ) 
    Source Clock Delay      (SCD):    1.738ns
    Clock Pessimism Removal (CPR):    0.007ns
  Clock Uncertainty:      0.243ns  ((TSJ^2 + DJ^2)^1/2) / 2 + PE
    Total System Jitter     (TSJ):    0.071ns
    Discrete Jitter          (DJ):    0.480ns
    Phase Error              (PE):    0.000ns

    Location             Delay type                Incr(ns)  Path(ns)    Netlist Resource(s)
  -------------------------------------------------------------------    -------------------
                         (clock clk_out1_user_35t_clk_wiz_0_0 rise edge)
                                                      0.000     0.000 r  
    BUFGCTRL_X0Y4        BUFG                         0.000     0.000 r  sys_clock_IBUF_BUFG_inst/O
                         net (fo=38, routed)          1.575     1.575    user_35t_i/clk_wiz_0/inst/clk_in1
    MMCME2_ADV_X1Y0      MMCME2_ADV (Prop_mmcme2_adv_CLKIN1_CLKOUT0)
                                                     -3.333    -1.757 r  user_35t_i/clk_wiz_0/inst/mmcm_adv_inst/CLKOUT0
                         net (fo=1, routed)           1.661    -0.096    user_35t_i/clk_wiz_0/inst/clk_out1_user_35t_clk_wiz_0_0
    BUFGCTRL_X0Y0        BUFG (Prop_bufg_I_O)         0.096    -0.000 r  user_35t_i/clk_wiz_0/inst/clkout1_buf/O
                         net (fo=26831, routed)       1.738     1.738    user_35t_i/xadc_wiz_0/inst/SOFT_RESET_I/s_axi_aclk
    SLICE_X27Y104        FDRE                                         r  user_35t_i/xadc_wiz_0/inst/SOFT_RESET_I/RESET_FLOPS[15].RST_FLOPS/C
  -------------------------------------------------------------------    -------------------
    SLICE_X27Y104        FDRE (Prop_fdre_C_Q)         0.419     2.157 f  user_35t_i/xadc_wiz_0/inst/SOFT_RESET_I/RESET_FLOPS[15].RST_FLOPS/Q
                         net (fo=5, routed)           0.851     3.008    user_35t_i/xadc_wiz_0/inst/AXI_XADC_CORE_I/Inst_drp_arbiter/FSM_sequential_state_reg[1]_0
    SLICE_X26Y103        LUT3 (Prop_lut3_I2_O)        0.299     3.307 f  user_35t_i/xadc_wiz_0/inst/AXI_XADC_CORE_I/Inst_drp_arbiter/FIFO18E1_inst_data_i_2/O
                         net (fo=106, routed)         2.443     5.750    user_35t_i/xadc_wiz_0/inst/AXI_XADC_CORE_I/Inst_drp_arbiter/AR[0]
    SLICE_X32Y91         FDCE                                         f  user_35t_i/xadc_wiz_0/inst/AXI_XADC_CORE_I/Inst_drp_arbiter/FSM_sequential_state_reg[1]/CLR
  -------------------------------------------------------------------    -------------------

                         (clock clk_out1_user_35t_clk_wiz_0_0 rise edge)
                                                     10.000    10.000 r  
    BUFGCTRL_X0Y4        BUFG                         0.000    10.000 r  sys_clock_IBUF_BUFG_inst/O
                         net (fo=38, routed)          1.457    11.457    user_35t_i/clk_wiz_0/inst/clk_in1
    MMCME2_ADV_X1Y0      MMCME2_ADV (Prop_mmcme2_adv_CLKIN1_CLKOUT0)
                                                     -3.129     8.328 r  user_35t_i/clk_wiz_0/inst/mmcm_adv_inst/CLKOUT0
                         net (fo=1, routed)           1.581     9.909    user_35t_i/clk_wiz_0/inst/clk_out1_user_35t_clk_wiz_0_0
    BUFGCTRL_X0Y0        BUFG (Prop_bufg_I_O)         0.091    10.000 r  user_35t_i/clk_wiz_0/inst/clkout1_buf/O
                         net (fo=26831, routed)       1.434    11.434    user_35t_i/xadc_wiz_0/inst/AXI_XADC_CORE_I/Inst_drp_arbiter/s_axi_aclk
    SLICE_X32Y91         FDCE                                         r  user_35t_i/xadc_wiz_0/inst/AXI_XADC_CORE_I/Inst_drp_arbiter/FSM_sequential_state_reg[1]/C
                         clock pessimism              0.007    11.441    
                         clock uncertainty           -0.243    11.198    
    SLICE_X32Y91         FDCE (Recov_fdce_C_CLR)     -0.405    10.793    user_35t_i/xadc_wiz_0/inst/AXI_XADC_CORE_I/Inst_drp_arbiter/FSM_sequential_state_reg[1]
  -------------------------------------------------------------------
                         required time                         10.793    
                         arrival time                          -5.750    
  -------------------------------------------------------------------
                         slack                                  5.043    

Slack (MET) :             5.195ns  (required time - arrival time)
  Source:                 user_35t_i/xadc_wiz_0/inst/SOFT_RESET_I/RESET_FLOPS[15].RST_FLOPS/C
                            (rising edge-triggered cell FDRE clocked by clk_out1_user_35t_clk_wiz_0_0  {rise@0.000ns fall@5.000ns period=10.000ns})
  Destination:            user_35t_i/xadc_wiz_0/inst/AXI_XADC_CORE_I/Inst_drp_arbiter/do_A_reg_reg[11]/CLR
                            (recovery check against rising-edge clock clk_out1_user_35t_clk_wiz_0_0  {rise@0.000ns fall@5.000ns period=10.000ns})
  Path Group:             **async_default**
  Path Type:              Recovery (Max at Slow Process Corner)
  Requirement:            10.000ns  (clk_out1_user_35t_clk_wiz_0_0 rise@10.000ns - clk_out1_user_35t_clk_wiz_0_0 rise@0.000ns)
  Data Path Delay:        3.899ns  (logic 0.718ns (18.413%)  route 3.181ns (81.587%))
  Logic Levels:           1  (LUT3=1)
  Clock Path Skew:        -0.302ns (DCD - SCD + CPR)
    Destination Clock Delay (DCD):    1.430ns = ( 11.430 - 10.000 ) 
    Source Clock Delay      (SCD):    1.738ns
    Clock Pessimism Removal (CPR):    0.007ns
  Clock Uncertainty:      0.243ns  ((TSJ^2 + DJ^2)^1/2) / 2 + PE
    Total System Jitter     (TSJ):    0.071ns
    Discrete Jitter          (DJ):    0.480ns
    Phase Error              (PE):    0.000ns

    Location             Delay type                Incr(ns)  Path(ns)    Netlist Resource(s)
  -------------------------------------------------------------------    -------------------
                         (clock clk_out1_user_35t_clk_wiz_0_0 rise edge)
                                                      0.000     0.000 r  
    BUFGCTRL_X0Y4        BUFG                         0.000     0.000 r  sys_clock_IBUF_BUFG_inst/O
                         net (fo=38, routed)          1.575     1.575    user_35t_i/clk_wiz_0/inst/clk_in1
    MMCME2_ADV_X1Y0      MMCME2_ADV (Prop_mmcme2_adv_CLKIN1_CLKOUT0)
                                                     -3.333    -1.757 r  user_35t_i/clk_wiz_0/inst/mmcm_adv_inst/CLKOUT0
                         net (fo=1, routed)           1.661    -0.096    user_35t_i/clk_wiz_0/inst/clk_out1_user_35t_clk_wiz_0_0
    BUFGCTRL_X0Y0        BUFG (Prop_bufg_I_O)         0.096    -0.000 r  user_35t_i/clk_wiz_0/inst/clkout1_buf/O
                         net (fo=26831, routed)       1.738     1.738    user_35t_i/xadc_wiz_0/inst/SOFT_RESET_I/s_axi_aclk
    SLICE_X27Y104        FDRE                                         r  user_35t_i/xadc_wiz_0/inst/SOFT_RESET_I/RESET_FLOPS[15].RST_FLOPS/C
  -------------------------------------------------------------------    -------------------
    SLICE_X27Y104        FDRE (Prop_fdre_C_Q)         0.419     2.157 f  user_35t_i/xadc_wiz_0/inst/SOFT_RESET_I/RESET_FLOPS[15].RST_FLOPS/Q
                         net (fo=5, routed)           0.851     3.008    user_35t_i/xadc_wiz_0/inst/AXI_XADC_CORE_I/Inst_drp_arbiter/FSM_sequential_state_reg[1]_0
    SLICE_X26Y103        LUT3 (Prop_lut3_I2_O)        0.299     3.307 f  user_35t_i/xadc_wiz_0/inst/AXI_XADC_CORE_I/Inst_drp_arbiter/FIFO18E1_inst_data_i_2/O
                         net (fo=106, routed)         2.331     5.638    user_35t_i/xadc_wiz_0/inst/AXI_XADC_CORE_I/Inst_drp_arbiter/AR[0]
    SLICE_X30Y85         FDCE                                         f  user_35t_i/xadc_wiz_0/inst/AXI_XADC_CORE_I/Inst_drp_arbiter/do_A_reg_reg[11]/CLR
  -------------------------------------------------------------------    -------------------

                         (clock clk_out1_user_35t_clk_wiz_0_0 rise edge)
                                                     10.000    10.000 r  
    BUFGCTRL_X0Y4        BUFG                         0.000    10.000 r  sys_clock_IBUF_BUFG_inst/O
                         net (fo=38, routed)          1.457    11.457    user_35t_i/clk_wiz_0/inst/clk_in1
    MMCME2_ADV_X1Y0      MMCME2_ADV (Prop_mmcme2_adv_CLKIN1_CLKOUT0)
                                                     -3.129     8.328 r  user_35t_i/clk_wiz_0/inst/mmcm_adv_inst/CLKOUT0
                         net (fo=1, routed)           1.581     9.909    user_35t_i/clk_wiz_0/inst/clk_out1_user_35t_clk_wiz_0_0
    BUFGCTRL_X0Y0        BUFG (Prop_bufg_I_O)         0.091    10.000 r  user_35t_i/clk_wiz_0/inst/clkout1_buf/O
                         net (fo=26831, routed)       1.430    11.430    user_35t_i/xadc_wiz_0/inst/AXI_XADC_CORE_I/Inst_drp_arbiter/s_axi_aclk
    SLICE_X30Y85         FDCE                                         r  user_35t_i/xadc_wiz_0/inst/AXI_XADC_CORE_I/Inst_drp_arbiter/do_A_reg_reg[11]/C
                         clock pessimism              0.007    11.437    
                         clock uncertainty           -0.243    11.194    
    SLICE_X30Y85         FDCE (Recov_fdce_C_CLR)     -0.361    10.833    user_35t_i/xadc_wiz_0/inst/AXI_XADC_CORE_I/Inst_drp_arbiter/do_A_reg_reg[11]
  -------------------------------------------------------------------
                         required time                         10.833    
                         arrival time                          -5.638    
  -------------------------------------------------------------------
                         slack                                  5.195    

Slack (MET) :             5.195ns  (required time - arrival time)
  Source:                 user_35t_i/xadc_wiz_0/inst/SOFT_RESET_I/RESET_FLOPS[15].RST_FLOPS/C
                            (rising edge-triggered cell FDRE clocked by clk_out1_user_35t_clk_wiz_0_0  {rise@0.000ns fall@5.000ns period=10.000ns})
  Destination:            user_35t_i/xadc_wiz_0/inst/AXI_XADC_CORE_I/Inst_drp_arbiter/do_A_reg_reg[13]/CLR
                            (recovery check against rising-edge clock clk_out1_user_35t_clk_wiz_0_0  {rise@0.000ns fall@5.000ns period=10.000ns})
  Path Group:             **async_default**
  Path Type:              Recovery (Max at Slow Process Corner)
  Requirement:            10.000ns  (clk_out1_user_35t_clk_wiz_0_0 rise@10.000ns - clk_out1_user_35t_clk_wiz_0_0 rise@0.000ns)
  Data Path Delay:        3.899ns  (logic 0.718ns (18.413%)  route 3.181ns (81.587%))
  Logic Levels:           1  (LUT3=1)
  Clock Path Skew:        -0.302ns (DCD - SCD + CPR)
    Destination Clock Delay (DCD):    1.430ns = ( 11.430 - 10.000 ) 
    Source Clock Delay      (SCD):    1.738ns
    Clock Pessimism Removal (CPR):    0.007ns
  Clock Uncertainty:      0.243ns  ((TSJ^2 + DJ^2)^1/2) / 2 + PE
    Total System Jitter     (TSJ):    0.071ns
    Discrete Jitter          (DJ):    0.480ns
    Phase Error              (PE):    0.000ns

    Location             Delay type                Incr(ns)  Path(ns)    Netlist Resource(s)
  -------------------------------------------------------------------    -------------------
                         (clock clk_out1_user_35t_clk_wiz_0_0 rise edge)
                                                      0.000     0.000 r  
    BUFGCTRL_X0Y4        BUFG                         0.000     0.000 r  sys_clock_IBUF_BUFG_inst/O
                         net (fo=38, routed)          1.575     1.575    user_35t_i/clk_wiz_0/inst/clk_in1
    MMCME2_ADV_X1Y0      MMCME2_ADV (Prop_mmcme2_adv_CLKIN1_CLKOUT0)
                                                     -3.333    -1.757 r  user_35t_i/clk_wiz_0/inst/mmcm_adv_inst/CLKOUT0
                         net (fo=1, routed)           1.661    -0.096    user_35t_i/clk_wiz_0/inst/clk_out1_user_35t_clk_wiz_0_0
    BUFGCTRL_X0Y0        BUFG (Prop_bufg_I_O)         0.096    -0.000 r  user_35t_i/clk_wiz_0/inst/clkout1_buf/O
                         net (fo=26831, routed)       1.738     1.738    user_35t_i/xadc_wiz_0/inst/SOFT_RESET_I/s_axi_aclk
    SLICE_X27Y104        FDRE                                         r  user_35t_i/xadc_wiz_0/inst/SOFT_RESET_I/RESET_FLOPS[15].RST_FLOPS/C
  -------------------------------------------------------------------    -------------------
    SLICE_X27Y104        FDRE (Prop_fdre_C_Q)         0.419     2.157 f  user_35t_i/xadc_wiz_0/inst/SOFT_RESET_I/RESET_FLOPS[15].RST_FLOPS/Q
                         net (fo=5, routed)           0.851     3.008    user_35t_i/xadc_wiz_0/inst/AXI_XADC_CORE_I/Inst_drp_arbiter/FSM_sequential_state_reg[1]_0
    SLICE_X26Y103        LUT3 (Prop_lut3_I2_O)        0.299     3.307 f  user_35t_i/xadc_wiz_0/inst/AXI_XADC_CORE_I/Inst_drp_arbiter/FIFO18E1_inst_data_i_2/O
                         net (fo=106, routed)         2.331     5.638    user_35t_i/xadc_wiz_0/inst/AXI_XADC_CORE_I/Inst_drp_arbiter/AR[0]
    SLICE_X30Y85         FDCE                                         f  user_35t_i/xadc_wiz_0/inst/AXI_XADC_CORE_I/Inst_drp_arbiter/do_A_reg_reg[13]/CLR
  -------------------------------------------------------------------    -------------------

                         (clock clk_out1_user_35t_clk_wiz_0_0 rise edge)
                                                     10.000    10.000 r  
    BUFGCTRL_X0Y4        BUFG                         0.000    10.000 r  sys_clock_IBUF_BUFG_inst/O
                         net (fo=38, routed)          1.457    11.457    user_35t_i/clk_wiz_0/inst/clk_in1
    MMCME2_ADV_X1Y0      MMCME2_ADV (Prop_mmcme2_adv_CLKIN1_CLKOUT0)
                                                     -3.129     8.328 r  user_35t_i/clk_wiz_0/inst/mmcm_adv_inst/CLKOUT0
                         net (fo=1, routed)           1.581     9.909    user_35t_i/clk_wiz_0/inst/clk_out1_user_35t_clk_wiz_0_0
    BUFGCTRL_X0Y0        BUFG (Prop_bufg_I_O)         0.091    10.000 r  user_35t_i/clk_wiz_0/inst/clkout1_buf/O
                         net (fo=26831, routed)       1.430    11.430    user_35t_i/xadc_wiz_0/inst/AXI_XADC_CORE_I/Inst_drp_arbiter/s_axi_aclk
    SLICE_X30Y85         FDCE                                         r  user_35t_i/xadc_wiz_0/inst/AXI_XADC_CORE_I/Inst_drp_arbiter/do_A_reg_reg[13]/C
                         clock pessimism              0.007    11.437    
                         clock uncertainty           -0.243    11.194    
    SLICE_X30Y85         FDCE (Recov_fdce_C_CLR)     -0.361    10.833    user_35t_i/xadc_wiz_0/inst/AXI_XADC_CORE_I/Inst_drp_arbiter/do_A_reg_reg[13]
  -------------------------------------------------------------------
                         required time                         10.833    
                         arrival time                          -5.638    
  -------------------------------------------------------------------
                         slack                                  5.195    

Slack (MET) :             5.195ns  (required time - arrival time)
  Source:                 user_35t_i/xadc_wiz_0/inst/SOFT_RESET_I/RESET_FLOPS[15].RST_FLOPS/C
                            (rising edge-triggered cell FDRE clocked by clk_out1_user_35t_clk_wiz_0_0  {rise@0.000ns fall@5.000ns period=10.000ns})
  Destination:            user_35t_i/xadc_wiz_0/inst/AXI_XADC_CORE_I/Inst_drp_arbiter/do_A_reg_reg[5]/CLR
                            (recovery check against rising-edge clock clk_out1_user_35t_clk_wiz_0_0  {rise@0.000ns fall@5.000ns period=10.000ns})
  Path Group:             **async_default**
  Path Type:              Recovery (Max at Slow Process Corner)
  Requirement:            10.000ns  (clk_out1_user_35t_clk_wiz_0_0 rise@10.000ns - clk_out1_user_35t_clk_wiz_0_0 rise@0.000ns)
  Data Path Delay:        3.899ns  (logic 0.718ns (18.413%)  route 3.181ns (81.587%))
  Logic Levels:           1  (LUT3=1)
  Clock Path Skew:        -0.302ns (DCD - SCD + CPR)
    Destination Clock Delay (DCD):    1.430ns = ( 11.430 - 10.000 ) 
    Source Clock Delay      (SCD):    1.738ns
    Clock Pessimism Removal (CPR):    0.007ns
  Clock Uncertainty:      0.243ns  ((TSJ^2 + DJ^2)^1/2) / 2 + PE
    Total System Jitter     (TSJ):    0.071ns
    Discrete Jitter          (DJ):    0.480ns
    Phase Error              (PE):    0.000ns

    Location             Delay type                Incr(ns)  Path(ns)    Netlist Resource(s)
  -------------------------------------------------------------------    -------------------
                         (clock clk_out1_user_35t_clk_wiz_0_0 rise edge)
                                                      0.000     0.000 r  
    BUFGCTRL_X0Y4        BUFG                         0.000     0.000 r  sys_clock_IBUF_BUFG_inst/O
                         net (fo=38, routed)          1.575     1.575    user_35t_i/clk_wiz_0/inst/clk_in1
    MMCME2_ADV_X1Y0      MMCME2_ADV (Prop_mmcme2_adv_CLKIN1_CLKOUT0)
                                                     -3.333    -1.757 r  user_35t_i/clk_wiz_0/inst/mmcm_adv_inst/CLKOUT0
                         net (fo=1, routed)           1.661    -0.096    user_35t_i/clk_wiz_0/inst/clk_out1_user_35t_clk_wiz_0_0
    BUFGCTRL_X0Y0        BUFG (Prop_bufg_I_O)         0.096    -0.000 r  user_35t_i/clk_wiz_0/inst/clkout1_buf/O
                         net (fo=26831, routed)       1.738     1.738    user_35t_i/xadc_wiz_0/inst/SOFT_RESET_I/s_axi_aclk
    SLICE_X27Y104        FDRE                                         r  user_35t_i/xadc_wiz_0/inst/SOFT_RESET_I/RESET_FLOPS[15].RST_FLOPS/C
  -------------------------------------------------------------------    -------------------
    SLICE_X27Y104        FDRE (Prop_fdre_C_Q)         0.419     2.157 f  user_35t_i/xadc_wiz_0/inst/SOFT_RESET_I/RESET_FLOPS[15].RST_FLOPS/Q
                         net (fo=5, routed)           0.851     3.008    user_35t_i/xadc_wiz_0/inst/AXI_XADC_CORE_I/Inst_drp_arbiter/FSM_sequential_state_reg[1]_0
    SLICE_X26Y103        LUT3 (Prop_lut3_I2_O)        0.299     3.307 f  user_35t_i/xadc_wiz_0/inst/AXI_XADC_CORE_I/Inst_drp_arbiter/FIFO18E1_inst_data_i_2/O
                         net (fo=106, routed)         2.331     5.638    user_35t_i/xadc_wiz_0/inst/AXI_XADC_CORE_I/Inst_drp_arbiter/AR[0]
    SLICE_X30Y85         FDCE                                         f  user_35t_i/xadc_wiz_0/inst/AXI_XADC_CORE_I/Inst_drp_arbiter/do_A_reg_reg[5]/CLR
  -------------------------------------------------------------------    -------------------

                         (clock clk_out1_user_35t_clk_wiz_0_0 rise edge)
                                                     10.000    10.000 r  
    BUFGCTRL_X0Y4        BUFG                         0.000    10.000 r  sys_clock_IBUF_BUFG_inst/O
                         net (fo=38, routed)          1.457    11.457    user_35t_i/clk_wiz_0/inst/clk_in1
    MMCME2_ADV_X1Y0      MMCME2_ADV (Prop_mmcme2_adv_CLKIN1_CLKOUT0)
                                                     -3.129     8.328 r  user_35t_i/clk_wiz_0/inst/mmcm_adv_inst/CLKOUT0
                         net (fo=1, routed)           1.581     9.909    user_35t_i/clk_wiz_0/inst/clk_out1_user_35t_clk_wiz_0_0
    BUFGCTRL_X0Y0        BUFG (Prop_bufg_I_O)         0.091    10.000 r  user_35t_i/clk_wiz_0/inst/clkout1_buf/O
                         net (fo=26831, routed)       1.430    11.430    user_35t_i/xadc_wiz_0/inst/AXI_XADC_CORE_I/Inst_drp_arbiter/s_axi_aclk
    SLICE_X30Y85         FDCE                                         r  user_35t_i/xadc_wiz_0/inst/AXI_XADC_CORE_I/Inst_drp_arbiter/do_A_reg_reg[5]/C
                         clock pessimism              0.007    11.437    
                         clock uncertainty           -0.243    11.194    
    SLICE_X30Y85         FDCE (Recov_fdce_C_CLR)     -0.361    10.833    user_35t_i/xadc_wiz_0/inst/AXI_XADC_CORE_I/Inst_drp_arbiter/do_A_reg_reg[5]
  -------------------------------------------------------------------
                         required time                         10.833    
                         arrival time                          -5.638    
  -------------------------------------------------------------------
                         slack                                  5.195    

Slack (MET) :             5.195ns  (required time - arrival time)
  Source:                 user_35t_i/xadc_wiz_0/inst/SOFT_RESET_I/RESET_FLOPS[15].RST_FLOPS/C
                            (rising edge-triggered cell FDRE clocked by clk_out1_user_35t_clk_wiz_0_0  {rise@0.000ns fall@5.000ns period=10.000ns})
  Destination:            user_35t_i/xadc_wiz_0/inst/AXI_XADC_CORE_I/Inst_drp_arbiter/do_A_reg_reg[9]/CLR
                            (recovery check against rising-edge clock clk_out1_user_35t_clk_wiz_0_0  {rise@0.000ns fall@5.000ns period=10.000ns})
  Path Group:             **async_default**
  Path Type:              Recovery (Max at Slow Process Corner)
  Requirement:            10.000ns  (clk_out1_user_35t_clk_wiz_0_0 rise@10.000ns - clk_out1_user_35t_clk_wiz_0_0 rise@0.000ns)
  Data Path Delay:        3.899ns  (logic 0.718ns (18.413%)  route 3.181ns (81.587%))
  Logic Levels:           1  (LUT3=1)
  Clock Path Skew:        -0.302ns (DCD - SCD + CPR)
    Destination Clock Delay (DCD):    1.430ns = ( 11.430 - 10.000 ) 
    Source Clock Delay      (SCD):    1.738ns
    Clock Pessimism Removal (CPR):    0.007ns
  Clock Uncertainty:      0.243ns  ((TSJ^2 + DJ^2)^1/2) / 2 + PE
    Total System Jitter     (TSJ):    0.071ns
    Discrete Jitter          (DJ):    0.480ns
    Phase Error              (PE):    0.000ns

    Location             Delay type                Incr(ns)  Path(ns)    Netlist Resource(s)
  -------------------------------------------------------------------    -------------------
                         (clock clk_out1_user_35t_clk_wiz_0_0 rise edge)
                                                      0.000     0.000 r  
    BUFGCTRL_X0Y4        BUFG                         0.000     0.000 r  sys_clock_IBUF_BUFG_inst/O
                         net (fo=38, routed)          1.575     1.575    user_35t_i/clk_wiz_0/inst/clk_in1
    MMCME2_ADV_X1Y0      MMCME2_ADV (Prop_mmcme2_adv_CLKIN1_CLKOUT0)
                                                     -3.333    -1.757 r  user_35t_i/clk_wiz_0/inst/mmcm_adv_inst/CLKOUT0
                         net (fo=1, routed)           1.661    -0.096    user_35t_i/clk_wiz_0/inst/clk_out1_user_35t_clk_wiz_0_0
    BUFGCTRL_X0Y0        BUFG (Prop_bufg_I_O)         0.096    -0.000 r  user_35t_i/clk_wiz_0/inst/clkout1_buf/O
                         net (fo=26831, routed)       1.738     1.738    user_35t_i/xadc_wiz_0/inst/SOFT_RESET_I/s_axi_aclk
    SLICE_X27Y104        FDRE                                         r  user_35t_i/xadc_wiz_0/inst/SOFT_RESET_I/RESET_FLOPS[15].RST_FLOPS/C
  -------------------------------------------------------------------    -------------------
    SLICE_X27Y104        FDRE (Prop_fdre_C_Q)         0.419     2.157 f  user_35t_i/xadc_wiz_0/inst/SOFT_RESET_I/RESET_FLOPS[15].RST_FLOPS/Q
                         net (fo=5, routed)           0.851     3.008    user_35t_i/xadc_wiz_0/inst/AXI_XADC_CORE_I/Inst_drp_arbiter/FSM_sequential_state_reg[1]_0
    SLICE_X26Y103        LUT3 (Prop_lut3_I2_O)        0.299     3.307 f  user_35t_i/xadc_wiz_0/inst/AXI_XADC_CORE_I/Inst_drp_arbiter/FIFO18E1_inst_data_i_2/O
                         net (fo=106, routed)         2.331     5.638    user_35t_i/xadc_wiz_0/inst/AXI_XADC_CORE_I/Inst_drp_arbiter/AR[0]
    SLICE_X30Y85         FDCE                                         f  user_35t_i/xadc_wiz_0/inst/AXI_XADC_CORE_I/Inst_drp_arbiter/do_A_reg_reg[9]/CLR
  -------------------------------------------------------------------    -------------------

                         (clock clk_out1_user_35t_clk_wiz_0_0 rise edge)
                                                     10.000    10.000 r  
    BUFGCTRL_X0Y4        BUFG                         0.000    10.000 r  sys_clock_IBUF_BUFG_inst/O
                         net (fo=38, routed)          1.457    11.457    user_35t_i/clk_wiz_0/inst/clk_in1
    MMCME2_ADV_X1Y0      MMCME2_ADV (Prop_mmcme2_adv_CLKIN1_CLKOUT0)
                                                     -3.129     8.328 r  user_35t_i/clk_wiz_0/inst/mmcm_adv_inst/CLKOUT0
                         net (fo=1, routed)           1.581     9.909    user_35t_i/clk_wiz_0/inst/clk_out1_user_35t_clk_wiz_0_0
    BUFGCTRL_X0Y0        BUFG (Prop_bufg_I_O)         0.091    10.000 r  user_35t_i/clk_wiz_0/inst/clkout1_buf/O
                         net (fo=26831, routed)       1.430    11.430    user_35t_i/xadc_wiz_0/inst/AXI_XADC_CORE_I/Inst_drp_arbiter/s_axi_aclk
    SLICE_X30Y85         FDCE                                         r  user_35t_i/xadc_wiz_0/inst/AXI_XADC_CORE_I/Inst_drp_arbiter/do_A_reg_reg[9]/C
                         clock pessimism              0.007    11.437    
                         clock uncertainty           -0.243    11.194    
    SLICE_X30Y85         FDCE (Recov_fdce_C_CLR)     -0.361    10.833    user_35t_i/xadc_wiz_0/inst/AXI_XADC_CORE_I/Inst_drp_arbiter/do_A_reg_reg[9]
  -------------------------------------------------------------------
                         required time                         10.833    
                         arrival time                          -5.638    
  -------------------------------------------------------------------
                         slack                                  5.195    

Slack (MET) :             5.237ns  (required time - arrival time)
  Source:                 user_35t_i/xadc_wiz_0/inst/SOFT_RESET_I/RESET_FLOPS[15].RST_FLOPS/C
                            (rising edge-triggered cell FDRE clocked by clk_out1_user_35t_clk_wiz_0_0  {rise@0.000ns fall@5.000ns period=10.000ns})
  Destination:            user_35t_i/xadc_wiz_0/inst/AXI_XADC_CORE_I/Inst_drp_arbiter/do_A_reg_reg[10]/CLR
                            (recovery check against rising-edge clock clk_out1_user_35t_clk_wiz_0_0  {rise@0.000ns fall@5.000ns period=10.000ns})
  Path Group:             **async_default**
  Path Type:              Recovery (Max at Slow Process Corner)
  Requirement:            10.000ns  (clk_out1_user_35t_clk_wiz_0_0 rise@10.000ns - clk_out1_user_35t_clk_wiz_0_0 rise@0.000ns)
  Data Path Delay:        3.899ns  (logic 0.718ns (18.413%)  route 3.181ns (81.587%))
  Logic Levels:           1  (LUT3=1)
  Clock Path Skew:        -0.302ns (DCD - SCD + CPR)
    Destination Clock Delay (DCD):    1.430ns = ( 11.430 - 10.000 ) 
    Source Clock Delay      (SCD):    1.738ns
    Clock Pessimism Removal (CPR):    0.007ns
  Clock Uncertainty:      0.243ns  ((TSJ^2 + DJ^2)^1/2) / 2 + PE
    Total System Jitter     (TSJ):    0.071ns
    Discrete Jitter          (DJ):    0.480ns
    Phase Error              (PE):    0.000ns

    Location             Delay type                Incr(ns)  Path(ns)    Netlist Resource(s)
  -------------------------------------------------------------------    -------------------
                         (clock clk_out1_user_35t_clk_wiz_0_0 rise edge)
                                                      0.000     0.000 r  
    BUFGCTRL_X0Y4        BUFG                         0.000     0.000 r  sys_clock_IBUF_BUFG_inst/O
                         net (fo=38, routed)          1.575     1.575    user_35t_i/clk_wiz_0/inst/clk_in1
    MMCME2_ADV_X1Y0      MMCME2_ADV (Prop_mmcme2_adv_CLKIN1_CLKOUT0)
                                                     -3.333    -1.757 r  user_35t_i/clk_wiz_0/inst/mmcm_adv_inst/CLKOUT0
                         net (fo=1, routed)           1.661    -0.096    user_35t_i/clk_wiz_0/inst/clk_out1_user_35t_clk_wiz_0_0
    BUFGCTRL_X0Y0        BUFG (Prop_bufg_I_O)         0.096    -0.000 r  user_35t_i/clk_wiz_0/inst/clkout1_buf/O
                         net (fo=26831, routed)       1.738     1.738    user_35t_i/xadc_wiz_0/inst/SOFT_RESET_I/s_axi_aclk
    SLICE_X27Y104        FDRE                                         r  user_35t_i/xadc_wiz_0/inst/SOFT_RESET_I/RESET_FLOPS[15].RST_FLOPS/C
  -------------------------------------------------------------------    -------------------
    SLICE_X27Y104        FDRE (Prop_fdre_C_Q)         0.419     2.157 f  user_35t_i/xadc_wiz_0/inst/SOFT_RESET_I/RESET_FLOPS[15].RST_FLOPS/Q
                         net (fo=5, routed)           0.851     3.008    user_35t_i/xadc_wiz_0/inst/AXI_XADC_CORE_I/Inst_drp_arbiter/FSM_sequential_state_reg[1]_0
    SLICE_X26Y103        LUT3 (Prop_lut3_I2_O)        0.299     3.307 f  user_35t_i/xadc_wiz_0/inst/AXI_XADC_CORE_I/Inst_drp_arbiter/FIFO18E1_inst_data_i_2/O
                         net (fo=106, routed)         2.331     5.638    user_35t_i/xadc_wiz_0/inst/AXI_XADC_CORE_I/Inst_drp_arbiter/AR[0]
    SLICE_X30Y85         FDCE                                         f  user_35t_i/xadc_wiz_0/inst/AXI_XADC_CORE_I/Inst_drp_arbiter/do_A_reg_reg[10]/CLR
  -------------------------------------------------------------------    -------------------

                         (clock clk_out1_user_35t_clk_wiz_0_0 rise edge)
                                                     10.000    10.000 r  
    BUFGCTRL_X0Y4        BUFG                         0.000    10.000 r  sys_clock_IBUF_BUFG_inst/O
                         net (fo=38, routed)          1.457    11.457    user_35t_i/clk_wiz_0/inst/clk_in1
    MMCME2_ADV_X1Y0      MMCME2_ADV (Prop_mmcme2_adv_CLKIN1_CLKOUT0)
                                                     -3.129     8.328 r  user_35t_i/clk_wiz_0/inst/mmcm_adv_inst/CLKOUT0
                         net (fo=1, routed)           1.581     9.909    user_35t_i/clk_wiz_0/inst/clk_out1_user_35t_clk_wiz_0_0
    BUFGCTRL_X0Y0        BUFG (Prop_bufg_I_O)         0.091    10.000 r  user_35t_i/clk_wiz_0/inst/clkout1_buf/O
                         net (fo=26831, routed)       1.430    11.430    user_35t_i/xadc_wiz_0/inst/AXI_XADC_CORE_I/Inst_drp_arbiter/s_axi_aclk
    SLICE_X30Y85         FDCE                                         r  user_35t_i/xadc_wiz_0/inst/AXI_XADC_CORE_I/Inst_drp_arbiter/do_A_reg_reg[10]/C
                         clock pessimism              0.007    11.437    
                         clock uncertainty           -0.243    11.194    
    SLICE_X30Y85         FDCE (Recov_fdce_C_CLR)     -0.319    10.875    user_35t_i/xadc_wiz_0/inst/AXI_XADC_CORE_I/Inst_drp_arbiter/do_A_reg_reg[10]
  -------------------------------------------------------------------
                         required time                         10.875    
                         arrival time                          -5.638    
  -------------------------------------------------------------------
                         slack                                  5.237    

Slack (MET) :             5.237ns  (required time - arrival time)
  Source:                 user_35t_i/xadc_wiz_0/inst/SOFT_RESET_I/RESET_FLOPS[15].RST_FLOPS/C
                            (rising edge-triggered cell FDRE clocked by clk_out1_user_35t_clk_wiz_0_0  {rise@0.000ns fall@5.000ns period=10.000ns})
  Destination:            user_35t_i/xadc_wiz_0/inst/AXI_XADC_CORE_I/Inst_drp_arbiter/do_A_reg_reg[12]/CLR
                            (recovery check against rising-edge clock clk_out1_user_35t_clk_wiz_0_0  {rise@0.000ns fall@5.000ns period=10.000ns})
  Path Group:             **async_default**
  Path Type:              Recovery (Max at Slow Process Corner)
  Requirement:            10.000ns  (clk_out1_user_35t_clk_wiz_0_0 rise@10.000ns - clk_out1_user_35t_clk_wiz_0_0 rise@0.000ns)
  Data Path Delay:        3.899ns  (logic 0.718ns (18.413%)  route 3.181ns (81.587%))
  Logic Levels:           1  (LUT3=1)
  Clock Path Skew:        -0.302ns (DCD - SCD + CPR)
    Destination Clock Delay (DCD):    1.430ns = ( 11.430 - 10.000 ) 
    Source Clock Delay      (SCD):    1.738ns
    Clock Pessimism Removal (CPR):    0.007ns
  Clock Uncertainty:      0.243ns  ((TSJ^2 + DJ^2)^1/2) / 2 + PE
    Total System Jitter     (TSJ):    0.071ns
    Discrete Jitter          (DJ):    0.480ns
    Phase Error              (PE):    0.000ns

    Location             Delay type                Incr(ns)  Path(ns)    Netlist Resource(s)
  -------------------------------------------------------------------    -------------------
                         (clock clk_out1_user_35t_clk_wiz_0_0 rise edge)
                                                      0.000     0.000 r  
    BUFGCTRL_X0Y4        BUFG                         0.000     0.000 r  sys_clock_IBUF_BUFG_inst/O
                         net (fo=38, routed)          1.575     1.575    user_35t_i/clk_wiz_0/inst/clk_in1
    MMCME2_ADV_X1Y0      MMCME2_ADV (Prop_mmcme2_adv_CLKIN1_CLKOUT0)
                                                     -3.333    -1.757 r  user_35t_i/clk_wiz_0/inst/mmcm_adv_inst/CLKOUT0
                         net (fo=1, routed)           1.661    -0.096    user_35t_i/clk_wiz_0/inst/clk_out1_user_35t_clk_wiz_0_0
    BUFGCTRL_X0Y0        BUFG (Prop_bufg_I_O)         0.096    -0.000 r  user_35t_i/clk_wiz_0/inst/clkout1_buf/O
                         net (fo=26831, routed)       1.738     1.738    user_35t_i/xadc_wiz_0/inst/SOFT_RESET_I/s_axi_aclk
    SLICE_X27Y104        FDRE                                         r  user_35t_i/xadc_wiz_0/inst/SOFT_RESET_I/RESET_FLOPS[15].RST_FLOPS/C
  -------------------------------------------------------------------    -------------------
    SLICE_X27Y104        FDRE (Prop_fdre_C_Q)         0.419     2.157 f  user_35t_i/xadc_wiz_0/inst/SOFT_RESET_I/RESET_FLOPS[15].RST_FLOPS/Q
                         net (fo=5, routed)           0.851     3.008    user_35t_i/xadc_wiz_0/inst/AXI_XADC_CORE_I/Inst_drp_arbiter/FSM_sequential_state_reg[1]_0
    SLICE_X26Y103        LUT3 (Prop_lut3_I2_O)        0.299     3.307 f  user_35t_i/xadc_wiz_0/inst/AXI_XADC_CORE_I/Inst_drp_arbiter/FIFO18E1_inst_data_i_2/O
                         net (fo=106, routed)         2.331     5.638    user_35t_i/xadc_wiz_0/inst/AXI_XADC_CORE_I/Inst_drp_arbiter/AR[0]
    SLICE_X30Y85         FDCE                                         f  user_35t_i/xadc_wiz_0/inst/AXI_XADC_CORE_I/Inst_drp_arbiter/do_A_reg_reg[12]/CLR
  -------------------------------------------------------------------    -------------------

                         (clock clk_out1_user_35t_clk_wiz_0_0 rise edge)
                                                     10.000    10.000 r  
    BUFGCTRL_X0Y4        BUFG                         0.000    10.000 r  sys_clock_IBUF_BUFG_inst/O
                         net (fo=38, routed)          1.457    11.457    user_35t_i/clk_wiz_0/inst/clk_in1
    MMCME2_ADV_X1Y0      MMCME2_ADV (Prop_mmcme2_adv_CLKIN1_CLKOUT0)
                                                     -3.129     8.328 r  user_35t_i/clk_wiz_0/inst/mmcm_adv_inst/CLKOUT0
                         net (fo=1, routed)           1.581     9.909    user_35t_i/clk_wiz_0/inst/clk_out1_user_35t_clk_wiz_0_0
    BUFGCTRL_X0Y0        BUFG (Prop_bufg_I_O)         0.091    10.000 r  user_35t_i/clk_wiz_0/inst/clkout1_buf/O
                         net (fo=26831, routed)       1.430    11.430    user_35t_i/xadc_wiz_0/inst/AXI_XADC_CORE_I/Inst_drp_arbiter/s_axi_aclk
    SLICE_X30Y85         FDCE                                         r  user_35t_i/xadc_wiz_0/inst/AXI_XADC_CORE_I/Inst_drp_arbiter/do_A_reg_reg[12]/C
                         clock pessimism              0.007    11.437    
                         clock uncertainty           -0.243    11.194    
    SLICE_X30Y85         FDCE (Recov_fdce_C_CLR)     -0.319    10.875    user_35t_i/xadc_wiz_0/inst/AXI_XADC_CORE_I/Inst_drp_arbiter/do_A_reg_reg[12]
  -------------------------------------------------------------------
                         required time                         10.875    
                         arrival time                          -5.638    
  -------------------------------------------------------------------
                         slack                                  5.237    

Slack (MET) :             5.237ns  (required time - arrival time)
  Source:                 user_35t_i/xadc_wiz_0/inst/SOFT_RESET_I/RESET_FLOPS[15].RST_FLOPS/C
                            (rising edge-triggered cell FDRE clocked by clk_out1_user_35t_clk_wiz_0_0  {rise@0.000ns fall@5.000ns period=10.000ns})
  Destination:            user_35t_i/xadc_wiz_0/inst/AXI_XADC_CORE_I/Inst_drp_arbiter/do_A_reg_reg[4]/CLR
                            (recovery check against rising-edge clock clk_out1_user_35t_clk_wiz_0_0  {rise@0.000ns fall@5.000ns period=10.000ns})
  Path Group:             **async_default**
  Path Type:              Recovery (Max at Slow Process Corner)
  Requirement:            10.000ns  (clk_out1_user_35t_clk_wiz_0_0 rise@10.000ns - clk_out1_user_35t_clk_wiz_0_0 rise@0.000ns)
  Data Path Delay:        3.899ns  (logic 0.718ns (18.413%)  route 3.181ns (81.587%))
  Logic Levels:           1  (LUT3=1)
  Clock Path Skew:        -0.302ns (DCD - SCD + CPR)
    Destination Clock Delay (DCD):    1.430ns = ( 11.430 - 10.000 ) 
    Source Clock Delay      (SCD):    1.738ns
    Clock Pessimism Removal (CPR):    0.007ns
  Clock Uncertainty:      0.243ns  ((TSJ^2 + DJ^2)^1/2) / 2 + PE
    Total System Jitter     (TSJ):    0.071ns
    Discrete Jitter          (DJ):    0.480ns
    Phase Error              (PE):    0.000ns

    Location             Delay type                Incr(ns)  Path(ns)    Netlist Resource(s)
  -------------------------------------------------------------------    -------------------
                         (clock clk_out1_user_35t_clk_wiz_0_0 rise edge)
                                                      0.000     0.000 r  
    BUFGCTRL_X0Y4        BUFG                         0.000     0.000 r  sys_clock_IBUF_BUFG_inst/O
                         net (fo=38, routed)          1.575     1.575    user_35t_i/clk_wiz_0/inst/clk_in1
    MMCME2_ADV_X1Y0      MMCME2_ADV (Prop_mmcme2_adv_CLKIN1_CLKOUT0)
                                                     -3.333    -1.757 r  user_35t_i/clk_wiz_0/inst/mmcm_adv_inst/CLKOUT0
                         net (fo=1, routed)           1.661    -0.096    user_35t_i/clk_wiz_0/inst/clk_out1_user_35t_clk_wiz_0_0
    BUFGCTRL_X0Y0        BUFG (Prop_bufg_I_O)         0.096    -0.000 r  user_35t_i/clk_wiz_0/inst/clkout1_buf/O
                         net (fo=26831, routed)       1.738     1.738    user_35t_i/xadc_wiz_0/inst/SOFT_RESET_I/s_axi_aclk
    SLICE_X27Y104        FDRE                                         r  user_35t_i/xadc_wiz_0/inst/SOFT_RESET_I/RESET_FLOPS[15].RST_FLOPS/C
  -------------------------------------------------------------------    -------------------
    SLICE_X27Y104        FDRE (Prop_fdre_C_Q)         0.419     2.157 f  user_35t_i/xadc_wiz_0/inst/SOFT_RESET_I/RESET_FLOPS[15].RST_FLOPS/Q
                         net (fo=5, routed)           0.851     3.008    user_35t_i/xadc_wiz_0/inst/AXI_XADC_CORE_I/Inst_drp_arbiter/FSM_sequential_state_reg[1]_0
    SLICE_X26Y103        LUT3 (Prop_lut3_I2_O)        0.299     3.307 f  user_35t_i/xadc_wiz_0/inst/AXI_XADC_CORE_I/Inst_drp_arbiter/FIFO18E1_inst_data_i_2/O
                         net (fo=106, routed)         2.331     5.638    user_35t_i/xadc_wiz_0/inst/AXI_XADC_CORE_I/Inst_drp_arbiter/AR[0]
    SLICE_X30Y85         FDCE                                         f  user_35t_i/xadc_wiz_0/inst/AXI_XADC_CORE_I/Inst_drp_arbiter/do_A_reg_reg[4]/CLR
  -------------------------------------------------------------------    -------------------

                         (clock clk_out1_user_35t_clk_wiz_0_0 rise edge)
                                                     10.000    10.000 r  
    BUFGCTRL_X0Y4        BUFG                         0.000    10.000 r  sys_clock_IBUF_BUFG_inst/O
                         net (fo=38, routed)          1.457    11.457    user_35t_i/clk_wiz_0/inst/clk_in1
    MMCME2_ADV_X1Y0      MMCME2_ADV (Prop_mmcme2_adv_CLKIN1_CLKOUT0)
                                                     -3.129     8.328 r  user_35t_i/clk_wiz_0/inst/mmcm_adv_inst/CLKOUT0
                         net (fo=1, routed)           1.581     9.909    user_35t_i/clk_wiz_0/inst/clk_out1_user_35t_clk_wiz_0_0
    BUFGCTRL_X0Y0        BUFG (Prop_bufg_I_O)         0.091    10.000 r  user_35t_i/clk_wiz_0/inst/clkout1_buf/O
                         net (fo=26831, routed)       1.430    11.430    user_35t_i/xadc_wiz_0/inst/AXI_XADC_CORE_I/Inst_drp_arbiter/s_axi_aclk
    SLICE_X30Y85         FDCE                                         r  user_35t_i/xadc_wiz_0/inst/AXI_XADC_CORE_I/Inst_drp_arbiter/do_A_reg_reg[4]/C
                         clock pessimism              0.007    11.437    
                         clock uncertainty           -0.243    11.194    
    SLICE_X30Y85         FDCE (Recov_fdce_C_CLR)     -0.319    10.875    user_35t_i/xadc_wiz_0/inst/AXI_XADC_CORE_I/Inst_drp_arbiter/do_A_reg_reg[4]
  -------------------------------------------------------------------
                         required time                         10.875    
                         arrival time                          -5.638    
  -------------------------------------------------------------------
                         slack                                  5.237    

Slack (MET) :             5.237ns  (required time - arrival time)
  Source:                 user_35t_i/xadc_wiz_0/inst/SOFT_RESET_I/RESET_FLOPS[15].RST_FLOPS/C
                            (rising edge-triggered cell FDRE clocked by clk_out1_user_35t_clk_wiz_0_0  {rise@0.000ns fall@5.000ns period=10.000ns})
  Destination:            user_35t_i/xadc_wiz_0/inst/AXI_XADC_CORE_I/Inst_drp_arbiter/do_A_reg_reg[8]/CLR
                            (recovery check against rising-edge clock clk_out1_user_35t_clk_wiz_0_0  {rise@0.000ns fall@5.000ns period=10.000ns})
  Path Group:             **async_default**
  Path Type:              Recovery (Max at Slow Process Corner)
  Requirement:            10.000ns  (clk_out1_user_35t_clk_wiz_0_0 rise@10.000ns - clk_out1_user_35t_clk_wiz_0_0 rise@0.000ns)
  Data Path Delay:        3.899ns  (logic 0.718ns (18.413%)  route 3.181ns (81.587%))
  Logic Levels:           1  (LUT3=1)
  Clock Path Skew:        -0.302ns (DCD - SCD + CPR)
    Destination Clock Delay (DCD):    1.430ns = ( 11.430 - 10.000 ) 
    Source Clock Delay      (SCD):    1.738ns
    Clock Pessimism Removal (CPR):    0.007ns
  Clock Uncertainty:      0.243ns  ((TSJ^2 + DJ^2)^1/2) / 2 + PE
    Total System Jitter     (TSJ):    0.071ns
    Discrete Jitter          (DJ):    0.480ns
    Phase Error              (PE):    0.000ns

    Location             Delay type                Incr(ns)  Path(ns)    Netlist Resource(s)
  -------------------------------------------------------------------    -------------------
                         (clock clk_out1_user_35t_clk_wiz_0_0 rise edge)
                                                      0.000     0.000 r  
    BUFGCTRL_X0Y4        BUFG                         0.000     0.000 r  sys_clock_IBUF_BUFG_inst/O
                         net (fo=38, routed)          1.575     1.575    user_35t_i/clk_wiz_0/inst/clk_in1
    MMCME2_ADV_X1Y0      MMCME2_ADV (Prop_mmcme2_adv_CLKIN1_CLKOUT0)
                                                     -3.333    -1.757 r  user_35t_i/clk_wiz_0/inst/mmcm_adv_inst/CLKOUT0
                         net (fo=1, routed)           1.661    -0.096    user_35t_i/clk_wiz_0/inst/clk_out1_user_35t_clk_wiz_0_0
    BUFGCTRL_X0Y0        BUFG (Prop_bufg_I_O)         0.096    -0.000 r  user_35t_i/clk_wiz_0/inst/clkout1_buf/O
                         net (fo=26831, routed)       1.738     1.738    user_35t_i/xadc_wiz_0/inst/SOFT_RESET_I/s_axi_aclk
    SLICE_X27Y104        FDRE                                         r  user_35t_i/xadc_wiz_0/inst/SOFT_RESET_I/RESET_FLOPS[15].RST_FLOPS/C
  -------------------------------------------------------------------    -------------------
    SLICE_X27Y104        FDRE (Prop_fdre_C_Q)         0.419     2.157 f  user_35t_i/xadc_wiz_0/inst/SOFT_RESET_I/RESET_FLOPS[15].RST_FLOPS/Q
                         net (fo=5, routed)           0.851     3.008    user_35t_i/xadc_wiz_0/inst/AXI_XADC_CORE_I/Inst_drp_arbiter/FSM_sequential_state_reg[1]_0
    SLICE_X26Y103        LUT3 (Prop_lut3_I2_O)        0.299     3.307 f  user_35t_i/xadc_wiz_0/inst/AXI_XADC_CORE_I/Inst_drp_arbiter/FIFO18E1_inst_data_i_2/O
                         net (fo=106, routed)         2.331     5.638    user_35t_i/xadc_wiz_0/inst/AXI_XADC_CORE_I/Inst_drp_arbiter/AR[0]
    SLICE_X30Y85         FDCE                                         f  user_35t_i/xadc_wiz_0/inst/AXI_XADC_CORE_I/Inst_drp_arbiter/do_A_reg_reg[8]/CLR
  -------------------------------------------------------------------    -------------------

                         (clock clk_out1_user_35t_clk_wiz_0_0 rise edge)
                                                     10.000    10.000 r  
    BUFGCTRL_X0Y4        BUFG                         0.000    10.000 r  sys_clock_IBUF_BUFG_inst/O
                         net (fo=38, routed)          1.457    11.457    user_35t_i/clk_wiz_0/inst/clk_in1
    MMCME2_ADV_X1Y0      MMCME2_ADV (Prop_mmcme2_adv_CLKIN1_CLKOUT0)
                                                     -3.129     8.328 r  user_35t_i/clk_wiz_0/inst/mmcm_adv_inst/CLKOUT0
                         net (fo=1, routed)           1.581     9.909    user_35t_i/clk_wiz_0/inst/clk_out1_user_35t_clk_wiz_0_0
    BUFGCTRL_X0Y0        BUFG (Prop_bufg_I_O)         0.091    10.000 r  user_35t_i/clk_wiz_0/inst/clkout1_buf/O
                         net (fo=26831, routed)       1.430    11.430    user_35t_i/xadc_wiz_0/inst/AXI_XADC_CORE_I/Inst_drp_arbiter/s_axi_aclk
    SLICE_X30Y85         FDCE                                         r  user_35t_i/xadc_wiz_0/inst/AXI_XADC_CORE_I/Inst_drp_arbiter/do_A_reg_reg[8]/C
                         clock pessimism              0.007    11.437    
                         clock uncertainty           -0.243    11.194    
    SLICE_X30Y85         FDCE (Recov_fdce_C_CLR)     -0.319    10.875    user_35t_i/xadc_wiz_0/inst/AXI_XADC_CORE_I/Inst_drp_arbiter/do_A_reg_reg[8]
  -------------------------------------------------------------------
                         required time                         10.875    
                         arrival time                          -5.638    
  -------------------------------------------------------------------
                         slack                                  5.237    





Min Delay Paths
--------------------------------------------------------------------------------------
Slack (MET) :             0.382ns  (arrival time - required time)
  Source:                 dbg_hub/inst/BSCANID.u_xsdbm_id/CORE_XSDB.UUT_MASTER/U_ICON_INTERFACE/U_CMD6_WR/U_WR_FIFO/SUBCORE_FIFO.xsdbm_v3_0_0_wrfifo_inst/inst_fifo_gen/gconvfifo.rf/grf.rf/rstblk/ngwrdrst.grst.g7serrst.rst_rd_reg2_reg/C
                            (rising edge-triggered cell FDPE clocked by clk_out1_user_35t_clk_wiz_0_0  {rise@0.000ns fall@5.000ns period=10.000ns})
  Destination:            dbg_hub/inst/BSCANID.u_xsdbm_id/CORE_XSDB.UUT_MASTER/U_ICON_INTERFACE/U_CMD6_WR/U_WR_FIFO/SUBCORE_FIFO.xsdbm_v3_0_0_wrfifo_inst/inst_fifo_gen/gconvfifo.rf/grf.rf/rstblk/ngwrdrst.grst.g7serrst.rd_rst_asreg_reg/PRE
                            (removal check against rising-edge clock clk_out1_user_35t_clk_wiz_0_0  {rise@0.000ns fall@5.000ns period=10.000ns})
  Path Group:             **async_default**
  Path Type:              Removal (Min at Fast Process Corner)
  Requirement:            0.000ns  (clk_out1_user_35t_clk_wiz_0_0 rise@0.000ns - clk_out1_user_35t_clk_wiz_0_0 rise@0.000ns)
  Data Path Delay:        0.247ns  (logic 0.128ns (51.789%)  route 0.119ns (48.211%))
  Logic Levels:           0  
  Clock Path Skew:        0.014ns (DCD - SCD - CPR)
    Destination Clock Delay (DCD):    0.818ns
    Source Clock Delay      (SCD):    0.550ns
    Clock Pessimism Removal (CPR):    0.254ns

    Location             Delay type                Incr(ns)  Path(ns)    Netlist Resource(s)
  -------------------------------------------------------------------    -------------------
                         (clock clk_out1_user_35t_clk_wiz_0_0 rise edge)
                                                      0.000     0.000 r  
    BUFGCTRL_X0Y4        BUFG                         0.000     0.000 r  sys_clock_IBUF_BUFG_inst/O
                         net (fo=38, routed)          0.549     0.549    user_35t_i/clk_wiz_0/inst/clk_in1
    MMCME2_ADV_X1Y0      MMCME2_ADV (Prop_mmcme2_adv_CLKIN1_CLKOUT0)
                                                     -1.061    -0.512 r  user_35t_i/clk_wiz_0/inst/mmcm_adv_inst/CLKOUT0
                         net (fo=1, routed)           0.486    -0.026    user_35t_i/clk_wiz_0/inst/clk_out1_user_35t_clk_wiz_0_0
    BUFGCTRL_X0Y0        BUFG (Prop_bufg_I_O)         0.026     0.000 r  user_35t_i/clk_wiz_0/inst/clkout1_buf/O
                         net (fo=26831, routed)       0.550     0.550    dbg_hub/inst/BSCANID.u_xsdbm_id/CORE_XSDB.UUT_MASTER/U_ICON_INTERFACE/U_CMD6_WR/U_WR_FIFO/SUBCORE_FIFO.xsdbm_v3_0_0_wrfifo_inst/inst_fifo_gen/gconvfifo.rf/grf.rf/rstblk/rd_clk
    SLICE_X29Y25         FDPE                                         r  dbg_hub/inst/BSCANID.u_xsdbm_id/CORE_XSDB.UUT_MASTER/U_ICON_INTERFACE/U_CMD6_WR/U_WR_FIFO/SUBCORE_FIFO.xsdbm_v3_0_0_wrfifo_inst/inst_fifo_gen/gconvfifo.rf/grf.rf/rstblk/ngwrdrst.grst.g7serrst.rst_rd_reg2_reg/C
  -------------------------------------------------------------------    -------------------
    SLICE_X29Y25         FDPE (Prop_fdpe_C_Q)         0.128     0.678 f  dbg_hub/inst/BSCANID.u_xsdbm_id/CORE_XSDB.UUT_MASTER/U_ICON_INTERFACE/U_CMD6_WR/U_WR_FIFO/SUBCORE_FIFO.xsdbm_v3_0_0_wrfifo_inst/inst_fifo_gen/gconvfifo.rf/grf.rf/rstblk/ngwrdrst.grst.g7serrst.rst_rd_reg2_reg/Q
                         net (fo=1, routed)           0.119     0.797    dbg_hub/inst/BSCANID.u_xsdbm_id/CORE_XSDB.UUT_MASTER/U_ICON_INTERFACE/U_CMD6_WR/U_WR_FIFO/SUBCORE_FIFO.xsdbm_v3_0_0_wrfifo_inst/inst_fifo_gen/gconvfifo.rf/grf.rf/rstblk/rst_rd_reg2
    SLICE_X29Y26         FDPE                                         f  dbg_hub/inst/BSCANID.u_xsdbm_id/CORE_XSDB.UUT_MASTER/U_ICON_INTERFACE/U_CMD6_WR/U_WR_FIFO/SUBCORE_FIFO.xsdbm_v3_0_0_wrfifo_inst/inst_fifo_gen/gconvfifo.rf/grf.rf/rstblk/ngwrdrst.grst.g7serrst.rd_rst_asreg_reg/PRE
  -------------------------------------------------------------------    -------------------

                         (clock clk_out1_user_35t_clk_wiz_0_0 rise edge)
                                                      0.000     0.000 r  
    BUFGCTRL_X0Y4        BUFG                         0.000     0.000 r  sys_clock_IBUF_BUFG_inst/O
                         net (fo=38, routed)          0.817     0.817    user_35t_i/clk_wiz_0/inst/clk_in1
    MMCME2_ADV_X1Y0      MMCME2_ADV (Prop_mmcme2_adv_CLKIN1_CLKOUT0)
                                                     -1.375    -0.559 r  user_35t_i/clk_wiz_0/inst/mmcm_adv_inst/CLKOUT0
                         net (fo=1, routed)           0.530    -0.029    user_35t_i/clk_wiz_0/inst/clk_out1_user_35t_clk_wiz_0_0
    BUFGCTRL_X0Y0        BUFG (Prop_bufg_I_O)         0.029     0.000 r  user_35t_i/clk_wiz_0/inst/clkout1_buf/O
                         net (fo=26831, routed)       0.818     0.818    dbg_hub/inst/BSCANID.u_xsdbm_id/CORE_XSDB.UUT_MASTER/U_ICON_INTERFACE/U_CMD6_WR/U_WR_FIFO/SUBCORE_FIFO.xsdbm_v3_0_0_wrfifo_inst/inst_fifo_gen/gconvfifo.rf/grf.rf/rstblk/rd_clk
    SLICE_X29Y26         FDPE                                         r  dbg_hub/inst/BSCANID.u_xsdbm_id/CORE_XSDB.UUT_MASTER/U_ICON_INTERFACE/U_CMD6_WR/U_WR_FIFO/SUBCORE_FIFO.xsdbm_v3_0_0_wrfifo_inst/inst_fifo_gen/gconvfifo.rf/grf.rf/rstblk/ngwrdrst.grst.g7serrst.rd_rst_asreg_reg/C
                         clock pessimism             -0.254     0.564    
    SLICE_X29Y26         FDPE (Remov_fdpe_C_PRE)     -0.149     0.415    dbg_hub/inst/BSCANID.u_xsdbm_id/CORE_XSDB.UUT_MASTER/U_ICON_INTERFACE/U_CMD6_WR/U_WR_FIFO/SUBCORE_FIFO.xsdbm_v3_0_0_wrfifo_inst/inst_fifo_gen/gconvfifo.rf/grf.rf/rstblk/ngwrdrst.grst.g7serrst.rd_rst_asreg_reg
  -------------------------------------------------------------------
                         required time                         -0.415    
                         arrival time                           0.797    
  -------------------------------------------------------------------
                         slack                                  0.382    

Slack (MET) :             0.395ns  (arrival time - required time)
  Source:                 dbg_hub/inst/BSCANID.u_xsdbm_id/CORE_XSDB.UUT_MASTER/U_XSDB_BUS_CONTROLLER/clr_rd_req_reg/C
                            (rising edge-triggered cell FDCE clocked by clk_out1_user_35t_clk_wiz_0_0  {rise@0.000ns fall@5.000ns period=10.000ns})
  Destination:            dbg_hub/inst/BSCANID.u_xsdbm_id/CORE_XSDB.UUT_MASTER/U_XSDB_BUS_CONTROLLER/U_RD_REQ_FLAG/G_POS_EDGE.flag_reg/CLR
                            (removal check against rising-edge clock clk_out1_user_35t_clk_wiz_0_0  {rise@0.000ns fall@5.000ns period=10.000ns})
  Path Group:             **async_default**
  Path Type:              Removal (Min at Fast Process Corner)
  Requirement:            0.000ns  (clk_out1_user_35t_clk_wiz_0_0 rise@0.000ns - clk_out1_user_35t_clk_wiz_0_0 rise@0.000ns)
  Data Path Delay:        0.337ns  (logic 0.141ns (41.888%)  route 0.196ns (58.112%))
  Logic Levels:           0  
  Clock Path Skew:        0.034ns (DCD - SCD - CPR)
    Destination Clock Delay (DCD):    0.819ns
    Source Clock Delay      (SCD):    0.551ns
    Clock Pessimism Removal (CPR):    0.234ns

    Location             Delay type                Incr(ns)  Path(ns)    Netlist Resource(s)
  -------------------------------------------------------------------    -------------------
                         (clock clk_out1_user_35t_clk_wiz_0_0 rise edge)
                                                      0.000     0.000 r  
    BUFGCTRL_X0Y4        BUFG                         0.000     0.000 r  sys_clock_IBUF_BUFG_inst/O
                         net (fo=38, routed)          0.549     0.549    user_35t_i/clk_wiz_0/inst/clk_in1
    MMCME2_ADV_X1Y0      MMCME2_ADV (Prop_mmcme2_adv_CLKIN1_CLKOUT0)
                                                     -1.061    -0.512 r  user_35t_i/clk_wiz_0/inst/mmcm_adv_inst/CLKOUT0
                         net (fo=1, routed)           0.486    -0.026    user_35t_i/clk_wiz_0/inst/clk_out1_user_35t_clk_wiz_0_0
    BUFGCTRL_X0Y0        BUFG (Prop_bufg_I_O)         0.026     0.000 r  user_35t_i/clk_wiz_0/inst/clkout1_buf/O
                         net (fo=26831, routed)       0.551     0.551    dbg_hub/inst/BSCANID.u_xsdbm_id/CORE_XSDB.UUT_MASTER/U_XSDB_BUS_CONTROLLER/clk
    SLICE_X43Y26         FDCE                                         r  dbg_hub/inst/BSCANID.u_xsdbm_id/CORE_XSDB.UUT_MASTER/U_XSDB_BUS_CONTROLLER/clr_rd_req_reg/C
  -------------------------------------------------------------------    -------------------
    SLICE_X43Y26         FDCE (Prop_fdce_C_Q)         0.141     0.692 f  dbg_hub/inst/BSCANID.u_xsdbm_id/CORE_XSDB.UUT_MASTER/U_XSDB_BUS_CONTROLLER/clr_rd_req_reg/Q
                         net (fo=2, routed)           0.196     0.887    dbg_hub/inst/BSCANID.u_xsdbm_id/CORE_XSDB.UUT_MASTER/U_XSDB_BUS_CONTROLLER/U_RD_REQ_FLAG/clr_rd_req
    SLICE_X44Y26         FDCE                                         f  dbg_hub/inst/BSCANID.u_xsdbm_id/CORE_XSDB.UUT_MASTER/U_XSDB_BUS_CONTROLLER/U_RD_REQ_FLAG/G_POS_EDGE.flag_reg/CLR
  -------------------------------------------------------------------    -------------------

                         (clock clk_out1_user_35t_clk_wiz_0_0 rise edge)
                                                      0.000     0.000 r  
    BUFGCTRL_X0Y4        BUFG                         0.000     0.000 r  sys_clock_IBUF_BUFG_inst/O
                         net (fo=38, routed)          0.817     0.817    user_35t_i/clk_wiz_0/inst/clk_in1
    MMCME2_ADV_X1Y0      MMCME2_ADV (Prop_mmcme2_adv_CLKIN1_CLKOUT0)
                                                     -1.375    -0.559 r  user_35t_i/clk_wiz_0/inst/mmcm_adv_inst/CLKOUT0
                         net (fo=1, routed)           0.530    -0.029    user_35t_i/clk_wiz_0/inst/clk_out1_user_35t_clk_wiz_0_0
    BUFGCTRL_X0Y0        BUFG (Prop_bufg_I_O)         0.029     0.000 r  user_35t_i/clk_wiz_0/inst/clkout1_buf/O
                         net (fo=26831, routed)       0.819     0.819    dbg_hub/inst/BSCANID.u_xsdbm_id/CORE_XSDB.UUT_MASTER/U_XSDB_BUS_CONTROLLER/U_RD_REQ_FLAG/clk
    SLICE_X44Y26         FDCE                                         r  dbg_hub/inst/BSCANID.u_xsdbm_id/CORE_XSDB.UUT_MASTER/U_XSDB_BUS_CONTROLLER/U_RD_REQ_FLAG/G_POS_EDGE.flag_reg/C
                         clock pessimism             -0.234     0.585    
    SLICE_X44Y26         FDCE (Remov_fdce_C_CLR)     -0.092     0.493    dbg_hub/inst/BSCANID.u_xsdbm_id/CORE_XSDB.UUT_MASTER/U_XSDB_BUS_CONTROLLER/U_RD_REQ_FLAG/G_POS_EDGE.flag_reg
  -------------------------------------------------------------------
                         required time                         -0.493    
                         arrival time                           0.887    
  -------------------------------------------------------------------
                         slack                                  0.395    

Slack (MET) :             0.396ns  (arrival time - required time)
  Source:                 dbg_hub/inst/BSCANID.u_xsdbm_id/CORE_XSDB.UUT_MASTER/U_ICON_INTERFACE/U_CMD6_WR/U_WR_FIFO/SUBCORE_FIFO.xsdbm_v3_0_0_wrfifo_inst/inst_fifo_gen/gconvfifo.rf/grf.rf/rstblk/ngwrdrst.grst.g7serrst.rd_rst_reg_reg[2]/C
                            (rising edge-triggered cell FDPE clocked by clk_out1_user_35t_clk_wiz_0_0  {rise@0.000ns fall@5.000ns period=10.000ns})
  Destination:            dbg_hub/inst/BSCANID.u_xsdbm_id/CORE_XSDB.UUT_MASTER/U_ICON_INTERFACE/U_CMD6_WR/U_WR_FIFO/SUBCORE_FIFO.xsdbm_v3_0_0_wrfifo_inst/inst_fifo_gen/gconvfifo.rf/grf.rf/gntv_or_sync_fifo.gl0.rd/rpntr/gc0.count_d1_reg[2]/CLR
                            (removal check against rising-edge clock clk_out1_user_35t_clk_wiz_0_0  {rise@0.000ns fall@5.000ns period=10.000ns})
  Path Group:             **async_default**
  Path Type:              Removal (Min at Fast Process Corner)
  Requirement:            0.000ns  (clk_out1_user_35t_clk_wiz_0_0 rise@0.000ns - clk_out1_user_35t_clk_wiz_0_0 rise@0.000ns)
  Data Path Delay:        0.337ns  (logic 0.141ns (41.879%)  route 0.196ns (58.121%))
  Logic Levels:           0  
  Clock Path Skew:        0.033ns (DCD - SCD - CPR)
    Destination Clock Delay (DCD):    0.820ns
    Source Clock Delay      (SCD):    0.553ns
    Clock Pessimism Removal (CPR):    0.234ns

    Location             Delay type                Incr(ns)  Path(ns)    Netlist Resource(s)
  -------------------------------------------------------------------    -------------------
                         (clock clk_out1_user_35t_clk_wiz_0_0 rise edge)
                                                      0.000     0.000 r  
    BUFGCTRL_X0Y4        BUFG                         0.000     0.000 r  sys_clock_IBUF_BUFG_inst/O
                         net (fo=38, routed)          0.549     0.549    user_35t_i/clk_wiz_0/inst/clk_in1
    MMCME2_ADV_X1Y0      MMCME2_ADV (Prop_mmcme2_adv_CLKIN1_CLKOUT0)
                                                     -1.061    -0.512 r  user_35t_i/clk_wiz_0/inst/mmcm_adv_inst/CLKOUT0
                         net (fo=1, routed)           0.486    -0.026    user_35t_i/clk_wiz_0/inst/clk_out1_user_35t_clk_wiz_0_0
    BUFGCTRL_X0Y0        BUFG (Prop_bufg_I_O)         0.026     0.000 r  user_35t_i/clk_wiz_0/inst/clkout1_buf/O
                         net (fo=26831, routed)       0.553     0.553    dbg_hub/inst/BSCANID.u_xsdbm_id/CORE_XSDB.UUT_MASTER/U_ICON_INTERFACE/U_CMD6_WR/U_WR_FIFO/SUBCORE_FIFO.xsdbm_v3_0_0_wrfifo_inst/inst_fifo_gen/gconvfifo.rf/grf.rf/rstblk/rd_clk
    SLICE_X29Y27         FDPE                                         r  dbg_hub/inst/BSCANID.u_xsdbm_id/CORE_XSDB.UUT_MASTER/U_ICON_INTERFACE/U_CMD6_WR/U_WR_FIFO/SUBCORE_FIFO.xsdbm_v3_0_0_wrfifo_inst/inst_fifo_gen/gconvfifo.rf/grf.rf/rstblk/ngwrdrst.grst.g7serrst.rd_rst_reg_reg[2]/C
  -------------------------------------------------------------------    -------------------
    SLICE_X29Y27         FDPE (Prop_fdpe_C_Q)         0.141     0.694 f  dbg_hub/inst/BSCANID.u_xsdbm_id/CORE_XSDB.UUT_MASTER/U_ICON_INTERFACE/U_CMD6_WR/U_WR_FIFO/SUBCORE_FIFO.xsdbm_v3_0_0_wrfifo_inst/inst_fifo_gen/gconvfifo.rf/grf.rf/rstblk/ngwrdrst.grst.g7serrst.rd_rst_reg_reg[2]/Q
                         net (fo=10, routed)          0.196     0.889    dbg_hub/inst/BSCANID.u_xsdbm_id/CORE_XSDB.UUT_MASTER/U_ICON_INTERFACE/U_CMD6_WR/U_WR_FIFO/SUBCORE_FIFO.xsdbm_v3_0_0_wrfifo_inst/inst_fifo_gen/gconvfifo.rf/grf.rf/gntv_or_sync_fifo.gl0.rd/rpntr/AR[0]
    SLICE_X33Y28         FDCE                                         f  dbg_hub/inst/BSCANID.u_xsdbm_id/CORE_XSDB.UUT_MASTER/U_ICON_INTERFACE/U_CMD6_WR/U_WR_FIFO/SUBCORE_FIFO.xsdbm_v3_0_0_wrfifo_inst/inst_fifo_gen/gconvfifo.rf/grf.rf/gntv_or_sync_fifo.gl0.rd/rpntr/gc0.count_d1_reg[2]/CLR
  -------------------------------------------------------------------    -------------------

                         (clock clk_out1_user_35t_clk_wiz_0_0 rise edge)
                                                      0.000     0.000 r  
    BUFGCTRL_X0Y4        BUFG                         0.000     0.000 r  sys_clock_IBUF_BUFG_inst/O
                         net (fo=38, routed)          0.817     0.817    user_35t_i/clk_wiz_0/inst/clk_in1
    MMCME2_ADV_X1Y0      MMCME2_ADV (Prop_mmcme2_adv_CLKIN1_CLKOUT0)
                                                     -1.375    -0.559 r  user_35t_i/clk_wiz_0/inst/mmcm_adv_inst/CLKOUT0
                         net (fo=1, routed)           0.530    -0.029    user_35t_i/clk_wiz_0/inst/clk_out1_user_35t_clk_wiz_0_0
    BUFGCTRL_X0Y0        BUFG (Prop_bufg_I_O)         0.029     0.000 r  user_35t_i/clk_wiz_0/inst/clkout1_buf/O
                         net (fo=26831, routed)       0.820     0.820    dbg_hub/inst/BSCANID.u_xsdbm_id/CORE_XSDB.UUT_MASTER/U_ICON_INTERFACE/U_CMD6_WR/U_WR_FIFO/SUBCORE_FIFO.xsdbm_v3_0_0_wrfifo_inst/inst_fifo_gen/gconvfifo.rf/grf.rf/gntv_or_sync_fifo.gl0.rd/rpntr/rd_clk
    SLICE_X33Y28         FDCE                                         r  dbg_hub/inst/BSCANID.u_xsdbm_id/CORE_XSDB.UUT_MASTER/U_ICON_INTERFACE/U_CMD6_WR/U_WR_FIFO/SUBCORE_FIFO.xsdbm_v3_0_0_wrfifo_inst/inst_fifo_gen/gconvfifo.rf/grf.rf/gntv_or_sync_fifo.gl0.rd/rpntr/gc0.count_d1_reg[2]/C
                         clock pessimism             -0.234     0.586    
    SLICE_X33Y28         FDCE (Remov_fdce_C_CLR)     -0.092     0.494    dbg_hub/inst/BSCANID.u_xsdbm_id/CORE_XSDB.UUT_MASTER/U_ICON_INTERFACE/U_CMD6_WR/U_WR_FIFO/SUBCORE_FIFO.xsdbm_v3_0_0_wrfifo_inst/inst_fifo_gen/gconvfifo.rf/grf.rf/gntv_or_sync_fifo.gl0.rd/rpntr/gc0.count_d1_reg[2]
  -------------------------------------------------------------------
                         required time                         -0.494    
                         arrival time                           0.889    
  -------------------------------------------------------------------
                         slack                                  0.396    

Slack (MET) :             0.396ns  (arrival time - required time)
  Source:                 dbg_hub/inst/BSCANID.u_xsdbm_id/CORE_XSDB.UUT_MASTER/U_ICON_INTERFACE/U_CMD6_WR/U_WR_FIFO/SUBCORE_FIFO.xsdbm_v3_0_0_wrfifo_inst/inst_fifo_gen/gconvfifo.rf/grf.rf/rstblk/ngwrdrst.grst.g7serrst.rd_rst_reg_reg[2]/C
                            (rising edge-triggered cell FDPE clocked by clk_out1_user_35t_clk_wiz_0_0  {rise@0.000ns fall@5.000ns period=10.000ns})
  Destination:            dbg_hub/inst/BSCANID.u_xsdbm_id/CORE_XSDB.UUT_MASTER/U_ICON_INTERFACE/U_CMD6_WR/U_WR_FIFO/SUBCORE_FIFO.xsdbm_v3_0_0_wrfifo_inst/inst_fifo_gen/gconvfifo.rf/grf.rf/gntv_or_sync_fifo.gl0.rd/rpntr/gc0.count_d1_reg[3]/CLR
                            (removal check against rising-edge clock clk_out1_user_35t_clk_wiz_0_0  {rise@0.000ns fall@5.000ns period=10.000ns})
  Path Group:             **async_default**
  Path Type:              Removal (Min at Fast Process Corner)
  Requirement:            0.000ns  (clk_out1_user_35t_clk_wiz_0_0 rise@0.000ns - clk_out1_user_35t_clk_wiz_0_0 rise@0.000ns)
  Data Path Delay:        0.337ns  (logic 0.141ns (41.879%)  route 0.196ns (58.121%))
  Logic Levels:           0  
  Clock Path Skew:        0.033ns (DCD - SCD - CPR)
    Destination Clock Delay (DCD):    0.820ns
    Source Clock Delay      (SCD):    0.553ns
    Clock Pessimism Removal (CPR):    0.234ns

    Location             Delay type                Incr(ns)  Path(ns)    Netlist Resource(s)
  -------------------------------------------------------------------    -------------------
                         (clock clk_out1_user_35t_clk_wiz_0_0 rise edge)
                                                      0.000     0.000 r  
    BUFGCTRL_X0Y4        BUFG                         0.000     0.000 r  sys_clock_IBUF_BUFG_inst/O
                         net (fo=38, routed)          0.549     0.549    user_35t_i/clk_wiz_0/inst/clk_in1
    MMCME2_ADV_X1Y0      MMCME2_ADV (Prop_mmcme2_adv_CLKIN1_CLKOUT0)
                                                     -1.061    -0.512 r  user_35t_i/clk_wiz_0/inst/mmcm_adv_inst/CLKOUT0
                         net (fo=1, routed)           0.486    -0.026    user_35t_i/clk_wiz_0/inst/clk_out1_user_35t_clk_wiz_0_0
    BUFGCTRL_X0Y0        BUFG (Prop_bufg_I_O)         0.026     0.000 r  user_35t_i/clk_wiz_0/inst/clkout1_buf/O
                         net (fo=26831, routed)       0.553     0.553    dbg_hub/inst/BSCANID.u_xsdbm_id/CORE_XSDB.UUT_MASTER/U_ICON_INTERFACE/U_CMD6_WR/U_WR_FIFO/SUBCORE_FIFO.xsdbm_v3_0_0_wrfifo_inst/inst_fifo_gen/gconvfifo.rf/grf.rf/rstblk/rd_clk
    SLICE_X29Y27         FDPE                                         r  dbg_hub/inst/BSCANID.u_xsdbm_id/CORE_XSDB.UUT_MASTER/U_ICON_INTERFACE/U_CMD6_WR/U_WR_FIFO/SUBCORE_FIFO.xsdbm_v3_0_0_wrfifo_inst/inst_fifo_gen/gconvfifo.rf/grf.rf/rstblk/ngwrdrst.grst.g7serrst.rd_rst_reg_reg[2]/C
  -------------------------------------------------------------------    -------------------
    SLICE_X29Y27         FDPE (Prop_fdpe_C_Q)         0.141     0.694 f  dbg_hub/inst/BSCANID.u_xsdbm_id/CORE_XSDB.UUT_MASTER/U_ICON_INTERFACE/U_CMD6_WR/U_WR_FIFO/SUBCORE_FIFO.xsdbm_v3_0_0_wrfifo_inst/inst_fifo_gen/gconvfifo.rf/grf.rf/rstblk/ngwrdrst.grst.g7serrst.rd_rst_reg_reg[2]/Q
                         net (fo=10, routed)          0.196     0.889    dbg_hub/inst/BSCANID.u_xsdbm_id/CORE_XSDB.UUT_MASTER/U_ICON_INTERFACE/U_CMD6_WR/U_WR_FIFO/SUBCORE_FIFO.xsdbm_v3_0_0_wrfifo_inst/inst_fifo_gen/gconvfifo.rf/grf.rf/gntv_or_sync_fifo.gl0.rd/rpntr/AR[0]
    SLICE_X33Y28         FDCE                                         f  dbg_hub/inst/BSCANID.u_xsdbm_id/CORE_XSDB.UUT_MASTER/U_ICON_INTERFACE/U_CMD6_WR/U_WR_FIFO/SUBCORE_FIFO.xsdbm_v3_0_0_wrfifo_inst/inst_fifo_gen/gconvfifo.rf/grf.rf/gntv_or_sync_fifo.gl0.rd/rpntr/gc0.count_d1_reg[3]/CLR
  -------------------------------------------------------------------    -------------------

                         (clock clk_out1_user_35t_clk_wiz_0_0 rise edge)
                                                      0.000     0.000 r  
    BUFGCTRL_X0Y4        BUFG                         0.000     0.000 r  sys_clock_IBUF_BUFG_inst/O
                         net (fo=38, routed)          0.817     0.817    user_35t_i/clk_wiz_0/inst/clk_in1
    MMCME2_ADV_X1Y0      MMCME2_ADV (Prop_mmcme2_adv_CLKIN1_CLKOUT0)
                                                     -1.375    -0.559 r  user_35t_i/clk_wiz_0/inst/mmcm_adv_inst/CLKOUT0
                         net (fo=1, routed)           0.530    -0.029    user_35t_i/clk_wiz_0/inst/clk_out1_user_35t_clk_wiz_0_0
    BUFGCTRL_X0Y0        BUFG (Prop_bufg_I_O)         0.029     0.000 r  user_35t_i/clk_wiz_0/inst/clkout1_buf/O
                         net (fo=26831, routed)       0.820     0.820    dbg_hub/inst/BSCANID.u_xsdbm_id/CORE_XSDB.UUT_MASTER/U_ICON_INTERFACE/U_CMD6_WR/U_WR_FIFO/SUBCORE_FIFO.xsdbm_v3_0_0_wrfifo_inst/inst_fifo_gen/gconvfifo.rf/grf.rf/gntv_or_sync_fifo.gl0.rd/rpntr/rd_clk
    SLICE_X33Y28         FDCE                                         r  dbg_hub/inst/BSCANID.u_xsdbm_id/CORE_XSDB.UUT_MASTER/U_ICON_INTERFACE/U_CMD6_WR/U_WR_FIFO/SUBCORE_FIFO.xsdbm_v3_0_0_wrfifo_inst/inst_fifo_gen/gconvfifo.rf/grf.rf/gntv_or_sync_fifo.gl0.rd/rpntr/gc0.count_d1_reg[3]/C
                         clock pessimism             -0.234     0.586    
    SLICE_X33Y28         FDCE (Remov_fdce_C_CLR)     -0.092     0.494    dbg_hub/inst/BSCANID.u_xsdbm_id/CORE_XSDB.UUT_MASTER/U_ICON_INTERFACE/U_CMD6_WR/U_WR_FIFO/SUBCORE_FIFO.xsdbm_v3_0_0_wrfifo_inst/inst_fifo_gen/gconvfifo.rf/grf.rf/gntv_or_sync_fifo.gl0.rd/rpntr/gc0.count_d1_reg[3]
  -------------------------------------------------------------------
                         required time                         -0.494    
                         arrival time                           0.889    
  -------------------------------------------------------------------
                         slack                                  0.396    

Slack (MET) :             0.396ns  (arrival time - required time)
  Source:                 dbg_hub/inst/BSCANID.u_xsdbm_id/CORE_XSDB.UUT_MASTER/U_ICON_INTERFACE/U_CMD6_WR/U_WR_FIFO/SUBCORE_FIFO.xsdbm_v3_0_0_wrfifo_inst/inst_fifo_gen/gconvfifo.rf/grf.rf/rstblk/ngwrdrst.grst.g7serrst.rd_rst_reg_reg[2]/C
                            (rising edge-triggered cell FDPE clocked by clk_out1_user_35t_clk_wiz_0_0  {rise@0.000ns fall@5.000ns period=10.000ns})
  Destination:            dbg_hub/inst/BSCANID.u_xsdbm_id/CORE_XSDB.UUT_MASTER/U_ICON_INTERFACE/U_CMD6_WR/U_WR_FIFO/SUBCORE_FIFO.xsdbm_v3_0_0_wrfifo_inst/inst_fifo_gen/gconvfifo.rf/grf.rf/gntv_or_sync_fifo.gl0.rd/rpntr/gc0.count_reg[1]/CLR
                            (removal check against rising-edge clock clk_out1_user_35t_clk_wiz_0_0  {rise@0.000ns fall@5.000ns period=10.000ns})
  Path Group:             **async_default**
  Path Type:              Removal (Min at Fast Process Corner)
  Requirement:            0.000ns  (clk_out1_user_35t_clk_wiz_0_0 rise@0.000ns - clk_out1_user_35t_clk_wiz_0_0 rise@0.000ns)
  Data Path Delay:        0.337ns  (logic 0.141ns (41.879%)  route 0.196ns (58.121%))
  Logic Levels:           0  
  Clock Path Skew:        0.033ns (DCD - SCD - CPR)
    Destination Clock Delay (DCD):    0.820ns
    Source Clock Delay      (SCD):    0.553ns
    Clock Pessimism Removal (CPR):    0.234ns

    Location             Delay type                Incr(ns)  Path(ns)    Netlist Resource(s)
  -------------------------------------------------------------------    -------------------
                         (clock clk_out1_user_35t_clk_wiz_0_0 rise edge)
                                                      0.000     0.000 r  
    BUFGCTRL_X0Y4        BUFG                         0.000     0.000 r  sys_clock_IBUF_BUFG_inst/O
                         net (fo=38, routed)          0.549     0.549    user_35t_i/clk_wiz_0/inst/clk_in1
    MMCME2_ADV_X1Y0      MMCME2_ADV (Prop_mmcme2_adv_CLKIN1_CLKOUT0)
                                                     -1.061    -0.512 r  user_35t_i/clk_wiz_0/inst/mmcm_adv_inst/CLKOUT0
                         net (fo=1, routed)           0.486    -0.026    user_35t_i/clk_wiz_0/inst/clk_out1_user_35t_clk_wiz_0_0
    BUFGCTRL_X0Y0        BUFG (Prop_bufg_I_O)         0.026     0.000 r  user_35t_i/clk_wiz_0/inst/clkout1_buf/O
                         net (fo=26831, routed)       0.553     0.553    dbg_hub/inst/BSCANID.u_xsdbm_id/CORE_XSDB.UUT_MASTER/U_ICON_INTERFACE/U_CMD6_WR/U_WR_FIFO/SUBCORE_FIFO.xsdbm_v3_0_0_wrfifo_inst/inst_fifo_gen/gconvfifo.rf/grf.rf/rstblk/rd_clk
    SLICE_X29Y27         FDPE                                         r  dbg_hub/inst/BSCANID.u_xsdbm_id/CORE_XSDB.UUT_MASTER/U_ICON_INTERFACE/U_CMD6_WR/U_WR_FIFO/SUBCORE_FIFO.xsdbm_v3_0_0_wrfifo_inst/inst_fifo_gen/gconvfifo.rf/grf.rf/rstblk/ngwrdrst.grst.g7serrst.rd_rst_reg_reg[2]/C
  -------------------------------------------------------------------    -------------------
    SLICE_X29Y27         FDPE (Prop_fdpe_C_Q)         0.141     0.694 f  dbg_hub/inst/BSCANID.u_xsdbm_id/CORE_XSDB.UUT_MASTER/U_ICON_INTERFACE/U_CMD6_WR/U_WR_FIFO/SUBCORE_FIFO.xsdbm_v3_0_0_wrfifo_inst/inst_fifo_gen/gconvfifo.rf/grf.rf/rstblk/ngwrdrst.grst.g7serrst.rd_rst_reg_reg[2]/Q
                         net (fo=10, routed)          0.196     0.889    dbg_hub/inst/BSCANID.u_xsdbm_id/CORE_XSDB.UUT_MASTER/U_ICON_INTERFACE/U_CMD6_WR/U_WR_FIFO/SUBCORE_FIFO.xsdbm_v3_0_0_wrfifo_inst/inst_fifo_gen/gconvfifo.rf/grf.rf/gntv_or_sync_fifo.gl0.rd/rpntr/AR[0]
    SLICE_X33Y28         FDCE                                         f  dbg_hub/inst/BSCANID.u_xsdbm_id/CORE_XSDB.UUT_MASTER/U_ICON_INTERFACE/U_CMD6_WR/U_WR_FIFO/SUBCORE_FIFO.xsdbm_v3_0_0_wrfifo_inst/inst_fifo_gen/gconvfifo.rf/grf.rf/gntv_or_sync_fifo.gl0.rd/rpntr/gc0.count_reg[1]/CLR
  -------------------------------------------------------------------    -------------------

                         (clock clk_out1_user_35t_clk_wiz_0_0 rise edge)
                                                      0.000     0.000 r  
    BUFGCTRL_X0Y4        BUFG                         0.000     0.000 r  sys_clock_IBUF_BUFG_inst/O
                         net (fo=38, routed)          0.817     0.817    user_35t_i/clk_wiz_0/inst/clk_in1
    MMCME2_ADV_X1Y0      MMCME2_ADV (Prop_mmcme2_adv_CLKIN1_CLKOUT0)
                                                     -1.375    -0.559 r  user_35t_i/clk_wiz_0/inst/mmcm_adv_inst/CLKOUT0
                         net (fo=1, routed)           0.530    -0.029    user_35t_i/clk_wiz_0/inst/clk_out1_user_35t_clk_wiz_0_0
    BUFGCTRL_X0Y0        BUFG (Prop_bufg_I_O)         0.029     0.000 r  user_35t_i/clk_wiz_0/inst/clkout1_buf/O
                         net (fo=26831, routed)       0.820     0.820    dbg_hub/inst/BSCANID.u_xsdbm_id/CORE_XSDB.UUT_MASTER/U_ICON_INTERFACE/U_CMD6_WR/U_WR_FIFO/SUBCORE_FIFO.xsdbm_v3_0_0_wrfifo_inst/inst_fifo_gen/gconvfifo.rf/grf.rf/gntv_or_sync_fifo.gl0.rd/rpntr/rd_clk
    SLICE_X33Y28         FDCE                                         r  dbg_hub/inst/BSCANID.u_xsdbm_id/CORE_XSDB.UUT_MASTER/U_ICON_INTERFACE/U_CMD6_WR/U_WR_FIFO/SUBCORE_FIFO.xsdbm_v3_0_0_wrfifo_inst/inst_fifo_gen/gconvfifo.rf/grf.rf/gntv_or_sync_fifo.gl0.rd/rpntr/gc0.count_reg[1]/C
                         clock pessimism             -0.234     0.586    
    SLICE_X33Y28         FDCE (Remov_fdce_C_CLR)     -0.092     0.494    dbg_hub/inst/BSCANID.u_xsdbm_id/CORE_XSDB.UUT_MASTER/U_ICON_INTERFACE/U_CMD6_WR/U_WR_FIFO/SUBCORE_FIFO.xsdbm_v3_0_0_wrfifo_inst/inst_fifo_gen/gconvfifo.rf/grf.rf/gntv_or_sync_fifo.gl0.rd/rpntr/gc0.count_reg[1]
  -------------------------------------------------------------------
                         required time                         -0.494    
                         arrival time                           0.889    
  -------------------------------------------------------------------
                         slack                                  0.396    

Slack (MET) :             0.396ns  (arrival time - required time)
  Source:                 dbg_hub/inst/BSCANID.u_xsdbm_id/CORE_XSDB.UUT_MASTER/U_ICON_INTERFACE/U_CMD6_WR/U_WR_FIFO/SUBCORE_FIFO.xsdbm_v3_0_0_wrfifo_inst/inst_fifo_gen/gconvfifo.rf/grf.rf/rstblk/ngwrdrst.grst.g7serrst.rd_rst_reg_reg[2]/C
                            (rising edge-triggered cell FDPE clocked by clk_out1_user_35t_clk_wiz_0_0  {rise@0.000ns fall@5.000ns period=10.000ns})
  Destination:            dbg_hub/inst/BSCANID.u_xsdbm_id/CORE_XSDB.UUT_MASTER/U_ICON_INTERFACE/U_CMD6_WR/U_WR_FIFO/SUBCORE_FIFO.xsdbm_v3_0_0_wrfifo_inst/inst_fifo_gen/gconvfifo.rf/grf.rf/gntv_or_sync_fifo.gl0.rd/rpntr/gc0.count_reg[2]/CLR
                            (removal check against rising-edge clock clk_out1_user_35t_clk_wiz_0_0  {rise@0.000ns fall@5.000ns period=10.000ns})
  Path Group:             **async_default**
  Path Type:              Removal (Min at Fast Process Corner)
  Requirement:            0.000ns  (clk_out1_user_35t_clk_wiz_0_0 rise@0.000ns - clk_out1_user_35t_clk_wiz_0_0 rise@0.000ns)
  Data Path Delay:        0.337ns  (logic 0.141ns (41.879%)  route 0.196ns (58.121%))
  Logic Levels:           0  
  Clock Path Skew:        0.033ns (DCD - SCD - CPR)
    Destination Clock Delay (DCD):    0.820ns
    Source Clock Delay      (SCD):    0.553ns
    Clock Pessimism Removal (CPR):    0.234ns

    Location             Delay type                Incr(ns)  Path(ns)    Netlist Resource(s)
  -------------------------------------------------------------------    -------------------
                         (clock clk_out1_user_35t_clk_wiz_0_0 rise edge)
                                                      0.000     0.000 r  
    BUFGCTRL_X0Y4        BUFG                         0.000     0.000 r  sys_clock_IBUF_BUFG_inst/O
                         net (fo=38, routed)          0.549     0.549    user_35t_i/clk_wiz_0/inst/clk_in1
    MMCME2_ADV_X1Y0      MMCME2_ADV (Prop_mmcme2_adv_CLKIN1_CLKOUT0)
                                                     -1.061    -0.512 r  user_35t_i/clk_wiz_0/inst/mmcm_adv_inst/CLKOUT0
                         net (fo=1, routed)           0.486    -0.026    user_35t_i/clk_wiz_0/inst/clk_out1_user_35t_clk_wiz_0_0
    BUFGCTRL_X0Y0        BUFG (Prop_bufg_I_O)         0.026     0.000 r  user_35t_i/clk_wiz_0/inst/clkout1_buf/O
                         net (fo=26831, routed)       0.553     0.553    dbg_hub/inst/BSCANID.u_xsdbm_id/CORE_XSDB.UUT_MASTER/U_ICON_INTERFACE/U_CMD6_WR/U_WR_FIFO/SUBCORE_FIFO.xsdbm_v3_0_0_wrfifo_inst/inst_fifo_gen/gconvfifo.rf/grf.rf/rstblk/rd_clk
    SLICE_X29Y27         FDPE                                         r  dbg_hub/inst/BSCANID.u_xsdbm_id/CORE_XSDB.UUT_MASTER/U_ICON_INTERFACE/U_CMD6_WR/U_WR_FIFO/SUBCORE_FIFO.xsdbm_v3_0_0_wrfifo_inst/inst_fifo_gen/gconvfifo.rf/grf.rf/rstblk/ngwrdrst.grst.g7serrst.rd_rst_reg_reg[2]/C
  -------------------------------------------------------------------    -------------------
    SLICE_X29Y27         FDPE (Prop_fdpe_C_Q)         0.141     0.694 f  dbg_hub/inst/BSCANID.u_xsdbm_id/CORE_XSDB.UUT_MASTER/U_ICON_INTERFACE/U_CMD6_WR/U_WR_FIFO/SUBCORE_FIFO.xsdbm_v3_0_0_wrfifo_inst/inst_fifo_gen/gconvfifo.rf/grf.rf/rstblk/ngwrdrst.grst.g7serrst.rd_rst_reg_reg[2]/Q
                         net (fo=10, routed)          0.196     0.889    dbg_hub/inst/BSCANID.u_xsdbm_id/CORE_XSDB.UUT_MASTER/U_ICON_INTERFACE/U_CMD6_WR/U_WR_FIFO/SUBCORE_FIFO.xsdbm_v3_0_0_wrfifo_inst/inst_fifo_gen/gconvfifo.rf/grf.rf/gntv_or_sync_fifo.gl0.rd/rpntr/AR[0]
    SLICE_X33Y28         FDCE                                         f  dbg_hub/inst/BSCANID.u_xsdbm_id/CORE_XSDB.UUT_MASTER/U_ICON_INTERFACE/U_CMD6_WR/U_WR_FIFO/SUBCORE_FIFO.xsdbm_v3_0_0_wrfifo_inst/inst_fifo_gen/gconvfifo.rf/grf.rf/gntv_or_sync_fifo.gl0.rd/rpntr/gc0.count_reg[2]/CLR
  -------------------------------------------------------------------    -------------------

                         (clock clk_out1_user_35t_clk_wiz_0_0 rise edge)
                                                      0.000     0.000 r  
    BUFGCTRL_X0Y4        BUFG                         0.000     0.000 r  sys_clock_IBUF_BUFG_inst/O
                         net (fo=38, routed)          0.817     0.817    user_35t_i/clk_wiz_0/inst/clk_in1
    MMCME2_ADV_X1Y0      MMCME2_ADV (Prop_mmcme2_adv_CLKIN1_CLKOUT0)
                                                     -1.375    -0.559 r  user_35t_i/clk_wiz_0/inst/mmcm_adv_inst/CLKOUT0
                         net (fo=1, routed)           0.530    -0.029    user_35t_i/clk_wiz_0/inst/clk_out1_user_35t_clk_wiz_0_0
    BUFGCTRL_X0Y0        BUFG (Prop_bufg_I_O)         0.029     0.000 r  user_35t_i/clk_wiz_0/inst/clkout1_buf/O
                         net (fo=26831, routed)       0.820     0.820    dbg_hub/inst/BSCANID.u_xsdbm_id/CORE_XSDB.UUT_MASTER/U_ICON_INTERFACE/U_CMD6_WR/U_WR_FIFO/SUBCORE_FIFO.xsdbm_v3_0_0_wrfifo_inst/inst_fifo_gen/gconvfifo.rf/grf.rf/gntv_or_sync_fifo.gl0.rd/rpntr/rd_clk
    SLICE_X33Y28         FDCE                                         r  dbg_hub/inst/BSCANID.u_xsdbm_id/CORE_XSDB.UUT_MASTER/U_ICON_INTERFACE/U_CMD6_WR/U_WR_FIFO/SUBCORE_FIFO.xsdbm_v3_0_0_wrfifo_inst/inst_fifo_gen/gconvfifo.rf/grf.rf/gntv_or_sync_fifo.gl0.rd/rpntr/gc0.count_reg[2]/C
                         clock pessimism             -0.234     0.586    
    SLICE_X33Y28         FDCE (Remov_fdce_C_CLR)     -0.092     0.494    dbg_hub/inst/BSCANID.u_xsdbm_id/CORE_XSDB.UUT_MASTER/U_ICON_INTERFACE/U_CMD6_WR/U_WR_FIFO/SUBCORE_FIFO.xsdbm_v3_0_0_wrfifo_inst/inst_fifo_gen/gconvfifo.rf/grf.rf/gntv_or_sync_fifo.gl0.rd/rpntr/gc0.count_reg[2]
  -------------------------------------------------------------------
                         required time                         -0.494    
                         arrival time                           0.889    
  -------------------------------------------------------------------
                         slack                                  0.396    

Slack (MET) :             0.396ns  (arrival time - required time)
  Source:                 dbg_hub/inst/BSCANID.u_xsdbm_id/CORE_XSDB.UUT_MASTER/U_ICON_INTERFACE/U_CMD6_WR/U_WR_FIFO/SUBCORE_FIFO.xsdbm_v3_0_0_wrfifo_inst/inst_fifo_gen/gconvfifo.rf/grf.rf/rstblk/ngwrdrst.grst.g7serrst.rd_rst_reg_reg[2]/C
                            (rising edge-triggered cell FDPE clocked by clk_out1_user_35t_clk_wiz_0_0  {rise@0.000ns fall@5.000ns period=10.000ns})
  Destination:            dbg_hub/inst/BSCANID.u_xsdbm_id/CORE_XSDB.UUT_MASTER/U_ICON_INTERFACE/U_CMD6_WR/U_WR_FIFO/SUBCORE_FIFO.xsdbm_v3_0_0_wrfifo_inst/inst_fifo_gen/gconvfifo.rf/grf.rf/gntv_or_sync_fifo.gl0.rd/rpntr/gc0.count_reg[3]/CLR
                            (removal check against rising-edge clock clk_out1_user_35t_clk_wiz_0_0  {rise@0.000ns fall@5.000ns period=10.000ns})
  Path Group:             **async_default**
  Path Type:              Removal (Min at Fast Process Corner)
  Requirement:            0.000ns  (clk_out1_user_35t_clk_wiz_0_0 rise@0.000ns - clk_out1_user_35t_clk_wiz_0_0 rise@0.000ns)
  Data Path Delay:        0.337ns  (logic 0.141ns (41.879%)  route 0.196ns (58.121%))
  Logic Levels:           0  
  Clock Path Skew:        0.033ns (DCD - SCD - CPR)
    Destination Clock Delay (DCD):    0.820ns
    Source Clock Delay      (SCD):    0.553ns
    Clock Pessimism Removal (CPR):    0.234ns

    Location             Delay type                Incr(ns)  Path(ns)    Netlist Resource(s)
  -------------------------------------------------------------------    -------------------
                         (clock clk_out1_user_35t_clk_wiz_0_0 rise edge)
                                                      0.000     0.000 r  
    BUFGCTRL_X0Y4        BUFG                         0.000     0.000 r  sys_clock_IBUF_BUFG_inst/O
                         net (fo=38, routed)          0.549     0.549    user_35t_i/clk_wiz_0/inst/clk_in1
    MMCME2_ADV_X1Y0      MMCME2_ADV (Prop_mmcme2_adv_CLKIN1_CLKOUT0)
                                                     -1.061    -0.512 r  user_35t_i/clk_wiz_0/inst/mmcm_adv_inst/CLKOUT0
                         net (fo=1, routed)           0.486    -0.026    user_35t_i/clk_wiz_0/inst/clk_out1_user_35t_clk_wiz_0_0
    BUFGCTRL_X0Y0        BUFG (Prop_bufg_I_O)         0.026     0.000 r  user_35t_i/clk_wiz_0/inst/clkout1_buf/O
                         net (fo=26831, routed)       0.553     0.553    dbg_hub/inst/BSCANID.u_xsdbm_id/CORE_XSDB.UUT_MASTER/U_ICON_INTERFACE/U_CMD6_WR/U_WR_FIFO/SUBCORE_FIFO.xsdbm_v3_0_0_wrfifo_inst/inst_fifo_gen/gconvfifo.rf/grf.rf/rstblk/rd_clk
    SLICE_X29Y27         FDPE                                         r  dbg_hub/inst/BSCANID.u_xsdbm_id/CORE_XSDB.UUT_MASTER/U_ICON_INTERFACE/U_CMD6_WR/U_WR_FIFO/SUBCORE_FIFO.xsdbm_v3_0_0_wrfifo_inst/inst_fifo_gen/gconvfifo.rf/grf.rf/rstblk/ngwrdrst.grst.g7serrst.rd_rst_reg_reg[2]/C
  -------------------------------------------------------------------    -------------------
    SLICE_X29Y27         FDPE (Prop_fdpe_C_Q)         0.141     0.694 f  dbg_hub/inst/BSCANID.u_xsdbm_id/CORE_XSDB.UUT_MASTER/U_ICON_INTERFACE/U_CMD6_WR/U_WR_FIFO/SUBCORE_FIFO.xsdbm_v3_0_0_wrfifo_inst/inst_fifo_gen/gconvfifo.rf/grf.rf/rstblk/ngwrdrst.grst.g7serrst.rd_rst_reg_reg[2]/Q
                         net (fo=10, routed)          0.196     0.889    dbg_hub/inst/BSCANID.u_xsdbm_id/CORE_XSDB.UUT_MASTER/U_ICON_INTERFACE/U_CMD6_WR/U_WR_FIFO/SUBCORE_FIFO.xsdbm_v3_0_0_wrfifo_inst/inst_fifo_gen/gconvfifo.rf/grf.rf/gntv_or_sync_fifo.gl0.rd/rpntr/AR[0]
    SLICE_X33Y28         FDCE                                         f  dbg_hub/inst/BSCANID.u_xsdbm_id/CORE_XSDB.UUT_MASTER/U_ICON_INTERFACE/U_CMD6_WR/U_WR_FIFO/SUBCORE_FIFO.xsdbm_v3_0_0_wrfifo_inst/inst_fifo_gen/gconvfifo.rf/grf.rf/gntv_or_sync_fifo.gl0.rd/rpntr/gc0.count_reg[3]/CLR
  -------------------------------------------------------------------    -------------------

                         (clock clk_out1_user_35t_clk_wiz_0_0 rise edge)
                                                      0.000     0.000 r  
    BUFGCTRL_X0Y4        BUFG                         0.000     0.000 r  sys_clock_IBUF_BUFG_inst/O
                         net (fo=38, routed)          0.817     0.817    user_35t_i/clk_wiz_0/inst/clk_in1
    MMCME2_ADV_X1Y0      MMCME2_ADV (Prop_mmcme2_adv_CLKIN1_CLKOUT0)
                                                     -1.375    -0.559 r  user_35t_i/clk_wiz_0/inst/mmcm_adv_inst/CLKOUT0
                         net (fo=1, routed)           0.530    -0.029    user_35t_i/clk_wiz_0/inst/clk_out1_user_35t_clk_wiz_0_0
    BUFGCTRL_X0Y0        BUFG (Prop_bufg_I_O)         0.029     0.000 r  user_35t_i/clk_wiz_0/inst/clkout1_buf/O
                         net (fo=26831, routed)       0.820     0.820    dbg_hub/inst/BSCANID.u_xsdbm_id/CORE_XSDB.UUT_MASTER/U_ICON_INTERFACE/U_CMD6_WR/U_WR_FIFO/SUBCORE_FIFO.xsdbm_v3_0_0_wrfifo_inst/inst_fifo_gen/gconvfifo.rf/grf.rf/gntv_or_sync_fifo.gl0.rd/rpntr/rd_clk
    SLICE_X33Y28         FDCE                                         r  dbg_hub/inst/BSCANID.u_xsdbm_id/CORE_XSDB.UUT_MASTER/U_ICON_INTERFACE/U_CMD6_WR/U_WR_FIFO/SUBCORE_FIFO.xsdbm_v3_0_0_wrfifo_inst/inst_fifo_gen/gconvfifo.rf/grf.rf/gntv_or_sync_fifo.gl0.rd/rpntr/gc0.count_reg[3]/C
                         clock pessimism             -0.234     0.586    
    SLICE_X33Y28         FDCE (Remov_fdce_C_CLR)     -0.092     0.494    dbg_hub/inst/BSCANID.u_xsdbm_id/CORE_XSDB.UUT_MASTER/U_ICON_INTERFACE/U_CMD6_WR/U_WR_FIFO/SUBCORE_FIFO.xsdbm_v3_0_0_wrfifo_inst/inst_fifo_gen/gconvfifo.rf/grf.rf/gntv_or_sync_fifo.gl0.rd/rpntr/gc0.count_reg[3]
  -------------------------------------------------------------------
                         required time                         -0.494    
                         arrival time                           0.889    
  -------------------------------------------------------------------
                         slack                                  0.396    

Slack (MET) :             0.402ns  (arrival time - required time)
  Source:                 dbg_hub/inst/BSCANID.u_xsdbm_id/CORE_XSDB.UUT_MASTER/U_ICON_INTERFACE/U_CMD6_RD/U_RD_FIFO/SUBCORE_FIFO.xsdbm_v3_0_0_rdfifo_inst/inst_fifo_gen/gconvfifo.rf/grf.rf/rstblk/ngwrdrst.grst.g7serrst.wr_rst_reg_reg[1]/C
                            (rising edge-triggered cell FDPE clocked by clk_out1_user_35t_clk_wiz_0_0  {rise@0.000ns fall@5.000ns period=10.000ns})
  Destination:            dbg_hub/inst/BSCANID.u_xsdbm_id/CORE_XSDB.UUT_MASTER/U_ICON_INTERFACE/U_CMD6_RD/U_RD_FIFO/SUBCORE_FIFO.xsdbm_v3_0_0_rdfifo_inst/inst_fifo_gen/gconvfifo.rf/grf.rf/gntv_or_sync_fifo.gl0.wr/wpntr/gic0.gc0.count_d1_reg[1]/CLR
                            (removal check against rising-edge clock clk_out1_user_35t_clk_wiz_0_0  {rise@0.000ns fall@5.000ns period=10.000ns})
  Path Group:             **async_default**
  Path Type:              Removal (Min at Fast Process Corner)
  Requirement:            0.000ns  (clk_out1_user_35t_clk_wiz_0_0 rise@0.000ns - clk_out1_user_35t_clk_wiz_0_0 rise@0.000ns)
  Data Path Delay:        0.351ns  (logic 0.141ns (40.175%)  route 0.210ns (59.825%))
  Logic Levels:           0  
  Clock Path Skew:        0.016ns (DCD - SCD - CPR)
    Destination Clock Delay (DCD):    0.822ns
    Source Clock Delay      (SCD):    0.552ns
    Clock Pessimism Removal (CPR):    0.254ns

    Location             Delay type                Incr(ns)  Path(ns)    Netlist Resource(s)
  -------------------------------------------------------------------    -------------------
                         (clock clk_out1_user_35t_clk_wiz_0_0 rise edge)
                                                      0.000     0.000 r  
    BUFGCTRL_X0Y4        BUFG                         0.000     0.000 r  sys_clock_IBUF_BUFG_inst/O
                         net (fo=38, routed)          0.549     0.549    user_35t_i/clk_wiz_0/inst/clk_in1
    MMCME2_ADV_X1Y0      MMCME2_ADV (Prop_mmcme2_adv_CLKIN1_CLKOUT0)
                                                     -1.061    -0.512 r  user_35t_i/clk_wiz_0/inst/mmcm_adv_inst/CLKOUT0
                         net (fo=1, routed)           0.486    -0.026    user_35t_i/clk_wiz_0/inst/clk_out1_user_35t_clk_wiz_0_0
    BUFGCTRL_X0Y0        BUFG (Prop_bufg_I_O)         0.026     0.000 r  user_35t_i/clk_wiz_0/inst/clkout1_buf/O
                         net (fo=26831, routed)       0.552     0.552    dbg_hub/inst/BSCANID.u_xsdbm_id/CORE_XSDB.UUT_MASTER/U_ICON_INTERFACE/U_CMD6_RD/U_RD_FIFO/SUBCORE_FIFO.xsdbm_v3_0_0_rdfifo_inst/inst_fifo_gen/gconvfifo.rf/grf.rf/rstblk/wr_clk
    SLICE_X47Y23         FDPE                                         r  dbg_hub/inst/BSCANID.u_xsdbm_id/CORE_XSDB.UUT_MASTER/U_ICON_INTERFACE/U_CMD6_RD/U_RD_FIFO/SUBCORE_FIFO.xsdbm_v3_0_0_rdfifo_inst/inst_fifo_gen/gconvfifo.rf/grf.rf/rstblk/ngwrdrst.grst.g7serrst.wr_rst_reg_reg[1]/C
  -------------------------------------------------------------------    -------------------
    SLICE_X47Y23         FDPE (Prop_fdpe_C_Q)         0.141     0.693 f  dbg_hub/inst/BSCANID.u_xsdbm_id/CORE_XSDB.UUT_MASTER/U_ICON_INTERFACE/U_CMD6_RD/U_RD_FIFO/SUBCORE_FIFO.xsdbm_v3_0_0_rdfifo_inst/inst_fifo_gen/gconvfifo.rf/grf.rf/rstblk/ngwrdrst.grst.g7serrst.wr_rst_reg_reg[1]/Q
                         net (fo=12, routed)          0.210     0.903    dbg_hub/inst/BSCANID.u_xsdbm_id/CORE_XSDB.UUT_MASTER/U_ICON_INTERFACE/U_CMD6_RD/U_RD_FIFO/SUBCORE_FIFO.xsdbm_v3_0_0_rdfifo_inst/inst_fifo_gen/gconvfifo.rf/grf.rf/gntv_or_sync_fifo.gl0.wr/wpntr/gic0.gc0.count_reg[0]_0[0]
    SLICE_X46Y21         FDCE                                         f  dbg_hub/inst/BSCANID.u_xsdbm_id/CORE_XSDB.UUT_MASTER/U_ICON_INTERFACE/U_CMD6_RD/U_RD_FIFO/SUBCORE_FIFO.xsdbm_v3_0_0_rdfifo_inst/inst_fifo_gen/gconvfifo.rf/grf.rf/gntv_or_sync_fifo.gl0.wr/wpntr/gic0.gc0.count_d1_reg[1]/CLR
  -------------------------------------------------------------------    -------------------

                         (clock clk_out1_user_35t_clk_wiz_0_0 rise edge)
                                                      0.000     0.000 r  
    BUFGCTRL_X0Y4        BUFG                         0.000     0.000 r  sys_clock_IBUF_BUFG_inst/O
                         net (fo=38, routed)          0.817     0.817    user_35t_i/clk_wiz_0/inst/clk_in1
    MMCME2_ADV_X1Y0      MMCME2_ADV (Prop_mmcme2_adv_CLKIN1_CLKOUT0)
                                                     -1.375    -0.559 r  user_35t_i/clk_wiz_0/inst/mmcm_adv_inst/CLKOUT0
                         net (fo=1, routed)           0.530    -0.029    user_35t_i/clk_wiz_0/inst/clk_out1_user_35t_clk_wiz_0_0
    BUFGCTRL_X0Y0        BUFG (Prop_bufg_I_O)         0.029     0.000 r  user_35t_i/clk_wiz_0/inst/clkout1_buf/O
                         net (fo=26831, routed)       0.822     0.822    dbg_hub/inst/BSCANID.u_xsdbm_id/CORE_XSDB.UUT_MASTER/U_ICON_INTERFACE/U_CMD6_RD/U_RD_FIFO/SUBCORE_FIFO.xsdbm_v3_0_0_rdfifo_inst/inst_fifo_gen/gconvfifo.rf/grf.rf/gntv_or_sync_fifo.gl0.wr/wpntr/wr_clk
    SLICE_X46Y21         FDCE                                         r  dbg_hub/inst/BSCANID.u_xsdbm_id/CORE_XSDB.UUT_MASTER/U_ICON_INTERFACE/U_CMD6_RD/U_RD_FIFO/SUBCORE_FIFO.xsdbm_v3_0_0_rdfifo_inst/inst_fifo_gen/gconvfifo.rf/grf.rf/gntv_or_sync_fifo.gl0.wr/wpntr/gic0.gc0.count_d1_reg[1]/C
                         clock pessimism             -0.254     0.568    
    SLICE_X46Y21         FDCE (Remov_fdce_C_CLR)     -0.067     0.501    dbg_hub/inst/BSCANID.u_xsdbm_id/CORE_XSDB.UUT_MASTER/U_ICON_INTERFACE/U_CMD6_RD/U_RD_FIFO/SUBCORE_FIFO.xsdbm_v3_0_0_rdfifo_inst/inst_fifo_gen/gconvfifo.rf/grf.rf/gntv_or_sync_fifo.gl0.wr/wpntr/gic0.gc0.count_d1_reg[1]
  -------------------------------------------------------------------
                         required time                         -0.501    
                         arrival time                           0.903    
  -------------------------------------------------------------------
                         slack                                  0.402    

Slack (MET) :             0.402ns  (arrival time - required time)
  Source:                 dbg_hub/inst/BSCANID.u_xsdbm_id/CORE_XSDB.UUT_MASTER/U_ICON_INTERFACE/U_CMD6_RD/U_RD_FIFO/SUBCORE_FIFO.xsdbm_v3_0_0_rdfifo_inst/inst_fifo_gen/gconvfifo.rf/grf.rf/rstblk/ngwrdrst.grst.g7serrst.wr_rst_reg_reg[1]/C
                            (rising edge-triggered cell FDPE clocked by clk_out1_user_35t_clk_wiz_0_0  {rise@0.000ns fall@5.000ns period=10.000ns})
  Destination:            dbg_hub/inst/BSCANID.u_xsdbm_id/CORE_XSDB.UUT_MASTER/U_ICON_INTERFACE/U_CMD6_RD/U_RD_FIFO/SUBCORE_FIFO.xsdbm_v3_0_0_rdfifo_inst/inst_fifo_gen/gconvfifo.rf/grf.rf/gntv_or_sync_fifo.gl0.wr/wpntr/gic0.gc0.count_d2_reg[0]/CLR
                            (removal check against rising-edge clock clk_out1_user_35t_clk_wiz_0_0  {rise@0.000ns fall@5.000ns period=10.000ns})
  Path Group:             **async_default**
  Path Type:              Removal (Min at Fast Process Corner)
  Requirement:            0.000ns  (clk_out1_user_35t_clk_wiz_0_0 rise@0.000ns - clk_out1_user_35t_clk_wiz_0_0 rise@0.000ns)
  Data Path Delay:        0.351ns  (logic 0.141ns (40.175%)  route 0.210ns (59.825%))
  Logic Levels:           0  
  Clock Path Skew:        0.016ns (DCD - SCD - CPR)
    Destination Clock Delay (DCD):    0.822ns
    Source Clock Delay      (SCD):    0.552ns
    Clock Pessimism Removal (CPR):    0.254ns

    Location             Delay type                Incr(ns)  Path(ns)    Netlist Resource(s)
  -------------------------------------------------------------------    -------------------
                         (clock clk_out1_user_35t_clk_wiz_0_0 rise edge)
                                                      0.000     0.000 r  
    BUFGCTRL_X0Y4        BUFG                         0.000     0.000 r  sys_clock_IBUF_BUFG_inst/O
                         net (fo=38, routed)          0.549     0.549    user_35t_i/clk_wiz_0/inst/clk_in1
    MMCME2_ADV_X1Y0      MMCME2_ADV (Prop_mmcme2_adv_CLKIN1_CLKOUT0)
                                                     -1.061    -0.512 r  user_35t_i/clk_wiz_0/inst/mmcm_adv_inst/CLKOUT0
                         net (fo=1, routed)           0.486    -0.026    user_35t_i/clk_wiz_0/inst/clk_out1_user_35t_clk_wiz_0_0
    BUFGCTRL_X0Y0        BUFG (Prop_bufg_I_O)         0.026     0.000 r  user_35t_i/clk_wiz_0/inst/clkout1_buf/O
                         net (fo=26831, routed)       0.552     0.552    dbg_hub/inst/BSCANID.u_xsdbm_id/CORE_XSDB.UUT_MASTER/U_ICON_INTERFACE/U_CMD6_RD/U_RD_FIFO/SUBCORE_FIFO.xsdbm_v3_0_0_rdfifo_inst/inst_fifo_gen/gconvfifo.rf/grf.rf/rstblk/wr_clk
    SLICE_X47Y23         FDPE                                         r  dbg_hub/inst/BSCANID.u_xsdbm_id/CORE_XSDB.UUT_MASTER/U_ICON_INTERFACE/U_CMD6_RD/U_RD_FIFO/SUBCORE_FIFO.xsdbm_v3_0_0_rdfifo_inst/inst_fifo_gen/gconvfifo.rf/grf.rf/rstblk/ngwrdrst.grst.g7serrst.wr_rst_reg_reg[1]/C
  -------------------------------------------------------------------    -------------------
    SLICE_X47Y23         FDPE (Prop_fdpe_C_Q)         0.141     0.693 f  dbg_hub/inst/BSCANID.u_xsdbm_id/CORE_XSDB.UUT_MASTER/U_ICON_INTERFACE/U_CMD6_RD/U_RD_FIFO/SUBCORE_FIFO.xsdbm_v3_0_0_rdfifo_inst/inst_fifo_gen/gconvfifo.rf/grf.rf/rstblk/ngwrdrst.grst.g7serrst.wr_rst_reg_reg[1]/Q
                         net (fo=12, routed)          0.210     0.903    dbg_hub/inst/BSCANID.u_xsdbm_id/CORE_XSDB.UUT_MASTER/U_ICON_INTERFACE/U_CMD6_RD/U_RD_FIFO/SUBCORE_FIFO.xsdbm_v3_0_0_rdfifo_inst/inst_fifo_gen/gconvfifo.rf/grf.rf/gntv_or_sync_fifo.gl0.wr/wpntr/gic0.gc0.count_reg[0]_0[0]
    SLICE_X46Y21         FDCE                                         f  dbg_hub/inst/BSCANID.u_xsdbm_id/CORE_XSDB.UUT_MASTER/U_ICON_INTERFACE/U_CMD6_RD/U_RD_FIFO/SUBCORE_FIFO.xsdbm_v3_0_0_rdfifo_inst/inst_fifo_gen/gconvfifo.rf/grf.rf/gntv_or_sync_fifo.gl0.wr/wpntr/gic0.gc0.count_d2_reg[0]/CLR
  -------------------------------------------------------------------    -------------------

                         (clock clk_out1_user_35t_clk_wiz_0_0 rise edge)
                                                      0.000     0.000 r  
    BUFGCTRL_X0Y4        BUFG                         0.000     0.000 r  sys_clock_IBUF_BUFG_inst/O
                         net (fo=38, routed)          0.817     0.817    user_35t_i/clk_wiz_0/inst/clk_in1
    MMCME2_ADV_X1Y0      MMCME2_ADV (Prop_mmcme2_adv_CLKIN1_CLKOUT0)
                                                     -1.375    -0.559 r  user_35t_i/clk_wiz_0/inst/mmcm_adv_inst/CLKOUT0
                         net (fo=1, routed)           0.530    -0.029    user_35t_i/clk_wiz_0/inst/clk_out1_user_35t_clk_wiz_0_0
    BUFGCTRL_X0Y0        BUFG (Prop_bufg_I_O)         0.029     0.000 r  user_35t_i/clk_wiz_0/inst/clkout1_buf/O
                         net (fo=26831, routed)       0.822     0.822    dbg_hub/inst/BSCANID.u_xsdbm_id/CORE_XSDB.UUT_MASTER/U_ICON_INTERFACE/U_CMD6_RD/U_RD_FIFO/SUBCORE_FIFO.xsdbm_v3_0_0_rdfifo_inst/inst_fifo_gen/gconvfifo.rf/grf.rf/gntv_or_sync_fifo.gl0.wr/wpntr/wr_clk
    SLICE_X46Y21         FDCE                                         r  dbg_hub/inst/BSCANID.u_xsdbm_id/CORE_XSDB.UUT_MASTER/U_ICON_INTERFACE/U_CMD6_RD/U_RD_FIFO/SUBCORE_FIFO.xsdbm_v3_0_0_rdfifo_inst/inst_fifo_gen/gconvfifo.rf/grf.rf/gntv_or_sync_fifo.gl0.wr/wpntr/gic0.gc0.count_d2_reg[0]/C
                         clock pessimism             -0.254     0.568    
    SLICE_X46Y21         FDCE (Remov_fdce_C_CLR)     -0.067     0.501    dbg_hub/inst/BSCANID.u_xsdbm_id/CORE_XSDB.UUT_MASTER/U_ICON_INTERFACE/U_CMD6_RD/U_RD_FIFO/SUBCORE_FIFO.xsdbm_v3_0_0_rdfifo_inst/inst_fifo_gen/gconvfifo.rf/grf.rf/gntv_or_sync_fifo.gl0.wr/wpntr/gic0.gc0.count_d2_reg[0]
  -------------------------------------------------------------------
                         required time                         -0.501    
                         arrival time                           0.903    
  -------------------------------------------------------------------
                         slack                                  0.402    

Slack (MET) :             0.402ns  (arrival time - required time)
  Source:                 dbg_hub/inst/BSCANID.u_xsdbm_id/CORE_XSDB.UUT_MASTER/U_ICON_INTERFACE/U_CMD6_RD/U_RD_FIFO/SUBCORE_FIFO.xsdbm_v3_0_0_rdfifo_inst/inst_fifo_gen/gconvfifo.rf/grf.rf/rstblk/ngwrdrst.grst.g7serrst.wr_rst_reg_reg[1]/C
                            (rising edge-triggered cell FDPE clocked by clk_out1_user_35t_clk_wiz_0_0  {rise@0.000ns fall@5.000ns period=10.000ns})
  Destination:            dbg_hub/inst/BSCANID.u_xsdbm_id/CORE_XSDB.UUT_MASTER/U_ICON_INTERFACE/U_CMD6_RD/U_RD_FIFO/SUBCORE_FIFO.xsdbm_v3_0_0_rdfifo_inst/inst_fifo_gen/gconvfifo.rf/grf.rf/gntv_or_sync_fifo.gl0.wr/wpntr/gic0.gc0.count_d2_reg[1]/CLR
                            (removal check against rising-edge clock clk_out1_user_35t_clk_wiz_0_0  {rise@0.000ns fall@5.000ns period=10.000ns})
  Path Group:             **async_default**
  Path Type:              Removal (Min at Fast Process Corner)
  Requirement:            0.000ns  (clk_out1_user_35t_clk_wiz_0_0 rise@0.000ns - clk_out1_user_35t_clk_wiz_0_0 rise@0.000ns)
  Data Path Delay:        0.351ns  (logic 0.141ns (40.175%)  route 0.210ns (59.825%))
  Logic Levels:           0  
  Clock Path Skew:        0.016ns (DCD - SCD - CPR)
    Destination Clock Delay (DCD):    0.822ns
    Source Clock Delay      (SCD):    0.552ns
    Clock Pessimism Removal (CPR):    0.254ns

    Location             Delay type                Incr(ns)  Path(ns)    Netlist Resource(s)
  -------------------------------------------------------------------    -------------------
                         (clock clk_out1_user_35t_clk_wiz_0_0 rise edge)
                                                      0.000     0.000 r  
    BUFGCTRL_X0Y4        BUFG                         0.000     0.000 r  sys_clock_IBUF_BUFG_inst/O
                         net (fo=38, routed)          0.549     0.549    user_35t_i/clk_wiz_0/inst/clk_in1
    MMCME2_ADV_X1Y0      MMCME2_ADV (Prop_mmcme2_adv_CLKIN1_CLKOUT0)
                                                     -1.061    -0.512 r  user_35t_i/clk_wiz_0/inst/mmcm_adv_inst/CLKOUT0
                         net (fo=1, routed)           0.486    -0.026    user_35t_i/clk_wiz_0/inst/clk_out1_user_35t_clk_wiz_0_0
    BUFGCTRL_X0Y0        BUFG (Prop_bufg_I_O)         0.026     0.000 r  user_35t_i/clk_wiz_0/inst/clkout1_buf/O
                         net (fo=26831, routed)       0.552     0.552    dbg_hub/inst/BSCANID.u_xsdbm_id/CORE_XSDB.UUT_MASTER/U_ICON_INTERFACE/U_CMD6_RD/U_RD_FIFO/SUBCORE_FIFO.xsdbm_v3_0_0_rdfifo_inst/inst_fifo_gen/gconvfifo.rf/grf.rf/rstblk/wr_clk
    SLICE_X47Y23         FDPE                                         r  dbg_hub/inst/BSCANID.u_xsdbm_id/CORE_XSDB.UUT_MASTER/U_ICON_INTERFACE/U_CMD6_RD/U_RD_FIFO/SUBCORE_FIFO.xsdbm_v3_0_0_rdfifo_inst/inst_fifo_gen/gconvfifo.rf/grf.rf/rstblk/ngwrdrst.grst.g7serrst.wr_rst_reg_reg[1]/C
  -------------------------------------------------------------------    -------------------
    SLICE_X47Y23         FDPE (Prop_fdpe_C_Q)         0.141     0.693 f  dbg_hub/inst/BSCANID.u_xsdbm_id/CORE_XSDB.UUT_MASTER/U_ICON_INTERFACE/U_CMD6_RD/U_RD_FIFO/SUBCORE_FIFO.xsdbm_v3_0_0_rdfifo_inst/inst_fifo_gen/gconvfifo.rf/grf.rf/rstblk/ngwrdrst.grst.g7serrst.wr_rst_reg_reg[1]/Q
                         net (fo=12, routed)          0.210     0.903    dbg_hub/inst/BSCANID.u_xsdbm_id/CORE_XSDB.UUT_MASTER/U_ICON_INTERFACE/U_CMD6_RD/U_RD_FIFO/SUBCORE_FIFO.xsdbm_v3_0_0_rdfifo_inst/inst_fifo_gen/gconvfifo.rf/grf.rf/gntv_or_sync_fifo.gl0.wr/wpntr/gic0.gc0.count_reg[0]_0[0]
    SLICE_X46Y21         FDCE                                         f  dbg_hub/inst/BSCANID.u_xsdbm_id/CORE_XSDB.UUT_MASTER/U_ICON_INTERFACE/U_CMD6_RD/U_RD_FIFO/SUBCORE_FIFO.xsdbm_v3_0_0_rdfifo_inst/inst_fifo_gen/gconvfifo.rf/grf.rf/gntv_or_sync_fifo.gl0.wr/wpntr/gic0.gc0.count_d2_reg[1]/CLR
  -------------------------------------------------------------------    -------------------

                         (clock clk_out1_user_35t_clk_wiz_0_0 rise edge)
                                                      0.000     0.000 r  
    BUFGCTRL_X0Y4        BUFG                         0.000     0.000 r  sys_clock_IBUF_BUFG_inst/O
                         net (fo=38, routed)          0.817     0.817    user_35t_i/clk_wiz_0/inst/clk_in1
    MMCME2_ADV_X1Y0      MMCME2_ADV (Prop_mmcme2_adv_CLKIN1_CLKOUT0)
                                                     -1.375    -0.559 r  user_35t_i/clk_wiz_0/inst/mmcm_adv_inst/CLKOUT0
                         net (fo=1, routed)           0.530    -0.029    user_35t_i/clk_wiz_0/inst/clk_out1_user_35t_clk_wiz_0_0
    BUFGCTRL_X0Y0        BUFG (Prop_bufg_I_O)         0.029     0.000 r  user_35t_i/clk_wiz_0/inst/clkout1_buf/O
                         net (fo=26831, routed)       0.822     0.822    dbg_hub/inst/BSCANID.u_xsdbm_id/CORE_XSDB.UUT_MASTER/U_ICON_INTERFACE/U_CMD6_RD/U_RD_FIFO/SUBCORE_FIFO.xsdbm_v3_0_0_rdfifo_inst/inst_fifo_gen/gconvfifo.rf/grf.rf/gntv_or_sync_fifo.gl0.wr/wpntr/wr_clk
    SLICE_X46Y21         FDCE                                         r  dbg_hub/inst/BSCANID.u_xsdbm_id/CORE_XSDB.UUT_MASTER/U_ICON_INTERFACE/U_CMD6_RD/U_RD_FIFO/SUBCORE_FIFO.xsdbm_v3_0_0_rdfifo_inst/inst_fifo_gen/gconvfifo.rf/grf.rf/gntv_or_sync_fifo.gl0.wr/wpntr/gic0.gc0.count_d2_reg[1]/C
                         clock pessimism             -0.254     0.568    
    SLICE_X46Y21         FDCE (Remov_fdce_C_CLR)     -0.067     0.501    dbg_hub/inst/BSCANID.u_xsdbm_id/CORE_XSDB.UUT_MASTER/U_ICON_INTERFACE/U_CMD6_RD/U_RD_FIFO/SUBCORE_FIFO.xsdbm_v3_0_0_rdfifo_inst/inst_fifo_gen/gconvfifo.rf/grf.rf/gntv_or_sync_fifo.gl0.wr/wpntr/gic0.gc0.count_d2_reg[1]
  -------------------------------------------------------------------
                         required time                         -0.501    
                         arrival time                           0.903    
  -------------------------------------------------------------------
                         slack                                  0.402    





---------------------------------------------------------------------------------------------------
Path Group:  **async_default**
From Clock:  dbg_hub/inst/BSCANID.u_xsdbm_id/SWITCH_N_EXT_BSCAN.bscan_inst/SERIES7_BSCAN.bscan_inst/TCK
  To Clock:  dbg_hub/inst/BSCANID.u_xsdbm_id/SWITCH_N_EXT_BSCAN.bscan_inst/SERIES7_BSCAN.bscan_inst/TCK

Setup :            0  Failing Endpoints,  Worst Slack       27.606ns,  Total Violation        0.000ns
Hold  :            0  Failing Endpoints,  Worst Slack        0.386ns,  Total Violation        0.000ns
---------------------------------------------------------------------------------------------------


Max Delay Paths
--------------------------------------------------------------------------------------
Slack (MET) :             27.606ns  (required time - arrival time)
  Source:                 dbg_hub/inst/BSCANID.u_xsdbm_id/SWITCH_N_EXT_BSCAN.bscan_switch/portno_reg[5]/C
                            (rising edge-triggered cell FDRE clocked by dbg_hub/inst/BSCANID.u_xsdbm_id/SWITCH_N_EXT_BSCAN.bscan_inst/SERIES7_BSCAN.bscan_inst/TCK  {rise@0.000ns fall@16.500ns period=33.000ns})
  Destination:            dbg_hub/inst/BSCANID.u_xsdbm_id/CORE_XSDB.U_ICON/U_CMD/iTARGET_reg[14]/CLR
                            (recovery check against rising-edge clock dbg_hub/inst/BSCANID.u_xsdbm_id/SWITCH_N_EXT_BSCAN.bscan_inst/SERIES7_BSCAN.bscan_inst/TCK  {rise@0.000ns fall@16.500ns period=33.000ns})
  Path Group:             **async_default**
  Path Type:              Recovery (Max at Slow Process Corner)
  Requirement:            33.000ns  (dbg_hub/inst/BSCANID.u_xsdbm_id/SWITCH_N_EXT_BSCAN.bscan_inst/SERIES7_BSCAN.bscan_inst/TCK rise@33.000ns - dbg_hub/inst/BSCANID.u_xsdbm_id/SWITCH_N_EXT_BSCAN.bscan_inst/SERIES7_BSCAN.bscan_inst/TCK rise@0.000ns)
  Data Path Delay:        4.902ns  (logic 1.194ns (24.358%)  route 3.708ns (75.642%))
  Logic Levels:           3  (LUT1=1 LUT4=1 LUT6=1)
  Clock Path Skew:        -0.052ns (DCD - SCD + CPR)
    Destination Clock Delay (DCD):    3.114ns = ( 36.114 - 33.000 ) 
    Source Clock Delay      (SCD):    3.512ns
    Clock Pessimism Removal (CPR):    0.346ns
  Clock Uncertainty:      0.035ns  ((TSJ^2 + TIJ^2)^1/2 + DJ) / 2 + PE
    Total System Jitter     (TSJ):    0.071ns
    Total Input Jitter      (TIJ):    0.000ns
    Discrete Jitter          (DJ):    0.000ns
    Phase Error              (PE):    0.000ns

    Location             Delay type                Incr(ns)  Path(ns)    Netlist Resource(s)
  -------------------------------------------------------------------    -------------------
                         (clock dbg_hub/inst/BSCANID.u_xsdbm_id/SWITCH_N_EXT_BSCAN.bscan_inst/SERIES7_BSCAN.bscan_inst/TCK rise edge)
                                                      0.000     0.000 r  
    BSCAN_X0Y0           BSCANE2                      0.000     0.000 r  dbg_hub/inst/BSCANID.u_xsdbm_id/SWITCH_N_EXT_BSCAN.bscan_inst/SERIES7_BSCAN.bscan_inst/TCK
                         net (fo=1, routed)           1.854     1.854    dbg_hub/inst/BSCANID.u_xsdbm_id/tck_bs
    BUFGCTRL_X0Y1        BUFG (Prop_bufg_I_O)         0.096     1.950 r  dbg_hub/inst/BSCANID.u_xsdbm_id/SWITCH_N_EXT_BSCAN.u_bufg_icon_tck/O
                         net (fo=494, routed)         1.562     3.512    dbg_hub/inst/BSCANID.u_xsdbm_id/SWITCH_N_EXT_BSCAN.bscan_switch/s_bscan_tck
    SLICE_X11Y15         FDRE                                         r  dbg_hub/inst/BSCANID.u_xsdbm_id/SWITCH_N_EXT_BSCAN.bscan_switch/portno_reg[5]/C
  -------------------------------------------------------------------    -------------------
    SLICE_X11Y15         FDRE (Prop_fdre_C_Q)         0.419     3.931 f  dbg_hub/inst/BSCANID.u_xsdbm_id/SWITCH_N_EXT_BSCAN.bscan_switch/portno_reg[5]/Q
                         net (fo=1, routed)           0.674     4.605    dbg_hub/inst/BSCANID.u_xsdbm_id/SWITCH_N_EXT_BSCAN.bscan_switch/portno[5]
    SLICE_X11Y15         LUT6 (Prop_lut6_I5_O)        0.297     4.902 f  dbg_hub/inst/BSCANID.u_xsdbm_id/SWITCH_N_EXT_BSCAN.bscan_switch/m_bscan_drck[0]_INST_0_i_1/O
                         net (fo=5, routed)           0.970     5.872    dbg_hub/inst/BSCANID.u_xsdbm_id/SWITCH_N_EXT_BSCAN.bscan_switch/m_bscan_drck[0]_INST_0_i_1_n_0
    SLICE_X12Y16         LUT4 (Prop_lut4_I3_O)        0.150     6.022 r  dbg_hub/inst/BSCANID.u_xsdbm_id/SWITCH_N_EXT_BSCAN.bscan_switch/m_bscan_sel[0]_INST_0/O
                         net (fo=2, routed)           1.014     7.036    dbg_hub/inst/BSCANID.u_xsdbm_id/CORE_XSDB.U_ICON/U_CMD/iTARGET_reg[6]_0
    SLICE_X15Y22         LUT1 (Prop_lut1_I0_O)        0.328     7.364 f  dbg_hub/inst/BSCANID.u_xsdbm_id/CORE_XSDB.U_ICON/U_CMD/iTARGET[15]_i_2/O
                         net (fo=10, routed)          1.050     8.414    dbg_hub/inst/BSCANID.u_xsdbm_id/CORE_XSDB.U_ICON/U_CMD/iSEL_n
    SLICE_X33Y23         FDCE                                         f  dbg_hub/inst/BSCANID.u_xsdbm_id/CORE_XSDB.U_ICON/U_CMD/iTARGET_reg[14]/CLR
  -------------------------------------------------------------------    -------------------

                         (clock dbg_hub/inst/BSCANID.u_xsdbm_id/SWITCH_N_EXT_BSCAN.bscan_inst/SERIES7_BSCAN.bscan_inst/TCK rise edge)
                                                     33.000    33.000 r  
    BSCAN_X0Y0           BSCANE2                      0.000    33.000 r  dbg_hub/inst/BSCANID.u_xsdbm_id/SWITCH_N_EXT_BSCAN.bscan_inst/SERIES7_BSCAN.bscan_inst/TCK
                         net (fo=1, routed)           1.593    34.593    dbg_hub/inst/BSCANID.u_xsdbm_id/tck_bs
    BUFGCTRL_X0Y1        BUFG (Prop_bufg_I_O)         0.091    34.684 r  dbg_hub/inst/BSCANID.u_xsdbm_id/SWITCH_N_EXT_BSCAN.u_bufg_icon_tck/O
                         net (fo=494, routed)         1.430    36.114    dbg_hub/inst/BSCANID.u_xsdbm_id/CORE_XSDB.U_ICON/U_CMD/m_bscan_tck[0]
    SLICE_X33Y23         FDCE                                         r  dbg_hub/inst/BSCANID.u_xsdbm_id/CORE_XSDB.U_ICON/U_CMD/iTARGET_reg[14]/C
                         clock pessimism              0.346    36.460    
                         clock uncertainty           -0.035    36.425    
    SLICE_X33Y23         FDCE (Recov_fdce_C_CLR)     -0.405    36.020    dbg_hub/inst/BSCANID.u_xsdbm_id/CORE_XSDB.U_ICON/U_CMD/iTARGET_reg[14]
  -------------------------------------------------------------------
                         required time                         36.020    
                         arrival time                          -8.414    
  -------------------------------------------------------------------
                         slack                                 27.606    

Slack (MET) :             27.606ns  (required time - arrival time)
  Source:                 dbg_hub/inst/BSCANID.u_xsdbm_id/SWITCH_N_EXT_BSCAN.bscan_switch/portno_reg[5]/C
                            (rising edge-triggered cell FDRE clocked by dbg_hub/inst/BSCANID.u_xsdbm_id/SWITCH_N_EXT_BSCAN.bscan_inst/SERIES7_BSCAN.bscan_inst/TCK  {rise@0.000ns fall@16.500ns period=33.000ns})
  Destination:            dbg_hub/inst/BSCANID.u_xsdbm_id/CORE_XSDB.U_ICON/U_CMD/iTARGET_reg[6]/CLR
                            (recovery check against rising-edge clock dbg_hub/inst/BSCANID.u_xsdbm_id/SWITCH_N_EXT_BSCAN.bscan_inst/SERIES7_BSCAN.bscan_inst/TCK  {rise@0.000ns fall@16.500ns period=33.000ns})
  Path Group:             **async_default**
  Path Type:              Recovery (Max at Slow Process Corner)
  Requirement:            33.000ns  (dbg_hub/inst/BSCANID.u_xsdbm_id/SWITCH_N_EXT_BSCAN.bscan_inst/SERIES7_BSCAN.bscan_inst/TCK rise@33.000ns - dbg_hub/inst/BSCANID.u_xsdbm_id/SWITCH_N_EXT_BSCAN.bscan_inst/SERIES7_BSCAN.bscan_inst/TCK rise@0.000ns)
  Data Path Delay:        4.902ns  (logic 1.194ns (24.358%)  route 3.708ns (75.642%))
  Logic Levels:           3  (LUT1=1 LUT4=1 LUT6=1)
  Clock Path Skew:        -0.052ns (DCD - SCD + CPR)
    Destination Clock Delay (DCD):    3.114ns = ( 36.114 - 33.000 ) 
    Source Clock Delay      (SCD):    3.512ns
    Clock Pessimism Removal (CPR):    0.346ns
  Clock Uncertainty:      0.035ns  ((TSJ^2 + TIJ^2)^1/2 + DJ) / 2 + PE
    Total System Jitter     (TSJ):    0.071ns
    Total Input Jitter      (TIJ):    0.000ns
    Discrete Jitter          (DJ):    0.000ns
    Phase Error              (PE):    0.000ns

    Location             Delay type                Incr(ns)  Path(ns)    Netlist Resource(s)
  -------------------------------------------------------------------    -------------------
                         (clock dbg_hub/inst/BSCANID.u_xsdbm_id/SWITCH_N_EXT_BSCAN.bscan_inst/SERIES7_BSCAN.bscan_inst/TCK rise edge)
                                                      0.000     0.000 r  
    BSCAN_X0Y0           BSCANE2                      0.000     0.000 r  dbg_hub/inst/BSCANID.u_xsdbm_id/SWITCH_N_EXT_BSCAN.bscan_inst/SERIES7_BSCAN.bscan_inst/TCK
                         net (fo=1, routed)           1.854     1.854    dbg_hub/inst/BSCANID.u_xsdbm_id/tck_bs
    BUFGCTRL_X0Y1        BUFG (Prop_bufg_I_O)         0.096     1.950 r  dbg_hub/inst/BSCANID.u_xsdbm_id/SWITCH_N_EXT_BSCAN.u_bufg_icon_tck/O
                         net (fo=494, routed)         1.562     3.512    dbg_hub/inst/BSCANID.u_xsdbm_id/SWITCH_N_EXT_BSCAN.bscan_switch/s_bscan_tck
    SLICE_X11Y15         FDRE                                         r  dbg_hub/inst/BSCANID.u_xsdbm_id/SWITCH_N_EXT_BSCAN.bscan_switch/portno_reg[5]/C
  -------------------------------------------------------------------    -------------------
    SLICE_X11Y15         FDRE (Prop_fdre_C_Q)         0.419     3.931 f  dbg_hub/inst/BSCANID.u_xsdbm_id/SWITCH_N_EXT_BSCAN.bscan_switch/portno_reg[5]/Q
                         net (fo=1, routed)           0.674     4.605    dbg_hub/inst/BSCANID.u_xsdbm_id/SWITCH_N_EXT_BSCAN.bscan_switch/portno[5]
    SLICE_X11Y15         LUT6 (Prop_lut6_I5_O)        0.297     4.902 f  dbg_hub/inst/BSCANID.u_xsdbm_id/SWITCH_N_EXT_BSCAN.bscan_switch/m_bscan_drck[0]_INST_0_i_1/O
                         net (fo=5, routed)           0.970     5.872    dbg_hub/inst/BSCANID.u_xsdbm_id/SWITCH_N_EXT_BSCAN.bscan_switch/m_bscan_drck[0]_INST_0_i_1_n_0
    SLICE_X12Y16         LUT4 (Prop_lut4_I3_O)        0.150     6.022 r  dbg_hub/inst/BSCANID.u_xsdbm_id/SWITCH_N_EXT_BSCAN.bscan_switch/m_bscan_sel[0]_INST_0/O
                         net (fo=2, routed)           1.014     7.036    dbg_hub/inst/BSCANID.u_xsdbm_id/CORE_XSDB.U_ICON/U_CMD/iTARGET_reg[6]_0
    SLICE_X15Y22         LUT1 (Prop_lut1_I0_O)        0.328     7.364 f  dbg_hub/inst/BSCANID.u_xsdbm_id/CORE_XSDB.U_ICON/U_CMD/iTARGET[15]_i_2/O
                         net (fo=10, routed)          1.050     8.414    dbg_hub/inst/BSCANID.u_xsdbm_id/CORE_XSDB.U_ICON/U_CMD/iSEL_n
    SLICE_X33Y23         FDCE                                         f  dbg_hub/inst/BSCANID.u_xsdbm_id/CORE_XSDB.U_ICON/U_CMD/iTARGET_reg[6]/CLR
  -------------------------------------------------------------------    -------------------

                         (clock dbg_hub/inst/BSCANID.u_xsdbm_id/SWITCH_N_EXT_BSCAN.bscan_inst/SERIES7_BSCAN.bscan_inst/TCK rise edge)
                                                     33.000    33.000 r  
    BSCAN_X0Y0           BSCANE2                      0.000    33.000 r  dbg_hub/inst/BSCANID.u_xsdbm_id/SWITCH_N_EXT_BSCAN.bscan_inst/SERIES7_BSCAN.bscan_inst/TCK
                         net (fo=1, routed)           1.593    34.593    dbg_hub/inst/BSCANID.u_xsdbm_id/tck_bs
    BUFGCTRL_X0Y1        BUFG (Prop_bufg_I_O)         0.091    34.684 r  dbg_hub/inst/BSCANID.u_xsdbm_id/SWITCH_N_EXT_BSCAN.u_bufg_icon_tck/O
                         net (fo=494, routed)         1.430    36.114    dbg_hub/inst/BSCANID.u_xsdbm_id/CORE_XSDB.U_ICON/U_CMD/m_bscan_tck[0]
    SLICE_X33Y23         FDCE                                         r  dbg_hub/inst/BSCANID.u_xsdbm_id/CORE_XSDB.U_ICON/U_CMD/iTARGET_reg[6]/C
                         clock pessimism              0.346    36.460    
                         clock uncertainty           -0.035    36.425    
    SLICE_X33Y23         FDCE (Recov_fdce_C_CLR)     -0.405    36.020    dbg_hub/inst/BSCANID.u_xsdbm_id/CORE_XSDB.U_ICON/U_CMD/iTARGET_reg[6]
  -------------------------------------------------------------------
                         required time                         36.020    
                         arrival time                          -8.414    
  -------------------------------------------------------------------
                         slack                                 27.606    

Slack (MET) :             27.606ns  (required time - arrival time)
  Source:                 dbg_hub/inst/BSCANID.u_xsdbm_id/SWITCH_N_EXT_BSCAN.bscan_switch/portno_reg[5]/C
                            (rising edge-triggered cell FDRE clocked by dbg_hub/inst/BSCANID.u_xsdbm_id/SWITCH_N_EXT_BSCAN.bscan_inst/SERIES7_BSCAN.bscan_inst/TCK  {rise@0.000ns fall@16.500ns period=33.000ns})
  Destination:            dbg_hub/inst/BSCANID.u_xsdbm_id/CORE_XSDB.U_ICON/U_CMD/iTARGET_reg[7]/CLR
                            (recovery check against rising-edge clock dbg_hub/inst/BSCANID.u_xsdbm_id/SWITCH_N_EXT_BSCAN.bscan_inst/SERIES7_BSCAN.bscan_inst/TCK  {rise@0.000ns fall@16.500ns period=33.000ns})
  Path Group:             **async_default**
  Path Type:              Recovery (Max at Slow Process Corner)
  Requirement:            33.000ns  (dbg_hub/inst/BSCANID.u_xsdbm_id/SWITCH_N_EXT_BSCAN.bscan_inst/SERIES7_BSCAN.bscan_inst/TCK rise@33.000ns - dbg_hub/inst/BSCANID.u_xsdbm_id/SWITCH_N_EXT_BSCAN.bscan_inst/SERIES7_BSCAN.bscan_inst/TCK rise@0.000ns)
  Data Path Delay:        4.902ns  (logic 1.194ns (24.358%)  route 3.708ns (75.642%))
  Logic Levels:           3  (LUT1=1 LUT4=1 LUT6=1)
  Clock Path Skew:        -0.052ns (DCD - SCD + CPR)
    Destination Clock Delay (DCD):    3.114ns = ( 36.114 - 33.000 ) 
    Source Clock Delay      (SCD):    3.512ns
    Clock Pessimism Removal (CPR):    0.346ns
  Clock Uncertainty:      0.035ns  ((TSJ^2 + TIJ^2)^1/2 + DJ) / 2 + PE
    Total System Jitter     (TSJ):    0.071ns
    Total Input Jitter      (TIJ):    0.000ns
    Discrete Jitter          (DJ):    0.000ns
    Phase Error              (PE):    0.000ns

    Location             Delay type                Incr(ns)  Path(ns)    Netlist Resource(s)
  -------------------------------------------------------------------    -------------------
                         (clock dbg_hub/inst/BSCANID.u_xsdbm_id/SWITCH_N_EXT_BSCAN.bscan_inst/SERIES7_BSCAN.bscan_inst/TCK rise edge)
                                                      0.000     0.000 r  
    BSCAN_X0Y0           BSCANE2                      0.000     0.000 r  dbg_hub/inst/BSCANID.u_xsdbm_id/SWITCH_N_EXT_BSCAN.bscan_inst/SERIES7_BSCAN.bscan_inst/TCK
                         net (fo=1, routed)           1.854     1.854    dbg_hub/inst/BSCANID.u_xsdbm_id/tck_bs
    BUFGCTRL_X0Y1        BUFG (Prop_bufg_I_O)         0.096     1.950 r  dbg_hub/inst/BSCANID.u_xsdbm_id/SWITCH_N_EXT_BSCAN.u_bufg_icon_tck/O
                         net (fo=494, routed)         1.562     3.512    dbg_hub/inst/BSCANID.u_xsdbm_id/SWITCH_N_EXT_BSCAN.bscan_switch/s_bscan_tck
    SLICE_X11Y15         FDRE                                         r  dbg_hub/inst/BSCANID.u_xsdbm_id/SWITCH_N_EXT_BSCAN.bscan_switch/portno_reg[5]/C
  -------------------------------------------------------------------    -------------------
    SLICE_X11Y15         FDRE (Prop_fdre_C_Q)         0.419     3.931 f  dbg_hub/inst/BSCANID.u_xsdbm_id/SWITCH_N_EXT_BSCAN.bscan_switch/portno_reg[5]/Q
                         net (fo=1, routed)           0.674     4.605    dbg_hub/inst/BSCANID.u_xsdbm_id/SWITCH_N_EXT_BSCAN.bscan_switch/portno[5]
    SLICE_X11Y15         LUT6 (Prop_lut6_I5_O)        0.297     4.902 f  dbg_hub/inst/BSCANID.u_xsdbm_id/SWITCH_N_EXT_BSCAN.bscan_switch/m_bscan_drck[0]_INST_0_i_1/O
                         net (fo=5, routed)           0.970     5.872    dbg_hub/inst/BSCANID.u_xsdbm_id/SWITCH_N_EXT_BSCAN.bscan_switch/m_bscan_drck[0]_INST_0_i_1_n_0
    SLICE_X12Y16         LUT4 (Prop_lut4_I3_O)        0.150     6.022 r  dbg_hub/inst/BSCANID.u_xsdbm_id/SWITCH_N_EXT_BSCAN.bscan_switch/m_bscan_sel[0]_INST_0/O
                         net (fo=2, routed)           1.014     7.036    dbg_hub/inst/BSCANID.u_xsdbm_id/CORE_XSDB.U_ICON/U_CMD/iTARGET_reg[6]_0
    SLICE_X15Y22         LUT1 (Prop_lut1_I0_O)        0.328     7.364 f  dbg_hub/inst/BSCANID.u_xsdbm_id/CORE_XSDB.U_ICON/U_CMD/iTARGET[15]_i_2/O
                         net (fo=10, routed)          1.050     8.414    dbg_hub/inst/BSCANID.u_xsdbm_id/CORE_XSDB.U_ICON/U_CMD/iSEL_n
    SLICE_X33Y23         FDCE                                         f  dbg_hub/inst/BSCANID.u_xsdbm_id/CORE_XSDB.U_ICON/U_CMD/iTARGET_reg[7]/CLR
  -------------------------------------------------------------------    -------------------

                         (clock dbg_hub/inst/BSCANID.u_xsdbm_id/SWITCH_N_EXT_BSCAN.bscan_inst/SERIES7_BSCAN.bscan_inst/TCK rise edge)
                                                     33.000    33.000 r  
    BSCAN_X0Y0           BSCANE2                      0.000    33.000 r  dbg_hub/inst/BSCANID.u_xsdbm_id/SWITCH_N_EXT_BSCAN.bscan_inst/SERIES7_BSCAN.bscan_inst/TCK
                         net (fo=1, routed)           1.593    34.593    dbg_hub/inst/BSCANID.u_xsdbm_id/tck_bs
    BUFGCTRL_X0Y1        BUFG (Prop_bufg_I_O)         0.091    34.684 r  dbg_hub/inst/BSCANID.u_xsdbm_id/SWITCH_N_EXT_BSCAN.u_bufg_icon_tck/O
                         net (fo=494, routed)         1.430    36.114    dbg_hub/inst/BSCANID.u_xsdbm_id/CORE_XSDB.U_ICON/U_CMD/m_bscan_tck[0]
    SLICE_X33Y23         FDCE                                         r  dbg_hub/inst/BSCANID.u_xsdbm_id/CORE_XSDB.U_ICON/U_CMD/iTARGET_reg[7]/C
                         clock pessimism              0.346    36.460    
                         clock uncertainty           -0.035    36.425    
    SLICE_X33Y23         FDCE (Recov_fdce_C_CLR)     -0.405    36.020    dbg_hub/inst/BSCANID.u_xsdbm_id/CORE_XSDB.U_ICON/U_CMD/iTARGET_reg[7]
  -------------------------------------------------------------------
                         required time                         36.020    
                         arrival time                          -8.414    
  -------------------------------------------------------------------
                         slack                                 27.606    

Slack (MET) :             28.039ns  (required time - arrival time)
  Source:                 dbg_hub/inst/BSCANID.u_xsdbm_id/SWITCH_N_EXT_BSCAN.bscan_switch/portno_reg[5]/C
                            (rising edge-triggered cell FDRE clocked by dbg_hub/inst/BSCANID.u_xsdbm_id/SWITCH_N_EXT_BSCAN.bscan_inst/SERIES7_BSCAN.bscan_inst/TCK  {rise@0.000ns fall@16.500ns period=33.000ns})
  Destination:            dbg_hub/inst/BSCANID.u_xsdbm_id/CORE_XSDB.U_ICON/U_CMD/iTARGET_reg[10]/CLR
                            (recovery check against rising-edge clock dbg_hub/inst/BSCANID.u_xsdbm_id/SWITCH_N_EXT_BSCAN.bscan_inst/SERIES7_BSCAN.bscan_inst/TCK  {rise@0.000ns fall@16.500ns period=33.000ns})
  Path Group:             **async_default**
  Path Type:              Recovery (Max at Slow Process Corner)
  Requirement:            33.000ns  (dbg_hub/inst/BSCANID.u_xsdbm_id/SWITCH_N_EXT_BSCAN.bscan_inst/SERIES7_BSCAN.bscan_inst/TCK rise@33.000ns - dbg_hub/inst/BSCANID.u_xsdbm_id/SWITCH_N_EXT_BSCAN.bscan_inst/SERIES7_BSCAN.bscan_inst/TCK rise@0.000ns)
  Data Path Delay:        4.472ns  (logic 1.194ns (26.702%)  route 3.278ns (73.298%))
  Logic Levels:           3  (LUT1=1 LUT4=1 LUT6=1)
  Clock Path Skew:        -0.049ns (DCD - SCD + CPR)
    Destination Clock Delay (DCD):    3.117ns = ( 36.117 - 33.000 ) 
    Source Clock Delay      (SCD):    3.512ns
    Clock Pessimism Removal (CPR):    0.346ns
  Clock Uncertainty:      0.035ns  ((TSJ^2 + TIJ^2)^1/2 + DJ) / 2 + PE
    Total System Jitter     (TSJ):    0.071ns
    Total Input Jitter      (TIJ):    0.000ns
    Discrete Jitter          (DJ):    0.000ns
    Phase Error              (PE):    0.000ns

    Location             Delay type                Incr(ns)  Path(ns)    Netlist Resource(s)
  -------------------------------------------------------------------    -------------------
                         (clock dbg_hub/inst/BSCANID.u_xsdbm_id/SWITCH_N_EXT_BSCAN.bscan_inst/SERIES7_BSCAN.bscan_inst/TCK rise edge)
                                                      0.000     0.000 r  
    BSCAN_X0Y0           BSCANE2                      0.000     0.000 r  dbg_hub/inst/BSCANID.u_xsdbm_id/SWITCH_N_EXT_BSCAN.bscan_inst/SERIES7_BSCAN.bscan_inst/TCK
                         net (fo=1, routed)           1.854     1.854    dbg_hub/inst/BSCANID.u_xsdbm_id/tck_bs
    BUFGCTRL_X0Y1        BUFG (Prop_bufg_I_O)         0.096     1.950 r  dbg_hub/inst/BSCANID.u_xsdbm_id/SWITCH_N_EXT_BSCAN.u_bufg_icon_tck/O
                         net (fo=494, routed)         1.562     3.512    dbg_hub/inst/BSCANID.u_xsdbm_id/SWITCH_N_EXT_BSCAN.bscan_switch/s_bscan_tck
    SLICE_X11Y15         FDRE                                         r  dbg_hub/inst/BSCANID.u_xsdbm_id/SWITCH_N_EXT_BSCAN.bscan_switch/portno_reg[5]/C
  -------------------------------------------------------------------    -------------------
    SLICE_X11Y15         FDRE (Prop_fdre_C_Q)         0.419     3.931 f  dbg_hub/inst/BSCANID.u_xsdbm_id/SWITCH_N_EXT_BSCAN.bscan_switch/portno_reg[5]/Q
                         net (fo=1, routed)           0.674     4.605    dbg_hub/inst/BSCANID.u_xsdbm_id/SWITCH_N_EXT_BSCAN.bscan_switch/portno[5]
    SLICE_X11Y15         LUT6 (Prop_lut6_I5_O)        0.297     4.902 f  dbg_hub/inst/BSCANID.u_xsdbm_id/SWITCH_N_EXT_BSCAN.bscan_switch/m_bscan_drck[0]_INST_0_i_1/O
                         net (fo=5, routed)           0.970     5.872    dbg_hub/inst/BSCANID.u_xsdbm_id/SWITCH_N_EXT_BSCAN.bscan_switch/m_bscan_drck[0]_INST_0_i_1_n_0
    SLICE_X12Y16         LUT4 (Prop_lut4_I3_O)        0.150     6.022 r  dbg_hub/inst/BSCANID.u_xsdbm_id/SWITCH_N_EXT_BSCAN.bscan_switch/m_bscan_sel[0]_INST_0/O
                         net (fo=2, routed)           1.014     7.036    dbg_hub/inst/BSCANID.u_xsdbm_id/CORE_XSDB.U_ICON/U_CMD/iTARGET_reg[6]_0
    SLICE_X15Y22         LUT1 (Prop_lut1_I0_O)        0.328     7.364 f  dbg_hub/inst/BSCANID.u_xsdbm_id/CORE_XSDB.U_ICON/U_CMD/iTARGET[15]_i_2/O
                         net (fo=10, routed)          0.620     7.984    dbg_hub/inst/BSCANID.u_xsdbm_id/CORE_XSDB.U_ICON/U_CMD/iSEL_n
    SLICE_X28Y22         FDCE                                         f  dbg_hub/inst/BSCANID.u_xsdbm_id/CORE_XSDB.U_ICON/U_CMD/iTARGET_reg[10]/CLR
  -------------------------------------------------------------------    -------------------

                         (clock dbg_hub/inst/BSCANID.u_xsdbm_id/SWITCH_N_EXT_BSCAN.bscan_inst/SERIES7_BSCAN.bscan_inst/TCK rise edge)
                                                     33.000    33.000 r  
    BSCAN_X0Y0           BSCANE2                      0.000    33.000 r  dbg_hub/inst/BSCANID.u_xsdbm_id/SWITCH_N_EXT_BSCAN.bscan_inst/SERIES7_BSCAN.bscan_inst/TCK
                         net (fo=1, routed)           1.593    34.593    dbg_hub/inst/BSCANID.u_xsdbm_id/tck_bs
    BUFGCTRL_X0Y1        BUFG (Prop_bufg_I_O)         0.091    34.684 r  dbg_hub/inst/BSCANID.u_xsdbm_id/SWITCH_N_EXT_BSCAN.u_bufg_icon_tck/O
                         net (fo=494, routed)         1.433    36.117    dbg_hub/inst/BSCANID.u_xsdbm_id/CORE_XSDB.U_ICON/U_CMD/m_bscan_tck[0]
    SLICE_X28Y22         FDCE                                         r  dbg_hub/inst/BSCANID.u_xsdbm_id/CORE_XSDB.U_ICON/U_CMD/iTARGET_reg[10]/C
                         clock pessimism              0.346    36.463    
                         clock uncertainty           -0.035    36.428    
    SLICE_X28Y22         FDCE (Recov_fdce_C_CLR)     -0.405    36.023    dbg_hub/inst/BSCANID.u_xsdbm_id/CORE_XSDB.U_ICON/U_CMD/iTARGET_reg[10]
  -------------------------------------------------------------------
                         required time                         36.023    
                         arrival time                          -7.984    
  -------------------------------------------------------------------
                         slack                                 28.039    

Slack (MET) :             28.039ns  (required time - arrival time)
  Source:                 dbg_hub/inst/BSCANID.u_xsdbm_id/SWITCH_N_EXT_BSCAN.bscan_switch/portno_reg[5]/C
                            (rising edge-triggered cell FDRE clocked by dbg_hub/inst/BSCANID.u_xsdbm_id/SWITCH_N_EXT_BSCAN.bscan_inst/SERIES7_BSCAN.bscan_inst/TCK  {rise@0.000ns fall@16.500ns period=33.000ns})
  Destination:            dbg_hub/inst/BSCANID.u_xsdbm_id/CORE_XSDB.U_ICON/U_CMD/iTARGET_reg[11]/CLR
                            (recovery check against rising-edge clock dbg_hub/inst/BSCANID.u_xsdbm_id/SWITCH_N_EXT_BSCAN.bscan_inst/SERIES7_BSCAN.bscan_inst/TCK  {rise@0.000ns fall@16.500ns period=33.000ns})
  Path Group:             **async_default**
  Path Type:              Recovery (Max at Slow Process Corner)
  Requirement:            33.000ns  (dbg_hub/inst/BSCANID.u_xsdbm_id/SWITCH_N_EXT_BSCAN.bscan_inst/SERIES7_BSCAN.bscan_inst/TCK rise@33.000ns - dbg_hub/inst/BSCANID.u_xsdbm_id/SWITCH_N_EXT_BSCAN.bscan_inst/SERIES7_BSCAN.bscan_inst/TCK rise@0.000ns)
  Data Path Delay:        4.472ns  (logic 1.194ns (26.702%)  route 3.278ns (73.298%))
  Logic Levels:           3  (LUT1=1 LUT4=1 LUT6=1)
  Clock Path Skew:        -0.049ns (DCD - SCD + CPR)
    Destination Clock Delay (DCD):    3.117ns = ( 36.117 - 33.000 ) 
    Source Clock Delay      (SCD):    3.512ns
    Clock Pessimism Removal (CPR):    0.346ns
  Clock Uncertainty:      0.035ns  ((TSJ^2 + TIJ^2)^1/2 + DJ) / 2 + PE
    Total System Jitter     (TSJ):    0.071ns
    Total Input Jitter      (TIJ):    0.000ns
    Discrete Jitter          (DJ):    0.000ns
    Phase Error              (PE):    0.000ns

    Location             Delay type                Incr(ns)  Path(ns)    Netlist Resource(s)
  -------------------------------------------------------------------    -------------------
                         (clock dbg_hub/inst/BSCANID.u_xsdbm_id/SWITCH_N_EXT_BSCAN.bscan_inst/SERIES7_BSCAN.bscan_inst/TCK rise edge)
                                                      0.000     0.000 r  
    BSCAN_X0Y0           BSCANE2                      0.000     0.000 r  dbg_hub/inst/BSCANID.u_xsdbm_id/SWITCH_N_EXT_BSCAN.bscan_inst/SERIES7_BSCAN.bscan_inst/TCK
                         net (fo=1, routed)           1.854     1.854    dbg_hub/inst/BSCANID.u_xsdbm_id/tck_bs
    BUFGCTRL_X0Y1        BUFG (Prop_bufg_I_O)         0.096     1.950 r  dbg_hub/inst/BSCANID.u_xsdbm_id/SWITCH_N_EXT_BSCAN.u_bufg_icon_tck/O
                         net (fo=494, routed)         1.562     3.512    dbg_hub/inst/BSCANID.u_xsdbm_id/SWITCH_N_EXT_BSCAN.bscan_switch/s_bscan_tck
    SLICE_X11Y15         FDRE                                         r  dbg_hub/inst/BSCANID.u_xsdbm_id/SWITCH_N_EXT_BSCAN.bscan_switch/portno_reg[5]/C
  -------------------------------------------------------------------    -------------------
    SLICE_X11Y15         FDRE (Prop_fdre_C_Q)         0.419     3.931 f  dbg_hub/inst/BSCANID.u_xsdbm_id/SWITCH_N_EXT_BSCAN.bscan_switch/portno_reg[5]/Q
                         net (fo=1, routed)           0.674     4.605    dbg_hub/inst/BSCANID.u_xsdbm_id/SWITCH_N_EXT_BSCAN.bscan_switch/portno[5]
    SLICE_X11Y15         LUT6 (Prop_lut6_I5_O)        0.297     4.902 f  dbg_hub/inst/BSCANID.u_xsdbm_id/SWITCH_N_EXT_BSCAN.bscan_switch/m_bscan_drck[0]_INST_0_i_1/O
                         net (fo=5, routed)           0.970     5.872    dbg_hub/inst/BSCANID.u_xsdbm_id/SWITCH_N_EXT_BSCAN.bscan_switch/m_bscan_drck[0]_INST_0_i_1_n_0
    SLICE_X12Y16         LUT4 (Prop_lut4_I3_O)        0.150     6.022 r  dbg_hub/inst/BSCANID.u_xsdbm_id/SWITCH_N_EXT_BSCAN.bscan_switch/m_bscan_sel[0]_INST_0/O
                         net (fo=2, routed)           1.014     7.036    dbg_hub/inst/BSCANID.u_xsdbm_id/CORE_XSDB.U_ICON/U_CMD/iTARGET_reg[6]_0
    SLICE_X15Y22         LUT1 (Prop_lut1_I0_O)        0.328     7.364 f  dbg_hub/inst/BSCANID.u_xsdbm_id/CORE_XSDB.U_ICON/U_CMD/iTARGET[15]_i_2/O
                         net (fo=10, routed)          0.620     7.984    dbg_hub/inst/BSCANID.u_xsdbm_id/CORE_XSDB.U_ICON/U_CMD/iSEL_n
    SLICE_X28Y22         FDCE                                         f  dbg_hub/inst/BSCANID.u_xsdbm_id/CORE_XSDB.U_ICON/U_CMD/iTARGET_reg[11]/CLR
  -------------------------------------------------------------------    -------------------

                         (clock dbg_hub/inst/BSCANID.u_xsdbm_id/SWITCH_N_EXT_BSCAN.bscan_inst/SERIES7_BSCAN.bscan_inst/TCK rise edge)
                                                     33.000    33.000 r  
    BSCAN_X0Y0           BSCANE2                      0.000    33.000 r  dbg_hub/inst/BSCANID.u_xsdbm_id/SWITCH_N_EXT_BSCAN.bscan_inst/SERIES7_BSCAN.bscan_inst/TCK
                         net (fo=1, routed)           1.593    34.593    dbg_hub/inst/BSCANID.u_xsdbm_id/tck_bs
    BUFGCTRL_X0Y1        BUFG (Prop_bufg_I_O)         0.091    34.684 r  dbg_hub/inst/BSCANID.u_xsdbm_id/SWITCH_N_EXT_BSCAN.u_bufg_icon_tck/O
                         net (fo=494, routed)         1.433    36.117    dbg_hub/inst/BSCANID.u_xsdbm_id/CORE_XSDB.U_ICON/U_CMD/m_bscan_tck[0]
    SLICE_X28Y22         FDCE                                         r  dbg_hub/inst/BSCANID.u_xsdbm_id/CORE_XSDB.U_ICON/U_CMD/iTARGET_reg[11]/C
                         clock pessimism              0.346    36.463    
                         clock uncertainty           -0.035    36.428    
    SLICE_X28Y22         FDCE (Recov_fdce_C_CLR)     -0.405    36.023    dbg_hub/inst/BSCANID.u_xsdbm_id/CORE_XSDB.U_ICON/U_CMD/iTARGET_reg[11]
  -------------------------------------------------------------------
                         required time                         36.023    
                         arrival time                          -7.984    
  -------------------------------------------------------------------
                         slack                                 28.039    

Slack (MET) :             28.039ns  (required time - arrival time)
  Source:                 dbg_hub/inst/BSCANID.u_xsdbm_id/SWITCH_N_EXT_BSCAN.bscan_switch/portno_reg[5]/C
                            (rising edge-triggered cell FDRE clocked by dbg_hub/inst/BSCANID.u_xsdbm_id/SWITCH_N_EXT_BSCAN.bscan_inst/SERIES7_BSCAN.bscan_inst/TCK  {rise@0.000ns fall@16.500ns period=33.000ns})
  Destination:            dbg_hub/inst/BSCANID.u_xsdbm_id/CORE_XSDB.U_ICON/U_CMD/iTARGET_reg[12]/CLR
                            (recovery check against rising-edge clock dbg_hub/inst/BSCANID.u_xsdbm_id/SWITCH_N_EXT_BSCAN.bscan_inst/SERIES7_BSCAN.bscan_inst/TCK  {rise@0.000ns fall@16.500ns period=33.000ns})
  Path Group:             **async_default**
  Path Type:              Recovery (Max at Slow Process Corner)
  Requirement:            33.000ns  (dbg_hub/inst/BSCANID.u_xsdbm_id/SWITCH_N_EXT_BSCAN.bscan_inst/SERIES7_BSCAN.bscan_inst/TCK rise@33.000ns - dbg_hub/inst/BSCANID.u_xsdbm_id/SWITCH_N_EXT_BSCAN.bscan_inst/SERIES7_BSCAN.bscan_inst/TCK rise@0.000ns)
  Data Path Delay:        4.472ns  (logic 1.194ns (26.702%)  route 3.278ns (73.298%))
  Logic Levels:           3  (LUT1=1 LUT4=1 LUT6=1)
  Clock Path Skew:        -0.049ns (DCD - SCD + CPR)
    Destination Clock Delay (DCD):    3.117ns = ( 36.117 - 33.000 ) 
    Source Clock Delay      (SCD):    3.512ns
    Clock Pessimism Removal (CPR):    0.346ns
  Clock Uncertainty:      0.035ns  ((TSJ^2 + TIJ^2)^1/2 + DJ) / 2 + PE
    Total System Jitter     (TSJ):    0.071ns
    Total Input Jitter      (TIJ):    0.000ns
    Discrete Jitter          (DJ):    0.000ns
    Phase Error              (PE):    0.000ns

    Location             Delay type                Incr(ns)  Path(ns)    Netlist Resource(s)
  -------------------------------------------------------------------    -------------------
                         (clock dbg_hub/inst/BSCANID.u_xsdbm_id/SWITCH_N_EXT_BSCAN.bscan_inst/SERIES7_BSCAN.bscan_inst/TCK rise edge)
                                                      0.000     0.000 r  
    BSCAN_X0Y0           BSCANE2                      0.000     0.000 r  dbg_hub/inst/BSCANID.u_xsdbm_id/SWITCH_N_EXT_BSCAN.bscan_inst/SERIES7_BSCAN.bscan_inst/TCK
                         net (fo=1, routed)           1.854     1.854    dbg_hub/inst/BSCANID.u_xsdbm_id/tck_bs
    BUFGCTRL_X0Y1        BUFG (Prop_bufg_I_O)         0.096     1.950 r  dbg_hub/inst/BSCANID.u_xsdbm_id/SWITCH_N_EXT_BSCAN.u_bufg_icon_tck/O
                         net (fo=494, routed)         1.562     3.512    dbg_hub/inst/BSCANID.u_xsdbm_id/SWITCH_N_EXT_BSCAN.bscan_switch/s_bscan_tck
    SLICE_X11Y15         FDRE                                         r  dbg_hub/inst/BSCANID.u_xsdbm_id/SWITCH_N_EXT_BSCAN.bscan_switch/portno_reg[5]/C
  -------------------------------------------------------------------    -------------------
    SLICE_X11Y15         FDRE (Prop_fdre_C_Q)         0.419     3.931 f  dbg_hub/inst/BSCANID.u_xsdbm_id/SWITCH_N_EXT_BSCAN.bscan_switch/portno_reg[5]/Q
                         net (fo=1, routed)           0.674     4.605    dbg_hub/inst/BSCANID.u_xsdbm_id/SWITCH_N_EXT_BSCAN.bscan_switch/portno[5]
    SLICE_X11Y15         LUT6 (Prop_lut6_I5_O)        0.297     4.902 f  dbg_hub/inst/BSCANID.u_xsdbm_id/SWITCH_N_EXT_BSCAN.bscan_switch/m_bscan_drck[0]_INST_0_i_1/O
                         net (fo=5, routed)           0.970     5.872    dbg_hub/inst/BSCANID.u_xsdbm_id/SWITCH_N_EXT_BSCAN.bscan_switch/m_bscan_drck[0]_INST_0_i_1_n_0
    SLICE_X12Y16         LUT4 (Prop_lut4_I3_O)        0.150     6.022 r  dbg_hub/inst/BSCANID.u_xsdbm_id/SWITCH_N_EXT_BSCAN.bscan_switch/m_bscan_sel[0]_INST_0/O
                         net (fo=2, routed)           1.014     7.036    dbg_hub/inst/BSCANID.u_xsdbm_id/CORE_XSDB.U_ICON/U_CMD/iTARGET_reg[6]_0
    SLICE_X15Y22         LUT1 (Prop_lut1_I0_O)        0.328     7.364 f  dbg_hub/inst/BSCANID.u_xsdbm_id/CORE_XSDB.U_ICON/U_CMD/iTARGET[15]_i_2/O
                         net (fo=10, routed)          0.620     7.984    dbg_hub/inst/BSCANID.u_xsdbm_id/CORE_XSDB.U_ICON/U_CMD/iSEL_n
    SLICE_X28Y22         FDCE                                         f  dbg_hub/inst/BSCANID.u_xsdbm_id/CORE_XSDB.U_ICON/U_CMD/iTARGET_reg[12]/CLR
  -------------------------------------------------------------------    -------------------

                         (clock dbg_hub/inst/BSCANID.u_xsdbm_id/SWITCH_N_EXT_BSCAN.bscan_inst/SERIES7_BSCAN.bscan_inst/TCK rise edge)
                                                     33.000    33.000 r  
    BSCAN_X0Y0           BSCANE2                      0.000    33.000 r  dbg_hub/inst/BSCANID.u_xsdbm_id/SWITCH_N_EXT_BSCAN.bscan_inst/SERIES7_BSCAN.bscan_inst/TCK
                         net (fo=1, routed)           1.593    34.593    dbg_hub/inst/BSCANID.u_xsdbm_id/tck_bs
    BUFGCTRL_X0Y1        BUFG (Prop_bufg_I_O)         0.091    34.684 r  dbg_hub/inst/BSCANID.u_xsdbm_id/SWITCH_N_EXT_BSCAN.u_bufg_icon_tck/O
                         net (fo=494, routed)         1.433    36.117    dbg_hub/inst/BSCANID.u_xsdbm_id/CORE_XSDB.U_ICON/U_CMD/m_bscan_tck[0]
    SLICE_X28Y22         FDCE                                         r  dbg_hub/inst/BSCANID.u_xsdbm_id/CORE_XSDB.U_ICON/U_CMD/iTARGET_reg[12]/C
                         clock pessimism              0.346    36.463    
                         clock uncertainty           -0.035    36.428    
    SLICE_X28Y22         FDCE (Recov_fdce_C_CLR)     -0.405    36.023    dbg_hub/inst/BSCANID.u_xsdbm_id/CORE_XSDB.U_ICON/U_CMD/iTARGET_reg[12]
  -------------------------------------------------------------------
                         required time                         36.023    
                         arrival time                          -7.984    
  -------------------------------------------------------------------
                         slack                                 28.039    

Slack (MET) :             28.039ns  (required time - arrival time)
  Source:                 dbg_hub/inst/BSCANID.u_xsdbm_id/SWITCH_N_EXT_BSCAN.bscan_switch/portno_reg[5]/C
                            (rising edge-triggered cell FDRE clocked by dbg_hub/inst/BSCANID.u_xsdbm_id/SWITCH_N_EXT_BSCAN.bscan_inst/SERIES7_BSCAN.bscan_inst/TCK  {rise@0.000ns fall@16.500ns period=33.000ns})
  Destination:            dbg_hub/inst/BSCANID.u_xsdbm_id/CORE_XSDB.U_ICON/U_CMD/iTARGET_reg[13]/CLR
                            (recovery check against rising-edge clock dbg_hub/inst/BSCANID.u_xsdbm_id/SWITCH_N_EXT_BSCAN.bscan_inst/SERIES7_BSCAN.bscan_inst/TCK  {rise@0.000ns fall@16.500ns period=33.000ns})
  Path Group:             **async_default**
  Path Type:              Recovery (Max at Slow Process Corner)
  Requirement:            33.000ns  (dbg_hub/inst/BSCANID.u_xsdbm_id/SWITCH_N_EXT_BSCAN.bscan_inst/SERIES7_BSCAN.bscan_inst/TCK rise@33.000ns - dbg_hub/inst/BSCANID.u_xsdbm_id/SWITCH_N_EXT_BSCAN.bscan_inst/SERIES7_BSCAN.bscan_inst/TCK rise@0.000ns)
  Data Path Delay:        4.472ns  (logic 1.194ns (26.702%)  route 3.278ns (73.298%))
  Logic Levels:           3  (LUT1=1 LUT4=1 LUT6=1)
  Clock Path Skew:        -0.049ns (DCD - SCD + CPR)
    Destination Clock Delay (DCD):    3.117ns = ( 36.117 - 33.000 ) 
    Source Clock Delay      (SCD):    3.512ns
    Clock Pessimism Removal (CPR):    0.346ns
  Clock Uncertainty:      0.035ns  ((TSJ^2 + TIJ^2)^1/2 + DJ) / 2 + PE
    Total System Jitter     (TSJ):    0.071ns
    Total Input Jitter      (TIJ):    0.000ns
    Discrete Jitter          (DJ):    0.000ns
    Phase Error              (PE):    0.000ns

    Location             Delay type                Incr(ns)  Path(ns)    Netlist Resource(s)
  -------------------------------------------------------------------    -------------------
                         (clock dbg_hub/inst/BSCANID.u_xsdbm_id/SWITCH_N_EXT_BSCAN.bscan_inst/SERIES7_BSCAN.bscan_inst/TCK rise edge)
                                                      0.000     0.000 r  
    BSCAN_X0Y0           BSCANE2                      0.000     0.000 r  dbg_hub/inst/BSCANID.u_xsdbm_id/SWITCH_N_EXT_BSCAN.bscan_inst/SERIES7_BSCAN.bscan_inst/TCK
                         net (fo=1, routed)           1.854     1.854    dbg_hub/inst/BSCANID.u_xsdbm_id/tck_bs
    BUFGCTRL_X0Y1        BUFG (Prop_bufg_I_O)         0.096     1.950 r  dbg_hub/inst/BSCANID.u_xsdbm_id/SWITCH_N_EXT_BSCAN.u_bufg_icon_tck/O
                         net (fo=494, routed)         1.562     3.512    dbg_hub/inst/BSCANID.u_xsdbm_id/SWITCH_N_EXT_BSCAN.bscan_switch/s_bscan_tck
    SLICE_X11Y15         FDRE                                         r  dbg_hub/inst/BSCANID.u_xsdbm_id/SWITCH_N_EXT_BSCAN.bscan_switch/portno_reg[5]/C
  -------------------------------------------------------------------    -------------------
    SLICE_X11Y15         FDRE (Prop_fdre_C_Q)         0.419     3.931 f  dbg_hub/inst/BSCANID.u_xsdbm_id/SWITCH_N_EXT_BSCAN.bscan_switch/portno_reg[5]/Q
                         net (fo=1, routed)           0.674     4.605    dbg_hub/inst/BSCANID.u_xsdbm_id/SWITCH_N_EXT_BSCAN.bscan_switch/portno[5]
    SLICE_X11Y15         LUT6 (Prop_lut6_I5_O)        0.297     4.902 f  dbg_hub/inst/BSCANID.u_xsdbm_id/SWITCH_N_EXT_BSCAN.bscan_switch/m_bscan_drck[0]_INST_0_i_1/O
                         net (fo=5, routed)           0.970     5.872    dbg_hub/inst/BSCANID.u_xsdbm_id/SWITCH_N_EXT_BSCAN.bscan_switch/m_bscan_drck[0]_INST_0_i_1_n_0
    SLICE_X12Y16         LUT4 (Prop_lut4_I3_O)        0.150     6.022 r  dbg_hub/inst/BSCANID.u_xsdbm_id/SWITCH_N_EXT_BSCAN.bscan_switch/m_bscan_sel[0]_INST_0/O
                         net (fo=2, routed)           1.014     7.036    dbg_hub/inst/BSCANID.u_xsdbm_id/CORE_XSDB.U_ICON/U_CMD/iTARGET_reg[6]_0
    SLICE_X15Y22         LUT1 (Prop_lut1_I0_O)        0.328     7.364 f  dbg_hub/inst/BSCANID.u_xsdbm_id/CORE_XSDB.U_ICON/U_CMD/iTARGET[15]_i_2/O
                         net (fo=10, routed)          0.620     7.984    dbg_hub/inst/BSCANID.u_xsdbm_id/CORE_XSDB.U_ICON/U_CMD/iSEL_n
    SLICE_X28Y22         FDCE                                         f  dbg_hub/inst/BSCANID.u_xsdbm_id/CORE_XSDB.U_ICON/U_CMD/iTARGET_reg[13]/CLR
  -------------------------------------------------------------------    -------------------

                         (clock dbg_hub/inst/BSCANID.u_xsdbm_id/SWITCH_N_EXT_BSCAN.bscan_inst/SERIES7_BSCAN.bscan_inst/TCK rise edge)
                                                     33.000    33.000 r  
    BSCAN_X0Y0           BSCANE2                      0.000    33.000 r  dbg_hub/inst/BSCANID.u_xsdbm_id/SWITCH_N_EXT_BSCAN.bscan_inst/SERIES7_BSCAN.bscan_inst/TCK
                         net (fo=1, routed)           1.593    34.593    dbg_hub/inst/BSCANID.u_xsdbm_id/tck_bs
    BUFGCTRL_X0Y1        BUFG (Prop_bufg_I_O)         0.091    34.684 r  dbg_hub/inst/BSCANID.u_xsdbm_id/SWITCH_N_EXT_BSCAN.u_bufg_icon_tck/O
                         net (fo=494, routed)         1.433    36.117    dbg_hub/inst/BSCANID.u_xsdbm_id/CORE_XSDB.U_ICON/U_CMD/m_bscan_tck[0]
    SLICE_X28Y22         FDCE                                         r  dbg_hub/inst/BSCANID.u_xsdbm_id/CORE_XSDB.U_ICON/U_CMD/iTARGET_reg[13]/C
                         clock pessimism              0.346    36.463    
                         clock uncertainty           -0.035    36.428    
    SLICE_X28Y22         FDCE (Recov_fdce_C_CLR)     -0.405    36.023    dbg_hub/inst/BSCANID.u_xsdbm_id/CORE_XSDB.U_ICON/U_CMD/iTARGET_reg[13]
  -------------------------------------------------------------------
                         required time                         36.023    
                         arrival time                          -7.984    
  -------------------------------------------------------------------
                         slack                                 28.039    

Slack (MET) :             28.039ns  (required time - arrival time)
  Source:                 dbg_hub/inst/BSCANID.u_xsdbm_id/SWITCH_N_EXT_BSCAN.bscan_switch/portno_reg[5]/C
                            (rising edge-triggered cell FDRE clocked by dbg_hub/inst/BSCANID.u_xsdbm_id/SWITCH_N_EXT_BSCAN.bscan_inst/SERIES7_BSCAN.bscan_inst/TCK  {rise@0.000ns fall@16.500ns period=33.000ns})
  Destination:            dbg_hub/inst/BSCANID.u_xsdbm_id/CORE_XSDB.U_ICON/U_CMD/iTARGET_reg[15]/CLR
                            (recovery check against rising-edge clock dbg_hub/inst/BSCANID.u_xsdbm_id/SWITCH_N_EXT_BSCAN.bscan_inst/SERIES7_BSCAN.bscan_inst/TCK  {rise@0.000ns fall@16.500ns period=33.000ns})
  Path Group:             **async_default**
  Path Type:              Recovery (Max at Slow Process Corner)
  Requirement:            33.000ns  (dbg_hub/inst/BSCANID.u_xsdbm_id/SWITCH_N_EXT_BSCAN.bscan_inst/SERIES7_BSCAN.bscan_inst/TCK rise@33.000ns - dbg_hub/inst/BSCANID.u_xsdbm_id/SWITCH_N_EXT_BSCAN.bscan_inst/SERIES7_BSCAN.bscan_inst/TCK rise@0.000ns)
  Data Path Delay:        4.472ns  (logic 1.194ns (26.702%)  route 3.278ns (73.298%))
  Logic Levels:           3  (LUT1=1 LUT4=1 LUT6=1)
  Clock Path Skew:        -0.049ns (DCD - SCD + CPR)
    Destination Clock Delay (DCD):    3.117ns = ( 36.117 - 33.000 ) 
    Source Clock Delay      (SCD):    3.512ns
    Clock Pessimism Removal (CPR):    0.346ns
  Clock Uncertainty:      0.035ns  ((TSJ^2 + TIJ^2)^1/2 + DJ) / 2 + PE
    Total System Jitter     (TSJ):    0.071ns
    Total Input Jitter      (TIJ):    0.000ns
    Discrete Jitter          (DJ):    0.000ns
    Phase Error              (PE):    0.000ns

    Location             Delay type                Incr(ns)  Path(ns)    Netlist Resource(s)
  -------------------------------------------------------------------    -------------------
                         (clock dbg_hub/inst/BSCANID.u_xsdbm_id/SWITCH_N_EXT_BSCAN.bscan_inst/SERIES7_BSCAN.bscan_inst/TCK rise edge)
                                                      0.000     0.000 r  
    BSCAN_X0Y0           BSCANE2                      0.000     0.000 r  dbg_hub/inst/BSCANID.u_xsdbm_id/SWITCH_N_EXT_BSCAN.bscan_inst/SERIES7_BSCAN.bscan_inst/TCK
                         net (fo=1, routed)           1.854     1.854    dbg_hub/inst/BSCANID.u_xsdbm_id/tck_bs
    BUFGCTRL_X0Y1        BUFG (Prop_bufg_I_O)         0.096     1.950 r  dbg_hub/inst/BSCANID.u_xsdbm_id/SWITCH_N_EXT_BSCAN.u_bufg_icon_tck/O
                         net (fo=494, routed)         1.562     3.512    dbg_hub/inst/BSCANID.u_xsdbm_id/SWITCH_N_EXT_BSCAN.bscan_switch/s_bscan_tck
    SLICE_X11Y15         FDRE                                         r  dbg_hub/inst/BSCANID.u_xsdbm_id/SWITCH_N_EXT_BSCAN.bscan_switch/portno_reg[5]/C
  -------------------------------------------------------------------    -------------------
    SLICE_X11Y15         FDRE (Prop_fdre_C_Q)         0.419     3.931 f  dbg_hub/inst/BSCANID.u_xsdbm_id/SWITCH_N_EXT_BSCAN.bscan_switch/portno_reg[5]/Q
                         net (fo=1, routed)           0.674     4.605    dbg_hub/inst/BSCANID.u_xsdbm_id/SWITCH_N_EXT_BSCAN.bscan_switch/portno[5]
    SLICE_X11Y15         LUT6 (Prop_lut6_I5_O)        0.297     4.902 f  dbg_hub/inst/BSCANID.u_xsdbm_id/SWITCH_N_EXT_BSCAN.bscan_switch/m_bscan_drck[0]_INST_0_i_1/O
                         net (fo=5, routed)           0.970     5.872    dbg_hub/inst/BSCANID.u_xsdbm_id/SWITCH_N_EXT_BSCAN.bscan_switch/m_bscan_drck[0]_INST_0_i_1_n_0
    SLICE_X12Y16         LUT4 (Prop_lut4_I3_O)        0.150     6.022 r  dbg_hub/inst/BSCANID.u_xsdbm_id/SWITCH_N_EXT_BSCAN.bscan_switch/m_bscan_sel[0]_INST_0/O
                         net (fo=2, routed)           1.014     7.036    dbg_hub/inst/BSCANID.u_xsdbm_id/CORE_XSDB.U_ICON/U_CMD/iTARGET_reg[6]_0
    SLICE_X15Y22         LUT1 (Prop_lut1_I0_O)        0.328     7.364 f  dbg_hub/inst/BSCANID.u_xsdbm_id/CORE_XSDB.U_ICON/U_CMD/iTARGET[15]_i_2/O
                         net (fo=10, routed)          0.620     7.984    dbg_hub/inst/BSCANID.u_xsdbm_id/CORE_XSDB.U_ICON/U_CMD/iSEL_n
    SLICE_X28Y22         FDCE                                         f  dbg_hub/inst/BSCANID.u_xsdbm_id/CORE_XSDB.U_ICON/U_CMD/iTARGET_reg[15]/CLR
  -------------------------------------------------------------------    -------------------

                         (clock dbg_hub/inst/BSCANID.u_xsdbm_id/SWITCH_N_EXT_BSCAN.bscan_inst/SERIES7_BSCAN.bscan_inst/TCK rise edge)
                                                     33.000    33.000 r  
    BSCAN_X0Y0           BSCANE2                      0.000    33.000 r  dbg_hub/inst/BSCANID.u_xsdbm_id/SWITCH_N_EXT_BSCAN.bscan_inst/SERIES7_BSCAN.bscan_inst/TCK
                         net (fo=1, routed)           1.593    34.593    dbg_hub/inst/BSCANID.u_xsdbm_id/tck_bs
    BUFGCTRL_X0Y1        BUFG (Prop_bufg_I_O)         0.091    34.684 r  dbg_hub/inst/BSCANID.u_xsdbm_id/SWITCH_N_EXT_BSCAN.u_bufg_icon_tck/O
                         net (fo=494, routed)         1.433    36.117    dbg_hub/inst/BSCANID.u_xsdbm_id/CORE_XSDB.U_ICON/U_CMD/m_bscan_tck[0]
    SLICE_X28Y22         FDCE                                         r  dbg_hub/inst/BSCANID.u_xsdbm_id/CORE_XSDB.U_ICON/U_CMD/iTARGET_reg[15]/C
                         clock pessimism              0.346    36.463    
                         clock uncertainty           -0.035    36.428    
    SLICE_X28Y22         FDCE (Recov_fdce_C_CLR)     -0.405    36.023    dbg_hub/inst/BSCANID.u_xsdbm_id/CORE_XSDB.U_ICON/U_CMD/iTARGET_reg[15]
  -------------------------------------------------------------------
                         required time                         36.023    
                         arrival time                          -7.984    
  -------------------------------------------------------------------
                         slack                                 28.039    

Slack (MET) :             28.039ns  (required time - arrival time)
  Source:                 dbg_hub/inst/BSCANID.u_xsdbm_id/SWITCH_N_EXT_BSCAN.bscan_switch/portno_reg[5]/C
                            (rising edge-triggered cell FDRE clocked by dbg_hub/inst/BSCANID.u_xsdbm_id/SWITCH_N_EXT_BSCAN.bscan_inst/SERIES7_BSCAN.bscan_inst/TCK  {rise@0.000ns fall@16.500ns period=33.000ns})
  Destination:            dbg_hub/inst/BSCANID.u_xsdbm_id/CORE_XSDB.U_ICON/U_CMD/iTARGET_reg[8]/CLR
                            (recovery check against rising-edge clock dbg_hub/inst/BSCANID.u_xsdbm_id/SWITCH_N_EXT_BSCAN.bscan_inst/SERIES7_BSCAN.bscan_inst/TCK  {rise@0.000ns fall@16.500ns period=33.000ns})
  Path Group:             **async_default**
  Path Type:              Recovery (Max at Slow Process Corner)
  Requirement:            33.000ns  (dbg_hub/inst/BSCANID.u_xsdbm_id/SWITCH_N_EXT_BSCAN.bscan_inst/SERIES7_BSCAN.bscan_inst/TCK rise@33.000ns - dbg_hub/inst/BSCANID.u_xsdbm_id/SWITCH_N_EXT_BSCAN.bscan_inst/SERIES7_BSCAN.bscan_inst/TCK rise@0.000ns)
  Data Path Delay:        4.472ns  (logic 1.194ns (26.702%)  route 3.278ns (73.298%))
  Logic Levels:           3  (LUT1=1 LUT4=1 LUT6=1)
  Clock Path Skew:        -0.049ns (DCD - SCD + CPR)
    Destination Clock Delay (DCD):    3.117ns = ( 36.117 - 33.000 ) 
    Source Clock Delay      (SCD):    3.512ns
    Clock Pessimism Removal (CPR):    0.346ns
  Clock Uncertainty:      0.035ns  ((TSJ^2 + TIJ^2)^1/2 + DJ) / 2 + PE
    Total System Jitter     (TSJ):    0.071ns
    Total Input Jitter      (TIJ):    0.000ns
    Discrete Jitter          (DJ):    0.000ns
    Phase Error              (PE):    0.000ns

    Location             Delay type                Incr(ns)  Path(ns)    Netlist Resource(s)
  -------------------------------------------------------------------    -------------------
                         (clock dbg_hub/inst/BSCANID.u_xsdbm_id/SWITCH_N_EXT_BSCAN.bscan_inst/SERIES7_BSCAN.bscan_inst/TCK rise edge)
                                                      0.000     0.000 r  
    BSCAN_X0Y0           BSCANE2                      0.000     0.000 r  dbg_hub/inst/BSCANID.u_xsdbm_id/SWITCH_N_EXT_BSCAN.bscan_inst/SERIES7_BSCAN.bscan_inst/TCK
                         net (fo=1, routed)           1.854     1.854    dbg_hub/inst/BSCANID.u_xsdbm_id/tck_bs
    BUFGCTRL_X0Y1        BUFG (Prop_bufg_I_O)         0.096     1.950 r  dbg_hub/inst/BSCANID.u_xsdbm_id/SWITCH_N_EXT_BSCAN.u_bufg_icon_tck/O
                         net (fo=494, routed)         1.562     3.512    dbg_hub/inst/BSCANID.u_xsdbm_id/SWITCH_N_EXT_BSCAN.bscan_switch/s_bscan_tck
    SLICE_X11Y15         FDRE                                         r  dbg_hub/inst/BSCANID.u_xsdbm_id/SWITCH_N_EXT_BSCAN.bscan_switch/portno_reg[5]/C
  -------------------------------------------------------------------    -------------------
    SLICE_X11Y15         FDRE (Prop_fdre_C_Q)         0.419     3.931 f  dbg_hub/inst/BSCANID.u_xsdbm_id/SWITCH_N_EXT_BSCAN.bscan_switch/portno_reg[5]/Q
                         net (fo=1, routed)           0.674     4.605    dbg_hub/inst/BSCANID.u_xsdbm_id/SWITCH_N_EXT_BSCAN.bscan_switch/portno[5]
    SLICE_X11Y15         LUT6 (Prop_lut6_I5_O)        0.297     4.902 f  dbg_hub/inst/BSCANID.u_xsdbm_id/SWITCH_N_EXT_BSCAN.bscan_switch/m_bscan_drck[0]_INST_0_i_1/O
                         net (fo=5, routed)           0.970     5.872    dbg_hub/inst/BSCANID.u_xsdbm_id/SWITCH_N_EXT_BSCAN.bscan_switch/m_bscan_drck[0]_INST_0_i_1_n_0
    SLICE_X12Y16         LUT4 (Prop_lut4_I3_O)        0.150     6.022 r  dbg_hub/inst/BSCANID.u_xsdbm_id/SWITCH_N_EXT_BSCAN.bscan_switch/m_bscan_sel[0]_INST_0/O
                         net (fo=2, routed)           1.014     7.036    dbg_hub/inst/BSCANID.u_xsdbm_id/CORE_XSDB.U_ICON/U_CMD/iTARGET_reg[6]_0
    SLICE_X15Y22         LUT1 (Prop_lut1_I0_O)        0.328     7.364 f  dbg_hub/inst/BSCANID.u_xsdbm_id/CORE_XSDB.U_ICON/U_CMD/iTARGET[15]_i_2/O
                         net (fo=10, routed)          0.620     7.984    dbg_hub/inst/BSCANID.u_xsdbm_id/CORE_XSDB.U_ICON/U_CMD/iSEL_n
    SLICE_X28Y22         FDCE                                         f  dbg_hub/inst/BSCANID.u_xsdbm_id/CORE_XSDB.U_ICON/U_CMD/iTARGET_reg[8]/CLR
  -------------------------------------------------------------------    -------------------

                         (clock dbg_hub/inst/BSCANID.u_xsdbm_id/SWITCH_N_EXT_BSCAN.bscan_inst/SERIES7_BSCAN.bscan_inst/TCK rise edge)
                                                     33.000    33.000 r  
    BSCAN_X0Y0           BSCANE2                      0.000    33.000 r  dbg_hub/inst/BSCANID.u_xsdbm_id/SWITCH_N_EXT_BSCAN.bscan_inst/SERIES7_BSCAN.bscan_inst/TCK
                         net (fo=1, routed)           1.593    34.593    dbg_hub/inst/BSCANID.u_xsdbm_id/tck_bs
    BUFGCTRL_X0Y1        BUFG (Prop_bufg_I_O)         0.091    34.684 r  dbg_hub/inst/BSCANID.u_xsdbm_id/SWITCH_N_EXT_BSCAN.u_bufg_icon_tck/O
                         net (fo=494, routed)         1.433    36.117    dbg_hub/inst/BSCANID.u_xsdbm_id/CORE_XSDB.U_ICON/U_CMD/m_bscan_tck[0]
    SLICE_X28Y22         FDCE                                         r  dbg_hub/inst/BSCANID.u_xsdbm_id/CORE_XSDB.U_ICON/U_CMD/iTARGET_reg[8]/C
                         clock pessimism              0.346    36.463    
                         clock uncertainty           -0.035    36.428    
    SLICE_X28Y22         FDCE (Recov_fdce_C_CLR)     -0.405    36.023    dbg_hub/inst/BSCANID.u_xsdbm_id/CORE_XSDB.U_ICON/U_CMD/iTARGET_reg[8]
  -------------------------------------------------------------------
                         required time                         36.023    
                         arrival time                          -7.984    
  -------------------------------------------------------------------
                         slack                                 28.039    

Slack (MET) :             28.039ns  (required time - arrival time)
  Source:                 dbg_hub/inst/BSCANID.u_xsdbm_id/SWITCH_N_EXT_BSCAN.bscan_switch/portno_reg[5]/C
                            (rising edge-triggered cell FDRE clocked by dbg_hub/inst/BSCANID.u_xsdbm_id/SWITCH_N_EXT_BSCAN.bscan_inst/SERIES7_BSCAN.bscan_inst/TCK  {rise@0.000ns fall@16.500ns period=33.000ns})
  Destination:            dbg_hub/inst/BSCANID.u_xsdbm_id/CORE_XSDB.U_ICON/U_CMD/iTARGET_reg[9]/CLR
                            (recovery check against rising-edge clock dbg_hub/inst/BSCANID.u_xsdbm_id/SWITCH_N_EXT_BSCAN.bscan_inst/SERIES7_BSCAN.bscan_inst/TCK  {rise@0.000ns fall@16.500ns period=33.000ns})
  Path Group:             **async_default**
  Path Type:              Recovery (Max at Slow Process Corner)
  Requirement:            33.000ns  (dbg_hub/inst/BSCANID.u_xsdbm_id/SWITCH_N_EXT_BSCAN.bscan_inst/SERIES7_BSCAN.bscan_inst/TCK rise@33.000ns - dbg_hub/inst/BSCANID.u_xsdbm_id/SWITCH_N_EXT_BSCAN.bscan_inst/SERIES7_BSCAN.bscan_inst/TCK rise@0.000ns)
  Data Path Delay:        4.472ns  (logic 1.194ns (26.702%)  route 3.278ns (73.298%))
  Logic Levels:           3  (LUT1=1 LUT4=1 LUT6=1)
  Clock Path Skew:        -0.049ns (DCD - SCD + CPR)
    Destination Clock Delay (DCD):    3.117ns = ( 36.117 - 33.000 ) 
    Source Clock Delay      (SCD):    3.512ns
    Clock Pessimism Removal (CPR):    0.346ns
  Clock Uncertainty:      0.035ns  ((TSJ^2 + TIJ^2)^1/2 + DJ) / 2 + PE
    Total System Jitter     (TSJ):    0.071ns
    Total Input Jitter      (TIJ):    0.000ns
    Discrete Jitter          (DJ):    0.000ns
    Phase Error              (PE):    0.000ns

    Location             Delay type                Incr(ns)  Path(ns)    Netlist Resource(s)
  -------------------------------------------------------------------    -------------------
                         (clock dbg_hub/inst/BSCANID.u_xsdbm_id/SWITCH_N_EXT_BSCAN.bscan_inst/SERIES7_BSCAN.bscan_inst/TCK rise edge)
                                                      0.000     0.000 r  
    BSCAN_X0Y0           BSCANE2                      0.000     0.000 r  dbg_hub/inst/BSCANID.u_xsdbm_id/SWITCH_N_EXT_BSCAN.bscan_inst/SERIES7_BSCAN.bscan_inst/TCK
                         net (fo=1, routed)           1.854     1.854    dbg_hub/inst/BSCANID.u_xsdbm_id/tck_bs
    BUFGCTRL_X0Y1        BUFG (Prop_bufg_I_O)         0.096     1.950 r  dbg_hub/inst/BSCANID.u_xsdbm_id/SWITCH_N_EXT_BSCAN.u_bufg_icon_tck/O
                         net (fo=494, routed)         1.562     3.512    dbg_hub/inst/BSCANID.u_xsdbm_id/SWITCH_N_EXT_BSCAN.bscan_switch/s_bscan_tck
    SLICE_X11Y15         FDRE                                         r  dbg_hub/inst/BSCANID.u_xsdbm_id/SWITCH_N_EXT_BSCAN.bscan_switch/portno_reg[5]/C
  -------------------------------------------------------------------    -------------------
    SLICE_X11Y15         FDRE (Prop_fdre_C_Q)         0.419     3.931 f  dbg_hub/inst/BSCANID.u_xsdbm_id/SWITCH_N_EXT_BSCAN.bscan_switch/portno_reg[5]/Q
                         net (fo=1, routed)           0.674     4.605    dbg_hub/inst/BSCANID.u_xsdbm_id/SWITCH_N_EXT_BSCAN.bscan_switch/portno[5]
    SLICE_X11Y15         LUT6 (Prop_lut6_I5_O)        0.297     4.902 f  dbg_hub/inst/BSCANID.u_xsdbm_id/SWITCH_N_EXT_BSCAN.bscan_switch/m_bscan_drck[0]_INST_0_i_1/O
                         net (fo=5, routed)           0.970     5.872    dbg_hub/inst/BSCANID.u_xsdbm_id/SWITCH_N_EXT_BSCAN.bscan_switch/m_bscan_drck[0]_INST_0_i_1_n_0
    SLICE_X12Y16         LUT4 (Prop_lut4_I3_O)        0.150     6.022 r  dbg_hub/inst/BSCANID.u_xsdbm_id/SWITCH_N_EXT_BSCAN.bscan_switch/m_bscan_sel[0]_INST_0/O
                         net (fo=2, routed)           1.014     7.036    dbg_hub/inst/BSCANID.u_xsdbm_id/CORE_XSDB.U_ICON/U_CMD/iTARGET_reg[6]_0
    SLICE_X15Y22         LUT1 (Prop_lut1_I0_O)        0.328     7.364 f  dbg_hub/inst/BSCANID.u_xsdbm_id/CORE_XSDB.U_ICON/U_CMD/iTARGET[15]_i_2/O
                         net (fo=10, routed)          0.620     7.984    dbg_hub/inst/BSCANID.u_xsdbm_id/CORE_XSDB.U_ICON/U_CMD/iSEL_n
    SLICE_X28Y22         FDCE                                         f  dbg_hub/inst/BSCANID.u_xsdbm_id/CORE_XSDB.U_ICON/U_CMD/iTARGET_reg[9]/CLR
  -------------------------------------------------------------------    -------------------

                         (clock dbg_hub/inst/BSCANID.u_xsdbm_id/SWITCH_N_EXT_BSCAN.bscan_inst/SERIES7_BSCAN.bscan_inst/TCK rise edge)
                                                     33.000    33.000 r  
    BSCAN_X0Y0           BSCANE2                      0.000    33.000 r  dbg_hub/inst/BSCANID.u_xsdbm_id/SWITCH_N_EXT_BSCAN.bscan_inst/SERIES7_BSCAN.bscan_inst/TCK
                         net (fo=1, routed)           1.593    34.593    dbg_hub/inst/BSCANID.u_xsdbm_id/tck_bs
    BUFGCTRL_X0Y1        BUFG (Prop_bufg_I_O)         0.091    34.684 r  dbg_hub/inst/BSCANID.u_xsdbm_id/SWITCH_N_EXT_BSCAN.u_bufg_icon_tck/O
                         net (fo=494, routed)         1.433    36.117    dbg_hub/inst/BSCANID.u_xsdbm_id/CORE_XSDB.U_ICON/U_CMD/m_bscan_tck[0]
    SLICE_X28Y22         FDCE                                         r  dbg_hub/inst/BSCANID.u_xsdbm_id/CORE_XSDB.U_ICON/U_CMD/iTARGET_reg[9]/C
                         clock pessimism              0.346    36.463    
                         clock uncertainty           -0.035    36.428    
    SLICE_X28Y22         FDCE (Recov_fdce_C_CLR)     -0.405    36.023    dbg_hub/inst/BSCANID.u_xsdbm_id/CORE_XSDB.U_ICON/U_CMD/iTARGET_reg[9]
  -------------------------------------------------------------------
                         required time                         36.023    
                         arrival time                          -7.984    
  -------------------------------------------------------------------
                         slack                                 28.039    





Min Delay Paths
--------------------------------------------------------------------------------------
Slack (MET) :             0.386ns  (arrival time - required time)
  Source:                 dbg_hub/inst/BSCANID.u_xsdbm_id/CORE_XSDB.UUT_MASTER/U_ICON_INTERFACE/U_CMD6_WR/U_WR_FIFO/SUBCORE_FIFO.xsdbm_v3_0_0_wrfifo_inst/inst_fifo_gen/gconvfifo.rf/grf.rf/rstblk/ngwrdrst.grst.g7serrst.wr_rst_reg_reg[1]/C
                            (rising edge-triggered cell FDPE clocked by dbg_hub/inst/BSCANID.u_xsdbm_id/SWITCH_N_EXT_BSCAN.bscan_inst/SERIES7_BSCAN.bscan_inst/TCK  {rise@0.000ns fall@16.500ns period=33.000ns})
  Destination:            dbg_hub/inst/BSCANID.u_xsdbm_id/CORE_XSDB.UUT_MASTER/U_ICON_INTERFACE/U_CMD6_WR/U_WR_FIFO/SUBCORE_FIFO.xsdbm_v3_0_0_wrfifo_inst/inst_fifo_gen/gconvfifo.rf/grf.rf/gntv_or_sync_fifo.gl0.wr/wpntr/gic0.gc0.count_d1_reg[2]/CLR
                            (removal check against rising-edge clock dbg_hub/inst/BSCANID.u_xsdbm_id/SWITCH_N_EXT_BSCAN.bscan_inst/SERIES7_BSCAN.bscan_inst/TCK  {rise@0.000ns fall@16.500ns period=33.000ns})
  Path Group:             **async_default**
  Path Type:              Removal (Min at Fast Process Corner)
  Requirement:            0.000ns  (dbg_hub/inst/BSCANID.u_xsdbm_id/SWITCH_N_EXT_BSCAN.bscan_inst/SERIES7_BSCAN.bscan_inst/TCK rise@0.000ns - dbg_hub/inst/BSCANID.u_xsdbm_id/SWITCH_N_EXT_BSCAN.bscan_inst/SERIES7_BSCAN.bscan_inst/TCK rise@0.000ns)
  Data Path Delay:        0.351ns  (logic 0.164ns (46.668%)  route 0.187ns (53.332%))
  Logic Levels:           0  
  Clock Path Skew:        0.032ns (DCD - SCD - CPR)
    Destination Clock Delay (DCD):    1.701ns
    Source Clock Delay      (SCD):    1.316ns
    Clock Pessimism Removal (CPR):    0.353ns

    Location             Delay type                Incr(ns)  Path(ns)    Netlist Resource(s)
  -------------------------------------------------------------------    -------------------
                         (clock dbg_hub/inst/BSCANID.u_xsdbm_id/SWITCH_N_EXT_BSCAN.bscan_inst/SERIES7_BSCAN.bscan_inst/TCK rise edge)
                                                      0.000     0.000 r  
    BSCAN_X0Y0           BSCANE2                      0.000     0.000 r  dbg_hub/inst/BSCANID.u_xsdbm_id/SWITCH_N_EXT_BSCAN.bscan_inst/SERIES7_BSCAN.bscan_inst/TCK
                         net (fo=1, routed)           0.742     0.742    dbg_hub/inst/BSCANID.u_xsdbm_id/tck_bs
    BUFGCTRL_X0Y1        BUFG (Prop_bufg_I_O)         0.026     0.768 r  dbg_hub/inst/BSCANID.u_xsdbm_id/SWITCH_N_EXT_BSCAN.u_bufg_icon_tck/O
                         net (fo=494, routed)         0.549     1.316    dbg_hub/inst/BSCANID.u_xsdbm_id/CORE_XSDB.UUT_MASTER/U_ICON_INTERFACE/U_CMD6_WR/U_WR_FIFO/SUBCORE_FIFO.xsdbm_v3_0_0_wrfifo_inst/inst_fifo_gen/gconvfifo.rf/grf.rf/rstblk/wr_clk
    SLICE_X34Y24         FDPE                                         r  dbg_hub/inst/BSCANID.u_xsdbm_id/CORE_XSDB.UUT_MASTER/U_ICON_INTERFACE/U_CMD6_WR/U_WR_FIFO/SUBCORE_FIFO.xsdbm_v3_0_0_wrfifo_inst/inst_fifo_gen/gconvfifo.rf/grf.rf/rstblk/ngwrdrst.grst.g7serrst.wr_rst_reg_reg[1]/C
  -------------------------------------------------------------------    -------------------
    SLICE_X34Y24         FDPE (Prop_fdpe_C_Q)         0.164     1.480 f  dbg_hub/inst/BSCANID.u_xsdbm_id/CORE_XSDB.UUT_MASTER/U_ICON_INTERFACE/U_CMD6_WR/U_WR_FIFO/SUBCORE_FIFO.xsdbm_v3_0_0_wrfifo_inst/inst_fifo_gen/gconvfifo.rf/grf.rf/rstblk/ngwrdrst.grst.g7serrst.wr_rst_reg_reg[1]/Q
                         net (fo=12, routed)          0.187     1.668    dbg_hub/inst/BSCANID.u_xsdbm_id/CORE_XSDB.UUT_MASTER/U_ICON_INTERFACE/U_CMD6_WR/U_WR_FIFO/SUBCORE_FIFO.xsdbm_v3_0_0_wrfifo_inst/inst_fifo_gen/gconvfifo.rf/grf.rf/gntv_or_sync_fifo.gl0.wr/wpntr/gic0.gc0.count_reg[0]_0[0]
    SLICE_X34Y25         FDCE                                         f  dbg_hub/inst/BSCANID.u_xsdbm_id/CORE_XSDB.UUT_MASTER/U_ICON_INTERFACE/U_CMD6_WR/U_WR_FIFO/SUBCORE_FIFO.xsdbm_v3_0_0_wrfifo_inst/inst_fifo_gen/gconvfifo.rf/grf.rf/gntv_or_sync_fifo.gl0.wr/wpntr/gic0.gc0.count_d1_reg[2]/CLR
  -------------------------------------------------------------------    -------------------

                         (clock dbg_hub/inst/BSCANID.u_xsdbm_id/SWITCH_N_EXT_BSCAN.bscan_inst/SERIES7_BSCAN.bscan_inst/TCK rise edge)
                                                      0.000     0.000 r  
    BSCAN_X0Y0           BSCANE2                      0.000     0.000 r  dbg_hub/inst/BSCANID.u_xsdbm_id/SWITCH_N_EXT_BSCAN.bscan_inst/SERIES7_BSCAN.bscan_inst/TCK
                         net (fo=1, routed)           0.858     0.858    dbg_hub/inst/BSCANID.u_xsdbm_id/tck_bs
    BUFGCTRL_X0Y1        BUFG (Prop_bufg_I_O)         0.029     0.887 r  dbg_hub/inst/BSCANID.u_xsdbm_id/SWITCH_N_EXT_BSCAN.u_bufg_icon_tck/O
                         net (fo=494, routed)         0.815     1.701    dbg_hub/inst/BSCANID.u_xsdbm_id/CORE_XSDB.UUT_MASTER/U_ICON_INTERFACE/U_CMD6_WR/U_WR_FIFO/SUBCORE_FIFO.xsdbm_v3_0_0_wrfifo_inst/inst_fifo_gen/gconvfifo.rf/grf.rf/gntv_or_sync_fifo.gl0.wr/wpntr/wr_clk
    SLICE_X34Y25         FDCE                                         r  dbg_hub/inst/BSCANID.u_xsdbm_id/CORE_XSDB.UUT_MASTER/U_ICON_INTERFACE/U_CMD6_WR/U_WR_FIFO/SUBCORE_FIFO.xsdbm_v3_0_0_wrfifo_inst/inst_fifo_gen/gconvfifo.rf/grf.rf/gntv_or_sync_fifo.gl0.wr/wpntr/gic0.gc0.count_d1_reg[2]/C
                         clock pessimism             -0.353     1.348    
    SLICE_X34Y25         FDCE (Remov_fdce_C_CLR)     -0.067     1.281    dbg_hub/inst/BSCANID.u_xsdbm_id/CORE_XSDB.UUT_MASTER/U_ICON_INTERFACE/U_CMD6_WR/U_WR_FIFO/SUBCORE_FIFO.xsdbm_v3_0_0_wrfifo_inst/inst_fifo_gen/gconvfifo.rf/grf.rf/gntv_or_sync_fifo.gl0.wr/wpntr/gic0.gc0.count_d1_reg[2]
  -------------------------------------------------------------------
                         required time                         -1.281    
                         arrival time                           1.668    
  -------------------------------------------------------------------
                         slack                                  0.386    

Slack (MET) :             0.386ns  (arrival time - required time)
  Source:                 dbg_hub/inst/BSCANID.u_xsdbm_id/CORE_XSDB.UUT_MASTER/U_ICON_INTERFACE/U_CMD6_WR/U_WR_FIFO/SUBCORE_FIFO.xsdbm_v3_0_0_wrfifo_inst/inst_fifo_gen/gconvfifo.rf/grf.rf/rstblk/ngwrdrst.grst.g7serrst.wr_rst_reg_reg[1]/C
                            (rising edge-triggered cell FDPE clocked by dbg_hub/inst/BSCANID.u_xsdbm_id/SWITCH_N_EXT_BSCAN.bscan_inst/SERIES7_BSCAN.bscan_inst/TCK  {rise@0.000ns fall@16.500ns period=33.000ns})
  Destination:            dbg_hub/inst/BSCANID.u_xsdbm_id/CORE_XSDB.UUT_MASTER/U_ICON_INTERFACE/U_CMD6_WR/U_WR_FIFO/SUBCORE_FIFO.xsdbm_v3_0_0_wrfifo_inst/inst_fifo_gen/gconvfifo.rf/grf.rf/gntv_or_sync_fifo.gl0.wr/wpntr/gic0.gc0.count_d1_reg[3]/CLR
                            (removal check against rising-edge clock dbg_hub/inst/BSCANID.u_xsdbm_id/SWITCH_N_EXT_BSCAN.bscan_inst/SERIES7_BSCAN.bscan_inst/TCK  {rise@0.000ns fall@16.500ns period=33.000ns})
  Path Group:             **async_default**
  Path Type:              Removal (Min at Fast Process Corner)
  Requirement:            0.000ns  (dbg_hub/inst/BSCANID.u_xsdbm_id/SWITCH_N_EXT_BSCAN.bscan_inst/SERIES7_BSCAN.bscan_inst/TCK rise@0.000ns - dbg_hub/inst/BSCANID.u_xsdbm_id/SWITCH_N_EXT_BSCAN.bscan_inst/SERIES7_BSCAN.bscan_inst/TCK rise@0.000ns)
  Data Path Delay:        0.351ns  (logic 0.164ns (46.668%)  route 0.187ns (53.332%))
  Logic Levels:           0  
  Clock Path Skew:        0.032ns (DCD - SCD - CPR)
    Destination Clock Delay (DCD):    1.701ns
    Source Clock Delay      (SCD):    1.316ns
    Clock Pessimism Removal (CPR):    0.353ns

    Location             Delay type                Incr(ns)  Path(ns)    Netlist Resource(s)
  -------------------------------------------------------------------    -------------------
                         (clock dbg_hub/inst/BSCANID.u_xsdbm_id/SWITCH_N_EXT_BSCAN.bscan_inst/SERIES7_BSCAN.bscan_inst/TCK rise edge)
                                                      0.000     0.000 r  
    BSCAN_X0Y0           BSCANE2                      0.000     0.000 r  dbg_hub/inst/BSCANID.u_xsdbm_id/SWITCH_N_EXT_BSCAN.bscan_inst/SERIES7_BSCAN.bscan_inst/TCK
                         net (fo=1, routed)           0.742     0.742    dbg_hub/inst/BSCANID.u_xsdbm_id/tck_bs
    BUFGCTRL_X0Y1        BUFG (Prop_bufg_I_O)         0.026     0.768 r  dbg_hub/inst/BSCANID.u_xsdbm_id/SWITCH_N_EXT_BSCAN.u_bufg_icon_tck/O
                         net (fo=494, routed)         0.549     1.316    dbg_hub/inst/BSCANID.u_xsdbm_id/CORE_XSDB.UUT_MASTER/U_ICON_INTERFACE/U_CMD6_WR/U_WR_FIFO/SUBCORE_FIFO.xsdbm_v3_0_0_wrfifo_inst/inst_fifo_gen/gconvfifo.rf/grf.rf/rstblk/wr_clk
    SLICE_X34Y24         FDPE                                         r  dbg_hub/inst/BSCANID.u_xsdbm_id/CORE_XSDB.UUT_MASTER/U_ICON_INTERFACE/U_CMD6_WR/U_WR_FIFO/SUBCORE_FIFO.xsdbm_v3_0_0_wrfifo_inst/inst_fifo_gen/gconvfifo.rf/grf.rf/rstblk/ngwrdrst.grst.g7serrst.wr_rst_reg_reg[1]/C
  -------------------------------------------------------------------    -------------------
    SLICE_X34Y24         FDPE (Prop_fdpe_C_Q)         0.164     1.480 f  dbg_hub/inst/BSCANID.u_xsdbm_id/CORE_XSDB.UUT_MASTER/U_ICON_INTERFACE/U_CMD6_WR/U_WR_FIFO/SUBCORE_FIFO.xsdbm_v3_0_0_wrfifo_inst/inst_fifo_gen/gconvfifo.rf/grf.rf/rstblk/ngwrdrst.grst.g7serrst.wr_rst_reg_reg[1]/Q
                         net (fo=12, routed)          0.187     1.668    dbg_hub/inst/BSCANID.u_xsdbm_id/CORE_XSDB.UUT_MASTER/U_ICON_INTERFACE/U_CMD6_WR/U_WR_FIFO/SUBCORE_FIFO.xsdbm_v3_0_0_wrfifo_inst/inst_fifo_gen/gconvfifo.rf/grf.rf/gntv_or_sync_fifo.gl0.wr/wpntr/gic0.gc0.count_reg[0]_0[0]
    SLICE_X34Y25         FDCE                                         f  dbg_hub/inst/BSCANID.u_xsdbm_id/CORE_XSDB.UUT_MASTER/U_ICON_INTERFACE/U_CMD6_WR/U_WR_FIFO/SUBCORE_FIFO.xsdbm_v3_0_0_wrfifo_inst/inst_fifo_gen/gconvfifo.rf/grf.rf/gntv_or_sync_fifo.gl0.wr/wpntr/gic0.gc0.count_d1_reg[3]/CLR
  -------------------------------------------------------------------    -------------------

                         (clock dbg_hub/inst/BSCANID.u_xsdbm_id/SWITCH_N_EXT_BSCAN.bscan_inst/SERIES7_BSCAN.bscan_inst/TCK rise edge)
                                                      0.000     0.000 r  
    BSCAN_X0Y0           BSCANE2                      0.000     0.000 r  dbg_hub/inst/BSCANID.u_xsdbm_id/SWITCH_N_EXT_BSCAN.bscan_inst/SERIES7_BSCAN.bscan_inst/TCK
                         net (fo=1, routed)           0.858     0.858    dbg_hub/inst/BSCANID.u_xsdbm_id/tck_bs
    BUFGCTRL_X0Y1        BUFG (Prop_bufg_I_O)         0.029     0.887 r  dbg_hub/inst/BSCANID.u_xsdbm_id/SWITCH_N_EXT_BSCAN.u_bufg_icon_tck/O
                         net (fo=494, routed)         0.815     1.701    dbg_hub/inst/BSCANID.u_xsdbm_id/CORE_XSDB.UUT_MASTER/U_ICON_INTERFACE/U_CMD6_WR/U_WR_FIFO/SUBCORE_FIFO.xsdbm_v3_0_0_wrfifo_inst/inst_fifo_gen/gconvfifo.rf/grf.rf/gntv_or_sync_fifo.gl0.wr/wpntr/wr_clk
    SLICE_X34Y25         FDCE                                         r  dbg_hub/inst/BSCANID.u_xsdbm_id/CORE_XSDB.UUT_MASTER/U_ICON_INTERFACE/U_CMD6_WR/U_WR_FIFO/SUBCORE_FIFO.xsdbm_v3_0_0_wrfifo_inst/inst_fifo_gen/gconvfifo.rf/grf.rf/gntv_or_sync_fifo.gl0.wr/wpntr/gic0.gc0.count_d1_reg[3]/C
                         clock pessimism             -0.353     1.348    
    SLICE_X34Y25         FDCE (Remov_fdce_C_CLR)     -0.067     1.281    dbg_hub/inst/BSCANID.u_xsdbm_id/CORE_XSDB.UUT_MASTER/U_ICON_INTERFACE/U_CMD6_WR/U_WR_FIFO/SUBCORE_FIFO.xsdbm_v3_0_0_wrfifo_inst/inst_fifo_gen/gconvfifo.rf/grf.rf/gntv_or_sync_fifo.gl0.wr/wpntr/gic0.gc0.count_d1_reg[3]
  -------------------------------------------------------------------
                         required time                         -1.281    
                         arrival time                           1.668    
  -------------------------------------------------------------------
                         slack                                  0.386    

Slack (MET) :             0.386ns  (arrival time - required time)
  Source:                 dbg_hub/inst/BSCANID.u_xsdbm_id/CORE_XSDB.UUT_MASTER/U_ICON_INTERFACE/U_CMD6_WR/U_WR_FIFO/SUBCORE_FIFO.xsdbm_v3_0_0_wrfifo_inst/inst_fifo_gen/gconvfifo.rf/grf.rf/rstblk/ngwrdrst.grst.g7serrst.wr_rst_reg_reg[1]/C
                            (rising edge-triggered cell FDPE clocked by dbg_hub/inst/BSCANID.u_xsdbm_id/SWITCH_N_EXT_BSCAN.bscan_inst/SERIES7_BSCAN.bscan_inst/TCK  {rise@0.000ns fall@16.500ns period=33.000ns})
  Destination:            dbg_hub/inst/BSCANID.u_xsdbm_id/CORE_XSDB.UUT_MASTER/U_ICON_INTERFACE/U_CMD6_WR/U_WR_FIFO/SUBCORE_FIFO.xsdbm_v3_0_0_wrfifo_inst/inst_fifo_gen/gconvfifo.rf/grf.rf/gntv_or_sync_fifo.gl0.wr/wpntr/gic0.gc0.count_d2_reg[2]/CLR
                            (removal check against rising-edge clock dbg_hub/inst/BSCANID.u_xsdbm_id/SWITCH_N_EXT_BSCAN.bscan_inst/SERIES7_BSCAN.bscan_inst/TCK  {rise@0.000ns fall@16.500ns period=33.000ns})
  Path Group:             **async_default**
  Path Type:              Removal (Min at Fast Process Corner)
  Requirement:            0.000ns  (dbg_hub/inst/BSCANID.u_xsdbm_id/SWITCH_N_EXT_BSCAN.bscan_inst/SERIES7_BSCAN.bscan_inst/TCK rise@0.000ns - dbg_hub/inst/BSCANID.u_xsdbm_id/SWITCH_N_EXT_BSCAN.bscan_inst/SERIES7_BSCAN.bscan_inst/TCK rise@0.000ns)
  Data Path Delay:        0.351ns  (logic 0.164ns (46.668%)  route 0.187ns (53.332%))
  Logic Levels:           0  
  Clock Path Skew:        0.032ns (DCD - SCD - CPR)
    Destination Clock Delay (DCD):    1.701ns
    Source Clock Delay      (SCD):    1.316ns
    Clock Pessimism Removal (CPR):    0.353ns

    Location             Delay type                Incr(ns)  Path(ns)    Netlist Resource(s)
  -------------------------------------------------------------------    -------------------
                         (clock dbg_hub/inst/BSCANID.u_xsdbm_id/SWITCH_N_EXT_BSCAN.bscan_inst/SERIES7_BSCAN.bscan_inst/TCK rise edge)
                                                      0.000     0.000 r  
    BSCAN_X0Y0           BSCANE2                      0.000     0.000 r  dbg_hub/inst/BSCANID.u_xsdbm_id/SWITCH_N_EXT_BSCAN.bscan_inst/SERIES7_BSCAN.bscan_inst/TCK
                         net (fo=1, routed)           0.742     0.742    dbg_hub/inst/BSCANID.u_xsdbm_id/tck_bs
    BUFGCTRL_X0Y1        BUFG (Prop_bufg_I_O)         0.026     0.768 r  dbg_hub/inst/BSCANID.u_xsdbm_id/SWITCH_N_EXT_BSCAN.u_bufg_icon_tck/O
                         net (fo=494, routed)         0.549     1.316    dbg_hub/inst/BSCANID.u_xsdbm_id/CORE_XSDB.UUT_MASTER/U_ICON_INTERFACE/U_CMD6_WR/U_WR_FIFO/SUBCORE_FIFO.xsdbm_v3_0_0_wrfifo_inst/inst_fifo_gen/gconvfifo.rf/grf.rf/rstblk/wr_clk
    SLICE_X34Y24         FDPE                                         r  dbg_hub/inst/BSCANID.u_xsdbm_id/CORE_XSDB.UUT_MASTER/U_ICON_INTERFACE/U_CMD6_WR/U_WR_FIFO/SUBCORE_FIFO.xsdbm_v3_0_0_wrfifo_inst/inst_fifo_gen/gconvfifo.rf/grf.rf/rstblk/ngwrdrst.grst.g7serrst.wr_rst_reg_reg[1]/C
  -------------------------------------------------------------------    -------------------
    SLICE_X34Y24         FDPE (Prop_fdpe_C_Q)         0.164     1.480 f  dbg_hub/inst/BSCANID.u_xsdbm_id/CORE_XSDB.UUT_MASTER/U_ICON_INTERFACE/U_CMD6_WR/U_WR_FIFO/SUBCORE_FIFO.xsdbm_v3_0_0_wrfifo_inst/inst_fifo_gen/gconvfifo.rf/grf.rf/rstblk/ngwrdrst.grst.g7serrst.wr_rst_reg_reg[1]/Q
                         net (fo=12, routed)          0.187     1.668    dbg_hub/inst/BSCANID.u_xsdbm_id/CORE_XSDB.UUT_MASTER/U_ICON_INTERFACE/U_CMD6_WR/U_WR_FIFO/SUBCORE_FIFO.xsdbm_v3_0_0_wrfifo_inst/inst_fifo_gen/gconvfifo.rf/grf.rf/gntv_or_sync_fifo.gl0.wr/wpntr/gic0.gc0.count_reg[0]_0[0]
    SLICE_X34Y25         FDCE                                         f  dbg_hub/inst/BSCANID.u_xsdbm_id/CORE_XSDB.UUT_MASTER/U_ICON_INTERFACE/U_CMD6_WR/U_WR_FIFO/SUBCORE_FIFO.xsdbm_v3_0_0_wrfifo_inst/inst_fifo_gen/gconvfifo.rf/grf.rf/gntv_or_sync_fifo.gl0.wr/wpntr/gic0.gc0.count_d2_reg[2]/CLR
  -------------------------------------------------------------------    -------------------

                         (clock dbg_hub/inst/BSCANID.u_xsdbm_id/SWITCH_N_EXT_BSCAN.bscan_inst/SERIES7_BSCAN.bscan_inst/TCK rise edge)
                                                      0.000     0.000 r  
    BSCAN_X0Y0           BSCANE2                      0.000     0.000 r  dbg_hub/inst/BSCANID.u_xsdbm_id/SWITCH_N_EXT_BSCAN.bscan_inst/SERIES7_BSCAN.bscan_inst/TCK
                         net (fo=1, routed)           0.858     0.858    dbg_hub/inst/BSCANID.u_xsdbm_id/tck_bs
    BUFGCTRL_X0Y1        BUFG (Prop_bufg_I_O)         0.029     0.887 r  dbg_hub/inst/BSCANID.u_xsdbm_id/SWITCH_N_EXT_BSCAN.u_bufg_icon_tck/O
                         net (fo=494, routed)         0.815     1.701    dbg_hub/inst/BSCANID.u_xsdbm_id/CORE_XSDB.UUT_MASTER/U_ICON_INTERFACE/U_CMD6_WR/U_WR_FIFO/SUBCORE_FIFO.xsdbm_v3_0_0_wrfifo_inst/inst_fifo_gen/gconvfifo.rf/grf.rf/gntv_or_sync_fifo.gl0.wr/wpntr/wr_clk
    SLICE_X34Y25         FDCE                                         r  dbg_hub/inst/BSCANID.u_xsdbm_id/CORE_XSDB.UUT_MASTER/U_ICON_INTERFACE/U_CMD6_WR/U_WR_FIFO/SUBCORE_FIFO.xsdbm_v3_0_0_wrfifo_inst/inst_fifo_gen/gconvfifo.rf/grf.rf/gntv_or_sync_fifo.gl0.wr/wpntr/gic0.gc0.count_d2_reg[2]/C
                         clock pessimism             -0.353     1.348    
    SLICE_X34Y25         FDCE (Remov_fdce_C_CLR)     -0.067     1.281    dbg_hub/inst/BSCANID.u_xsdbm_id/CORE_XSDB.UUT_MASTER/U_ICON_INTERFACE/U_CMD6_WR/U_WR_FIFO/SUBCORE_FIFO.xsdbm_v3_0_0_wrfifo_inst/inst_fifo_gen/gconvfifo.rf/grf.rf/gntv_or_sync_fifo.gl0.wr/wpntr/gic0.gc0.count_d2_reg[2]
  -------------------------------------------------------------------
                         required time                         -1.281    
                         arrival time                           1.668    
  -------------------------------------------------------------------
                         slack                                  0.386    

Slack (MET) :             0.386ns  (arrival time - required time)
  Source:                 dbg_hub/inst/BSCANID.u_xsdbm_id/CORE_XSDB.UUT_MASTER/U_ICON_INTERFACE/U_CMD6_WR/U_WR_FIFO/SUBCORE_FIFO.xsdbm_v3_0_0_wrfifo_inst/inst_fifo_gen/gconvfifo.rf/grf.rf/rstblk/ngwrdrst.grst.g7serrst.wr_rst_reg_reg[1]/C
                            (rising edge-triggered cell FDPE clocked by dbg_hub/inst/BSCANID.u_xsdbm_id/SWITCH_N_EXT_BSCAN.bscan_inst/SERIES7_BSCAN.bscan_inst/TCK  {rise@0.000ns fall@16.500ns period=33.000ns})
  Destination:            dbg_hub/inst/BSCANID.u_xsdbm_id/CORE_XSDB.UUT_MASTER/U_ICON_INTERFACE/U_CMD6_WR/U_WR_FIFO/SUBCORE_FIFO.xsdbm_v3_0_0_wrfifo_inst/inst_fifo_gen/gconvfifo.rf/grf.rf/gntv_or_sync_fifo.gl0.wr/wpntr/gic0.gc0.count_d2_reg[3]/CLR
                            (removal check against rising-edge clock dbg_hub/inst/BSCANID.u_xsdbm_id/SWITCH_N_EXT_BSCAN.bscan_inst/SERIES7_BSCAN.bscan_inst/TCK  {rise@0.000ns fall@16.500ns period=33.000ns})
  Path Group:             **async_default**
  Path Type:              Removal (Min at Fast Process Corner)
  Requirement:            0.000ns  (dbg_hub/inst/BSCANID.u_xsdbm_id/SWITCH_N_EXT_BSCAN.bscan_inst/SERIES7_BSCAN.bscan_inst/TCK rise@0.000ns - dbg_hub/inst/BSCANID.u_xsdbm_id/SWITCH_N_EXT_BSCAN.bscan_inst/SERIES7_BSCAN.bscan_inst/TCK rise@0.000ns)
  Data Path Delay:        0.351ns  (logic 0.164ns (46.668%)  route 0.187ns (53.332%))
  Logic Levels:           0  
  Clock Path Skew:        0.032ns (DCD - SCD - CPR)
    Destination Clock Delay (DCD):    1.701ns
    Source Clock Delay      (SCD):    1.316ns
    Clock Pessimism Removal (CPR):    0.353ns

    Location             Delay type                Incr(ns)  Path(ns)    Netlist Resource(s)
  -------------------------------------------------------------------    -------------------
                         (clock dbg_hub/inst/BSCANID.u_xsdbm_id/SWITCH_N_EXT_BSCAN.bscan_inst/SERIES7_BSCAN.bscan_inst/TCK rise edge)
                                                      0.000     0.000 r  
    BSCAN_X0Y0           BSCANE2                      0.000     0.000 r  dbg_hub/inst/BSCANID.u_xsdbm_id/SWITCH_N_EXT_BSCAN.bscan_inst/SERIES7_BSCAN.bscan_inst/TCK
                         net (fo=1, routed)           0.742     0.742    dbg_hub/inst/BSCANID.u_xsdbm_id/tck_bs
    BUFGCTRL_X0Y1        BUFG (Prop_bufg_I_O)         0.026     0.768 r  dbg_hub/inst/BSCANID.u_xsdbm_id/SWITCH_N_EXT_BSCAN.u_bufg_icon_tck/O
                         net (fo=494, routed)         0.549     1.316    dbg_hub/inst/BSCANID.u_xsdbm_id/CORE_XSDB.UUT_MASTER/U_ICON_INTERFACE/U_CMD6_WR/U_WR_FIFO/SUBCORE_FIFO.xsdbm_v3_0_0_wrfifo_inst/inst_fifo_gen/gconvfifo.rf/grf.rf/rstblk/wr_clk
    SLICE_X34Y24         FDPE                                         r  dbg_hub/inst/BSCANID.u_xsdbm_id/CORE_XSDB.UUT_MASTER/U_ICON_INTERFACE/U_CMD6_WR/U_WR_FIFO/SUBCORE_FIFO.xsdbm_v3_0_0_wrfifo_inst/inst_fifo_gen/gconvfifo.rf/grf.rf/rstblk/ngwrdrst.grst.g7serrst.wr_rst_reg_reg[1]/C
  -------------------------------------------------------------------    -------------------
    SLICE_X34Y24         FDPE (Prop_fdpe_C_Q)         0.164     1.480 f  dbg_hub/inst/BSCANID.u_xsdbm_id/CORE_XSDB.UUT_MASTER/U_ICON_INTERFACE/U_CMD6_WR/U_WR_FIFO/SUBCORE_FIFO.xsdbm_v3_0_0_wrfifo_inst/inst_fifo_gen/gconvfifo.rf/grf.rf/rstblk/ngwrdrst.grst.g7serrst.wr_rst_reg_reg[1]/Q
                         net (fo=12, routed)          0.187     1.668    dbg_hub/inst/BSCANID.u_xsdbm_id/CORE_XSDB.UUT_MASTER/U_ICON_INTERFACE/U_CMD6_WR/U_WR_FIFO/SUBCORE_FIFO.xsdbm_v3_0_0_wrfifo_inst/inst_fifo_gen/gconvfifo.rf/grf.rf/gntv_or_sync_fifo.gl0.wr/wpntr/gic0.gc0.count_reg[0]_0[0]
    SLICE_X34Y25         FDCE                                         f  dbg_hub/inst/BSCANID.u_xsdbm_id/CORE_XSDB.UUT_MASTER/U_ICON_INTERFACE/U_CMD6_WR/U_WR_FIFO/SUBCORE_FIFO.xsdbm_v3_0_0_wrfifo_inst/inst_fifo_gen/gconvfifo.rf/grf.rf/gntv_or_sync_fifo.gl0.wr/wpntr/gic0.gc0.count_d2_reg[3]/CLR
  -------------------------------------------------------------------    -------------------

                         (clock dbg_hub/inst/BSCANID.u_xsdbm_id/SWITCH_N_EXT_BSCAN.bscan_inst/SERIES7_BSCAN.bscan_inst/TCK rise edge)
                                                      0.000     0.000 r  
    BSCAN_X0Y0           BSCANE2                      0.000     0.000 r  dbg_hub/inst/BSCANID.u_xsdbm_id/SWITCH_N_EXT_BSCAN.bscan_inst/SERIES7_BSCAN.bscan_inst/TCK
                         net (fo=1, routed)           0.858     0.858    dbg_hub/inst/BSCANID.u_xsdbm_id/tck_bs
    BUFGCTRL_X0Y1        BUFG (Prop_bufg_I_O)         0.029     0.887 r  dbg_hub/inst/BSCANID.u_xsdbm_id/SWITCH_N_EXT_BSCAN.u_bufg_icon_tck/O
                         net (fo=494, routed)         0.815     1.701    dbg_hub/inst/BSCANID.u_xsdbm_id/CORE_XSDB.UUT_MASTER/U_ICON_INTERFACE/U_CMD6_WR/U_WR_FIFO/SUBCORE_FIFO.xsdbm_v3_0_0_wrfifo_inst/inst_fifo_gen/gconvfifo.rf/grf.rf/gntv_or_sync_fifo.gl0.wr/wpntr/wr_clk
    SLICE_X34Y25         FDCE                                         r  dbg_hub/inst/BSCANID.u_xsdbm_id/CORE_XSDB.UUT_MASTER/U_ICON_INTERFACE/U_CMD6_WR/U_WR_FIFO/SUBCORE_FIFO.xsdbm_v3_0_0_wrfifo_inst/inst_fifo_gen/gconvfifo.rf/grf.rf/gntv_or_sync_fifo.gl0.wr/wpntr/gic0.gc0.count_d2_reg[3]/C
                         clock pessimism             -0.353     1.348    
    SLICE_X34Y25         FDCE (Remov_fdce_C_CLR)     -0.067     1.281    dbg_hub/inst/BSCANID.u_xsdbm_id/CORE_XSDB.UUT_MASTER/U_ICON_INTERFACE/U_CMD6_WR/U_WR_FIFO/SUBCORE_FIFO.xsdbm_v3_0_0_wrfifo_inst/inst_fifo_gen/gconvfifo.rf/grf.rf/gntv_or_sync_fifo.gl0.wr/wpntr/gic0.gc0.count_d2_reg[3]
  -------------------------------------------------------------------
                         required time                         -1.281    
                         arrival time                           1.668    
  -------------------------------------------------------------------
                         slack                                  0.386    

Slack (MET) :             0.423ns  (arrival time - required time)
  Source:                 dbg_hub/inst/BSCANID.u_xsdbm_id/CORE_XSDB.UUT_MASTER/U_ICON_INTERFACE/U_CMD6_RD/U_RD_FIFO/SUBCORE_FIFO.xsdbm_v3_0_0_rdfifo_inst/inst_fifo_gen/gconvfifo.rf/grf.rf/rstblk/ngwrdrst.grst.g7serrst.rd_rst_reg_reg[2]/C
                            (rising edge-triggered cell FDPE clocked by dbg_hub/inst/BSCANID.u_xsdbm_id/SWITCH_N_EXT_BSCAN.bscan_inst/SERIES7_BSCAN.bscan_inst/TCK  {rise@0.000ns fall@16.500ns period=33.000ns})
  Destination:            dbg_hub/inst/BSCANID.u_xsdbm_id/CORE_XSDB.UUT_MASTER/U_ICON_INTERFACE/U_CMD6_RD/U_RD_FIFO/SUBCORE_FIFO.xsdbm_v3_0_0_rdfifo_inst/inst_fifo_gen/gconvfifo.rf/grf.rf/gntv_or_sync_fifo.gl0.rd/gr1.gr1_int.rfwft/gpregsm1.curr_fwft_state_reg[0]/CLR
                            (removal check against rising-edge clock dbg_hub/inst/BSCANID.u_xsdbm_id/SWITCH_N_EXT_BSCAN.bscan_inst/SERIES7_BSCAN.bscan_inst/TCK  {rise@0.000ns fall@16.500ns period=33.000ns})
  Path Group:             **async_default**
  Path Type:              Removal (Min at Fast Process Corner)
  Requirement:            0.000ns  (dbg_hub/inst/BSCANID.u_xsdbm_id/SWITCH_N_EXT_BSCAN.bscan_inst/SERIES7_BSCAN.bscan_inst/TCK rise@0.000ns - dbg_hub/inst/BSCANID.u_xsdbm_id/SWITCH_N_EXT_BSCAN.bscan_inst/SERIES7_BSCAN.bscan_inst/TCK rise@0.000ns)
  Data Path Delay:        0.345ns  (logic 0.164ns (47.505%)  route 0.181ns (52.495%))
  Logic Levels:           0  
  Clock Path Skew:        0.014ns (DCD - SCD - CPR)
    Destination Clock Delay (DCD):    1.709ns
    Source Clock Delay      (SCD):    1.322ns
    Clock Pessimism Removal (CPR):    0.373ns

    Location             Delay type                Incr(ns)  Path(ns)    Netlist Resource(s)
  -------------------------------------------------------------------    -------------------
                         (clock dbg_hub/inst/BSCANID.u_xsdbm_id/SWITCH_N_EXT_BSCAN.bscan_inst/SERIES7_BSCAN.bscan_inst/TCK rise edge)
                                                      0.000     0.000 r  
    BSCAN_X0Y0           BSCANE2                      0.000     0.000 r  dbg_hub/inst/BSCANID.u_xsdbm_id/SWITCH_N_EXT_BSCAN.bscan_inst/SERIES7_BSCAN.bscan_inst/TCK
                         net (fo=1, routed)           0.742     0.742    dbg_hub/inst/BSCANID.u_xsdbm_id/tck_bs
    BUFGCTRL_X0Y1        BUFG (Prop_bufg_I_O)         0.026     0.768 r  dbg_hub/inst/BSCANID.u_xsdbm_id/SWITCH_N_EXT_BSCAN.u_bufg_icon_tck/O
                         net (fo=494, routed)         0.555     1.322    dbg_hub/inst/BSCANID.u_xsdbm_id/CORE_XSDB.UUT_MASTER/U_ICON_INTERFACE/U_CMD6_RD/U_RD_FIFO/SUBCORE_FIFO.xsdbm_v3_0_0_rdfifo_inst/inst_fifo_gen/gconvfifo.rf/grf.rf/rstblk/rd_clk
    SLICE_X42Y19         FDPE                                         r  dbg_hub/inst/BSCANID.u_xsdbm_id/CORE_XSDB.UUT_MASTER/U_ICON_INTERFACE/U_CMD6_RD/U_RD_FIFO/SUBCORE_FIFO.xsdbm_v3_0_0_rdfifo_inst/inst_fifo_gen/gconvfifo.rf/grf.rf/rstblk/ngwrdrst.grst.g7serrst.rd_rst_reg_reg[2]/C
  -------------------------------------------------------------------    -------------------
    SLICE_X42Y19         FDPE (Prop_fdpe_C_Q)         0.164     1.486 f  dbg_hub/inst/BSCANID.u_xsdbm_id/CORE_XSDB.UUT_MASTER/U_ICON_INTERFACE/U_CMD6_RD/U_RD_FIFO/SUBCORE_FIFO.xsdbm_v3_0_0_rdfifo_inst/inst_fifo_gen/gconvfifo.rf/grf.rf/rstblk/ngwrdrst.grst.g7serrst.rd_rst_reg_reg[2]/Q
                         net (fo=18, routed)          0.181     1.668    dbg_hub/inst/BSCANID.u_xsdbm_id/CORE_XSDB.UUT_MASTER/U_ICON_INTERFACE/U_CMD6_RD/U_RD_FIFO/SUBCORE_FIFO.xsdbm_v3_0_0_rdfifo_inst/inst_fifo_gen/gconvfifo.rf/grf.rf/gntv_or_sync_fifo.gl0.rd/gr1.gr1_int.rfwft/out[1]
    SLICE_X41Y19         FDCE                                         f  dbg_hub/inst/BSCANID.u_xsdbm_id/CORE_XSDB.UUT_MASTER/U_ICON_INTERFACE/U_CMD6_RD/U_RD_FIFO/SUBCORE_FIFO.xsdbm_v3_0_0_rdfifo_inst/inst_fifo_gen/gconvfifo.rf/grf.rf/gntv_or_sync_fifo.gl0.rd/gr1.gr1_int.rfwft/gpregsm1.curr_fwft_state_reg[0]/CLR
  -------------------------------------------------------------------    -------------------

                         (clock dbg_hub/inst/BSCANID.u_xsdbm_id/SWITCH_N_EXT_BSCAN.bscan_inst/SERIES7_BSCAN.bscan_inst/TCK rise edge)
                                                      0.000     0.000 r  
    BSCAN_X0Y0           BSCANE2                      0.000     0.000 r  dbg_hub/inst/BSCANID.u_xsdbm_id/SWITCH_N_EXT_BSCAN.bscan_inst/SERIES7_BSCAN.bscan_inst/TCK
                         net (fo=1, routed)           0.858     0.858    dbg_hub/inst/BSCANID.u_xsdbm_id/tck_bs
    BUFGCTRL_X0Y1        BUFG (Prop_bufg_I_O)         0.029     0.887 r  dbg_hub/inst/BSCANID.u_xsdbm_id/SWITCH_N_EXT_BSCAN.u_bufg_icon_tck/O
                         net (fo=494, routed)         0.823     1.709    dbg_hub/inst/BSCANID.u_xsdbm_id/CORE_XSDB.UUT_MASTER/U_ICON_INTERFACE/U_CMD6_RD/U_RD_FIFO/SUBCORE_FIFO.xsdbm_v3_0_0_rdfifo_inst/inst_fifo_gen/gconvfifo.rf/grf.rf/gntv_or_sync_fifo.gl0.rd/gr1.gr1_int.rfwft/rd_clk
    SLICE_X41Y19         FDCE                                         r  dbg_hub/inst/BSCANID.u_xsdbm_id/CORE_XSDB.UUT_MASTER/U_ICON_INTERFACE/U_CMD6_RD/U_RD_FIFO/SUBCORE_FIFO.xsdbm_v3_0_0_rdfifo_inst/inst_fifo_gen/gconvfifo.rf/grf.rf/gntv_or_sync_fifo.gl0.rd/gr1.gr1_int.rfwft/gpregsm1.curr_fwft_state_reg[0]/C
                         clock pessimism             -0.373     1.336    
    SLICE_X41Y19         FDCE (Remov_fdce_C_CLR)     -0.092     1.244    dbg_hub/inst/BSCANID.u_xsdbm_id/CORE_XSDB.UUT_MASTER/U_ICON_INTERFACE/U_CMD6_RD/U_RD_FIFO/SUBCORE_FIFO.xsdbm_v3_0_0_rdfifo_inst/inst_fifo_gen/gconvfifo.rf/grf.rf/gntv_or_sync_fifo.gl0.rd/gr1.gr1_int.rfwft/gpregsm1.curr_fwft_state_reg[0]
  -------------------------------------------------------------------
                         required time                         -1.244    
                         arrival time                           1.668    
  -------------------------------------------------------------------
                         slack                                  0.423    

Slack (MET) :             0.423ns  (arrival time - required time)
  Source:                 dbg_hub/inst/BSCANID.u_xsdbm_id/CORE_XSDB.UUT_MASTER/U_ICON_INTERFACE/U_CMD6_RD/U_RD_FIFO/SUBCORE_FIFO.xsdbm_v3_0_0_rdfifo_inst/inst_fifo_gen/gconvfifo.rf/grf.rf/rstblk/ngwrdrst.grst.g7serrst.rd_rst_reg_reg[2]/C
                            (rising edge-triggered cell FDPE clocked by dbg_hub/inst/BSCANID.u_xsdbm_id/SWITCH_N_EXT_BSCAN.bscan_inst/SERIES7_BSCAN.bscan_inst/TCK  {rise@0.000ns fall@16.500ns period=33.000ns})
  Destination:            dbg_hub/inst/BSCANID.u_xsdbm_id/CORE_XSDB.UUT_MASTER/U_ICON_INTERFACE/U_CMD6_RD/U_RD_FIFO/SUBCORE_FIFO.xsdbm_v3_0_0_rdfifo_inst/inst_fifo_gen/gconvfifo.rf/grf.rf/gntv_or_sync_fifo.gl0.rd/gr1.gr1_int.rfwft/gpregsm1.curr_fwft_state_reg[1]/CLR
                            (removal check against rising-edge clock dbg_hub/inst/BSCANID.u_xsdbm_id/SWITCH_N_EXT_BSCAN.bscan_inst/SERIES7_BSCAN.bscan_inst/TCK  {rise@0.000ns fall@16.500ns period=33.000ns})
  Path Group:             **async_default**
  Path Type:              Removal (Min at Fast Process Corner)
  Requirement:            0.000ns  (dbg_hub/inst/BSCANID.u_xsdbm_id/SWITCH_N_EXT_BSCAN.bscan_inst/SERIES7_BSCAN.bscan_inst/TCK rise@0.000ns - dbg_hub/inst/BSCANID.u_xsdbm_id/SWITCH_N_EXT_BSCAN.bscan_inst/SERIES7_BSCAN.bscan_inst/TCK rise@0.000ns)
  Data Path Delay:        0.345ns  (logic 0.164ns (47.505%)  route 0.181ns (52.495%))
  Logic Levels:           0  
  Clock Path Skew:        0.014ns (DCD - SCD - CPR)
    Destination Clock Delay (DCD):    1.709ns
    Source Clock Delay      (SCD):    1.322ns
    Clock Pessimism Removal (CPR):    0.373ns

    Location             Delay type                Incr(ns)  Path(ns)    Netlist Resource(s)
  -------------------------------------------------------------------    -------------------
                         (clock dbg_hub/inst/BSCANID.u_xsdbm_id/SWITCH_N_EXT_BSCAN.bscan_inst/SERIES7_BSCAN.bscan_inst/TCK rise edge)
                                                      0.000     0.000 r  
    BSCAN_X0Y0           BSCANE2                      0.000     0.000 r  dbg_hub/inst/BSCANID.u_xsdbm_id/SWITCH_N_EXT_BSCAN.bscan_inst/SERIES7_BSCAN.bscan_inst/TCK
                         net (fo=1, routed)           0.742     0.742    dbg_hub/inst/BSCANID.u_xsdbm_id/tck_bs
    BUFGCTRL_X0Y1        BUFG (Prop_bufg_I_O)         0.026     0.768 r  dbg_hub/inst/BSCANID.u_xsdbm_id/SWITCH_N_EXT_BSCAN.u_bufg_icon_tck/O
                         net (fo=494, routed)         0.555     1.322    dbg_hub/inst/BSCANID.u_xsdbm_id/CORE_XSDB.UUT_MASTER/U_ICON_INTERFACE/U_CMD6_RD/U_RD_FIFO/SUBCORE_FIFO.xsdbm_v3_0_0_rdfifo_inst/inst_fifo_gen/gconvfifo.rf/grf.rf/rstblk/rd_clk
    SLICE_X42Y19         FDPE                                         r  dbg_hub/inst/BSCANID.u_xsdbm_id/CORE_XSDB.UUT_MASTER/U_ICON_INTERFACE/U_CMD6_RD/U_RD_FIFO/SUBCORE_FIFO.xsdbm_v3_0_0_rdfifo_inst/inst_fifo_gen/gconvfifo.rf/grf.rf/rstblk/ngwrdrst.grst.g7serrst.rd_rst_reg_reg[2]/C
  -------------------------------------------------------------------    -------------------
    SLICE_X42Y19         FDPE (Prop_fdpe_C_Q)         0.164     1.486 f  dbg_hub/inst/BSCANID.u_xsdbm_id/CORE_XSDB.UUT_MASTER/U_ICON_INTERFACE/U_CMD6_RD/U_RD_FIFO/SUBCORE_FIFO.xsdbm_v3_0_0_rdfifo_inst/inst_fifo_gen/gconvfifo.rf/grf.rf/rstblk/ngwrdrst.grst.g7serrst.rd_rst_reg_reg[2]/Q
                         net (fo=18, routed)          0.181     1.668    dbg_hub/inst/BSCANID.u_xsdbm_id/CORE_XSDB.UUT_MASTER/U_ICON_INTERFACE/U_CMD6_RD/U_RD_FIFO/SUBCORE_FIFO.xsdbm_v3_0_0_rdfifo_inst/inst_fifo_gen/gconvfifo.rf/grf.rf/gntv_or_sync_fifo.gl0.rd/gr1.gr1_int.rfwft/out[1]
    SLICE_X41Y19         FDCE                                         f  dbg_hub/inst/BSCANID.u_xsdbm_id/CORE_XSDB.UUT_MASTER/U_ICON_INTERFACE/U_CMD6_RD/U_RD_FIFO/SUBCORE_FIFO.xsdbm_v3_0_0_rdfifo_inst/inst_fifo_gen/gconvfifo.rf/grf.rf/gntv_or_sync_fifo.gl0.rd/gr1.gr1_int.rfwft/gpregsm1.curr_fwft_state_reg[1]/CLR
  -------------------------------------------------------------------    -------------------

                         (clock dbg_hub/inst/BSCANID.u_xsdbm_id/SWITCH_N_EXT_BSCAN.bscan_inst/SERIES7_BSCAN.bscan_inst/TCK rise edge)
                                                      0.000     0.000 r  
    BSCAN_X0Y0           BSCANE2                      0.000     0.000 r  dbg_hub/inst/BSCANID.u_xsdbm_id/SWITCH_N_EXT_BSCAN.bscan_inst/SERIES7_BSCAN.bscan_inst/TCK
                         net (fo=1, routed)           0.858     0.858    dbg_hub/inst/BSCANID.u_xsdbm_id/tck_bs
    BUFGCTRL_X0Y1        BUFG (Prop_bufg_I_O)         0.029     0.887 r  dbg_hub/inst/BSCANID.u_xsdbm_id/SWITCH_N_EXT_BSCAN.u_bufg_icon_tck/O
                         net (fo=494, routed)         0.823     1.709    dbg_hub/inst/BSCANID.u_xsdbm_id/CORE_XSDB.UUT_MASTER/U_ICON_INTERFACE/U_CMD6_RD/U_RD_FIFO/SUBCORE_FIFO.xsdbm_v3_0_0_rdfifo_inst/inst_fifo_gen/gconvfifo.rf/grf.rf/gntv_or_sync_fifo.gl0.rd/gr1.gr1_int.rfwft/rd_clk
    SLICE_X41Y19         FDCE                                         r  dbg_hub/inst/BSCANID.u_xsdbm_id/CORE_XSDB.UUT_MASTER/U_ICON_INTERFACE/U_CMD6_RD/U_RD_FIFO/SUBCORE_FIFO.xsdbm_v3_0_0_rdfifo_inst/inst_fifo_gen/gconvfifo.rf/grf.rf/gntv_or_sync_fifo.gl0.rd/gr1.gr1_int.rfwft/gpregsm1.curr_fwft_state_reg[1]/C
                         clock pessimism             -0.373     1.336    
    SLICE_X41Y19         FDCE (Remov_fdce_C_CLR)     -0.092     1.244    dbg_hub/inst/BSCANID.u_xsdbm_id/CORE_XSDB.UUT_MASTER/U_ICON_INTERFACE/U_CMD6_RD/U_RD_FIFO/SUBCORE_FIFO.xsdbm_v3_0_0_rdfifo_inst/inst_fifo_gen/gconvfifo.rf/grf.rf/gntv_or_sync_fifo.gl0.rd/gr1.gr1_int.rfwft/gpregsm1.curr_fwft_state_reg[1]
  -------------------------------------------------------------------
                         required time                         -1.244    
                         arrival time                           1.668    
  -------------------------------------------------------------------
                         slack                                  0.423    

Slack (MET) :             0.427ns  (arrival time - required time)
  Source:                 dbg_hub/inst/BSCANID.u_xsdbm_id/CORE_XSDB.UUT_MASTER/U_ICON_INTERFACE/U_CMD6_RD/U_RD_FIFO/SUBCORE_FIFO.xsdbm_v3_0_0_rdfifo_inst/inst_fifo_gen/gconvfifo.rf/grf.rf/rstblk/ngwrdrst.grst.g7serrst.rd_rst_reg_reg[2]/C
                            (rising edge-triggered cell FDPE clocked by dbg_hub/inst/BSCANID.u_xsdbm_id/SWITCH_N_EXT_BSCAN.bscan_inst/SERIES7_BSCAN.bscan_inst/TCK  {rise@0.000ns fall@16.500ns period=33.000ns})
  Destination:            dbg_hub/inst/BSCANID.u_xsdbm_id/CORE_XSDB.UUT_MASTER/U_ICON_INTERFACE/U_CMD6_RD/U_RD_FIFO/SUBCORE_FIFO.xsdbm_v3_0_0_rdfifo_inst/inst_fifo_gen/gconvfifo.rf/grf.rf/gntv_or_sync_fifo.gl0.rd/gr1.gr1_int.rfwft/aempty_fwft_fb_i_reg/PRE
                            (removal check against rising-edge clock dbg_hub/inst/BSCANID.u_xsdbm_id/SWITCH_N_EXT_BSCAN.bscan_inst/SERIES7_BSCAN.bscan_inst/TCK  {rise@0.000ns fall@16.500ns period=33.000ns})
  Path Group:             **async_default**
  Path Type:              Removal (Min at Fast Process Corner)
  Requirement:            0.000ns  (dbg_hub/inst/BSCANID.u_xsdbm_id/SWITCH_N_EXT_BSCAN.bscan_inst/SERIES7_BSCAN.bscan_inst/TCK rise@0.000ns - dbg_hub/inst/BSCANID.u_xsdbm_id/SWITCH_N_EXT_BSCAN.bscan_inst/SERIES7_BSCAN.bscan_inst/TCK rise@0.000ns)
  Data Path Delay:        0.345ns  (logic 0.164ns (47.599%)  route 0.181ns (52.401%))
  Logic Levels:           0  
  Clock Path Skew:        0.013ns (DCD - SCD - CPR)
    Destination Clock Delay (DCD):    1.708ns
    Source Clock Delay      (SCD):    1.322ns
    Clock Pessimism Removal (CPR):    0.373ns

    Location             Delay type                Incr(ns)  Path(ns)    Netlist Resource(s)
  -------------------------------------------------------------------    -------------------
                         (clock dbg_hub/inst/BSCANID.u_xsdbm_id/SWITCH_N_EXT_BSCAN.bscan_inst/SERIES7_BSCAN.bscan_inst/TCK rise edge)
                                                      0.000     0.000 r  
    BSCAN_X0Y0           BSCANE2                      0.000     0.000 r  dbg_hub/inst/BSCANID.u_xsdbm_id/SWITCH_N_EXT_BSCAN.bscan_inst/SERIES7_BSCAN.bscan_inst/TCK
                         net (fo=1, routed)           0.742     0.742    dbg_hub/inst/BSCANID.u_xsdbm_id/tck_bs
    BUFGCTRL_X0Y1        BUFG (Prop_bufg_I_O)         0.026     0.768 r  dbg_hub/inst/BSCANID.u_xsdbm_id/SWITCH_N_EXT_BSCAN.u_bufg_icon_tck/O
                         net (fo=494, routed)         0.555     1.322    dbg_hub/inst/BSCANID.u_xsdbm_id/CORE_XSDB.UUT_MASTER/U_ICON_INTERFACE/U_CMD6_RD/U_RD_FIFO/SUBCORE_FIFO.xsdbm_v3_0_0_rdfifo_inst/inst_fifo_gen/gconvfifo.rf/grf.rf/rstblk/rd_clk
    SLICE_X42Y19         FDPE                                         r  dbg_hub/inst/BSCANID.u_xsdbm_id/CORE_XSDB.UUT_MASTER/U_ICON_INTERFACE/U_CMD6_RD/U_RD_FIFO/SUBCORE_FIFO.xsdbm_v3_0_0_rdfifo_inst/inst_fifo_gen/gconvfifo.rf/grf.rf/rstblk/ngwrdrst.grst.g7serrst.rd_rst_reg_reg[2]/C
  -------------------------------------------------------------------    -------------------
    SLICE_X42Y19         FDPE (Prop_fdpe_C_Q)         0.164     1.486 f  dbg_hub/inst/BSCANID.u_xsdbm_id/CORE_XSDB.UUT_MASTER/U_ICON_INTERFACE/U_CMD6_RD/U_RD_FIFO/SUBCORE_FIFO.xsdbm_v3_0_0_rdfifo_inst/inst_fifo_gen/gconvfifo.rf/grf.rf/rstblk/ngwrdrst.grst.g7serrst.rd_rst_reg_reg[2]/Q
                         net (fo=18, routed)          0.181     1.667    dbg_hub/inst/BSCANID.u_xsdbm_id/CORE_XSDB.UUT_MASTER/U_ICON_INTERFACE/U_CMD6_RD/U_RD_FIFO/SUBCORE_FIFO.xsdbm_v3_0_0_rdfifo_inst/inst_fifo_gen/gconvfifo.rf/grf.rf/gntv_or_sync_fifo.gl0.rd/gr1.gr1_int.rfwft/out[1]
    SLICE_X41Y20         FDPE                                         f  dbg_hub/inst/BSCANID.u_xsdbm_id/CORE_XSDB.UUT_MASTER/U_ICON_INTERFACE/U_CMD6_RD/U_RD_FIFO/SUBCORE_FIFO.xsdbm_v3_0_0_rdfifo_inst/inst_fifo_gen/gconvfifo.rf/grf.rf/gntv_or_sync_fifo.gl0.rd/gr1.gr1_int.rfwft/aempty_fwft_fb_i_reg/PRE
  -------------------------------------------------------------------    -------------------

                         (clock dbg_hub/inst/BSCANID.u_xsdbm_id/SWITCH_N_EXT_BSCAN.bscan_inst/SERIES7_BSCAN.bscan_inst/TCK rise edge)
                                                      0.000     0.000 r  
    BSCAN_X0Y0           BSCANE2                      0.000     0.000 r  dbg_hub/inst/BSCANID.u_xsdbm_id/SWITCH_N_EXT_BSCAN.bscan_inst/SERIES7_BSCAN.bscan_inst/TCK
                         net (fo=1, routed)           0.858     0.858    dbg_hub/inst/BSCANID.u_xsdbm_id/tck_bs
    BUFGCTRL_X0Y1        BUFG (Prop_bufg_I_O)         0.029     0.887 r  dbg_hub/inst/BSCANID.u_xsdbm_id/SWITCH_N_EXT_BSCAN.u_bufg_icon_tck/O
                         net (fo=494, routed)         0.822     1.708    dbg_hub/inst/BSCANID.u_xsdbm_id/CORE_XSDB.UUT_MASTER/U_ICON_INTERFACE/U_CMD6_RD/U_RD_FIFO/SUBCORE_FIFO.xsdbm_v3_0_0_rdfifo_inst/inst_fifo_gen/gconvfifo.rf/grf.rf/gntv_or_sync_fifo.gl0.rd/gr1.gr1_int.rfwft/rd_clk
    SLICE_X41Y20         FDPE                                         r  dbg_hub/inst/BSCANID.u_xsdbm_id/CORE_XSDB.UUT_MASTER/U_ICON_INTERFACE/U_CMD6_RD/U_RD_FIFO/SUBCORE_FIFO.xsdbm_v3_0_0_rdfifo_inst/inst_fifo_gen/gconvfifo.rf/grf.rf/gntv_or_sync_fifo.gl0.rd/gr1.gr1_int.rfwft/aempty_fwft_fb_i_reg/C
                         clock pessimism             -0.373     1.335    
    SLICE_X41Y20         FDPE (Remov_fdpe_C_PRE)     -0.095     1.240    dbg_hub/inst/BSCANID.u_xsdbm_id/CORE_XSDB.UUT_MASTER/U_ICON_INTERFACE/U_CMD6_RD/U_RD_FIFO/SUBCORE_FIFO.xsdbm_v3_0_0_rdfifo_inst/inst_fifo_gen/gconvfifo.rf/grf.rf/gntv_or_sync_fifo.gl0.rd/gr1.gr1_int.rfwft/aempty_fwft_fb_i_reg
  -------------------------------------------------------------------
                         required time                         -1.240    
                         arrival time                           1.667    
  -------------------------------------------------------------------
                         slack                                  0.427    

Slack (MET) :             0.427ns  (arrival time - required time)
  Source:                 dbg_hub/inst/BSCANID.u_xsdbm_id/CORE_XSDB.UUT_MASTER/U_ICON_INTERFACE/U_CMD6_RD/U_RD_FIFO/SUBCORE_FIFO.xsdbm_v3_0_0_rdfifo_inst/inst_fifo_gen/gconvfifo.rf/grf.rf/rstblk/ngwrdrst.grst.g7serrst.rd_rst_reg_reg[2]/C
                            (rising edge-triggered cell FDPE clocked by dbg_hub/inst/BSCANID.u_xsdbm_id/SWITCH_N_EXT_BSCAN.bscan_inst/SERIES7_BSCAN.bscan_inst/TCK  {rise@0.000ns fall@16.500ns period=33.000ns})
  Destination:            dbg_hub/inst/BSCANID.u_xsdbm_id/CORE_XSDB.UUT_MASTER/U_ICON_INTERFACE/U_CMD6_RD/U_RD_FIFO/SUBCORE_FIFO.xsdbm_v3_0_0_rdfifo_inst/inst_fifo_gen/gconvfifo.rf/grf.rf/gntv_or_sync_fifo.gl0.rd/gr1.gr1_int.rfwft/aempty_fwft_i_reg/PRE
                            (removal check against rising-edge clock dbg_hub/inst/BSCANID.u_xsdbm_id/SWITCH_N_EXT_BSCAN.bscan_inst/SERIES7_BSCAN.bscan_inst/TCK  {rise@0.000ns fall@16.500ns period=33.000ns})
  Path Group:             **async_default**
  Path Type:              Removal (Min at Fast Process Corner)
  Requirement:            0.000ns  (dbg_hub/inst/BSCANID.u_xsdbm_id/SWITCH_N_EXT_BSCAN.bscan_inst/SERIES7_BSCAN.bscan_inst/TCK rise@0.000ns - dbg_hub/inst/BSCANID.u_xsdbm_id/SWITCH_N_EXT_BSCAN.bscan_inst/SERIES7_BSCAN.bscan_inst/TCK rise@0.000ns)
  Data Path Delay:        0.345ns  (logic 0.164ns (47.599%)  route 0.181ns (52.401%))
  Logic Levels:           0  
  Clock Path Skew:        0.013ns (DCD - SCD - CPR)
    Destination Clock Delay (DCD):    1.708ns
    Source Clock Delay      (SCD):    1.322ns
    Clock Pessimism Removal (CPR):    0.373ns

    Location             Delay type                Incr(ns)  Path(ns)    Netlist Resource(s)
  -------------------------------------------------------------------    -------------------
                         (clock dbg_hub/inst/BSCANID.u_xsdbm_id/SWITCH_N_EXT_BSCAN.bscan_inst/SERIES7_BSCAN.bscan_inst/TCK rise edge)
                                                      0.000     0.000 r  
    BSCAN_X0Y0           BSCANE2                      0.000     0.000 r  dbg_hub/inst/BSCANID.u_xsdbm_id/SWITCH_N_EXT_BSCAN.bscan_inst/SERIES7_BSCAN.bscan_inst/TCK
                         net (fo=1, routed)           0.742     0.742    dbg_hub/inst/BSCANID.u_xsdbm_id/tck_bs
    BUFGCTRL_X0Y1        BUFG (Prop_bufg_I_O)         0.026     0.768 r  dbg_hub/inst/BSCANID.u_xsdbm_id/SWITCH_N_EXT_BSCAN.u_bufg_icon_tck/O
                         net (fo=494, routed)         0.555     1.322    dbg_hub/inst/BSCANID.u_xsdbm_id/CORE_XSDB.UUT_MASTER/U_ICON_INTERFACE/U_CMD6_RD/U_RD_FIFO/SUBCORE_FIFO.xsdbm_v3_0_0_rdfifo_inst/inst_fifo_gen/gconvfifo.rf/grf.rf/rstblk/rd_clk
    SLICE_X42Y19         FDPE                                         r  dbg_hub/inst/BSCANID.u_xsdbm_id/CORE_XSDB.UUT_MASTER/U_ICON_INTERFACE/U_CMD6_RD/U_RD_FIFO/SUBCORE_FIFO.xsdbm_v3_0_0_rdfifo_inst/inst_fifo_gen/gconvfifo.rf/grf.rf/rstblk/ngwrdrst.grst.g7serrst.rd_rst_reg_reg[2]/C
  -------------------------------------------------------------------    -------------------
    SLICE_X42Y19         FDPE (Prop_fdpe_C_Q)         0.164     1.486 f  dbg_hub/inst/BSCANID.u_xsdbm_id/CORE_XSDB.UUT_MASTER/U_ICON_INTERFACE/U_CMD6_RD/U_RD_FIFO/SUBCORE_FIFO.xsdbm_v3_0_0_rdfifo_inst/inst_fifo_gen/gconvfifo.rf/grf.rf/rstblk/ngwrdrst.grst.g7serrst.rd_rst_reg_reg[2]/Q
                         net (fo=18, routed)          0.181     1.667    dbg_hub/inst/BSCANID.u_xsdbm_id/CORE_XSDB.UUT_MASTER/U_ICON_INTERFACE/U_CMD6_RD/U_RD_FIFO/SUBCORE_FIFO.xsdbm_v3_0_0_rdfifo_inst/inst_fifo_gen/gconvfifo.rf/grf.rf/gntv_or_sync_fifo.gl0.rd/gr1.gr1_int.rfwft/out[1]
    SLICE_X41Y20         FDPE                                         f  dbg_hub/inst/BSCANID.u_xsdbm_id/CORE_XSDB.UUT_MASTER/U_ICON_INTERFACE/U_CMD6_RD/U_RD_FIFO/SUBCORE_FIFO.xsdbm_v3_0_0_rdfifo_inst/inst_fifo_gen/gconvfifo.rf/grf.rf/gntv_or_sync_fifo.gl0.rd/gr1.gr1_int.rfwft/aempty_fwft_i_reg/PRE
  -------------------------------------------------------------------    -------------------

                         (clock dbg_hub/inst/BSCANID.u_xsdbm_id/SWITCH_N_EXT_BSCAN.bscan_inst/SERIES7_BSCAN.bscan_inst/TCK rise edge)
                                                      0.000     0.000 r  
    BSCAN_X0Y0           BSCANE2                      0.000     0.000 r  dbg_hub/inst/BSCANID.u_xsdbm_id/SWITCH_N_EXT_BSCAN.bscan_inst/SERIES7_BSCAN.bscan_inst/TCK
                         net (fo=1, routed)           0.858     0.858    dbg_hub/inst/BSCANID.u_xsdbm_id/tck_bs
    BUFGCTRL_X0Y1        BUFG (Prop_bufg_I_O)         0.029     0.887 r  dbg_hub/inst/BSCANID.u_xsdbm_id/SWITCH_N_EXT_BSCAN.u_bufg_icon_tck/O
                         net (fo=494, routed)         0.822     1.708    dbg_hub/inst/BSCANID.u_xsdbm_id/CORE_XSDB.UUT_MASTER/U_ICON_INTERFACE/U_CMD6_RD/U_RD_FIFO/SUBCORE_FIFO.xsdbm_v3_0_0_rdfifo_inst/inst_fifo_gen/gconvfifo.rf/grf.rf/gntv_or_sync_fifo.gl0.rd/gr1.gr1_int.rfwft/rd_clk
    SLICE_X41Y20         FDPE                                         r  dbg_hub/inst/BSCANID.u_xsdbm_id/CORE_XSDB.UUT_MASTER/U_ICON_INTERFACE/U_CMD6_RD/U_RD_FIFO/SUBCORE_FIFO.xsdbm_v3_0_0_rdfifo_inst/inst_fifo_gen/gconvfifo.rf/grf.rf/gntv_or_sync_fifo.gl0.rd/gr1.gr1_int.rfwft/aempty_fwft_i_reg/C
                         clock pessimism             -0.373     1.335    
    SLICE_X41Y20         FDPE (Remov_fdpe_C_PRE)     -0.095     1.240    dbg_hub/inst/BSCANID.u_xsdbm_id/CORE_XSDB.UUT_MASTER/U_ICON_INTERFACE/U_CMD6_RD/U_RD_FIFO/SUBCORE_FIFO.xsdbm_v3_0_0_rdfifo_inst/inst_fifo_gen/gconvfifo.rf/grf.rf/gntv_or_sync_fifo.gl0.rd/gr1.gr1_int.rfwft/aempty_fwft_i_reg
  -------------------------------------------------------------------
                         required time                         -1.240    
                         arrival time                           1.667    
  -------------------------------------------------------------------
                         slack                                  0.427    

Slack (MET) :             0.427ns  (arrival time - required time)
  Source:                 dbg_hub/inst/BSCANID.u_xsdbm_id/CORE_XSDB.UUT_MASTER/U_ICON_INTERFACE/U_CMD6_RD/U_RD_FIFO/SUBCORE_FIFO.xsdbm_v3_0_0_rdfifo_inst/inst_fifo_gen/gconvfifo.rf/grf.rf/rstblk/ngwrdrst.grst.g7serrst.rd_rst_reg_reg[2]/C
                            (rising edge-triggered cell FDPE clocked by dbg_hub/inst/BSCANID.u_xsdbm_id/SWITCH_N_EXT_BSCAN.bscan_inst/SERIES7_BSCAN.bscan_inst/TCK  {rise@0.000ns fall@16.500ns period=33.000ns})
  Destination:            dbg_hub/inst/BSCANID.u_xsdbm_id/CORE_XSDB.UUT_MASTER/U_ICON_INTERFACE/U_CMD6_RD/U_RD_FIFO/SUBCORE_FIFO.xsdbm_v3_0_0_rdfifo_inst/inst_fifo_gen/gconvfifo.rf/grf.rf/gntv_or_sync_fifo.gl0.rd/gr1.gr1_int.rfwft/empty_fwft_fb_i_reg/PRE
                            (removal check against rising-edge clock dbg_hub/inst/BSCANID.u_xsdbm_id/SWITCH_N_EXT_BSCAN.bscan_inst/SERIES7_BSCAN.bscan_inst/TCK  {rise@0.000ns fall@16.500ns period=33.000ns})
  Path Group:             **async_default**
  Path Type:              Removal (Min at Fast Process Corner)
  Requirement:            0.000ns  (dbg_hub/inst/BSCANID.u_xsdbm_id/SWITCH_N_EXT_BSCAN.bscan_inst/SERIES7_BSCAN.bscan_inst/TCK rise@0.000ns - dbg_hub/inst/BSCANID.u_xsdbm_id/SWITCH_N_EXT_BSCAN.bscan_inst/SERIES7_BSCAN.bscan_inst/TCK rise@0.000ns)
  Data Path Delay:        0.345ns  (logic 0.164ns (47.599%)  route 0.181ns (52.401%))
  Logic Levels:           0  
  Clock Path Skew:        0.013ns (DCD - SCD - CPR)
    Destination Clock Delay (DCD):    1.708ns
    Source Clock Delay      (SCD):    1.322ns
    Clock Pessimism Removal (CPR):    0.373ns

    Location             Delay type                Incr(ns)  Path(ns)    Netlist Resource(s)
  -------------------------------------------------------------------    -------------------
                         (clock dbg_hub/inst/BSCANID.u_xsdbm_id/SWITCH_N_EXT_BSCAN.bscan_inst/SERIES7_BSCAN.bscan_inst/TCK rise edge)
                                                      0.000     0.000 r  
    BSCAN_X0Y0           BSCANE2                      0.000     0.000 r  dbg_hub/inst/BSCANID.u_xsdbm_id/SWITCH_N_EXT_BSCAN.bscan_inst/SERIES7_BSCAN.bscan_inst/TCK
                         net (fo=1, routed)           0.742     0.742    dbg_hub/inst/BSCANID.u_xsdbm_id/tck_bs
    BUFGCTRL_X0Y1        BUFG (Prop_bufg_I_O)         0.026     0.768 r  dbg_hub/inst/BSCANID.u_xsdbm_id/SWITCH_N_EXT_BSCAN.u_bufg_icon_tck/O
                         net (fo=494, routed)         0.555     1.322    dbg_hub/inst/BSCANID.u_xsdbm_id/CORE_XSDB.UUT_MASTER/U_ICON_INTERFACE/U_CMD6_RD/U_RD_FIFO/SUBCORE_FIFO.xsdbm_v3_0_0_rdfifo_inst/inst_fifo_gen/gconvfifo.rf/grf.rf/rstblk/rd_clk
    SLICE_X42Y19         FDPE                                         r  dbg_hub/inst/BSCANID.u_xsdbm_id/CORE_XSDB.UUT_MASTER/U_ICON_INTERFACE/U_CMD6_RD/U_RD_FIFO/SUBCORE_FIFO.xsdbm_v3_0_0_rdfifo_inst/inst_fifo_gen/gconvfifo.rf/grf.rf/rstblk/ngwrdrst.grst.g7serrst.rd_rst_reg_reg[2]/C
  -------------------------------------------------------------------    -------------------
    SLICE_X42Y19         FDPE (Prop_fdpe_C_Q)         0.164     1.486 f  dbg_hub/inst/BSCANID.u_xsdbm_id/CORE_XSDB.UUT_MASTER/U_ICON_INTERFACE/U_CMD6_RD/U_RD_FIFO/SUBCORE_FIFO.xsdbm_v3_0_0_rdfifo_inst/inst_fifo_gen/gconvfifo.rf/grf.rf/rstblk/ngwrdrst.grst.g7serrst.rd_rst_reg_reg[2]/Q
                         net (fo=18, routed)          0.181     1.667    dbg_hub/inst/BSCANID.u_xsdbm_id/CORE_XSDB.UUT_MASTER/U_ICON_INTERFACE/U_CMD6_RD/U_RD_FIFO/SUBCORE_FIFO.xsdbm_v3_0_0_rdfifo_inst/inst_fifo_gen/gconvfifo.rf/grf.rf/gntv_or_sync_fifo.gl0.rd/gr1.gr1_int.rfwft/out[1]
    SLICE_X41Y20         FDPE                                         f  dbg_hub/inst/BSCANID.u_xsdbm_id/CORE_XSDB.UUT_MASTER/U_ICON_INTERFACE/U_CMD6_RD/U_RD_FIFO/SUBCORE_FIFO.xsdbm_v3_0_0_rdfifo_inst/inst_fifo_gen/gconvfifo.rf/grf.rf/gntv_or_sync_fifo.gl0.rd/gr1.gr1_int.rfwft/empty_fwft_fb_i_reg/PRE
  -------------------------------------------------------------------    -------------------

                         (clock dbg_hub/inst/BSCANID.u_xsdbm_id/SWITCH_N_EXT_BSCAN.bscan_inst/SERIES7_BSCAN.bscan_inst/TCK rise edge)
                                                      0.000     0.000 r  
    BSCAN_X0Y0           BSCANE2                      0.000     0.000 r  dbg_hub/inst/BSCANID.u_xsdbm_id/SWITCH_N_EXT_BSCAN.bscan_inst/SERIES7_BSCAN.bscan_inst/TCK
                         net (fo=1, routed)           0.858     0.858    dbg_hub/inst/BSCANID.u_xsdbm_id/tck_bs
    BUFGCTRL_X0Y1        BUFG (Prop_bufg_I_O)         0.029     0.887 r  dbg_hub/inst/BSCANID.u_xsdbm_id/SWITCH_N_EXT_BSCAN.u_bufg_icon_tck/O
                         net (fo=494, routed)         0.822     1.708    dbg_hub/inst/BSCANID.u_xsdbm_id/CORE_XSDB.UUT_MASTER/U_ICON_INTERFACE/U_CMD6_RD/U_RD_FIFO/SUBCORE_FIFO.xsdbm_v3_0_0_rdfifo_inst/inst_fifo_gen/gconvfifo.rf/grf.rf/gntv_or_sync_fifo.gl0.rd/gr1.gr1_int.rfwft/rd_clk
    SLICE_X41Y20         FDPE                                         r  dbg_hub/inst/BSCANID.u_xsdbm_id/CORE_XSDB.UUT_MASTER/U_ICON_INTERFACE/U_CMD6_RD/U_RD_FIFO/SUBCORE_FIFO.xsdbm_v3_0_0_rdfifo_inst/inst_fifo_gen/gconvfifo.rf/grf.rf/gntv_or_sync_fifo.gl0.rd/gr1.gr1_int.rfwft/empty_fwft_fb_i_reg/C
                         clock pessimism             -0.373     1.335    
    SLICE_X41Y20         FDPE (Remov_fdpe_C_PRE)     -0.095     1.240    dbg_hub/inst/BSCANID.u_xsdbm_id/CORE_XSDB.UUT_MASTER/U_ICON_INTERFACE/U_CMD6_RD/U_RD_FIFO/SUBCORE_FIFO.xsdbm_v3_0_0_rdfifo_inst/inst_fifo_gen/gconvfifo.rf/grf.rf/gntv_or_sync_fifo.gl0.rd/gr1.gr1_int.rfwft/empty_fwft_fb_i_reg
  -------------------------------------------------------------------
                         required time                         -1.240    
                         arrival time                           1.667    
  -------------------------------------------------------------------
                         slack                                  0.427    

Slack (MET) :             0.427ns  (arrival time - required time)
  Source:                 dbg_hub/inst/BSCANID.u_xsdbm_id/CORE_XSDB.UUT_MASTER/U_ICON_INTERFACE/U_CMD6_RD/U_RD_FIFO/SUBCORE_FIFO.xsdbm_v3_0_0_rdfifo_inst/inst_fifo_gen/gconvfifo.rf/grf.rf/rstblk/ngwrdrst.grst.g7serrst.rd_rst_reg_reg[2]/C
                            (rising edge-triggered cell FDPE clocked by dbg_hub/inst/BSCANID.u_xsdbm_id/SWITCH_N_EXT_BSCAN.bscan_inst/SERIES7_BSCAN.bscan_inst/TCK  {rise@0.000ns fall@16.500ns period=33.000ns})
  Destination:            dbg_hub/inst/BSCANID.u_xsdbm_id/CORE_XSDB.UUT_MASTER/U_ICON_INTERFACE/U_CMD6_RD/U_RD_FIFO/SUBCORE_FIFO.xsdbm_v3_0_0_rdfifo_inst/inst_fifo_gen/gconvfifo.rf/grf.rf/gntv_or_sync_fifo.gl0.rd/gr1.gr1_int.rfwft/empty_fwft_i_reg/PRE
                            (removal check against rising-edge clock dbg_hub/inst/BSCANID.u_xsdbm_id/SWITCH_N_EXT_BSCAN.bscan_inst/SERIES7_BSCAN.bscan_inst/TCK  {rise@0.000ns fall@16.500ns period=33.000ns})
  Path Group:             **async_default**
  Path Type:              Removal (Min at Fast Process Corner)
  Requirement:            0.000ns  (dbg_hub/inst/BSCANID.u_xsdbm_id/SWITCH_N_EXT_BSCAN.bscan_inst/SERIES7_BSCAN.bscan_inst/TCK rise@0.000ns - dbg_hub/inst/BSCANID.u_xsdbm_id/SWITCH_N_EXT_BSCAN.bscan_inst/SERIES7_BSCAN.bscan_inst/TCK rise@0.000ns)
  Data Path Delay:        0.345ns  (logic 0.164ns (47.599%)  route 0.181ns (52.401%))
  Logic Levels:           0  
  Clock Path Skew:        0.013ns (DCD - SCD - CPR)
    Destination Clock Delay (DCD):    1.708ns
    Source Clock Delay      (SCD):    1.322ns
    Clock Pessimism Removal (CPR):    0.373ns

    Location             Delay type                Incr(ns)  Path(ns)    Netlist Resource(s)
  -------------------------------------------------------------------    -------------------
                         (clock dbg_hub/inst/BSCANID.u_xsdbm_id/SWITCH_N_EXT_BSCAN.bscan_inst/SERIES7_BSCAN.bscan_inst/TCK rise edge)
                                                      0.000     0.000 r  
    BSCAN_X0Y0           BSCANE2                      0.000     0.000 r  dbg_hub/inst/BSCANID.u_xsdbm_id/SWITCH_N_EXT_BSCAN.bscan_inst/SERIES7_BSCAN.bscan_inst/TCK
                         net (fo=1, routed)           0.742     0.742    dbg_hub/inst/BSCANID.u_xsdbm_id/tck_bs
    BUFGCTRL_X0Y1        BUFG (Prop_bufg_I_O)         0.026     0.768 r  dbg_hub/inst/BSCANID.u_xsdbm_id/SWITCH_N_EXT_BSCAN.u_bufg_icon_tck/O
                         net (fo=494, routed)         0.555     1.322    dbg_hub/inst/BSCANID.u_xsdbm_id/CORE_XSDB.UUT_MASTER/U_ICON_INTERFACE/U_CMD6_RD/U_RD_FIFO/SUBCORE_FIFO.xsdbm_v3_0_0_rdfifo_inst/inst_fifo_gen/gconvfifo.rf/grf.rf/rstblk/rd_clk
    SLICE_X42Y19         FDPE                                         r  dbg_hub/inst/BSCANID.u_xsdbm_id/CORE_XSDB.UUT_MASTER/U_ICON_INTERFACE/U_CMD6_RD/U_RD_FIFO/SUBCORE_FIFO.xsdbm_v3_0_0_rdfifo_inst/inst_fifo_gen/gconvfifo.rf/grf.rf/rstblk/ngwrdrst.grst.g7serrst.rd_rst_reg_reg[2]/C
  -------------------------------------------------------------------    -------------------
    SLICE_X42Y19         FDPE (Prop_fdpe_C_Q)         0.164     1.486 f  dbg_hub/inst/BSCANID.u_xsdbm_id/CORE_XSDB.UUT_MASTER/U_ICON_INTERFACE/U_CMD6_RD/U_RD_FIFO/SUBCORE_FIFO.xsdbm_v3_0_0_rdfifo_inst/inst_fifo_gen/gconvfifo.rf/grf.rf/rstblk/ngwrdrst.grst.g7serrst.rd_rst_reg_reg[2]/Q
                         net (fo=18, routed)          0.181     1.667    dbg_hub/inst/BSCANID.u_xsdbm_id/CORE_XSDB.UUT_MASTER/U_ICON_INTERFACE/U_CMD6_RD/U_RD_FIFO/SUBCORE_FIFO.xsdbm_v3_0_0_rdfifo_inst/inst_fifo_gen/gconvfifo.rf/grf.rf/gntv_or_sync_fifo.gl0.rd/gr1.gr1_int.rfwft/out[1]
    SLICE_X41Y20         FDPE                                         f  dbg_hub/inst/BSCANID.u_xsdbm_id/CORE_XSDB.UUT_MASTER/U_ICON_INTERFACE/U_CMD6_RD/U_RD_FIFO/SUBCORE_FIFO.xsdbm_v3_0_0_rdfifo_inst/inst_fifo_gen/gconvfifo.rf/grf.rf/gntv_or_sync_fifo.gl0.rd/gr1.gr1_int.rfwft/empty_fwft_i_reg/PRE
  -------------------------------------------------------------------    -------------------

                         (clock dbg_hub/inst/BSCANID.u_xsdbm_id/SWITCH_N_EXT_BSCAN.bscan_inst/SERIES7_BSCAN.bscan_inst/TCK rise edge)
                                                      0.000     0.000 r  
    BSCAN_X0Y0           BSCANE2                      0.000     0.000 r  dbg_hub/inst/BSCANID.u_xsdbm_id/SWITCH_N_EXT_BSCAN.bscan_inst/SERIES7_BSCAN.bscan_inst/TCK
                         net (fo=1, routed)           0.858     0.858    dbg_hub/inst/BSCANID.u_xsdbm_id/tck_bs
    BUFGCTRL_X0Y1        BUFG (Prop_bufg_I_O)         0.029     0.887 r  dbg_hub/inst/BSCANID.u_xsdbm_id/SWITCH_N_EXT_BSCAN.u_bufg_icon_tck/O
                         net (fo=494, routed)         0.822     1.708    dbg_hub/inst/BSCANID.u_xsdbm_id/CORE_XSDB.UUT_MASTER/U_ICON_INTERFACE/U_CMD6_RD/U_RD_FIFO/SUBCORE_FIFO.xsdbm_v3_0_0_rdfifo_inst/inst_fifo_gen/gconvfifo.rf/grf.rf/gntv_or_sync_fifo.gl0.rd/gr1.gr1_int.rfwft/rd_clk
    SLICE_X41Y20         FDPE                                         r  dbg_hub/inst/BSCANID.u_xsdbm_id/CORE_XSDB.UUT_MASTER/U_ICON_INTERFACE/U_CMD6_RD/U_RD_FIFO/SUBCORE_FIFO.xsdbm_v3_0_0_rdfifo_inst/inst_fifo_gen/gconvfifo.rf/grf.rf/gntv_or_sync_fifo.gl0.rd/gr1.gr1_int.rfwft/empty_fwft_i_reg/C
                         clock pessimism             -0.373     1.335    
    SLICE_X41Y20         FDPE (Remov_fdpe_C_PRE)     -0.095     1.240    dbg_hub/inst/BSCANID.u_xsdbm_id/CORE_XSDB.UUT_MASTER/U_ICON_INTERFACE/U_CMD6_RD/U_RD_FIFO/SUBCORE_FIFO.xsdbm_v3_0_0_rdfifo_inst/inst_fifo_gen/gconvfifo.rf/grf.rf/gntv_or_sync_fifo.gl0.rd/gr1.gr1_int.rfwft/empty_fwft_i_reg
  -------------------------------------------------------------------
                         required time                         -1.240    
                         arrival time                           1.667    
  -------------------------------------------------------------------
                         slack                                  0.427    





