TRACE::2025-08-23.13:52:32::SCWPlatform::Trying to open the hw design at C:/Users/ilpes/Desktop/Antenne_e_clocks/McDMA_workspace/McDMA_v3_singlechDMA/hw/McDMA_v3.xsa
TRACE::2025-08-23.13:52:32::SCWPlatform::DSA given C:/Users/ilpes/Desktop/Antenne_e_clocks/McDMA_workspace/McDMA_v3_singlechDMA/hw/McDMA_v3.xsa
TRACE::2025-08-23.13:52:32::SCWPlatform::DSA absoulate path C:/Users/ilpes/Desktop/Antenne_e_clocks/McDMA_workspace/McDMA_v3_singlechDMA/hw/McDMA_v3.xsa
TRACE::2025-08-23.13:52:34::SCWPlatform::DSA directory C:/Users/ilpes/Desktop/Antenne_e_clocks/McDMA_workspace/McDMA_v3_singlechDMA/hw
TRACE::2025-08-23.13:52:34::SCWPlatform:: Platform Path C:/Users/ilpes/Desktop/Antenne_e_clocks/McDMA_workspace/McDMA_v3_singlechDMA/hw/McDMA_v3.xsa
TRACE::2025-08-23.13:52:34::SCWPlatform:: Unique name xilinx:cmod_a7-35t::0.0
TRACE::2025-08-23.13:52:34::SCWPlatform::Do not have an existing db opened. 
TRACE::2025-08-23.13:52:35::SCWPlatform::Opened new HwDB with name user_35t_wrapper_0
TRACE::2025-08-23.13:52:35::SCWWriter::formatted JSON is {
	"platformName":	"McDMA_v3_singlechDMA",
	"sprVersion":	"2.0",
	"mode":	"gui",
	"dsaType":	"Fixed",
	"platformDesc":	"McDMA_v3_singlechDMA",
	"platHandOff":	"C:/Users/ilpes/Desktop/INSEGNAMENTO/Didattica2023/McDMA/McDMA_v3/McDMA_v3.xsa",
	"platIntHandOff":	"<platformDir>/hw/McDMA_v3.xsa",
	"deviceType":	"FPGA",
	"platIsPrebuiltAutogen":	"false",
	"platIsNoBootBsp":	"false",
	"hasFsblMakeHasChanges":	"false",
	"hasPmufwMakeHasChanges":	"false",
	"platPreBuiltFlag":	false,
	"platformSamplesDir":	""
}
TRACE::2025-08-23.13:52:35::SCWWriter::formatted JSON is {
	"platformName":	"McDMA_v3_singlechDMA",
	"sprVersion":	"2.0",
	"mode":	"gui",
	"dsaType":	"Fixed",
	"platformDesc":	"McDMA_v3_singlechDMA",
	"platHandOff":	"C:/Users/ilpes/Desktop/INSEGNAMENTO/Didattica2023/McDMA/McDMA_v3/McDMA_v3.xsa",
	"platIntHandOff":	"<platformDir>/hw/McDMA_v3.xsa",
	"deviceType":	"FPGA",
	"platIsPrebuiltAutogen":	"false",
	"platIsNoBootBsp":	"false",
	"hasFsblMakeHasChanges":	"false",
	"hasPmufwMakeHasChanges":	"false",
	"platPreBuiltFlag":	false,
	"platformSamplesDir":	"",
	"platActiveSys":	"McDMA_v3_singlechDMA",
	"systems":	[{
			"systemName":	"McDMA_v3_singlechDMA",
			"systemDesc":	"McDMA_v3_singlechDMA",
			"sysIsBootAutoGen":	"true",
			"systemDispName":	"McDMA_v3_singlechDMA"
		}]
}
TRACE::2025-08-23.13:52:35::SCWPlatform::Boot application domains not present, creating them
TRACE::2025-08-23.13:52:35::SCWPlatform::Pure FPGA device, no boot application will be created.
TRACE::2025-08-23.13:52:35::SCWWriter::formatted JSON is {
	"platformName":	"McDMA_v3_singlechDMA",
	"sprVersion":	"2.0",
	"mode":	"gui",
	"dsaType":	"Fixed",
	"platformDesc":	"McDMA_v3_singlechDMA",
	"platHandOff":	"C:/Users/ilpes/Desktop/INSEGNAMENTO/Didattica2023/McDMA/McDMA_v3/McDMA_v3.xsa",
	"platIntHandOff":	"<platformDir>/hw/McDMA_v3.xsa",
	"deviceType":	"FPGA",
	"platIsPrebuiltAutogen":	"false",
	"platIsNoBootBsp":	"false",
	"hasFsblMakeHasChanges":	"false",
	"hasPmufwMakeHasChanges":	"false",
	"platPreBuiltFlag":	false,
	"platformSamplesDir":	"",
	"platActiveSys":	"McDMA_v3_singlechDMA",
	"systems":	[{
			"systemName":	"McDMA_v3_singlechDMA",
			"systemDesc":	"McDMA_v3_singlechDMA",
			"sysIsBootAutoGen":	"true",
			"systemDispName":	"McDMA_v3_singlechDMA"
		}]
}
TRACE::2025-08-23.13:52:35::SCWPlatform::Trying to open the hw design at C:/Users/ilpes/Desktop/Antenne_e_clocks/McDMA_workspace/McDMA_v3_singlechDMA/hw/McDMA_v3.xsa
TRACE::2025-08-23.13:52:35::SCWPlatform::DSA given C:/Users/ilpes/Desktop/Antenne_e_clocks/McDMA_workspace/McDMA_v3_singlechDMA/hw/McDMA_v3.xsa
TRACE::2025-08-23.13:52:35::SCWPlatform::DSA absoulate path C:/Users/ilpes/Desktop/Antenne_e_clocks/McDMA_workspace/McDMA_v3_singlechDMA/hw/McDMA_v3.xsa
TRACE::2025-08-23.13:52:35::SCWPlatform::DSA directory C:/Users/ilpes/Desktop/Antenne_e_clocks/McDMA_workspace/McDMA_v3_singlechDMA/hw
TRACE::2025-08-23.13:52:35::SCWPlatform:: Platform Path C:/Users/ilpes/Desktop/Antenne_e_clocks/McDMA_workspace/McDMA_v3_singlechDMA/hw/McDMA_v3.xsa
TRACE::2025-08-23.13:52:35::SCWPlatform:: Unique name xilinx:cmod_a7-35t::0.0
TRACE::2025-08-23.13:52:35::SCWPlatform::Trying to set the existing hwdb with name user_35t_wrapper_0
TRACE::2025-08-23.13:52:35::SCWPlatform::Opened existing hwdb user_35t_wrapper_0
TRACE::2025-08-23.13:52:35::SCWPlatform::Found the Hw Db part of the input DSA
TRACE::2025-08-23.13:52:35::SCWDomain::checking for install qemu data   : 
TRACE::2025-08-23.13:52:35::SCWPlatform::Trying to open the hw design at C:/Users/ilpes/Desktop/Antenne_e_clocks/McDMA_workspace/McDMA_v3_singlechDMA/hw/McDMA_v3.xsa
TRACE::2025-08-23.13:52:35::SCWPlatform::DSA given C:/Users/ilpes/Desktop/Antenne_e_clocks/McDMA_workspace/McDMA_v3_singlechDMA/hw/McDMA_v3.xsa
TRACE::2025-08-23.13:52:35::SCWPlatform::DSA absoulate path C:/Users/ilpes/Desktop/Antenne_e_clocks/McDMA_workspace/McDMA_v3_singlechDMA/hw/McDMA_v3.xsa
TRACE::2025-08-23.13:52:35::SCWPlatform::DSA directory C:/Users/ilpes/Desktop/Antenne_e_clocks/McDMA_workspace/McDMA_v3_singlechDMA/hw
TRACE::2025-08-23.13:52:35::SCWPlatform:: Platform Path C:/Users/ilpes/Desktop/Antenne_e_clocks/McDMA_workspace/McDMA_v3_singlechDMA/hw/McDMA_v3.xsa
TRACE::2025-08-23.13:52:35::SCWPlatform:: Unique name xilinx:cmod_a7-35t::0.0
TRACE::2025-08-23.13:52:35::SCWPlatform::Trying to set the existing hwdb with name user_35t_wrapper_0
TRACE::2025-08-23.13:52:35::SCWPlatform::Opened existing hwdb user_35t_wrapper_0
TRACE::2025-08-23.13:52:35::SCWPlatform::Found the Hw Db part of the input DSA
TRACE::2025-08-23.13:52:35::SCWPlatform::Trying to open the hw design at C:/Users/ilpes/Desktop/Antenne_e_clocks/McDMA_workspace/McDMA_v3_singlechDMA/hw/McDMA_v3.xsa
TRACE::2025-08-23.13:52:35::SCWPlatform::DSA given C:/Users/ilpes/Desktop/Antenne_e_clocks/McDMA_workspace/McDMA_v3_singlechDMA/hw/McDMA_v3.xsa
TRACE::2025-08-23.13:52:35::SCWPlatform::DSA absoulate path C:/Users/ilpes/Desktop/Antenne_e_clocks/McDMA_workspace/McDMA_v3_singlechDMA/hw/McDMA_v3.xsa
TRACE::2025-08-23.13:52:35::SCWPlatform::DSA directory C:/Users/ilpes/Desktop/Antenne_e_clocks/McDMA_workspace/McDMA_v3_singlechDMA/hw
TRACE::2025-08-23.13:52:35::SCWPlatform:: Platform Path C:/Users/ilpes/Desktop/Antenne_e_clocks/McDMA_workspace/McDMA_v3_singlechDMA/hw/McDMA_v3.xsa
TRACE::2025-08-23.13:52:35::SCWPlatform:: Unique name xilinx:cmod_a7-35t::0.0
TRACE::2025-08-23.13:52:35::SCWPlatform::Trying to set the existing hwdb with name user_35t_wrapper_0
TRACE::2025-08-23.13:52:35::SCWPlatform::Opened existing hwdb user_35t_wrapper_0
TRACE::2025-08-23.13:52:35::SCWPlatform::Found the Hw Db part of the input DSA
TRACE::2025-08-23.13:52:35::SCWPlatform::Trying to open the hw design at C:/Users/ilpes/Desktop/Antenne_e_clocks/McDMA_workspace/McDMA_v3_singlechDMA/hw/McDMA_v3.xsa
TRACE::2025-08-23.13:52:35::SCWPlatform::DSA given C:/Users/ilpes/Desktop/Antenne_e_clocks/McDMA_workspace/McDMA_v3_singlechDMA/hw/McDMA_v3.xsa
TRACE::2025-08-23.13:52:35::SCWPlatform::DSA absoulate path C:/Users/ilpes/Desktop/Antenne_e_clocks/McDMA_workspace/McDMA_v3_singlechDMA/hw/McDMA_v3.xsa
TRACE::2025-08-23.13:52:35::SCWPlatform::DSA directory C:/Users/ilpes/Desktop/Antenne_e_clocks/McDMA_workspace/McDMA_v3_singlechDMA/hw
TRACE::2025-08-23.13:52:35::SCWPlatform:: Platform Path C:/Users/ilpes/Desktop/Antenne_e_clocks/McDMA_workspace/McDMA_v3_singlechDMA/hw/McDMA_v3.xsa
TRACE::2025-08-23.13:52:35::SCWPlatform:: Unique name xilinx:cmod_a7-35t::0.0
TRACE::2025-08-23.13:52:35::SCWPlatform::Trying to set the existing hwdb with name user_35t_wrapper_0
TRACE::2025-08-23.13:52:35::SCWPlatform::Opened existing hwdb user_35t_wrapper_0
TRACE::2025-08-23.13:52:35::SCWPlatform::Found the Hw Db part of the input DSA
TRACE::2025-08-23.13:52:35::SCWMssOS::Checking the sw design at  C:/Users/ilpes/Desktop/Antenne_e_clocks/McDMA_workspace/McDMA_v3_singlechDMA/microblaze_0/standalone_domain/bsp/system.mss
TRACE::2025-08-23.13:52:35::SCWMssOS::DEBUG:  swdes dump  
TRACE::2025-08-23.13:52:35::SCWMssOS::No sw design opened at  C:/Users/ilpes/Desktop/Antenne_e_clocks/McDMA_workspace/McDMA_v3_singlechDMA/microblaze_0/standalone_domain/bsp/system.mss
TRACE::2025-08-23.13:52:35::SCWMssOS::mss does not exists at C:/Users/ilpes/Desktop/Antenne_e_clocks/McDMA_workspace/McDMA_v3_singlechDMA/microblaze_0/standalone_domain/bsp/system.mss
TRACE::2025-08-23.13:52:35::SCWMssOS::Creating sw design at  C:/Users/ilpes/Desktop/Antenne_e_clocks/McDMA_workspace/McDMA_v3_singlechDMA/microblaze_0/standalone_domain/bsp/system.mss
TRACE::2025-08-23.13:52:35::SCWMssOS::Adding the swdes entry, created swdb C:/Users/ilpes/Desktop/Antenne_e_clocks/McDMA_workspace/McDMA_v3_singlechDMA/microblaze_0/standalone_domain/bsp/system.mss with des name C:/Users/ilpes/Desktop/Antenne_e_clocks/McDMA_workspace/McDMA_v3_singlechDMA/microblaze_0/standalone_domain/bsp/system.mss
TRACE::2025-08-23.13:52:35::SCWMssOS::updating the scw layer changes to swdes at   C:/Users/ilpes/Desktop/Antenne_e_clocks/McDMA_workspace/McDMA_v3_singlechDMA/microblaze_0/standalone_domain/bsp/system.mss
TRACE::2025-08-23.13:52:35::SCWMssOS::Writing mss at C:/Users/ilpes/Desktop/Antenne_e_clocks/McDMA_workspace/McDMA_v3_singlechDMA/microblaze_0/standalone_domain/bsp/system.mss
TRACE::2025-08-23.13:52:35::SCWMssOS::Completed writing the mss file at C:/Users/ilpes/Desktop/Antenne_e_clocks/McDMA_workspace/McDMA_v3_singlechDMA/microblaze_0/standalone_domain/bsp
TRACE::2025-08-23.13:52:35::SCWMssOS::Picking up changes from newly written mss file into SCW Layer. 
TRACE::2025-08-23.13:52:35::SCWMssOS::Updated the changes from newly written mss file into SCW Layer. 
TRACE::2025-08-23.13:52:35::SCWMssOS::Completed writing the mss file at C:/Users/ilpes/Desktop/Antenne_e_clocks/McDMA_workspace/McDMA_v3_singlechDMA/microblaze_0/standalone_domain/bsp
TRACE::2025-08-23.13:52:35::SCWMssOS::Forcing BSP Sources regeneration.
TRACE::2025-08-23.13:52:40::SCWMssOS::Saving the mss changes C:/Users/ilpes/Desktop/Antenne_e_clocks/McDMA_workspace/McDMA_v3_singlechDMA/microblaze_0/standalone_domain/bsp/system.mss
TRACE::2025-08-23.13:52:40::SCWMssOS::Found a swdesign opened with the mssfile.
TRACE::2025-08-23.13:52:40::SCWMssOS::Running validate of swdbs.
KEYINFO::2025-08-23.13:52:40::SCWMssOS::Could not open the swdb for C:/Users/ilpes/Desktop/Antenne_e_clocks/McDMA_workspace/McDMA_v3_singlechDMA/microblaze_0/standalone_domain/bsp/system.mss
KEYINFO::2025-08-23.13:52:40::SCWMssOS::Could not open the sw design at  C:/Users/ilpes/Desktop/Antenne_e_clocks/McDMA_workspace/McDMA_v3_singlechDMA/microblaze_0/standalone_domain/bsp/system.mss
ERROR: [Hsi 55-1558] Software Design C:/Users/ilpes/Desktop/Antenne_e_clocks/McDMA_workspace/McDMA_v3_singlechDMA/microblaze_0/standalone_domain/bsp/system.mss is not found

TRACE::2025-08-23.13:52:40::SCWMssOS::Cleared the swdb table entry
TRACE::2025-08-23.13:52:40::SCWMssOS::Adding the swdes entry, mss present, able to open swdb C:/Users/ilpes/Desktop/Antenne_e_clocks/McDMA_workspace/McDMA_v3_singlechDMA/microblaze_0/standalone_domain/bsp/system.mss with des name system
TRACE::2025-08-23.13:52:40::SCWMssOS::Writing the mss file completed C:/Users/ilpes/Desktop/Antenne_e_clocks/McDMA_workspace/McDMA_v3_singlechDMA/microblaze_0/standalone_domain/bsp/system.mss
TRACE::2025-08-23.13:52:40::SCWMssOS::Commit changes completed.
TRACE::2025-08-23.13:52:40::SCWPlatform::Trying to open the hw design at C:/Users/ilpes/Desktop/Antenne_e_clocks/McDMA_workspace/McDMA_v3_singlechDMA/hw/McDMA_v3.xsa
TRACE::2025-08-23.13:52:40::SCWPlatform::DSA given C:/Users/ilpes/Desktop/Antenne_e_clocks/McDMA_workspace/McDMA_v3_singlechDMA/hw/McDMA_v3.xsa
TRACE::2025-08-23.13:52:40::SCWPlatform::DSA absoulate path C:/Users/ilpes/Desktop/Antenne_e_clocks/McDMA_workspace/McDMA_v3_singlechDMA/hw/McDMA_v3.xsa
TRACE::2025-08-23.13:52:40::SCWPlatform::DSA directory C:/Users/ilpes/Desktop/Antenne_e_clocks/McDMA_workspace/McDMA_v3_singlechDMA/hw
TRACE::2025-08-23.13:52:40::SCWPlatform:: Platform Path C:/Users/ilpes/Desktop/Antenne_e_clocks/McDMA_workspace/McDMA_v3_singlechDMA/hw/McDMA_v3.xsa
TRACE::2025-08-23.13:52:40::SCWPlatform:: Unique name xilinx:cmod_a7-35t::0.0
TRACE::2025-08-23.13:52:40::SCWPlatform::Trying to set the existing hwdb with name user_35t_wrapper_0
TRACE::2025-08-23.13:52:40::SCWPlatform::Opened existing hwdb user_35t_wrapper_0
TRACE::2025-08-23.13:52:40::SCWPlatform::Found the Hw Db part of the input DSA
TRACE::2025-08-23.13:52:40::SCWMssOS::Checking the sw design at  C:/Users/ilpes/Desktop/Antenne_e_clocks/McDMA_workspace/McDMA_v3_singlechDMA/microblaze_0/standalone_domain/bsp/system.mss
TRACE::2025-08-23.13:52:40::SCWMssOS::DEBUG:  swdes dump  C:/Users/ilpes/Desktop/Antenne_e_clocks/McDMA_workspace/McDMA_v3_singlechDMA/microblaze_0/standalone_domain/bsp/system.mss|system||

TRACE::2025-08-23.13:52:40::SCWMssOS::Sw design exists and opened at  C:/Users/ilpes/Desktop/Antenne_e_clocks/McDMA_workspace/McDMA_v3_singlechDMA/microblaze_0/standalone_domain/bsp/system.mss
TRACE::2025-08-23.13:52:40::SCWPlatform::Trying to open the hw design at C:/Users/ilpes/Desktop/Antenne_e_clocks/McDMA_workspace/McDMA_v3_singlechDMA/hw/McDMA_v3.xsa
TRACE::2025-08-23.13:52:40::SCWPlatform::DSA given C:/Users/ilpes/Desktop/Antenne_e_clocks/McDMA_workspace/McDMA_v3_singlechDMA/hw/McDMA_v3.xsa
TRACE::2025-08-23.13:52:40::SCWPlatform::DSA absoulate path C:/Users/ilpes/Desktop/Antenne_e_clocks/McDMA_workspace/McDMA_v3_singlechDMA/hw/McDMA_v3.xsa
TRACE::2025-08-23.13:52:40::SCWPlatform::DSA directory C:/Users/ilpes/Desktop/Antenne_e_clocks/McDMA_workspace/McDMA_v3_singlechDMA/hw
TRACE::2025-08-23.13:52:40::SCWPlatform:: Platform Path C:/Users/ilpes/Desktop/Antenne_e_clocks/McDMA_workspace/McDMA_v3_singlechDMA/hw/McDMA_v3.xsa
TRACE::2025-08-23.13:52:40::SCWPlatform:: Unique name xilinx:cmod_a7-35t::0.0
TRACE::2025-08-23.13:52:40::SCWPlatform::Trying to set the existing hwdb with name user_35t_wrapper_0
TRACE::2025-08-23.13:52:40::SCWPlatform::Opened existing hwdb user_35t_wrapper_0
TRACE::2025-08-23.13:52:40::SCWPlatform::Found the Hw Db part of the input DSA
TRACE::2025-08-23.13:52:40::SCWMssOS::Checking the sw design at  C:/Users/ilpes/Desktop/Antenne_e_clocks/McDMA_workspace/McDMA_v3_singlechDMA/microblaze_0/standalone_domain/bsp/system.mss
TRACE::2025-08-23.13:52:40::SCWMssOS::DEBUG:  swdes dump  C:/Users/ilpes/Desktop/Antenne_e_clocks/McDMA_workspace/McDMA_v3_singlechDMA/microblaze_0/standalone_domain/bsp/system.mss|system||

TRACE::2025-08-23.13:52:40::SCWMssOS::Sw design exists and opened at  C:/Users/ilpes/Desktop/Antenne_e_clocks/McDMA_workspace/McDMA_v3_singlechDMA/microblaze_0/standalone_domain/bsp/system.mss
TRACE::2025-08-23.13:52:40::SCWPlatform::Trying to open the hw design at C:/Users/ilpes/Desktop/Antenne_e_clocks/McDMA_workspace/McDMA_v3_singlechDMA/hw/McDMA_v3.xsa
TRACE::2025-08-23.13:52:40::SCWPlatform::DSA given C:/Users/ilpes/Desktop/Antenne_e_clocks/McDMA_workspace/McDMA_v3_singlechDMA/hw/McDMA_v3.xsa
TRACE::2025-08-23.13:52:40::SCWPlatform::DSA absoulate path C:/Users/ilpes/Desktop/Antenne_e_clocks/McDMA_workspace/McDMA_v3_singlechDMA/hw/McDMA_v3.xsa
TRACE::2025-08-23.13:52:40::SCWPlatform::DSA directory C:/Users/ilpes/Desktop/Antenne_e_clocks/McDMA_workspace/McDMA_v3_singlechDMA/hw
TRACE::2025-08-23.13:52:40::SCWPlatform:: Platform Path C:/Users/ilpes/Desktop/Antenne_e_clocks/McDMA_workspace/McDMA_v3_singlechDMA/hw/McDMA_v3.xsa
TRACE::2025-08-23.13:52:40::SCWPlatform:: Unique name xilinx:cmod_a7-35t::0.0
TRACE::2025-08-23.13:52:40::SCWPlatform::Trying to set the existing hwdb with name user_35t_wrapper_0
TRACE::2025-08-23.13:52:40::SCWPlatform::Opened existing hwdb user_35t_wrapper_0
TRACE::2025-08-23.13:52:40::SCWPlatform::Found the Hw Db part of the input DSA
TRACE::2025-08-23.13:52:40::SCWMssOS::Checking the sw design at  C:/Users/ilpes/Desktop/Antenne_e_clocks/McDMA_workspace/McDMA_v3_singlechDMA/microblaze_0/standalone_domain/bsp/system.mss
TRACE::2025-08-23.13:52:40::SCWMssOS::DEBUG:  swdes dump  C:/Users/ilpes/Desktop/Antenne_e_clocks/McDMA_workspace/McDMA_v3_singlechDMA/microblaze_0/standalone_domain/bsp/system.mss|system||

TRACE::2025-08-23.13:52:40::SCWMssOS::Sw design exists and opened at  C:/Users/ilpes/Desktop/Antenne_e_clocks/McDMA_workspace/McDMA_v3_singlechDMA/microblaze_0/standalone_domain/bsp/system.mss
TRACE::2025-08-23.13:52:40::SCWWriter::formatted JSON is {
	"platformName":	"McDMA_v3_singlechDMA",
	"sprVersion":	"2.0",
	"mode":	"gui",
	"dsaType":	"Fixed",
	"platformDesc":	"McDMA_v3_singlechDMA",
	"platHandOff":	"C:/Users/ilpes/Desktop/INSEGNAMENTO/Didattica2023/McDMA/McDMA_v3/McDMA_v3.xsa",
	"platIntHandOff":	"<platformDir>/hw/McDMA_v3.xsa",
	"deviceType":	"FPGA",
	"platIsPrebuiltAutogen":	"false",
	"platIsNoBootBsp":	"false",
	"hasFsblMakeHasChanges":	"false",
	"hasPmufwMakeHasChanges":	"false",
	"platPreBuiltFlag":	false,
	"platformSamplesDir":	"",
	"platActiveSys":	"McDMA_v3_singlechDMA",
	"systems":	[{
			"systemName":	"McDMA_v3_singlechDMA",
			"systemDesc":	"McDMA_v3_singlechDMA",
			"sysIsBootAutoGen":	"true",
			"systemDispName":	"McDMA_v3_singlechDMA",
			"sysActiveDom":	"standalone_domain",
			"sysDefaultDom":	"standalone_domain",
			"domains":	[{
					"domainName":	"standalone_domain",
					"domainDispName":	"standalone_domain",
					"domainDesc":	"standalone_domain",
					"processors":	"microblaze_0",
					"os":	"standalone",
					"sdxOs":	"standalone",
					"debugEnable":	"False",
					"domRuntimes":	["cpp"],
					"swRepo":	"",
					"mssOsVer":	"7.3",
					"mssFile":	"",
					"md5Digest":	"8aa4a94eadc16cce49810be106498316",
					"compatibleApp":	"",
					"domType":	"mssDomain",
					"arch":	"32-bit",
					"appSettings":	{
						"appCompilerFlags":	"",
						"appLinkerFlags":	""
					},
					"addedLibs":	[],
					"libOptions":	{
						"libsContainingOptions":	[]
					},
					"prebuiltLibs":	{
						"prebuiltIncPath":	[],
						"prebuiltLibPath":	[]
					},
					"isolation":	{
					}
				}]
		}]
}
LOG::2025-08-23.13:52:40::SCWPlatform::Started generating the artifacts platform McDMA_v3_singlechDMA
TRACE::2025-08-23.13:52:40::SCWPlatform::Sanity checking of platform is completed
LOG::2025-08-23.13:52:40::SCWPlatform::Started generating the artifacts for system configuration McDMA_v3_singlechDMA
LOG::2025-08-23.13:52:40::SCWSystem::Checking the domain standalone_domain
LOG::2025-08-23.13:52:40::SCWSystem::Not a boot domain 
LOG::2025-08-23.13:52:40::SCWSystem::Started Processing the domain standalone_domain
TRACE::2025-08-23.13:52:40::SCWDomain::Generating domain artifcats
TRACE::2025-08-23.13:52:40::SCWMssOS::Generating standalone artifcats
TRACE::2025-08-23.13:52:40::SCWMssOS:: Copying the user libraries. 
TRACE::2025-08-23.13:52:40::SCWPlatform::Trying to open the hw design at C:/Users/ilpes/Desktop/Antenne_e_clocks/McDMA_workspace/McDMA_v3_singlechDMA/hw/McDMA_v3.xsa
TRACE::2025-08-23.13:52:40::SCWPlatform::DSA given C:/Users/ilpes/Desktop/Antenne_e_clocks/McDMA_workspace/McDMA_v3_singlechDMA/hw/McDMA_v3.xsa
TRACE::2025-08-23.13:52:40::SCWPlatform::DSA absoulate path C:/Users/ilpes/Desktop/Antenne_e_clocks/McDMA_workspace/McDMA_v3_singlechDMA/hw/McDMA_v3.xsa
TRACE::2025-08-23.13:52:40::SCWPlatform::DSA directory C:/Users/ilpes/Desktop/Antenne_e_clocks/McDMA_workspace/McDMA_v3_singlechDMA/hw
TRACE::2025-08-23.13:52:40::SCWPlatform:: Platform Path C:/Users/ilpes/Desktop/Antenne_e_clocks/McDMA_workspace/McDMA_v3_singlechDMA/hw/McDMA_v3.xsa
TRACE::2025-08-23.13:52:40::SCWPlatform:: Unique name xilinx:cmod_a7-35t::0.0
TRACE::2025-08-23.13:52:40::SCWPlatform::Trying to set the existing hwdb with name user_35t_wrapper_0
TRACE::2025-08-23.13:52:40::SCWPlatform::Opened existing hwdb user_35t_wrapper_0
TRACE::2025-08-23.13:52:40::SCWPlatform::Found the Hw Db part of the input DSA
TRACE::2025-08-23.13:52:40::SCWMssOS::Checking the sw design at  C:/Users/ilpes/Desktop/Antenne_e_clocks/McDMA_workspace/McDMA_v3_singlechDMA/microblaze_0/standalone_domain/bsp/system.mss
TRACE::2025-08-23.13:52:40::SCWMssOS::DEBUG:  swdes dump  C:/Users/ilpes/Desktop/Antenne_e_clocks/McDMA_workspace/McDMA_v3_singlechDMA/microblaze_0/standalone_domain/bsp/system.mss|system||

TRACE::2025-08-23.13:52:40::SCWMssOS::Sw design exists and opened at  C:/Users/ilpes/Desktop/Antenne_e_clocks/McDMA_workspace/McDMA_v3_singlechDMA/microblaze_0/standalone_domain/bsp/system.mss
TRACE::2025-08-23.13:52:40::SCWMssOS::Completed writing the mss file at C:/Users/ilpes/Desktop/Antenne_e_clocks/McDMA_workspace/McDMA_v3_singlechDMA/microblaze_0/standalone_domain/bsp
TRACE::2025-08-23.13:52:40::SCWMssOS::Mss edits present, copying mssfile into export location C:/Users/ilpes/Desktop/Antenne_e_clocks/McDMA_workspace/McDMA_v3_singlechDMA/microblaze_0/standalone_domain/bsp/system.mss
TRACE::2025-08-23.13:52:40::SCWMssOS::bsp generated is upto date with the mss file. Skipping bsp generation.
TRACE::2025-08-23.13:52:40::SCWMssOS::BSP is already built. skipping the bsp build ... 
TRACE::2025-08-23.13:52:40::SCWDomain::Skipping the build for domain :  standalone_domain
TRACE::2025-08-23.13:52:40::SCWMssOS::skipping the bsp build ... 
TRACE::2025-08-23.13:52:40::SCWMssOS::Copying to export directory.
TRACE::2025-08-23.13:52:40::SCWMssOS:: Checking if to create the Supporting Applications
TRACE::2025-08-23.13:52:40::SCWMssOS:: No Linux domain exists, trying to generate FSBL 
LOG::2025-08-23.13:52:40::SCWSystem::Completed Processing the domain standalone_domain
LOG::2025-08-23.13:52:40::SCWSystem::Completed Processing the sysconfig McDMA_v3_singlechDMA
LOG::2025-08-23.13:52:40::SCWPlatform::Completed generating the artifacts for system configuration McDMA_v3_singlechDMA
TRACE::2025-08-23.13:52:40::SCWPlatform::Started preparing the platform 
TRACE::2025-08-23.13:52:40::SCWSystem::Writing the bif file for system config McDMA_v3_singlechDMA
TRACE::2025-08-23.13:52:40::SCWSystem::dir created 
TRACE::2025-08-23.13:52:40::SCWSystem::Writing the bif 
TRACE::2025-08-23.13:52:40::SCWPlatform::Started writing the spfm file 
TRACE::2025-08-23.13:52:40::SCWPlatform::Started writing the xpfm file 
TRACE::2025-08-23.13:52:40::SCWPlatform::Completed generating the platform
TRACE::2025-08-23.13:52:40::SCWMssOS::Saving the mss changes C:/Users/ilpes/Desktop/Antenne_e_clocks/McDMA_workspace/McDMA_v3_singlechDMA/microblaze_0/standalone_domain/bsp/system.mss
TRACE::2025-08-23.13:52:40::SCWMssOS::Found a swdesign opened with the mssfile.
TRACE::2025-08-23.13:52:40::SCWMssOS::Completed writemss as part of save.
TRACE::2025-08-23.13:52:40::SCWMssOS::Commit changes completed.
TRACE::2025-08-23.13:52:40::SCWPlatform::Trying to open the hw design at C:/Users/ilpes/Desktop/Antenne_e_clocks/McDMA_workspace/McDMA_v3_singlechDMA/hw/McDMA_v3.xsa
TRACE::2025-08-23.13:52:40::SCWPlatform::DSA given C:/Users/ilpes/Desktop/Antenne_e_clocks/McDMA_workspace/McDMA_v3_singlechDMA/hw/McDMA_v3.xsa
TRACE::2025-08-23.13:52:40::SCWPlatform::DSA absoulate path C:/Users/ilpes/Desktop/Antenne_e_clocks/McDMA_workspace/McDMA_v3_singlechDMA/hw/McDMA_v3.xsa
TRACE::2025-08-23.13:52:40::SCWPlatform::DSA directory C:/Users/ilpes/Desktop/Antenne_e_clocks/McDMA_workspace/McDMA_v3_singlechDMA/hw
TRACE::2025-08-23.13:52:40::SCWPlatform:: Platform Path C:/Users/ilpes/Desktop/Antenne_e_clocks/McDMA_workspace/McDMA_v3_singlechDMA/hw/McDMA_v3.xsa
TRACE::2025-08-23.13:52:40::SCWPlatform:: Unique name xilinx:cmod_a7-35t::0.0
TRACE::2025-08-23.13:52:40::SCWPlatform::Trying to set the existing hwdb with name user_35t_wrapper_0
TRACE::2025-08-23.13:52:40::SCWPlatform::Opened existing hwdb user_35t_wrapper_0
TRACE::2025-08-23.13:52:40::SCWPlatform::Found the Hw Db part of the input DSA
TRACE::2025-08-23.13:52:40::SCWMssOS::Checking the sw design at  C:/Users/ilpes/Desktop/Antenne_e_clocks/McDMA_workspace/McDMA_v3_singlechDMA/microblaze_0/standalone_domain/bsp/system.mss
TRACE::2025-08-23.13:52:40::SCWMssOS::DEBUG:  swdes dump  C:/Users/ilpes/Desktop/Antenne_e_clocks/McDMA_workspace/McDMA_v3_singlechDMA/microblaze_0/standalone_domain/bsp/system.mss|system||

TRACE::2025-08-23.13:52:40::SCWMssOS::Sw design exists and opened at  C:/Users/ilpes/Desktop/Antenne_e_clocks/McDMA_workspace/McDMA_v3_singlechDMA/microblaze_0/standalone_domain/bsp/system.mss
TRACE::2025-08-23.13:52:40::SCWPlatform::Trying to open the hw design at C:/Users/ilpes/Desktop/Antenne_e_clocks/McDMA_workspace/McDMA_v3_singlechDMA/hw/McDMA_v3.xsa
TRACE::2025-08-23.13:52:40::SCWPlatform::DSA given C:/Users/ilpes/Desktop/Antenne_e_clocks/McDMA_workspace/McDMA_v3_singlechDMA/hw/McDMA_v3.xsa
TRACE::2025-08-23.13:52:40::SCWPlatform::DSA absoulate path C:/Users/ilpes/Desktop/Antenne_e_clocks/McDMA_workspace/McDMA_v3_singlechDMA/hw/McDMA_v3.xsa
TRACE::2025-08-23.13:52:40::SCWPlatform::DSA directory C:/Users/ilpes/Desktop/Antenne_e_clocks/McDMA_workspace/McDMA_v3_singlechDMA/hw
TRACE::2025-08-23.13:52:40::SCWPlatform:: Platform Path C:/Users/ilpes/Desktop/Antenne_e_clocks/McDMA_workspace/McDMA_v3_singlechDMA/hw/McDMA_v3.xsa
TRACE::2025-08-23.13:52:40::SCWPlatform:: Unique name xilinx:cmod_a7-35t::0.0
TRACE::2025-08-23.13:52:40::SCWPlatform::Trying to set the existing hwdb with name user_35t_wrapper_0
TRACE::2025-08-23.13:52:40::SCWPlatform::Opened existing hwdb user_35t_wrapper_0
TRACE::2025-08-23.13:52:40::SCWPlatform::Found the Hw Db part of the input DSA
TRACE::2025-08-23.13:52:40::SCWMssOS::Checking the sw design at  C:/Users/ilpes/Desktop/Antenne_e_clocks/McDMA_workspace/McDMA_v3_singlechDMA/microblaze_0/standalone_domain/bsp/system.mss
TRACE::2025-08-23.13:52:40::SCWMssOS::DEBUG:  swdes dump  C:/Users/ilpes/Desktop/Antenne_e_clocks/McDMA_workspace/McDMA_v3_singlechDMA/microblaze_0/standalone_domain/bsp/system.mss|system||

TRACE::2025-08-23.13:52:40::SCWMssOS::Sw design exists and opened at  C:/Users/ilpes/Desktop/Antenne_e_clocks/McDMA_workspace/McDMA_v3_singlechDMA/microblaze_0/standalone_domain/bsp/system.mss
TRACE::2025-08-23.13:52:40::SCWPlatform::Trying to open the hw design at C:/Users/ilpes/Desktop/Antenne_e_clocks/McDMA_workspace/McDMA_v3_singlechDMA/hw/McDMA_v3.xsa
TRACE::2025-08-23.13:52:40::SCWPlatform::DSA given C:/Users/ilpes/Desktop/Antenne_e_clocks/McDMA_workspace/McDMA_v3_singlechDMA/hw/McDMA_v3.xsa
TRACE::2025-08-23.13:52:40::SCWPlatform::DSA absoulate path C:/Users/ilpes/Desktop/Antenne_e_clocks/McDMA_workspace/McDMA_v3_singlechDMA/hw/McDMA_v3.xsa
TRACE::2025-08-23.13:52:40::SCWPlatform::DSA directory C:/Users/ilpes/Desktop/Antenne_e_clocks/McDMA_workspace/McDMA_v3_singlechDMA/hw
TRACE::2025-08-23.13:52:40::SCWPlatform:: Platform Path C:/Users/ilpes/Desktop/Antenne_e_clocks/McDMA_workspace/McDMA_v3_singlechDMA/hw/McDMA_v3.xsa
TRACE::2025-08-23.13:52:40::SCWPlatform:: Unique name xilinx:cmod_a7-35t::0.0
TRACE::2025-08-23.13:52:40::SCWPlatform::Trying to set the existing hwdb with name user_35t_wrapper_0
TRACE::2025-08-23.13:52:40::SCWPlatform::Opened existing hwdb user_35t_wrapper_0
TRACE::2025-08-23.13:52:40::SCWPlatform::Found the Hw Db part of the input DSA
TRACE::2025-08-23.13:52:40::SCWMssOS::Checking the sw design at  C:/Users/ilpes/Desktop/Antenne_e_clocks/McDMA_workspace/McDMA_v3_singlechDMA/microblaze_0/standalone_domain/bsp/system.mss
TRACE::2025-08-23.13:52:40::SCWMssOS::DEBUG:  swdes dump  C:/Users/ilpes/Desktop/Antenne_e_clocks/McDMA_workspace/McDMA_v3_singlechDMA/microblaze_0/standalone_domain/bsp/system.mss|system||

TRACE::2025-08-23.13:52:40::SCWMssOS::Sw design exists and opened at  C:/Users/ilpes/Desktop/Antenne_e_clocks/McDMA_workspace/McDMA_v3_singlechDMA/microblaze_0/standalone_domain/bsp/system.mss
TRACE::2025-08-23.13:52:40::SCWWriter::formatted JSON is {
	"platformName":	"McDMA_v3_singlechDMA",
	"sprVersion":	"2.0",
	"mode":	"gui",
	"dsaType":	"Fixed",
	"platformDesc":	"McDMA_v3_singlechDMA",
	"platHandOff":	"C:/Users/ilpes/Desktop/INSEGNAMENTO/Didattica2023/McDMA/McDMA_v3/McDMA_v3.xsa",
	"platIntHandOff":	"<platformDir>/hw/McDMA_v3.xsa",
	"deviceType":	"FPGA",
	"platIsPrebuiltAutogen":	"false",
	"platIsNoBootBsp":	"false",
	"hasFsblMakeHasChanges":	"false",
	"hasPmufwMakeHasChanges":	"false",
	"platPreBuiltFlag":	false,
	"platformSamplesDir":	"",
	"platActiveSys":	"McDMA_v3_singlechDMA",
	"systems":	[{
			"systemName":	"McDMA_v3_singlechDMA",
			"systemDesc":	"McDMA_v3_singlechDMA",
			"sysIsBootAutoGen":	"true",
			"systemDispName":	"McDMA_v3_singlechDMA",
			"sysActiveDom":	"standalone_domain",
			"sysDefaultDom":	"standalone_domain",
			"domains":	[{
					"domainName":	"standalone_domain",
					"domainDispName":	"standalone_domain",
					"domainDesc":	"standalone_domain",
					"processors":	"microblaze_0",
					"os":	"standalone",
					"sdxOs":	"standalone",
					"debugEnable":	"False",
					"domRuntimes":	["cpp"],
					"swRepo":	"",
					"mssOsVer":	"7.3",
					"mssFile":	"",
					"md5Digest":	"8aa4a94eadc16cce49810be106498316",
					"compatibleApp":	"",
					"domType":	"mssDomain",
					"arch":	"32-bit",
					"appSettings":	{
						"appCompilerFlags":	"",
						"appLinkerFlags":	""
					},
					"addedLibs":	[],
					"libOptions":	{
						"libsContainingOptions":	[]
					},
					"prebuiltLibs":	{
						"prebuiltIncPath":	[],
						"prebuiltLibPath":	[]
					},
					"isolation":	{
					}
				}]
		}]
}
KEYINFO::2025-08-23.13:52:40::SCWPlatform::updated the xpfm file.
TRACE::2025-08-23.13:52:41::SCWPlatform::Trying to open the hw design at C:/Users/ilpes/Desktop/Antenne_e_clocks/McDMA_workspace/McDMA_v3_singlechDMA/hw/McDMA_v3.xsa
TRACE::2025-08-23.13:52:41::SCWPlatform::DSA given C:/Users/ilpes/Desktop/Antenne_e_clocks/McDMA_workspace/McDMA_v3_singlechDMA/hw/McDMA_v3.xsa
TRACE::2025-08-23.13:52:41::SCWPlatform::DSA absoulate path C:/Users/ilpes/Desktop/Antenne_e_clocks/McDMA_workspace/McDMA_v3_singlechDMA/hw/McDMA_v3.xsa
TRACE::2025-08-23.13:52:41::SCWPlatform::DSA directory C:/Users/ilpes/Desktop/Antenne_e_clocks/McDMA_workspace/McDMA_v3_singlechDMA/hw
TRACE::2025-08-23.13:52:41::SCWPlatform:: Platform Path C:/Users/ilpes/Desktop/Antenne_e_clocks/McDMA_workspace/McDMA_v3_singlechDMA/hw/McDMA_v3.xsa
TRACE::2025-08-23.13:52:41::SCWPlatform:: Unique name xilinx:cmod_a7-35t::0.0
TRACE::2025-08-23.13:52:41::SCWPlatform::Trying to set the existing hwdb with name user_35t_wrapper_0
TRACE::2025-08-23.13:52:41::SCWPlatform::Opened existing hwdb user_35t_wrapper_0
TRACE::2025-08-23.13:52:41::SCWPlatform::Found the Hw Db part of the input DSA
TRACE::2025-08-23.13:52:41::SCWMssOS::Checking the sw design at  C:/Users/ilpes/Desktop/Antenne_e_clocks/McDMA_workspace/McDMA_v3_singlechDMA/microblaze_0/standalone_domain/bsp/system.mss
TRACE::2025-08-23.13:52:41::SCWMssOS::DEBUG:  swdes dump  C:/Users/ilpes/Desktop/Antenne_e_clocks/McDMA_workspace/McDMA_v3_singlechDMA/microblaze_0/standalone_domain/bsp/system.mss|system||

TRACE::2025-08-23.13:52:41::SCWMssOS::Sw design exists and opened at  C:/Users/ilpes/Desktop/Antenne_e_clocks/McDMA_workspace/McDMA_v3_singlechDMA/microblaze_0/standalone_domain/bsp/system.mss
TRACE::2025-08-23.13:52:41::SCWMssOS::Saving the mss changes C:/Users/ilpes/Desktop/Antenne_e_clocks/McDMA_workspace/McDMA_v3_singlechDMA/microblaze_0/standalone_domain/bsp/system.mss
TRACE::2025-08-23.13:52:41::SCWMssOS::Found a swdesign opened with the mssfile.
TRACE::2025-08-23.13:52:41::SCWMssOS::Completed writemss as part of save.
TRACE::2025-08-23.13:52:41::SCWMssOS::Commit changes completed.
TRACE::2025-08-23.13:52:41::SCWPlatform::Trying to open the hw design at C:/Users/ilpes/Desktop/Antenne_e_clocks/McDMA_workspace/McDMA_v3_singlechDMA/hw/McDMA_v3.xsa
TRACE::2025-08-23.13:52:41::SCWPlatform::DSA given C:/Users/ilpes/Desktop/Antenne_e_clocks/McDMA_workspace/McDMA_v3_singlechDMA/hw/McDMA_v3.xsa
TRACE::2025-08-23.13:52:41::SCWPlatform::DSA absoulate path C:/Users/ilpes/Desktop/Antenne_e_clocks/McDMA_workspace/McDMA_v3_singlechDMA/hw/McDMA_v3.xsa
TRACE::2025-08-23.13:52:41::SCWPlatform::DSA directory C:/Users/ilpes/Desktop/Antenne_e_clocks/McDMA_workspace/McDMA_v3_singlechDMA/hw
TRACE::2025-08-23.13:52:41::SCWPlatform:: Platform Path C:/Users/ilpes/Desktop/Antenne_e_clocks/McDMA_workspace/McDMA_v3_singlechDMA/hw/McDMA_v3.xsa
TRACE::2025-08-23.13:52:41::SCWPlatform:: Unique name xilinx:cmod_a7-35t::0.0
TRACE::2025-08-23.13:52:41::SCWPlatform::Trying to set the existing hwdb with name user_35t_wrapper_0
TRACE::2025-08-23.13:52:41::SCWPlatform::Opened existing hwdb user_35t_wrapper_0
TRACE::2025-08-23.13:52:41::SCWPlatform::Found the Hw Db part of the input DSA
TRACE::2025-08-23.13:52:41::SCWMssOS::Checking the sw design at  C:/Users/ilpes/Desktop/Antenne_e_clocks/McDMA_workspace/McDMA_v3_singlechDMA/microblaze_0/standalone_domain/bsp/system.mss
TRACE::2025-08-23.13:52:41::SCWMssOS::DEBUG:  swdes dump  C:/Users/ilpes/Desktop/Antenne_e_clocks/McDMA_workspace/McDMA_v3_singlechDMA/microblaze_0/standalone_domain/bsp/system.mss|system||

TRACE::2025-08-23.13:52:41::SCWMssOS::Sw design exists and opened at  C:/Users/ilpes/Desktop/Antenne_e_clocks/McDMA_workspace/McDMA_v3_singlechDMA/microblaze_0/standalone_domain/bsp/system.mss
TRACE::2025-08-23.13:52:41::SCWPlatform::Trying to open the hw design at C:/Users/ilpes/Desktop/Antenne_e_clocks/McDMA_workspace/McDMA_v3_singlechDMA/hw/McDMA_v3.xsa
TRACE::2025-08-23.13:52:41::SCWPlatform::DSA given C:/Users/ilpes/Desktop/Antenne_e_clocks/McDMA_workspace/McDMA_v3_singlechDMA/hw/McDMA_v3.xsa
TRACE::2025-08-23.13:52:41::SCWPlatform::DSA absoulate path C:/Users/ilpes/Desktop/Antenne_e_clocks/McDMA_workspace/McDMA_v3_singlechDMA/hw/McDMA_v3.xsa
TRACE::2025-08-23.13:52:41::SCWPlatform::DSA directory C:/Users/ilpes/Desktop/Antenne_e_clocks/McDMA_workspace/McDMA_v3_singlechDMA/hw
TRACE::2025-08-23.13:52:41::SCWPlatform:: Platform Path C:/Users/ilpes/Desktop/Antenne_e_clocks/McDMA_workspace/McDMA_v3_singlechDMA/hw/McDMA_v3.xsa
TRACE::2025-08-23.13:52:41::SCWPlatform:: Unique name xilinx:cmod_a7-35t::0.0
TRACE::2025-08-23.13:52:41::SCWPlatform::Trying to set the existing hwdb with name user_35t_wrapper_0
TRACE::2025-08-23.13:52:41::SCWPlatform::Opened existing hwdb user_35t_wrapper_0
TRACE::2025-08-23.13:52:41::SCWPlatform::Found the Hw Db part of the input DSA
TRACE::2025-08-23.13:52:41::SCWMssOS::Checking the sw design at  C:/Users/ilpes/Desktop/Antenne_e_clocks/McDMA_workspace/McDMA_v3_singlechDMA/microblaze_0/standalone_domain/bsp/system.mss
TRACE::2025-08-23.13:52:41::SCWMssOS::DEBUG:  swdes dump  C:/Users/ilpes/Desktop/Antenne_e_clocks/McDMA_workspace/McDMA_v3_singlechDMA/microblaze_0/standalone_domain/bsp/system.mss|system||

TRACE::2025-08-23.13:52:41::SCWMssOS::Sw design exists and opened at  C:/Users/ilpes/Desktop/Antenne_e_clocks/McDMA_workspace/McDMA_v3_singlechDMA/microblaze_0/standalone_domain/bsp/system.mss
TRACE::2025-08-23.13:52:41::SCWPlatform::Trying to open the hw design at C:/Users/ilpes/Desktop/Antenne_e_clocks/McDMA_workspace/McDMA_v3_singlechDMA/hw/McDMA_v3.xsa
TRACE::2025-08-23.13:52:41::SCWPlatform::DSA given C:/Users/ilpes/Desktop/Antenne_e_clocks/McDMA_workspace/McDMA_v3_singlechDMA/hw/McDMA_v3.xsa
TRACE::2025-08-23.13:52:41::SCWPlatform::DSA absoulate path C:/Users/ilpes/Desktop/Antenne_e_clocks/McDMA_workspace/McDMA_v3_singlechDMA/hw/McDMA_v3.xsa
TRACE::2025-08-23.13:52:41::SCWPlatform::DSA directory C:/Users/ilpes/Desktop/Antenne_e_clocks/McDMA_workspace/McDMA_v3_singlechDMA/hw
TRACE::2025-08-23.13:52:41::SCWPlatform:: Platform Path C:/Users/ilpes/Desktop/Antenne_e_clocks/McDMA_workspace/McDMA_v3_singlechDMA/hw/McDMA_v3.xsa
TRACE::2025-08-23.13:52:41::SCWPlatform:: Unique name xilinx:cmod_a7-35t::0.0
TRACE::2025-08-23.13:52:41::SCWPlatform::Trying to set the existing hwdb with name user_35t_wrapper_0
TRACE::2025-08-23.13:52:41::SCWPlatform::Opened existing hwdb user_35t_wrapper_0
TRACE::2025-08-23.13:52:41::SCWPlatform::Found the Hw Db part of the input DSA
TRACE::2025-08-23.13:52:41::SCWMssOS::Checking the sw design at  C:/Users/ilpes/Desktop/Antenne_e_clocks/McDMA_workspace/McDMA_v3_singlechDMA/microblaze_0/standalone_domain/bsp/system.mss
TRACE::2025-08-23.13:52:41::SCWMssOS::DEBUG:  swdes dump  C:/Users/ilpes/Desktop/Antenne_e_clocks/McDMA_workspace/McDMA_v3_singlechDMA/microblaze_0/standalone_domain/bsp/system.mss|system||

TRACE::2025-08-23.13:52:41::SCWMssOS::Sw design exists and opened at  C:/Users/ilpes/Desktop/Antenne_e_clocks/McDMA_workspace/McDMA_v3_singlechDMA/microblaze_0/standalone_domain/bsp/system.mss
TRACE::2025-08-23.13:52:41::SCWWriter::formatted JSON is {
	"platformName":	"McDMA_v3_singlechDMA",
	"sprVersion":	"2.0",
	"mode":	"gui",
	"dsaType":	"Fixed",
	"platformDesc":	"McDMA_v3_singlechDMA",
	"platHandOff":	"C:/Users/ilpes/Desktop/INSEGNAMENTO/Didattica2023/McDMA/McDMA_v3/McDMA_v3.xsa",
	"platIntHandOff":	"<platformDir>/hw/McDMA_v3.xsa",
	"deviceType":	"FPGA",
	"platIsPrebuiltAutogen":	"false",
	"platIsNoBootBsp":	"false",
	"hasFsblMakeHasChanges":	"false",
	"hasPmufwMakeHasChanges":	"false",
	"platPreBuiltFlag":	false,
	"platformSamplesDir":	"",
	"platActiveSys":	"McDMA_v3_singlechDMA",
	"systems":	[{
			"systemName":	"McDMA_v3_singlechDMA",
			"systemDesc":	"McDMA_v3_singlechDMA",
			"sysIsBootAutoGen":	"true",
			"systemDispName":	"McDMA_v3_singlechDMA",
			"sysActiveDom":	"standalone_domain",
			"sysDefaultDom":	"standalone_domain",
			"domains":	[{
					"domainName":	"standalone_domain",
					"domainDispName":	"standalone_domain",
					"domainDesc":	"standalone_domain",
					"processors":	"microblaze_0",
					"os":	"standalone",
					"sdxOs":	"standalone",
					"debugEnable":	"False",
					"domRuntimes":	["cpp"],
					"swRepo":	"",
					"mssOsVer":	"7.3",
					"mssFile":	"",
					"md5Digest":	"8aa4a94eadc16cce49810be106498316",
					"compatibleApp":	"",
					"domType":	"mssDomain",
					"arch":	"32-bit",
					"appSettings":	{
						"appCompilerFlags":	"",
						"appLinkerFlags":	""
					},
					"addedLibs":	[],
					"libOptions":	{
						"libsContainingOptions":	[]
					},
					"prebuiltLibs":	{
						"prebuiltIncPath":	[],
						"prebuiltLibPath":	[]
					},
					"isolation":	{
					}
				}]
		}]
}
TRACE::2025-08-23.13:52:41::SCWPlatform::Trying to open the hw design at C:/Users/ilpes/Desktop/Antenne_e_clocks/McDMA_workspace/McDMA_v3_singlechDMA/hw/McDMA_v3.xsa
TRACE::2025-08-23.13:52:41::SCWPlatform::DSA given C:/Users/ilpes/Desktop/Antenne_e_clocks/McDMA_workspace/McDMA_v3_singlechDMA/hw/McDMA_v3.xsa
TRACE::2025-08-23.13:52:41::SCWPlatform::DSA absoulate path C:/Users/ilpes/Desktop/Antenne_e_clocks/McDMA_workspace/McDMA_v3_singlechDMA/hw/McDMA_v3.xsa
TRACE::2025-08-23.13:52:41::SCWPlatform::DSA directory C:/Users/ilpes/Desktop/Antenne_e_clocks/McDMA_workspace/McDMA_v3_singlechDMA/hw
TRACE::2025-08-23.13:52:41::SCWPlatform:: Platform Path C:/Users/ilpes/Desktop/Antenne_e_clocks/McDMA_workspace/McDMA_v3_singlechDMA/hw/McDMA_v3.xsa
TRACE::2025-08-23.13:52:41::SCWPlatform:: Unique name xilinx:cmod_a7-35t::0.0
TRACE::2025-08-23.13:52:41::SCWPlatform::Trying to set the existing hwdb with name user_35t_wrapper_0
TRACE::2025-08-23.13:52:41::SCWPlatform::Opened existing hwdb user_35t_wrapper_0
TRACE::2025-08-23.13:52:41::SCWPlatform::Found the Hw Db part of the input DSA
TRACE::2025-08-23.13:52:41::SCWMssOS::Checking the sw design at  C:/Users/ilpes/Desktop/Antenne_e_clocks/McDMA_workspace/McDMA_v3_singlechDMA/microblaze_0/standalone_domain/bsp/system.mss
TRACE::2025-08-23.13:52:41::SCWMssOS::DEBUG:  swdes dump  C:/Users/ilpes/Desktop/Antenne_e_clocks/McDMA_workspace/McDMA_v3_singlechDMA/microblaze_0/standalone_domain/bsp/system.mss|system||

TRACE::2025-08-23.13:52:41::SCWMssOS::Sw design exists and opened at  C:/Users/ilpes/Desktop/Antenne_e_clocks/McDMA_workspace/McDMA_v3_singlechDMA/microblaze_0/standalone_domain/bsp/system.mss
TRACE::2025-08-23.13:52:41::SCWPlatform::Trying to open the hw design at C:/Users/ilpes/Desktop/Antenne_e_clocks/McDMA_workspace/McDMA_v3_singlechDMA/hw/McDMA_v3.xsa
TRACE::2025-08-23.13:52:41::SCWPlatform::DSA given C:/Users/ilpes/Desktop/Antenne_e_clocks/McDMA_workspace/McDMA_v3_singlechDMA/hw/McDMA_v3.xsa
TRACE::2025-08-23.13:52:41::SCWPlatform::DSA absoulate path C:/Users/ilpes/Desktop/Antenne_e_clocks/McDMA_workspace/McDMA_v3_singlechDMA/hw/McDMA_v3.xsa
TRACE::2025-08-23.13:52:41::SCWPlatform::DSA directory C:/Users/ilpes/Desktop/Antenne_e_clocks/McDMA_workspace/McDMA_v3_singlechDMA/hw
TRACE::2025-08-23.13:52:41::SCWPlatform:: Platform Path C:/Users/ilpes/Desktop/Antenne_e_clocks/McDMA_workspace/McDMA_v3_singlechDMA/hw/McDMA_v3.xsa
TRACE::2025-08-23.13:52:41::SCWPlatform:: Unique name xilinx:cmod_a7-35t::0.0
TRACE::2025-08-23.13:52:41::SCWPlatform::Trying to set the existing hwdb with name user_35t_wrapper_0
TRACE::2025-08-23.13:52:41::SCWPlatform::Opened existing hwdb user_35t_wrapper_0
TRACE::2025-08-23.13:52:41::SCWPlatform::Found the Hw Db part of the input DSA
TRACE::2025-08-23.13:52:41::SCWMssOS::Checking the sw design at  C:/Users/ilpes/Desktop/Antenne_e_clocks/McDMA_workspace/McDMA_v3_singlechDMA/microblaze_0/standalone_domain/bsp/system.mss
TRACE::2025-08-23.13:52:41::SCWMssOS::DEBUG:  swdes dump  C:/Users/ilpes/Desktop/Antenne_e_clocks/McDMA_workspace/McDMA_v3_singlechDMA/microblaze_0/standalone_domain/bsp/system.mss|system||

TRACE::2025-08-23.13:52:41::SCWMssOS::Sw design exists and opened at  C:/Users/ilpes/Desktop/Antenne_e_clocks/McDMA_workspace/McDMA_v3_singlechDMA/microblaze_0/standalone_domain/bsp/system.mss
TRACE::2025-08-23.13:52:41::SCWPlatform::Trying to open the hw design at C:/Users/ilpes/Desktop/Antenne_e_clocks/McDMA_workspace/McDMA_v3_singlechDMA/hw/McDMA_v3.xsa
TRACE::2025-08-23.13:52:41::SCWPlatform::DSA given C:/Users/ilpes/Desktop/Antenne_e_clocks/McDMA_workspace/McDMA_v3_singlechDMA/hw/McDMA_v3.xsa
TRACE::2025-08-23.13:52:41::SCWPlatform::DSA absoulate path C:/Users/ilpes/Desktop/Antenne_e_clocks/McDMA_workspace/McDMA_v3_singlechDMA/hw/McDMA_v3.xsa
TRACE::2025-08-23.13:52:41::SCWPlatform::DSA directory C:/Users/ilpes/Desktop/Antenne_e_clocks/McDMA_workspace/McDMA_v3_singlechDMA/hw
TRACE::2025-08-23.13:52:41::SCWPlatform:: Platform Path C:/Users/ilpes/Desktop/Antenne_e_clocks/McDMA_workspace/McDMA_v3_singlechDMA/hw/McDMA_v3.xsa
TRACE::2025-08-23.13:52:41::SCWPlatform:: Unique name xilinx:cmod_a7-35t::0.0
TRACE::2025-08-23.13:52:41::SCWPlatform::Trying to set the existing hwdb with name user_35t_wrapper_0
TRACE::2025-08-23.13:52:41::SCWPlatform::Opened existing hwdb user_35t_wrapper_0
TRACE::2025-08-23.13:52:41::SCWPlatform::Found the Hw Db part of the input DSA
TRACE::2025-08-23.13:52:41::SCWMssOS::Checking the sw design at  C:/Users/ilpes/Desktop/Antenne_e_clocks/McDMA_workspace/McDMA_v3_singlechDMA/microblaze_0/standalone_domain/bsp/system.mss
TRACE::2025-08-23.13:52:41::SCWMssOS::DEBUG:  swdes dump  C:/Users/ilpes/Desktop/Antenne_e_clocks/McDMA_workspace/McDMA_v3_singlechDMA/microblaze_0/standalone_domain/bsp/system.mss|system||

TRACE::2025-08-23.13:52:41::SCWMssOS::Sw design exists and opened at  C:/Users/ilpes/Desktop/Antenne_e_clocks/McDMA_workspace/McDMA_v3_singlechDMA/microblaze_0/standalone_domain/bsp/system.mss
TRACE::2025-08-23.13:52:41::SCWMssOS::Saving the mss changes C:/Users/ilpes/Desktop/Antenne_e_clocks/McDMA_workspace/McDMA_v3_singlechDMA/microblaze_0/standalone_domain/bsp/system.mss
TRACE::2025-08-23.13:52:41::SCWMssOS::Found a swdesign opened with the mssfile.
TRACE::2025-08-23.13:52:41::SCWMssOS::Completed writemss as part of save.
TRACE::2025-08-23.13:52:41::SCWMssOS::Commit changes completed.
TRACE::2025-08-23.13:52:41::SCWPlatform::Trying to open the hw design at C:/Users/ilpes/Desktop/Antenne_e_clocks/McDMA_workspace/McDMA_v3_singlechDMA/hw/McDMA_v3.xsa
TRACE::2025-08-23.13:52:41::SCWPlatform::DSA given C:/Users/ilpes/Desktop/Antenne_e_clocks/McDMA_workspace/McDMA_v3_singlechDMA/hw/McDMA_v3.xsa
TRACE::2025-08-23.13:52:41::SCWPlatform::DSA absoulate path C:/Users/ilpes/Desktop/Antenne_e_clocks/McDMA_workspace/McDMA_v3_singlechDMA/hw/McDMA_v3.xsa
TRACE::2025-08-23.13:52:41::SCWPlatform::DSA directory C:/Users/ilpes/Desktop/Antenne_e_clocks/McDMA_workspace/McDMA_v3_singlechDMA/hw
TRACE::2025-08-23.13:52:41::SCWPlatform:: Platform Path C:/Users/ilpes/Desktop/Antenne_e_clocks/McDMA_workspace/McDMA_v3_singlechDMA/hw/McDMA_v3.xsa
TRACE::2025-08-23.13:52:41::SCWPlatform:: Unique name xilinx:cmod_a7-35t::0.0
TRACE::2025-08-23.13:52:41::SCWPlatform::Trying to set the existing hwdb with name user_35t_wrapper_0
TRACE::2025-08-23.13:52:41::SCWPlatform::Opened existing hwdb user_35t_wrapper_0
TRACE::2025-08-23.13:52:41::SCWPlatform::Found the Hw Db part of the input DSA
TRACE::2025-08-23.13:52:41::SCWMssOS::Checking the sw design at  C:/Users/ilpes/Desktop/Antenne_e_clocks/McDMA_workspace/McDMA_v3_singlechDMA/microblaze_0/standalone_domain/bsp/system.mss
TRACE::2025-08-23.13:52:41::SCWMssOS::DEBUG:  swdes dump  C:/Users/ilpes/Desktop/Antenne_e_clocks/McDMA_workspace/McDMA_v3_singlechDMA/microblaze_0/standalone_domain/bsp/system.mss|system||

TRACE::2025-08-23.13:52:41::SCWMssOS::Sw design exists and opened at  C:/Users/ilpes/Desktop/Antenne_e_clocks/McDMA_workspace/McDMA_v3_singlechDMA/microblaze_0/standalone_domain/bsp/system.mss
TRACE::2025-08-23.13:52:41::SCWPlatform::Trying to open the hw design at C:/Users/ilpes/Desktop/Antenne_e_clocks/McDMA_workspace/McDMA_v3_singlechDMA/hw/McDMA_v3.xsa
TRACE::2025-08-23.13:52:41::SCWPlatform::DSA given C:/Users/ilpes/Desktop/Antenne_e_clocks/McDMA_workspace/McDMA_v3_singlechDMA/hw/McDMA_v3.xsa
TRACE::2025-08-23.13:52:41::SCWPlatform::DSA absoulate path C:/Users/ilpes/Desktop/Antenne_e_clocks/McDMA_workspace/McDMA_v3_singlechDMA/hw/McDMA_v3.xsa
TRACE::2025-08-23.13:52:41::SCWPlatform::DSA directory C:/Users/ilpes/Desktop/Antenne_e_clocks/McDMA_workspace/McDMA_v3_singlechDMA/hw
TRACE::2025-08-23.13:52:41::SCWPlatform:: Platform Path C:/Users/ilpes/Desktop/Antenne_e_clocks/McDMA_workspace/McDMA_v3_singlechDMA/hw/McDMA_v3.xsa
TRACE::2025-08-23.13:52:41::SCWPlatform:: Unique name xilinx:cmod_a7-35t::0.0
TRACE::2025-08-23.13:52:41::SCWPlatform::Trying to set the existing hwdb with name user_35t_wrapper_0
TRACE::2025-08-23.13:52:41::SCWPlatform::Opened existing hwdb user_35t_wrapper_0
TRACE::2025-08-23.13:52:41::SCWPlatform::Found the Hw Db part of the input DSA
TRACE::2025-08-23.13:52:41::SCWMssOS::Checking the sw design at  C:/Users/ilpes/Desktop/Antenne_e_clocks/McDMA_workspace/McDMA_v3_singlechDMA/microblaze_0/standalone_domain/bsp/system.mss
TRACE::2025-08-23.13:52:41::SCWMssOS::DEBUG:  swdes dump  C:/Users/ilpes/Desktop/Antenne_e_clocks/McDMA_workspace/McDMA_v3_singlechDMA/microblaze_0/standalone_domain/bsp/system.mss|system||

TRACE::2025-08-23.13:52:41::SCWMssOS::Sw design exists and opened at  C:/Users/ilpes/Desktop/Antenne_e_clocks/McDMA_workspace/McDMA_v3_singlechDMA/microblaze_0/standalone_domain/bsp/system.mss
TRACE::2025-08-23.13:52:41::SCWPlatform::Trying to open the hw design at C:/Users/ilpes/Desktop/Antenne_e_clocks/McDMA_workspace/McDMA_v3_singlechDMA/hw/McDMA_v3.xsa
TRACE::2025-08-23.13:52:41::SCWPlatform::DSA given C:/Users/ilpes/Desktop/Antenne_e_clocks/McDMA_workspace/McDMA_v3_singlechDMA/hw/McDMA_v3.xsa
TRACE::2025-08-23.13:52:41::SCWPlatform::DSA absoulate path C:/Users/ilpes/Desktop/Antenne_e_clocks/McDMA_workspace/McDMA_v3_singlechDMA/hw/McDMA_v3.xsa
TRACE::2025-08-23.13:52:41::SCWPlatform::DSA directory C:/Users/ilpes/Desktop/Antenne_e_clocks/McDMA_workspace/McDMA_v3_singlechDMA/hw
TRACE::2025-08-23.13:52:41::SCWPlatform:: Platform Path C:/Users/ilpes/Desktop/Antenne_e_clocks/McDMA_workspace/McDMA_v3_singlechDMA/hw/McDMA_v3.xsa
TRACE::2025-08-23.13:52:41::SCWPlatform:: Unique name xilinx:cmod_a7-35t::0.0
TRACE::2025-08-23.13:52:41::SCWPlatform::Trying to set the existing hwdb with name user_35t_wrapper_0
TRACE::2025-08-23.13:52:41::SCWPlatform::Opened existing hwdb user_35t_wrapper_0
TRACE::2025-08-23.13:52:41::SCWPlatform::Found the Hw Db part of the input DSA
TRACE::2025-08-23.13:52:41::SCWMssOS::Checking the sw design at  C:/Users/ilpes/Desktop/Antenne_e_clocks/McDMA_workspace/McDMA_v3_singlechDMA/microblaze_0/standalone_domain/bsp/system.mss
TRACE::2025-08-23.13:52:41::SCWMssOS::DEBUG:  swdes dump  C:/Users/ilpes/Desktop/Antenne_e_clocks/McDMA_workspace/McDMA_v3_singlechDMA/microblaze_0/standalone_domain/bsp/system.mss|system||

TRACE::2025-08-23.13:52:41::SCWMssOS::Sw design exists and opened at  C:/Users/ilpes/Desktop/Antenne_e_clocks/McDMA_workspace/McDMA_v3_singlechDMA/microblaze_0/standalone_domain/bsp/system.mss
TRACE::2025-08-23.13:52:41::SCWWriter::formatted JSON is {
	"platformName":	"McDMA_v3_singlechDMA",
	"sprVersion":	"2.0",
	"mode":	"gui",
	"dsaType":	"Fixed",
	"platformDesc":	"McDMA_v3_singlechDMA",
	"platHandOff":	"C:/Users/ilpes/Desktop/INSEGNAMENTO/Didattica2023/McDMA/McDMA_v3/McDMA_v3.xsa",
	"platIntHandOff":	"<platformDir>/hw/McDMA_v3.xsa",
	"deviceType":	"FPGA",
	"platIsPrebuiltAutogen":	"false",
	"platIsNoBootBsp":	"false",
	"hasFsblMakeHasChanges":	"false",
	"hasPmufwMakeHasChanges":	"false",
	"platPreBuiltFlag":	false,
	"platformSamplesDir":	"",
	"platActiveSys":	"McDMA_v3_singlechDMA",
	"systems":	[{
			"systemName":	"McDMA_v3_singlechDMA",
			"systemDesc":	"McDMA_v3_singlechDMA",
			"sysIsBootAutoGen":	"true",
			"systemDispName":	"McDMA_v3_singlechDMA",
			"sysActiveDom":	"standalone_domain",
			"sysDefaultDom":	"standalone_domain",
			"domains":	[{
					"domainName":	"standalone_domain",
					"domainDispName":	"standalone on microblaze_0",
					"domainDesc":	"standalone_domain",
					"processors":	"microblaze_0",
					"os":	"standalone",
					"sdxOs":	"standalone",
					"debugEnable":	"False",
					"domRuntimes":	["cpp"],
					"swRepo":	"",
					"mssOsVer":	"7.3",
					"mssFile":	"",
					"md5Digest":	"8aa4a94eadc16cce49810be106498316",
					"compatibleApp":	"",
					"domType":	"mssDomain",
					"arch":	"32-bit",
					"appSettings":	{
						"appCompilerFlags":	"",
						"appLinkerFlags":	""
					},
					"addedLibs":	[],
					"libOptions":	{
						"libsContainingOptions":	[]
					},
					"prebuiltLibs":	{
						"prebuiltIncPath":	[],
						"prebuiltLibPath":	[]
					},
					"isolation":	{
					}
				}]
		}]
}
TRACE::2025-08-23.13:52:41::SCWMssOS::Saving the mss changes C:/Users/ilpes/Desktop/Antenne_e_clocks/McDMA_workspace/McDMA_v3_singlechDMA/microblaze_0/standalone_domain/bsp/system.mss
TRACE::2025-08-23.13:52:41::SCWMssOS::Found a swdesign opened with the mssfile.
TRACE::2025-08-23.13:52:41::SCWMssOS::Completed writemss as part of save.
TRACE::2025-08-23.13:52:41::SCWMssOS::Commit changes completed.
TRACE::2025-08-23.13:52:41::SCWPlatform::Trying to open the hw design at C:/Users/ilpes/Desktop/Antenne_e_clocks/McDMA_workspace/McDMA_v3_singlechDMA/hw/McDMA_v3.xsa
TRACE::2025-08-23.13:52:41::SCWPlatform::DSA given C:/Users/ilpes/Desktop/Antenne_e_clocks/McDMA_workspace/McDMA_v3_singlechDMA/hw/McDMA_v3.xsa
TRACE::2025-08-23.13:52:41::SCWPlatform::DSA absoulate path C:/Users/ilpes/Desktop/Antenne_e_clocks/McDMA_workspace/McDMA_v3_singlechDMA/hw/McDMA_v3.xsa
TRACE::2025-08-23.13:52:41::SCWPlatform::DSA directory C:/Users/ilpes/Desktop/Antenne_e_clocks/McDMA_workspace/McDMA_v3_singlechDMA/hw
TRACE::2025-08-23.13:52:41::SCWPlatform:: Platform Path C:/Users/ilpes/Desktop/Antenne_e_clocks/McDMA_workspace/McDMA_v3_singlechDMA/hw/McDMA_v3.xsa
TRACE::2025-08-23.13:52:41::SCWPlatform:: Unique name xilinx:cmod_a7-35t::0.0
TRACE::2025-08-23.13:52:41::SCWPlatform::Trying to set the existing hwdb with name user_35t_wrapper_0
TRACE::2025-08-23.13:52:41::SCWPlatform::Opened existing hwdb user_35t_wrapper_0
TRACE::2025-08-23.13:52:41::SCWPlatform::Found the Hw Db part of the input DSA
TRACE::2025-08-23.13:52:41::SCWMssOS::Checking the sw design at  C:/Users/ilpes/Desktop/Antenne_e_clocks/McDMA_workspace/McDMA_v3_singlechDMA/microblaze_0/standalone_domain/bsp/system.mss
TRACE::2025-08-23.13:52:41::SCWMssOS::DEBUG:  swdes dump  C:/Users/ilpes/Desktop/Antenne_e_clocks/McDMA_workspace/McDMA_v3_singlechDMA/microblaze_0/standalone_domain/bsp/system.mss|system||

TRACE::2025-08-23.13:52:41::SCWMssOS::Sw design exists and opened at  C:/Users/ilpes/Desktop/Antenne_e_clocks/McDMA_workspace/McDMA_v3_singlechDMA/microblaze_0/standalone_domain/bsp/system.mss
TRACE::2025-08-23.13:52:41::SCWPlatform::Trying to open the hw design at C:/Users/ilpes/Desktop/Antenne_e_clocks/McDMA_workspace/McDMA_v3_singlechDMA/hw/McDMA_v3.xsa
TRACE::2025-08-23.13:52:41::SCWPlatform::DSA given C:/Users/ilpes/Desktop/Antenne_e_clocks/McDMA_workspace/McDMA_v3_singlechDMA/hw/McDMA_v3.xsa
TRACE::2025-08-23.13:52:41::SCWPlatform::DSA absoulate path C:/Users/ilpes/Desktop/Antenne_e_clocks/McDMA_workspace/McDMA_v3_singlechDMA/hw/McDMA_v3.xsa
TRACE::2025-08-23.13:52:41::SCWPlatform::DSA directory C:/Users/ilpes/Desktop/Antenne_e_clocks/McDMA_workspace/McDMA_v3_singlechDMA/hw
TRACE::2025-08-23.13:52:41::SCWPlatform:: Platform Path C:/Users/ilpes/Desktop/Antenne_e_clocks/McDMA_workspace/McDMA_v3_singlechDMA/hw/McDMA_v3.xsa
TRACE::2025-08-23.13:52:41::SCWPlatform:: Unique name xilinx:cmod_a7-35t::0.0
TRACE::2025-08-23.13:52:41::SCWPlatform::Trying to set the existing hwdb with name user_35t_wrapper_0
TRACE::2025-08-23.13:52:41::SCWPlatform::Opened existing hwdb user_35t_wrapper_0
TRACE::2025-08-23.13:52:41::SCWPlatform::Found the Hw Db part of the input DSA
TRACE::2025-08-23.13:52:41::SCWMssOS::Checking the sw design at  C:/Users/ilpes/Desktop/Antenne_e_clocks/McDMA_workspace/McDMA_v3_singlechDMA/microblaze_0/standalone_domain/bsp/system.mss
TRACE::2025-08-23.13:52:41::SCWMssOS::DEBUG:  swdes dump  C:/Users/ilpes/Desktop/Antenne_e_clocks/McDMA_workspace/McDMA_v3_singlechDMA/microblaze_0/standalone_domain/bsp/system.mss|system||

TRACE::2025-08-23.13:52:41::SCWMssOS::Sw design exists and opened at  C:/Users/ilpes/Desktop/Antenne_e_clocks/McDMA_workspace/McDMA_v3_singlechDMA/microblaze_0/standalone_domain/bsp/system.mss
TRACE::2025-08-23.13:52:41::SCWPlatform::Trying to open the hw design at C:/Users/ilpes/Desktop/Antenne_e_clocks/McDMA_workspace/McDMA_v3_singlechDMA/hw/McDMA_v3.xsa
TRACE::2025-08-23.13:52:41::SCWPlatform::DSA given C:/Users/ilpes/Desktop/Antenne_e_clocks/McDMA_workspace/McDMA_v3_singlechDMA/hw/McDMA_v3.xsa
TRACE::2025-08-23.13:52:41::SCWPlatform::DSA absoulate path C:/Users/ilpes/Desktop/Antenne_e_clocks/McDMA_workspace/McDMA_v3_singlechDMA/hw/McDMA_v3.xsa
TRACE::2025-08-23.13:52:41::SCWPlatform::DSA directory C:/Users/ilpes/Desktop/Antenne_e_clocks/McDMA_workspace/McDMA_v3_singlechDMA/hw
TRACE::2025-08-23.13:52:41::SCWPlatform:: Platform Path C:/Users/ilpes/Desktop/Antenne_e_clocks/McDMA_workspace/McDMA_v3_singlechDMA/hw/McDMA_v3.xsa
TRACE::2025-08-23.13:52:41::SCWPlatform:: Unique name xilinx:cmod_a7-35t::0.0
TRACE::2025-08-23.13:52:41::SCWPlatform::Trying to set the existing hwdb with name user_35t_wrapper_0
TRACE::2025-08-23.13:52:41::SCWPlatform::Opened existing hwdb user_35t_wrapper_0
TRACE::2025-08-23.13:52:41::SCWPlatform::Found the Hw Db part of the input DSA
TRACE::2025-08-23.13:52:41::SCWMssOS::Checking the sw design at  C:/Users/ilpes/Desktop/Antenne_e_clocks/McDMA_workspace/McDMA_v3_singlechDMA/microblaze_0/standalone_domain/bsp/system.mss
TRACE::2025-08-23.13:52:41::SCWMssOS::DEBUG:  swdes dump  C:/Users/ilpes/Desktop/Antenne_e_clocks/McDMA_workspace/McDMA_v3_singlechDMA/microblaze_0/standalone_domain/bsp/system.mss|system||

TRACE::2025-08-23.13:52:41::SCWMssOS::Sw design exists and opened at  C:/Users/ilpes/Desktop/Antenne_e_clocks/McDMA_workspace/McDMA_v3_singlechDMA/microblaze_0/standalone_domain/bsp/system.mss
TRACE::2025-08-23.13:52:41::SCWWriter::formatted JSON is {
	"platformName":	"McDMA_v3_singlechDMA",
	"sprVersion":	"2.0",
	"mode":	"gui",
	"dsaType":	"Fixed",
	"platformDesc":	"McDMA_v3_singlechDMA",
	"platHandOff":	"C:/Users/ilpes/Desktop/INSEGNAMENTO/Didattica2023/McDMA/McDMA_v3/McDMA_v3.xsa",
	"platIntHandOff":	"<platformDir>/hw/McDMA_v3.xsa",
	"deviceType":	"FPGA",
	"platIsPrebuiltAutogen":	"false",
	"platIsNoBootBsp":	"false",
	"hasFsblMakeHasChanges":	"false",
	"hasPmufwMakeHasChanges":	"false",
	"platPreBuiltFlag":	false,
	"platformSamplesDir":	"",
	"platActiveSys":	"McDMA_v3_singlechDMA",
	"systems":	[{
			"systemName":	"McDMA_v3_singlechDMA",
			"systemDesc":	"McDMA_v3_singlechDMA",
			"sysIsBootAutoGen":	"true",
			"systemDispName":	"McDMA_v3_singlechDMA",
			"sysActiveDom":	"standalone_domain",
			"sysDefaultDom":	"standalone_domain",
			"domains":	[{
					"domainName":	"standalone_domain",
					"domainDispName":	"standalone on microblaze_0",
					"domainDesc":	"standalone_domain",
					"processors":	"microblaze_0",
					"os":	"standalone",
					"sdxOs":	"standalone",
					"debugEnable":	"False",
					"domRuntimes":	["cpp"],
					"swRepo":	"",
					"mssOsVer":	"7.3",
					"mssFile":	"",
					"md5Digest":	"8aa4a94eadc16cce49810be106498316",
					"compatibleApp":	"",
					"domType":	"mssDomain",
					"arch":	"32-bit",
					"appSettings":	{
						"appCompilerFlags":	"",
						"appLinkerFlags":	""
					},
					"addedLibs":	[],
					"libOptions":	{
						"libsContainingOptions":	[]
					},
					"prebuiltLibs":	{
						"prebuiltIncPath":	[],
						"prebuiltLibPath":	[]
					},
					"isolation":	{
					}
				}]
		}]
}
TRACE::2025-08-23.13:52:41::SCWPlatform::Clearing the existing platform
TRACE::2025-08-23.13:52:41::SCWSystem::Clearing the existing sysconfig
TRACE::2025-08-23.13:52:41::SCWMssOS::Removing the swdes entry for  C:/Users/ilpes/Desktop/Antenne_e_clocks/McDMA_workspace/McDMA_v3_singlechDMA/microblaze_0/standalone_domain/bsp/system.mss
TRACE::2025-08-23.13:52:41::SCWSystem::Clearing the domains completed.
TRACE::2025-08-23.13:52:41::SCWPlatform::Clearing the opened hw db.
TRACE::2025-08-23.13:52:41::SCWPlatform::DSA given C:/Users/ilpes/Desktop/Antenne_e_clocks/McDMA_workspace/McDMA_v3_singlechDMA/hw/McDMA_v3.xsa
TRACE::2025-08-23.13:52:41::SCWPlatform::DSA absoulate path C:/Users/ilpes/Desktop/Antenne_e_clocks/McDMA_workspace/McDMA_v3_singlechDMA/hw/McDMA_v3.xsa
TRACE::2025-08-23.13:52:41::SCWPlatform:: Platform location is C:/Users/ilpes/Desktop/Antenne_e_clocks/McDMA_workspace/McDMA_v3_singlechDMA/hw
TRACE::2025-08-23.13:52:41::SCWPlatform:: Platform Path C:/Users/ilpes/Desktop/Antenne_e_clocks/McDMA_workspace/McDMA_v3_singlechDMA/hw/McDMA_v3.xsa
TRACE::2025-08-23.13:52:41::SCWPlatform:: Unique name xilinx:cmod_a7-35t::0.0
TRACE::2025-08-23.13:52:41::SCWPlatform::Removing the HwDB with name C:/Users/ilpes/Desktop/Antenne_e_clocks/McDMA_workspace/McDMA_v3_singlechDMA/hw/McDMA_v3.xsa
TRACE::2025-08-23.13:52:41::SCWPlatform::Trying to open the hw design at C:/Users/ilpes/Desktop/Antenne_e_clocks/McDMA_workspace/McDMA_v3_singlechDMA/hw/McDMA_v3.xsa
TRACE::2025-08-23.13:52:41::SCWPlatform::DSA given C:/Users/ilpes/Desktop/Antenne_e_clocks/McDMA_workspace/McDMA_v3_singlechDMA/hw/McDMA_v3.xsa
TRACE::2025-08-23.13:52:41::SCWPlatform::DSA absoulate path C:/Users/ilpes/Desktop/Antenne_e_clocks/McDMA_workspace/McDMA_v3_singlechDMA/hw/McDMA_v3.xsa
TRACE::2025-08-23.13:52:41::SCWPlatform::DSA directory C:/Users/ilpes/Desktop/Antenne_e_clocks/McDMA_workspace/McDMA_v3_singlechDMA/hw
TRACE::2025-08-23.13:52:41::SCWPlatform:: Platform Path C:/Users/ilpes/Desktop/Antenne_e_clocks/McDMA_workspace/McDMA_v3_singlechDMA/hw/McDMA_v3.xsa
TRACE::2025-08-23.13:52:41::SCWPlatform:: Unique name xilinx:cmod_a7-35t::0.0
TRACE::2025-08-23.13:52:41::SCWPlatform::Do not have an existing db opened. 
TRACE::2025-08-23.13:52:43::SCWPlatform::Opened new HwDB with name user_35t_wrapper_1
TRACE::2025-08-23.13:52:43::SCWReader::Active system found as  McDMA_v3_singlechDMA
TRACE::2025-08-23.13:52:43::SCWReader::Handling sysconfig McDMA_v3_singlechDMA
TRACE::2025-08-23.13:52:43::SCWDomain::checking for install qemu data   : 
TRACE::2025-08-23.13:52:43::SCWPlatform::Trying to open the hw design at C:/Users/ilpes/Desktop/Antenne_e_clocks/McDMA_workspace/McDMA_v3_singlechDMA/hw/McDMA_v3.xsa
TRACE::2025-08-23.13:52:43::SCWPlatform::DSA given C:/Users/ilpes/Desktop/Antenne_e_clocks/McDMA_workspace/McDMA_v3_singlechDMA/hw/McDMA_v3.xsa
TRACE::2025-08-23.13:52:43::SCWPlatform::DSA absoulate path C:/Users/ilpes/Desktop/Antenne_e_clocks/McDMA_workspace/McDMA_v3_singlechDMA/hw/McDMA_v3.xsa
TRACE::2025-08-23.13:52:43::SCWPlatform::DSA directory C:/Users/ilpes/Desktop/Antenne_e_clocks/McDMA_workspace/McDMA_v3_singlechDMA/hw
TRACE::2025-08-23.13:52:43::SCWPlatform:: Platform Path C:/Users/ilpes/Desktop/Antenne_e_clocks/McDMA_workspace/McDMA_v3_singlechDMA/hw/McDMA_v3.xsa
TRACE::2025-08-23.13:52:43::SCWPlatform:: Unique name xilinx:cmod_a7-35t::0.0
TRACE::2025-08-23.13:52:43::SCWPlatform::Trying to set the existing hwdb with name user_35t_wrapper_1
TRACE::2025-08-23.13:52:43::SCWPlatform::Opened existing hwdb user_35t_wrapper_1
TRACE::2025-08-23.13:52:43::SCWPlatform::Found the Hw Db part of the input DSA
TRACE::2025-08-23.13:52:43::SCWPlatform::Trying to open the hw design at C:/Users/ilpes/Desktop/Antenne_e_clocks/McDMA_workspace/McDMA_v3_singlechDMA/hw/McDMA_v3.xsa
TRACE::2025-08-23.13:52:43::SCWPlatform::DSA given C:/Users/ilpes/Desktop/Antenne_e_clocks/McDMA_workspace/McDMA_v3_singlechDMA/hw/McDMA_v3.xsa
TRACE::2025-08-23.13:52:43::SCWPlatform::DSA absoulate path C:/Users/ilpes/Desktop/Antenne_e_clocks/McDMA_workspace/McDMA_v3_singlechDMA/hw/McDMA_v3.xsa
TRACE::2025-08-23.13:52:43::SCWPlatform::DSA directory C:/Users/ilpes/Desktop/Antenne_e_clocks/McDMA_workspace/McDMA_v3_singlechDMA/hw
TRACE::2025-08-23.13:52:43::SCWPlatform:: Platform Path C:/Users/ilpes/Desktop/Antenne_e_clocks/McDMA_workspace/McDMA_v3_singlechDMA/hw/McDMA_v3.xsa
TRACE::2025-08-23.13:52:43::SCWPlatform:: Unique name xilinx:cmod_a7-35t::0.0
TRACE::2025-08-23.13:52:43::SCWPlatform::Trying to set the existing hwdb with name user_35t_wrapper_1
TRACE::2025-08-23.13:52:43::SCWPlatform::Opened existing hwdb user_35t_wrapper_1
TRACE::2025-08-23.13:52:43::SCWPlatform::Found the Hw Db part of the input DSA
TRACE::2025-08-23.13:52:43::SCWPlatform::Trying to open the hw design at C:/Users/ilpes/Desktop/Antenne_e_clocks/McDMA_workspace/McDMA_v3_singlechDMA/hw/McDMA_v3.xsa
TRACE::2025-08-23.13:52:43::SCWPlatform::DSA given C:/Users/ilpes/Desktop/Antenne_e_clocks/McDMA_workspace/McDMA_v3_singlechDMA/hw/McDMA_v3.xsa
TRACE::2025-08-23.13:52:43::SCWPlatform::DSA absoulate path C:/Users/ilpes/Desktop/Antenne_e_clocks/McDMA_workspace/McDMA_v3_singlechDMA/hw/McDMA_v3.xsa
TRACE::2025-08-23.13:52:43::SCWPlatform::DSA directory C:/Users/ilpes/Desktop/Antenne_e_clocks/McDMA_workspace/McDMA_v3_singlechDMA/hw
TRACE::2025-08-23.13:52:43::SCWPlatform:: Platform Path C:/Users/ilpes/Desktop/Antenne_e_clocks/McDMA_workspace/McDMA_v3_singlechDMA/hw/McDMA_v3.xsa
TRACE::2025-08-23.13:52:43::SCWPlatform:: Unique name xilinx:cmod_a7-35t::0.0
TRACE::2025-08-23.13:52:43::SCWPlatform::Trying to set the existing hwdb with name user_35t_wrapper_1
TRACE::2025-08-23.13:52:43::SCWPlatform::Opened existing hwdb user_35t_wrapper_1
TRACE::2025-08-23.13:52:43::SCWPlatform::Found the Hw Db part of the input DSA
TRACE::2025-08-23.13:52:43::SCWPlatform::Trying to open the hw design at C:/Users/ilpes/Desktop/Antenne_e_clocks/McDMA_workspace/McDMA_v3_singlechDMA/hw/McDMA_v3.xsa
TRACE::2025-08-23.13:52:43::SCWPlatform::DSA given C:/Users/ilpes/Desktop/Antenne_e_clocks/McDMA_workspace/McDMA_v3_singlechDMA/hw/McDMA_v3.xsa
TRACE::2025-08-23.13:52:43::SCWPlatform::DSA absoulate path C:/Users/ilpes/Desktop/Antenne_e_clocks/McDMA_workspace/McDMA_v3_singlechDMA/hw/McDMA_v3.xsa
TRACE::2025-08-23.13:52:43::SCWPlatform::DSA directory C:/Users/ilpes/Desktop/Antenne_e_clocks/McDMA_workspace/McDMA_v3_singlechDMA/hw
TRACE::2025-08-23.13:52:43::SCWPlatform:: Platform Path C:/Users/ilpes/Desktop/Antenne_e_clocks/McDMA_workspace/McDMA_v3_singlechDMA/hw/McDMA_v3.xsa
TRACE::2025-08-23.13:52:43::SCWPlatform:: Unique name xilinx:cmod_a7-35t::0.0
TRACE::2025-08-23.13:52:43::SCWPlatform::Trying to set the existing hwdb with name user_35t_wrapper_1
TRACE::2025-08-23.13:52:43::SCWPlatform::Opened existing hwdb user_35t_wrapper_1
TRACE::2025-08-23.13:52:43::SCWPlatform::Found the Hw Db part of the input DSA
TRACE::2025-08-23.13:52:43::SCWMssOS::Checking the sw design at  C:/Users/ilpes/Desktop/Antenne_e_clocks/McDMA_workspace/McDMA_v3_singlechDMA/microblaze_0/standalone_domain/bsp/system.mss
TRACE::2025-08-23.13:52:43::SCWMssOS::DEBUG:  swdes dump  
TRACE::2025-08-23.13:52:43::SCWMssOS::No sw design opened at  C:/Users/ilpes/Desktop/Antenne_e_clocks/McDMA_workspace/McDMA_v3_singlechDMA/microblaze_0/standalone_domain/bsp/system.mss
TRACE::2025-08-23.13:52:43::SCWMssOS::mss exists loading the mss file  C:/Users/ilpes/Desktop/Antenne_e_clocks/McDMA_workspace/McDMA_v3_singlechDMA/microblaze_0/standalone_domain/bsp/system.mss
TRACE::2025-08-23.13:52:43::SCWMssOS::Opened the sw design from mss  C:/Users/ilpes/Desktop/Antenne_e_clocks/McDMA_workspace/McDMA_v3_singlechDMA/microblaze_0/standalone_domain/bsp/system.mss
TRACE::2025-08-23.13:52:43::SCWMssOS::Adding the swdes entry C:/Users/ilpes/Desktop/Antenne_e_clocks/McDMA_workspace/McDMA_v3_singlechDMA/microblaze_0/standalone_domain/bsp/system.mss with des name system
TRACE::2025-08-23.13:52:43::SCWMssOS::updating the scw layer about changes
TRACE::2025-08-23.13:52:43::SCWMssOS::Opened the sw design.  C:/Users/ilpes/Desktop/Antenne_e_clocks/McDMA_workspace/McDMA_v3_singlechDMA/microblaze_0/standalone_domain/bsp/system.mss
TRACE::2025-08-23.13:52:43::SCWMssOS::Saving the mss changes C:/Users/ilpes/Desktop/Antenne_e_clocks/McDMA_workspace/McDMA_v3_singlechDMA/microblaze_0/standalone_domain/bsp/system.mss
TRACE::2025-08-23.13:52:43::SCWMssOS::Found a swdesign opened with the mssfile.
TRACE::2025-08-23.13:52:43::SCWMssOS::Completed writemss as part of save.
TRACE::2025-08-23.13:52:43::SCWMssOS::Commit changes completed.
TRACE::2025-08-23.13:52:43::SCWReader::Adding prebuilt librarypaths as   
TRACE::2025-08-23.13:52:43::SCWReader::Adding prebuilt incpaths  as   
TRACE::2025-08-23.13:52:43::SCWPlatform::Trying to open the hw design at C:/Users/ilpes/Desktop/Antenne_e_clocks/McDMA_workspace/McDMA_v3_singlechDMA/hw/McDMA_v3.xsa
TRACE::2025-08-23.13:52:43::SCWPlatform::DSA given C:/Users/ilpes/Desktop/Antenne_e_clocks/McDMA_workspace/McDMA_v3_singlechDMA/hw/McDMA_v3.xsa
TRACE::2025-08-23.13:52:43::SCWPlatform::DSA absoulate path C:/Users/ilpes/Desktop/Antenne_e_clocks/McDMA_workspace/McDMA_v3_singlechDMA/hw/McDMA_v3.xsa
TRACE::2025-08-23.13:52:43::SCWPlatform::DSA directory C:/Users/ilpes/Desktop/Antenne_e_clocks/McDMA_workspace/McDMA_v3_singlechDMA/hw
TRACE::2025-08-23.13:52:43::SCWPlatform:: Platform Path C:/Users/ilpes/Desktop/Antenne_e_clocks/McDMA_workspace/McDMA_v3_singlechDMA/hw/McDMA_v3.xsa
TRACE::2025-08-23.13:52:43::SCWPlatform:: Unique name xilinx:cmod_a7-35t::0.0
TRACE::2025-08-23.13:52:43::SCWPlatform::Trying to set the existing hwdb with name user_35t_wrapper_1
TRACE::2025-08-23.13:52:43::SCWPlatform::Opened existing hwdb user_35t_wrapper_1
TRACE::2025-08-23.13:52:43::SCWPlatform::Found the Hw Db part of the input DSA
TRACE::2025-08-23.13:52:43::SCWMssOS::Checking the sw design at  C:/Users/ilpes/Desktop/Antenne_e_clocks/McDMA_workspace/McDMA_v3_singlechDMA/microblaze_0/standalone_domain/bsp/system.mss
TRACE::2025-08-23.13:52:43::SCWMssOS::DEBUG:  swdes dump  C:/Users/ilpes/Desktop/Antenne_e_clocks/McDMA_workspace/McDMA_v3_singlechDMA/microblaze_0/standalone_domain/bsp/system.mss|system||

TRACE::2025-08-23.13:52:43::SCWMssOS::Sw design exists and opened at  C:/Users/ilpes/Desktop/Antenne_e_clocks/McDMA_workspace/McDMA_v3_singlechDMA/microblaze_0/standalone_domain/bsp/system.mss
TRACE::2025-08-23.13:52:43::SCWReader::No isolation master present  
TRACE::2025-08-24.09:15:16::SCWPlatform::Trying to open the hw design at C:/Users/ilpes/Desktop/Antenne_e_clocks/McDMA_workspace/McDMA_v3_singlechDMA/hw/McDMA_v3.xsa
TRACE::2025-08-24.09:15:16::SCWPlatform::DSA given C:/Users/ilpes/Desktop/Antenne_e_clocks/McDMA_workspace/McDMA_v3_singlechDMA/hw/McDMA_v3.xsa
TRACE::2025-08-24.09:15:16::SCWPlatform::DSA absoulate path C:/Users/ilpes/Desktop/Antenne_e_clocks/McDMA_workspace/McDMA_v3_singlechDMA/hw/McDMA_v3.xsa
TRACE::2025-08-24.09:15:18::SCWPlatform::DSA directory C:/Users/ilpes/Desktop/Antenne_e_clocks/McDMA_workspace/McDMA_v3_singlechDMA/hw
TRACE::2025-08-24.09:15:18::SCWPlatform:: Platform Path C:/Users/ilpes/Desktop/Antenne_e_clocks/McDMA_workspace/McDMA_v3_singlechDMA/hw/McDMA_v3.xsa
TRACE::2025-08-24.09:15:18::SCWPlatform:: Unique name xilinx:cmod_a7-35t::0.0
TRACE::2025-08-24.09:15:18::SCWPlatform::Do not have an existing db opened. 
TRACE::2025-08-24.09:15:19::SCWPlatform::Opened new HwDB with name user_35t_wrapper
TRACE::2025-08-24.09:15:19::SCWReader::Active system found as  McDMA_v3_singlechDMA
TRACE::2025-08-24.09:15:19::SCWReader::Handling sysconfig McDMA_v3_singlechDMA
TRACE::2025-08-24.09:15:19::SCWDomain::checking for install qemu data   : 
TRACE::2025-08-24.09:15:19::SCWPlatform::Trying to open the hw design at C:/Users/ilpes/Desktop/Antenne_e_clocks/McDMA_workspace/McDMA_v3_singlechDMA/hw/McDMA_v3.xsa
TRACE::2025-08-24.09:15:19::SCWPlatform::DSA given C:/Users/ilpes/Desktop/Antenne_e_clocks/McDMA_workspace/McDMA_v3_singlechDMA/hw/McDMA_v3.xsa
TRACE::2025-08-24.09:15:19::SCWPlatform::DSA absoulate path C:/Users/ilpes/Desktop/Antenne_e_clocks/McDMA_workspace/McDMA_v3_singlechDMA/hw/McDMA_v3.xsa
TRACE::2025-08-24.09:15:19::SCWPlatform::DSA directory C:/Users/ilpes/Desktop/Antenne_e_clocks/McDMA_workspace/McDMA_v3_singlechDMA/hw
TRACE::2025-08-24.09:15:19::SCWPlatform:: Platform Path C:/Users/ilpes/Desktop/Antenne_e_clocks/McDMA_workspace/McDMA_v3_singlechDMA/hw/McDMA_v3.xsa
TRACE::2025-08-24.09:15:19::SCWPlatform:: Unique name xilinx:cmod_a7-35t::0.0
TRACE::2025-08-24.09:15:19::SCWPlatform::Trying to set the existing hwdb with name user_35t_wrapper
TRACE::2025-08-24.09:15:19::SCWPlatform::Opened existing hwdb user_35t_wrapper
TRACE::2025-08-24.09:15:19::SCWPlatform::Found the Hw Db part of the input DSA
TRACE::2025-08-24.09:15:19::SCWPlatform::Trying to open the hw design at C:/Users/ilpes/Desktop/Antenne_e_clocks/McDMA_workspace/McDMA_v3_singlechDMA/hw/McDMA_v3.xsa
TRACE::2025-08-24.09:15:19::SCWPlatform::DSA given C:/Users/ilpes/Desktop/Antenne_e_clocks/McDMA_workspace/McDMA_v3_singlechDMA/hw/McDMA_v3.xsa
TRACE::2025-08-24.09:15:19::SCWPlatform::DSA absoulate path C:/Users/ilpes/Desktop/Antenne_e_clocks/McDMA_workspace/McDMA_v3_singlechDMA/hw/McDMA_v3.xsa
TRACE::2025-08-24.09:15:19::SCWPlatform::DSA directory C:/Users/ilpes/Desktop/Antenne_e_clocks/McDMA_workspace/McDMA_v3_singlechDMA/hw
TRACE::2025-08-24.09:15:19::SCWPlatform:: Platform Path C:/Users/ilpes/Desktop/Antenne_e_clocks/McDMA_workspace/McDMA_v3_singlechDMA/hw/McDMA_v3.xsa
TRACE::2025-08-24.09:15:19::SCWPlatform:: Unique name xilinx:cmod_a7-35t::0.0
TRACE::2025-08-24.09:15:19::SCWPlatform::Trying to set the existing hwdb with name user_35t_wrapper
TRACE::2025-08-24.09:15:19::SCWPlatform::Opened existing hwdb user_35t_wrapper
TRACE::2025-08-24.09:15:19::SCWPlatform::Found the Hw Db part of the input DSA
TRACE::2025-08-24.09:15:19::SCWPlatform::Trying to open the hw design at C:/Users/ilpes/Desktop/Antenne_e_clocks/McDMA_workspace/McDMA_v3_singlechDMA/hw/McDMA_v3.xsa
TRACE::2025-08-24.09:15:19::SCWPlatform::DSA given C:/Users/ilpes/Desktop/Antenne_e_clocks/McDMA_workspace/McDMA_v3_singlechDMA/hw/McDMA_v3.xsa
TRACE::2025-08-24.09:15:19::SCWPlatform::DSA absoulate path C:/Users/ilpes/Desktop/Antenne_e_clocks/McDMA_workspace/McDMA_v3_singlechDMA/hw/McDMA_v3.xsa
TRACE::2025-08-24.09:15:19::SCWPlatform::DSA directory C:/Users/ilpes/Desktop/Antenne_e_clocks/McDMA_workspace/McDMA_v3_singlechDMA/hw
TRACE::2025-08-24.09:15:19::SCWPlatform:: Platform Path C:/Users/ilpes/Desktop/Antenne_e_clocks/McDMA_workspace/McDMA_v3_singlechDMA/hw/McDMA_v3.xsa
TRACE::2025-08-24.09:15:19::SCWPlatform:: Unique name xilinx:cmod_a7-35t::0.0
TRACE::2025-08-24.09:15:19::SCWPlatform::Trying to set the existing hwdb with name user_35t_wrapper
TRACE::2025-08-24.09:15:19::SCWPlatform::Opened existing hwdb user_35t_wrapper
TRACE::2025-08-24.09:15:19::SCWPlatform::Found the Hw Db part of the input DSA
TRACE::2025-08-24.09:15:19::SCWPlatform::Trying to open the hw design at C:/Users/ilpes/Desktop/Antenne_e_clocks/McDMA_workspace/McDMA_v3_singlechDMA/hw/McDMA_v3.xsa
TRACE::2025-08-24.09:15:19::SCWPlatform::DSA given C:/Users/ilpes/Desktop/Antenne_e_clocks/McDMA_workspace/McDMA_v3_singlechDMA/hw/McDMA_v3.xsa
TRACE::2025-08-24.09:15:19::SCWPlatform::DSA absoulate path C:/Users/ilpes/Desktop/Antenne_e_clocks/McDMA_workspace/McDMA_v3_singlechDMA/hw/McDMA_v3.xsa
TRACE::2025-08-24.09:15:19::SCWPlatform::DSA directory C:/Users/ilpes/Desktop/Antenne_e_clocks/McDMA_workspace/McDMA_v3_singlechDMA/hw
TRACE::2025-08-24.09:15:19::SCWPlatform:: Platform Path C:/Users/ilpes/Desktop/Antenne_e_clocks/McDMA_workspace/McDMA_v3_singlechDMA/hw/McDMA_v3.xsa
TRACE::2025-08-24.09:15:19::SCWPlatform:: Unique name xilinx:cmod_a7-35t::0.0
TRACE::2025-08-24.09:15:19::SCWPlatform::Trying to set the existing hwdb with name user_35t_wrapper
TRACE::2025-08-24.09:15:19::SCWPlatform::Opened existing hwdb user_35t_wrapper
TRACE::2025-08-24.09:15:19::SCWPlatform::Found the Hw Db part of the input DSA
TRACE::2025-08-24.09:15:19::SCWMssOS::Checking the sw design at  C:/Users/ilpes/Desktop/Antenne_e_clocks/McDMA_workspace/McDMA_v3_singlechDMA/microblaze_0/standalone_domain/bsp/system.mss
TRACE::2025-08-24.09:15:19::SCWMssOS::DEBUG:  swdes dump  
TRACE::2025-08-24.09:15:19::SCWMssOS::No sw design opened at  C:/Users/ilpes/Desktop/Antenne_e_clocks/McDMA_workspace/McDMA_v3_singlechDMA/microblaze_0/standalone_domain/bsp/system.mss
TRACE::2025-08-24.09:15:19::SCWMssOS::mss exists loading the mss file  C:/Users/ilpes/Desktop/Antenne_e_clocks/McDMA_workspace/McDMA_v3_singlechDMA/microblaze_0/standalone_domain/bsp/system.mss
TRACE::2025-08-24.09:15:19::SCWMssOS::Opened the sw design from mss  C:/Users/ilpes/Desktop/Antenne_e_clocks/McDMA_workspace/McDMA_v3_singlechDMA/microblaze_0/standalone_domain/bsp/system.mss
TRACE::2025-08-24.09:15:19::SCWMssOS::Adding the swdes entry C:/Users/ilpes/Desktop/Antenne_e_clocks/McDMA_workspace/McDMA_v3_singlechDMA/microblaze_0/standalone_domain/bsp/system.mss with des name system
TRACE::2025-08-24.09:15:19::SCWMssOS::updating the scw layer about changes
TRACE::2025-08-24.09:15:19::SCWMssOS::Opened the sw design.  C:/Users/ilpes/Desktop/Antenne_e_clocks/McDMA_workspace/McDMA_v3_singlechDMA/microblaze_0/standalone_domain/bsp/system.mss
TRACE::2025-08-24.09:15:19::SCWMssOS::Saving the mss changes C:/Users/ilpes/Desktop/Antenne_e_clocks/McDMA_workspace/McDMA_v3_singlechDMA/microblaze_0/standalone_domain/bsp/system.mss
TRACE::2025-08-24.09:15:19::SCWMssOS::Found a swdesign opened with the mssfile.
TRACE::2025-08-24.09:15:19::SCWMssOS::Completed writemss as part of save.
TRACE::2025-08-24.09:15:19::SCWMssOS::Commit changes completed.
TRACE::2025-08-24.09:15:19::SCWReader::Adding prebuilt librarypaths as   
TRACE::2025-08-24.09:15:19::SCWReader::Adding prebuilt incpaths  as   
TRACE::2025-08-24.09:15:19::SCWPlatform::Trying to open the hw design at C:/Users/ilpes/Desktop/Antenne_e_clocks/McDMA_workspace/McDMA_v3_singlechDMA/hw/McDMA_v3.xsa
TRACE::2025-08-24.09:15:19::SCWPlatform::DSA given C:/Users/ilpes/Desktop/Antenne_e_clocks/McDMA_workspace/McDMA_v3_singlechDMA/hw/McDMA_v3.xsa
TRACE::2025-08-24.09:15:19::SCWPlatform::DSA absoulate path C:/Users/ilpes/Desktop/Antenne_e_clocks/McDMA_workspace/McDMA_v3_singlechDMA/hw/McDMA_v3.xsa
TRACE::2025-08-24.09:15:19::SCWPlatform::DSA directory C:/Users/ilpes/Desktop/Antenne_e_clocks/McDMA_workspace/McDMA_v3_singlechDMA/hw
TRACE::2025-08-24.09:15:19::SCWPlatform:: Platform Path C:/Users/ilpes/Desktop/Antenne_e_clocks/McDMA_workspace/McDMA_v3_singlechDMA/hw/McDMA_v3.xsa
TRACE::2025-08-24.09:15:19::SCWPlatform:: Unique name xilinx:cmod_a7-35t::0.0
TRACE::2025-08-24.09:15:19::SCWPlatform::Trying to set the existing hwdb with name user_35t_wrapper
TRACE::2025-08-24.09:15:19::SCWPlatform::Opened existing hwdb user_35t_wrapper
TRACE::2025-08-24.09:15:19::SCWPlatform::Found the Hw Db part of the input DSA
TRACE::2025-08-24.09:15:19::SCWMssOS::Checking the sw design at  C:/Users/ilpes/Desktop/Antenne_e_clocks/McDMA_workspace/McDMA_v3_singlechDMA/microblaze_0/standalone_domain/bsp/system.mss
TRACE::2025-08-24.09:15:19::SCWMssOS::DEBUG:  swdes dump  C:/Users/ilpes/Desktop/Antenne_e_clocks/McDMA_workspace/McDMA_v3_singlechDMA/microblaze_0/standalone_domain/bsp/system.mss|system||

TRACE::2025-08-24.09:15:19::SCWMssOS::Sw design exists and opened at  C:/Users/ilpes/Desktop/Antenne_e_clocks/McDMA_workspace/McDMA_v3_singlechDMA/microblaze_0/standalone_domain/bsp/system.mss
TRACE::2025-08-24.09:15:19::SCWReader::No isolation master present  
LOG::2025-08-24.09:47:19::SCWPlatform::Started generating the artifacts platform McDMA_v3_singlechDMA
TRACE::2025-08-24.09:47:19::SCWPlatform::Sanity checking of platform is completed
LOG::2025-08-24.09:47:19::SCWPlatform::Started generating the artifacts for system configuration McDMA_v3_singlechDMA
LOG::2025-08-24.09:47:19::SCWSystem::Checking the domain standalone_domain
LOG::2025-08-24.09:47:19::SCWSystem::Not a boot domain 
LOG::2025-08-24.09:47:19::SCWSystem::Started Processing the domain standalone_domain
TRACE::2025-08-24.09:47:19::SCWDomain::Generating domain artifcats
TRACE::2025-08-24.09:47:19::SCWMssOS::Generating standalone artifcats
TRACE::2025-08-24.09:47:19::SCWMssOS:: Copying the user libraries. 
TRACE::2025-08-24.09:47:19::SCWPlatform::Trying to open the hw design at C:/Users/ilpes/Desktop/Antenne_e_clocks/McDMA_workspace/McDMA_v3_singlechDMA/hw/McDMA_v3.xsa
TRACE::2025-08-24.09:47:19::SCWPlatform::DSA given C:/Users/ilpes/Desktop/Antenne_e_clocks/McDMA_workspace/McDMA_v3_singlechDMA/hw/McDMA_v3.xsa
TRACE::2025-08-24.09:47:19::SCWPlatform::DSA absoulate path C:/Users/ilpes/Desktop/Antenne_e_clocks/McDMA_workspace/McDMA_v3_singlechDMA/hw/McDMA_v3.xsa
TRACE::2025-08-24.09:47:19::SCWPlatform::DSA directory C:/Users/ilpes/Desktop/Antenne_e_clocks/McDMA_workspace/McDMA_v3_singlechDMA/hw
TRACE::2025-08-24.09:47:19::SCWPlatform:: Platform Path C:/Users/ilpes/Desktop/Antenne_e_clocks/McDMA_workspace/McDMA_v3_singlechDMA/hw/McDMA_v3.xsa
TRACE::2025-08-24.09:47:19::SCWPlatform:: Unique name xilinx:cmod_a7-35t::0.0
TRACE::2025-08-24.09:47:19::SCWPlatform::Trying to set the existing hwdb with name user_35t_wrapper
TRACE::2025-08-24.09:47:19::SCWPlatform::Opened existing hwdb user_35t_wrapper
TRACE::2025-08-24.09:47:19::SCWPlatform::Found the Hw Db part of the input DSA
TRACE::2025-08-24.09:47:19::SCWMssOS::Checking the sw design at  C:/Users/ilpes/Desktop/Antenne_e_clocks/McDMA_workspace/McDMA_v3_singlechDMA/microblaze_0/standalone_domain/bsp/system.mss
TRACE::2025-08-24.09:47:19::SCWMssOS::DEBUG:  swdes dump  C:/Users/ilpes/Desktop/Antenne_e_clocks/McDMA_workspace/McDMA_v3_singlechDMA/microblaze_0/standalone_domain/bsp/system.mss|system||

TRACE::2025-08-24.09:47:19::SCWMssOS::Sw design exists and opened at  C:/Users/ilpes/Desktop/Antenne_e_clocks/McDMA_workspace/McDMA_v3_singlechDMA/microblaze_0/standalone_domain/bsp/system.mss
TRACE::2025-08-24.09:47:19::SCWMssOS::Completed writing the mss file at C:/Users/ilpes/Desktop/Antenne_e_clocks/McDMA_workspace/McDMA_v3_singlechDMA/microblaze_0/standalone_domain/bsp
TRACE::2025-08-24.09:47:19::SCWMssOS::Mss edits present, copying mssfile into export location C:/Users/ilpes/Desktop/Antenne_e_clocks/McDMA_workspace/McDMA_v3_singlechDMA/microblaze_0/standalone_domain/bsp/system.mss
TRACE::2025-08-24.09:47:19::SCWMssOS::bsp generated is upto date with the mss file. Skipping bsp generation.
TRACE::2025-08-24.09:47:19::SCWMssOS::BSP is already built. skipping the bsp build ... 
TRACE::2025-08-24.09:47:19::SCWDomain::Building the domain as part of full build :  standalone_domain
TRACE::2025-08-24.09:47:19::SCWMssOS::doing bsp build ... 
TRACE::2025-08-24.09:47:19::SCWMssOS::System Command Ran  C: & cd  C:/Users/ilpes/Desktop/Antenne_e_clocks/McDMA_workspace/McDMA_v3_singlechDMA/microblaze_0/standalone_domain/bsp & make 
TRACE::2025-08-24.09:47:19::SCWMssOS::make --no-print-directory seq_libs

TRACE::2025-08-24.09:47:19::SCWMssOS::'Finished building libraries sequentially.'

TRACE::2025-08-24.09:47:19::SCWMssOS::make -j --no-print-directory par_libs

TRACE::2025-08-24.09:47:20::SCWMssOS::"Running Make include in microblaze_0/libsrc/axidma_v9_12/src"

TRACE::2025-08-24.09:47:20::SCWMssOS::make -C microblaze_0/libsrc/axidma_v9_12/src -s include  "SHELL=CMD" "COMPILER=mb-gcc" "ASSEMBLER=mb-as" "ARCHIVER=mb-ar" "COMP
TRACE::2025-08-24.09:47:20::SCWMssOS::ILER_FLAGS=  -O2 -c -mcpu=v11.0 -mlittle-endian -mno-xl-soft-div -mno-xl-soft-mul -mxl-barrel-shift -mxl-pattern-compare" "EXTR
TRACE::2025-08-24.09:47:20::SCWMssOS::A_COMPILER_FLAGS=-g -ffunction-sections -fdata-sections -Wall -Wextra"

TRACE::2025-08-24.09:47:20::SCWMssOS::"Running Make include in microblaze_0/libsrc/bram_v4_5/src"

TRACE::2025-08-24.09:47:20::SCWMssOS::make -C microblaze_0/libsrc/bram_v4_5/src -s include  "SHELL=CMD" "COMPILER=mb-gcc" "ASSEMBLER=mb-as" "ARCHIVER=mb-ar" "COMPILE
TRACE::2025-08-24.09:47:20::SCWMssOS::R_FLAGS=  -O2 -c -mcpu=v11.0 -mlittle-endian -mno-xl-soft-div -mno-xl-soft-mul -mxl-barrel-shift -mxl-pattern-compare" "EXTRA_C
TRACE::2025-08-24.09:47:20::SCWMssOS::OMPILER_FLAGS=-g -ffunction-sections -fdata-sections -Wall -Wextra"

TRACE::2025-08-24.09:47:20::SCWMssOS::"Running Make include in microblaze_0/libsrc/cpu_v2_12/src"

TRACE::2025-08-24.09:47:20::SCWMssOS::make -C microblaze_0/libsrc/cpu_v2_12/src -s include  "SHELL=CMD" "COMPILER=mb-gcc" "ASSEMBLER=mb-as" "ARCHIVER=mb-ar" "COMPILE
TRACE::2025-08-24.09:47:20::SCWMssOS::R_FLAGS=  -O2 -c -mcpu=v11.0 -mlittle-endian -mno-xl-soft-div -mno-xl-soft-mul -mxl-barrel-shift -mxl-pattern-compare" "EXTRA_C
TRACE::2025-08-24.09:47:20::SCWMssOS::OMPILER_FLAGS=-g -ffunction-sections -fdata-sections -Wall -Wextra"

TRACE::2025-08-24.09:47:20::SCWMssOS::"Running Make include in microblaze_0/libsrc/gpio_v4_7/src"

TRACE::2025-08-24.09:47:20::SCWMssOS::make -C microblaze_0/libsrc/gpio_v4_7/src -s include  "SHELL=CMD" "COMPILER=mb-gcc" "ASSEMBLER=mb-as" "ARCHIVER=mb-ar" "COMPILE
TRACE::2025-08-24.09:47:20::SCWMssOS::R_FLAGS=  -O2 -c -mcpu=v11.0 -mlittle-endian -mno-xl-soft-div -mno-xl-soft-mul -mxl-barrel-shift -mxl-pattern-compare" "EXTRA_C
TRACE::2025-08-24.09:47:20::SCWMssOS::OMPILER_FLAGS=-g -ffunction-sections -fdata-sections -Wall -Wextra"

TRACE::2025-08-24.09:47:20::SCWMssOS::"Running Make include in microblaze_0/libsrc/iic_v3_7/src"

TRACE::2025-08-24.09:47:20::SCWMssOS::make -C microblaze_0/libsrc/iic_v3_7/src -s include  "SHELL=CMD" "COMPILER=mb-gcc" "ASSEMBLER=mb-as" "ARCHIVER=mb-ar" "COMPILER
TRACE::2025-08-24.09:47:20::SCWMssOS::_FLAGS=  -O2 -c -mcpu=v11.0 -mlittle-endian -mno-xl-soft-div -mno-xl-soft-mul -mxl-barrel-shift -mxl-pattern-compare" "EXTRA_CO
TRACE::2025-08-24.09:47:20::SCWMssOS::MPILER_FLAGS=-g -ffunction-sections -fdata-sections -Wall -Wextra"

TRACE::2025-08-24.09:47:20::SCWMssOS::"Running Make include in microblaze_0/libsrc/intc_v3_12/src"

TRACE::2025-08-24.09:47:20::SCWMssOS::make -C microblaze_0/libsrc/intc_v3_12/src -s include  "SHELL=CMD" "COMPILER=mb-gcc" "ASSEMBLER=mb-as" "ARCHIVER=mb-ar" "COMPIL
TRACE::2025-08-24.09:47:20::SCWMssOS::ER_FLAGS=  -O2 -c -mcpu=v11.0 -mlittle-endian -mno-xl-soft-div -mno-xl-soft-mul -mxl-barrel-shift -mxl-pattern-compare" "EXTRA_
TRACE::2025-08-24.09:47:20::SCWMssOS::COMPILER_FLAGS=-g -ffunction-sections -fdata-sections -Wall -Wextra"

TRACE::2025-08-24.09:47:20::SCWMssOS::"Running Make include in microblaze_0/libsrc/spi_v4_7/src"

TRACE::2025-08-24.09:47:20::SCWMssOS::make -C microblaze_0/libsrc/spi_v4_7/src -s include  "SHELL=CMD" "COMPILER=mb-gcc" "ASSEMBLER=mb-as" "ARCHIVER=mb-ar" "COMPILER
TRACE::2025-08-24.09:47:20::SCWMssOS::_FLAGS=  -O2 -c -mcpu=v11.0 -mlittle-endian -mno-xl-soft-div -mno-xl-soft-mul -mxl-barrel-shift -mxl-pattern-compare" "EXTRA_CO
TRACE::2025-08-24.09:47:20::SCWMssOS::MPILER_FLAGS=-g -ffunction-sections -fdata-sections -Wall -Wextra"

TRACE::2025-08-24.09:47:20::SCWMssOS::"Running Make include in microblaze_0/libsrc/standalone_v7_3/src"

TRACE::2025-08-24.09:47:20::SCWMssOS::make -C microblaze_0/libsrc/standalone_v7_3/src -s include  "SHELL=CMD" "COMPILER=mb-gcc" "ASSEMBLER=mb-as" "ARCHIVER=mb-ar" "C
TRACE::2025-08-24.09:47:20::SCWMssOS::OMPILER_FLAGS=  -O2 -c -mcpu=v11.0 -mlittle-endian -mno-xl-soft-div -mno-xl-soft-mul -mxl-barrel-shift -mxl-pattern-compare" "E
TRACE::2025-08-24.09:47:20::SCWMssOS::XTRA_COMPILER_FLAGS=-g -ffunction-sections -fdata-sections -Wall -Wextra"

TRACE::2025-08-24.09:47:20::SCWMssOS::"Running Make include in microblaze_0/libsrc/sysmon_v7_7/src"

TRACE::2025-08-24.09:47:20::SCWMssOS::"Running Make include in microblaze_0/libsrc/tmrctr_v4_7/src"

TRACE::2025-08-24.09:47:20::SCWMssOS::make -C microblaze_0/libsrc/sysmon_v7_7/src -s include  "SHELL=CMD" "COMPILER=mb-gcc" "ASSEMBLER=mb-as" "ARCHIVER=mb-ar" "COMPI
TRACE::2025-08-24.09:47:20::SCWMssOS::LER_FLAGS=  -O2 -c -mcpu=v11.0 -mlittle-endian -mno-xl-soft-div -mno-xl-soft-mul -mxl-barrel-shift -mxl-pattern-compare" "EXTRA
TRACE::2025-08-24.09:47:20::SCWMssOS::_COMPILER_FLAGS=-g -ffunction-sections -fdata-sections -Wall -Wextra"

TRACE::2025-08-24.09:47:20::SCWMssOS::make -C microblaze_0/libsrc/tmrctr_v4_7/src -s include  "SHELL=CMD" "COMPILER=mb-gcc" "ASSEMBLER=mb-as" "ARCHIVER=mb-ar" "COMPI
TRACE::2025-08-24.09:47:20::SCWMssOS::LER_FLAGS=  -O2 -c -mcpu=v11.0 -mlittle-endian -mno-xl-soft-div -mno-xl-soft-mul -mxl-barrel-shift -mxl-pattern-compare" "EXTRA
TRACE::2025-08-24.09:47:20::SCWMssOS::_COMPILER_FLAGS=-g -ffunction-sections -fdata-sections -Wall -Wextra"

TRACE::2025-08-24.09:47:20::SCWMssOS::"Running Make include in microblaze_0/libsrc/trafgen_v4_4/src"

TRACE::2025-08-24.09:47:21::SCWMssOS::make -C microblaze_0/libsrc/trafgen_v4_4/src -s include  "SHELL=CMD" "COMPILER=mb-gcc" "ASSEMBLER=mb-as" "ARCHIVER=mb-ar" "COMP
TRACE::2025-08-24.09:47:21::SCWMssOS::ILER_FLAGS=  -O2 -c -mcpu=v11.0 -mlittle-endian -mno-xl-soft-div -mno-xl-soft-mul -mxl-barrel-shift -mxl-pattern-compare" "EXTR
TRACE::2025-08-24.09:47:21::SCWMssOS::A_COMPILER_FLAGS=-g -ffunction-sections -fdata-sections -Wall -Wextra"

TRACE::2025-08-24.09:47:21::SCWMssOS::"Running Make include in microblaze_0/libsrc/uartlite_v3_5/src"

TRACE::2025-08-24.09:47:21::SCWMssOS::make -C microblaze_0/libsrc/uartlite_v3_5/src -s include  "SHELL=CMD" "COMPILER=mb-gcc" "ASSEMBLER=mb-as" "ARCHIVER=mb-ar" "COM
TRACE::2025-08-24.09:47:21::SCWMssOS::PILER_FLAGS=  -O2 -c -mcpu=v11.0 -mlittle-endian -mno-xl-soft-div -mno-xl-soft-mul -mxl-barrel-shift -mxl-pattern-compare" "EXT
TRACE::2025-08-24.09:47:21::SCWMssOS::RA_COMPILER_FLAGS=-g -ffunction-sections -fdata-sections -Wall -Wextra"

TRACE::2025-08-24.09:47:21::SCWMssOS::"Running Make libs in microblaze_0/libsrc/axidma_v9_12/src"

TRACE::2025-08-24.09:47:21::SCWMssOS::make -C microblaze_0/libsrc/axidma_v9_12/src -s libs  "SHELL=CMD" "COMPILER=mb-gcc" "ASSEMBLER=mb-as" "ARCHIVER=mb-ar" "COMPILE
TRACE::2025-08-24.09:47:21::SCWMssOS::R_FLAGS=  -O2 -c -mcpu=v11.0 -mlittle-endian -mno-xl-soft-div -mno-xl-soft-mul -mxl-barrel-shift -mxl-pattern-compare" "EXTRA_C
TRACE::2025-08-24.09:47:21::SCWMssOS::OMPILER_FLAGS=-g -ffunction-sections -fdata-sections -Wall -Wextra"

TRACE::2025-08-24.09:47:21::SCWMssOS::"Running Make libs in microblaze_0/libsrc/bram_v4_5/src"

TRACE::2025-08-24.09:47:21::SCWMssOS::make -C microblaze_0/libsrc/bram_v4_5/src -s libs  "SHELL=CMD" "COMPILER=mb-gcc" "ASSEMBLER=mb-as" "ARCHIVER=mb-ar" "COMPILER_F
TRACE::2025-08-24.09:47:21::SCWMssOS::LAGS=  -O2 -c -mcpu=v11.0 -mlittle-endian -mno-xl-soft-div -mno-xl-soft-mul -mxl-barrel-shift -mxl-pattern-compare" "EXTRA_COMP
TRACE::2025-08-24.09:47:21::SCWMssOS::ILER_FLAGS=-g -ffunction-sections -fdata-sections -Wall -Wextra"

TRACE::2025-08-24.09:47:21::SCWMssOS::"Running Make libs in microblaze_0/libsrc/cpu_v2_12/src"

TRACE::2025-08-24.09:47:22::SCWMssOS::make -C microblaze_0/libsrc/cpu_v2_12/src -s libs  "SHELL=CMD" "COMPILER=mb-gcc" "ASSEMBLER=mb-as" "ARCHIVER=mb-ar" "COMPILER_F
TRACE::2025-08-24.09:47:22::SCWMssOS::LAGS=  -O2 -c -mcpu=v11.0 -mlittle-endian -mno-xl-soft-div -mno-xl-soft-mul -mxl-barrel-shift -mxl-pattern-compare" "EXTRA_COMP
TRACE::2025-08-24.09:47:22::SCWMssOS::ILER_FLAGS=-g -ffunction-sections -fdata-sections -Wall -Wextra"

TRACE::2025-08-24.09:47:22::SCWMssOS::"Running Make libs in microblaze_0/libsrc/gpio_v4_7/src"

TRACE::2025-08-24.09:47:22::SCWMssOS::"Running Make libs in microblaze_0/libsrc/iic_v3_7/src"

TRACE::2025-08-24.09:47:22::SCWMssOS::make -C microblaze_0/libsrc/gpio_v4_7/src -s libs  "SHELL=CMD" "COMPILER=mb-gcc" "ASSEMBLER=mb-as" "ARCHIVER=mb-ar" "COMPILER_F
TRACE::2025-08-24.09:47:22::SCWMssOS::LAGS=  -O2 -c -mcpu=v11.0 -mlittle-endian -mno-xl-soft-div -mno-xl-soft-mul -mxl-barrel-shift -mxl-pattern-compare" "EXTRA_COMP
TRACE::2025-08-24.09:47:22::SCWMssOS::ILER_FLAGS=-g -ffunction-sections -fdata-sections -Wall -Wextra"

TRACE::2025-08-24.09:47:22::SCWMssOS::make -C microblaze_0/libsrc/iic_v3_7/src -s libs  "SHELL=CMD" "COMPILER=mb-gcc" "ASSEMBLER=mb-as" "ARCHIVER=mb-ar" "COMPILER_FL
TRACE::2025-08-24.09:47:22::SCWMssOS::AGS=  -O2 -c -mcpu=v11.0 -mlittle-endian -mno-xl-soft-div -mno-xl-soft-mul -mxl-barrel-shift -mxl-pattern-compare" "EXTRA_COMPI
TRACE::2025-08-24.09:47:22::SCWMssOS::LER_FLAGS=-g -ffunction-sections -fdata-sections -Wall -Wextra"

TRACE::2025-08-24.09:47:22::SCWMssOS::"Running Make libs in microblaze_0/libsrc/spi_v4_7/src"

TRACE::2025-08-24.09:47:22::SCWMssOS::make -C microblaze_0/libsrc/spi_v4_7/src -s libs  "SHELL=CMD" "COMPILER=mb-gcc" "ASSEMBLER=mb-as" "ARCHIVER=mb-ar" "COMPILER_FL
TRACE::2025-08-24.09:47:22::SCWMssOS::AGS=  -O2 -c -mcpu=v11.0 -mlittle-endian -mno-xl-soft-div -mno-xl-soft-mul -mxl-barrel-shift -mxl-pattern-compare" "EXTRA_COMPI
TRACE::2025-08-24.09:47:22::SCWMssOS::LER_FLAGS=-g -ffunction-sections -fdata-sections -Wall -Wextra"

TRACE::2025-08-24.09:47:22::SCWMssOS::"Running Make libs in microblaze_0/libsrc/sysmon_v7_7/src"

TRACE::2025-08-24.09:47:22::SCWMssOS::"Running Make libs in microblaze_0/libsrc/intc_v3_12/src"

TRACE::2025-08-24.09:47:22::SCWMssOS::make -C microblaze_0/libsrc/intc_v3_12/src -s libs  "SHELL=CMD" "COMPILER=mb-gcc" "ASSEMBLER=mb-as" "ARCHIVER=mb-ar" "COMPILER_
TRACE::2025-08-24.09:47:22::SCWMssOS::FLAGS=  -O2 -c -mcpu=v11.0 -mlittle-endian -mno-xl-soft-div -mno-xl-soft-mul -mxl-barrel-shift -mxl-pattern-compare" "EXTRA_COM
TRACE::2025-08-24.09:47:22::SCWMssOS::PILER_FLAGS=-g -ffunction-sections -fdata-sections -Wall -Wextra"

TRACE::2025-08-24.09:47:22::SCWMssOS::make -C microblaze_0/libsrc/sysmon_v7_7/src -s libs  "SHELL=CMD" "COMPILER=mb-gcc" "ASSEMBLER=mb-as" "ARCHIVER=mb-ar" "COMPILER
TRACE::2025-08-24.09:47:22::SCWMssOS::_FLAGS=  -O2 -c -mcpu=v11.0 -mlittle-endian -mno-xl-soft-div -mno-xl-soft-mul -mxl-barrel-shift -mxl-pattern-compare" "EXTRA_CO
TRACE::2025-08-24.09:47:22::SCWMssOS::MPILER_FLAGS=-g -ffunction-sections -fdata-sections -Wall -Wextra"

TRACE::2025-08-24.09:47:23::SCWMssOS::"Running Make libs in microblaze_0/libsrc/standalone_v7_3/src"

TRACE::2025-08-24.09:47:23::SCWMssOS::"Running Make libs in microblaze_0/libsrc/tmrctr_v4_7/src"

TRACE::2025-08-24.09:47:23::SCWMssOS::make -C microblaze_0/libsrc/standalone_v7_3/src -s libs  "SHELL=CMD" "COMPILER=mb-gcc" "ASSEMBLER=mb-as" "ARCHIVER=mb-ar" "COMP
TRACE::2025-08-24.09:47:23::SCWMssOS::ILER_FLAGS=  -O2 -c -mcpu=v11.0 -mlittle-endian -mno-xl-soft-div -mno-xl-soft-mul -mxl-barrel-shift -mxl-pattern-compare" "EXTR
TRACE::2025-08-24.09:47:23::SCWMssOS::A_COMPILER_FLAGS=-g -ffunction-sections -fdata-sections -Wall -Wextra"

TRACE::2025-08-24.09:47:23::SCWMssOS::make -C microblaze_0/libsrc/tmrctr_v4_7/src -s libs  "SHELL=CMD" "COMPILER=mb-gcc" "ASSEMBLER=mb-as" "ARCHIVER=mb-ar" "COMPILER
TRACE::2025-08-24.09:47:23::SCWMssOS::_FLAGS=  -O2 -c -mcpu=v11.0 -mlittle-endian -mno-xl-soft-div -mno-xl-soft-mul -mxl-barrel-shift -mxl-pattern-compare" "EXTRA_CO
TRACE::2025-08-24.09:47:23::SCWMssOS::MPILER_FLAGS=-g -ffunction-sections -fdata-sections -Wall -Wextra"

TRACE::2025-08-24.09:47:23::SCWMssOS::"Running Make libs in microblaze_0/libsrc/trafgen_v4_4/src"

TRACE::2025-08-24.09:47:23::SCWMssOS::"Running Make libs in microblaze_0/libsrc/uartlite_v3_5/src"

TRACE::2025-08-24.09:47:23::SCWMssOS::make -C microblaze_0/libsrc/trafgen_v4_4/src -s libs  "SHELL=CMD" "COMPILER=mb-gcc" "ASSEMBLER=mb-as" "ARCHIVER=mb-ar" "COMPILE
TRACE::2025-08-24.09:47:23::SCWMssOS::R_FLAGS=  -O2 -c -mcpu=v11.0 -mlittle-endian -mno-xl-soft-div -mno-xl-soft-mul -mxl-barrel-shift -mxl-pattern-compare" "EXTRA_C
TRACE::2025-08-24.09:47:23::SCWMssOS::OMPILER_FLAGS=-g -ffunction-sections -fdata-sections -Wall -Wextra"

TRACE::2025-08-24.09:47:23::SCWMssOS::make -C microblaze_0/libsrc/uartlite_v3_5/src -s libs  "SHELL=CMD" "COMPILER=mb-gcc" "ASSEMBLER=mb-as" "ARCHIVER=mb-ar" "COMPIL
TRACE::2025-08-24.09:47:23::SCWMssOS::ER_FLAGS=  -O2 -c -mcpu=v11.0 -mlittle-endian -mno-xl-soft-div -mno-xl-soft-mul -mxl-barrel-shift -mxl-pattern-compare" "EXTRA_
TRACE::2025-08-24.09:47:23::SCWMssOS::COMPILER_FLAGS=-g -ffunction-sections -fdata-sections -Wall -Wextra"

TRACE::2025-08-24.09:47:24::SCWMssOS::"DEBUG NON_LTO_OBJECTS is ../../../lib/microblaze_interrupt_handler.o"

TRACE::2025-08-24.09:47:28::SCWMssOS::'Finished building libraries parallelly.'

TRACE::2025-08-24.09:47:28::SCWMssOS::make --no-print-directory archive

TRACE::2025-08-24.09:47:28::SCWMssOS::mb-ar -r  microblaze_0/lib/libxil.a microblaze_0/lib/xtmrctr_l.o microblaze_0/lib/xplatform_info.o microblaze_0/lib/xtmrctr_opt
TRACE::2025-08-24.09:47:28::SCWMssOS::ions.o microblaze_0/lib/microblaze_disable_exceptions.o microblaze_0/lib/print.o microblaze_0/lib/xspi_options.o microblaze_0/l
TRACE::2025-08-24.09:47:28::SCWMssOS::ib/xil_testio.o microblaze_0/lib/microblaze_disable_dcache.o microblaze_0/lib/microblaze_flush_dcache_range.o microblaze_0/lib/
TRACE::2025-08-24.09:47:28::SCWMssOS::xspi_g.o microblaze_0/lib/microblaze_flush_cache_ext.o microblaze_0/lib/xspi.o microblaze_0/lib/xspi_sinit.o microblaze_0/lib/i
TRACE::2025-08-24.09:47:28::SCWMssOS::nbyte.o microblaze_0/lib/xtrafgen_g.o microblaze_0/lib/xil_misc_psreset_api.o microblaze_0/lib/xspi_selftest.o microblaze_0/lib
TRACE::2025-08-24.09:47:28::SCWMssOS::/xsysmon_g.o microblaze_0/lib/xil_cache.o microblaze_0/lib/xil_util.o microblaze_0/lib/xiic_g.o microblaze_0/lib/xiic_multi_mas
TRACE::2025-08-24.09:47:28::SCWMssOS::ter.o microblaze_0/lib/xiic_sinit.o microblaze_0/lib/microblaze_exception_handler.o microblaze_0/lib/xbram_g.o microblaze_0/lib
TRACE::2025-08-24.09:47:28::SCWMssOS::/xbram_sinit.o microblaze_0/lib/xtrafgen.o microblaze_0/lib/microblaze_scrub.o microblaze_0/lib/xtmrctr_intr.o microblaze_0/lib
TRACE::2025-08-24.09:47:28::SCWMssOS::/microblaze_invalidate_dcache.o microblaze_0/lib/microblaze_disable_interrupts.o microblaze_0/lib/xbram_selftest.o microblaze_0
TRACE::2025-08-24.09:47:28::SCWMssOS::/lib/microblaze_interrupt_handler.o microblaze_0/lib/microblaze_disable_icache.o microblaze_0/lib/xaxidma_sinit.o microblaze_0/
TRACE::2025-08-24.09:47:28::SCWMssOS::lib/xsysmon_intr.o microblaze_0/lib/xgpio_g.o microblaze_0/lib/xuartlite_g.o microblaze_0/lib/xtmrctr_stats.o microblaze_0/lib/
TRACE::2025-08-24.09:47:28::SCWMssOS::xaxidma_selftest.o microblaze_0/lib/xiic_master.o microblaze_0/lib/xspi_stats.o microblaze_0/lib/microblaze_flush_cache_ext_ran
TRACE::2025-08-24.09:47:28::SCWMssOS::ge.o microblaze_0/lib/xaxidma_bd.o microblaze_0/lib/xiic_intr.o microblaze_0/lib/xbram_intr.o microblaze_0/lib/xil_sleepcommon.
TRACE::2025-08-24.09:47:28::SCWMssOS::o microblaze_0/lib/xil_printf.o microblaze_0/lib/xintc_g.o microblaze_0/lib/xintc_selftest.o microblaze_0/lib/xintc_l.o microbl
TRACE::2025-08-24.09:47:28::SCWMssOS::aze_0/lib/outbyte.o microblaze_0/lib/xgpio_extra.o microblaze_0/lib/xgpio_intr.o microblaze_0/lib/xiic_slave.o microblaze_0/lib
TRACE::2025-08-24.09:47:28::SCWMssOS::/microblaze_invalidate_dcache_range.o microblaze_0/lib/xil_testmem.o microblaze_0/lib/microblaze_invalidate_cache_ext.o microbl
TRACE::2025-08-24.09:47:28::SCWMssOS::aze_0/lib/microblaze_sleep.o microblaze_0/lib/xuartlite_sinit.o microblaze_0/lib/hw_exception_handler.o microblaze_0/lib/xtmrct
TRACE::2025-08-24.09:47:28::SCWMssOS::r.o microblaze_0/lib/xintc_options.o microblaze_0/lib/xuartlite_selftest.o microblaze_0/lib/xgpio_sinit.o microblaze_0/lib/xuar
TRACE::2025-08-24.09:47:28::SCWMssOS::tlite.o microblaze_0/lib/microblaze_update_dcache.o microblaze_0/lib/xaxidma_g.o microblaze_0/lib/xil_testcache.o microblaze_0/
TRACE::2025-08-24.09:47:28::SCWMssOS::lib/microblaze_selftest.o microblaze_0/lib/microblaze_interrupts_g.o microblaze_0/lib/microblaze_enable_exceptions.o microblaze
TRACE::2025-08-24.09:47:28::SCWMssOS::_0/lib/xil_mem.o microblaze_0/lib/xsysmon_sinit.o microblaze_0/lib/xtmrctr_g.o microblaze_0/lib/microblaze_enable_dcache.o micr
TRACE::2025-08-24.09:47:28::SCWMssOS::oblaze_0/lib/xiic_l.o microblaze_0/lib/_exit.o microblaze_0/lib/xuartlite_intr.o microblaze_0/lib/microblaze_invalidate_icache_
TRACE::2025-08-24.09:47:28::SCWMssOS::range.o microblaze_0/lib/xtmrctr_selftest.o microblaze_0/lib/xgpio.o microblaze_0/lib/microblaze_init_dcache_range.o microblaze
TRACE::2025-08-24.09:47:28::SCWMssOS::_0/lib/microblaze_invalidate_icache.o microblaze_0/lib/xaxidma.o microblaze_0/lib/errno.o microblaze_0/lib/xiic_dyn_master.o mi
TRACE::2025-08-24.09:47:28::SCWMssOS::croblaze_0/lib/xintc.o microblaze_0/lib/xuartlite_stats.o microblaze_0/lib/microblaze_invalidate_cache_ext_range.o microblaze_0
TRACE::2025-08-24.09:47:28::SCWMssOS::/lib/xintc_intr.o microblaze_0/lib/xil_exception.o microblaze_0/lib/pvr.o microblaze_0/lib/xbram.o microblaze_0/lib/xiic_option
TRACE::2025-08-24.09:47:28::SCWMssOS::s.o microblaze_0/lib/xtrafgen_sinit.o microblaze_0/lib/microblaze_update_icache.o microblaze_0/lib/microblaze_flush_dcache.o mi
TRACE::2025-08-24.09:47:28::SCWMssOS::croblaze_0/lib/xil_clocking.o microblaze_0/lib/xil_assert.o microblaze_0/lib/xiic_stats.o microblaze_0/lib/microblaze_enable_in
TRACE::2025-08-24.09:47:28::SCWMssOS::terrupts.o microblaze_0/lib/xio.o microblaze_0/lib/microblaze_enable_icache.o microblaze_0/lib/xiic.o microblaze_0/lib/xsysmon.
TRACE::2025-08-24.09:47:28::SCWMssOS::o microblaze_0/lib/microblaze_init_icache_range.o microblaze_0/lib/xaxidma_bdring.o microblaze_0/lib/xuartlite_l.o microblaze_0
TRACE::2025-08-24.09:47:28::SCWMssOS::/lib/xtmrctr_sinit.o microblaze_0/lib/xiic_selftest.o microblaze_0/lib/xsysmon_selftest.o microblaze_0/lib/fcntl.o microblaze_0
TRACE::2025-08-24.09:47:28::SCWMssOS::/lib/xgpio_selftest.o

TRACE::2025-08-24.09:47:28::SCWMssOS::'Finished building libraries'

TRACE::2025-08-24.09:47:28::SCWMssOS::Copying to export directory.
TRACE::2025-08-24.09:47:28::SCWMssOS:: Checking if to create the Supporting Applications
TRACE::2025-08-24.09:47:28::SCWMssOS:: No Linux domain exists, trying to generate FSBL 
LOG::2025-08-24.09:47:28::SCWSystem::Completed Processing the domain standalone_domain
LOG::2025-08-24.09:47:28::SCWSystem::Completed Processing the sysconfig McDMA_v3_singlechDMA
LOG::2025-08-24.09:47:28::SCWPlatform::Completed generating the artifacts for system configuration McDMA_v3_singlechDMA
TRACE::2025-08-24.09:47:28::SCWPlatform::Started preparing the platform 
TRACE::2025-08-24.09:47:28::SCWSystem::Writing the bif file for system config McDMA_v3_singlechDMA
TRACE::2025-08-24.09:47:28::SCWSystem::dir created 
TRACE::2025-08-24.09:47:28::SCWSystem::Writing the bif 
TRACE::2025-08-24.09:47:28::SCWPlatform::Started writing the spfm file 
TRACE::2025-08-24.09:47:28::SCWPlatform::Started writing the xpfm file 
TRACE::2025-08-24.09:47:28::SCWPlatform::Completed generating the platform
TRACE::2025-08-24.09:47:28::SCWMssOS::Saving the mss changes C:/Users/ilpes/Desktop/Antenne_e_clocks/McDMA_workspace/McDMA_v3_singlechDMA/microblaze_0/standalone_domain/bsp/system.mss
TRACE::2025-08-24.09:47:28::SCWMssOS::Found a swdesign opened with the mssfile.
TRACE::2025-08-24.09:47:28::SCWMssOS::Completed writemss as part of save.
TRACE::2025-08-24.09:47:28::SCWMssOS::Commit changes completed.
TRACE::2025-08-24.09:47:28::SCWPlatform::Trying to open the hw design at C:/Users/ilpes/Desktop/Antenne_e_clocks/McDMA_workspace/McDMA_v3_singlechDMA/hw/McDMA_v3.xsa
TRACE::2025-08-24.09:47:28::SCWPlatform::DSA given C:/Users/ilpes/Desktop/Antenne_e_clocks/McDMA_workspace/McDMA_v3_singlechDMA/hw/McDMA_v3.xsa
TRACE::2025-08-24.09:47:28::SCWPlatform::DSA absoulate path C:/Users/ilpes/Desktop/Antenne_e_clocks/McDMA_workspace/McDMA_v3_singlechDMA/hw/McDMA_v3.xsa
TRACE::2025-08-24.09:47:28::SCWPlatform::DSA directory C:/Users/ilpes/Desktop/Antenne_e_clocks/McDMA_workspace/McDMA_v3_singlechDMA/hw
TRACE::2025-08-24.09:47:28::SCWPlatform:: Platform Path C:/Users/ilpes/Desktop/Antenne_e_clocks/McDMA_workspace/McDMA_v3_singlechDMA/hw/McDMA_v3.xsa
TRACE::2025-08-24.09:47:28::SCWPlatform:: Unique name xilinx:cmod_a7-35t::0.0
TRACE::2025-08-24.09:47:28::SCWPlatform::Trying to set the existing hwdb with name user_35t_wrapper
TRACE::2025-08-24.09:47:28::SCWPlatform::Opened existing hwdb user_35t_wrapper
TRACE::2025-08-24.09:47:28::SCWPlatform::Found the Hw Db part of the input DSA
TRACE::2025-08-24.09:47:28::SCWMssOS::Checking the sw design at  C:/Users/ilpes/Desktop/Antenne_e_clocks/McDMA_workspace/McDMA_v3_singlechDMA/microblaze_0/standalone_domain/bsp/system.mss
TRACE::2025-08-24.09:47:28::SCWMssOS::DEBUG:  swdes dump  C:/Users/ilpes/Desktop/Antenne_e_clocks/McDMA_workspace/McDMA_v3_singlechDMA/microblaze_0/standalone_domain/bsp/system.mss|system||

TRACE::2025-08-24.09:47:28::SCWMssOS::Sw design exists and opened at  C:/Users/ilpes/Desktop/Antenne_e_clocks/McDMA_workspace/McDMA_v3_singlechDMA/microblaze_0/standalone_domain/bsp/system.mss
TRACE::2025-08-24.09:47:28::SCWWriter::formatted JSON is {
	"platformName":	"McDMA_v3_singlechDMA",
	"sprVersion":	"2.0",
	"mode":	"gui",
	"dsaType":	"Fixed",
	"platformDesc":	"McDMA_v3_singlechDMA",
	"platHandOff":	"C:/Users/ilpes/Desktop/INSEGNAMENTO/Didattica2023/McDMA/McDMA_v3/McDMA_v3.xsa",
	"platIntHandOff":	"<platformDir>/hw/McDMA_v3.xsa",
	"deviceType":	"FPGA",
	"platIsPrebuiltAutogen":	"false",
	"platIsNoBootBsp":	"false",
	"hasFsblMakeHasChanges":	"false",
	"hasPmufwMakeHasChanges":	"false",
	"platPreBuiltFlag":	false,
	"platformSamplesDir":	"",
	"platActiveSys":	"McDMA_v3_singlechDMA",
	"systems":	[{
			"systemName":	"McDMA_v3_singlechDMA",
			"systemDesc":	"McDMA_v3_singlechDMA",
			"sysIsBootAutoGen":	"true",
			"systemDispName":	"McDMA_v3_singlechDMA",
			"sysActiveDom":	"standalone_domain",
			"sysDefaultDom":	"standalone_domain",
			"domains":	[{
					"domainName":	"standalone_domain",
					"domainDispName":	"standalone on microblaze_0",
					"domainDesc":	"standalone_domain",
					"processors":	"microblaze_0",
					"os":	"standalone",
					"sdxOs":	"standalone",
					"debugEnable":	"False",
					"domRuntimes":	["cpp"],
					"swRepo":	"",
					"mssOsVer":	"7.3",
					"mssFile":	"",
					"md5Digest":	"8aa4a94eadc16cce49810be106498316",
					"compatibleApp":	"",
					"domType":	"mssDomain",
					"arch":	"32-bit",
					"appSettings":	{
						"appCompilerFlags":	"",
						"appLinkerFlags":	""
					},
					"addedLibs":	[],
					"libOptions":	{
						"libsContainingOptions":	[]
					},
					"prebuiltLibs":	{
						"prebuiltIncPath":	[],
						"prebuiltLibPath":	[]
					},
					"isolation":	{
					}
				}]
		}]
}
KEYINFO::2025-08-24.09:47:28::SCWPlatform::updated the xpfm file.
TRACE::2025-08-24.09:47:29::SCWPlatform::Trying to open the hw design at C:/Users/ilpes/Desktop/Antenne_e_clocks/McDMA_workspace/McDMA_v3_singlechDMA/hw/McDMA_v3.xsa
TRACE::2025-08-24.09:47:29::SCWPlatform::DSA given C:/Users/ilpes/Desktop/Antenne_e_clocks/McDMA_workspace/McDMA_v3_singlechDMA/hw/McDMA_v3.xsa
TRACE::2025-08-24.09:47:29::SCWPlatform::DSA absoulate path C:/Users/ilpes/Desktop/Antenne_e_clocks/McDMA_workspace/McDMA_v3_singlechDMA/hw/McDMA_v3.xsa
TRACE::2025-08-24.09:47:29::SCWPlatform::DSA directory C:/Users/ilpes/Desktop/Antenne_e_clocks/McDMA_workspace/McDMA_v3_singlechDMA/hw
TRACE::2025-08-24.09:47:29::SCWPlatform:: Platform Path C:/Users/ilpes/Desktop/Antenne_e_clocks/McDMA_workspace/McDMA_v3_singlechDMA/hw/McDMA_v3.xsa
TRACE::2025-08-24.09:47:29::SCWPlatform:: Unique name xilinx:cmod_a7-35t::0.0
TRACE::2025-08-24.09:47:29::SCWPlatform::Trying to set the existing hwdb with name user_35t_wrapper
TRACE::2025-08-24.09:47:29::SCWPlatform::Opened existing hwdb user_35t_wrapper
TRACE::2025-08-24.09:47:29::SCWPlatform::Found the Hw Db part of the input DSA
TRACE::2025-08-24.09:47:29::SCWMssOS::Checking the sw design at  C:/Users/ilpes/Desktop/Antenne_e_clocks/McDMA_workspace/McDMA_v3_singlechDMA/microblaze_0/standalone_domain/bsp/system.mss
TRACE::2025-08-24.09:47:29::SCWMssOS::DEBUG:  swdes dump  C:/Users/ilpes/Desktop/Antenne_e_clocks/McDMA_workspace/McDMA_v3_singlechDMA/microblaze_0/standalone_domain/bsp/system.mss|system||

TRACE::2025-08-24.09:47:29::SCWMssOS::Sw design exists and opened at  C:/Users/ilpes/Desktop/Antenne_e_clocks/McDMA_workspace/McDMA_v3_singlechDMA/microblaze_0/standalone_domain/bsp/system.mss
TRACE::2025-08-25.11:36:10::SCWPlatform::Trying to open the hw design at C:/Users/ilpes/Desktop/Antenne_e_clocks/McDMA_workspace/McDMA_v3_singlechDMA/hw/McDMA_v3.xsa
TRACE::2025-08-25.11:36:10::SCWPlatform::DSA given C:/Users/ilpes/Desktop/Antenne_e_clocks/McDMA_workspace/McDMA_v3_singlechDMA/hw/McDMA_v3.xsa
TRACE::2025-08-25.11:36:10::SCWPlatform::DSA absoulate path C:/Users/ilpes/Desktop/Antenne_e_clocks/McDMA_workspace/McDMA_v3_singlechDMA/hw/McDMA_v3.xsa
TRACE::2025-08-25.11:36:19::SCWPlatform::DSA directory C:/Users/ilpes/Desktop/Antenne_e_clocks/McDMA_workspace/McDMA_v3_singlechDMA/hw
TRACE::2025-08-25.11:36:19::SCWPlatform:: Platform Path C:/Users/ilpes/Desktop/Antenne_e_clocks/McDMA_workspace/McDMA_v3_singlechDMA/hw/McDMA_v3.xsa
TRACE::2025-08-25.11:36:19::SCWPlatform:: Unique name xilinx:cmod_a7-35t::0.0
TRACE::2025-08-25.11:36:19::SCWPlatform::Do not have an existing db opened. 
TRACE::2025-08-25.11:36:21::SCWPlatform::Opened new HwDB with name user_35t_wrapper_3
TRACE::2025-08-25.11:36:21::SCWReader::Active system found as  McDMA_v3_singlechDMA
TRACE::2025-08-25.11:36:21::SCWReader::Handling sysconfig McDMA_v3_singlechDMA
TRACE::2025-08-25.11:36:21::SCWDomain::checking for install qemu data   : 
TRACE::2025-08-25.11:36:21::SCWPlatform::Trying to open the hw design at C:/Users/ilpes/Desktop/Antenne_e_clocks/McDMA_workspace/McDMA_v3_singlechDMA/hw/McDMA_v3.xsa
TRACE::2025-08-25.11:36:21::SCWPlatform::DSA given C:/Users/ilpes/Desktop/Antenne_e_clocks/McDMA_workspace/McDMA_v3_singlechDMA/hw/McDMA_v3.xsa
TRACE::2025-08-25.11:36:21::SCWPlatform::DSA absoulate path C:/Users/ilpes/Desktop/Antenne_e_clocks/McDMA_workspace/McDMA_v3_singlechDMA/hw/McDMA_v3.xsa
TRACE::2025-08-25.11:36:21::SCWPlatform::DSA directory C:/Users/ilpes/Desktop/Antenne_e_clocks/McDMA_workspace/McDMA_v3_singlechDMA/hw
TRACE::2025-08-25.11:36:21::SCWPlatform:: Platform Path C:/Users/ilpes/Desktop/Antenne_e_clocks/McDMA_workspace/McDMA_v3_singlechDMA/hw/McDMA_v3.xsa
TRACE::2025-08-25.11:36:21::SCWPlatform:: Unique name xilinx:cmod_a7-35t::0.0
TRACE::2025-08-25.11:36:21::SCWPlatform::Trying to set the existing hwdb with name user_35t_wrapper_3
TRACE::2025-08-25.11:36:21::SCWPlatform::Opened existing hwdb user_35t_wrapper_3
TRACE::2025-08-25.11:36:21::SCWPlatform::Found the Hw Db part of the input DSA
TRACE::2025-08-25.11:36:21::SCWPlatform::Trying to open the hw design at C:/Users/ilpes/Desktop/Antenne_e_clocks/McDMA_workspace/McDMA_v3_singlechDMA/hw/McDMA_v3.xsa
TRACE::2025-08-25.11:36:21::SCWPlatform::DSA given C:/Users/ilpes/Desktop/Antenne_e_clocks/McDMA_workspace/McDMA_v3_singlechDMA/hw/McDMA_v3.xsa
TRACE::2025-08-25.11:36:21::SCWPlatform::DSA absoulate path C:/Users/ilpes/Desktop/Antenne_e_clocks/McDMA_workspace/McDMA_v3_singlechDMA/hw/McDMA_v3.xsa
TRACE::2025-08-25.11:36:21::SCWPlatform::DSA directory C:/Users/ilpes/Desktop/Antenne_e_clocks/McDMA_workspace/McDMA_v3_singlechDMA/hw
TRACE::2025-08-25.11:36:21::SCWPlatform:: Platform Path C:/Users/ilpes/Desktop/Antenne_e_clocks/McDMA_workspace/McDMA_v3_singlechDMA/hw/McDMA_v3.xsa
TRACE::2025-08-25.11:36:21::SCWPlatform:: Unique name xilinx:cmod_a7-35t::0.0
TRACE::2025-08-25.11:36:21::SCWPlatform::Trying to set the existing hwdb with name user_35t_wrapper_3
TRACE::2025-08-25.11:36:21::SCWPlatform::Opened existing hwdb user_35t_wrapper_3
TRACE::2025-08-25.11:36:21::SCWPlatform::Found the Hw Db part of the input DSA
TRACE::2025-08-25.11:36:21::SCWPlatform::Trying to open the hw design at C:/Users/ilpes/Desktop/Antenne_e_clocks/McDMA_workspace/McDMA_v3_singlechDMA/hw/McDMA_v3.xsa
TRACE::2025-08-25.11:36:21::SCWPlatform::DSA given C:/Users/ilpes/Desktop/Antenne_e_clocks/McDMA_workspace/McDMA_v3_singlechDMA/hw/McDMA_v3.xsa
TRACE::2025-08-25.11:36:21::SCWPlatform::DSA absoulate path C:/Users/ilpes/Desktop/Antenne_e_clocks/McDMA_workspace/McDMA_v3_singlechDMA/hw/McDMA_v3.xsa
TRACE::2025-08-25.11:36:21::SCWPlatform::DSA directory C:/Users/ilpes/Desktop/Antenne_e_clocks/McDMA_workspace/McDMA_v3_singlechDMA/hw
TRACE::2025-08-25.11:36:21::SCWPlatform:: Platform Path C:/Users/ilpes/Desktop/Antenne_e_clocks/McDMA_workspace/McDMA_v3_singlechDMA/hw/McDMA_v3.xsa
TRACE::2025-08-25.11:36:21::SCWPlatform:: Unique name xilinx:cmod_a7-35t::0.0
TRACE::2025-08-25.11:36:21::SCWPlatform::Trying to set the existing hwdb with name user_35t_wrapper_3
TRACE::2025-08-25.11:36:21::SCWPlatform::Opened existing hwdb user_35t_wrapper_3
TRACE::2025-08-25.11:36:21::SCWPlatform::Found the Hw Db part of the input DSA
TRACE::2025-08-25.11:36:21::SCWPlatform::Trying to open the hw design at C:/Users/ilpes/Desktop/Antenne_e_clocks/McDMA_workspace/McDMA_v3_singlechDMA/hw/McDMA_v3.xsa
TRACE::2025-08-25.11:36:21::SCWPlatform::DSA given C:/Users/ilpes/Desktop/Antenne_e_clocks/McDMA_workspace/McDMA_v3_singlechDMA/hw/McDMA_v3.xsa
TRACE::2025-08-25.11:36:21::SCWPlatform::DSA absoulate path C:/Users/ilpes/Desktop/Antenne_e_clocks/McDMA_workspace/McDMA_v3_singlechDMA/hw/McDMA_v3.xsa
TRACE::2025-08-25.11:36:21::SCWPlatform::DSA directory C:/Users/ilpes/Desktop/Antenne_e_clocks/McDMA_workspace/McDMA_v3_singlechDMA/hw
TRACE::2025-08-25.11:36:21::SCWPlatform:: Platform Path C:/Users/ilpes/Desktop/Antenne_e_clocks/McDMA_workspace/McDMA_v3_singlechDMA/hw/McDMA_v3.xsa
TRACE::2025-08-25.11:36:21::SCWPlatform:: Unique name xilinx:cmod_a7-35t::0.0
TRACE::2025-08-25.11:36:21::SCWPlatform::Trying to set the existing hwdb with name user_35t_wrapper_3
TRACE::2025-08-25.11:36:21::SCWPlatform::Opened existing hwdb user_35t_wrapper_3
TRACE::2025-08-25.11:36:21::SCWPlatform::Found the Hw Db part of the input DSA
TRACE::2025-08-25.11:36:21::SCWMssOS::Checking the sw design at  C:/Users/ilpes/Desktop/Antenne_e_clocks/McDMA_workspace/McDMA_v3_singlechDMA/microblaze_0/standalone_domain/bsp/system.mss
TRACE::2025-08-25.11:36:21::SCWMssOS::DEBUG:  swdes dump  
TRACE::2025-08-25.11:36:21::SCWMssOS::No sw design opened at  C:/Users/ilpes/Desktop/Antenne_e_clocks/McDMA_workspace/McDMA_v3_singlechDMA/microblaze_0/standalone_domain/bsp/system.mss
TRACE::2025-08-25.11:36:21::SCWMssOS::mss exists loading the mss file  C:/Users/ilpes/Desktop/Antenne_e_clocks/McDMA_workspace/McDMA_v3_singlechDMA/microblaze_0/standalone_domain/bsp/system.mss
TRACE::2025-08-25.11:36:21::SCWMssOS::Opened the sw design from mss  C:/Users/ilpes/Desktop/Antenne_e_clocks/McDMA_workspace/McDMA_v3_singlechDMA/microblaze_0/standalone_domain/bsp/system.mss
TRACE::2025-08-25.11:36:21::SCWMssOS::Adding the swdes entry C:/Users/ilpes/Desktop/Antenne_e_clocks/McDMA_workspace/McDMA_v3_singlechDMA/microblaze_0/standalone_domain/bsp/system.mss with des name system
TRACE::2025-08-25.11:36:21::SCWMssOS::updating the scw layer about changes
TRACE::2025-08-25.11:36:21::SCWMssOS::Opened the sw design.  C:/Users/ilpes/Desktop/Antenne_e_clocks/McDMA_workspace/McDMA_v3_singlechDMA/microblaze_0/standalone_domain/bsp/system.mss
TRACE::2025-08-25.11:36:21::SCWMssOS::Saving the mss changes C:/Users/ilpes/Desktop/Antenne_e_clocks/McDMA_workspace/McDMA_v3_singlechDMA/microblaze_0/standalone_domain/bsp/system.mss
TRACE::2025-08-25.11:36:21::SCWMssOS::Found a swdesign opened with the mssfile.
TRACE::2025-08-25.11:36:21::SCWMssOS::Completed writemss as part of save.
TRACE::2025-08-25.11:36:21::SCWMssOS::Commit changes completed.
TRACE::2025-08-25.11:36:21::SCWReader::Adding prebuilt librarypaths as   
TRACE::2025-08-25.11:36:21::SCWReader::Adding prebuilt incpaths  as   
TRACE::2025-08-25.11:36:21::SCWPlatform::Trying to open the hw design at C:/Users/ilpes/Desktop/Antenne_e_clocks/McDMA_workspace/McDMA_v3_singlechDMA/hw/McDMA_v3.xsa
TRACE::2025-08-25.11:36:21::SCWPlatform::DSA given C:/Users/ilpes/Desktop/Antenne_e_clocks/McDMA_workspace/McDMA_v3_singlechDMA/hw/McDMA_v3.xsa
TRACE::2025-08-25.11:36:21::SCWPlatform::DSA absoulate path C:/Users/ilpes/Desktop/Antenne_e_clocks/McDMA_workspace/McDMA_v3_singlechDMA/hw/McDMA_v3.xsa
TRACE::2025-08-25.11:36:21::SCWPlatform::DSA directory C:/Users/ilpes/Desktop/Antenne_e_clocks/McDMA_workspace/McDMA_v3_singlechDMA/hw
TRACE::2025-08-25.11:36:21::SCWPlatform:: Platform Path C:/Users/ilpes/Desktop/Antenne_e_clocks/McDMA_workspace/McDMA_v3_singlechDMA/hw/McDMA_v3.xsa
TRACE::2025-08-25.11:36:21::SCWPlatform:: Unique name xilinx:cmod_a7-35t::0.0
TRACE::2025-08-25.11:36:21::SCWPlatform::Trying to set the existing hwdb with name user_35t_wrapper_3
TRACE::2025-08-25.11:36:21::SCWPlatform::Opened existing hwdb user_35t_wrapper_3
TRACE::2025-08-25.11:36:21::SCWPlatform::Found the Hw Db part of the input DSA
TRACE::2025-08-25.11:36:21::SCWMssOS::Checking the sw design at  C:/Users/ilpes/Desktop/Antenne_e_clocks/McDMA_workspace/McDMA_v3_singlechDMA/microblaze_0/standalone_domain/bsp/system.mss
TRACE::2025-08-25.11:36:21::SCWMssOS::DEBUG:  swdes dump  C:/Users/ilpes/Desktop/Antenne_e_clocks/McDMA_workspace/McDMA_v3_singlechDMA/microblaze_0/standalone_domain/bsp/system.mss|system||

TRACE::2025-08-25.11:36:21::SCWMssOS::Sw design exists and opened at  C:/Users/ilpes/Desktop/Antenne_e_clocks/McDMA_workspace/McDMA_v3_singlechDMA/microblaze_0/standalone_domain/bsp/system.mss
TRACE::2025-08-25.11:36:21::SCWReader::No isolation master present  
LOG::2025-08-25.11:36:21::SCWPlatform::Started generating the artifacts platform McDMA_v3_singlechDMA
TRACE::2025-08-25.11:36:21::SCWPlatform::Sanity checking of platform is completed
LOG::2025-08-25.11:36:21::SCWPlatform::Started generating the artifacts for system configuration McDMA_v3_singlechDMA
LOG::2025-08-25.11:36:21::SCWSystem::Checking the domain standalone_domain
LOG::2025-08-25.11:36:21::SCWSystem::Not a boot domain 
LOG::2025-08-25.11:36:21::SCWSystem::Started Processing the domain standalone_domain
TRACE::2025-08-25.11:36:21::SCWDomain::Generating domain artifcats
TRACE::2025-08-25.11:36:21::SCWMssOS::Generating standalone artifcats
TRACE::2025-08-25.11:36:21::SCWMssOS:: Copying the user libraries. 
TRACE::2025-08-25.11:36:21::SCWPlatform::Trying to open the hw design at C:/Users/ilpes/Desktop/Antenne_e_clocks/McDMA_workspace/McDMA_v3_singlechDMA/hw/McDMA_v3.xsa
TRACE::2025-08-25.11:36:21::SCWPlatform::DSA given C:/Users/ilpes/Desktop/Antenne_e_clocks/McDMA_workspace/McDMA_v3_singlechDMA/hw/McDMA_v3.xsa
TRACE::2025-08-25.11:36:21::SCWPlatform::DSA absoulate path C:/Users/ilpes/Desktop/Antenne_e_clocks/McDMA_workspace/McDMA_v3_singlechDMA/hw/McDMA_v3.xsa
TRACE::2025-08-25.11:36:21::SCWPlatform::DSA directory C:/Users/ilpes/Desktop/Antenne_e_clocks/McDMA_workspace/McDMA_v3_singlechDMA/hw
TRACE::2025-08-25.11:36:21::SCWPlatform:: Platform Path C:/Users/ilpes/Desktop/Antenne_e_clocks/McDMA_workspace/McDMA_v3_singlechDMA/hw/McDMA_v3.xsa
TRACE::2025-08-25.11:36:21::SCWPlatform:: Unique name xilinx:cmod_a7-35t::0.0
TRACE::2025-08-25.11:36:21::SCWPlatform::Trying to set the existing hwdb with name user_35t_wrapper_3
TRACE::2025-08-25.11:36:21::SCWPlatform::Opened existing hwdb user_35t_wrapper_3
TRACE::2025-08-25.11:36:21::SCWPlatform::Found the Hw Db part of the input DSA
TRACE::2025-08-25.11:36:21::SCWMssOS::Checking the sw design at  C:/Users/ilpes/Desktop/Antenne_e_clocks/McDMA_workspace/McDMA_v3_singlechDMA/microblaze_0/standalone_domain/bsp/system.mss
TRACE::2025-08-25.11:36:21::SCWMssOS::DEBUG:  swdes dump  C:/Users/ilpes/Desktop/Antenne_e_clocks/McDMA_workspace/McDMA_v3_singlechDMA/microblaze_0/standalone_domain/bsp/system.mss|system||

TRACE::2025-08-25.11:36:21::SCWMssOS::Sw design exists and opened at  C:/Users/ilpes/Desktop/Antenne_e_clocks/McDMA_workspace/McDMA_v3_singlechDMA/microblaze_0/standalone_domain/bsp/system.mss
TRACE::2025-08-25.11:36:21::SCWMssOS::Completed writing the mss file at C:/Users/ilpes/Desktop/Antenne_e_clocks/McDMA_workspace/McDMA_v3_singlechDMA/microblaze_0/standalone_domain/bsp
TRACE::2025-08-25.11:36:21::SCWMssOS::Mss edits present, copying mssfile into export location C:/Users/ilpes/Desktop/Antenne_e_clocks/McDMA_workspace/McDMA_v3_singlechDMA/microblaze_0/standalone_domain/bsp/system.mss
TRACE::2025-08-25.11:36:21::SCWMssOS::bsp generated is upto date with the mss file. Skipping bsp generation.
TRACE::2025-08-25.11:36:21::SCWMssOS::BSP is already built. skipping the bsp build ... 
TRACE::2025-08-25.11:36:21::SCWDomain::Skipping the build for domain :  standalone_domain
TRACE::2025-08-25.11:36:21::SCWMssOS::skipping the bsp build ... 
TRACE::2025-08-25.11:36:21::SCWMssOS::Copying to export directory.
TRACE::2025-08-25.11:36:22::SCWMssOS:: Checking if to create the Supporting Applications
TRACE::2025-08-25.11:36:22::SCWMssOS:: No Linux domain exists, trying to generate FSBL 
LOG::2025-08-25.11:36:22::SCWSystem::Completed Processing the domain standalone_domain
LOG::2025-08-25.11:36:22::SCWSystem::Completed Processing the sysconfig McDMA_v3_singlechDMA
LOG::2025-08-25.11:36:22::SCWPlatform::Completed generating the artifacts for system configuration McDMA_v3_singlechDMA
TRACE::2025-08-25.11:36:22::SCWPlatform::Started preparing the platform 
TRACE::2025-08-25.11:36:22::SCWSystem::Writing the bif file for system config McDMA_v3_singlechDMA
TRACE::2025-08-25.11:36:22::SCWSystem::dir created 
TRACE::2025-08-25.11:36:22::SCWSystem::Writing the bif 
TRACE::2025-08-25.11:36:22::SCWPlatform::Started writing the spfm file 
TRACE::2025-08-25.11:36:22::SCWPlatform::Started writing the xpfm file 
TRACE::2025-08-25.11:36:22::SCWPlatform::Completed generating the platform
TRACE::2025-08-25.11:36:22::SCWMssOS::Saving the mss changes C:/Users/ilpes/Desktop/Antenne_e_clocks/McDMA_workspace/McDMA_v3_singlechDMA/microblaze_0/standalone_domain/bsp/system.mss
TRACE::2025-08-25.11:36:22::SCWMssOS::Found a swdesign opened with the mssfile.
TRACE::2025-08-25.11:36:22::SCWMssOS::Completed writemss as part of save.
TRACE::2025-08-25.11:36:22::SCWMssOS::Commit changes completed.
TRACE::2025-08-25.11:36:22::SCWPlatform::Trying to open the hw design at C:/Users/ilpes/Desktop/Antenne_e_clocks/McDMA_workspace/McDMA_v3_singlechDMA/hw/McDMA_v3.xsa
TRACE::2025-08-25.11:36:22::SCWPlatform::DSA given C:/Users/ilpes/Desktop/Antenne_e_clocks/McDMA_workspace/McDMA_v3_singlechDMA/hw/McDMA_v3.xsa
TRACE::2025-08-25.11:36:22::SCWPlatform::DSA absoulate path C:/Users/ilpes/Desktop/Antenne_e_clocks/McDMA_workspace/McDMA_v3_singlechDMA/hw/McDMA_v3.xsa
TRACE::2025-08-25.11:36:22::SCWPlatform::DSA directory C:/Users/ilpes/Desktop/Antenne_e_clocks/McDMA_workspace/McDMA_v3_singlechDMA/hw
TRACE::2025-08-25.11:36:22::SCWPlatform:: Platform Path C:/Users/ilpes/Desktop/Antenne_e_clocks/McDMA_workspace/McDMA_v3_singlechDMA/hw/McDMA_v3.xsa
TRACE::2025-08-25.11:36:22::SCWPlatform:: Unique name xilinx:cmod_a7-35t::0.0
TRACE::2025-08-25.11:36:22::SCWPlatform::Trying to set the existing hwdb with name user_35t_wrapper_3
TRACE::2025-08-25.11:36:22::SCWPlatform::Opened existing hwdb user_35t_wrapper_3
TRACE::2025-08-25.11:36:22::SCWPlatform::Found the Hw Db part of the input DSA
TRACE::2025-08-25.11:36:22::SCWMssOS::Checking the sw design at  C:/Users/ilpes/Desktop/Antenne_e_clocks/McDMA_workspace/McDMA_v3_singlechDMA/microblaze_0/standalone_domain/bsp/system.mss
TRACE::2025-08-25.11:36:22::SCWMssOS::DEBUG:  swdes dump  C:/Users/ilpes/Desktop/Antenne_e_clocks/McDMA_workspace/McDMA_v3_singlechDMA/microblaze_0/standalone_domain/bsp/system.mss|system||

TRACE::2025-08-25.11:36:22::SCWMssOS::Sw design exists and opened at  C:/Users/ilpes/Desktop/Antenne_e_clocks/McDMA_workspace/McDMA_v3_singlechDMA/microblaze_0/standalone_domain/bsp/system.mss
TRACE::2025-08-25.11:36:22::SCWWriter::formatted JSON is {
	"platformName":	"McDMA_v3_singlechDMA",
	"sprVersion":	"2.0",
	"mode":	"gui",
	"dsaType":	"Fixed",
	"platformDesc":	"McDMA_v3_singlechDMA",
	"platHandOff":	"C:/Users/ilpes/Desktop/INSEGNAMENTO/Didattica2023/McDMA/McDMA_v3/McDMA_v3.xsa",
	"platIntHandOff":	"<platformDir>/hw/McDMA_v3.xsa",
	"deviceType":	"FPGA",
	"platIsPrebuiltAutogen":	"false",
	"platIsNoBootBsp":	"false",
	"hasFsblMakeHasChanges":	"false",
	"hasPmufwMakeHasChanges":	"false",
	"platPreBuiltFlag":	false,
	"platformSamplesDir":	"",
	"platActiveSys":	"McDMA_v3_singlechDMA",
	"systems":	[{
			"systemName":	"McDMA_v3_singlechDMA",
			"systemDesc":	"McDMA_v3_singlechDMA",
			"sysIsBootAutoGen":	"true",
			"systemDispName":	"McDMA_v3_singlechDMA",
			"sysActiveDom":	"standalone_domain",
			"sysDefaultDom":	"standalone_domain",
			"domains":	[{
					"domainName":	"standalone_domain",
					"domainDispName":	"standalone on microblaze_0",
					"domainDesc":	"standalone_domain",
					"processors":	"microblaze_0",
					"os":	"standalone",
					"sdxOs":	"standalone",
					"debugEnable":	"False",
					"domRuntimes":	["cpp"],
					"swRepo":	"",
					"mssOsVer":	"7.3",
					"mssFile":	"",
					"md5Digest":	"8aa4a94eadc16cce49810be106498316",
					"compatibleApp":	"",
					"domType":	"mssDomain",
					"arch":	"32-bit",
					"appSettings":	{
						"appCompilerFlags":	"",
						"appLinkerFlags":	""
					},
					"addedLibs":	[],
					"libOptions":	{
						"libsContainingOptions":	[]
					},
					"prebuiltLibs":	{
						"prebuiltIncPath":	[],
						"prebuiltLibPath":	[]
					},
					"isolation":	{
					}
				}]
		}]
}
KEYINFO::2025-08-25.11:36:22::SCWPlatform::updated the xpfm file.
TRACE::2025-08-25.11:36:23::SCWPlatform::Trying to open the hw design at C:/Users/ilpes/Desktop/Antenne_e_clocks/McDMA_workspace/McDMA_v3_singlechDMA/hw/McDMA_v3.xsa
TRACE::2025-08-25.11:36:23::SCWPlatform::DSA given C:/Users/ilpes/Desktop/Antenne_e_clocks/McDMA_workspace/McDMA_v3_singlechDMA/hw/McDMA_v3.xsa
TRACE::2025-08-25.11:36:23::SCWPlatform::DSA absoulate path C:/Users/ilpes/Desktop/Antenne_e_clocks/McDMA_workspace/McDMA_v3_singlechDMA/hw/McDMA_v3.xsa
TRACE::2025-08-25.11:36:23::SCWPlatform::DSA directory C:/Users/ilpes/Desktop/Antenne_e_clocks/McDMA_workspace/McDMA_v3_singlechDMA/hw
TRACE::2025-08-25.11:36:23::SCWPlatform:: Platform Path C:/Users/ilpes/Desktop/Antenne_e_clocks/McDMA_workspace/McDMA_v3_singlechDMA/hw/McDMA_v3.xsa
TRACE::2025-08-25.11:36:23::SCWPlatform:: Unique name xilinx:cmod_a7-35t::0.0
TRACE::2025-08-25.11:36:23::SCWPlatform::Trying to set the existing hwdb with name user_35t_wrapper_3
TRACE::2025-08-25.11:36:23::SCWPlatform::Opened existing hwdb user_35t_wrapper_3
TRACE::2025-08-25.11:36:23::SCWPlatform::Found the Hw Db part of the input DSA
TRACE::2025-08-25.11:36:23::SCWMssOS::Checking the sw design at  C:/Users/ilpes/Desktop/Antenne_e_clocks/McDMA_workspace/McDMA_v3_singlechDMA/microblaze_0/standalone_domain/bsp/system.mss
TRACE::2025-08-25.11:36:23::SCWMssOS::DEBUG:  swdes dump  C:/Users/ilpes/Desktop/Antenne_e_clocks/McDMA_workspace/McDMA_v3_singlechDMA/microblaze_0/standalone_domain/bsp/system.mss|system||

TRACE::2025-08-25.11:36:23::SCWMssOS::Sw design exists and opened at  C:/Users/ilpes/Desktop/Antenne_e_clocks/McDMA_workspace/McDMA_v3_singlechDMA/microblaze_0/standalone_domain/bsp/system.mss
LOG::2025-08-25.11:42:25::SCWPlatform::Started generating the artifacts platform McDMA_v3_singlechDMA
TRACE::2025-08-25.11:42:25::SCWPlatform::Sanity checking of platform is completed
LOG::2025-08-25.11:42:25::SCWPlatform::Started generating the artifacts for system configuration McDMA_v3_singlechDMA
LOG::2025-08-25.11:42:25::SCWSystem::Checking the domain standalone_domain
LOG::2025-08-25.11:42:25::SCWSystem::Not a boot domain 
LOG::2025-08-25.11:42:25::SCWSystem::Started Processing the domain standalone_domain
TRACE::2025-08-25.11:42:25::SCWDomain::Generating domain artifcats
TRACE::2025-08-25.11:42:25::SCWMssOS::Generating standalone artifcats
TRACE::2025-08-25.11:42:25::SCWMssOS:: Copying the user libraries. 
TRACE::2025-08-25.11:42:25::SCWPlatform::Trying to open the hw design at C:/Users/ilpes/Desktop/Antenne_e_clocks/McDMA_workspace/McDMA_v3_singlechDMA/hw/McDMA_v3.xsa
TRACE::2025-08-25.11:42:25::SCWPlatform::DSA given C:/Users/ilpes/Desktop/Antenne_e_clocks/McDMA_workspace/McDMA_v3_singlechDMA/hw/McDMA_v3.xsa
TRACE::2025-08-25.11:42:25::SCWPlatform::DSA absoulate path C:/Users/ilpes/Desktop/Antenne_e_clocks/McDMA_workspace/McDMA_v3_singlechDMA/hw/McDMA_v3.xsa
TRACE::2025-08-25.11:42:25::SCWPlatform::DSA directory C:/Users/ilpes/Desktop/Antenne_e_clocks/McDMA_workspace/McDMA_v3_singlechDMA/hw
TRACE::2025-08-25.11:42:25::SCWPlatform:: Platform Path C:/Users/ilpes/Desktop/Antenne_e_clocks/McDMA_workspace/McDMA_v3_singlechDMA/hw/McDMA_v3.xsa
TRACE::2025-08-25.11:42:25::SCWPlatform:: Unique name xilinx:cmod_a7-35t::0.0
TRACE::2025-08-25.11:42:25::SCWPlatform::Trying to set the existing hwdb with name user_35t_wrapper_3
TRACE::2025-08-25.11:42:25::SCWPlatform::Opened existing hwdb user_35t_wrapper_3
TRACE::2025-08-25.11:42:25::SCWPlatform::Found the Hw Db part of the input DSA
TRACE::2025-08-25.11:42:25::SCWMssOS::Checking the sw design at  C:/Users/ilpes/Desktop/Antenne_e_clocks/McDMA_workspace/McDMA_v3_singlechDMA/microblaze_0/standalone_domain/bsp/system.mss
TRACE::2025-08-25.11:42:25::SCWMssOS::DEBUG:  swdes dump  C:/Users/ilpes/Desktop/Antenne_e_clocks/McDMA_workspace/McDMA_v3_singlechDMA/microblaze_0/standalone_domain/bsp/system.mss|system||

TRACE::2025-08-25.11:42:25::SCWMssOS::Sw design exists and opened at  C:/Users/ilpes/Desktop/Antenne_e_clocks/McDMA_workspace/McDMA_v3_singlechDMA/microblaze_0/standalone_domain/bsp/system.mss
TRACE::2025-08-25.11:42:25::SCWMssOS::Completed writing the mss file at C:/Users/ilpes/Desktop/Antenne_e_clocks/McDMA_workspace/McDMA_v3_singlechDMA/microblaze_0/standalone_domain/bsp
TRACE::2025-08-25.11:42:25::SCWMssOS::Mss edits present, copying mssfile into export location C:/Users/ilpes/Desktop/Antenne_e_clocks/McDMA_workspace/McDMA_v3_singlechDMA/microblaze_0/standalone_domain/bsp/system.mss
TRACE::2025-08-25.11:42:25::SCWMssOS::bsp generated is upto date with the mss file. Skipping bsp generation.
TRACE::2025-08-25.11:42:25::SCWMssOS::BSP is already built. skipping the bsp build ... 
TRACE::2025-08-25.11:42:25::SCWDomain::Skipping the build for domain :  standalone_domain
TRACE::2025-08-25.11:42:25::SCWMssOS::skipping the bsp build ... 
TRACE::2025-08-25.11:42:25::SCWMssOS::Copying to export directory.
TRACE::2025-08-25.11:42:26::SCWMssOS:: Checking if to create the Supporting Applications
TRACE::2025-08-25.11:42:26::SCWMssOS:: No Linux domain exists, trying to generate FSBL 
LOG::2025-08-25.11:42:26::SCWSystem::Completed Processing the domain standalone_domain
LOG::2025-08-25.11:42:26::SCWSystem::Completed Processing the sysconfig McDMA_v3_singlechDMA
LOG::2025-08-25.11:42:26::SCWPlatform::Completed generating the artifacts for system configuration McDMA_v3_singlechDMA
TRACE::2025-08-25.11:42:26::SCWPlatform::Started preparing the platform 
TRACE::2025-08-25.11:42:26::SCWSystem::Writing the bif file for system config McDMA_v3_singlechDMA
TRACE::2025-08-25.11:42:26::SCWSystem::dir created 
TRACE::2025-08-25.11:42:26::SCWSystem::Writing the bif 
TRACE::2025-08-25.11:42:26::SCWPlatform::Started writing the spfm file 
TRACE::2025-08-25.11:42:26::SCWPlatform::Started writing the xpfm file 
TRACE::2025-08-25.11:42:26::SCWPlatform::Completed generating the platform
TRACE::2025-08-25.11:42:26::SCWMssOS::Saving the mss changes C:/Users/ilpes/Desktop/Antenne_e_clocks/McDMA_workspace/McDMA_v3_singlechDMA/microblaze_0/standalone_domain/bsp/system.mss
TRACE::2025-08-25.11:42:26::SCWMssOS::Found a swdesign opened with the mssfile.
TRACE::2025-08-25.11:42:26::SCWMssOS::Completed writemss as part of save.
TRACE::2025-08-25.11:42:26::SCWMssOS::Commit changes completed.
TRACE::2025-08-25.11:42:26::SCWPlatform::Trying to open the hw design at C:/Users/ilpes/Desktop/Antenne_e_clocks/McDMA_workspace/McDMA_v3_singlechDMA/hw/McDMA_v3.xsa
TRACE::2025-08-25.11:42:26::SCWPlatform::DSA given C:/Users/ilpes/Desktop/Antenne_e_clocks/McDMA_workspace/McDMA_v3_singlechDMA/hw/McDMA_v3.xsa
TRACE::2025-08-25.11:42:26::SCWPlatform::DSA absoulate path C:/Users/ilpes/Desktop/Antenne_e_clocks/McDMA_workspace/McDMA_v3_singlechDMA/hw/McDMA_v3.xsa
TRACE::2025-08-25.11:42:26::SCWPlatform::DSA directory C:/Users/ilpes/Desktop/Antenne_e_clocks/McDMA_workspace/McDMA_v3_singlechDMA/hw
TRACE::2025-08-25.11:42:26::SCWPlatform:: Platform Path C:/Users/ilpes/Desktop/Antenne_e_clocks/McDMA_workspace/McDMA_v3_singlechDMA/hw/McDMA_v3.xsa
TRACE::2025-08-25.11:42:26::SCWPlatform:: Unique name xilinx:cmod_a7-35t::0.0
TRACE::2025-08-25.11:42:26::SCWPlatform::Trying to set the existing hwdb with name user_35t_wrapper_3
TRACE::2025-08-25.11:42:26::SCWPlatform::Opened existing hwdb user_35t_wrapper_3
TRACE::2025-08-25.11:42:26::SCWPlatform::Found the Hw Db part of the input DSA
TRACE::2025-08-25.11:42:26::SCWMssOS::Checking the sw design at  C:/Users/ilpes/Desktop/Antenne_e_clocks/McDMA_workspace/McDMA_v3_singlechDMA/microblaze_0/standalone_domain/bsp/system.mss
TRACE::2025-08-25.11:42:26::SCWMssOS::DEBUG:  swdes dump  C:/Users/ilpes/Desktop/Antenne_e_clocks/McDMA_workspace/McDMA_v3_singlechDMA/microblaze_0/standalone_domain/bsp/system.mss|system||

TRACE::2025-08-25.11:42:26::SCWMssOS::Sw design exists and opened at  C:/Users/ilpes/Desktop/Antenne_e_clocks/McDMA_workspace/McDMA_v3_singlechDMA/microblaze_0/standalone_domain/bsp/system.mss
TRACE::2025-08-25.11:42:26::SCWWriter::formatted JSON is {
	"platformName":	"McDMA_v3_singlechDMA",
	"sprVersion":	"2.0",
	"mode":	"gui",
	"dsaType":	"Fixed",
	"platformDesc":	"McDMA_v3_singlechDMA",
	"platHandOff":	"C:/Users/ilpes/Desktop/INSEGNAMENTO/Didattica2023/McDMA/McDMA_v3/McDMA_v3.xsa",
	"platIntHandOff":	"<platformDir>/hw/McDMA_v3.xsa",
	"deviceType":	"FPGA",
	"platIsPrebuiltAutogen":	"false",
	"platIsNoBootBsp":	"false",
	"hasFsblMakeHasChanges":	"false",
	"hasPmufwMakeHasChanges":	"false",
	"platPreBuiltFlag":	false,
	"platformSamplesDir":	"",
	"platActiveSys":	"McDMA_v3_singlechDMA",
	"systems":	[{
			"systemName":	"McDMA_v3_singlechDMA",
			"systemDesc":	"McDMA_v3_singlechDMA",
			"sysIsBootAutoGen":	"true",
			"systemDispName":	"McDMA_v3_singlechDMA",
			"sysActiveDom":	"standalone_domain",
			"sysDefaultDom":	"standalone_domain",
			"domains":	[{
					"domainName":	"standalone_domain",
					"domainDispName":	"standalone on microblaze_0",
					"domainDesc":	"standalone_domain",
					"processors":	"microblaze_0",
					"os":	"standalone",
					"sdxOs":	"standalone",
					"debugEnable":	"False",
					"domRuntimes":	["cpp"],
					"swRepo":	"",
					"mssOsVer":	"7.3",
					"mssFile":	"",
					"md5Digest":	"8aa4a94eadc16cce49810be106498316",
					"compatibleApp":	"",
					"domType":	"mssDomain",
					"arch":	"32-bit",
					"appSettings":	{
						"appCompilerFlags":	"",
						"appLinkerFlags":	""
					},
					"addedLibs":	[],
					"libOptions":	{
						"libsContainingOptions":	[]
					},
					"prebuiltLibs":	{
						"prebuiltIncPath":	[],
						"prebuiltLibPath":	[]
					},
					"isolation":	{
					}
				}]
		}]
}
KEYINFO::2025-08-25.11:42:26::SCWPlatform::updated the xpfm file.
TRACE::2025-08-25.11:42:27::SCWPlatform::Trying to open the hw design at C:/Users/ilpes/Desktop/Antenne_e_clocks/McDMA_workspace/McDMA_v3_singlechDMA/hw/McDMA_v3.xsa
TRACE::2025-08-25.11:42:27::SCWPlatform::DSA given C:/Users/ilpes/Desktop/Antenne_e_clocks/McDMA_workspace/McDMA_v3_singlechDMA/hw/McDMA_v3.xsa
TRACE::2025-08-25.11:42:27::SCWPlatform::DSA absoulate path C:/Users/ilpes/Desktop/Antenne_e_clocks/McDMA_workspace/McDMA_v3_singlechDMA/hw/McDMA_v3.xsa
TRACE::2025-08-25.11:42:27::SCWPlatform::DSA directory C:/Users/ilpes/Desktop/Antenne_e_clocks/McDMA_workspace/McDMA_v3_singlechDMA/hw
TRACE::2025-08-25.11:42:27::SCWPlatform:: Platform Path C:/Users/ilpes/Desktop/Antenne_e_clocks/McDMA_workspace/McDMA_v3_singlechDMA/hw/McDMA_v3.xsa
TRACE::2025-08-25.11:42:27::SCWPlatform:: Unique name xilinx:cmod_a7-35t::0.0
TRACE::2025-08-25.11:42:27::SCWPlatform::Trying to set the existing hwdb with name user_35t_wrapper_3
TRACE::2025-08-25.11:42:27::SCWPlatform::Opened existing hwdb user_35t_wrapper_3
TRACE::2025-08-25.11:42:27::SCWPlatform::Found the Hw Db part of the input DSA
TRACE::2025-08-25.11:42:27::SCWMssOS::Checking the sw design at  C:/Users/ilpes/Desktop/Antenne_e_clocks/McDMA_workspace/McDMA_v3_singlechDMA/microblaze_0/standalone_domain/bsp/system.mss
TRACE::2025-08-25.11:42:27::SCWMssOS::DEBUG:  swdes dump  C:/Users/ilpes/Desktop/Antenne_e_clocks/McDMA_workspace/McDMA_v3_singlechDMA/microblaze_0/standalone_domain/bsp/system.mss|system||

TRACE::2025-08-25.11:42:27::SCWMssOS::Sw design exists and opened at  C:/Users/ilpes/Desktop/Antenne_e_clocks/McDMA_workspace/McDMA_v3_singlechDMA/microblaze_0/standalone_domain/bsp/system.mss
LOG::2025-08-25.11:58:08::SCWPlatform::Started generating the artifacts platform McDMA_v3_singlechDMA
TRACE::2025-08-25.11:58:08::SCWPlatform::Sanity checking of platform is completed
LOG::2025-08-25.11:58:08::SCWPlatform::Started generating the artifacts for system configuration McDMA_v3_singlechDMA
LOG::2025-08-25.11:58:08::SCWSystem::Checking the domain standalone_domain
LOG::2025-08-25.11:58:08::SCWSystem::Not a boot domain 
LOG::2025-08-25.11:58:08::SCWSystem::Started Processing the domain standalone_domain
TRACE::2025-08-25.11:58:08::SCWDomain::Generating domain artifcats
TRACE::2025-08-25.11:58:08::SCWMssOS::Generating standalone artifcats
TRACE::2025-08-25.11:58:08::SCWMssOS:: Copying the user libraries. 
TRACE::2025-08-25.11:58:08::SCWPlatform::Trying to open the hw design at C:/Users/ilpes/Desktop/Antenne_e_clocks/McDMA_workspace/McDMA_v3_singlechDMA/hw/McDMA_v3.xsa
TRACE::2025-08-25.11:58:08::SCWPlatform::DSA given C:/Users/ilpes/Desktop/Antenne_e_clocks/McDMA_workspace/McDMA_v3_singlechDMA/hw/McDMA_v3.xsa
TRACE::2025-08-25.11:58:08::SCWPlatform::DSA absoulate path C:/Users/ilpes/Desktop/Antenne_e_clocks/McDMA_workspace/McDMA_v3_singlechDMA/hw/McDMA_v3.xsa
TRACE::2025-08-25.11:58:08::SCWPlatform::DSA directory C:/Users/ilpes/Desktop/Antenne_e_clocks/McDMA_workspace/McDMA_v3_singlechDMA/hw
TRACE::2025-08-25.11:58:08::SCWPlatform:: Platform Path C:/Users/ilpes/Desktop/Antenne_e_clocks/McDMA_workspace/McDMA_v3_singlechDMA/hw/McDMA_v3.xsa
TRACE::2025-08-25.11:58:08::SCWPlatform:: Unique name xilinx:cmod_a7-35t::0.0
TRACE::2025-08-25.11:58:08::SCWPlatform::Trying to set the existing hwdb with name user_35t_wrapper_3
TRACE::2025-08-25.11:58:08::SCWPlatform::Opened existing hwdb user_35t_wrapper_3
TRACE::2025-08-25.11:58:08::SCWPlatform::Found the Hw Db part of the input DSA
TRACE::2025-08-25.11:58:08::SCWMssOS::Checking the sw design at  C:/Users/ilpes/Desktop/Antenne_e_clocks/McDMA_workspace/McDMA_v3_singlechDMA/microblaze_0/standalone_domain/bsp/system.mss
TRACE::2025-08-25.11:58:08::SCWMssOS::DEBUG:  swdes dump  C:/Users/ilpes/Desktop/Antenne_e_clocks/McDMA_workspace/McDMA_v3_singlechDMA/microblaze_0/standalone_domain/bsp/system.mss|system||

TRACE::2025-08-25.11:58:08::SCWMssOS::Sw design exists and opened at  C:/Users/ilpes/Desktop/Antenne_e_clocks/McDMA_workspace/McDMA_v3_singlechDMA/microblaze_0/standalone_domain/bsp/system.mss
TRACE::2025-08-25.11:58:08::SCWMssOS::Completed writing the mss file at C:/Users/ilpes/Desktop/Antenne_e_clocks/McDMA_workspace/McDMA_v3_singlechDMA/microblaze_0/standalone_domain/bsp
TRACE::2025-08-25.11:58:08::SCWMssOS::Mss edits present, copying mssfile into export location C:/Users/ilpes/Desktop/Antenne_e_clocks/McDMA_workspace/McDMA_v3_singlechDMA/microblaze_0/standalone_domain/bsp/system.mss
TRACE::2025-08-25.11:58:08::SCWMssOS::bsp generated is upto date with the mss file. Skipping bsp generation.
TRACE::2025-08-25.11:58:08::SCWMssOS::BSP is already built. skipping the bsp build ... 
TRACE::2025-08-25.11:58:08::SCWDomain::Skipping the build for domain :  standalone_domain
TRACE::2025-08-25.11:58:08::SCWMssOS::skipping the bsp build ... 
TRACE::2025-08-25.11:58:08::SCWMssOS::Copying to export directory.
TRACE::2025-08-25.11:58:08::SCWMssOS:: Checking if to create the Supporting Applications
TRACE::2025-08-25.11:58:08::SCWMssOS:: No Linux domain exists, trying to generate FSBL 
LOG::2025-08-25.11:58:08::SCWSystem::Completed Processing the domain standalone_domain
LOG::2025-08-25.11:58:08::SCWSystem::Completed Processing the sysconfig McDMA_v3_singlechDMA
LOG::2025-08-25.11:58:08::SCWPlatform::Completed generating the artifacts for system configuration McDMA_v3_singlechDMA
TRACE::2025-08-25.11:58:08::SCWPlatform::Started preparing the platform 
TRACE::2025-08-25.11:58:08::SCWSystem::Writing the bif file for system config McDMA_v3_singlechDMA
TRACE::2025-08-25.11:58:08::SCWSystem::dir created 
TRACE::2025-08-25.11:58:08::SCWSystem::Writing the bif 
TRACE::2025-08-25.11:58:08::SCWPlatform::Started writing the spfm file 
TRACE::2025-08-25.11:58:08::SCWPlatform::Started writing the xpfm file 
TRACE::2025-08-25.11:58:08::SCWPlatform::Completed generating the platform
TRACE::2025-08-25.11:58:08::SCWMssOS::Saving the mss changes C:/Users/ilpes/Desktop/Antenne_e_clocks/McDMA_workspace/McDMA_v3_singlechDMA/microblaze_0/standalone_domain/bsp/system.mss
TRACE::2025-08-25.11:58:08::SCWMssOS::Found a swdesign opened with the mssfile.
TRACE::2025-08-25.11:58:08::SCWMssOS::Completed writemss as part of save.
TRACE::2025-08-25.11:58:08::SCWMssOS::Commit changes completed.
TRACE::2025-08-25.11:58:08::SCWPlatform::Trying to open the hw design at C:/Users/ilpes/Desktop/Antenne_e_clocks/McDMA_workspace/McDMA_v3_singlechDMA/hw/McDMA_v3.xsa
TRACE::2025-08-25.11:58:08::SCWPlatform::DSA given C:/Users/ilpes/Desktop/Antenne_e_clocks/McDMA_workspace/McDMA_v3_singlechDMA/hw/McDMA_v3.xsa
TRACE::2025-08-25.11:58:08::SCWPlatform::DSA absoulate path C:/Users/ilpes/Desktop/Antenne_e_clocks/McDMA_workspace/McDMA_v3_singlechDMA/hw/McDMA_v3.xsa
TRACE::2025-08-25.11:58:08::SCWPlatform::DSA directory C:/Users/ilpes/Desktop/Antenne_e_clocks/McDMA_workspace/McDMA_v3_singlechDMA/hw
TRACE::2025-08-25.11:58:08::SCWPlatform:: Platform Path C:/Users/ilpes/Desktop/Antenne_e_clocks/McDMA_workspace/McDMA_v3_singlechDMA/hw/McDMA_v3.xsa
TRACE::2025-08-25.11:58:08::SCWPlatform:: Unique name xilinx:cmod_a7-35t::0.0
TRACE::2025-08-25.11:58:08::SCWPlatform::Trying to set the existing hwdb with name user_35t_wrapper_3
TRACE::2025-08-25.11:58:08::SCWPlatform::Opened existing hwdb user_35t_wrapper_3
TRACE::2025-08-25.11:58:08::SCWPlatform::Found the Hw Db part of the input DSA
TRACE::2025-08-25.11:58:08::SCWMssOS::Checking the sw design at  C:/Users/ilpes/Desktop/Antenne_e_clocks/McDMA_workspace/McDMA_v3_singlechDMA/microblaze_0/standalone_domain/bsp/system.mss
TRACE::2025-08-25.11:58:08::SCWMssOS::DEBUG:  swdes dump  C:/Users/ilpes/Desktop/Antenne_e_clocks/McDMA_workspace/McDMA_v3_singlechDMA/microblaze_0/standalone_domain/bsp/system.mss|system||

TRACE::2025-08-25.11:58:08::SCWMssOS::Sw design exists and opened at  C:/Users/ilpes/Desktop/Antenne_e_clocks/McDMA_workspace/McDMA_v3_singlechDMA/microblaze_0/standalone_domain/bsp/system.mss
TRACE::2025-08-25.11:58:08::SCWWriter::formatted JSON is {
	"platformName":	"McDMA_v3_singlechDMA",
	"sprVersion":	"2.0",
	"mode":	"gui",
	"dsaType":	"Fixed",
	"platformDesc":	"McDMA_v3_singlechDMA",
	"platHandOff":	"C:/Users/ilpes/Desktop/INSEGNAMENTO/Didattica2023/McDMA/McDMA_v3/McDMA_v3.xsa",
	"platIntHandOff":	"<platformDir>/hw/McDMA_v3.xsa",
	"deviceType":	"FPGA",
	"platIsPrebuiltAutogen":	"false",
	"platIsNoBootBsp":	"false",
	"hasFsblMakeHasChanges":	"false",
	"hasPmufwMakeHasChanges":	"false",
	"platPreBuiltFlag":	false,
	"platformSamplesDir":	"",
	"platActiveSys":	"McDMA_v3_singlechDMA",
	"systems":	[{
			"systemName":	"McDMA_v3_singlechDMA",
			"systemDesc":	"McDMA_v3_singlechDMA",
			"sysIsBootAutoGen":	"true",
			"systemDispName":	"McDMA_v3_singlechDMA",
			"sysActiveDom":	"standalone_domain",
			"sysDefaultDom":	"standalone_domain",
			"domains":	[{
					"domainName":	"standalone_domain",
					"domainDispName":	"standalone on microblaze_0",
					"domainDesc":	"standalone_domain",
					"processors":	"microblaze_0",
					"os":	"standalone",
					"sdxOs":	"standalone",
					"debugEnable":	"False",
					"domRuntimes":	["cpp"],
					"swRepo":	"",
					"mssOsVer":	"7.3",
					"mssFile":	"",
					"md5Digest":	"8aa4a94eadc16cce49810be106498316",
					"compatibleApp":	"",
					"domType":	"mssDomain",
					"arch":	"32-bit",
					"appSettings":	{
						"appCompilerFlags":	"",
						"appLinkerFlags":	""
					},
					"addedLibs":	[],
					"libOptions":	{
						"libsContainingOptions":	[]
					},
					"prebuiltLibs":	{
						"prebuiltIncPath":	[],
						"prebuiltLibPath":	[]
					},
					"isolation":	{
					}
				}]
		}]
}
KEYINFO::2025-08-25.11:58:08::SCWPlatform::updated the xpfm file.
TRACE::2025-08-25.11:58:09::SCWPlatform::Trying to open the hw design at C:/Users/ilpes/Desktop/Antenne_e_clocks/McDMA_workspace/McDMA_v3_singlechDMA/hw/McDMA_v3.xsa
TRACE::2025-08-25.11:58:09::SCWPlatform::DSA given C:/Users/ilpes/Desktop/Antenne_e_clocks/McDMA_workspace/McDMA_v3_singlechDMA/hw/McDMA_v3.xsa
TRACE::2025-08-25.11:58:09::SCWPlatform::DSA absoulate path C:/Users/ilpes/Desktop/Antenne_e_clocks/McDMA_workspace/McDMA_v3_singlechDMA/hw/McDMA_v3.xsa
TRACE::2025-08-25.11:58:09::SCWPlatform::DSA directory C:/Users/ilpes/Desktop/Antenne_e_clocks/McDMA_workspace/McDMA_v3_singlechDMA/hw
TRACE::2025-08-25.11:58:09::SCWPlatform:: Platform Path C:/Users/ilpes/Desktop/Antenne_e_clocks/McDMA_workspace/McDMA_v3_singlechDMA/hw/McDMA_v3.xsa
TRACE::2025-08-25.11:58:09::SCWPlatform:: Unique name xilinx:cmod_a7-35t::0.0
TRACE::2025-08-25.11:58:09::SCWPlatform::Trying to set the existing hwdb with name user_35t_wrapper_3
TRACE::2025-08-25.11:58:09::SCWPlatform::Opened existing hwdb user_35t_wrapper_3
TRACE::2025-08-25.11:58:09::SCWPlatform::Found the Hw Db part of the input DSA
TRACE::2025-08-25.11:58:09::SCWMssOS::Checking the sw design at  C:/Users/ilpes/Desktop/Antenne_e_clocks/McDMA_workspace/McDMA_v3_singlechDMA/microblaze_0/standalone_domain/bsp/system.mss
TRACE::2025-08-25.11:58:09::SCWMssOS::DEBUG:  swdes dump  C:/Users/ilpes/Desktop/Antenne_e_clocks/McDMA_workspace/McDMA_v3_singlechDMA/microblaze_0/standalone_domain/bsp/system.mss|system||

TRACE::2025-08-25.11:58:09::SCWMssOS::Sw design exists and opened at  C:/Users/ilpes/Desktop/Antenne_e_clocks/McDMA_workspace/McDMA_v3_singlechDMA/microblaze_0/standalone_domain/bsp/system.mss
TRACE::2025-08-25.12:04:27::SCWPlatform::Trying to open the hw design at C:/Users/ilpes/Desktop/Antenne_e_clocks/McDMA_workspace/McDMA_v3_singlechDMA/hw/McDMA_v3.xsa
TRACE::2025-08-25.12:04:27::SCWPlatform::DSA given C:/Users/ilpes/Desktop/Antenne_e_clocks/McDMA_workspace/McDMA_v3_singlechDMA/hw/McDMA_v3.xsa
TRACE::2025-08-25.12:04:27::SCWPlatform::DSA absoulate path C:/Users/ilpes/Desktop/Antenne_e_clocks/McDMA_workspace/McDMA_v3_singlechDMA/hw/McDMA_v3.xsa
TRACE::2025-08-25.12:04:30::SCWPlatform::DSA directory C:/Users/ilpes/Desktop/Antenne_e_clocks/McDMA_workspace/McDMA_v3_singlechDMA/hw
TRACE::2025-08-25.12:04:30::SCWPlatform:: Platform Path C:/Users/ilpes/Desktop/Antenne_e_clocks/McDMA_workspace/McDMA_v3_singlechDMA/hw/McDMA_v3.xsa
TRACE::2025-08-25.12:04:30::SCWPlatform:: Unique name xilinx:cmod_a7-35t::0.0
TRACE::2025-08-25.12:04:30::SCWPlatform::Do not have an existing db opened. 
TRACE::2025-08-25.12:04:31::SCWPlatform::Opened new HwDB with name user_35t_wrapper_0
TRACE::2025-08-25.12:04:31::SCWReader::Active system found as  McDMA_v3_singlechDMA
TRACE::2025-08-25.12:04:31::SCWReader::Handling sysconfig McDMA_v3_singlechDMA
TRACE::2025-08-25.12:04:31::SCWDomain::checking for install qemu data   : 
TRACE::2025-08-25.12:04:31::SCWPlatform::Trying to open the hw design at C:/Users/ilpes/Desktop/Antenne_e_clocks/McDMA_workspace/McDMA_v3_singlechDMA/hw/McDMA_v3.xsa
TRACE::2025-08-25.12:04:31::SCWPlatform::DSA given C:/Users/ilpes/Desktop/Antenne_e_clocks/McDMA_workspace/McDMA_v3_singlechDMA/hw/McDMA_v3.xsa
TRACE::2025-08-25.12:04:31::SCWPlatform::DSA absoulate path C:/Users/ilpes/Desktop/Antenne_e_clocks/McDMA_workspace/McDMA_v3_singlechDMA/hw/McDMA_v3.xsa
TRACE::2025-08-25.12:04:31::SCWPlatform::DSA directory C:/Users/ilpes/Desktop/Antenne_e_clocks/McDMA_workspace/McDMA_v3_singlechDMA/hw
TRACE::2025-08-25.12:04:31::SCWPlatform:: Platform Path C:/Users/ilpes/Desktop/Antenne_e_clocks/McDMA_workspace/McDMA_v3_singlechDMA/hw/McDMA_v3.xsa
TRACE::2025-08-25.12:04:31::SCWPlatform:: Unique name xilinx:cmod_a7-35t::0.0
TRACE::2025-08-25.12:04:31::SCWPlatform::Trying to set the existing hwdb with name user_35t_wrapper_0
TRACE::2025-08-25.12:04:31::SCWPlatform::Opened existing hwdb user_35t_wrapper_0
TRACE::2025-08-25.12:04:31::SCWPlatform::Found the Hw Db part of the input DSA
TRACE::2025-08-25.12:04:31::SCWPlatform::Trying to open the hw design at C:/Users/ilpes/Desktop/Antenne_e_clocks/McDMA_workspace/McDMA_v3_singlechDMA/hw/McDMA_v3.xsa
TRACE::2025-08-25.12:04:31::SCWPlatform::DSA given C:/Users/ilpes/Desktop/Antenne_e_clocks/McDMA_workspace/McDMA_v3_singlechDMA/hw/McDMA_v3.xsa
TRACE::2025-08-25.12:04:31::SCWPlatform::DSA absoulate path C:/Users/ilpes/Desktop/Antenne_e_clocks/McDMA_workspace/McDMA_v3_singlechDMA/hw/McDMA_v3.xsa
TRACE::2025-08-25.12:04:31::SCWPlatform::DSA directory C:/Users/ilpes/Desktop/Antenne_e_clocks/McDMA_workspace/McDMA_v3_singlechDMA/hw
TRACE::2025-08-25.12:04:31::SCWPlatform:: Platform Path C:/Users/ilpes/Desktop/Antenne_e_clocks/McDMA_workspace/McDMA_v3_singlechDMA/hw/McDMA_v3.xsa
TRACE::2025-08-25.12:04:31::SCWPlatform:: Unique name xilinx:cmod_a7-35t::0.0
TRACE::2025-08-25.12:04:31::SCWPlatform::Trying to set the existing hwdb with name user_35t_wrapper_0
TRACE::2025-08-25.12:04:31::SCWPlatform::Opened existing hwdb user_35t_wrapper_0
TRACE::2025-08-25.12:04:31::SCWPlatform::Found the Hw Db part of the input DSA
TRACE::2025-08-25.12:04:31::SCWPlatform::Trying to open the hw design at C:/Users/ilpes/Desktop/Antenne_e_clocks/McDMA_workspace/McDMA_v3_singlechDMA/hw/McDMA_v3.xsa
TRACE::2025-08-25.12:04:31::SCWPlatform::DSA given C:/Users/ilpes/Desktop/Antenne_e_clocks/McDMA_workspace/McDMA_v3_singlechDMA/hw/McDMA_v3.xsa
TRACE::2025-08-25.12:04:31::SCWPlatform::DSA absoulate path C:/Users/ilpes/Desktop/Antenne_e_clocks/McDMA_workspace/McDMA_v3_singlechDMA/hw/McDMA_v3.xsa
TRACE::2025-08-25.12:04:31::SCWPlatform::DSA directory C:/Users/ilpes/Desktop/Antenne_e_clocks/McDMA_workspace/McDMA_v3_singlechDMA/hw
TRACE::2025-08-25.12:04:31::SCWPlatform:: Platform Path C:/Users/ilpes/Desktop/Antenne_e_clocks/McDMA_workspace/McDMA_v3_singlechDMA/hw/McDMA_v3.xsa
TRACE::2025-08-25.12:04:31::SCWPlatform:: Unique name xilinx:cmod_a7-35t::0.0
TRACE::2025-08-25.12:04:31::SCWPlatform::Trying to set the existing hwdb with name user_35t_wrapper_0
TRACE::2025-08-25.12:04:31::SCWPlatform::Opened existing hwdb user_35t_wrapper_0
TRACE::2025-08-25.12:04:31::SCWPlatform::Found the Hw Db part of the input DSA
TRACE::2025-08-25.12:04:31::SCWPlatform::Trying to open the hw design at C:/Users/ilpes/Desktop/Antenne_e_clocks/McDMA_workspace/McDMA_v3_singlechDMA/hw/McDMA_v3.xsa
TRACE::2025-08-25.12:04:31::SCWPlatform::DSA given C:/Users/ilpes/Desktop/Antenne_e_clocks/McDMA_workspace/McDMA_v3_singlechDMA/hw/McDMA_v3.xsa
TRACE::2025-08-25.12:04:31::SCWPlatform::DSA absoulate path C:/Users/ilpes/Desktop/Antenne_e_clocks/McDMA_workspace/McDMA_v3_singlechDMA/hw/McDMA_v3.xsa
TRACE::2025-08-25.12:04:31::SCWPlatform::DSA directory C:/Users/ilpes/Desktop/Antenne_e_clocks/McDMA_workspace/McDMA_v3_singlechDMA/hw
TRACE::2025-08-25.12:04:31::SCWPlatform:: Platform Path C:/Users/ilpes/Desktop/Antenne_e_clocks/McDMA_workspace/McDMA_v3_singlechDMA/hw/McDMA_v3.xsa
TRACE::2025-08-25.12:04:31::SCWPlatform:: Unique name xilinx:cmod_a7-35t::0.0
TRACE::2025-08-25.12:04:31::SCWPlatform::Trying to set the existing hwdb with name user_35t_wrapper_0
TRACE::2025-08-25.12:04:31::SCWPlatform::Opened existing hwdb user_35t_wrapper_0
TRACE::2025-08-25.12:04:31::SCWPlatform::Found the Hw Db part of the input DSA
TRACE::2025-08-25.12:04:31::SCWMssOS::Checking the sw design at  C:/Users/ilpes/Desktop/Antenne_e_clocks/McDMA_workspace/McDMA_v3_singlechDMA/microblaze_0/standalone_domain/bsp/system.mss
TRACE::2025-08-25.12:04:31::SCWMssOS::DEBUG:  swdes dump  
TRACE::2025-08-25.12:04:31::SCWMssOS::No sw design opened at  C:/Users/ilpes/Desktop/Antenne_e_clocks/McDMA_workspace/McDMA_v3_singlechDMA/microblaze_0/standalone_domain/bsp/system.mss
TRACE::2025-08-25.12:04:31::SCWMssOS::mss exists loading the mss file  C:/Users/ilpes/Desktop/Antenne_e_clocks/McDMA_workspace/McDMA_v3_singlechDMA/microblaze_0/standalone_domain/bsp/system.mss
TRACE::2025-08-25.12:04:31::SCWMssOS::Opened the sw design from mss  C:/Users/ilpes/Desktop/Antenne_e_clocks/McDMA_workspace/McDMA_v3_singlechDMA/microblaze_0/standalone_domain/bsp/system.mss
TRACE::2025-08-25.12:04:31::SCWMssOS::Adding the swdes entry C:/Users/ilpes/Desktop/Antenne_e_clocks/McDMA_workspace/McDMA_v3_singlechDMA/microblaze_0/standalone_domain/bsp/system.mss with des name system
TRACE::2025-08-25.12:04:31::SCWMssOS::updating the scw layer about changes
TRACE::2025-08-25.12:04:31::SCWMssOS::Opened the sw design.  C:/Users/ilpes/Desktop/Antenne_e_clocks/McDMA_workspace/McDMA_v3_singlechDMA/microblaze_0/standalone_domain/bsp/system.mss
TRACE::2025-08-25.12:04:31::SCWMssOS::Saving the mss changes C:/Users/ilpes/Desktop/Antenne_e_clocks/McDMA_workspace/McDMA_v3_singlechDMA/microblaze_0/standalone_domain/bsp/system.mss
TRACE::2025-08-25.12:04:31::SCWMssOS::Found a swdesign opened with the mssfile.
TRACE::2025-08-25.12:04:31::SCWMssOS::Completed writemss as part of save.
TRACE::2025-08-25.12:04:31::SCWMssOS::Commit changes completed.
TRACE::2025-08-25.12:04:31::SCWReader::Adding prebuilt librarypaths as   
TRACE::2025-08-25.12:04:31::SCWReader::Adding prebuilt incpaths  as   
TRACE::2025-08-25.12:04:31::SCWPlatform::Trying to open the hw design at C:/Users/ilpes/Desktop/Antenne_e_clocks/McDMA_workspace/McDMA_v3_singlechDMA/hw/McDMA_v3.xsa
TRACE::2025-08-25.12:04:31::SCWPlatform::DSA given C:/Users/ilpes/Desktop/Antenne_e_clocks/McDMA_workspace/McDMA_v3_singlechDMA/hw/McDMA_v3.xsa
TRACE::2025-08-25.12:04:31::SCWPlatform::DSA absoulate path C:/Users/ilpes/Desktop/Antenne_e_clocks/McDMA_workspace/McDMA_v3_singlechDMA/hw/McDMA_v3.xsa
TRACE::2025-08-25.12:04:31::SCWPlatform::DSA directory C:/Users/ilpes/Desktop/Antenne_e_clocks/McDMA_workspace/McDMA_v3_singlechDMA/hw
TRACE::2025-08-25.12:04:31::SCWPlatform:: Platform Path C:/Users/ilpes/Desktop/Antenne_e_clocks/McDMA_workspace/McDMA_v3_singlechDMA/hw/McDMA_v3.xsa
TRACE::2025-08-25.12:04:31::SCWPlatform:: Unique name xilinx:cmod_a7-35t::0.0
TRACE::2025-08-25.12:04:31::SCWPlatform::Trying to set the existing hwdb with name user_35t_wrapper_0
TRACE::2025-08-25.12:04:31::SCWPlatform::Opened existing hwdb user_35t_wrapper_0
TRACE::2025-08-25.12:04:31::SCWPlatform::Found the Hw Db part of the input DSA
TRACE::2025-08-25.12:04:31::SCWMssOS::Checking the sw design at  C:/Users/ilpes/Desktop/Antenne_e_clocks/McDMA_workspace/McDMA_v3_singlechDMA/microblaze_0/standalone_domain/bsp/system.mss
TRACE::2025-08-25.12:04:31::SCWMssOS::DEBUG:  swdes dump  C:/Users/ilpes/Desktop/Antenne_e_clocks/McDMA_workspace/McDMA_v3_singlechDMA/microblaze_0/standalone_domain/bsp/system.mss|system||

TRACE::2025-08-25.12:04:31::SCWMssOS::Sw design exists and opened at  C:/Users/ilpes/Desktop/Antenne_e_clocks/McDMA_workspace/McDMA_v3_singlechDMA/microblaze_0/standalone_domain/bsp/system.mss
TRACE::2025-08-25.12:04:31::SCWReader::No isolation master present  
LOG::2025-08-25.12:04:31::SCWPlatform::Started generating the artifacts platform McDMA_v3_singlechDMA
TRACE::2025-08-25.12:04:31::SCWPlatform::Sanity checking of platform is completed
LOG::2025-08-25.12:04:31::SCWPlatform::Started generating the artifacts for system configuration McDMA_v3_singlechDMA
LOG::2025-08-25.12:04:31::SCWSystem::Checking the domain standalone_domain
LOG::2025-08-25.12:04:31::SCWSystem::Not a boot domain 
LOG::2025-08-25.12:04:31::SCWSystem::Started Processing the domain standalone_domain
TRACE::2025-08-25.12:04:31::SCWDomain::Generating domain artifcats
TRACE::2025-08-25.12:04:31::SCWMssOS::Generating standalone artifcats
TRACE::2025-08-25.12:04:31::SCWMssOS:: Copying the user libraries. 
TRACE::2025-08-25.12:04:31::SCWPlatform::Trying to open the hw design at C:/Users/ilpes/Desktop/Antenne_e_clocks/McDMA_workspace/McDMA_v3_singlechDMA/hw/McDMA_v3.xsa
TRACE::2025-08-25.12:04:31::SCWPlatform::DSA given C:/Users/ilpes/Desktop/Antenne_e_clocks/McDMA_workspace/McDMA_v3_singlechDMA/hw/McDMA_v3.xsa
TRACE::2025-08-25.12:04:31::SCWPlatform::DSA absoulate path C:/Users/ilpes/Desktop/Antenne_e_clocks/McDMA_workspace/McDMA_v3_singlechDMA/hw/McDMA_v3.xsa
TRACE::2025-08-25.12:04:31::SCWPlatform::DSA directory C:/Users/ilpes/Desktop/Antenne_e_clocks/McDMA_workspace/McDMA_v3_singlechDMA/hw
TRACE::2025-08-25.12:04:31::SCWPlatform:: Platform Path C:/Users/ilpes/Desktop/Antenne_e_clocks/McDMA_workspace/McDMA_v3_singlechDMA/hw/McDMA_v3.xsa
TRACE::2025-08-25.12:04:31::SCWPlatform:: Unique name xilinx:cmod_a7-35t::0.0
TRACE::2025-08-25.12:04:31::SCWPlatform::Trying to set the existing hwdb with name user_35t_wrapper_0
TRACE::2025-08-25.12:04:31::SCWPlatform::Opened existing hwdb user_35t_wrapper_0
TRACE::2025-08-25.12:04:31::SCWPlatform::Found the Hw Db part of the input DSA
TRACE::2025-08-25.12:04:31::SCWMssOS::Checking the sw design at  C:/Users/ilpes/Desktop/Antenne_e_clocks/McDMA_workspace/McDMA_v3_singlechDMA/microblaze_0/standalone_domain/bsp/system.mss
TRACE::2025-08-25.12:04:31::SCWMssOS::DEBUG:  swdes dump  C:/Users/ilpes/Desktop/Antenne_e_clocks/McDMA_workspace/McDMA_v3_singlechDMA/microblaze_0/standalone_domain/bsp/system.mss|system||

TRACE::2025-08-25.12:04:31::SCWMssOS::Sw design exists and opened at  C:/Users/ilpes/Desktop/Antenne_e_clocks/McDMA_workspace/McDMA_v3_singlechDMA/microblaze_0/standalone_domain/bsp/system.mss
TRACE::2025-08-25.12:04:31::SCWMssOS::Completed writing the mss file at C:/Users/ilpes/Desktop/Antenne_e_clocks/McDMA_workspace/McDMA_v3_singlechDMA/microblaze_0/standalone_domain/bsp
TRACE::2025-08-25.12:04:31::SCWMssOS::Mss edits present, copying mssfile into export location C:/Users/ilpes/Desktop/Antenne_e_clocks/McDMA_workspace/McDMA_v3_singlechDMA/microblaze_0/standalone_domain/bsp/system.mss
TRACE::2025-08-25.12:04:31::SCWMssOS::bsp generated is upto date with the mss file. Skipping bsp generation.
TRACE::2025-08-25.12:04:31::SCWMssOS::BSP is already built. skipping the bsp build ... 
TRACE::2025-08-25.12:04:31::SCWDomain::Skipping the build for domain :  standalone_domain
TRACE::2025-08-25.12:04:31::SCWMssOS::skipping the bsp build ... 
TRACE::2025-08-25.12:04:31::SCWMssOS::Copying to export directory.
TRACE::2025-08-25.12:04:31::SCWMssOS:: Checking if to create the Supporting Applications
TRACE::2025-08-25.12:04:31::SCWMssOS:: No Linux domain exists, trying to generate FSBL 
LOG::2025-08-25.12:04:31::SCWSystem::Completed Processing the domain standalone_domain
LOG::2025-08-25.12:04:31::SCWSystem::Completed Processing the sysconfig McDMA_v3_singlechDMA
LOG::2025-08-25.12:04:31::SCWPlatform::Completed generating the artifacts for system configuration McDMA_v3_singlechDMA
TRACE::2025-08-25.12:04:31::SCWPlatform::Started preparing the platform 
TRACE::2025-08-25.12:04:31::SCWSystem::Writing the bif file for system config McDMA_v3_singlechDMA
TRACE::2025-08-25.12:04:31::SCWSystem::dir created 
TRACE::2025-08-25.12:04:31::SCWSystem::Writing the bif 
TRACE::2025-08-25.12:04:31::SCWPlatform::Started writing the spfm file 
TRACE::2025-08-25.12:04:31::SCWPlatform::Started writing the xpfm file 
TRACE::2025-08-25.12:04:31::SCWPlatform::Completed generating the platform
TRACE::2025-08-25.12:04:31::SCWMssOS::Saving the mss changes C:/Users/ilpes/Desktop/Antenne_e_clocks/McDMA_workspace/McDMA_v3_singlechDMA/microblaze_0/standalone_domain/bsp/system.mss
TRACE::2025-08-25.12:04:31::SCWMssOS::Found a swdesign opened with the mssfile.
TRACE::2025-08-25.12:04:31::SCWMssOS::Completed writemss as part of save.
TRACE::2025-08-25.12:04:31::SCWMssOS::Commit changes completed.
TRACE::2025-08-25.12:04:31::SCWPlatform::Trying to open the hw design at C:/Users/ilpes/Desktop/Antenne_e_clocks/McDMA_workspace/McDMA_v3_singlechDMA/hw/McDMA_v3.xsa
TRACE::2025-08-25.12:04:31::SCWPlatform::DSA given C:/Users/ilpes/Desktop/Antenne_e_clocks/McDMA_workspace/McDMA_v3_singlechDMA/hw/McDMA_v3.xsa
TRACE::2025-08-25.12:04:31::SCWPlatform::DSA absoulate path C:/Users/ilpes/Desktop/Antenne_e_clocks/McDMA_workspace/McDMA_v3_singlechDMA/hw/McDMA_v3.xsa
TRACE::2025-08-25.12:04:31::SCWPlatform::DSA directory C:/Users/ilpes/Desktop/Antenne_e_clocks/McDMA_workspace/McDMA_v3_singlechDMA/hw
TRACE::2025-08-25.12:04:31::SCWPlatform:: Platform Path C:/Users/ilpes/Desktop/Antenne_e_clocks/McDMA_workspace/McDMA_v3_singlechDMA/hw/McDMA_v3.xsa
TRACE::2025-08-25.12:04:31::SCWPlatform:: Unique name xilinx:cmod_a7-35t::0.0
TRACE::2025-08-25.12:04:31::SCWPlatform::Trying to set the existing hwdb with name user_35t_wrapper_0
TRACE::2025-08-25.12:04:31::SCWPlatform::Opened existing hwdb user_35t_wrapper_0
TRACE::2025-08-25.12:04:31::SCWPlatform::Found the Hw Db part of the input DSA
TRACE::2025-08-25.12:04:31::SCWMssOS::Checking the sw design at  C:/Users/ilpes/Desktop/Antenne_e_clocks/McDMA_workspace/McDMA_v3_singlechDMA/microblaze_0/standalone_domain/bsp/system.mss
TRACE::2025-08-25.12:04:31::SCWMssOS::DEBUG:  swdes dump  C:/Users/ilpes/Desktop/Antenne_e_clocks/McDMA_workspace/McDMA_v3_singlechDMA/microblaze_0/standalone_domain/bsp/system.mss|system||

TRACE::2025-08-25.12:04:31::SCWMssOS::Sw design exists and opened at  C:/Users/ilpes/Desktop/Antenne_e_clocks/McDMA_workspace/McDMA_v3_singlechDMA/microblaze_0/standalone_domain/bsp/system.mss
TRACE::2025-08-25.12:04:31::SCWWriter::formatted JSON is {
	"platformName":	"McDMA_v3_singlechDMA",
	"sprVersion":	"2.0",
	"mode":	"gui",
	"dsaType":	"Fixed",
	"platformDesc":	"McDMA_v3_singlechDMA",
	"platHandOff":	"C:/Users/ilpes/Desktop/INSEGNAMENTO/Didattica2023/McDMA/McDMA_v3/McDMA_v3.xsa",
	"platIntHandOff":	"<platformDir>/hw/McDMA_v3.xsa",
	"deviceType":	"FPGA",
	"platIsPrebuiltAutogen":	"false",
	"platIsNoBootBsp":	"false",
	"hasFsblMakeHasChanges":	"false",
	"hasPmufwMakeHasChanges":	"false",
	"platPreBuiltFlag":	false,
	"platformSamplesDir":	"",
	"platActiveSys":	"McDMA_v3_singlechDMA",
	"systems":	[{
			"systemName":	"McDMA_v3_singlechDMA",
			"systemDesc":	"McDMA_v3_singlechDMA",
			"sysIsBootAutoGen":	"true",
			"systemDispName":	"McDMA_v3_singlechDMA",
			"sysActiveDom":	"standalone_domain",
			"sysDefaultDom":	"standalone_domain",
			"domains":	[{
					"domainName":	"standalone_domain",
					"domainDispName":	"standalone on microblaze_0",
					"domainDesc":	"standalone_domain",
					"processors":	"microblaze_0",
					"os":	"standalone",
					"sdxOs":	"standalone",
					"debugEnable":	"False",
					"domRuntimes":	["cpp"],
					"swRepo":	"",
					"mssOsVer":	"7.3",
					"mssFile":	"",
					"md5Digest":	"8aa4a94eadc16cce49810be106498316",
					"compatibleApp":	"",
					"domType":	"mssDomain",
					"arch":	"32-bit",
					"appSettings":	{
						"appCompilerFlags":	"",
						"appLinkerFlags":	""
					},
					"addedLibs":	[],
					"libOptions":	{
						"libsContainingOptions":	[]
					},
					"prebuiltLibs":	{
						"prebuiltIncPath":	[],
						"prebuiltLibPath":	[]
					},
					"isolation":	{
					}
				}]
		}]
}
KEYINFO::2025-08-25.12:04:31::SCWPlatform::updated the xpfm file.
TRACE::2025-08-25.12:04:31::SCWPlatform::Trying to open the hw design at C:/Users/ilpes/Desktop/Antenne_e_clocks/McDMA_workspace/McDMA_v3_singlechDMA/hw/McDMA_v3.xsa
TRACE::2025-08-25.12:04:31::SCWPlatform::DSA given C:/Users/ilpes/Desktop/Antenne_e_clocks/McDMA_workspace/McDMA_v3_singlechDMA/hw/McDMA_v3.xsa
TRACE::2025-08-25.12:04:31::SCWPlatform::DSA absoulate path C:/Users/ilpes/Desktop/Antenne_e_clocks/McDMA_workspace/McDMA_v3_singlechDMA/hw/McDMA_v3.xsa
TRACE::2025-08-25.12:04:31::SCWPlatform::DSA directory C:/Users/ilpes/Desktop/Antenne_e_clocks/McDMA_workspace/McDMA_v3_singlechDMA/hw
TRACE::2025-08-25.12:04:31::SCWPlatform:: Platform Path C:/Users/ilpes/Desktop/Antenne_e_clocks/McDMA_workspace/McDMA_v3_singlechDMA/hw/McDMA_v3.xsa
TRACE::2025-08-25.12:04:31::SCWPlatform:: Unique name xilinx:cmod_a7-35t::0.0
TRACE::2025-08-25.12:04:31::SCWPlatform::Trying to set the existing hwdb with name user_35t_wrapper_0
TRACE::2025-08-25.12:04:31::SCWPlatform::Opened existing hwdb user_35t_wrapper_0
TRACE::2025-08-25.12:04:31::SCWPlatform::Found the Hw Db part of the input DSA
TRACE::2025-08-25.12:04:31::SCWMssOS::Checking the sw design at  C:/Users/ilpes/Desktop/Antenne_e_clocks/McDMA_workspace/McDMA_v3_singlechDMA/microblaze_0/standalone_domain/bsp/system.mss
TRACE::2025-08-25.12:04:31::SCWMssOS::DEBUG:  swdes dump  C:/Users/ilpes/Desktop/Antenne_e_clocks/McDMA_workspace/McDMA_v3_singlechDMA/microblaze_0/standalone_domain/bsp/system.mss|system||

TRACE::2025-08-25.12:04:31::SCWMssOS::Sw design exists and opened at  C:/Users/ilpes/Desktop/Antenne_e_clocks/McDMA_workspace/McDMA_v3_singlechDMA/microblaze_0/standalone_domain/bsp/system.mss
TRACE::2025-08-26.11:11:45::SCWPlatform::Trying to open the hw design at C:/Users/ilpes/Desktop/Antenne_e_clocks/McDMA_workspace/McDMA_v3_singlechDMA/hw/McDMA_v3.xsa
TRACE::2025-08-26.11:11:45::SCWPlatform::DSA given C:/Users/ilpes/Desktop/Antenne_e_clocks/McDMA_workspace/McDMA_v3_singlechDMA/hw/McDMA_v3.xsa
TRACE::2025-08-26.11:11:45::SCWPlatform::DSA absoulate path C:/Users/ilpes/Desktop/Antenne_e_clocks/McDMA_workspace/McDMA_v3_singlechDMA/hw/McDMA_v3.xsa
TRACE::2025-08-26.11:11:52::SCWPlatform::DSA directory C:/Users/ilpes/Desktop/Antenne_e_clocks/McDMA_workspace/McDMA_v3_singlechDMA/hw
TRACE::2025-08-26.11:11:52::SCWPlatform:: Platform Path C:/Users/ilpes/Desktop/Antenne_e_clocks/McDMA_workspace/McDMA_v3_singlechDMA/hw/McDMA_v3.xsa
TRACE::2025-08-26.11:11:52::SCWPlatform:: Unique name xilinx:cmod_a7-35t::0.0
TRACE::2025-08-26.11:11:52::SCWPlatform::Do not have an existing db opened. 
TRACE::2025-08-26.11:11:55::SCWPlatform::Opened new HwDB with name user_35t_wrapper_1
TRACE::2025-08-26.11:11:55::SCWReader::Active system found as  McDMA_v3_singlechDMA
TRACE::2025-08-26.11:11:55::SCWReader::Handling sysconfig McDMA_v3_singlechDMA
TRACE::2025-08-26.11:11:55::SCWDomain::checking for install qemu data   : 
TRACE::2025-08-26.11:11:55::SCWPlatform::Trying to open the hw design at C:/Users/ilpes/Desktop/Antenne_e_clocks/McDMA_workspace/McDMA_v3_singlechDMA/hw/McDMA_v3.xsa
TRACE::2025-08-26.11:11:55::SCWPlatform::DSA given C:/Users/ilpes/Desktop/Antenne_e_clocks/McDMA_workspace/McDMA_v3_singlechDMA/hw/McDMA_v3.xsa
TRACE::2025-08-26.11:11:55::SCWPlatform::DSA absoulate path C:/Users/ilpes/Desktop/Antenne_e_clocks/McDMA_workspace/McDMA_v3_singlechDMA/hw/McDMA_v3.xsa
TRACE::2025-08-26.11:11:55::SCWPlatform::DSA directory C:/Users/ilpes/Desktop/Antenne_e_clocks/McDMA_workspace/McDMA_v3_singlechDMA/hw
TRACE::2025-08-26.11:11:55::SCWPlatform:: Platform Path C:/Users/ilpes/Desktop/Antenne_e_clocks/McDMA_workspace/McDMA_v3_singlechDMA/hw/McDMA_v3.xsa
TRACE::2025-08-26.11:11:55::SCWPlatform:: Unique name xilinx:cmod_a7-35t::0.0
TRACE::2025-08-26.11:11:55::SCWPlatform::Trying to set the existing hwdb with name user_35t_wrapper_1
TRACE::2025-08-26.11:11:55::SCWPlatform::Opened existing hwdb user_35t_wrapper_1
TRACE::2025-08-26.11:11:55::SCWPlatform::Found the Hw Db part of the input DSA
TRACE::2025-08-26.11:11:55::SCWPlatform::Trying to open the hw design at C:/Users/ilpes/Desktop/Antenne_e_clocks/McDMA_workspace/McDMA_v3_singlechDMA/hw/McDMA_v3.xsa
TRACE::2025-08-26.11:11:55::SCWPlatform::DSA given C:/Users/ilpes/Desktop/Antenne_e_clocks/McDMA_workspace/McDMA_v3_singlechDMA/hw/McDMA_v3.xsa
TRACE::2025-08-26.11:11:55::SCWPlatform::DSA absoulate path C:/Users/ilpes/Desktop/Antenne_e_clocks/McDMA_workspace/McDMA_v3_singlechDMA/hw/McDMA_v3.xsa
TRACE::2025-08-26.11:11:55::SCWPlatform::DSA directory C:/Users/ilpes/Desktop/Antenne_e_clocks/McDMA_workspace/McDMA_v3_singlechDMA/hw
TRACE::2025-08-26.11:11:55::SCWPlatform:: Platform Path C:/Users/ilpes/Desktop/Antenne_e_clocks/McDMA_workspace/McDMA_v3_singlechDMA/hw/McDMA_v3.xsa
TRACE::2025-08-26.11:11:55::SCWPlatform:: Unique name xilinx:cmod_a7-35t::0.0
TRACE::2025-08-26.11:11:55::SCWPlatform::Trying to set the existing hwdb with name user_35t_wrapper_1
TRACE::2025-08-26.11:11:55::SCWPlatform::Opened existing hwdb user_35t_wrapper_1
TRACE::2025-08-26.11:11:55::SCWPlatform::Found the Hw Db part of the input DSA
TRACE::2025-08-26.11:11:55::SCWPlatform::Trying to open the hw design at C:/Users/ilpes/Desktop/Antenne_e_clocks/McDMA_workspace/McDMA_v3_singlechDMA/hw/McDMA_v3.xsa
TRACE::2025-08-26.11:11:55::SCWPlatform::DSA given C:/Users/ilpes/Desktop/Antenne_e_clocks/McDMA_workspace/McDMA_v3_singlechDMA/hw/McDMA_v3.xsa
TRACE::2025-08-26.11:11:55::SCWPlatform::DSA absoulate path C:/Users/ilpes/Desktop/Antenne_e_clocks/McDMA_workspace/McDMA_v3_singlechDMA/hw/McDMA_v3.xsa
TRACE::2025-08-26.11:11:55::SCWPlatform::DSA directory C:/Users/ilpes/Desktop/Antenne_e_clocks/McDMA_workspace/McDMA_v3_singlechDMA/hw
TRACE::2025-08-26.11:11:55::SCWPlatform:: Platform Path C:/Users/ilpes/Desktop/Antenne_e_clocks/McDMA_workspace/McDMA_v3_singlechDMA/hw/McDMA_v3.xsa
TRACE::2025-08-26.11:11:55::SCWPlatform:: Unique name xilinx:cmod_a7-35t::0.0
TRACE::2025-08-26.11:11:55::SCWPlatform::Trying to set the existing hwdb with name user_35t_wrapper_1
TRACE::2025-08-26.11:11:55::SCWPlatform::Opened existing hwdb user_35t_wrapper_1
TRACE::2025-08-26.11:11:55::SCWPlatform::Found the Hw Db part of the input DSA
TRACE::2025-08-26.11:11:55::SCWPlatform::Trying to open the hw design at C:/Users/ilpes/Desktop/Antenne_e_clocks/McDMA_workspace/McDMA_v3_singlechDMA/hw/McDMA_v3.xsa
TRACE::2025-08-26.11:11:55::SCWPlatform::DSA given C:/Users/ilpes/Desktop/Antenne_e_clocks/McDMA_workspace/McDMA_v3_singlechDMA/hw/McDMA_v3.xsa
TRACE::2025-08-26.11:11:55::SCWPlatform::DSA absoulate path C:/Users/ilpes/Desktop/Antenne_e_clocks/McDMA_workspace/McDMA_v3_singlechDMA/hw/McDMA_v3.xsa
TRACE::2025-08-26.11:11:55::SCWPlatform::DSA directory C:/Users/ilpes/Desktop/Antenne_e_clocks/McDMA_workspace/McDMA_v3_singlechDMA/hw
TRACE::2025-08-26.11:11:55::SCWPlatform:: Platform Path C:/Users/ilpes/Desktop/Antenne_e_clocks/McDMA_workspace/McDMA_v3_singlechDMA/hw/McDMA_v3.xsa
TRACE::2025-08-26.11:11:55::SCWPlatform:: Unique name xilinx:cmod_a7-35t::0.0
TRACE::2025-08-26.11:11:55::SCWPlatform::Trying to set the existing hwdb with name user_35t_wrapper_1
TRACE::2025-08-26.11:11:55::SCWPlatform::Opened existing hwdb user_35t_wrapper_1
TRACE::2025-08-26.11:11:55::SCWPlatform::Found the Hw Db part of the input DSA
TRACE::2025-08-26.11:11:55::SCWMssOS::Checking the sw design at  C:/Users/ilpes/Desktop/Antenne_e_clocks/McDMA_workspace/McDMA_v3_singlechDMA/microblaze_0/standalone_domain/bsp/system.mss
TRACE::2025-08-26.11:11:55::SCWMssOS::DEBUG:  swdes dump  
TRACE::2025-08-26.11:11:55::SCWMssOS::No sw design opened at  C:/Users/ilpes/Desktop/Antenne_e_clocks/McDMA_workspace/McDMA_v3_singlechDMA/microblaze_0/standalone_domain/bsp/system.mss
TRACE::2025-08-26.11:11:55::SCWMssOS::mss exists loading the mss file  C:/Users/ilpes/Desktop/Antenne_e_clocks/McDMA_workspace/McDMA_v3_singlechDMA/microblaze_0/standalone_domain/bsp/system.mss
TRACE::2025-08-26.11:11:55::SCWMssOS::Opened the sw design from mss  C:/Users/ilpes/Desktop/Antenne_e_clocks/McDMA_workspace/McDMA_v3_singlechDMA/microblaze_0/standalone_domain/bsp/system.mss
TRACE::2025-08-26.11:11:55::SCWMssOS::Adding the swdes entry C:/Users/ilpes/Desktop/Antenne_e_clocks/McDMA_workspace/McDMA_v3_singlechDMA/microblaze_0/standalone_domain/bsp/system.mss with des name system
TRACE::2025-08-26.11:11:55::SCWMssOS::updating the scw layer about changes
TRACE::2025-08-26.11:11:55::SCWMssOS::Opened the sw design.  C:/Users/ilpes/Desktop/Antenne_e_clocks/McDMA_workspace/McDMA_v3_singlechDMA/microblaze_0/standalone_domain/bsp/system.mss
TRACE::2025-08-26.11:11:55::SCWMssOS::Saving the mss changes C:/Users/ilpes/Desktop/Antenne_e_clocks/McDMA_workspace/McDMA_v3_singlechDMA/microblaze_0/standalone_domain/bsp/system.mss
TRACE::2025-08-26.11:11:55::SCWMssOS::Found a swdesign opened with the mssfile.
TRACE::2025-08-26.11:11:55::SCWMssOS::Completed writemss as part of save.
TRACE::2025-08-26.11:11:55::SCWMssOS::Commit changes completed.
TRACE::2025-08-26.11:11:55::SCWReader::Adding prebuilt librarypaths as   
TRACE::2025-08-26.11:11:55::SCWReader::Adding prebuilt incpaths  as   
TRACE::2025-08-26.11:11:55::SCWPlatform::Trying to open the hw design at C:/Users/ilpes/Desktop/Antenne_e_clocks/McDMA_workspace/McDMA_v3_singlechDMA/hw/McDMA_v3.xsa
TRACE::2025-08-26.11:11:55::SCWPlatform::DSA given C:/Users/ilpes/Desktop/Antenne_e_clocks/McDMA_workspace/McDMA_v3_singlechDMA/hw/McDMA_v3.xsa
TRACE::2025-08-26.11:11:55::SCWPlatform::DSA absoulate path C:/Users/ilpes/Desktop/Antenne_e_clocks/McDMA_workspace/McDMA_v3_singlechDMA/hw/McDMA_v3.xsa
TRACE::2025-08-26.11:11:55::SCWPlatform::DSA directory C:/Users/ilpes/Desktop/Antenne_e_clocks/McDMA_workspace/McDMA_v3_singlechDMA/hw
TRACE::2025-08-26.11:11:55::SCWPlatform:: Platform Path C:/Users/ilpes/Desktop/Antenne_e_clocks/McDMA_workspace/McDMA_v3_singlechDMA/hw/McDMA_v3.xsa
TRACE::2025-08-26.11:11:55::SCWPlatform:: Unique name xilinx:cmod_a7-35t::0.0
TRACE::2025-08-26.11:11:55::SCWPlatform::Trying to set the existing hwdb with name user_35t_wrapper_1
TRACE::2025-08-26.11:11:55::SCWPlatform::Opened existing hwdb user_35t_wrapper_1
TRACE::2025-08-26.11:11:55::SCWPlatform::Found the Hw Db part of the input DSA
TRACE::2025-08-26.11:11:55::SCWMssOS::Checking the sw design at  C:/Users/ilpes/Desktop/Antenne_e_clocks/McDMA_workspace/McDMA_v3_singlechDMA/microblaze_0/standalone_domain/bsp/system.mss
TRACE::2025-08-26.11:11:55::SCWMssOS::DEBUG:  swdes dump  C:/Users/ilpes/Desktop/Antenne_e_clocks/McDMA_workspace/McDMA_v3_singlechDMA/microblaze_0/standalone_domain/bsp/system.mss|system||

TRACE::2025-08-26.11:11:55::SCWMssOS::Sw design exists and opened at  C:/Users/ilpes/Desktop/Antenne_e_clocks/McDMA_workspace/McDMA_v3_singlechDMA/microblaze_0/standalone_domain/bsp/system.mss
TRACE::2025-08-26.11:11:55::SCWReader::No isolation master present  
LOG::2025-08-26.11:11:55::SCWPlatform::Started generating the artifacts platform McDMA_v3_singlechDMA
TRACE::2025-08-26.11:11:55::SCWPlatform::Sanity checking of platform is completed
LOG::2025-08-26.11:11:55::SCWPlatform::Started generating the artifacts for system configuration McDMA_v3_singlechDMA
LOG::2025-08-26.11:11:55::SCWSystem::Checking the domain standalone_domain
LOG::2025-08-26.11:11:55::SCWSystem::Not a boot domain 
LOG::2025-08-26.11:11:55::SCWSystem::Started Processing the domain standalone_domain
TRACE::2025-08-26.11:11:55::SCWDomain::Generating domain artifcats
TRACE::2025-08-26.11:11:55::SCWMssOS::Generating standalone artifcats
TRACE::2025-08-26.11:11:55::SCWMssOS:: Copying the user libraries. 
TRACE::2025-08-26.11:11:55::SCWPlatform::Trying to open the hw design at C:/Users/ilpes/Desktop/Antenne_e_clocks/McDMA_workspace/McDMA_v3_singlechDMA/hw/McDMA_v3.xsa
TRACE::2025-08-26.11:11:55::SCWPlatform::DSA given C:/Users/ilpes/Desktop/Antenne_e_clocks/McDMA_workspace/McDMA_v3_singlechDMA/hw/McDMA_v3.xsa
TRACE::2025-08-26.11:11:55::SCWPlatform::DSA absoulate path C:/Users/ilpes/Desktop/Antenne_e_clocks/McDMA_workspace/McDMA_v3_singlechDMA/hw/McDMA_v3.xsa
TRACE::2025-08-26.11:11:55::SCWPlatform::DSA directory C:/Users/ilpes/Desktop/Antenne_e_clocks/McDMA_workspace/McDMA_v3_singlechDMA/hw
TRACE::2025-08-26.11:11:55::SCWPlatform:: Platform Path C:/Users/ilpes/Desktop/Antenne_e_clocks/McDMA_workspace/McDMA_v3_singlechDMA/hw/McDMA_v3.xsa
TRACE::2025-08-26.11:11:55::SCWPlatform:: Unique name xilinx:cmod_a7-35t::0.0
TRACE::2025-08-26.11:11:55::SCWPlatform::Trying to set the existing hwdb with name user_35t_wrapper_1
TRACE::2025-08-26.11:11:55::SCWPlatform::Opened existing hwdb user_35t_wrapper_1
TRACE::2025-08-26.11:11:55::SCWPlatform::Found the Hw Db part of the input DSA
TRACE::2025-08-26.11:11:55::SCWMssOS::Checking the sw design at  C:/Users/ilpes/Desktop/Antenne_e_clocks/McDMA_workspace/McDMA_v3_singlechDMA/microblaze_0/standalone_domain/bsp/system.mss
TRACE::2025-08-26.11:11:55::SCWMssOS::DEBUG:  swdes dump  C:/Users/ilpes/Desktop/Antenne_e_clocks/McDMA_workspace/McDMA_v3_singlechDMA/microblaze_0/standalone_domain/bsp/system.mss|system||

TRACE::2025-08-26.11:11:55::SCWMssOS::Sw design exists and opened at  C:/Users/ilpes/Desktop/Antenne_e_clocks/McDMA_workspace/McDMA_v3_singlechDMA/microblaze_0/standalone_domain/bsp/system.mss
TRACE::2025-08-26.11:11:55::SCWMssOS::Completed writing the mss file at C:/Users/ilpes/Desktop/Antenne_e_clocks/McDMA_workspace/McDMA_v3_singlechDMA/microblaze_0/standalone_domain/bsp
TRACE::2025-08-26.11:11:55::SCWMssOS::Mss edits present, copying mssfile into export location C:/Users/ilpes/Desktop/Antenne_e_clocks/McDMA_workspace/McDMA_v3_singlechDMA/microblaze_0/standalone_domain/bsp/system.mss
TRACE::2025-08-26.11:11:55::SCWMssOS::bsp generated is upto date with the mss file. Skipping bsp generation.
TRACE::2025-08-26.11:11:55::SCWMssOS::BSP is already built. skipping the bsp build ... 
TRACE::2025-08-26.11:11:55::SCWDomain::Skipping the build for domain :  standalone_domain
TRACE::2025-08-26.11:11:55::SCWMssOS::skipping the bsp build ... 
TRACE::2025-08-26.11:11:55::SCWMssOS::Copying to export directory.
TRACE::2025-08-26.11:11:56::SCWMssOS:: Checking if to create the Supporting Applications
TRACE::2025-08-26.11:11:56::SCWMssOS:: No Linux domain exists, trying to generate FSBL 
LOG::2025-08-26.11:11:56::SCWSystem::Completed Processing the domain standalone_domain
LOG::2025-08-26.11:11:56::SCWSystem::Completed Processing the sysconfig McDMA_v3_singlechDMA
LOG::2025-08-26.11:11:56::SCWPlatform::Completed generating the artifacts for system configuration McDMA_v3_singlechDMA
TRACE::2025-08-26.11:11:56::SCWPlatform::Started preparing the platform 
TRACE::2025-08-26.11:11:56::SCWSystem::Writing the bif file for system config McDMA_v3_singlechDMA
TRACE::2025-08-26.11:11:56::SCWSystem::dir created 
TRACE::2025-08-26.11:11:56::SCWSystem::Writing the bif 
TRACE::2025-08-26.11:11:56::SCWPlatform::Started writing the spfm file 
TRACE::2025-08-26.11:11:56::SCWPlatform::Started writing the xpfm file 
TRACE::2025-08-26.11:11:56::SCWPlatform::Completed generating the platform
TRACE::2025-08-26.11:11:56::SCWMssOS::Saving the mss changes C:/Users/ilpes/Desktop/Antenne_e_clocks/McDMA_workspace/McDMA_v3_singlechDMA/microblaze_0/standalone_domain/bsp/system.mss
TRACE::2025-08-26.11:11:56::SCWMssOS::Found a swdesign opened with the mssfile.
TRACE::2025-08-26.11:11:56::SCWMssOS::Completed writemss as part of save.
TRACE::2025-08-26.11:11:56::SCWMssOS::Commit changes completed.
TRACE::2025-08-26.11:11:56::SCWPlatform::Trying to open the hw design at C:/Users/ilpes/Desktop/Antenne_e_clocks/McDMA_workspace/McDMA_v3_singlechDMA/hw/McDMA_v3.xsa
TRACE::2025-08-26.11:11:56::SCWPlatform::DSA given C:/Users/ilpes/Desktop/Antenne_e_clocks/McDMA_workspace/McDMA_v3_singlechDMA/hw/McDMA_v3.xsa
TRACE::2025-08-26.11:11:56::SCWPlatform::DSA absoulate path C:/Users/ilpes/Desktop/Antenne_e_clocks/McDMA_workspace/McDMA_v3_singlechDMA/hw/McDMA_v3.xsa
TRACE::2025-08-26.11:11:56::SCWPlatform::DSA directory C:/Users/ilpes/Desktop/Antenne_e_clocks/McDMA_workspace/McDMA_v3_singlechDMA/hw
TRACE::2025-08-26.11:11:56::SCWPlatform:: Platform Path C:/Users/ilpes/Desktop/Antenne_e_clocks/McDMA_workspace/McDMA_v3_singlechDMA/hw/McDMA_v3.xsa
TRACE::2025-08-26.11:11:56::SCWPlatform:: Unique name xilinx:cmod_a7-35t::0.0
TRACE::2025-08-26.11:11:56::SCWPlatform::Trying to set the existing hwdb with name user_35t_wrapper_1
TRACE::2025-08-26.11:11:56::SCWPlatform::Opened existing hwdb user_35t_wrapper_1
TRACE::2025-08-26.11:11:56::SCWPlatform::Found the Hw Db part of the input DSA
TRACE::2025-08-26.11:11:56::SCWMssOS::Checking the sw design at  C:/Users/ilpes/Desktop/Antenne_e_clocks/McDMA_workspace/McDMA_v3_singlechDMA/microblaze_0/standalone_domain/bsp/system.mss
TRACE::2025-08-26.11:11:56::SCWMssOS::DEBUG:  swdes dump  C:/Users/ilpes/Desktop/Antenne_e_clocks/McDMA_workspace/McDMA_v3_singlechDMA/microblaze_0/standalone_domain/bsp/system.mss|system||

TRACE::2025-08-26.11:11:56::SCWMssOS::Sw design exists and opened at  C:/Users/ilpes/Desktop/Antenne_e_clocks/McDMA_workspace/McDMA_v3_singlechDMA/microblaze_0/standalone_domain/bsp/system.mss
TRACE::2025-08-26.11:11:56::SCWWriter::formatted JSON is {
	"platformName":	"McDMA_v3_singlechDMA",
	"sprVersion":	"2.0",
	"mode":	"gui",
	"dsaType":	"Fixed",
	"platformDesc":	"McDMA_v3_singlechDMA",
	"platHandOff":	"C:/Users/ilpes/Desktop/INSEGNAMENTO/Didattica2023/McDMA/McDMA_v3/McDMA_v3.xsa",
	"platIntHandOff":	"<platformDir>/hw/McDMA_v3.xsa",
	"deviceType":	"FPGA",
	"platIsPrebuiltAutogen":	"false",
	"platIsNoBootBsp":	"false",
	"hasFsblMakeHasChanges":	"false",
	"hasPmufwMakeHasChanges":	"false",
	"platPreBuiltFlag":	false,
	"platformSamplesDir":	"",
	"platActiveSys":	"McDMA_v3_singlechDMA",
	"systems":	[{
			"systemName":	"McDMA_v3_singlechDMA",
			"systemDesc":	"McDMA_v3_singlechDMA",
			"sysIsBootAutoGen":	"true",
			"systemDispName":	"McDMA_v3_singlechDMA",
			"sysActiveDom":	"standalone_domain",
			"sysDefaultDom":	"standalone_domain",
			"domains":	[{
					"domainName":	"standalone_domain",
					"domainDispName":	"standalone on microblaze_0",
					"domainDesc":	"standalone_domain",
					"processors":	"microblaze_0",
					"os":	"standalone",
					"sdxOs":	"standalone",
					"debugEnable":	"False",
					"domRuntimes":	["cpp"],
					"swRepo":	"",
					"mssOsVer":	"7.3",
					"mssFile":	"",
					"md5Digest":	"8aa4a94eadc16cce49810be106498316",
					"compatibleApp":	"",
					"domType":	"mssDomain",
					"arch":	"32-bit",
					"appSettings":	{
						"appCompilerFlags":	"",
						"appLinkerFlags":	""
					},
					"addedLibs":	[],
					"libOptions":	{
						"libsContainingOptions":	[]
					},
					"prebuiltLibs":	{
						"prebuiltIncPath":	[],
						"prebuiltLibPath":	[]
					},
					"isolation":	{
					}
				}]
		}]
}
KEYINFO::2025-08-26.11:11:56::SCWPlatform::updated the xpfm file.
TRACE::2025-08-26.11:11:57::SCWPlatform::Trying to open the hw design at C:/Users/ilpes/Desktop/Antenne_e_clocks/McDMA_workspace/McDMA_v3_singlechDMA/hw/McDMA_v3.xsa
TRACE::2025-08-26.11:11:57::SCWPlatform::DSA given C:/Users/ilpes/Desktop/Antenne_e_clocks/McDMA_workspace/McDMA_v3_singlechDMA/hw/McDMA_v3.xsa
TRACE::2025-08-26.11:11:57::SCWPlatform::DSA absoulate path C:/Users/ilpes/Desktop/Antenne_e_clocks/McDMA_workspace/McDMA_v3_singlechDMA/hw/McDMA_v3.xsa
TRACE::2025-08-26.11:11:57::SCWPlatform::DSA directory C:/Users/ilpes/Desktop/Antenne_e_clocks/McDMA_workspace/McDMA_v3_singlechDMA/hw
TRACE::2025-08-26.11:11:57::SCWPlatform:: Platform Path C:/Users/ilpes/Desktop/Antenne_e_clocks/McDMA_workspace/McDMA_v3_singlechDMA/hw/McDMA_v3.xsa
TRACE::2025-08-26.11:11:57::SCWPlatform:: Unique name xilinx:cmod_a7-35t::0.0
TRACE::2025-08-26.11:11:57::SCWPlatform::Trying to set the existing hwdb with name user_35t_wrapper_1
TRACE::2025-08-26.11:11:57::SCWPlatform::Opened existing hwdb user_35t_wrapper_1
TRACE::2025-08-26.11:11:57::SCWPlatform::Found the Hw Db part of the input DSA
TRACE::2025-08-26.11:11:57::SCWMssOS::Checking the sw design at  C:/Users/ilpes/Desktop/Antenne_e_clocks/McDMA_workspace/McDMA_v3_singlechDMA/microblaze_0/standalone_domain/bsp/system.mss
TRACE::2025-08-26.11:11:57::SCWMssOS::DEBUG:  swdes dump  C:/Users/ilpes/Desktop/Antenne_e_clocks/McDMA_workspace/McDMA_v3_singlechDMA/microblaze_0/standalone_domain/bsp/system.mss|system||

TRACE::2025-08-26.11:11:57::SCWMssOS::Sw design exists and opened at  C:/Users/ilpes/Desktop/Antenne_e_clocks/McDMA_workspace/McDMA_v3_singlechDMA/microblaze_0/standalone_domain/bsp/system.mss
TRACE::2025-08-26.13:14:00::SCWPlatform::Trying to open the hw design at C:/Users/ilpes/Desktop/Antenne_e_clocks/McDMA_workspace/McDMA_v3_singlechDMA/hw/McDMA_v3.xsa
TRACE::2025-08-26.13:14:00::SCWPlatform::DSA given C:/Users/ilpes/Desktop/Antenne_e_clocks/McDMA_workspace/McDMA_v3_singlechDMA/hw/McDMA_v3.xsa
TRACE::2025-08-26.13:14:00::SCWPlatform::DSA absoulate path C:/Users/ilpes/Desktop/Antenne_e_clocks/McDMA_workspace/McDMA_v3_singlechDMA/hw/McDMA_v3.xsa
TRACE::2025-08-26.13:14:02::SCWPlatform::DSA directory C:/Users/ilpes/Desktop/Antenne_e_clocks/McDMA_workspace/McDMA_v3_singlechDMA/hw
TRACE::2025-08-26.13:14:02::SCWPlatform:: Platform Path C:/Users/ilpes/Desktop/Antenne_e_clocks/McDMA_workspace/McDMA_v3_singlechDMA/hw/McDMA_v3.xsa
TRACE::2025-08-26.13:14:02::SCWPlatform:: Unique name xilinx:cmod_a7-35t::0.0
TRACE::2025-08-26.13:14:02::SCWPlatform::Do not have an existing db opened. 
TRACE::2025-08-26.13:14:03::SCWPlatform::Opened new HwDB with name user_35t_wrapper
TRACE::2025-08-26.13:14:03::SCWReader::Active system found as  McDMA_v3_singlechDMA
TRACE::2025-08-26.13:14:03::SCWReader::Handling sysconfig McDMA_v3_singlechDMA
TRACE::2025-08-26.13:14:03::SCWDomain::checking for install qemu data   : 
TRACE::2025-08-26.13:14:03::SCWPlatform::Trying to open the hw design at C:/Users/ilpes/Desktop/Antenne_e_clocks/McDMA_workspace/McDMA_v3_singlechDMA/hw/McDMA_v3.xsa
TRACE::2025-08-26.13:14:03::SCWPlatform::DSA given C:/Users/ilpes/Desktop/Antenne_e_clocks/McDMA_workspace/McDMA_v3_singlechDMA/hw/McDMA_v3.xsa
TRACE::2025-08-26.13:14:03::SCWPlatform::DSA absoulate path C:/Users/ilpes/Desktop/Antenne_e_clocks/McDMA_workspace/McDMA_v3_singlechDMA/hw/McDMA_v3.xsa
TRACE::2025-08-26.13:14:03::SCWPlatform::DSA directory C:/Users/ilpes/Desktop/Antenne_e_clocks/McDMA_workspace/McDMA_v3_singlechDMA/hw
TRACE::2025-08-26.13:14:03::SCWPlatform:: Platform Path C:/Users/ilpes/Desktop/Antenne_e_clocks/McDMA_workspace/McDMA_v3_singlechDMA/hw/McDMA_v3.xsa
TRACE::2025-08-26.13:14:03::SCWPlatform:: Unique name xilinx:cmod_a7-35t::0.0
TRACE::2025-08-26.13:14:03::SCWPlatform::Trying to set the existing hwdb with name user_35t_wrapper
TRACE::2025-08-26.13:14:03::SCWPlatform::Opened existing hwdb user_35t_wrapper
TRACE::2025-08-26.13:14:03::SCWPlatform::Found the Hw Db part of the input DSA
TRACE::2025-08-26.13:14:03::SCWPlatform::Trying to open the hw design at C:/Users/ilpes/Desktop/Antenne_e_clocks/McDMA_workspace/McDMA_v3_singlechDMA/hw/McDMA_v3.xsa
TRACE::2025-08-26.13:14:03::SCWPlatform::DSA given C:/Users/ilpes/Desktop/Antenne_e_clocks/McDMA_workspace/McDMA_v3_singlechDMA/hw/McDMA_v3.xsa
TRACE::2025-08-26.13:14:03::SCWPlatform::DSA absoulate path C:/Users/ilpes/Desktop/Antenne_e_clocks/McDMA_workspace/McDMA_v3_singlechDMA/hw/McDMA_v3.xsa
TRACE::2025-08-26.13:14:03::SCWPlatform::DSA directory C:/Users/ilpes/Desktop/Antenne_e_clocks/McDMA_workspace/McDMA_v3_singlechDMA/hw
TRACE::2025-08-26.13:14:03::SCWPlatform:: Platform Path C:/Users/ilpes/Desktop/Antenne_e_clocks/McDMA_workspace/McDMA_v3_singlechDMA/hw/McDMA_v3.xsa
TRACE::2025-08-26.13:14:03::SCWPlatform:: Unique name xilinx:cmod_a7-35t::0.0
TRACE::2025-08-26.13:14:03::SCWPlatform::Trying to set the existing hwdb with name user_35t_wrapper
TRACE::2025-08-26.13:14:03::SCWPlatform::Opened existing hwdb user_35t_wrapper
TRACE::2025-08-26.13:14:03::SCWPlatform::Found the Hw Db part of the input DSA
TRACE::2025-08-26.13:14:03::SCWPlatform::Trying to open the hw design at C:/Users/ilpes/Desktop/Antenne_e_clocks/McDMA_workspace/McDMA_v3_singlechDMA/hw/McDMA_v3.xsa
TRACE::2025-08-26.13:14:03::SCWPlatform::DSA given C:/Users/ilpes/Desktop/Antenne_e_clocks/McDMA_workspace/McDMA_v3_singlechDMA/hw/McDMA_v3.xsa
TRACE::2025-08-26.13:14:03::SCWPlatform::DSA absoulate path C:/Users/ilpes/Desktop/Antenne_e_clocks/McDMA_workspace/McDMA_v3_singlechDMA/hw/McDMA_v3.xsa
TRACE::2025-08-26.13:14:03::SCWPlatform::DSA directory C:/Users/ilpes/Desktop/Antenne_e_clocks/McDMA_workspace/McDMA_v3_singlechDMA/hw
TRACE::2025-08-26.13:14:03::SCWPlatform:: Platform Path C:/Users/ilpes/Desktop/Antenne_e_clocks/McDMA_workspace/McDMA_v3_singlechDMA/hw/McDMA_v3.xsa
TRACE::2025-08-26.13:14:03::SCWPlatform:: Unique name xilinx:cmod_a7-35t::0.0
TRACE::2025-08-26.13:14:03::SCWPlatform::Trying to set the existing hwdb with name user_35t_wrapper
TRACE::2025-08-26.13:14:03::SCWPlatform::Opened existing hwdb user_35t_wrapper
TRACE::2025-08-26.13:14:03::SCWPlatform::Found the Hw Db part of the input DSA
TRACE::2025-08-26.13:14:03::SCWPlatform::Trying to open the hw design at C:/Users/ilpes/Desktop/Antenne_e_clocks/McDMA_workspace/McDMA_v3_singlechDMA/hw/McDMA_v3.xsa
TRACE::2025-08-26.13:14:03::SCWPlatform::DSA given C:/Users/ilpes/Desktop/Antenne_e_clocks/McDMA_workspace/McDMA_v3_singlechDMA/hw/McDMA_v3.xsa
TRACE::2025-08-26.13:14:03::SCWPlatform::DSA absoulate path C:/Users/ilpes/Desktop/Antenne_e_clocks/McDMA_workspace/McDMA_v3_singlechDMA/hw/McDMA_v3.xsa
TRACE::2025-08-26.13:14:03::SCWPlatform::DSA directory C:/Users/ilpes/Desktop/Antenne_e_clocks/McDMA_workspace/McDMA_v3_singlechDMA/hw
TRACE::2025-08-26.13:14:03::SCWPlatform:: Platform Path C:/Users/ilpes/Desktop/Antenne_e_clocks/McDMA_workspace/McDMA_v3_singlechDMA/hw/McDMA_v3.xsa
TRACE::2025-08-26.13:14:03::SCWPlatform:: Unique name xilinx:cmod_a7-35t::0.0
TRACE::2025-08-26.13:14:03::SCWPlatform::Trying to set the existing hwdb with name user_35t_wrapper
TRACE::2025-08-26.13:14:03::SCWPlatform::Opened existing hwdb user_35t_wrapper
TRACE::2025-08-26.13:14:03::SCWPlatform::Found the Hw Db part of the input DSA
TRACE::2025-08-26.13:14:03::SCWMssOS::Checking the sw design at  C:/Users/ilpes/Desktop/Antenne_e_clocks/McDMA_workspace/McDMA_v3_singlechDMA/microblaze_0/standalone_domain/bsp/system.mss
TRACE::2025-08-26.13:14:03::SCWMssOS::DEBUG:  swdes dump  
TRACE::2025-08-26.13:14:03::SCWMssOS::No sw design opened at  C:/Users/ilpes/Desktop/Antenne_e_clocks/McDMA_workspace/McDMA_v3_singlechDMA/microblaze_0/standalone_domain/bsp/system.mss
TRACE::2025-08-26.13:14:03::SCWMssOS::mss exists loading the mss file  C:/Users/ilpes/Desktop/Antenne_e_clocks/McDMA_workspace/McDMA_v3_singlechDMA/microblaze_0/standalone_domain/bsp/system.mss
TRACE::2025-08-26.13:14:03::SCWMssOS::Opened the sw design from mss  C:/Users/ilpes/Desktop/Antenne_e_clocks/McDMA_workspace/McDMA_v3_singlechDMA/microblaze_0/standalone_domain/bsp/system.mss
TRACE::2025-08-26.13:14:03::SCWMssOS::Adding the swdes entry C:/Users/ilpes/Desktop/Antenne_e_clocks/McDMA_workspace/McDMA_v3_singlechDMA/microblaze_0/standalone_domain/bsp/system.mss with des name system
TRACE::2025-08-26.13:14:03::SCWMssOS::updating the scw layer about changes
TRACE::2025-08-26.13:14:03::SCWMssOS::Opened the sw design.  C:/Users/ilpes/Desktop/Antenne_e_clocks/McDMA_workspace/McDMA_v3_singlechDMA/microblaze_0/standalone_domain/bsp/system.mss
TRACE::2025-08-26.13:14:03::SCWMssOS::Saving the mss changes C:/Users/ilpes/Desktop/Antenne_e_clocks/McDMA_workspace/McDMA_v3_singlechDMA/microblaze_0/standalone_domain/bsp/system.mss
TRACE::2025-08-26.13:14:03::SCWMssOS::Found a swdesign opened with the mssfile.
TRACE::2025-08-26.13:14:03::SCWMssOS::Completed writemss as part of save.
TRACE::2025-08-26.13:14:03::SCWMssOS::Commit changes completed.
TRACE::2025-08-26.13:14:03::SCWReader::Adding prebuilt librarypaths as   
TRACE::2025-08-26.13:14:03::SCWReader::Adding prebuilt incpaths  as   
TRACE::2025-08-26.13:14:03::SCWPlatform::Trying to open the hw design at C:/Users/ilpes/Desktop/Antenne_e_clocks/McDMA_workspace/McDMA_v3_singlechDMA/hw/McDMA_v3.xsa
TRACE::2025-08-26.13:14:03::SCWPlatform::DSA given C:/Users/ilpes/Desktop/Antenne_e_clocks/McDMA_workspace/McDMA_v3_singlechDMA/hw/McDMA_v3.xsa
TRACE::2025-08-26.13:14:03::SCWPlatform::DSA absoulate path C:/Users/ilpes/Desktop/Antenne_e_clocks/McDMA_workspace/McDMA_v3_singlechDMA/hw/McDMA_v3.xsa
TRACE::2025-08-26.13:14:03::SCWPlatform::DSA directory C:/Users/ilpes/Desktop/Antenne_e_clocks/McDMA_workspace/McDMA_v3_singlechDMA/hw
TRACE::2025-08-26.13:14:03::SCWPlatform:: Platform Path C:/Users/ilpes/Desktop/Antenne_e_clocks/McDMA_workspace/McDMA_v3_singlechDMA/hw/McDMA_v3.xsa
TRACE::2025-08-26.13:14:03::SCWPlatform:: Unique name xilinx:cmod_a7-35t::0.0
TRACE::2025-08-26.13:14:03::SCWPlatform::Trying to set the existing hwdb with name user_35t_wrapper
TRACE::2025-08-26.13:14:03::SCWPlatform::Opened existing hwdb user_35t_wrapper
TRACE::2025-08-26.13:14:03::SCWPlatform::Found the Hw Db part of the input DSA
TRACE::2025-08-26.13:14:03::SCWMssOS::Checking the sw design at  C:/Users/ilpes/Desktop/Antenne_e_clocks/McDMA_workspace/McDMA_v3_singlechDMA/microblaze_0/standalone_domain/bsp/system.mss
TRACE::2025-08-26.13:14:03::SCWMssOS::DEBUG:  swdes dump  C:/Users/ilpes/Desktop/Antenne_e_clocks/McDMA_workspace/McDMA_v3_singlechDMA/microblaze_0/standalone_domain/bsp/system.mss|system||

TRACE::2025-08-26.13:14:03::SCWMssOS::Sw design exists and opened at  C:/Users/ilpes/Desktop/Antenne_e_clocks/McDMA_workspace/McDMA_v3_singlechDMA/microblaze_0/standalone_domain/bsp/system.mss
TRACE::2025-08-26.13:14:03::SCWReader::No isolation master present  
LOG::2025-08-26.13:14:03::SCWPlatform::Started generating the artifacts platform McDMA_v3_singlechDMA
TRACE::2025-08-26.13:14:03::SCWPlatform::Sanity checking of platform is completed
LOG::2025-08-26.13:14:03::SCWPlatform::Started generating the artifacts for system configuration McDMA_v3_singlechDMA
LOG::2025-08-26.13:14:03::SCWSystem::Checking the domain standalone_domain
LOG::2025-08-26.13:14:03::SCWSystem::Not a boot domain 
LOG::2025-08-26.13:14:03::SCWSystem::Started Processing the domain standalone_domain
TRACE::2025-08-26.13:14:03::SCWDomain::Generating domain artifcats
TRACE::2025-08-26.13:14:03::SCWMssOS::Generating standalone artifcats
TRACE::2025-08-26.13:14:03::SCWMssOS:: Copying the user libraries. 
TRACE::2025-08-26.13:14:03::SCWPlatform::Trying to open the hw design at C:/Users/ilpes/Desktop/Antenne_e_clocks/McDMA_workspace/McDMA_v3_singlechDMA/hw/McDMA_v3.xsa
TRACE::2025-08-26.13:14:03::SCWPlatform::DSA given C:/Users/ilpes/Desktop/Antenne_e_clocks/McDMA_workspace/McDMA_v3_singlechDMA/hw/McDMA_v3.xsa
TRACE::2025-08-26.13:14:03::SCWPlatform::DSA absoulate path C:/Users/ilpes/Desktop/Antenne_e_clocks/McDMA_workspace/McDMA_v3_singlechDMA/hw/McDMA_v3.xsa
TRACE::2025-08-26.13:14:03::SCWPlatform::DSA directory C:/Users/ilpes/Desktop/Antenne_e_clocks/McDMA_workspace/McDMA_v3_singlechDMA/hw
TRACE::2025-08-26.13:14:03::SCWPlatform:: Platform Path C:/Users/ilpes/Desktop/Antenne_e_clocks/McDMA_workspace/McDMA_v3_singlechDMA/hw/McDMA_v3.xsa
TRACE::2025-08-26.13:14:03::SCWPlatform:: Unique name xilinx:cmod_a7-35t::0.0
TRACE::2025-08-26.13:14:03::SCWPlatform::Trying to set the existing hwdb with name user_35t_wrapper
TRACE::2025-08-26.13:14:03::SCWPlatform::Opened existing hwdb user_35t_wrapper
TRACE::2025-08-26.13:14:03::SCWPlatform::Found the Hw Db part of the input DSA
TRACE::2025-08-26.13:14:03::SCWMssOS::Checking the sw design at  C:/Users/ilpes/Desktop/Antenne_e_clocks/McDMA_workspace/McDMA_v3_singlechDMA/microblaze_0/standalone_domain/bsp/system.mss
TRACE::2025-08-26.13:14:03::SCWMssOS::DEBUG:  swdes dump  C:/Users/ilpes/Desktop/Antenne_e_clocks/McDMA_workspace/McDMA_v3_singlechDMA/microblaze_0/standalone_domain/bsp/system.mss|system||

TRACE::2025-08-26.13:14:03::SCWMssOS::Sw design exists and opened at  C:/Users/ilpes/Desktop/Antenne_e_clocks/McDMA_workspace/McDMA_v3_singlechDMA/microblaze_0/standalone_domain/bsp/system.mss
TRACE::2025-08-26.13:14:03::SCWMssOS::Completed writing the mss file at C:/Users/ilpes/Desktop/Antenne_e_clocks/McDMA_workspace/McDMA_v3_singlechDMA/microblaze_0/standalone_domain/bsp
TRACE::2025-08-26.13:14:03::SCWMssOS::Mss edits present, copying mssfile into export location C:/Users/ilpes/Desktop/Antenne_e_clocks/McDMA_workspace/McDMA_v3_singlechDMA/microblaze_0/standalone_domain/bsp/system.mss
TRACE::2025-08-26.13:14:03::SCWMssOS::bsp generated is upto date with the mss file. Skipping bsp generation.
TRACE::2025-08-26.13:14:03::SCWMssOS::BSP is already built. skipping the bsp build ... 
TRACE::2025-08-26.13:14:03::SCWDomain::Building the domain :  standalone_domain
TRACE::2025-08-26.13:14:03::SCWMssOS::doing bsp build ... 
TRACE::2025-08-26.13:14:03::SCWMssOS::System Command Ran  C: & cd  C:/Users/ilpes/Desktop/Antenne_e_clocks/McDMA_workspace/McDMA_v3_singlechDMA/microblaze_0/standalone_domain/bsp & make 
TRACE::2025-08-26.13:14:03::SCWMssOS::make --no-print-directory seq_libs

TRACE::2025-08-26.13:14:03::SCWMssOS::'Finished building libraries sequentially.'

TRACE::2025-08-26.13:14:03::SCWMssOS::make -j --no-print-directory par_libs

TRACE::2025-08-26.13:14:03::SCWMssOS::"Running Make include in microblaze_0/libsrc/axidma_v9_12/src"

TRACE::2025-08-26.13:14:04::SCWMssOS::make -C microblaze_0/libsrc/axidma_v9_12/src -s include  "SHELL=CMD" "COMPILER=mb-gcc" "ASSEMBLER=mb-as" "ARCHIVER=mb-ar" "COMP
TRACE::2025-08-26.13:14:04::SCWMssOS::ILER_FLAGS=  -O2 -c -mcpu=v11.0 -mlittle-endian -mno-xl-soft-div -mno-xl-soft-mul -mxl-barrel-shift -mxl-pattern-compare" "EXTR
TRACE::2025-08-26.13:14:04::SCWMssOS::A_COMPILER_FLAGS=-g -ffunction-sections -fdata-sections -Wall -Wextra"

TRACE::2025-08-26.13:14:04::SCWMssOS::"Running Make include in microblaze_0/libsrc/bram_v4_5/src"

TRACE::2025-08-26.13:14:04::SCWMssOS::make -C microblaze_0/libsrc/bram_v4_5/src -s include  "SHELL=CMD" "COMPILER=mb-gcc" "ASSEMBLER=mb-as" "ARCHIVER=mb-ar" "COMPILE
TRACE::2025-08-26.13:14:04::SCWMssOS::R_FLAGS=  -O2 -c -mcpu=v11.0 -mlittle-endian -mno-xl-soft-div -mno-xl-soft-mul -mxl-barrel-shift -mxl-pattern-compare" "EXTRA_C
TRACE::2025-08-26.13:14:04::SCWMssOS::OMPILER_FLAGS=-g -ffunction-sections -fdata-sections -Wall -Wextra"

TRACE::2025-08-26.13:14:04::SCWMssOS::"Running Make include in microblaze_0/libsrc/cpu_v2_12/src"

TRACE::2025-08-26.13:14:04::SCWMssOS::make -C microblaze_0/libsrc/cpu_v2_12/src -s include  "SHELL=CMD" "COMPILER=mb-gcc" "ASSEMBLER=mb-as" "ARCHIVER=mb-ar" "COMPILE
TRACE::2025-08-26.13:14:04::SCWMssOS::R_FLAGS=  -O2 -c -mcpu=v11.0 -mlittle-endian -mno-xl-soft-div -mno-xl-soft-mul -mxl-barrel-shift -mxl-pattern-compare" "EXTRA_C
TRACE::2025-08-26.13:14:04::SCWMssOS::OMPILER_FLAGS=-g -ffunction-sections -fdata-sections -Wall -Wextra"

TRACE::2025-08-26.13:14:04::SCWMssOS::"Running Make include in microblaze_0/libsrc/gpio_v4_7/src"

TRACE::2025-08-26.13:14:04::SCWMssOS::make -C microblaze_0/libsrc/gpio_v4_7/src -s include  "SHELL=CMD" "COMPILER=mb-gcc" "ASSEMBLER=mb-as" "ARCHIVER=mb-ar" "COMPILE
TRACE::2025-08-26.13:14:04::SCWMssOS::R_FLAGS=  -O2 -c -mcpu=v11.0 -mlittle-endian -mno-xl-soft-div -mno-xl-soft-mul -mxl-barrel-shift -mxl-pattern-compare" "EXTRA_C
TRACE::2025-08-26.13:14:04::SCWMssOS::OMPILER_FLAGS=-g -ffunction-sections -fdata-sections -Wall -Wextra"

TRACE::2025-08-26.13:14:04::SCWMssOS::"Running Make include in microblaze_0/libsrc/iic_v3_7/src"

TRACE::2025-08-26.13:14:04::SCWMssOS::make -C microblaze_0/libsrc/iic_v3_7/src -s include  "SHELL=CMD" "COMPILER=mb-gcc" "ASSEMBLER=mb-as" "ARCHIVER=mb-ar" "COMPILER
TRACE::2025-08-26.13:14:04::SCWMssOS::_FLAGS=  -O2 -c -mcpu=v11.0 -mlittle-endian -mno-xl-soft-div -mno-xl-soft-mul -mxl-barrel-shift -mxl-pattern-compare" "EXTRA_CO
TRACE::2025-08-26.13:14:04::SCWMssOS::MPILER_FLAGS=-g -ffunction-sections -fdata-sections -Wall -Wextra"

TRACE::2025-08-26.13:14:04::SCWMssOS::"Running Make include in microblaze_0/libsrc/intc_v3_12/src"

TRACE::2025-08-26.13:14:04::SCWMssOS::make -C microblaze_0/libsrc/intc_v3_12/src -s include  "SHELL=CMD" "COMPILER=mb-gcc" "ASSEMBLER=mb-as" "ARCHIVER=mb-ar" "COMPIL
TRACE::2025-08-26.13:14:04::SCWMssOS::ER_FLAGS=  -O2 -c -mcpu=v11.0 -mlittle-endian -mno-xl-soft-div -mno-xl-soft-mul -mxl-barrel-shift -mxl-pattern-compare" "EXTRA_
TRACE::2025-08-26.13:14:04::SCWMssOS::COMPILER_FLAGS=-g -ffunction-sections -fdata-sections -Wall -Wextra"

TRACE::2025-08-26.13:14:04::SCWMssOS::"Running Make include in microblaze_0/libsrc/spi_v4_7/src"

TRACE::2025-08-26.13:14:04::SCWMssOS::make -C microblaze_0/libsrc/spi_v4_7/src -s include  "SHELL=CMD" "COMPILER=mb-gcc" "ASSEMBLER=mb-as" "ARCHIVER=mb-ar" "COMPILER
TRACE::2025-08-26.13:14:04::SCWMssOS::_FLAGS=  -O2 -c -mcpu=v11.0 -mlittle-endian -mno-xl-soft-div -mno-xl-soft-mul -mxl-barrel-shift -mxl-pattern-compare" "EXTRA_CO
TRACE::2025-08-26.13:14:04::SCWMssOS::MPILER_FLAGS=-g -ffunction-sections -fdata-sections -Wall -Wextra"

TRACE::2025-08-26.13:14:04::SCWMssOS::"Running Make include in microblaze_0/libsrc/standalone_v7_3/src"

TRACE::2025-08-26.13:14:04::SCWMssOS::make -C microblaze_0/libsrc/standalone_v7_3/src -s include  "SHELL=CMD" "COMPILER=mb-gcc" "ASSEMBLER=mb-as" "ARCHIVER=mb-ar" "C
TRACE::2025-08-26.13:14:04::SCWMssOS::OMPILER_FLAGS=  -O2 -c -mcpu=v11.0 -mlittle-endian -mno-xl-soft-div -mno-xl-soft-mul -mxl-barrel-shift -mxl-pattern-compare" "E
TRACE::2025-08-26.13:14:04::SCWMssOS::XTRA_COMPILER_FLAGS=-g -ffunction-sections -fdata-sections -Wall -Wextra"

TRACE::2025-08-26.13:14:04::SCWMssOS::"Running Make include in microblaze_0/libsrc/sysmon_v7_7/src"

TRACE::2025-08-26.13:14:04::SCWMssOS::make -C microblaze_0/libsrc/sysmon_v7_7/src -s include  "SHELL=CMD" "COMPILER=mb-gcc" "ASSEMBLER=mb-as" "ARCHIVER=mb-ar" "COMPI
TRACE::2025-08-26.13:14:04::SCWMssOS::LER_FLAGS=  -O2 -c -mcpu=v11.0 -mlittle-endian -mno-xl-soft-div -mno-xl-soft-mul -mxl-barrel-shift -mxl-pattern-compare" "EXTRA
TRACE::2025-08-26.13:14:04::SCWMssOS::_COMPILER_FLAGS=-g -ffunction-sections -fdata-sections -Wall -Wextra"

TRACE::2025-08-26.13:14:04::SCWMssOS::"Running Make include in microblaze_0/libsrc/tmrctr_v4_7/src"

TRACE::2025-08-26.13:14:04::SCWMssOS::make -C microblaze_0/libsrc/tmrctr_v4_7/src -s include  "SHELL=CMD" "COMPILER=mb-gcc" "ASSEMBLER=mb-as" "ARCHIVER=mb-ar" "COMPI
TRACE::2025-08-26.13:14:04::SCWMssOS::LER_FLAGS=  -O2 -c -mcpu=v11.0 -mlittle-endian -mno-xl-soft-div -mno-xl-soft-mul -mxl-barrel-shift -mxl-pattern-compare" "EXTRA
TRACE::2025-08-26.13:14:04::SCWMssOS::_COMPILER_FLAGS=-g -ffunction-sections -fdata-sections -Wall -Wextra"

TRACE::2025-08-26.13:14:04::SCWMssOS::"Running Make include in microblaze_0/libsrc/trafgen_v4_4/src"

TRACE::2025-08-26.13:14:04::SCWMssOS::make -C microblaze_0/libsrc/trafgen_v4_4/src -s include  "SHELL=CMD" "COMPILER=mb-gcc" "ASSEMBLER=mb-as" "ARCHIVER=mb-ar" "COMP
TRACE::2025-08-26.13:14:04::SCWMssOS::ILER_FLAGS=  -O2 -c -mcpu=v11.0 -mlittle-endian -mno-xl-soft-div -mno-xl-soft-mul -mxl-barrel-shift -mxl-pattern-compare" "EXTR
TRACE::2025-08-26.13:14:04::SCWMssOS::A_COMPILER_FLAGS=-g -ffunction-sections -fdata-sections -Wall -Wextra"

TRACE::2025-08-26.13:14:04::SCWMssOS::"Running Make include in microblaze_0/libsrc/uartlite_v3_5/src"

TRACE::2025-08-26.13:14:04::SCWMssOS::make -C microblaze_0/libsrc/uartlite_v3_5/src -s include  "SHELL=CMD" "COMPILER=mb-gcc" "ASSEMBLER=mb-as" "ARCHIVER=mb-ar" "COM
TRACE::2025-08-26.13:14:04::SCWMssOS::PILER_FLAGS=  -O2 -c -mcpu=v11.0 -mlittle-endian -mno-xl-soft-div -mno-xl-soft-mul -mxl-barrel-shift -mxl-pattern-compare" "EXT
TRACE::2025-08-26.13:14:04::SCWMssOS::RA_COMPILER_FLAGS=-g -ffunction-sections -fdata-sections -Wall -Wextra"

TRACE::2025-08-26.13:14:05::SCWMssOS::"Running Make libs in microblaze_0/libsrc/axidma_v9_12/src"

TRACE::2025-08-26.13:14:05::SCWMssOS::make -C microblaze_0/libsrc/axidma_v9_12/src -s libs  "SHELL=CMD" "COMPILER=mb-gcc" "ASSEMBLER=mb-as" "ARCHIVER=mb-ar" "COMPILE
TRACE::2025-08-26.13:14:05::SCWMssOS::R_FLAGS=  -O2 -c -mcpu=v11.0 -mlittle-endian -mno-xl-soft-div -mno-xl-soft-mul -mxl-barrel-shift -mxl-pattern-compare" "EXTRA_C
TRACE::2025-08-26.13:14:05::SCWMssOS::OMPILER_FLAGS=-g -ffunction-sections -fdata-sections -Wall -Wextra"

TRACE::2025-08-26.13:14:05::SCWMssOS::"Running Make libs in microblaze_0/libsrc/bram_v4_5/src"

TRACE::2025-08-26.13:14:05::SCWMssOS::make -C microblaze_0/libsrc/bram_v4_5/src -s libs  "SHELL=CMD" "COMPILER=mb-gcc" "ASSEMBLER=mb-as" "ARCHIVER=mb-ar" "COMPILER_F
TRACE::2025-08-26.13:14:05::SCWMssOS::LAGS=  -O2 -c -mcpu=v11.0 -mlittle-endian -mno-xl-soft-div -mno-xl-soft-mul -mxl-barrel-shift -mxl-pattern-compare" "EXTRA_COMP
TRACE::2025-08-26.13:14:05::SCWMssOS::ILER_FLAGS=-g -ffunction-sections -fdata-sections -Wall -Wextra"

TRACE::2025-08-26.13:14:05::SCWMssOS::"Running Make libs in microblaze_0/libsrc/cpu_v2_12/src"

TRACE::2025-08-26.13:14:05::SCWMssOS::make -C microblaze_0/libsrc/cpu_v2_12/src -s libs  "SHELL=CMD" "COMPILER=mb-gcc" "ASSEMBLER=mb-as" "ARCHIVER=mb-ar" "COMPILER_F
TRACE::2025-08-26.13:14:05::SCWMssOS::LAGS=  -O2 -c -mcpu=v11.0 -mlittle-endian -mno-xl-soft-div -mno-xl-soft-mul -mxl-barrel-shift -mxl-pattern-compare" "EXTRA_COMP
TRACE::2025-08-26.13:14:05::SCWMssOS::ILER_FLAGS=-g -ffunction-sections -fdata-sections -Wall -Wextra"

TRACE::2025-08-26.13:14:06::SCWMssOS::"Running Make libs in microblaze_0/libsrc/gpio_v4_7/src"

TRACE::2025-08-26.13:14:06::SCWMssOS::make -C microblaze_0/libsrc/gpio_v4_7/src -s libs  "SHELL=CMD" "COMPILER=mb-gcc" "ASSEMBLER=mb-as" "ARCHIVER=mb-ar" "COMPILER_F
TRACE::2025-08-26.13:14:06::SCWMssOS::LAGS=  -O2 -c -mcpu=v11.0 -mlittle-endian -mno-xl-soft-div -mno-xl-soft-mul -mxl-barrel-shift -mxl-pattern-compare" "EXTRA_COMP
TRACE::2025-08-26.13:14:06::SCWMssOS::ILER_FLAGS=-g -ffunction-sections -fdata-sections -Wall -Wextra"

TRACE::2025-08-26.13:14:06::SCWMssOS::"Running Make libs in microblaze_0/libsrc/iic_v3_7/src"

TRACE::2025-08-26.13:14:06::SCWMssOS::make -C microblaze_0/libsrc/iic_v3_7/src -s libs  "SHELL=CMD" "COMPILER=mb-gcc" "ASSEMBLER=mb-as" "ARCHIVER=mb-ar" "COMPILER_FL
TRACE::2025-08-26.13:14:06::SCWMssOS::AGS=  -O2 -c -mcpu=v11.0 -mlittle-endian -mno-xl-soft-div -mno-xl-soft-mul -mxl-barrel-shift -mxl-pattern-compare" "EXTRA_COMPI
TRACE::2025-08-26.13:14:06::SCWMssOS::LER_FLAGS=-g -ffunction-sections -fdata-sections -Wall -Wextra"

TRACE::2025-08-26.13:14:06::SCWMssOS::"Running Make libs in microblaze_0/libsrc/spi_v4_7/src"

TRACE::2025-08-26.13:14:06::SCWMssOS::"Running Make libs in microblaze_0/libsrc/intc_v3_12/src"

TRACE::2025-08-26.13:14:06::SCWMssOS::make -C microblaze_0/libsrc/spi_v4_7/src -s libs  "SHELL=CMD" "COMPILER=mb-gcc" "ASSEMBLER=mb-as" "ARCHIVER=mb-ar" "COMPILER_FL
TRACE::2025-08-26.13:14:06::SCWMssOS::AGS=  -O2 -c -mcpu=v11.0 -mlittle-endian -mno-xl-soft-div -mno-xl-soft-mul -mxl-barrel-shift -mxl-pattern-compare" "EXTRA_COMPI
TRACE::2025-08-26.13:14:06::SCWMssOS::LER_FLAGS=-g -ffunction-sections -fdata-sections -Wall -Wextra"

TRACE::2025-08-26.13:14:06::SCWMssOS::"Running Make libs in microblaze_0/libsrc/standalone_v7_3/src"

TRACE::2025-08-26.13:14:06::SCWMssOS::"Running Make libs in microblaze_0/libsrc/sysmon_v7_7/src"

TRACE::2025-08-26.13:14:06::SCWMssOS::"Running Make libs in microblaze_0/libsrc/tmrctr_v4_7/src"

TRACE::2025-08-26.13:14:06::SCWMssOS::make -C microblaze_0/libsrc/intc_v3_12/src -s libs  "SHELL=CMD" "COMPILER=mb-gcc" "ASSEMBLER=mb-as" "ARCHIVER=mb-ar" "COMPILER_
TRACE::2025-08-26.13:14:06::SCWMssOS::FLAGS=  -O2 -c -mcpu=v11.0 -mlittle-endian -mno-xl-soft-div -mno-xl-soft-mul -mxl-barrel-shift -mxl-pattern-compare" "EXTRA_COM
TRACE::2025-08-26.13:14:06::SCWMssOS::PILER_FLAGS=-g -ffunction-sections -fdata-sections -Wall -Wextra"

TRACE::2025-08-26.13:14:06::SCWMssOS::make -C microblaze_0/libsrc/standalone_v7_3/src -s libs  "SHELL=CMD" "COMPILER=mb-gcc" "ASSEMBLER=mb-as" "ARCHIVER=mb-ar" "COMP
TRACE::2025-08-26.13:14:06::SCWMssOS::ILER_FLAGS=  -O2 -c -mcpu=v11.0 -mlittle-endian -mno-xl-soft-div -mno-xl-soft-mul -mxl-barrel-shift -mxl-pattern-compare" "EXTR
TRACE::2025-08-26.13:14:06::SCWMssOS::A_COMPILER_FLAGS=-g -ffunction-sections -fdata-sections -Wall -Wextra"

TRACE::2025-08-26.13:14:06::SCWMssOS::make -C microblaze_0/libsrc/sysmon_v7_7/src -s libs  "SHELL=CMD" "COMPILER=mb-gcc" "ASSEMBLER=mb-as" "ARCHIVER=mb-ar" "COMPILER
TRACE::2025-08-26.13:14:06::SCWMssOS::_FLAGS=  -O2 -c -mcpu=v11.0 -mlittle-endian -mno-xl-soft-div -mno-xl-soft-mul -mxl-barrel-shift -mxl-pattern-compare" "EXTRA_CO
TRACE::2025-08-26.13:14:06::SCWMssOS::MPILER_FLAGS=-g -ffunction-sections -fdata-sections -Wall -Wextra"

TRACE::2025-08-26.13:14:06::SCWMssOS::make -C microblaze_0/libsrc/tmrctr_v4_7/src -s libs  "SHELL=CMD" "COMPILER=mb-gcc" "ASSEMBLER=mb-as" "ARCHIVER=mb-ar" "COMPILER
TRACE::2025-08-26.13:14:06::SCWMssOS::_FLAGS=  -O2 -c -mcpu=v11.0 -mlittle-endian -mno-xl-soft-div -mno-xl-soft-mul -mxl-barrel-shift -mxl-pattern-compare" "EXTRA_CO
TRACE::2025-08-26.13:14:06::SCWMssOS::MPILER_FLAGS=-g -ffunction-sections -fdata-sections -Wall -Wextra"

TRACE::2025-08-26.13:14:06::SCWMssOS::"Running Make libs in microblaze_0/libsrc/uartlite_v3_5/src"

TRACE::2025-08-26.13:14:06::SCWMssOS::make -C microblaze_0/libsrc/uartlite_v3_5/src -s libs  "SHELL=CMD" "COMPILER=mb-gcc" "ASSEMBLER=mb-as" "ARCHIVER=mb-ar" "COMPIL
TRACE::2025-08-26.13:14:06::SCWMssOS::ER_FLAGS=  -O2 -c -mcpu=v11.0 -mlittle-endian -mno-xl-soft-div -mno-xl-soft-mul -mxl-barrel-shift -mxl-pattern-compare" "EXTRA_
TRACE::2025-08-26.13:14:06::SCWMssOS::COMPILER_FLAGS=-g -ffunction-sections -fdata-sections -Wall -Wextra"

TRACE::2025-08-26.13:14:06::SCWMssOS::"Running Make libs in microblaze_0/libsrc/trafgen_v4_4/src"

TRACE::2025-08-26.13:14:07::SCWMssOS::make -C microblaze_0/libsrc/trafgen_v4_4/src -s libs  "SHELL=CMD" "COMPILER=mb-gcc" "ASSEMBLER=mb-as" "ARCHIVER=mb-ar" "COMPILE
TRACE::2025-08-26.13:14:07::SCWMssOS::R_FLAGS=  -O2 -c -mcpu=v11.0 -mlittle-endian -mno-xl-soft-div -mno-xl-soft-mul -mxl-barrel-shift -mxl-pattern-compare" "EXTRA_C
TRACE::2025-08-26.13:14:07::SCWMssOS::OMPILER_FLAGS=-g -ffunction-sections -fdata-sections -Wall -Wextra"

TRACE::2025-08-26.13:14:12::SCWMssOS::'Finished building libraries parallelly.'

TRACE::2025-08-26.13:14:12::SCWMssOS::make --no-print-directory archive

TRACE::2025-08-26.13:14:12::SCWMssOS::mb-ar -r  microblaze_0/lib/libxil.a microblaze_0/lib/xtmrctr_l.o microblaze_0/lib/xplatform_info.o microblaze_0/lib/xtmrctr_opt
TRACE::2025-08-26.13:14:12::SCWMssOS::ions.o microblaze_0/lib/microblaze_disable_exceptions.o microblaze_0/lib/print.o microblaze_0/lib/xspi_options.o microblaze_0/l
TRACE::2025-08-26.13:14:12::SCWMssOS::ib/xil_testio.o microblaze_0/lib/microblaze_disable_dcache.o microblaze_0/lib/microblaze_flush_dcache_range.o microblaze_0/lib/
TRACE::2025-08-26.13:14:12::SCWMssOS::xspi_g.o microblaze_0/lib/microblaze_flush_cache_ext.o microblaze_0/lib/xspi.o microblaze_0/lib/xspi_sinit.o microblaze_0/lib/i
TRACE::2025-08-26.13:14:12::SCWMssOS::nbyte.o microblaze_0/lib/xtrafgen_g.o microblaze_0/lib/xil_misc_psreset_api.o microblaze_0/lib/xspi_selftest.o microblaze_0/lib
TRACE::2025-08-26.13:14:12::SCWMssOS::/xsysmon_g.o microblaze_0/lib/xil_cache.o microblaze_0/lib/xil_util.o microblaze_0/lib/xiic_g.o microblaze_0/lib/xiic_multi_mas
TRACE::2025-08-26.13:14:12::SCWMssOS::ter.o microblaze_0/lib/xiic_sinit.o microblaze_0/lib/microblaze_exception_handler.o microblaze_0/lib/xbram_g.o microblaze_0/lib
TRACE::2025-08-26.13:14:12::SCWMssOS::/xbram_sinit.o microblaze_0/lib/xtrafgen.o microblaze_0/lib/microblaze_scrub.o microblaze_0/lib/xtmrctr_intr.o microblaze_0/lib
TRACE::2025-08-26.13:14:12::SCWMssOS::/microblaze_invalidate_dcache.o microblaze_0/lib/microblaze_disable_interrupts.o microblaze_0/lib/xbram_selftest.o microblaze_0
TRACE::2025-08-26.13:14:12::SCWMssOS::/lib/microblaze_interrupt_handler.o microblaze_0/lib/microblaze_disable_icache.o microblaze_0/lib/xaxidma_sinit.o microblaze_0/
TRACE::2025-08-26.13:14:12::SCWMssOS::lib/xsysmon_intr.o microblaze_0/lib/xgpio_g.o microblaze_0/lib/xuartlite_g.o microblaze_0/lib/xtmrctr_stats.o microblaze_0/lib/
TRACE::2025-08-26.13:14:12::SCWMssOS::xaxidma_selftest.o microblaze_0/lib/xiic_master.o microblaze_0/lib/xspi_stats.o microblaze_0/lib/microblaze_flush_cache_ext_ran
TRACE::2025-08-26.13:14:12::SCWMssOS::ge.o microblaze_0/lib/xaxidma_bd.o microblaze_0/lib/xiic_intr.o microblaze_0/lib/xbram_intr.o microblaze_0/lib/xil_sleepcommon.
TRACE::2025-08-26.13:14:12::SCWMssOS::o microblaze_0/lib/xil_printf.o microblaze_0/lib/xintc_g.o microblaze_0/lib/xintc_selftest.o microblaze_0/lib/xintc_l.o microbl
TRACE::2025-08-26.13:14:12::SCWMssOS::aze_0/lib/outbyte.o microblaze_0/lib/xgpio_extra.o microblaze_0/lib/xgpio_intr.o microblaze_0/lib/xiic_slave.o microblaze_0/lib
TRACE::2025-08-26.13:14:12::SCWMssOS::/microblaze_invalidate_dcache_range.o microblaze_0/lib/xil_testmem.o microblaze_0/lib/microblaze_invalidate_cache_ext.o microbl
TRACE::2025-08-26.13:14:12::SCWMssOS::aze_0/lib/microblaze_sleep.o microblaze_0/lib/xuartlite_sinit.o microblaze_0/lib/hw_exception_handler.o microblaze_0/lib/xtmrct
TRACE::2025-08-26.13:14:12::SCWMssOS::r.o microblaze_0/lib/xintc_options.o microblaze_0/lib/xuartlite_selftest.o microblaze_0/lib/xgpio_sinit.o microblaze_0/lib/xuar
TRACE::2025-08-26.13:14:12::SCWMssOS::tlite.o microblaze_0/lib/microblaze_update_dcache.o microblaze_0/lib/xaxidma_g.o microblaze_0/lib/xil_testcache.o microblaze_0/
TRACE::2025-08-26.13:14:12::SCWMssOS::lib/microblaze_selftest.o microblaze_0/lib/microblaze_interrupts_g.o microblaze_0/lib/microblaze_enable_exceptions.o microblaze
TRACE::2025-08-26.13:14:12::SCWMssOS::_0/lib/xil_mem.o microblaze_0/lib/xsysmon_sinit.o microblaze_0/lib/xtmrctr_g.o microblaze_0/lib/microblaze_enable_dcache.o micr
TRACE::2025-08-26.13:14:12::SCWMssOS::oblaze_0/lib/xiic_l.o microblaze_0/lib/_exit.o microblaze_0/lib/xuartlite_intr.o microblaze_0/lib/microblaze_invalidate_icache_
TRACE::2025-08-26.13:14:12::SCWMssOS::range.o microblaze_0/lib/xtmrctr_selftest.o microblaze_0/lib/xgpio.o microblaze_0/lib/microblaze_init_dcache_range.o microblaze
TRACE::2025-08-26.13:14:12::SCWMssOS::_0/lib/microblaze_invalidate_icache.o microblaze_0/lib/xaxidma.o microblaze_0/lib/errno.o microblaze_0/lib/xiic_dyn_master.o mi
TRACE::2025-08-26.13:14:12::SCWMssOS::croblaze_0/lib/xintc.o microblaze_0/lib/xuartlite_stats.o microblaze_0/lib/microblaze_invalidate_cache_ext_range.o microblaze_0
TRACE::2025-08-26.13:14:12::SCWMssOS::/lib/xintc_intr.o microblaze_0/lib/xil_exception.o microblaze_0/lib/pvr.o microblaze_0/lib/xbram.o microblaze_0/lib/xiic_option
TRACE::2025-08-26.13:14:12::SCWMssOS::s.o microblaze_0/lib/xtrafgen_sinit.o microblaze_0/lib/microblaze_update_icache.o microblaze_0/lib/microblaze_flush_dcache.o mi
TRACE::2025-08-26.13:14:12::SCWMssOS::croblaze_0/lib/xil_clocking.o microblaze_0/lib/xil_assert.o microblaze_0/lib/xiic_stats.o microblaze_0/lib/microblaze_enable_in
TRACE::2025-08-26.13:14:12::SCWMssOS::terrupts.o microblaze_0/lib/xio.o microblaze_0/lib/microblaze_enable_icache.o microblaze_0/lib/xiic.o microblaze_0/lib/xsysmon.
TRACE::2025-08-26.13:14:12::SCWMssOS::o microblaze_0/lib/microblaze_init_icache_range.o microblaze_0/lib/xaxidma_bdring.o microblaze_0/lib/xuartlite_l.o microblaze_0
TRACE::2025-08-26.13:14:12::SCWMssOS::/lib/xtmrctr_sinit.o microblaze_0/lib/xiic_selftest.o microblaze_0/lib/xsysmon_selftest.o microblaze_0/lib/fcntl.o microblaze_0
TRACE::2025-08-26.13:14:12::SCWMssOS::/lib/xgpio_selftest.o

TRACE::2025-08-26.13:14:12::SCWMssOS::'Finished building libraries'

TRACE::2025-08-26.13:14:12::SCWMssOS::Copying to export directory.
TRACE::2025-08-26.13:14:13::SCWMssOS:: Checking if to create the Supporting Applications
TRACE::2025-08-26.13:14:13::SCWMssOS:: No Linux domain exists, trying to generate FSBL 
LOG::2025-08-26.13:14:13::SCWSystem::Completed Processing the domain standalone_domain
LOG::2025-08-26.13:14:13::SCWSystem::Completed Processing the sysconfig McDMA_v3_singlechDMA
LOG::2025-08-26.13:14:13::SCWPlatform::Completed generating the artifacts for system configuration McDMA_v3_singlechDMA
TRACE::2025-08-26.13:14:13::SCWPlatform::Started preparing the platform 
TRACE::2025-08-26.13:14:13::SCWSystem::Writing the bif file for system config McDMA_v3_singlechDMA
TRACE::2025-08-26.13:14:13::SCWSystem::dir created 
TRACE::2025-08-26.13:14:13::SCWSystem::Writing the bif 
TRACE::2025-08-26.13:14:13::SCWPlatform::Started writing the spfm file 
TRACE::2025-08-26.13:14:13::SCWPlatform::Started writing the xpfm file 
TRACE::2025-08-26.13:14:13::SCWPlatform::Completed generating the platform
TRACE::2025-08-26.13:14:13::SCWMssOS::Saving the mss changes C:/Users/ilpes/Desktop/Antenne_e_clocks/McDMA_workspace/McDMA_v3_singlechDMA/microblaze_0/standalone_domain/bsp/system.mss
TRACE::2025-08-26.13:14:13::SCWMssOS::Found a swdesign opened with the mssfile.
TRACE::2025-08-26.13:14:13::SCWMssOS::Completed writemss as part of save.
TRACE::2025-08-26.13:14:13::SCWMssOS::Commit changes completed.
TRACE::2025-08-26.13:14:13::SCWPlatform::Trying to open the hw design at C:/Users/ilpes/Desktop/Antenne_e_clocks/McDMA_workspace/McDMA_v3_singlechDMA/hw/McDMA_v3.xsa
TRACE::2025-08-26.13:14:13::SCWPlatform::DSA given C:/Users/ilpes/Desktop/Antenne_e_clocks/McDMA_workspace/McDMA_v3_singlechDMA/hw/McDMA_v3.xsa
TRACE::2025-08-26.13:14:13::SCWPlatform::DSA absoulate path C:/Users/ilpes/Desktop/Antenne_e_clocks/McDMA_workspace/McDMA_v3_singlechDMA/hw/McDMA_v3.xsa
TRACE::2025-08-26.13:14:13::SCWPlatform::DSA directory C:/Users/ilpes/Desktop/Antenne_e_clocks/McDMA_workspace/McDMA_v3_singlechDMA/hw
TRACE::2025-08-26.13:14:13::SCWPlatform:: Platform Path C:/Users/ilpes/Desktop/Antenne_e_clocks/McDMA_workspace/McDMA_v3_singlechDMA/hw/McDMA_v3.xsa
TRACE::2025-08-26.13:14:13::SCWPlatform:: Unique name xilinx:cmod_a7-35t::0.0
TRACE::2025-08-26.13:14:13::SCWPlatform::Trying to set the existing hwdb with name user_35t_wrapper
TRACE::2025-08-26.13:14:13::SCWPlatform::Opened existing hwdb user_35t_wrapper
TRACE::2025-08-26.13:14:13::SCWPlatform::Found the Hw Db part of the input DSA
TRACE::2025-08-26.13:14:13::SCWMssOS::Checking the sw design at  C:/Users/ilpes/Desktop/Antenne_e_clocks/McDMA_workspace/McDMA_v3_singlechDMA/microblaze_0/standalone_domain/bsp/system.mss
TRACE::2025-08-26.13:14:13::SCWMssOS::DEBUG:  swdes dump  C:/Users/ilpes/Desktop/Antenne_e_clocks/McDMA_workspace/McDMA_v3_singlechDMA/microblaze_0/standalone_domain/bsp/system.mss|system||

TRACE::2025-08-26.13:14:13::SCWMssOS::Sw design exists and opened at  C:/Users/ilpes/Desktop/Antenne_e_clocks/McDMA_workspace/McDMA_v3_singlechDMA/microblaze_0/standalone_domain/bsp/system.mss
TRACE::2025-08-26.13:14:13::SCWWriter::formatted JSON is {
	"platformName":	"McDMA_v3_singlechDMA",
	"sprVersion":	"2.0",
	"mode":	"gui",
	"dsaType":	"Fixed",
	"platformDesc":	"McDMA_v3_singlechDMA",
	"platHandOff":	"C:/Users/ilpes/Desktop/INSEGNAMENTO/Didattica2023/McDMA/McDMA_v3/McDMA_v3.xsa",
	"platIntHandOff":	"<platformDir>/hw/McDMA_v3.xsa",
	"deviceType":	"FPGA",
	"platIsPrebuiltAutogen":	"false",
	"platIsNoBootBsp":	"false",
	"hasFsblMakeHasChanges":	"false",
	"hasPmufwMakeHasChanges":	"false",
	"platPreBuiltFlag":	false,
	"platformSamplesDir":	"",
	"platActiveSys":	"McDMA_v3_singlechDMA",
	"systems":	[{
			"systemName":	"McDMA_v3_singlechDMA",
			"systemDesc":	"McDMA_v3_singlechDMA",
			"sysIsBootAutoGen":	"true",
			"systemDispName":	"McDMA_v3_singlechDMA",
			"sysActiveDom":	"standalone_domain",
			"sysDefaultDom":	"standalone_domain",
			"domains":	[{
					"domainName":	"standalone_domain",
					"domainDispName":	"standalone on microblaze_0",
					"domainDesc":	"standalone_domain",
					"processors":	"microblaze_0",
					"os":	"standalone",
					"sdxOs":	"standalone",
					"debugEnable":	"False",
					"domRuntimes":	["cpp"],
					"swRepo":	"",
					"mssOsVer":	"7.3",
					"mssFile":	"",
					"md5Digest":	"8aa4a94eadc16cce49810be106498316",
					"compatibleApp":	"",
					"domType":	"mssDomain",
					"arch":	"32-bit",
					"appSettings":	{
						"appCompilerFlags":	"",
						"appLinkerFlags":	""
					},
					"addedLibs":	[],
					"libOptions":	{
						"libsContainingOptions":	[]
					},
					"prebuiltLibs":	{
						"prebuiltIncPath":	[],
						"prebuiltLibPath":	[]
					},
					"isolation":	{
					}
				}]
		}]
}
KEYINFO::2025-08-26.13:14:13::SCWPlatform::updated the xpfm file.
TRACE::2025-08-26.13:14:13::SCWPlatform::Trying to open the hw design at C:/Users/ilpes/Desktop/Antenne_e_clocks/McDMA_workspace/McDMA_v3_singlechDMA/hw/McDMA_v3.xsa
TRACE::2025-08-26.13:14:13::SCWPlatform::DSA given C:/Users/ilpes/Desktop/Antenne_e_clocks/McDMA_workspace/McDMA_v3_singlechDMA/hw/McDMA_v3.xsa
TRACE::2025-08-26.13:14:13::SCWPlatform::DSA absoulate path C:/Users/ilpes/Desktop/Antenne_e_clocks/McDMA_workspace/McDMA_v3_singlechDMA/hw/McDMA_v3.xsa
TRACE::2025-08-26.13:14:13::SCWPlatform::DSA directory C:/Users/ilpes/Desktop/Antenne_e_clocks/McDMA_workspace/McDMA_v3_singlechDMA/hw
TRACE::2025-08-26.13:14:13::SCWPlatform:: Platform Path C:/Users/ilpes/Desktop/Antenne_e_clocks/McDMA_workspace/McDMA_v3_singlechDMA/hw/McDMA_v3.xsa
TRACE::2025-08-26.13:14:13::SCWPlatform:: Unique name xilinx:cmod_a7-35t::0.0
TRACE::2025-08-26.13:14:13::SCWPlatform::Trying to set the existing hwdb with name user_35t_wrapper
TRACE::2025-08-26.13:14:13::SCWPlatform::Opened existing hwdb user_35t_wrapper
TRACE::2025-08-26.13:14:13::SCWPlatform::Found the Hw Db part of the input DSA
TRACE::2025-08-26.13:14:13::SCWMssOS::Checking the sw design at  C:/Users/ilpes/Desktop/Antenne_e_clocks/McDMA_workspace/McDMA_v3_singlechDMA/microblaze_0/standalone_domain/bsp/system.mss
TRACE::2025-08-26.13:14:13::SCWMssOS::DEBUG:  swdes dump  C:/Users/ilpes/Desktop/Antenne_e_clocks/McDMA_workspace/McDMA_v3_singlechDMA/microblaze_0/standalone_domain/bsp/system.mss|system||

TRACE::2025-08-26.13:14:13::SCWMssOS::Sw design exists and opened at  C:/Users/ilpes/Desktop/Antenne_e_clocks/McDMA_workspace/McDMA_v3_singlechDMA/microblaze_0/standalone_domain/bsp/system.mss
TRACE::2025-08-26.17:49:45::SCWPlatform::Trying to open the hw design at C:/Users/ilpes/Desktop/Antenne_e_clocks/McDMA_workspace/McDMA_v3_singlechDMA/hw/McDMA_v3.xsa
TRACE::2025-08-26.17:49:45::SCWPlatform::DSA given C:/Users/ilpes/Desktop/Antenne_e_clocks/McDMA_workspace/McDMA_v3_singlechDMA/hw/McDMA_v3.xsa
TRACE::2025-08-26.17:49:45::SCWPlatform::DSA absoulate path C:/Users/ilpes/Desktop/Antenne_e_clocks/McDMA_workspace/McDMA_v3_singlechDMA/hw/McDMA_v3.xsa
TRACE::2025-08-26.17:49:45::SCWPlatform::DSA directory C:/Users/ilpes/Desktop/Antenne_e_clocks/McDMA_workspace/McDMA_v3_singlechDMA/hw
TRACE::2025-08-26.17:49:45::SCWPlatform:: Platform Path C:/Users/ilpes/Desktop/Antenne_e_clocks/McDMA_workspace/McDMA_v3_singlechDMA/hw/McDMA_v3.xsa
TRACE::2025-08-26.17:49:45::SCWPlatform:: Unique name xilinx:cmod_a7-35t::0.0
TRACE::2025-08-26.17:49:45::SCWPlatform::Do not have an existing db opened. 
TRACE::2025-08-26.17:49:46::SCWPlatform::Opened new HwDB with name user_35t_wrapper_7
TRACE::2025-08-26.17:49:46::SCWReader::Active system found as  McDMA_v3_singlechDMA
TRACE::2025-08-26.17:49:46::SCWReader::Handling sysconfig McDMA_v3_singlechDMA
TRACE::2025-08-26.17:49:46::SCWDomain::checking for install qemu data   : 
TRACE::2025-08-26.17:49:46::SCWPlatform::Trying to open the hw design at C:/Users/ilpes/Desktop/Antenne_e_clocks/McDMA_workspace/McDMA_v3_singlechDMA/hw/McDMA_v3.xsa
TRACE::2025-08-26.17:49:46::SCWPlatform::DSA given C:/Users/ilpes/Desktop/Antenne_e_clocks/McDMA_workspace/McDMA_v3_singlechDMA/hw/McDMA_v3.xsa
TRACE::2025-08-26.17:49:46::SCWPlatform::DSA absoulate path C:/Users/ilpes/Desktop/Antenne_e_clocks/McDMA_workspace/McDMA_v3_singlechDMA/hw/McDMA_v3.xsa
TRACE::2025-08-26.17:49:46::SCWPlatform::DSA directory C:/Users/ilpes/Desktop/Antenne_e_clocks/McDMA_workspace/McDMA_v3_singlechDMA/hw
TRACE::2025-08-26.17:49:46::SCWPlatform:: Platform Path C:/Users/ilpes/Desktop/Antenne_e_clocks/McDMA_workspace/McDMA_v3_singlechDMA/hw/McDMA_v3.xsa
TRACE::2025-08-26.17:49:46::SCWPlatform:: Unique name xilinx:cmod_a7-35t::0.0
TRACE::2025-08-26.17:49:46::SCWPlatform::Trying to set the existing hwdb with name user_35t_wrapper_7
TRACE::2025-08-26.17:49:46::SCWPlatform::Opened existing hwdb user_35t_wrapper_7
TRACE::2025-08-26.17:49:46::SCWPlatform::Found the Hw Db part of the input DSA
TRACE::2025-08-26.17:49:46::SCWPlatform::Trying to open the hw design at C:/Users/ilpes/Desktop/Antenne_e_clocks/McDMA_workspace/McDMA_v3_singlechDMA/hw/McDMA_v3.xsa
TRACE::2025-08-26.17:49:46::SCWPlatform::DSA given C:/Users/ilpes/Desktop/Antenne_e_clocks/McDMA_workspace/McDMA_v3_singlechDMA/hw/McDMA_v3.xsa
TRACE::2025-08-26.17:49:46::SCWPlatform::DSA absoulate path C:/Users/ilpes/Desktop/Antenne_e_clocks/McDMA_workspace/McDMA_v3_singlechDMA/hw/McDMA_v3.xsa
TRACE::2025-08-26.17:49:46::SCWPlatform::DSA directory C:/Users/ilpes/Desktop/Antenne_e_clocks/McDMA_workspace/McDMA_v3_singlechDMA/hw
TRACE::2025-08-26.17:49:46::SCWPlatform:: Platform Path C:/Users/ilpes/Desktop/Antenne_e_clocks/McDMA_workspace/McDMA_v3_singlechDMA/hw/McDMA_v3.xsa
TRACE::2025-08-26.17:49:46::SCWPlatform:: Unique name xilinx:cmod_a7-35t::0.0
TRACE::2025-08-26.17:49:46::SCWPlatform::Trying to set the existing hwdb with name user_35t_wrapper_7
TRACE::2025-08-26.17:49:46::SCWPlatform::Opened existing hwdb user_35t_wrapper_7
TRACE::2025-08-26.17:49:46::SCWPlatform::Found the Hw Db part of the input DSA
TRACE::2025-08-26.17:49:46::SCWPlatform::Trying to open the hw design at C:/Users/ilpes/Desktop/Antenne_e_clocks/McDMA_workspace/McDMA_v3_singlechDMA/hw/McDMA_v3.xsa
TRACE::2025-08-26.17:49:46::SCWPlatform::DSA given C:/Users/ilpes/Desktop/Antenne_e_clocks/McDMA_workspace/McDMA_v3_singlechDMA/hw/McDMA_v3.xsa
TRACE::2025-08-26.17:49:46::SCWPlatform::DSA absoulate path C:/Users/ilpes/Desktop/Antenne_e_clocks/McDMA_workspace/McDMA_v3_singlechDMA/hw/McDMA_v3.xsa
TRACE::2025-08-26.17:49:46::SCWPlatform::DSA directory C:/Users/ilpes/Desktop/Antenne_e_clocks/McDMA_workspace/McDMA_v3_singlechDMA/hw
TRACE::2025-08-26.17:49:46::SCWPlatform:: Platform Path C:/Users/ilpes/Desktop/Antenne_e_clocks/McDMA_workspace/McDMA_v3_singlechDMA/hw/McDMA_v3.xsa
TRACE::2025-08-26.17:49:46::SCWPlatform:: Unique name xilinx:cmod_a7-35t::0.0
TRACE::2025-08-26.17:49:46::SCWPlatform::Trying to set the existing hwdb with name user_35t_wrapper_7
TRACE::2025-08-26.17:49:46::SCWPlatform::Opened existing hwdb user_35t_wrapper_7
TRACE::2025-08-26.17:49:46::SCWPlatform::Found the Hw Db part of the input DSA
TRACE::2025-08-26.17:49:46::SCWPlatform::Trying to open the hw design at C:/Users/ilpes/Desktop/Antenne_e_clocks/McDMA_workspace/McDMA_v3_singlechDMA/hw/McDMA_v3.xsa
TRACE::2025-08-26.17:49:46::SCWPlatform::DSA given C:/Users/ilpes/Desktop/Antenne_e_clocks/McDMA_workspace/McDMA_v3_singlechDMA/hw/McDMA_v3.xsa
TRACE::2025-08-26.17:49:46::SCWPlatform::DSA absoulate path C:/Users/ilpes/Desktop/Antenne_e_clocks/McDMA_workspace/McDMA_v3_singlechDMA/hw/McDMA_v3.xsa
TRACE::2025-08-26.17:49:46::SCWPlatform::DSA directory C:/Users/ilpes/Desktop/Antenne_e_clocks/McDMA_workspace/McDMA_v3_singlechDMA/hw
TRACE::2025-08-26.17:49:46::SCWPlatform:: Platform Path C:/Users/ilpes/Desktop/Antenne_e_clocks/McDMA_workspace/McDMA_v3_singlechDMA/hw/McDMA_v3.xsa
TRACE::2025-08-26.17:49:46::SCWPlatform:: Unique name xilinx:cmod_a7-35t::0.0
TRACE::2025-08-26.17:49:46::SCWPlatform::Trying to set the existing hwdb with name user_35t_wrapper_7
TRACE::2025-08-26.17:49:46::SCWPlatform::Opened existing hwdb user_35t_wrapper_7
TRACE::2025-08-26.17:49:46::SCWPlatform::Found the Hw Db part of the input DSA
TRACE::2025-08-26.17:49:46::SCWMssOS::Checking the sw design at  C:/Users/ilpes/Desktop/Antenne_e_clocks/McDMA_workspace/McDMA_v3_singlechDMA/microblaze_0/standalone_domain/bsp/system.mss
TRACE::2025-08-26.17:49:46::SCWMssOS::DEBUG:  swdes dump  C:/Users/ilpes/Desktop/Antenne_e_clocks/McDMA_workspace/McDMA_v4_fast_logic/microblaze_0/standalone_domain/bsp/system.mss|system||

TRACE::2025-08-26.17:49:46::SCWMssOS::No sw design opened at  C:/Users/ilpes/Desktop/Antenne_e_clocks/McDMA_workspace/McDMA_v3_singlechDMA/microblaze_0/standalone_domain/bsp/system.mss
TRACE::2025-08-26.17:49:46::SCWMssOS::mss exists loading the mss file  C:/Users/ilpes/Desktop/Antenne_e_clocks/McDMA_workspace/McDMA_v3_singlechDMA/microblaze_0/standalone_domain/bsp/system.mss
TRACE::2025-08-26.17:49:46::SCWMssOS::Opened the sw design from mss  C:/Users/ilpes/Desktop/Antenne_e_clocks/McDMA_workspace/McDMA_v3_singlechDMA/microblaze_0/standalone_domain/bsp/system.mss
TRACE::2025-08-26.17:49:46::SCWMssOS::Adding the swdes entry C:/Users/ilpes/Desktop/Antenne_e_clocks/McDMA_workspace/McDMA_v3_singlechDMA/microblaze_0/standalone_domain/bsp/system.mss with des name system_0
TRACE::2025-08-26.17:49:46::SCWMssOS::updating the scw layer about changes
TRACE::2025-08-26.17:49:46::SCWMssOS::Opened the sw design.  C:/Users/ilpes/Desktop/Antenne_e_clocks/McDMA_workspace/McDMA_v3_singlechDMA/microblaze_0/standalone_domain/bsp/system.mss
TRACE::2025-08-26.17:49:46::SCWMssOS::Saving the mss changes C:/Users/ilpes/Desktop/Antenne_e_clocks/McDMA_workspace/McDMA_v3_singlechDMA/microblaze_0/standalone_domain/bsp/system.mss
TRACE::2025-08-26.17:49:46::SCWMssOS::Found a swdesign opened with the mssfile.
TRACE::2025-08-26.17:49:46::SCWMssOS::Completed writemss as part of save.
TRACE::2025-08-26.17:49:46::SCWMssOS::Commit changes completed.
TRACE::2025-08-26.17:49:46::SCWReader::Adding prebuilt librarypaths as   
TRACE::2025-08-26.17:49:46::SCWReader::Adding prebuilt incpaths  as   
TRACE::2025-08-26.17:49:46::SCWPlatform::Trying to open the hw design at C:/Users/ilpes/Desktop/Antenne_e_clocks/McDMA_workspace/McDMA_v3_singlechDMA/hw/McDMA_v3.xsa
TRACE::2025-08-26.17:49:46::SCWPlatform::DSA given C:/Users/ilpes/Desktop/Antenne_e_clocks/McDMA_workspace/McDMA_v3_singlechDMA/hw/McDMA_v3.xsa
TRACE::2025-08-26.17:49:46::SCWPlatform::DSA absoulate path C:/Users/ilpes/Desktop/Antenne_e_clocks/McDMA_workspace/McDMA_v3_singlechDMA/hw/McDMA_v3.xsa
TRACE::2025-08-26.17:49:46::SCWPlatform::DSA directory C:/Users/ilpes/Desktop/Antenne_e_clocks/McDMA_workspace/McDMA_v3_singlechDMA/hw
TRACE::2025-08-26.17:49:46::SCWPlatform:: Platform Path C:/Users/ilpes/Desktop/Antenne_e_clocks/McDMA_workspace/McDMA_v3_singlechDMA/hw/McDMA_v3.xsa
TRACE::2025-08-26.17:49:46::SCWPlatform:: Unique name xilinx:cmod_a7-35t::0.0
TRACE::2025-08-26.17:49:46::SCWPlatform::Trying to set the existing hwdb with name user_35t_wrapper_7
TRACE::2025-08-26.17:49:46::SCWPlatform::Opened existing hwdb user_35t_wrapper_7
TRACE::2025-08-26.17:49:46::SCWPlatform::Found the Hw Db part of the input DSA
TRACE::2025-08-26.17:49:46::SCWMssOS::Checking the sw design at  C:/Users/ilpes/Desktop/Antenne_e_clocks/McDMA_workspace/McDMA_v3_singlechDMA/microblaze_0/standalone_domain/bsp/system.mss
TRACE::2025-08-26.17:49:46::SCWMssOS::DEBUG:  swdes dump  C:/Users/ilpes/Desktop/Antenne_e_clocks/McDMA_workspace/McDMA_v3_singlechDMA/microblaze_0/standalone_domain/bsp/system.mss|system_0||
C:/Users/ilpes/Desktop/Antenne_e_clocks/McDMA_workspace/McDMA_v4_fast_logic/microblaze_0/standalone_domain/bsp/system.mss|system||

TRACE::2025-08-26.17:49:46::SCWMssOS::Sw design exists and opened at  C:/Users/ilpes/Desktop/Antenne_e_clocks/McDMA_workspace/McDMA_v3_singlechDMA/microblaze_0/standalone_domain/bsp/system.mss
TRACE::2025-08-26.17:49:46::SCWReader::No isolation master present  
LOG::2025-08-26.17:49:46::SCWPlatform::Started generating the artifacts platform McDMA_v3_singlechDMA
TRACE::2025-08-26.17:49:46::SCWPlatform::Sanity checking of platform is completed
LOG::2025-08-26.17:49:47::SCWPlatform::Started generating the artifacts for system configuration McDMA_v3_singlechDMA
LOG::2025-08-26.17:49:47::SCWSystem::Checking the domain standalone_domain
LOG::2025-08-26.17:49:47::SCWSystem::Not a boot domain 
LOG::2025-08-26.17:49:47::SCWSystem::Started Processing the domain standalone_domain
TRACE::2025-08-26.17:49:47::SCWDomain::Generating domain artifcats
TRACE::2025-08-26.17:49:47::SCWMssOS::Generating standalone artifcats
TRACE::2025-08-26.17:49:47::SCWMssOS:: Copying the user libraries. 
TRACE::2025-08-26.17:49:47::SCWPlatform::Trying to open the hw design at C:/Users/ilpes/Desktop/Antenne_e_clocks/McDMA_workspace/McDMA_v3_singlechDMA/hw/McDMA_v3.xsa
TRACE::2025-08-26.17:49:47::SCWPlatform::DSA given C:/Users/ilpes/Desktop/Antenne_e_clocks/McDMA_workspace/McDMA_v3_singlechDMA/hw/McDMA_v3.xsa
TRACE::2025-08-26.17:49:47::SCWPlatform::DSA absoulate path C:/Users/ilpes/Desktop/Antenne_e_clocks/McDMA_workspace/McDMA_v3_singlechDMA/hw/McDMA_v3.xsa
TRACE::2025-08-26.17:49:47::SCWPlatform::DSA directory C:/Users/ilpes/Desktop/Antenne_e_clocks/McDMA_workspace/McDMA_v3_singlechDMA/hw
TRACE::2025-08-26.17:49:47::SCWPlatform:: Platform Path C:/Users/ilpes/Desktop/Antenne_e_clocks/McDMA_workspace/McDMA_v3_singlechDMA/hw/McDMA_v3.xsa
TRACE::2025-08-26.17:49:47::SCWPlatform:: Unique name xilinx:cmod_a7-35t::0.0
TRACE::2025-08-26.17:49:47::SCWPlatform::Trying to set the existing hwdb with name user_35t_wrapper_7
TRACE::2025-08-26.17:49:47::SCWPlatform::Opened existing hwdb user_35t_wrapper_7
TRACE::2025-08-26.17:49:47::SCWPlatform::Found the Hw Db part of the input DSA
TRACE::2025-08-26.17:49:47::SCWMssOS::Checking the sw design at  C:/Users/ilpes/Desktop/Antenne_e_clocks/McDMA_workspace/McDMA_v3_singlechDMA/microblaze_0/standalone_domain/bsp/system.mss
TRACE::2025-08-26.17:49:47::SCWMssOS::DEBUG:  swdes dump  C:/Users/ilpes/Desktop/Antenne_e_clocks/McDMA_workspace/McDMA_v3_singlechDMA/microblaze_0/standalone_domain/bsp/system.mss|system_0||
C:/Users/ilpes/Desktop/Antenne_e_clocks/McDMA_workspace/McDMA_v4_fast_logic/microblaze_0/standalone_domain/bsp/system.mss|system||

TRACE::2025-08-26.17:49:47::SCWMssOS::Sw design exists and opened at  C:/Users/ilpes/Desktop/Antenne_e_clocks/McDMA_workspace/McDMA_v3_singlechDMA/microblaze_0/standalone_domain/bsp/system.mss
TRACE::2025-08-26.17:49:47::SCWMssOS::Completed writing the mss file at C:/Users/ilpes/Desktop/Antenne_e_clocks/McDMA_workspace/McDMA_v3_singlechDMA/microblaze_0/standalone_domain/bsp
TRACE::2025-08-26.17:49:47::SCWMssOS::Mss edits present, copying mssfile into export location C:/Users/ilpes/Desktop/Antenne_e_clocks/McDMA_workspace/McDMA_v3_singlechDMA/microblaze_0/standalone_domain/bsp/system.mss
TRACE::2025-08-26.17:49:47::SCWMssOS::bsp generated is upto date with the mss file. Skipping bsp generation.
TRACE::2025-08-26.17:49:47::SCWMssOS::BSP is already built. skipping the bsp build ... 
TRACE::2025-08-26.17:49:47::SCWDomain::Building the domain as part of full build :  standalone_domain
TRACE::2025-08-26.17:49:47::SCWMssOS::doing bsp build ... 
TRACE::2025-08-26.17:49:47::SCWMssOS::System Command Ran  C: & cd  C:/Users/ilpes/Desktop/Antenne_e_clocks/McDMA_workspace/McDMA_v3_singlechDMA/microblaze_0/standalone_domain/bsp & make 
TRACE::2025-08-26.17:49:47::SCWMssOS::make --no-print-directory seq_libs

TRACE::2025-08-26.17:49:47::SCWMssOS::'Finished building libraries sequentially.'

TRACE::2025-08-26.17:49:47::SCWMssOS::make -j --no-print-directory par_libs

TRACE::2025-08-26.17:49:47::SCWMssOS::"Running Make include in microblaze_0/libsrc/axidma_v9_12/src"

TRACE::2025-08-26.17:49:47::SCWMssOS::make -C microblaze_0/libsrc/axidma_v9_12/src -s include  "SHELL=CMD" "COMPILER=mb-gcc" "ASSEMBLER=mb-as" "ARCHIVER=mb-ar" "COMP
TRACE::2025-08-26.17:49:47::SCWMssOS::ILER_FLAGS=  -O2 -c -mcpu=v11.0 -mlittle-endian -mno-xl-soft-div -mno-xl-soft-mul -mxl-barrel-shift -mxl-pattern-compare" "EXTR
TRACE::2025-08-26.17:49:47::SCWMssOS::A_COMPILER_FLAGS=-g -ffunction-sections -fdata-sections -Wall -Wextra"

TRACE::2025-08-26.17:49:47::SCWMssOS::"Running Make include in microblaze_0/libsrc/bram_v4_5/src"

TRACE::2025-08-26.17:49:47::SCWMssOS::make -C microblaze_0/libsrc/bram_v4_5/src -s include  "SHELL=CMD" "COMPILER=mb-gcc" "ASSEMBLER=mb-as" "ARCHIVER=mb-ar" "COMPILE
TRACE::2025-08-26.17:49:47::SCWMssOS::R_FLAGS=  -O2 -c -mcpu=v11.0 -mlittle-endian -mno-xl-soft-div -mno-xl-soft-mul -mxl-barrel-shift -mxl-pattern-compare" "EXTRA_C
TRACE::2025-08-26.17:49:47::SCWMssOS::OMPILER_FLAGS=-g -ffunction-sections -fdata-sections -Wall -Wextra"

TRACE::2025-08-26.17:49:47::SCWMssOS::"Running Make include in microblaze_0/libsrc/cpu_v2_12/src"

TRACE::2025-08-26.17:49:47::SCWMssOS::make -C microblaze_0/libsrc/cpu_v2_12/src -s include  "SHELL=CMD" "COMPILER=mb-gcc" "ASSEMBLER=mb-as" "ARCHIVER=mb-ar" "COMPILE
TRACE::2025-08-26.17:49:47::SCWMssOS::R_FLAGS=  -O2 -c -mcpu=v11.0 -mlittle-endian -mno-xl-soft-div -mno-xl-soft-mul -mxl-barrel-shift -mxl-pattern-compare" "EXTRA_C
TRACE::2025-08-26.17:49:47::SCWMssOS::OMPILER_FLAGS=-g -ffunction-sections -fdata-sections -Wall -Wextra"

TRACE::2025-08-26.17:49:47::SCWMssOS::"Running Make include in microblaze_0/libsrc/gpio_v4_7/src"

TRACE::2025-08-26.17:49:47::SCWMssOS::make -C microblaze_0/libsrc/gpio_v4_7/src -s include  "SHELL=CMD" "COMPILER=mb-gcc" "ASSEMBLER=mb-as" "ARCHIVER=mb-ar" "COMPILE
TRACE::2025-08-26.17:49:47::SCWMssOS::R_FLAGS=  -O2 -c -mcpu=v11.0 -mlittle-endian -mno-xl-soft-div -mno-xl-soft-mul -mxl-barrel-shift -mxl-pattern-compare" "EXTRA_C
TRACE::2025-08-26.17:49:47::SCWMssOS::OMPILER_FLAGS=-g -ffunction-sections -fdata-sections -Wall -Wextra"

TRACE::2025-08-26.17:49:47::SCWMssOS::"Running Make include in microblaze_0/libsrc/iic_v3_7/src"

TRACE::2025-08-26.17:49:47::SCWMssOS::"Running Make include in microblaze_0/libsrc/intc_v3_12/src"

TRACE::2025-08-26.17:49:47::SCWMssOS::make -C microblaze_0/libsrc/iic_v3_7/src -s include  "SHELL=CMD" "COMPILER=mb-gcc" "ASSEMBLER=mb-as" "ARCHIVER=mb-ar" "COMPILER
TRACE::2025-08-26.17:49:47::SCWMssOS::_FLAGS=  -O2 -c -mcpu=v11.0 -mlittle-endian -mno-xl-soft-div -mno-xl-soft-mul -mxl-barrel-shift -mxl-pattern-compare" "EXTRA_CO
TRACE::2025-08-26.17:49:47::SCWMssOS::MPILER_FLAGS=-g -ffunction-sections -fdata-sections -Wall -Wextra"

TRACE::2025-08-26.17:49:47::SCWMssOS::make -C microblaze_0/libsrc/intc_v3_12/src -s include  "SHELL=CMD" "COMPILER=mb-gcc" "ASSEMBLER=mb-as" "ARCHIVER=mb-ar" "COMPIL
TRACE::2025-08-26.17:49:47::SCWMssOS::ER_FLAGS=  -O2 -c -mcpu=v11.0 -mlittle-endian -mno-xl-soft-div -mno-xl-soft-mul -mxl-barrel-shift -mxl-pattern-compare" "EXTRA_
TRACE::2025-08-26.17:49:47::SCWMssOS::COMPILER_FLAGS=-g -ffunction-sections -fdata-sections -Wall -Wextra"

TRACE::2025-08-26.17:49:47::SCWMssOS::"Running Make include in microblaze_0/libsrc/spi_v4_7/src"

TRACE::2025-08-26.17:49:47::SCWMssOS::make -C microblaze_0/libsrc/spi_v4_7/src -s include  "SHELL=CMD" "COMPILER=mb-gcc" "ASSEMBLER=mb-as" "ARCHIVER=mb-ar" "COMPILER
TRACE::2025-08-26.17:49:47::SCWMssOS::_FLAGS=  -O2 -c -mcpu=v11.0 -mlittle-endian -mno-xl-soft-div -mno-xl-soft-mul -mxl-barrel-shift -mxl-pattern-compare" "EXTRA_CO
TRACE::2025-08-26.17:49:47::SCWMssOS::MPILER_FLAGS=-g -ffunction-sections -fdata-sections -Wall -Wextra"

TRACE::2025-08-26.17:49:47::SCWMssOS::"Running Make include in microblaze_0/libsrc/standalone_v7_3/src"

TRACE::2025-08-26.17:49:47::SCWMssOS::make -C microblaze_0/libsrc/standalone_v7_3/src -s include  "SHELL=CMD" "COMPILER=mb-gcc" "ASSEMBLER=mb-as" "ARCHIVER=mb-ar" "C
TRACE::2025-08-26.17:49:47::SCWMssOS::OMPILER_FLAGS=  -O2 -c -mcpu=v11.0 -mlittle-endian -mno-xl-soft-div -mno-xl-soft-mul -mxl-barrel-shift -mxl-pattern-compare" "E
TRACE::2025-08-26.17:49:47::SCWMssOS::XTRA_COMPILER_FLAGS=-g -ffunction-sections -fdata-sections -Wall -Wextra"

TRACE::2025-08-26.17:49:47::SCWMssOS::"Running Make include in microblaze_0/libsrc/sysmon_v7_7/src"

TRACE::2025-08-26.17:49:47::SCWMssOS::make -C microblaze_0/libsrc/sysmon_v7_7/src -s include  "SHELL=CMD" "COMPILER=mb-gcc" "ASSEMBLER=mb-as" "ARCHIVER=mb-ar" "COMPI
TRACE::2025-08-26.17:49:47::SCWMssOS::LER_FLAGS=  -O2 -c -mcpu=v11.0 -mlittle-endian -mno-xl-soft-div -mno-xl-soft-mul -mxl-barrel-shift -mxl-pattern-compare" "EXTRA
TRACE::2025-08-26.17:49:47::SCWMssOS::_COMPILER_FLAGS=-g -ffunction-sections -fdata-sections -Wall -Wextra"

TRACE::2025-08-26.17:49:47::SCWMssOS::"Running Make include in microblaze_0/libsrc/tmrctr_v4_7/src"

TRACE::2025-08-26.17:49:47::SCWMssOS::"Running Make include in microblaze_0/libsrc/trafgen_v4_4/src"

TRACE::2025-08-26.17:49:47::SCWMssOS::make -C microblaze_0/libsrc/tmrctr_v4_7/src -s include  "SHELL=CMD" "COMPILER=mb-gcc" "ASSEMBLER=mb-as" "ARCHIVER=mb-ar" "COMPI
TRACE::2025-08-26.17:49:47::SCWMssOS::LER_FLAGS=  -O2 -c -mcpu=v11.0 -mlittle-endian -mno-xl-soft-div -mno-xl-soft-mul -mxl-barrel-shift -mxl-pattern-compare" "EXTRA
TRACE::2025-08-26.17:49:47::SCWMssOS::_COMPILER_FLAGS=-g -ffunction-sections -fdata-sections -Wall -Wextra"

TRACE::2025-08-26.17:49:47::SCWMssOS::make -C microblaze_0/libsrc/trafgen_v4_4/src -s include  "SHELL=CMD" "COMPILER=mb-gcc" "ASSEMBLER=mb-as" "ARCHIVER=mb-ar" "COMP
TRACE::2025-08-26.17:49:47::SCWMssOS::ILER_FLAGS=  -O2 -c -mcpu=v11.0 -mlittle-endian -mno-xl-soft-div -mno-xl-soft-mul -mxl-barrel-shift -mxl-pattern-compare" "EXTR
TRACE::2025-08-26.17:49:47::SCWMssOS::A_COMPILER_FLAGS=-g -ffunction-sections -fdata-sections -Wall -Wextra"

TRACE::2025-08-26.17:49:47::SCWMssOS::"Running Make include in microblaze_0/libsrc/uartlite_v3_5/src"

TRACE::2025-08-26.17:49:47::SCWMssOS::make -C microblaze_0/libsrc/uartlite_v3_5/src -s include  "SHELL=CMD" "COMPILER=mb-gcc" "ASSEMBLER=mb-as" "ARCHIVER=mb-ar" "COM
TRACE::2025-08-26.17:49:47::SCWMssOS::PILER_FLAGS=  -O2 -c -mcpu=v11.0 -mlittle-endian -mno-xl-soft-div -mno-xl-soft-mul -mxl-barrel-shift -mxl-pattern-compare" "EXT
TRACE::2025-08-26.17:49:47::SCWMssOS::RA_COMPILER_FLAGS=-g -ffunction-sections -fdata-sections -Wall -Wextra"

TRACE::2025-08-26.17:49:48::SCWMssOS::"Running Make libs in microblaze_0/libsrc/axidma_v9_12/src"

TRACE::2025-08-26.17:49:48::SCWMssOS::make -C microblaze_0/libsrc/axidma_v9_12/src -s libs  "SHELL=CMD" "COMPILER=mb-gcc" "ASSEMBLER=mb-as" "ARCHIVER=mb-ar" "COMPILE
TRACE::2025-08-26.17:49:48::SCWMssOS::R_FLAGS=  -O2 -c -mcpu=v11.0 -mlittle-endian -mno-xl-soft-div -mno-xl-soft-mul -mxl-barrel-shift -mxl-pattern-compare" "EXTRA_C
TRACE::2025-08-26.17:49:48::SCWMssOS::OMPILER_FLAGS=-g -ffunction-sections -fdata-sections -Wall -Wextra"

TRACE::2025-08-26.17:49:48::SCWMssOS::"Running Make libs in microblaze_0/libsrc/bram_v4_5/src"

TRACE::2025-08-26.17:49:48::SCWMssOS::make -C microblaze_0/libsrc/bram_v4_5/src -s libs  "SHELL=CMD" "COMPILER=mb-gcc" "ASSEMBLER=mb-as" "ARCHIVER=mb-ar" "COMPILER_F
TRACE::2025-08-26.17:49:48::SCWMssOS::LAGS=  -O2 -c -mcpu=v11.0 -mlittle-endian -mno-xl-soft-div -mno-xl-soft-mul -mxl-barrel-shift -mxl-pattern-compare" "EXTRA_COMP
TRACE::2025-08-26.17:49:48::SCWMssOS::ILER_FLAGS=-g -ffunction-sections -fdata-sections -Wall -Wextra"

TRACE::2025-08-26.17:49:48::SCWMssOS::"Running Make libs in microblaze_0/libsrc/cpu_v2_12/src"

TRACE::2025-08-26.17:49:48::SCWMssOS::make -C microblaze_0/libsrc/cpu_v2_12/src -s libs  "SHELL=CMD" "COMPILER=mb-gcc" "ASSEMBLER=mb-as" "ARCHIVER=mb-ar" "COMPILER_F
TRACE::2025-08-26.17:49:48::SCWMssOS::LAGS=  -O2 -c -mcpu=v11.0 -mlittle-endian -mno-xl-soft-div -mno-xl-soft-mul -mxl-barrel-shift -mxl-pattern-compare" "EXTRA_COMP
TRACE::2025-08-26.17:49:48::SCWMssOS::ILER_FLAGS=-g -ffunction-sections -fdata-sections -Wall -Wextra"

TRACE::2025-08-26.17:49:48::SCWMssOS::"Running Make libs in microblaze_0/libsrc/gpio_v4_7/src"

TRACE::2025-08-26.17:49:49::SCWMssOS::make -C microblaze_0/libsrc/gpio_v4_7/src -s libs  "SHELL=CMD" "COMPILER=mb-gcc" "ASSEMBLER=mb-as" "ARCHIVER=mb-ar" "COMPILER_F
TRACE::2025-08-26.17:49:49::SCWMssOS::LAGS=  -O2 -c -mcpu=v11.0 -mlittle-endian -mno-xl-soft-div -mno-xl-soft-mul -mxl-barrel-shift -mxl-pattern-compare" "EXTRA_COMP
TRACE::2025-08-26.17:49:49::SCWMssOS::ILER_FLAGS=-g -ffunction-sections -fdata-sections -Wall -Wextra"

TRACE::2025-08-26.17:49:49::SCWMssOS::"Running Make libs in microblaze_0/libsrc/iic_v3_7/src"

TRACE::2025-08-26.17:49:49::SCWMssOS::make -C microblaze_0/libsrc/iic_v3_7/src -s libs  "SHELL=CMD" "COMPILER=mb-gcc" "ASSEMBLER=mb-as" "ARCHIVER=mb-ar" "COMPILER_FL
TRACE::2025-08-26.17:49:49::SCWMssOS::AGS=  -O2 -c -mcpu=v11.0 -mlittle-endian -mno-xl-soft-div -mno-xl-soft-mul -mxl-barrel-shift -mxl-pattern-compare" "EXTRA_COMPI
TRACE::2025-08-26.17:49:49::SCWMssOS::LER_FLAGS=-g -ffunction-sections -fdata-sections -Wall -Wextra"

TRACE::2025-08-26.17:49:49::SCWMssOS::"Running Make libs in microblaze_0/libsrc/intc_v3_12/src"

TRACE::2025-08-26.17:49:49::SCWMssOS::make -C microblaze_0/libsrc/intc_v3_12/src -s libs  "SHELL=CMD" "COMPILER=mb-gcc" "ASSEMBLER=mb-as" "ARCHIVER=mb-ar" "COMPILER_
TRACE::2025-08-26.17:49:49::SCWMssOS::FLAGS=  -O2 -c -mcpu=v11.0 -mlittle-endian -mno-xl-soft-div -mno-xl-soft-mul -mxl-barrel-shift -mxl-pattern-compare" "EXTRA_COM
TRACE::2025-08-26.17:49:49::SCWMssOS::PILER_FLAGS=-g -ffunction-sections -fdata-sections -Wall -Wextra"

TRACE::2025-08-26.17:49:49::SCWMssOS::"Running Make libs in microblaze_0/libsrc/spi_v4_7/src"

TRACE::2025-08-26.17:49:49::SCWMssOS::make -C microblaze_0/libsrc/spi_v4_7/src -s libs  "SHELL=CMD" "COMPILER=mb-gcc" "ASSEMBLER=mb-as" "ARCHIVER=mb-ar" "COMPILER_FL
TRACE::2025-08-26.17:49:49::SCWMssOS::AGS=  -O2 -c -mcpu=v11.0 -mlittle-endian -mno-xl-soft-div -mno-xl-soft-mul -mxl-barrel-shift -mxl-pattern-compare" "EXTRA_COMPI
TRACE::2025-08-26.17:49:49::SCWMssOS::LER_FLAGS=-g -ffunction-sections -fdata-sections -Wall -Wextra"

TRACE::2025-08-26.17:49:49::SCWMssOS::"Running Make libs in microblaze_0/libsrc/standalone_v7_3/src"

TRACE::2025-08-26.17:49:49::SCWMssOS::make -C microblaze_0/libsrc/standalone_v7_3/src -s libs  "SHELL=CMD" "COMPILER=mb-gcc" "ASSEMBLER=mb-as" "ARCHIVER=mb-ar" "COMP
TRACE::2025-08-26.17:49:49::SCWMssOS::ILER_FLAGS=  -O2 -c -mcpu=v11.0 -mlittle-endian -mno-xl-soft-div -mno-xl-soft-mul -mxl-barrel-shift -mxl-pattern-compare" "EXTR
TRACE::2025-08-26.17:49:49::SCWMssOS::A_COMPILER_FLAGS=-g -ffunction-sections -fdata-sections -Wall -Wextra"

TRACE::2025-08-26.17:49:49::SCWMssOS::"Running Make libs in microblaze_0/libsrc/sysmon_v7_7/src"

TRACE::2025-08-26.17:49:49::SCWMssOS::make -C microblaze_0/libsrc/sysmon_v7_7/src -s libs  "SHELL=CMD" "COMPILER=mb-gcc" "ASSEMBLER=mb-as" "ARCHIVER=mb-ar" "COMPILER
TRACE::2025-08-26.17:49:49::SCWMssOS::_FLAGS=  -O2 -c -mcpu=v11.0 -mlittle-endian -mno-xl-soft-div -mno-xl-soft-mul -mxl-barrel-shift -mxl-pattern-compare" "EXTRA_CO
TRACE::2025-08-26.17:49:49::SCWMssOS::MPILER_FLAGS=-g -ffunction-sections -fdata-sections -Wall -Wextra"

TRACE::2025-08-26.17:49:49::SCWMssOS::"Running Make libs in microblaze_0/libsrc/tmrctr_v4_7/src"

TRACE::2025-08-26.17:49:49::SCWMssOS::make -C microblaze_0/libsrc/tmrctr_v4_7/src -s libs  "SHELL=CMD" "COMPILER=mb-gcc" "ASSEMBLER=mb-as" "ARCHIVER=mb-ar" "COMPILER
TRACE::2025-08-26.17:49:49::SCWMssOS::_FLAGS=  -O2 -c -mcpu=v11.0 -mlittle-endian -mno-xl-soft-div -mno-xl-soft-mul -mxl-barrel-shift -mxl-pattern-compare" "EXTRA_CO
TRACE::2025-08-26.17:49:49::SCWMssOS::MPILER_FLAGS=-g -ffunction-sections -fdata-sections -Wall -Wextra"

TRACE::2025-08-26.17:49:49::SCWMssOS::"Running Make libs in microblaze_0/libsrc/trafgen_v4_4/src"

TRACE::2025-08-26.17:49:49::SCWMssOS::make -C microblaze_0/libsrc/trafgen_v4_4/src -s libs  "SHELL=CMD" "COMPILER=mb-gcc" "ASSEMBLER=mb-as" "ARCHIVER=mb-ar" "COMPILE
TRACE::2025-08-26.17:49:49::SCWMssOS::R_FLAGS=  -O2 -c -mcpu=v11.0 -mlittle-endian -mno-xl-soft-div -mno-xl-soft-mul -mxl-barrel-shift -mxl-pattern-compare" "EXTRA_C
TRACE::2025-08-26.17:49:49::SCWMssOS::OMPILER_FLAGS=-g -ffunction-sections -fdata-sections -Wall -Wextra"

TRACE::2025-08-26.17:49:49::SCWMssOS::"Running Make libs in microblaze_0/libsrc/uartlite_v3_5/src"

TRACE::2025-08-26.17:49:49::SCWMssOS::make -C microblaze_0/libsrc/uartlite_v3_5/src -s libs  "SHELL=CMD" "COMPILER=mb-gcc" "ASSEMBLER=mb-as" "ARCHIVER=mb-ar" "COMPIL
TRACE::2025-08-26.17:49:49::SCWMssOS::ER_FLAGS=  -O2 -c -mcpu=v11.0 -mlittle-endian -mno-xl-soft-div -mno-xl-soft-mul -mxl-barrel-shift -mxl-pattern-compare" "EXTRA_
TRACE::2025-08-26.17:49:49::SCWMssOS::COMPILER_FLAGS=-g -ffunction-sections -fdata-sections -Wall -Wextra"

TRACE::2025-08-26.17:49:49::SCWMssOS::'Finished building libraries parallelly.'

TRACE::2025-08-26.17:49:49::SCWMssOS::make --no-print-directory archive

TRACE::2025-08-26.17:49:49::SCWMssOS::mb-ar -r  microblaze_0/lib/libxil.a microblaze_0/lib/xtmrctr_l.o microblaze_0/lib/xplatform_info.o microblaze_0/lib/xtmrctr_opt
TRACE::2025-08-26.17:49:49::SCWMssOS::ions.o microblaze_0/lib/microblaze_disable_exceptions.o microblaze_0/lib/print.o microblaze_0/lib/xspi_options.o microblaze_0/l
TRACE::2025-08-26.17:49:49::SCWMssOS::ib/xil_testio.o microblaze_0/lib/microblaze_disable_dcache.o microblaze_0/lib/microblaze_flush_dcache_range.o microblaze_0/lib/
TRACE::2025-08-26.17:49:49::SCWMssOS::xspi_g.o microblaze_0/lib/microblaze_flush_cache_ext.o microblaze_0/lib/xspi.o microblaze_0/lib/xspi_sinit.o microblaze_0/lib/i
TRACE::2025-08-26.17:49:49::SCWMssOS::nbyte.o microblaze_0/lib/xtrafgen_g.o microblaze_0/lib/xil_misc_psreset_api.o microblaze_0/lib/xspi_selftest.o microblaze_0/lib
TRACE::2025-08-26.17:49:49::SCWMssOS::/xsysmon_g.o microblaze_0/lib/xil_cache.o microblaze_0/lib/xil_util.o microblaze_0/lib/xiic_g.o microblaze_0/lib/xiic_multi_mas
TRACE::2025-08-26.17:49:49::SCWMssOS::ter.o microblaze_0/lib/xiic_sinit.o microblaze_0/lib/microblaze_exception_handler.o microblaze_0/lib/xbram_g.o microblaze_0/lib
TRACE::2025-08-26.17:49:49::SCWMssOS::/xbram_sinit.o microblaze_0/lib/xtrafgen.o microblaze_0/lib/microblaze_scrub.o microblaze_0/lib/xtmrctr_intr.o microblaze_0/lib
TRACE::2025-08-26.17:49:49::SCWMssOS::/microblaze_invalidate_dcache.o microblaze_0/lib/microblaze_disable_interrupts.o microblaze_0/lib/xbram_selftest.o microblaze_0
TRACE::2025-08-26.17:49:49::SCWMssOS::/lib/microblaze_interrupt_handler.o microblaze_0/lib/microblaze_disable_icache.o microblaze_0/lib/xaxidma_sinit.o microblaze_0/
TRACE::2025-08-26.17:49:49::SCWMssOS::lib/xsysmon_intr.o microblaze_0/lib/xgpio_g.o microblaze_0/lib/xuartlite_g.o microblaze_0/lib/xtmrctr_stats.o microblaze_0/lib/
TRACE::2025-08-26.17:49:49::SCWMssOS::xaxidma_selftest.o microblaze_0/lib/xiic_master.o microblaze_0/lib/xspi_stats.o microblaze_0/lib/microblaze_flush_cache_ext_ran
TRACE::2025-08-26.17:49:49::SCWMssOS::ge.o microblaze_0/lib/xaxidma_bd.o microblaze_0/lib/xiic_intr.o microblaze_0/lib/xbram_intr.o microblaze_0/lib/xil_sleepcommon.
TRACE::2025-08-26.17:49:49::SCWMssOS::o microblaze_0/lib/xil_printf.o microblaze_0/lib/xintc_g.o microblaze_0/lib/xintc_selftest.o microblaze_0/lib/xintc_l.o microbl
TRACE::2025-08-26.17:49:49::SCWMssOS::aze_0/lib/outbyte.o microblaze_0/lib/xgpio_extra.o microblaze_0/lib/xgpio_intr.o microblaze_0/lib/xiic_slave.o microblaze_0/lib
TRACE::2025-08-26.17:49:49::SCWMssOS::/microblaze_invalidate_dcache_range.o microblaze_0/lib/xil_testmem.o microblaze_0/lib/microblaze_invalidate_cache_ext.o microbl
TRACE::2025-08-26.17:49:49::SCWMssOS::aze_0/lib/microblaze_sleep.o microblaze_0/lib/xuartlite_sinit.o microblaze_0/lib/hw_exception_handler.o microblaze_0/lib/xtmrct
TRACE::2025-08-26.17:49:49::SCWMssOS::r.o microblaze_0/lib/xintc_options.o microblaze_0/lib/xuartlite_selftest.o microblaze_0/lib/xgpio_sinit.o microblaze_0/lib/xuar
TRACE::2025-08-26.17:49:49::SCWMssOS::tlite.o microblaze_0/lib/microblaze_update_dcache.o microblaze_0/lib/xaxidma_g.o microblaze_0/lib/xil_testcache.o microblaze_0/
TRACE::2025-08-26.17:49:49::SCWMssOS::lib/microblaze_selftest.o microblaze_0/lib/microblaze_interrupts_g.o microblaze_0/lib/microblaze_enable_exceptions.o microblaze
TRACE::2025-08-26.17:49:49::SCWMssOS::_0/lib/xil_mem.o microblaze_0/lib/xsysmon_sinit.o microblaze_0/lib/xtmrctr_g.o microblaze_0/lib/microblaze_enable_dcache.o micr
TRACE::2025-08-26.17:49:49::SCWMssOS::oblaze_0/lib/xiic_l.o microblaze_0/lib/_exit.o microblaze_0/lib/xuartlite_intr.o microblaze_0/lib/microblaze_invalidate_icache_
TRACE::2025-08-26.17:49:49::SCWMssOS::range.o microblaze_0/lib/xtmrctr_selftest.o microblaze_0/lib/xgpio.o microblaze_0/lib/microblaze_init_dcache_range.o microblaze
TRACE::2025-08-26.17:49:49::SCWMssOS::_0/lib/microblaze_invalidate_icache.o microblaze_0/lib/xaxidma.o microblaze_0/lib/errno.o microblaze_0/lib/xiic_dyn_master.o mi
TRACE::2025-08-26.17:49:49::SCWMssOS::croblaze_0/lib/xintc.o microblaze_0/lib/xuartlite_stats.o microblaze_0/lib/microblaze_invalidate_cache_ext_range.o microblaze_0
TRACE::2025-08-26.17:49:49::SCWMssOS::/lib/xintc_intr.o microblaze_0/lib/xil_exception.o microblaze_0/lib/pvr.o microblaze_0/lib/xbram.o microblaze_0/lib/xiic_option
TRACE::2025-08-26.17:49:49::SCWMssOS::s.o microblaze_0/lib/xtrafgen_sinit.o microblaze_0/lib/microblaze_update_icache.o microblaze_0/lib/microblaze_flush_dcache.o mi
TRACE::2025-08-26.17:49:49::SCWMssOS::croblaze_0/lib/xil_clocking.o microblaze_0/lib/xil_assert.o microblaze_0/lib/xiic_stats.o microblaze_0/lib/microblaze_enable_in
TRACE::2025-08-26.17:49:49::SCWMssOS::terrupts.o microblaze_0/lib/xio.o microblaze_0/lib/microblaze_enable_icache.o microblaze_0/lib/xiic.o microblaze_0/lib/xsysmon.
TRACE::2025-08-26.17:49:49::SCWMssOS::o microblaze_0/lib/microblaze_init_icache_range.o microblaze_0/lib/xaxidma_bdring.o microblaze_0/lib/xuartlite_l.o microblaze_0
TRACE::2025-08-26.17:49:49::SCWMssOS::/lib/xtmrctr_sinit.o microblaze_0/lib/xiic_selftest.o microblaze_0/lib/xsysmon_selftest.o microblaze_0/lib/fcntl.o microblaze_0
TRACE::2025-08-26.17:49:49::SCWMssOS::/lib/xgpio_selftest.o

TRACE::2025-08-26.17:49:51::SCWMssOS::'Finished building libraries'

TRACE::2025-08-26.17:49:51::SCWMssOS::Copying to export directory.
TRACE::2025-08-26.17:49:52::SCWMssOS:: Checking if to create the Supporting Applications
TRACE::2025-08-26.17:49:52::SCWMssOS:: No Linux domain exists, trying to generate FSBL 
LOG::2025-08-26.17:49:52::SCWSystem::Completed Processing the domain standalone_domain
LOG::2025-08-26.17:49:52::SCWSystem::Completed Processing the sysconfig McDMA_v3_singlechDMA
LOG::2025-08-26.17:49:52::SCWPlatform::Completed generating the artifacts for system configuration McDMA_v3_singlechDMA
TRACE::2025-08-26.17:49:52::SCWPlatform::Started preparing the platform 
TRACE::2025-08-26.17:49:52::SCWSystem::Writing the bif file for system config McDMA_v3_singlechDMA
TRACE::2025-08-26.17:49:52::SCWSystem::dir created 
TRACE::2025-08-26.17:49:52::SCWSystem::Writing the bif 
TRACE::2025-08-26.17:49:52::SCWPlatform::Started writing the spfm file 
TRACE::2025-08-26.17:49:52::SCWPlatform::Started writing the xpfm file 
TRACE::2025-08-26.17:49:52::SCWPlatform::Completed generating the platform
TRACE::2025-08-26.17:49:52::SCWMssOS::Saving the mss changes C:/Users/ilpes/Desktop/Antenne_e_clocks/McDMA_workspace/McDMA_v3_singlechDMA/microblaze_0/standalone_domain/bsp/system.mss
TRACE::2025-08-26.17:49:52::SCWMssOS::Found a swdesign opened with the mssfile.
TRACE::2025-08-26.17:49:52::SCWMssOS::Completed writemss as part of save.
TRACE::2025-08-26.17:49:52::SCWMssOS::Commit changes completed.
TRACE::2025-08-26.17:49:52::SCWPlatform::Trying to open the hw design at C:/Users/ilpes/Desktop/Antenne_e_clocks/McDMA_workspace/McDMA_v3_singlechDMA/hw/McDMA_v3.xsa
TRACE::2025-08-26.17:49:52::SCWPlatform::DSA given C:/Users/ilpes/Desktop/Antenne_e_clocks/McDMA_workspace/McDMA_v3_singlechDMA/hw/McDMA_v3.xsa
TRACE::2025-08-26.17:49:52::SCWPlatform::DSA absoulate path C:/Users/ilpes/Desktop/Antenne_e_clocks/McDMA_workspace/McDMA_v3_singlechDMA/hw/McDMA_v3.xsa
TRACE::2025-08-26.17:49:52::SCWPlatform::DSA directory C:/Users/ilpes/Desktop/Antenne_e_clocks/McDMA_workspace/McDMA_v3_singlechDMA/hw
TRACE::2025-08-26.17:49:52::SCWPlatform:: Platform Path C:/Users/ilpes/Desktop/Antenne_e_clocks/McDMA_workspace/McDMA_v3_singlechDMA/hw/McDMA_v3.xsa
TRACE::2025-08-26.17:49:52::SCWPlatform:: Unique name xilinx:cmod_a7-35t::0.0
TRACE::2025-08-26.17:49:52::SCWPlatform::Trying to set the existing hwdb with name user_35t_wrapper_7
TRACE::2025-08-26.17:49:52::SCWPlatform::Opened existing hwdb user_35t_wrapper_7
TRACE::2025-08-26.17:49:52::SCWPlatform::Found the Hw Db part of the input DSA
TRACE::2025-08-26.17:49:52::SCWMssOS::Checking the sw design at  C:/Users/ilpes/Desktop/Antenne_e_clocks/McDMA_workspace/McDMA_v3_singlechDMA/microblaze_0/standalone_domain/bsp/system.mss
TRACE::2025-08-26.17:49:52::SCWMssOS::DEBUG:  swdes dump  C:/Users/ilpes/Desktop/Antenne_e_clocks/McDMA_workspace/McDMA_v3_singlechDMA/microblaze_0/standalone_domain/bsp/system.mss|system_0||
C:/Users/ilpes/Desktop/Antenne_e_clocks/McDMA_workspace/McDMA_v4_fast_logic/microblaze_0/standalone_domain/bsp/system.mss|system||

TRACE::2025-08-26.17:49:52::SCWMssOS::Sw design exists and opened at  C:/Users/ilpes/Desktop/Antenne_e_clocks/McDMA_workspace/McDMA_v3_singlechDMA/microblaze_0/standalone_domain/bsp/system.mss
TRACE::2025-08-26.17:49:52::SCWWriter::formatted JSON is {
	"platformName":	"McDMA_v3_singlechDMA",
	"sprVersion":	"2.0",
	"mode":	"gui",
	"dsaType":	"Fixed",
	"platformDesc":	"McDMA_v3_singlechDMA",
	"platHandOff":	"C:/Users/ilpes/Desktop/INSEGNAMENTO/Didattica2023/McDMA/McDMA_v3/McDMA_v3.xsa",
	"platIntHandOff":	"<platformDir>/hw/McDMA_v3.xsa",
	"deviceType":	"FPGA",
	"platIsPrebuiltAutogen":	"false",
	"platIsNoBootBsp":	"false",
	"hasFsblMakeHasChanges":	"false",
	"hasPmufwMakeHasChanges":	"false",
	"platPreBuiltFlag":	false,
	"platformSamplesDir":	"",
	"platActiveSys":	"McDMA_v3_singlechDMA",
	"systems":	[{
			"systemName":	"McDMA_v3_singlechDMA",
			"systemDesc":	"McDMA_v3_singlechDMA",
			"sysIsBootAutoGen":	"true",
			"systemDispName":	"McDMA_v3_singlechDMA",
			"sysActiveDom":	"standalone_domain",
			"sysDefaultDom":	"standalone_domain",
			"domains":	[{
					"domainName":	"standalone_domain",
					"domainDispName":	"standalone on microblaze_0",
					"domainDesc":	"standalone_domain",
					"processors":	"microblaze_0",
					"os":	"standalone",
					"sdxOs":	"standalone",
					"debugEnable":	"False",
					"domRuntimes":	["cpp"],
					"swRepo":	"",
					"mssOsVer":	"7.3",
					"mssFile":	"",
					"md5Digest":	"8aa4a94eadc16cce49810be106498316",
					"compatibleApp":	"",
					"domType":	"mssDomain",
					"arch":	"32-bit",
					"appSettings":	{
						"appCompilerFlags":	"",
						"appLinkerFlags":	""
					},
					"addedLibs":	[],
					"libOptions":	{
						"libsContainingOptions":	[]
					},
					"prebuiltLibs":	{
						"prebuiltIncPath":	[],
						"prebuiltLibPath":	[]
					},
					"isolation":	{
					}
				}]
		}]
}
KEYINFO::2025-08-26.17:49:52::SCWPlatform::updated the xpfm file.
TRACE::2025-08-26.17:49:52::SCWPlatform::Trying to open the hw design at C:/Users/ilpes/Desktop/Antenne_e_clocks/McDMA_workspace/McDMA_v3_singlechDMA/hw/McDMA_v3.xsa
TRACE::2025-08-26.17:49:52::SCWPlatform::DSA given C:/Users/ilpes/Desktop/Antenne_e_clocks/McDMA_workspace/McDMA_v3_singlechDMA/hw/McDMA_v3.xsa
TRACE::2025-08-26.17:49:52::SCWPlatform::DSA absoulate path C:/Users/ilpes/Desktop/Antenne_e_clocks/McDMA_workspace/McDMA_v3_singlechDMA/hw/McDMA_v3.xsa
TRACE::2025-08-26.17:49:52::SCWPlatform::DSA directory C:/Users/ilpes/Desktop/Antenne_e_clocks/McDMA_workspace/McDMA_v3_singlechDMA/hw
TRACE::2025-08-26.17:49:52::SCWPlatform:: Platform Path C:/Users/ilpes/Desktop/Antenne_e_clocks/McDMA_workspace/McDMA_v3_singlechDMA/hw/McDMA_v3.xsa
TRACE::2025-08-26.17:49:52::SCWPlatform:: Unique name xilinx:cmod_a7-35t::0.0
TRACE::2025-08-26.17:49:52::SCWPlatform::Trying to set the existing hwdb with name user_35t_wrapper_7
TRACE::2025-08-26.17:49:52::SCWPlatform::Opened existing hwdb user_35t_wrapper_7
TRACE::2025-08-26.17:49:52::SCWPlatform::Found the Hw Db part of the input DSA
TRACE::2025-08-26.17:49:52::SCWMssOS::Checking the sw design at  C:/Users/ilpes/Desktop/Antenne_e_clocks/McDMA_workspace/McDMA_v3_singlechDMA/microblaze_0/standalone_domain/bsp/system.mss
TRACE::2025-08-26.17:49:52::SCWMssOS::DEBUG:  swdes dump  C:/Users/ilpes/Desktop/Antenne_e_clocks/McDMA_workspace/McDMA_v3_singlechDMA/microblaze_0/standalone_domain/bsp/system.mss|system_0||
C:/Users/ilpes/Desktop/Antenne_e_clocks/McDMA_workspace/McDMA_v4_fast_logic/microblaze_0/standalone_domain/bsp/system.mss|system||

TRACE::2025-08-26.17:49:52::SCWMssOS::Sw design exists and opened at  C:/Users/ilpes/Desktop/Antenne_e_clocks/McDMA_workspace/McDMA_v3_singlechDMA/microblaze_0/standalone_domain/bsp/system.mss
