Copyright 1986-2020 Xilinx, Inc. All Rights Reserved.
-----------------------------------------------------------------------------------------------------------------------------------------------------------------------------------------------------------------------
| Tool Version : Vivado v.2020.2 (win64) Build 3064766 Wed Nov 18 09:12:45 MST 2020
| Date         : Sun Aug 17 09:11:45 2025
| Host         : LAPTOP-IMI5H5SA running 64-bit major release  (build 9200)
| Command      : report_timing_summary -max_paths 10 -file user_35t_wrapper_timing_summary_routed.rpt -pb user_35t_wrapper_timing_summary_routed.pb -rpx user_35t_wrapper_timing_summary_routed.rpx -warn_on_violation
| Design       : user_35t_wrapper
| Device       : 7a35t-cpg236
| Speed File   : -1  PRODUCTION 1.23 2018-06-13
-----------------------------------------------------------------------------------------------------------------------------------------------------------------------------------------------------------------------

Timing Summary Report

------------------------------------------------------------------------------------------------
| Timer Settings
| --------------
------------------------------------------------------------------------------------------------

  Enable Multi Corner Analysis               :  Yes
  Enable Pessimism Removal                   :  Yes
  Pessimism Removal Resolution               :  Nearest Common Node
  Enable Input Delay Default Clock           :  No
  Enable Preset / Clear Arcs                 :  No
  Disable Flight Delays                      :  No
  Ignore I/O Paths                           :  No
  Timing Early Launch at Borrowing Latches   :  No
  Borrow Time for Max Delay Exceptions       :  Yes
  Merge Timing Exceptions                    :  Yes

  Corner  Analyze    Analyze    
  Name    Max Paths  Min Paths  
  ------  ---------  ---------  
  Slow    Yes        Yes        
  Fast    Yes        Yes        



check_timing report

Table of Contents
-----------------
1. checking no_clock (0)
2. checking constant_clock (0)
3. checking pulse_width_clock (0)
4. checking unconstrained_internal_endpoints (0)
5. checking no_input_delay (20)
6. checking no_output_delay (42)
7. checking multiple_clock (0)
8. checking generated_clocks (0)
9. checking loops (0)
10. checking partial_input_delay (0)
11. checking partial_output_delay (0)
12. checking latch_loops (0)

1. checking no_clock (0)
------------------------
 There are 0 register/latch pins with no clock.


2. checking constant_clock (0)
------------------------------
 There are 0 register/latch pins with constant_clock.


3. checking pulse_width_clock (0)
---------------------------------
 There are 0 register/latch pins which need pulse_width check


4. checking unconstrained_internal_endpoints (0)
------------------------------------------------
 There are 0 pins that are not constrained for maximum delay.

 There are 0 pins that are not constrained for maximum delay due to constant clock.


5. checking no_input_delay (20)
-------------------------------
 There are 20 input ports with no input delay specified. (HIGH)

 There are 0 input ports with no input delay but user has a false path constraint.


6. checking no_output_delay (42)
--------------------------------
 There are 42 ports with no output delay specified. (HIGH)

 There are 0 ports with no output delay but user has a false path constraint

 There are 0 ports with no output delay but with a timing clock defined on it or propagating through it


7. checking multiple_clock (0)
------------------------------
 There are 0 register/latch pins with multiple clocks.


8. checking generated_clocks (0)
--------------------------------
 There are 0 generated clocks that are not connected to a clock source.


9. checking loops (0)
---------------------
 There are 0 combinational loops in the design.


10. checking partial_input_delay (0)
------------------------------------
 There are 0 input ports with partial input delay specified.


11. checking partial_output_delay (0)
-------------------------------------
 There are 0 ports with partial output delay specified.


12. checking latch_loops (0)
----------------------------
 There are 0 combinational latch loops in the design through latch input



------------------------------------------------------------------------------------------------
| Design Timing Summary
| ---------------------
------------------------------------------------------------------------------------------------

    WNS(ns)      TNS(ns)  TNS Failing Endpoints  TNS Total Endpoints      WHS(ns)      THS(ns)  THS Failing Endpoints  THS Total Endpoints     WPWS(ns)     TPWS(ns)  TPWS Failing Endpoints  TPWS Total Endpoints  
    -------      -------  ---------------------  -------------------      -------      -------  ---------------------  -------------------     --------     --------  ----------------------  --------------------  
      0.346        0.000                      0                57221        0.013        0.000                      0                57205        3.750        0.000                       0                 26308  


All user specified timing constraints are met.


------------------------------------------------------------------------------------------------
| Clock Summary
| -------------
------------------------------------------------------------------------------------------------

Clock                                                                                       Waveform(ns)         Period(ns)      Frequency(MHz)
-----                                                                                       ------------         ----------      --------------
dbg_hub/inst/BSCANID.u_xsdbm_id/SWITCH_N_EXT_BSCAN.bscan_inst/SERIES7_BSCAN.bscan_inst/TCK  {0.000 16.500}       33.000          30.303          
sys_clk_pin                                                                                 {0.000 41.660}       83.330          12.000          
user_35t_i/clk_wiz_0/inst/clk_in1                                                           {0.000 41.666}       83.333          12.000          
  clk_out1_user_35t_clk_wiz_0_0                                                             {0.000 5.000}        10.000          100.000         
  clkfbout_user_35t_clk_wiz_0_0                                                             {0.000 41.666}       83.333          12.000          
user_35t_i/mdm_1/U0/Use_E2.BSCAN_I/Use_E2.BSCANE2_I/DRCK                                    {0.000 16.666}       33.333          30.000          
user_35t_i/mdm_1/U0/Use_E2.BSCAN_I/Use_E2.BSCANE2_I/UPDATE                                  {0.000 16.666}       33.333          30.000          


------------------------------------------------------------------------------------------------
| Intra Clock Table
| -----------------
------------------------------------------------------------------------------------------------

Clock                                                                                           WNS(ns)      TNS(ns)  TNS Failing Endpoints  TNS Total Endpoints      WHS(ns)      THS(ns)  THS Failing Endpoints  THS Total Endpoints     WPWS(ns)     TPWS(ns)  TPWS Failing Endpoints  TPWS Total Endpoints  
-----                                                                                           -------      -------  ---------------------  -------------------      -------      -------  ---------------------  -------------------     --------     --------  ----------------------  --------------------  
dbg_hub/inst/BSCANID.u_xsdbm_id/SWITCH_N_EXT_BSCAN.bscan_inst/SERIES7_BSCAN.bscan_inst/TCK       26.427        0.000                      0                  943        0.121        0.000                      0                  943       15.250        0.000                       0                   495  
sys_clk_pin                                                                                      77.719        0.000                      0                   46        0.252        0.000                      0                   46       41.160        0.000                       0                    38  
user_35t_i/clk_wiz_0/inst/clk_in1                                                                                                                                                                                                            16.667        0.000                       0                     1  
  clk_out1_user_35t_clk_wiz_0_0                                                                   0.346        0.000                      0                55509        0.027        0.000                      0                55509        3.750        0.000                       0                 25482  
  clkfbout_user_35t_clk_wiz_0_0                                                                                                                                                                                                              16.667        0.000                       0                     3  
user_35t_i/mdm_1/U0/Use_E2.BSCAN_I/Use_E2.BSCANE2_I/DRCK                                         13.642        0.000                      0                  239        0.013        0.000                      0                  239       15.686        0.000                       0                   248  
user_35t_i/mdm_1/U0/Use_E2.BSCAN_I/Use_E2.BSCANE2_I/UPDATE                                       10.478        0.000                      0                   47        0.264        0.000                      0                   47       16.166        0.000                       0                    41  


------------------------------------------------------------------------------------------------
| Inter Clock Table
| -----------------
------------------------------------------------------------------------------------------------

From Clock                                                                                  To Clock                                                                                        WNS(ns)      TNS(ns)  TNS Failing Endpoints  TNS Total Endpoints      WHS(ns)      THS(ns)  THS Failing Endpoints  THS Total Endpoints  
----------                                                                                  --------                                                                                        -------      -------  ---------------------  -------------------      -------      -------  ---------------------  -------------------  
clk_out1_user_35t_clk_wiz_0_0                                                               dbg_hub/inst/BSCANID.u_xsdbm_id/SWITCH_N_EXT_BSCAN.bscan_inst/SERIES7_BSCAN.bscan_inst/TCK        8.677        0.000                      0                    8                                                                        
dbg_hub/inst/BSCANID.u_xsdbm_id/SWITCH_N_EXT_BSCAN.bscan_inst/SERIES7_BSCAN.bscan_inst/TCK  clk_out1_user_35t_clk_wiz_0_0                                                                    31.674        0.000                      0                    8                                                                        


------------------------------------------------------------------------------------------------
| Other Path Groups Table
| -----------------------
------------------------------------------------------------------------------------------------

Path Group                                                                                  From Clock                                                                                  To Clock                                                                                        WNS(ns)      TNS(ns)  TNS Failing Endpoints  TNS Total Endpoints      WHS(ns)      THS(ns)  THS Failing Endpoints  THS Total Endpoints  
----------                                                                                  ----------                                                                                  --------                                                                                        -------      -------  ---------------------  -------------------      -------      -------  ---------------------  -------------------  
**async_default**                                                                           clk_out1_user_35t_clk_wiz_0_0                                                               clk_out1_user_35t_clk_wiz_0_0                                                                     3.879        0.000                      0                  321        0.307        0.000                      0                  321  
**async_default**                                                                           dbg_hub/inst/BSCANID.u_xsdbm_id/SWITCH_N_EXT_BSCAN.bscan_inst/SERIES7_BSCAN.bscan_inst/TCK  dbg_hub/inst/BSCANID.u_xsdbm_id/SWITCH_N_EXT_BSCAN.bscan_inst/SERIES7_BSCAN.bscan_inst/TCK       27.548        0.000                      0                  100        0.333        0.000                      0                  100  


------------------------------------------------------------------------------------------------
| Timing Details
| --------------
------------------------------------------------------------------------------------------------


---------------------------------------------------------------------------------------------------
From Clock:  dbg_hub/inst/BSCANID.u_xsdbm_id/SWITCH_N_EXT_BSCAN.bscan_inst/SERIES7_BSCAN.bscan_inst/TCK
  To Clock:  dbg_hub/inst/BSCANID.u_xsdbm_id/SWITCH_N_EXT_BSCAN.bscan_inst/SERIES7_BSCAN.bscan_inst/TCK

Setup :            0  Failing Endpoints,  Worst Slack       26.427ns,  Total Violation        0.000ns
Hold  :            0  Failing Endpoints,  Worst Slack        0.121ns,  Total Violation        0.000ns
PW    :            0  Failing Endpoints,  Worst Slack       15.250ns,  Total Violation        0.000ns
---------------------------------------------------------------------------------------------------


Max Delay Paths
--------------------------------------------------------------------------------------
Slack (MET) :             26.427ns  (required time - arrival time)
  Source:                 dbg_hub/inst/BSCANID.u_xsdbm_id/SWITCH_N_EXT_BSCAN.bscan_switch/state_reg[2]/C
                            (rising edge-triggered cell FDRE clocked by dbg_hub/inst/BSCANID.u_xsdbm_id/SWITCH_N_EXT_BSCAN.bscan_inst/SERIES7_BSCAN.bscan_inst/TCK  {rise@0.000ns fall@16.500ns period=33.000ns})
  Destination:            dbg_hub/inst/BSCANID.u_xsdbm_id/SWITCH_N_EXT_BSCAN.bscan_switch/state_temp_reg[1]/D
                            (rising edge-triggered cell FDRE clocked by dbg_hub/inst/BSCANID.u_xsdbm_id/SWITCH_N_EXT_BSCAN.bscan_inst/SERIES7_BSCAN.bscan_inst/TCK  {rise@0.000ns fall@16.500ns period=33.000ns})
  Path Group:             dbg_hub/inst/BSCANID.u_xsdbm_id/SWITCH_N_EXT_BSCAN.bscan_inst/SERIES7_BSCAN.bscan_inst/TCK
  Path Type:              Setup (Max at Slow Process Corner)
  Requirement:            33.000ns  (dbg_hub/inst/BSCANID.u_xsdbm_id/SWITCH_N_EXT_BSCAN.bscan_inst/SERIES7_BSCAN.bscan_inst/TCK rise@33.000ns - dbg_hub/inst/BSCANID.u_xsdbm_id/SWITCH_N_EXT_BSCAN.bscan_inst/SERIES7_BSCAN.bscan_inst/TCK rise@0.000ns)
  Data Path Delay:        6.545ns  (logic 1.797ns (27.456%)  route 4.748ns (72.544%))
  Logic Levels:           6  (CARRY4=2 LUT4=1 LUT6=3)
  Clock Path Skew:        -0.022ns (DCD - SCD + CPR)
    Destination Clock Delay (DCD):    3.201ns = ( 36.201 - 33.000 ) 
    Source Clock Delay      (SCD):    3.585ns
    Clock Pessimism Removal (CPR):    0.362ns
  Clock Uncertainty:      0.035ns  ((TSJ^2 + TIJ^2)^1/2 + DJ) / 2 + PE
    Total System Jitter     (TSJ):    0.071ns
    Total Input Jitter      (TIJ):    0.000ns
    Discrete Jitter          (DJ):    0.000ns
    Phase Error              (PE):    0.000ns

    Location             Delay type                Incr(ns)  Path(ns)    Netlist Resource(s)
  -------------------------------------------------------------------    -------------------
                         (clock dbg_hub/inst/BSCANID.u_xsdbm_id/SWITCH_N_EXT_BSCAN.bscan_inst/SERIES7_BSCAN.bscan_inst/TCK rise edge)
                                                      0.000     0.000 r  
    BSCAN_X0Y0           BSCANE2                      0.000     0.000 r  dbg_hub/inst/BSCANID.u_xsdbm_id/SWITCH_N_EXT_BSCAN.bscan_inst/SERIES7_BSCAN.bscan_inst/TCK
                         net (fo=1, routed)           1.854     1.854    dbg_hub/inst/BSCANID.u_xsdbm_id/tck_bs
    BUFGCTRL_X0Y1        BUFG (Prop_bufg_I_O)         0.096     1.950 r  dbg_hub/inst/BSCANID.u_xsdbm_id/SWITCH_N_EXT_BSCAN.u_bufg_icon_tck/O
                         net (fo=494, routed)         1.635     3.585    dbg_hub/inst/BSCANID.u_xsdbm_id/SWITCH_N_EXT_BSCAN.bscan_switch/s_bscan_tck
    SLICE_X6Y4           FDRE                                         r  dbg_hub/inst/BSCANID.u_xsdbm_id/SWITCH_N_EXT_BSCAN.bscan_switch/state_reg[2]/C
  -------------------------------------------------------------------    -------------------
    SLICE_X6Y4           FDRE (Prop_fdre_C_Q)         0.478     4.063 f  dbg_hub/inst/BSCANID.u_xsdbm_id/SWITCH_N_EXT_BSCAN.bscan_switch/state_reg[2]/Q
                         net (fo=50, routed)          1.452     5.515    dbg_hub/inst/BSCANID.u_xsdbm_id/SWITCH_N_EXT_BSCAN.bscan_switch/state[2]
    SLICE_X2Y3           LUT4 (Prop_lut4_I2_O)        0.301     5.816 r  dbg_hub/inst/BSCANID.u_xsdbm_id/SWITCH_N_EXT_BSCAN.bscan_switch/curid_inferred_i_22/O
                         net (fo=2, routed)           1.114     6.931    dbg_hub/inst/BSCANID.u_xsdbm_id/SWITCH_N_EXT_BSCAN.bscan_switch/curid[10]
    SLICE_X1Y3           LUT6 (Prop_lut6_I1_O)        0.124     7.055 r  dbg_hub/inst/BSCANID.u_xsdbm_id/SWITCH_N_EXT_BSCAN.bscan_switch/state_temp[0]_i_12/O
                         net (fo=1, routed)           0.000     7.055    dbg_hub/inst/BSCANID.u_xsdbm_id/SWITCH_N_EXT_BSCAN.bscan_switch/state_temp[0]_i_12_n_0
    SLICE_X1Y3           CARRY4 (Prop_carry4_S[0]_CO[3])
                                                      0.532     7.587 r  dbg_hub/inst/BSCANID.u_xsdbm_id/SWITCH_N_EXT_BSCAN.bscan_switch/state_temp_reg[0]_i_4/CO[3]
                         net (fo=1, routed)           0.000     7.587    dbg_hub/inst/BSCANID.u_xsdbm_id/SWITCH_N_EXT_BSCAN.bscan_switch/state_temp_reg[0]_i_4_n_0
    SLICE_X1Y4           CARRY4 (Prop_carry4_CI_CO[3])
                                                      0.114     7.701 f  dbg_hub/inst/BSCANID.u_xsdbm_id/SWITCH_N_EXT_BSCAN.bscan_switch/state_temp_reg[0]_i_3/CO[3]
                         net (fo=4, routed)           1.308     9.009    dbg_hub/inst/BSCANID.u_xsdbm_id/SWITCH_N_EXT_BSCAN.bscan_switch/state_temp_reg[0]_i_3_n_0
    SLICE_X6Y4           LUT6 (Prop_lut6_I5_O)        0.124     9.133 f  dbg_hub/inst/BSCANID.u_xsdbm_id/SWITCH_N_EXT_BSCAN.bscan_switch/state_temp[1]_i_2/O
                         net (fo=1, routed)           0.873    10.006    dbg_hub/inst/BSCANID.u_xsdbm_id/SWITCH_N_EXT_BSCAN.bscan_switch/state_temp[1]_i_2_n_0
    SLICE_X7Y4           LUT6 (Prop_lut6_I5_O)        0.124    10.130 r  dbg_hub/inst/BSCANID.u_xsdbm_id/SWITCH_N_EXT_BSCAN.bscan_switch/state_temp[1]_i_1/O
                         net (fo=1, routed)           0.000    10.130    dbg_hub/inst/BSCANID.u_xsdbm_id/SWITCH_N_EXT_BSCAN.bscan_switch/state_temp[1]_i_1_n_0
    SLICE_X7Y4           FDRE                                         r  dbg_hub/inst/BSCANID.u_xsdbm_id/SWITCH_N_EXT_BSCAN.bscan_switch/state_temp_reg[1]/D
  -------------------------------------------------------------------    -------------------

                         (clock dbg_hub/inst/BSCANID.u_xsdbm_id/SWITCH_N_EXT_BSCAN.bscan_inst/SERIES7_BSCAN.bscan_inst/TCK rise edge)
                                                     33.000    33.000 r  
    BSCAN_X0Y0           BSCANE2                      0.000    33.000 r  dbg_hub/inst/BSCANID.u_xsdbm_id/SWITCH_N_EXT_BSCAN.bscan_inst/SERIES7_BSCAN.bscan_inst/TCK
                         net (fo=1, routed)           1.593    34.593    dbg_hub/inst/BSCANID.u_xsdbm_id/tck_bs
    BUFGCTRL_X0Y1        BUFG (Prop_bufg_I_O)         0.091    34.684 r  dbg_hub/inst/BSCANID.u_xsdbm_id/SWITCH_N_EXT_BSCAN.u_bufg_icon_tck/O
                         net (fo=494, routed)         1.517    36.201    dbg_hub/inst/BSCANID.u_xsdbm_id/SWITCH_N_EXT_BSCAN.bscan_switch/s_bscan_tck
    SLICE_X7Y4           FDRE                                         r  dbg_hub/inst/BSCANID.u_xsdbm_id/SWITCH_N_EXT_BSCAN.bscan_switch/state_temp_reg[1]/C
                         clock pessimism              0.362    36.563    
                         clock uncertainty           -0.035    36.528    
    SLICE_X7Y4           FDRE (Setup_fdre_C_D)        0.029    36.557    dbg_hub/inst/BSCANID.u_xsdbm_id/SWITCH_N_EXT_BSCAN.bscan_switch/state_temp_reg[1]
  -------------------------------------------------------------------
                         required time                         36.557    
                         arrival time                         -10.130    
  -------------------------------------------------------------------
                         slack                                 26.427    

Slack (MET) :             27.038ns  (required time - arrival time)
  Source:                 dbg_hub/inst/BSCANID.u_xsdbm_id/SWITCH_N_EXT_BSCAN.bscan_switch/state_reg[2]/C
                            (rising edge-triggered cell FDRE clocked by dbg_hub/inst/BSCANID.u_xsdbm_id/SWITCH_N_EXT_BSCAN.bscan_inst/SERIES7_BSCAN.bscan_inst/TCK  {rise@0.000ns fall@16.500ns period=33.000ns})
  Destination:            dbg_hub/inst/BSCANID.u_xsdbm_id/SWITCH_N_EXT_BSCAN.bscan_switch/portno_temp_reg[2]/D
                            (rising edge-triggered cell FDRE clocked by dbg_hub/inst/BSCANID.u_xsdbm_id/SWITCH_N_EXT_BSCAN.bscan_inst/SERIES7_BSCAN.bscan_inst/TCK  {rise@0.000ns fall@16.500ns period=33.000ns})
  Path Group:             dbg_hub/inst/BSCANID.u_xsdbm_id/SWITCH_N_EXT_BSCAN.bscan_inst/SERIES7_BSCAN.bscan_inst/TCK
  Path Type:              Setup (Max at Slow Process Corner)
  Requirement:            33.000ns  (dbg_hub/inst/BSCANID.u_xsdbm_id/SWITCH_N_EXT_BSCAN.bscan_inst/SERIES7_BSCAN.bscan_inst/TCK rise@33.000ns - dbg_hub/inst/BSCANID.u_xsdbm_id/SWITCH_N_EXT_BSCAN.bscan_inst/SERIES7_BSCAN.bscan_inst/TCK rise@0.000ns)
  Data Path Delay:        5.982ns  (logic 1.797ns (30.038%)  route 4.185ns (69.962%))
  Logic Levels:           6  (CARRY4=2 LUT3=1 LUT4=1 LUT5=1 LUT6=1)
  Clock Path Skew:        -0.025ns (DCD - SCD + CPR)
    Destination Clock Delay (DCD):    3.201ns = ( 36.201 - 33.000 ) 
    Source Clock Delay      (SCD):    3.585ns
    Clock Pessimism Removal (CPR):    0.359ns
  Clock Uncertainty:      0.035ns  ((TSJ^2 + TIJ^2)^1/2 + DJ) / 2 + PE
    Total System Jitter     (TSJ):    0.071ns
    Total Input Jitter      (TIJ):    0.000ns
    Discrete Jitter          (DJ):    0.000ns
    Phase Error              (PE):    0.000ns

    Location             Delay type                Incr(ns)  Path(ns)    Netlist Resource(s)
  -------------------------------------------------------------------    -------------------
                         (clock dbg_hub/inst/BSCANID.u_xsdbm_id/SWITCH_N_EXT_BSCAN.bscan_inst/SERIES7_BSCAN.bscan_inst/TCK rise edge)
                                                      0.000     0.000 r  
    BSCAN_X0Y0           BSCANE2                      0.000     0.000 r  dbg_hub/inst/BSCANID.u_xsdbm_id/SWITCH_N_EXT_BSCAN.bscan_inst/SERIES7_BSCAN.bscan_inst/TCK
                         net (fo=1, routed)           1.854     1.854    dbg_hub/inst/BSCANID.u_xsdbm_id/tck_bs
    BUFGCTRL_X0Y1        BUFG (Prop_bufg_I_O)         0.096     1.950 r  dbg_hub/inst/BSCANID.u_xsdbm_id/SWITCH_N_EXT_BSCAN.u_bufg_icon_tck/O
                         net (fo=494, routed)         1.635     3.585    dbg_hub/inst/BSCANID.u_xsdbm_id/SWITCH_N_EXT_BSCAN.bscan_switch/s_bscan_tck
    SLICE_X6Y4           FDRE                                         r  dbg_hub/inst/BSCANID.u_xsdbm_id/SWITCH_N_EXT_BSCAN.bscan_switch/state_reg[2]/C
  -------------------------------------------------------------------    -------------------
    SLICE_X6Y4           FDRE (Prop_fdre_C_Q)         0.478     4.063 f  dbg_hub/inst/BSCANID.u_xsdbm_id/SWITCH_N_EXT_BSCAN.bscan_switch/state_reg[2]/Q
                         net (fo=50, routed)          1.452     5.515    dbg_hub/inst/BSCANID.u_xsdbm_id/SWITCH_N_EXT_BSCAN.bscan_switch/state[2]
    SLICE_X2Y3           LUT4 (Prop_lut4_I2_O)        0.301     5.816 r  dbg_hub/inst/BSCANID.u_xsdbm_id/SWITCH_N_EXT_BSCAN.bscan_switch/curid_inferred_i_22/O
                         net (fo=2, routed)           1.114     6.931    dbg_hub/inst/BSCANID.u_xsdbm_id/SWITCH_N_EXT_BSCAN.bscan_switch/curid[10]
    SLICE_X1Y3           LUT6 (Prop_lut6_I1_O)        0.124     7.055 r  dbg_hub/inst/BSCANID.u_xsdbm_id/SWITCH_N_EXT_BSCAN.bscan_switch/state_temp[0]_i_12/O
                         net (fo=1, routed)           0.000     7.055    dbg_hub/inst/BSCANID.u_xsdbm_id/SWITCH_N_EXT_BSCAN.bscan_switch/state_temp[0]_i_12_n_0
    SLICE_X1Y3           CARRY4 (Prop_carry4_S[0]_CO[3])
                                                      0.532     7.587 r  dbg_hub/inst/BSCANID.u_xsdbm_id/SWITCH_N_EXT_BSCAN.bscan_switch/state_temp_reg[0]_i_4/CO[3]
                         net (fo=1, routed)           0.000     7.587    dbg_hub/inst/BSCANID.u_xsdbm_id/SWITCH_N_EXT_BSCAN.bscan_switch/state_temp_reg[0]_i_4_n_0
    SLICE_X1Y4           CARRY4 (Prop_carry4_CI_CO[3])
                                                      0.114     7.701 f  dbg_hub/inst/BSCANID.u_xsdbm_id/SWITCH_N_EXT_BSCAN.bscan_switch/state_temp_reg[0]_i_3/CO[3]
                         net (fo=4, routed)           0.617     8.317    dbg_hub/inst/BSCANID.u_xsdbm_id/SWITCH_N_EXT_BSCAN.bscan_switch/state_temp_reg[0]_i_3_n_0
    SLICE_X5Y4           LUT5 (Prop_lut5_I1_O)        0.124     8.441 r  dbg_hub/inst/BSCANID.u_xsdbm_id/SWITCH_N_EXT_BSCAN.bscan_switch/portno_temp[5]_i_2/O
                         net (fo=7, routed)           1.002     9.443    dbg_hub/inst/BSCANID.u_xsdbm_id/SWITCH_N_EXT_BSCAN.bscan_switch/portno_temp[5]_i_2_n_0
    SLICE_X6Y5           LUT3 (Prop_lut3_I1_O)        0.124     9.567 r  dbg_hub/inst/BSCANID.u_xsdbm_id/SWITCH_N_EXT_BSCAN.bscan_switch/portno_temp[2]_i_1/O
                         net (fo=1, routed)           0.000     9.567    dbg_hub/inst/BSCANID.u_xsdbm_id/SWITCH_N_EXT_BSCAN.bscan_switch/portno_temp[2]_i_1_n_0
    SLICE_X6Y5           FDRE                                         r  dbg_hub/inst/BSCANID.u_xsdbm_id/SWITCH_N_EXT_BSCAN.bscan_switch/portno_temp_reg[2]/D
  -------------------------------------------------------------------    -------------------

                         (clock dbg_hub/inst/BSCANID.u_xsdbm_id/SWITCH_N_EXT_BSCAN.bscan_inst/SERIES7_BSCAN.bscan_inst/TCK rise edge)
                                                     33.000    33.000 r  
    BSCAN_X0Y0           BSCANE2                      0.000    33.000 r  dbg_hub/inst/BSCANID.u_xsdbm_id/SWITCH_N_EXT_BSCAN.bscan_inst/SERIES7_BSCAN.bscan_inst/TCK
                         net (fo=1, routed)           1.593    34.593    dbg_hub/inst/BSCANID.u_xsdbm_id/tck_bs
    BUFGCTRL_X0Y1        BUFG (Prop_bufg_I_O)         0.091    34.684 r  dbg_hub/inst/BSCANID.u_xsdbm_id/SWITCH_N_EXT_BSCAN.u_bufg_icon_tck/O
                         net (fo=494, routed)         1.517    36.201    dbg_hub/inst/BSCANID.u_xsdbm_id/SWITCH_N_EXT_BSCAN.bscan_switch/s_bscan_tck
    SLICE_X6Y5           FDRE                                         r  dbg_hub/inst/BSCANID.u_xsdbm_id/SWITCH_N_EXT_BSCAN.bscan_switch/portno_temp_reg[2]/C
                         clock pessimism              0.359    36.560    
                         clock uncertainty           -0.035    36.525    
    SLICE_X6Y5           FDRE (Setup_fdre_C_D)        0.081    36.606    dbg_hub/inst/BSCANID.u_xsdbm_id/SWITCH_N_EXT_BSCAN.bscan_switch/portno_temp_reg[2]
  -------------------------------------------------------------------
                         required time                         36.606    
                         arrival time                          -9.568    
  -------------------------------------------------------------------
                         slack                                 27.038    

Slack (MET) :             27.189ns  (required time - arrival time)
  Source:                 dbg_hub/inst/BSCANID.u_xsdbm_id/SWITCH_N_EXT_BSCAN.bscan_switch/state_reg[2]/C
                            (rising edge-triggered cell FDRE clocked by dbg_hub/inst/BSCANID.u_xsdbm_id/SWITCH_N_EXT_BSCAN.bscan_inst/SERIES7_BSCAN.bscan_inst/TCK  {rise@0.000ns fall@16.500ns period=33.000ns})
  Destination:            dbg_hub/inst/BSCANID.u_xsdbm_id/SWITCH_N_EXT_BSCAN.bscan_switch/portno_temp_reg[5]/D
                            (rising edge-triggered cell FDRE clocked by dbg_hub/inst/BSCANID.u_xsdbm_id/SWITCH_N_EXT_BSCAN.bscan_inst/SERIES7_BSCAN.bscan_inst/TCK  {rise@0.000ns fall@16.500ns period=33.000ns})
  Path Group:             dbg_hub/inst/BSCANID.u_xsdbm_id/SWITCH_N_EXT_BSCAN.bscan_inst/SERIES7_BSCAN.bscan_inst/TCK
  Path Type:              Setup (Max at Slow Process Corner)
  Requirement:            33.000ns  (dbg_hub/inst/BSCANID.u_xsdbm_id/SWITCH_N_EXT_BSCAN.bscan_inst/SERIES7_BSCAN.bscan_inst/TCK rise@33.000ns - dbg_hub/inst/BSCANID.u_xsdbm_id/SWITCH_N_EXT_BSCAN.bscan_inst/SERIES7_BSCAN.bscan_inst/TCK rise@0.000ns)
  Data Path Delay:        5.829ns  (logic 1.797ns (30.827%)  route 4.032ns (69.173%))
  Logic Levels:           6  (CARRY4=2 LUT3=1 LUT4=1 LUT5=1 LUT6=1)
  Clock Path Skew:        -0.025ns (DCD - SCD + CPR)
    Destination Clock Delay (DCD):    3.201ns = ( 36.201 - 33.000 ) 
    Source Clock Delay      (SCD):    3.585ns
    Clock Pessimism Removal (CPR):    0.359ns
  Clock Uncertainty:      0.035ns  ((TSJ^2 + TIJ^2)^1/2 + DJ) / 2 + PE
    Total System Jitter     (TSJ):    0.071ns
    Total Input Jitter      (TIJ):    0.000ns
    Discrete Jitter          (DJ):    0.000ns
    Phase Error              (PE):    0.000ns

    Location             Delay type                Incr(ns)  Path(ns)    Netlist Resource(s)
  -------------------------------------------------------------------    -------------------
                         (clock dbg_hub/inst/BSCANID.u_xsdbm_id/SWITCH_N_EXT_BSCAN.bscan_inst/SERIES7_BSCAN.bscan_inst/TCK rise edge)
                                                      0.000     0.000 r  
    BSCAN_X0Y0           BSCANE2                      0.000     0.000 r  dbg_hub/inst/BSCANID.u_xsdbm_id/SWITCH_N_EXT_BSCAN.bscan_inst/SERIES7_BSCAN.bscan_inst/TCK
                         net (fo=1, routed)           1.854     1.854    dbg_hub/inst/BSCANID.u_xsdbm_id/tck_bs
    BUFGCTRL_X0Y1        BUFG (Prop_bufg_I_O)         0.096     1.950 r  dbg_hub/inst/BSCANID.u_xsdbm_id/SWITCH_N_EXT_BSCAN.u_bufg_icon_tck/O
                         net (fo=494, routed)         1.635     3.585    dbg_hub/inst/BSCANID.u_xsdbm_id/SWITCH_N_EXT_BSCAN.bscan_switch/s_bscan_tck
    SLICE_X6Y4           FDRE                                         r  dbg_hub/inst/BSCANID.u_xsdbm_id/SWITCH_N_EXT_BSCAN.bscan_switch/state_reg[2]/C
  -------------------------------------------------------------------    -------------------
    SLICE_X6Y4           FDRE (Prop_fdre_C_Q)         0.478     4.063 f  dbg_hub/inst/BSCANID.u_xsdbm_id/SWITCH_N_EXT_BSCAN.bscan_switch/state_reg[2]/Q
                         net (fo=50, routed)          1.452     5.515    dbg_hub/inst/BSCANID.u_xsdbm_id/SWITCH_N_EXT_BSCAN.bscan_switch/state[2]
    SLICE_X2Y3           LUT4 (Prop_lut4_I2_O)        0.301     5.816 r  dbg_hub/inst/BSCANID.u_xsdbm_id/SWITCH_N_EXT_BSCAN.bscan_switch/curid_inferred_i_22/O
                         net (fo=2, routed)           1.114     6.931    dbg_hub/inst/BSCANID.u_xsdbm_id/SWITCH_N_EXT_BSCAN.bscan_switch/curid[10]
    SLICE_X1Y3           LUT6 (Prop_lut6_I1_O)        0.124     7.055 r  dbg_hub/inst/BSCANID.u_xsdbm_id/SWITCH_N_EXT_BSCAN.bscan_switch/state_temp[0]_i_12/O
                         net (fo=1, routed)           0.000     7.055    dbg_hub/inst/BSCANID.u_xsdbm_id/SWITCH_N_EXT_BSCAN.bscan_switch/state_temp[0]_i_12_n_0
    SLICE_X1Y3           CARRY4 (Prop_carry4_S[0]_CO[3])
                                                      0.532     7.587 r  dbg_hub/inst/BSCANID.u_xsdbm_id/SWITCH_N_EXT_BSCAN.bscan_switch/state_temp_reg[0]_i_4/CO[3]
                         net (fo=1, routed)           0.000     7.587    dbg_hub/inst/BSCANID.u_xsdbm_id/SWITCH_N_EXT_BSCAN.bscan_switch/state_temp_reg[0]_i_4_n_0
    SLICE_X1Y4           CARRY4 (Prop_carry4_CI_CO[3])
                                                      0.114     7.701 f  dbg_hub/inst/BSCANID.u_xsdbm_id/SWITCH_N_EXT_BSCAN.bscan_switch/state_temp_reg[0]_i_3/CO[3]
                         net (fo=4, routed)           0.617     8.317    dbg_hub/inst/BSCANID.u_xsdbm_id/SWITCH_N_EXT_BSCAN.bscan_switch/state_temp_reg[0]_i_3_n_0
    SLICE_X5Y4           LUT5 (Prop_lut5_I1_O)        0.124     8.441 r  dbg_hub/inst/BSCANID.u_xsdbm_id/SWITCH_N_EXT_BSCAN.bscan_switch/portno_temp[5]_i_2/O
                         net (fo=7, routed)           0.849     9.290    dbg_hub/inst/BSCANID.u_xsdbm_id/SWITCH_N_EXT_BSCAN.bscan_switch/portno_temp[5]_i_2_n_0
    SLICE_X6Y5           LUT3 (Prop_lut3_I1_O)        0.124     9.414 r  dbg_hub/inst/BSCANID.u_xsdbm_id/SWITCH_N_EXT_BSCAN.bscan_switch/portno_temp[5]_i_1/O
                         net (fo=1, routed)           0.000     9.414    dbg_hub/inst/BSCANID.u_xsdbm_id/SWITCH_N_EXT_BSCAN.bscan_switch/portno_temp[5]_i_1_n_0
    SLICE_X6Y5           FDRE                                         r  dbg_hub/inst/BSCANID.u_xsdbm_id/SWITCH_N_EXT_BSCAN.bscan_switch/portno_temp_reg[5]/D
  -------------------------------------------------------------------    -------------------

                         (clock dbg_hub/inst/BSCANID.u_xsdbm_id/SWITCH_N_EXT_BSCAN.bscan_inst/SERIES7_BSCAN.bscan_inst/TCK rise edge)
                                                     33.000    33.000 r  
    BSCAN_X0Y0           BSCANE2                      0.000    33.000 r  dbg_hub/inst/BSCANID.u_xsdbm_id/SWITCH_N_EXT_BSCAN.bscan_inst/SERIES7_BSCAN.bscan_inst/TCK
                         net (fo=1, routed)           1.593    34.593    dbg_hub/inst/BSCANID.u_xsdbm_id/tck_bs
    BUFGCTRL_X0Y1        BUFG (Prop_bufg_I_O)         0.091    34.684 r  dbg_hub/inst/BSCANID.u_xsdbm_id/SWITCH_N_EXT_BSCAN.u_bufg_icon_tck/O
                         net (fo=494, routed)         1.517    36.201    dbg_hub/inst/BSCANID.u_xsdbm_id/SWITCH_N_EXT_BSCAN.bscan_switch/s_bscan_tck
    SLICE_X6Y5           FDRE                                         r  dbg_hub/inst/BSCANID.u_xsdbm_id/SWITCH_N_EXT_BSCAN.bscan_switch/portno_temp_reg[5]/C
                         clock pessimism              0.359    36.560    
                         clock uncertainty           -0.035    36.525    
    SLICE_X6Y5           FDRE (Setup_fdre_C_D)        0.079    36.604    dbg_hub/inst/BSCANID.u_xsdbm_id/SWITCH_N_EXT_BSCAN.bscan_switch/portno_temp_reg[5]
  -------------------------------------------------------------------
                         required time                         36.604    
                         arrival time                          -9.414    
  -------------------------------------------------------------------
                         slack                                 27.189    

Slack (MET) :             27.218ns  (required time - arrival time)
  Source:                 dbg_hub/inst/BSCANID.u_xsdbm_id/SWITCH_N_EXT_BSCAN.bscan_switch/portno_reg[1]/C
                            (rising edge-triggered cell FDRE clocked by dbg_hub/inst/BSCANID.u_xsdbm_id/SWITCH_N_EXT_BSCAN.bscan_inst/SERIES7_BSCAN.bscan_inst/TCK  {rise@0.000ns fall@16.500ns period=33.000ns})
  Destination:            dbg_hub/inst/BSCANID.u_xsdbm_id/CORE_XSDB.U_ICON/U_STAT/iSTAT_CNT_reg[0]/R
                            (rising edge-triggered cell FDRE clocked by dbg_hub/inst/BSCANID.u_xsdbm_id/SWITCH_N_EXT_BSCAN.bscan_inst/SERIES7_BSCAN.bscan_inst/TCK  {rise@0.000ns fall@16.500ns period=33.000ns})
  Path Group:             dbg_hub/inst/BSCANID.u_xsdbm_id/SWITCH_N_EXT_BSCAN.bscan_inst/SERIES7_BSCAN.bscan_inst/TCK
  Path Type:              Setup (Max at Slow Process Corner)
  Requirement:            33.000ns  (dbg_hub/inst/BSCANID.u_xsdbm_id/SWITCH_N_EXT_BSCAN.bscan_inst/SERIES7_BSCAN.bscan_inst/TCK rise@33.000ns - dbg_hub/inst/BSCANID.u_xsdbm_id/SWITCH_N_EXT_BSCAN.bscan_inst/SERIES7_BSCAN.bscan_inst/TCK rise@0.000ns)
  Data Path Delay:        5.139ns  (logic 1.090ns (21.212%)  route 4.049ns (78.788%))
  Logic Levels:           4  (LUT4=1 LUT5=2 LUT6=1)
  Clock Path Skew:        -0.179ns (DCD - SCD + CPR)
    Destination Clock Delay (DCD):    3.132ns = ( 36.132 - 33.000 ) 
    Source Clock Delay      (SCD):    3.585ns
    Clock Pessimism Removal (CPR):    0.274ns
  Clock Uncertainty:      0.035ns  ((TSJ^2 + TIJ^2)^1/2 + DJ) / 2 + PE
    Total System Jitter     (TSJ):    0.071ns
    Total Input Jitter      (TIJ):    0.000ns
    Discrete Jitter          (DJ):    0.000ns
    Phase Error              (PE):    0.000ns

    Location             Delay type                Incr(ns)  Path(ns)    Netlist Resource(s)
  -------------------------------------------------------------------    -------------------
                         (clock dbg_hub/inst/BSCANID.u_xsdbm_id/SWITCH_N_EXT_BSCAN.bscan_inst/SERIES7_BSCAN.bscan_inst/TCK rise edge)
                                                      0.000     0.000 r  
    BSCAN_X0Y0           BSCANE2                      0.000     0.000 r  dbg_hub/inst/BSCANID.u_xsdbm_id/SWITCH_N_EXT_BSCAN.bscan_inst/SERIES7_BSCAN.bscan_inst/TCK
                         net (fo=1, routed)           1.854     1.854    dbg_hub/inst/BSCANID.u_xsdbm_id/tck_bs
    BUFGCTRL_X0Y1        BUFG (Prop_bufg_I_O)         0.096     1.950 r  dbg_hub/inst/BSCANID.u_xsdbm_id/SWITCH_N_EXT_BSCAN.u_bufg_icon_tck/O
                         net (fo=494, routed)         1.635     3.585    dbg_hub/inst/BSCANID.u_xsdbm_id/SWITCH_N_EXT_BSCAN.bscan_switch/s_bscan_tck
    SLICE_X7Y4           FDRE                                         r  dbg_hub/inst/BSCANID.u_xsdbm_id/SWITCH_N_EXT_BSCAN.bscan_switch/portno_reg[1]/C
  -------------------------------------------------------------------    -------------------
    SLICE_X7Y4           FDRE (Prop_fdre_C_Q)         0.419     4.004 r  dbg_hub/inst/BSCANID.u_xsdbm_id/SWITCH_N_EXT_BSCAN.bscan_switch/portno_reg[1]/Q
                         net (fo=1, routed)           0.834     4.838    dbg_hub/inst/BSCANID.u_xsdbm_id/SWITCH_N_EXT_BSCAN.bscan_switch/portno[1]
    SLICE_X6Y3           LUT6 (Prop_lut6_I3_O)        0.299     5.137 r  dbg_hub/inst/BSCANID.u_xsdbm_id/SWITCH_N_EXT_BSCAN.bscan_switch/m_bscan_drck[0]_INST_0_i_1/O
                         net (fo=5, routed)           0.522     5.659    dbg_hub/inst/BSCANID.u_xsdbm_id/SWITCH_N_EXT_BSCAN.bscan_switch/m_bscan_drck[0]_INST_0_i_1_n_0
    SLICE_X7Y3           LUT5 (Prop_lut5_I3_O)        0.124     5.783 f  dbg_hub/inst/BSCANID.u_xsdbm_id/SWITCH_N_EXT_BSCAN.bscan_switch/m_bscan_shift[0]_INST_0/O
                         net (fo=4, routed)           1.492     7.275    dbg_hub/inst/BSCANID.u_xsdbm_id/CORE_XSDB.U_ICON/U_CMD/icn_cmd_en_reg[7]
    SLICE_X39Y1          LUT4 (Prop_lut4_I1_O)        0.124     7.399 f  dbg_hub/inst/BSCANID.u_xsdbm_id/CORE_XSDB.U_ICON/U_CMD/iSTAT_CNT[5]_i_4/O
                         net (fo=1, routed)           0.594     7.993    dbg_hub/inst/BSCANID.u_xsdbm_id/CORE_XSDB.U_ICON/U_CMD/iSTAT_CNT[5]_i_4_n_0
    SLICE_X40Y1          LUT5 (Prop_lut5_I4_O)        0.124     8.117 r  dbg_hub/inst/BSCANID.u_xsdbm_id/CORE_XSDB.U_ICON/U_CMD/iSTAT_CNT[5]_i_1/O
                         net (fo=6, routed)           0.606     8.724    dbg_hub/inst/BSCANID.u_xsdbm_id/CORE_XSDB.U_ICON/U_STAT/SR[0]
    SLICE_X41Y2          FDRE                                         r  dbg_hub/inst/BSCANID.u_xsdbm_id/CORE_XSDB.U_ICON/U_STAT/iSTAT_CNT_reg[0]/R
  -------------------------------------------------------------------    -------------------

                         (clock dbg_hub/inst/BSCANID.u_xsdbm_id/SWITCH_N_EXT_BSCAN.bscan_inst/SERIES7_BSCAN.bscan_inst/TCK rise edge)
                                                     33.000    33.000 r  
    BSCAN_X0Y0           BSCANE2                      0.000    33.000 r  dbg_hub/inst/BSCANID.u_xsdbm_id/SWITCH_N_EXT_BSCAN.bscan_inst/SERIES7_BSCAN.bscan_inst/TCK
                         net (fo=1, routed)           1.593    34.593    dbg_hub/inst/BSCANID.u_xsdbm_id/tck_bs
    BUFGCTRL_X0Y1        BUFG (Prop_bufg_I_O)         0.091    34.684 r  dbg_hub/inst/BSCANID.u_xsdbm_id/SWITCH_N_EXT_BSCAN.u_bufg_icon_tck/O
                         net (fo=494, routed)         1.448    36.132    dbg_hub/inst/BSCANID.u_xsdbm_id/CORE_XSDB.U_ICON/U_STAT/m_bscan_tck[0]
    SLICE_X41Y2          FDRE                                         r  dbg_hub/inst/BSCANID.u_xsdbm_id/CORE_XSDB.U_ICON/U_STAT/iSTAT_CNT_reg[0]/C
                         clock pessimism              0.274    36.406    
                         clock uncertainty           -0.035    36.371    
    SLICE_X41Y2          FDRE (Setup_fdre_C_R)       -0.429    35.942    dbg_hub/inst/BSCANID.u_xsdbm_id/CORE_XSDB.U_ICON/U_STAT/iSTAT_CNT_reg[0]
  -------------------------------------------------------------------
                         required time                         35.942    
                         arrival time                          -8.724    
  -------------------------------------------------------------------
                         slack                                 27.218    

Slack (MET) :             27.218ns  (required time - arrival time)
  Source:                 dbg_hub/inst/BSCANID.u_xsdbm_id/SWITCH_N_EXT_BSCAN.bscan_switch/portno_reg[1]/C
                            (rising edge-triggered cell FDRE clocked by dbg_hub/inst/BSCANID.u_xsdbm_id/SWITCH_N_EXT_BSCAN.bscan_inst/SERIES7_BSCAN.bscan_inst/TCK  {rise@0.000ns fall@16.500ns period=33.000ns})
  Destination:            dbg_hub/inst/BSCANID.u_xsdbm_id/CORE_XSDB.U_ICON/U_STAT/iSTAT_CNT_reg[1]/R
                            (rising edge-triggered cell FDRE clocked by dbg_hub/inst/BSCANID.u_xsdbm_id/SWITCH_N_EXT_BSCAN.bscan_inst/SERIES7_BSCAN.bscan_inst/TCK  {rise@0.000ns fall@16.500ns period=33.000ns})
  Path Group:             dbg_hub/inst/BSCANID.u_xsdbm_id/SWITCH_N_EXT_BSCAN.bscan_inst/SERIES7_BSCAN.bscan_inst/TCK
  Path Type:              Setup (Max at Slow Process Corner)
  Requirement:            33.000ns  (dbg_hub/inst/BSCANID.u_xsdbm_id/SWITCH_N_EXT_BSCAN.bscan_inst/SERIES7_BSCAN.bscan_inst/TCK rise@33.000ns - dbg_hub/inst/BSCANID.u_xsdbm_id/SWITCH_N_EXT_BSCAN.bscan_inst/SERIES7_BSCAN.bscan_inst/TCK rise@0.000ns)
  Data Path Delay:        5.139ns  (logic 1.090ns (21.212%)  route 4.049ns (78.788%))
  Logic Levels:           4  (LUT4=1 LUT5=2 LUT6=1)
  Clock Path Skew:        -0.179ns (DCD - SCD + CPR)
    Destination Clock Delay (DCD):    3.132ns = ( 36.132 - 33.000 ) 
    Source Clock Delay      (SCD):    3.585ns
    Clock Pessimism Removal (CPR):    0.274ns
  Clock Uncertainty:      0.035ns  ((TSJ^2 + TIJ^2)^1/2 + DJ) / 2 + PE
    Total System Jitter     (TSJ):    0.071ns
    Total Input Jitter      (TIJ):    0.000ns
    Discrete Jitter          (DJ):    0.000ns
    Phase Error              (PE):    0.000ns

    Location             Delay type                Incr(ns)  Path(ns)    Netlist Resource(s)
  -------------------------------------------------------------------    -------------------
                         (clock dbg_hub/inst/BSCANID.u_xsdbm_id/SWITCH_N_EXT_BSCAN.bscan_inst/SERIES7_BSCAN.bscan_inst/TCK rise edge)
                                                      0.000     0.000 r  
    BSCAN_X0Y0           BSCANE2                      0.000     0.000 r  dbg_hub/inst/BSCANID.u_xsdbm_id/SWITCH_N_EXT_BSCAN.bscan_inst/SERIES7_BSCAN.bscan_inst/TCK
                         net (fo=1, routed)           1.854     1.854    dbg_hub/inst/BSCANID.u_xsdbm_id/tck_bs
    BUFGCTRL_X0Y1        BUFG (Prop_bufg_I_O)         0.096     1.950 r  dbg_hub/inst/BSCANID.u_xsdbm_id/SWITCH_N_EXT_BSCAN.u_bufg_icon_tck/O
                         net (fo=494, routed)         1.635     3.585    dbg_hub/inst/BSCANID.u_xsdbm_id/SWITCH_N_EXT_BSCAN.bscan_switch/s_bscan_tck
    SLICE_X7Y4           FDRE                                         r  dbg_hub/inst/BSCANID.u_xsdbm_id/SWITCH_N_EXT_BSCAN.bscan_switch/portno_reg[1]/C
  -------------------------------------------------------------------    -------------------
    SLICE_X7Y4           FDRE (Prop_fdre_C_Q)         0.419     4.004 r  dbg_hub/inst/BSCANID.u_xsdbm_id/SWITCH_N_EXT_BSCAN.bscan_switch/portno_reg[1]/Q
                         net (fo=1, routed)           0.834     4.838    dbg_hub/inst/BSCANID.u_xsdbm_id/SWITCH_N_EXT_BSCAN.bscan_switch/portno[1]
    SLICE_X6Y3           LUT6 (Prop_lut6_I3_O)        0.299     5.137 r  dbg_hub/inst/BSCANID.u_xsdbm_id/SWITCH_N_EXT_BSCAN.bscan_switch/m_bscan_drck[0]_INST_0_i_1/O
                         net (fo=5, routed)           0.522     5.659    dbg_hub/inst/BSCANID.u_xsdbm_id/SWITCH_N_EXT_BSCAN.bscan_switch/m_bscan_drck[0]_INST_0_i_1_n_0
    SLICE_X7Y3           LUT5 (Prop_lut5_I3_O)        0.124     5.783 f  dbg_hub/inst/BSCANID.u_xsdbm_id/SWITCH_N_EXT_BSCAN.bscan_switch/m_bscan_shift[0]_INST_0/O
                         net (fo=4, routed)           1.492     7.275    dbg_hub/inst/BSCANID.u_xsdbm_id/CORE_XSDB.U_ICON/U_CMD/icn_cmd_en_reg[7]
    SLICE_X39Y1          LUT4 (Prop_lut4_I1_O)        0.124     7.399 f  dbg_hub/inst/BSCANID.u_xsdbm_id/CORE_XSDB.U_ICON/U_CMD/iSTAT_CNT[5]_i_4/O
                         net (fo=1, routed)           0.594     7.993    dbg_hub/inst/BSCANID.u_xsdbm_id/CORE_XSDB.U_ICON/U_CMD/iSTAT_CNT[5]_i_4_n_0
    SLICE_X40Y1          LUT5 (Prop_lut5_I4_O)        0.124     8.117 r  dbg_hub/inst/BSCANID.u_xsdbm_id/CORE_XSDB.U_ICON/U_CMD/iSTAT_CNT[5]_i_1/O
                         net (fo=6, routed)           0.606     8.724    dbg_hub/inst/BSCANID.u_xsdbm_id/CORE_XSDB.U_ICON/U_STAT/SR[0]
    SLICE_X41Y2          FDRE                                         r  dbg_hub/inst/BSCANID.u_xsdbm_id/CORE_XSDB.U_ICON/U_STAT/iSTAT_CNT_reg[1]/R
  -------------------------------------------------------------------    -------------------

                         (clock dbg_hub/inst/BSCANID.u_xsdbm_id/SWITCH_N_EXT_BSCAN.bscan_inst/SERIES7_BSCAN.bscan_inst/TCK rise edge)
                                                     33.000    33.000 r  
    BSCAN_X0Y0           BSCANE2                      0.000    33.000 r  dbg_hub/inst/BSCANID.u_xsdbm_id/SWITCH_N_EXT_BSCAN.bscan_inst/SERIES7_BSCAN.bscan_inst/TCK
                         net (fo=1, routed)           1.593    34.593    dbg_hub/inst/BSCANID.u_xsdbm_id/tck_bs
    BUFGCTRL_X0Y1        BUFG (Prop_bufg_I_O)         0.091    34.684 r  dbg_hub/inst/BSCANID.u_xsdbm_id/SWITCH_N_EXT_BSCAN.u_bufg_icon_tck/O
                         net (fo=494, routed)         1.448    36.132    dbg_hub/inst/BSCANID.u_xsdbm_id/CORE_XSDB.U_ICON/U_STAT/m_bscan_tck[0]
    SLICE_X41Y2          FDRE                                         r  dbg_hub/inst/BSCANID.u_xsdbm_id/CORE_XSDB.U_ICON/U_STAT/iSTAT_CNT_reg[1]/C
                         clock pessimism              0.274    36.406    
                         clock uncertainty           -0.035    36.371    
    SLICE_X41Y2          FDRE (Setup_fdre_C_R)       -0.429    35.942    dbg_hub/inst/BSCANID.u_xsdbm_id/CORE_XSDB.U_ICON/U_STAT/iSTAT_CNT_reg[1]
  -------------------------------------------------------------------
                         required time                         35.942    
                         arrival time                          -8.724    
  -------------------------------------------------------------------
                         slack                                 27.218    

Slack (MET) :             27.218ns  (required time - arrival time)
  Source:                 dbg_hub/inst/BSCANID.u_xsdbm_id/SWITCH_N_EXT_BSCAN.bscan_switch/portno_reg[1]/C
                            (rising edge-triggered cell FDRE clocked by dbg_hub/inst/BSCANID.u_xsdbm_id/SWITCH_N_EXT_BSCAN.bscan_inst/SERIES7_BSCAN.bscan_inst/TCK  {rise@0.000ns fall@16.500ns period=33.000ns})
  Destination:            dbg_hub/inst/BSCANID.u_xsdbm_id/CORE_XSDB.U_ICON/U_STAT/iSTAT_CNT_reg[2]/R
                            (rising edge-triggered cell FDRE clocked by dbg_hub/inst/BSCANID.u_xsdbm_id/SWITCH_N_EXT_BSCAN.bscan_inst/SERIES7_BSCAN.bscan_inst/TCK  {rise@0.000ns fall@16.500ns period=33.000ns})
  Path Group:             dbg_hub/inst/BSCANID.u_xsdbm_id/SWITCH_N_EXT_BSCAN.bscan_inst/SERIES7_BSCAN.bscan_inst/TCK
  Path Type:              Setup (Max at Slow Process Corner)
  Requirement:            33.000ns  (dbg_hub/inst/BSCANID.u_xsdbm_id/SWITCH_N_EXT_BSCAN.bscan_inst/SERIES7_BSCAN.bscan_inst/TCK rise@33.000ns - dbg_hub/inst/BSCANID.u_xsdbm_id/SWITCH_N_EXT_BSCAN.bscan_inst/SERIES7_BSCAN.bscan_inst/TCK rise@0.000ns)
  Data Path Delay:        5.139ns  (logic 1.090ns (21.212%)  route 4.049ns (78.788%))
  Logic Levels:           4  (LUT4=1 LUT5=2 LUT6=1)
  Clock Path Skew:        -0.179ns (DCD - SCD + CPR)
    Destination Clock Delay (DCD):    3.132ns = ( 36.132 - 33.000 ) 
    Source Clock Delay      (SCD):    3.585ns
    Clock Pessimism Removal (CPR):    0.274ns
  Clock Uncertainty:      0.035ns  ((TSJ^2 + TIJ^2)^1/2 + DJ) / 2 + PE
    Total System Jitter     (TSJ):    0.071ns
    Total Input Jitter      (TIJ):    0.000ns
    Discrete Jitter          (DJ):    0.000ns
    Phase Error              (PE):    0.000ns

    Location             Delay type                Incr(ns)  Path(ns)    Netlist Resource(s)
  -------------------------------------------------------------------    -------------------
                         (clock dbg_hub/inst/BSCANID.u_xsdbm_id/SWITCH_N_EXT_BSCAN.bscan_inst/SERIES7_BSCAN.bscan_inst/TCK rise edge)
                                                      0.000     0.000 r  
    BSCAN_X0Y0           BSCANE2                      0.000     0.000 r  dbg_hub/inst/BSCANID.u_xsdbm_id/SWITCH_N_EXT_BSCAN.bscan_inst/SERIES7_BSCAN.bscan_inst/TCK
                         net (fo=1, routed)           1.854     1.854    dbg_hub/inst/BSCANID.u_xsdbm_id/tck_bs
    BUFGCTRL_X0Y1        BUFG (Prop_bufg_I_O)         0.096     1.950 r  dbg_hub/inst/BSCANID.u_xsdbm_id/SWITCH_N_EXT_BSCAN.u_bufg_icon_tck/O
                         net (fo=494, routed)         1.635     3.585    dbg_hub/inst/BSCANID.u_xsdbm_id/SWITCH_N_EXT_BSCAN.bscan_switch/s_bscan_tck
    SLICE_X7Y4           FDRE                                         r  dbg_hub/inst/BSCANID.u_xsdbm_id/SWITCH_N_EXT_BSCAN.bscan_switch/portno_reg[1]/C
  -------------------------------------------------------------------    -------------------
    SLICE_X7Y4           FDRE (Prop_fdre_C_Q)         0.419     4.004 r  dbg_hub/inst/BSCANID.u_xsdbm_id/SWITCH_N_EXT_BSCAN.bscan_switch/portno_reg[1]/Q
                         net (fo=1, routed)           0.834     4.838    dbg_hub/inst/BSCANID.u_xsdbm_id/SWITCH_N_EXT_BSCAN.bscan_switch/portno[1]
    SLICE_X6Y3           LUT6 (Prop_lut6_I3_O)        0.299     5.137 r  dbg_hub/inst/BSCANID.u_xsdbm_id/SWITCH_N_EXT_BSCAN.bscan_switch/m_bscan_drck[0]_INST_0_i_1/O
                         net (fo=5, routed)           0.522     5.659    dbg_hub/inst/BSCANID.u_xsdbm_id/SWITCH_N_EXT_BSCAN.bscan_switch/m_bscan_drck[0]_INST_0_i_1_n_0
    SLICE_X7Y3           LUT5 (Prop_lut5_I3_O)        0.124     5.783 f  dbg_hub/inst/BSCANID.u_xsdbm_id/SWITCH_N_EXT_BSCAN.bscan_switch/m_bscan_shift[0]_INST_0/O
                         net (fo=4, routed)           1.492     7.275    dbg_hub/inst/BSCANID.u_xsdbm_id/CORE_XSDB.U_ICON/U_CMD/icn_cmd_en_reg[7]
    SLICE_X39Y1          LUT4 (Prop_lut4_I1_O)        0.124     7.399 f  dbg_hub/inst/BSCANID.u_xsdbm_id/CORE_XSDB.U_ICON/U_CMD/iSTAT_CNT[5]_i_4/O
                         net (fo=1, routed)           0.594     7.993    dbg_hub/inst/BSCANID.u_xsdbm_id/CORE_XSDB.U_ICON/U_CMD/iSTAT_CNT[5]_i_4_n_0
    SLICE_X40Y1          LUT5 (Prop_lut5_I4_O)        0.124     8.117 r  dbg_hub/inst/BSCANID.u_xsdbm_id/CORE_XSDB.U_ICON/U_CMD/iSTAT_CNT[5]_i_1/O
                         net (fo=6, routed)           0.606     8.724    dbg_hub/inst/BSCANID.u_xsdbm_id/CORE_XSDB.U_ICON/U_STAT/SR[0]
    SLICE_X41Y2          FDRE                                         r  dbg_hub/inst/BSCANID.u_xsdbm_id/CORE_XSDB.U_ICON/U_STAT/iSTAT_CNT_reg[2]/R
  -------------------------------------------------------------------    -------------------

                         (clock dbg_hub/inst/BSCANID.u_xsdbm_id/SWITCH_N_EXT_BSCAN.bscan_inst/SERIES7_BSCAN.bscan_inst/TCK rise edge)
                                                     33.000    33.000 r  
    BSCAN_X0Y0           BSCANE2                      0.000    33.000 r  dbg_hub/inst/BSCANID.u_xsdbm_id/SWITCH_N_EXT_BSCAN.bscan_inst/SERIES7_BSCAN.bscan_inst/TCK
                         net (fo=1, routed)           1.593    34.593    dbg_hub/inst/BSCANID.u_xsdbm_id/tck_bs
    BUFGCTRL_X0Y1        BUFG (Prop_bufg_I_O)         0.091    34.684 r  dbg_hub/inst/BSCANID.u_xsdbm_id/SWITCH_N_EXT_BSCAN.u_bufg_icon_tck/O
                         net (fo=494, routed)         1.448    36.132    dbg_hub/inst/BSCANID.u_xsdbm_id/CORE_XSDB.U_ICON/U_STAT/m_bscan_tck[0]
    SLICE_X41Y2          FDRE                                         r  dbg_hub/inst/BSCANID.u_xsdbm_id/CORE_XSDB.U_ICON/U_STAT/iSTAT_CNT_reg[2]/C
                         clock pessimism              0.274    36.406    
                         clock uncertainty           -0.035    36.371    
    SLICE_X41Y2          FDRE (Setup_fdre_C_R)       -0.429    35.942    dbg_hub/inst/BSCANID.u_xsdbm_id/CORE_XSDB.U_ICON/U_STAT/iSTAT_CNT_reg[2]
  -------------------------------------------------------------------
                         required time                         35.942    
                         arrival time                          -8.724    
  -------------------------------------------------------------------
                         slack                                 27.218    

Slack (MET) :             27.218ns  (required time - arrival time)
  Source:                 dbg_hub/inst/BSCANID.u_xsdbm_id/SWITCH_N_EXT_BSCAN.bscan_switch/portno_reg[1]/C
                            (rising edge-triggered cell FDRE clocked by dbg_hub/inst/BSCANID.u_xsdbm_id/SWITCH_N_EXT_BSCAN.bscan_inst/SERIES7_BSCAN.bscan_inst/TCK  {rise@0.000ns fall@16.500ns period=33.000ns})
  Destination:            dbg_hub/inst/BSCANID.u_xsdbm_id/CORE_XSDB.U_ICON/U_STAT/iSTAT_CNT_reg[3]/R
                            (rising edge-triggered cell FDRE clocked by dbg_hub/inst/BSCANID.u_xsdbm_id/SWITCH_N_EXT_BSCAN.bscan_inst/SERIES7_BSCAN.bscan_inst/TCK  {rise@0.000ns fall@16.500ns period=33.000ns})
  Path Group:             dbg_hub/inst/BSCANID.u_xsdbm_id/SWITCH_N_EXT_BSCAN.bscan_inst/SERIES7_BSCAN.bscan_inst/TCK
  Path Type:              Setup (Max at Slow Process Corner)
  Requirement:            33.000ns  (dbg_hub/inst/BSCANID.u_xsdbm_id/SWITCH_N_EXT_BSCAN.bscan_inst/SERIES7_BSCAN.bscan_inst/TCK rise@33.000ns - dbg_hub/inst/BSCANID.u_xsdbm_id/SWITCH_N_EXT_BSCAN.bscan_inst/SERIES7_BSCAN.bscan_inst/TCK rise@0.000ns)
  Data Path Delay:        5.139ns  (logic 1.090ns (21.212%)  route 4.049ns (78.788%))
  Logic Levels:           4  (LUT4=1 LUT5=2 LUT6=1)
  Clock Path Skew:        -0.179ns (DCD - SCD + CPR)
    Destination Clock Delay (DCD):    3.132ns = ( 36.132 - 33.000 ) 
    Source Clock Delay      (SCD):    3.585ns
    Clock Pessimism Removal (CPR):    0.274ns
  Clock Uncertainty:      0.035ns  ((TSJ^2 + TIJ^2)^1/2 + DJ) / 2 + PE
    Total System Jitter     (TSJ):    0.071ns
    Total Input Jitter      (TIJ):    0.000ns
    Discrete Jitter          (DJ):    0.000ns
    Phase Error              (PE):    0.000ns

    Location             Delay type                Incr(ns)  Path(ns)    Netlist Resource(s)
  -------------------------------------------------------------------    -------------------
                         (clock dbg_hub/inst/BSCANID.u_xsdbm_id/SWITCH_N_EXT_BSCAN.bscan_inst/SERIES7_BSCAN.bscan_inst/TCK rise edge)
                                                      0.000     0.000 r  
    BSCAN_X0Y0           BSCANE2                      0.000     0.000 r  dbg_hub/inst/BSCANID.u_xsdbm_id/SWITCH_N_EXT_BSCAN.bscan_inst/SERIES7_BSCAN.bscan_inst/TCK
                         net (fo=1, routed)           1.854     1.854    dbg_hub/inst/BSCANID.u_xsdbm_id/tck_bs
    BUFGCTRL_X0Y1        BUFG (Prop_bufg_I_O)         0.096     1.950 r  dbg_hub/inst/BSCANID.u_xsdbm_id/SWITCH_N_EXT_BSCAN.u_bufg_icon_tck/O
                         net (fo=494, routed)         1.635     3.585    dbg_hub/inst/BSCANID.u_xsdbm_id/SWITCH_N_EXT_BSCAN.bscan_switch/s_bscan_tck
    SLICE_X7Y4           FDRE                                         r  dbg_hub/inst/BSCANID.u_xsdbm_id/SWITCH_N_EXT_BSCAN.bscan_switch/portno_reg[1]/C
  -------------------------------------------------------------------    -------------------
    SLICE_X7Y4           FDRE (Prop_fdre_C_Q)         0.419     4.004 r  dbg_hub/inst/BSCANID.u_xsdbm_id/SWITCH_N_EXT_BSCAN.bscan_switch/portno_reg[1]/Q
                         net (fo=1, routed)           0.834     4.838    dbg_hub/inst/BSCANID.u_xsdbm_id/SWITCH_N_EXT_BSCAN.bscan_switch/portno[1]
    SLICE_X6Y3           LUT6 (Prop_lut6_I3_O)        0.299     5.137 r  dbg_hub/inst/BSCANID.u_xsdbm_id/SWITCH_N_EXT_BSCAN.bscan_switch/m_bscan_drck[0]_INST_0_i_1/O
                         net (fo=5, routed)           0.522     5.659    dbg_hub/inst/BSCANID.u_xsdbm_id/SWITCH_N_EXT_BSCAN.bscan_switch/m_bscan_drck[0]_INST_0_i_1_n_0
    SLICE_X7Y3           LUT5 (Prop_lut5_I3_O)        0.124     5.783 f  dbg_hub/inst/BSCANID.u_xsdbm_id/SWITCH_N_EXT_BSCAN.bscan_switch/m_bscan_shift[0]_INST_0/O
                         net (fo=4, routed)           1.492     7.275    dbg_hub/inst/BSCANID.u_xsdbm_id/CORE_XSDB.U_ICON/U_CMD/icn_cmd_en_reg[7]
    SLICE_X39Y1          LUT4 (Prop_lut4_I1_O)        0.124     7.399 f  dbg_hub/inst/BSCANID.u_xsdbm_id/CORE_XSDB.U_ICON/U_CMD/iSTAT_CNT[5]_i_4/O
                         net (fo=1, routed)           0.594     7.993    dbg_hub/inst/BSCANID.u_xsdbm_id/CORE_XSDB.U_ICON/U_CMD/iSTAT_CNT[5]_i_4_n_0
    SLICE_X40Y1          LUT5 (Prop_lut5_I4_O)        0.124     8.117 r  dbg_hub/inst/BSCANID.u_xsdbm_id/CORE_XSDB.U_ICON/U_CMD/iSTAT_CNT[5]_i_1/O
                         net (fo=6, routed)           0.606     8.724    dbg_hub/inst/BSCANID.u_xsdbm_id/CORE_XSDB.U_ICON/U_STAT/SR[0]
    SLICE_X41Y2          FDRE                                         r  dbg_hub/inst/BSCANID.u_xsdbm_id/CORE_XSDB.U_ICON/U_STAT/iSTAT_CNT_reg[3]/R
  -------------------------------------------------------------------    -------------------

                         (clock dbg_hub/inst/BSCANID.u_xsdbm_id/SWITCH_N_EXT_BSCAN.bscan_inst/SERIES7_BSCAN.bscan_inst/TCK rise edge)
                                                     33.000    33.000 r  
    BSCAN_X0Y0           BSCANE2                      0.000    33.000 r  dbg_hub/inst/BSCANID.u_xsdbm_id/SWITCH_N_EXT_BSCAN.bscan_inst/SERIES7_BSCAN.bscan_inst/TCK
                         net (fo=1, routed)           1.593    34.593    dbg_hub/inst/BSCANID.u_xsdbm_id/tck_bs
    BUFGCTRL_X0Y1        BUFG (Prop_bufg_I_O)         0.091    34.684 r  dbg_hub/inst/BSCANID.u_xsdbm_id/SWITCH_N_EXT_BSCAN.u_bufg_icon_tck/O
                         net (fo=494, routed)         1.448    36.132    dbg_hub/inst/BSCANID.u_xsdbm_id/CORE_XSDB.U_ICON/U_STAT/m_bscan_tck[0]
    SLICE_X41Y2          FDRE                                         r  dbg_hub/inst/BSCANID.u_xsdbm_id/CORE_XSDB.U_ICON/U_STAT/iSTAT_CNT_reg[3]/C
                         clock pessimism              0.274    36.406    
                         clock uncertainty           -0.035    36.371    
    SLICE_X41Y2          FDRE (Setup_fdre_C_R)       -0.429    35.942    dbg_hub/inst/BSCANID.u_xsdbm_id/CORE_XSDB.U_ICON/U_STAT/iSTAT_CNT_reg[3]
  -------------------------------------------------------------------
                         required time                         35.942    
                         arrival time                          -8.724    
  -------------------------------------------------------------------
                         slack                                 27.218    

Slack (MET) :             27.218ns  (required time - arrival time)
  Source:                 dbg_hub/inst/BSCANID.u_xsdbm_id/SWITCH_N_EXT_BSCAN.bscan_switch/portno_reg[1]/C
                            (rising edge-triggered cell FDRE clocked by dbg_hub/inst/BSCANID.u_xsdbm_id/SWITCH_N_EXT_BSCAN.bscan_inst/SERIES7_BSCAN.bscan_inst/TCK  {rise@0.000ns fall@16.500ns period=33.000ns})
  Destination:            dbg_hub/inst/BSCANID.u_xsdbm_id/CORE_XSDB.U_ICON/U_STAT/iSTAT_CNT_reg[4]/R
                            (rising edge-triggered cell FDRE clocked by dbg_hub/inst/BSCANID.u_xsdbm_id/SWITCH_N_EXT_BSCAN.bscan_inst/SERIES7_BSCAN.bscan_inst/TCK  {rise@0.000ns fall@16.500ns period=33.000ns})
  Path Group:             dbg_hub/inst/BSCANID.u_xsdbm_id/SWITCH_N_EXT_BSCAN.bscan_inst/SERIES7_BSCAN.bscan_inst/TCK
  Path Type:              Setup (Max at Slow Process Corner)
  Requirement:            33.000ns  (dbg_hub/inst/BSCANID.u_xsdbm_id/SWITCH_N_EXT_BSCAN.bscan_inst/SERIES7_BSCAN.bscan_inst/TCK rise@33.000ns - dbg_hub/inst/BSCANID.u_xsdbm_id/SWITCH_N_EXT_BSCAN.bscan_inst/SERIES7_BSCAN.bscan_inst/TCK rise@0.000ns)
  Data Path Delay:        5.139ns  (logic 1.090ns (21.212%)  route 4.049ns (78.788%))
  Logic Levels:           4  (LUT4=1 LUT5=2 LUT6=1)
  Clock Path Skew:        -0.179ns (DCD - SCD + CPR)
    Destination Clock Delay (DCD):    3.132ns = ( 36.132 - 33.000 ) 
    Source Clock Delay      (SCD):    3.585ns
    Clock Pessimism Removal (CPR):    0.274ns
  Clock Uncertainty:      0.035ns  ((TSJ^2 + TIJ^2)^1/2 + DJ) / 2 + PE
    Total System Jitter     (TSJ):    0.071ns
    Total Input Jitter      (TIJ):    0.000ns
    Discrete Jitter          (DJ):    0.000ns
    Phase Error              (PE):    0.000ns

    Location             Delay type                Incr(ns)  Path(ns)    Netlist Resource(s)
  -------------------------------------------------------------------    -------------------
                         (clock dbg_hub/inst/BSCANID.u_xsdbm_id/SWITCH_N_EXT_BSCAN.bscan_inst/SERIES7_BSCAN.bscan_inst/TCK rise edge)
                                                      0.000     0.000 r  
    BSCAN_X0Y0           BSCANE2                      0.000     0.000 r  dbg_hub/inst/BSCANID.u_xsdbm_id/SWITCH_N_EXT_BSCAN.bscan_inst/SERIES7_BSCAN.bscan_inst/TCK
                         net (fo=1, routed)           1.854     1.854    dbg_hub/inst/BSCANID.u_xsdbm_id/tck_bs
    BUFGCTRL_X0Y1        BUFG (Prop_bufg_I_O)         0.096     1.950 r  dbg_hub/inst/BSCANID.u_xsdbm_id/SWITCH_N_EXT_BSCAN.u_bufg_icon_tck/O
                         net (fo=494, routed)         1.635     3.585    dbg_hub/inst/BSCANID.u_xsdbm_id/SWITCH_N_EXT_BSCAN.bscan_switch/s_bscan_tck
    SLICE_X7Y4           FDRE                                         r  dbg_hub/inst/BSCANID.u_xsdbm_id/SWITCH_N_EXT_BSCAN.bscan_switch/portno_reg[1]/C
  -------------------------------------------------------------------    -------------------
    SLICE_X7Y4           FDRE (Prop_fdre_C_Q)         0.419     4.004 r  dbg_hub/inst/BSCANID.u_xsdbm_id/SWITCH_N_EXT_BSCAN.bscan_switch/portno_reg[1]/Q
                         net (fo=1, routed)           0.834     4.838    dbg_hub/inst/BSCANID.u_xsdbm_id/SWITCH_N_EXT_BSCAN.bscan_switch/portno[1]
    SLICE_X6Y3           LUT6 (Prop_lut6_I3_O)        0.299     5.137 r  dbg_hub/inst/BSCANID.u_xsdbm_id/SWITCH_N_EXT_BSCAN.bscan_switch/m_bscan_drck[0]_INST_0_i_1/O
                         net (fo=5, routed)           0.522     5.659    dbg_hub/inst/BSCANID.u_xsdbm_id/SWITCH_N_EXT_BSCAN.bscan_switch/m_bscan_drck[0]_INST_0_i_1_n_0
    SLICE_X7Y3           LUT5 (Prop_lut5_I3_O)        0.124     5.783 f  dbg_hub/inst/BSCANID.u_xsdbm_id/SWITCH_N_EXT_BSCAN.bscan_switch/m_bscan_shift[0]_INST_0/O
                         net (fo=4, routed)           1.492     7.275    dbg_hub/inst/BSCANID.u_xsdbm_id/CORE_XSDB.U_ICON/U_CMD/icn_cmd_en_reg[7]
    SLICE_X39Y1          LUT4 (Prop_lut4_I1_O)        0.124     7.399 f  dbg_hub/inst/BSCANID.u_xsdbm_id/CORE_XSDB.U_ICON/U_CMD/iSTAT_CNT[5]_i_4/O
                         net (fo=1, routed)           0.594     7.993    dbg_hub/inst/BSCANID.u_xsdbm_id/CORE_XSDB.U_ICON/U_CMD/iSTAT_CNT[5]_i_4_n_0
    SLICE_X40Y1          LUT5 (Prop_lut5_I4_O)        0.124     8.117 r  dbg_hub/inst/BSCANID.u_xsdbm_id/CORE_XSDB.U_ICON/U_CMD/iSTAT_CNT[5]_i_1/O
                         net (fo=6, routed)           0.606     8.724    dbg_hub/inst/BSCANID.u_xsdbm_id/CORE_XSDB.U_ICON/U_STAT/SR[0]
    SLICE_X41Y2          FDRE                                         r  dbg_hub/inst/BSCANID.u_xsdbm_id/CORE_XSDB.U_ICON/U_STAT/iSTAT_CNT_reg[4]/R
  -------------------------------------------------------------------    -------------------

                         (clock dbg_hub/inst/BSCANID.u_xsdbm_id/SWITCH_N_EXT_BSCAN.bscan_inst/SERIES7_BSCAN.bscan_inst/TCK rise edge)
                                                     33.000    33.000 r  
    BSCAN_X0Y0           BSCANE2                      0.000    33.000 r  dbg_hub/inst/BSCANID.u_xsdbm_id/SWITCH_N_EXT_BSCAN.bscan_inst/SERIES7_BSCAN.bscan_inst/TCK
                         net (fo=1, routed)           1.593    34.593    dbg_hub/inst/BSCANID.u_xsdbm_id/tck_bs
    BUFGCTRL_X0Y1        BUFG (Prop_bufg_I_O)         0.091    34.684 r  dbg_hub/inst/BSCANID.u_xsdbm_id/SWITCH_N_EXT_BSCAN.u_bufg_icon_tck/O
                         net (fo=494, routed)         1.448    36.132    dbg_hub/inst/BSCANID.u_xsdbm_id/CORE_XSDB.U_ICON/U_STAT/m_bscan_tck[0]
    SLICE_X41Y2          FDRE                                         r  dbg_hub/inst/BSCANID.u_xsdbm_id/CORE_XSDB.U_ICON/U_STAT/iSTAT_CNT_reg[4]/C
                         clock pessimism              0.274    36.406    
                         clock uncertainty           -0.035    36.371    
    SLICE_X41Y2          FDRE (Setup_fdre_C_R)       -0.429    35.942    dbg_hub/inst/BSCANID.u_xsdbm_id/CORE_XSDB.U_ICON/U_STAT/iSTAT_CNT_reg[4]
  -------------------------------------------------------------------
                         required time                         35.942    
                         arrival time                          -8.724    
  -------------------------------------------------------------------
                         slack                                 27.218    

Slack (MET) :             27.218ns  (required time - arrival time)
  Source:                 dbg_hub/inst/BSCANID.u_xsdbm_id/SWITCH_N_EXT_BSCAN.bscan_switch/portno_reg[1]/C
                            (rising edge-triggered cell FDRE clocked by dbg_hub/inst/BSCANID.u_xsdbm_id/SWITCH_N_EXT_BSCAN.bscan_inst/SERIES7_BSCAN.bscan_inst/TCK  {rise@0.000ns fall@16.500ns period=33.000ns})
  Destination:            dbg_hub/inst/BSCANID.u_xsdbm_id/CORE_XSDB.U_ICON/U_STAT/iSTAT_CNT_reg[5]/R
                            (rising edge-triggered cell FDRE clocked by dbg_hub/inst/BSCANID.u_xsdbm_id/SWITCH_N_EXT_BSCAN.bscan_inst/SERIES7_BSCAN.bscan_inst/TCK  {rise@0.000ns fall@16.500ns period=33.000ns})
  Path Group:             dbg_hub/inst/BSCANID.u_xsdbm_id/SWITCH_N_EXT_BSCAN.bscan_inst/SERIES7_BSCAN.bscan_inst/TCK
  Path Type:              Setup (Max at Slow Process Corner)
  Requirement:            33.000ns  (dbg_hub/inst/BSCANID.u_xsdbm_id/SWITCH_N_EXT_BSCAN.bscan_inst/SERIES7_BSCAN.bscan_inst/TCK rise@33.000ns - dbg_hub/inst/BSCANID.u_xsdbm_id/SWITCH_N_EXT_BSCAN.bscan_inst/SERIES7_BSCAN.bscan_inst/TCK rise@0.000ns)
  Data Path Delay:        5.139ns  (logic 1.090ns (21.212%)  route 4.049ns (78.788%))
  Logic Levels:           4  (LUT4=1 LUT5=2 LUT6=1)
  Clock Path Skew:        -0.179ns (DCD - SCD + CPR)
    Destination Clock Delay (DCD):    3.132ns = ( 36.132 - 33.000 ) 
    Source Clock Delay      (SCD):    3.585ns
    Clock Pessimism Removal (CPR):    0.274ns
  Clock Uncertainty:      0.035ns  ((TSJ^2 + TIJ^2)^1/2 + DJ) / 2 + PE
    Total System Jitter     (TSJ):    0.071ns
    Total Input Jitter      (TIJ):    0.000ns
    Discrete Jitter          (DJ):    0.000ns
    Phase Error              (PE):    0.000ns

    Location             Delay type                Incr(ns)  Path(ns)    Netlist Resource(s)
  -------------------------------------------------------------------    -------------------
                         (clock dbg_hub/inst/BSCANID.u_xsdbm_id/SWITCH_N_EXT_BSCAN.bscan_inst/SERIES7_BSCAN.bscan_inst/TCK rise edge)
                                                      0.000     0.000 r  
    BSCAN_X0Y0           BSCANE2                      0.000     0.000 r  dbg_hub/inst/BSCANID.u_xsdbm_id/SWITCH_N_EXT_BSCAN.bscan_inst/SERIES7_BSCAN.bscan_inst/TCK
                         net (fo=1, routed)           1.854     1.854    dbg_hub/inst/BSCANID.u_xsdbm_id/tck_bs
    BUFGCTRL_X0Y1        BUFG (Prop_bufg_I_O)         0.096     1.950 r  dbg_hub/inst/BSCANID.u_xsdbm_id/SWITCH_N_EXT_BSCAN.u_bufg_icon_tck/O
                         net (fo=494, routed)         1.635     3.585    dbg_hub/inst/BSCANID.u_xsdbm_id/SWITCH_N_EXT_BSCAN.bscan_switch/s_bscan_tck
    SLICE_X7Y4           FDRE                                         r  dbg_hub/inst/BSCANID.u_xsdbm_id/SWITCH_N_EXT_BSCAN.bscan_switch/portno_reg[1]/C
  -------------------------------------------------------------------    -------------------
    SLICE_X7Y4           FDRE (Prop_fdre_C_Q)         0.419     4.004 r  dbg_hub/inst/BSCANID.u_xsdbm_id/SWITCH_N_EXT_BSCAN.bscan_switch/portno_reg[1]/Q
                         net (fo=1, routed)           0.834     4.838    dbg_hub/inst/BSCANID.u_xsdbm_id/SWITCH_N_EXT_BSCAN.bscan_switch/portno[1]
    SLICE_X6Y3           LUT6 (Prop_lut6_I3_O)        0.299     5.137 r  dbg_hub/inst/BSCANID.u_xsdbm_id/SWITCH_N_EXT_BSCAN.bscan_switch/m_bscan_drck[0]_INST_0_i_1/O
                         net (fo=5, routed)           0.522     5.659    dbg_hub/inst/BSCANID.u_xsdbm_id/SWITCH_N_EXT_BSCAN.bscan_switch/m_bscan_drck[0]_INST_0_i_1_n_0
    SLICE_X7Y3           LUT5 (Prop_lut5_I3_O)        0.124     5.783 f  dbg_hub/inst/BSCANID.u_xsdbm_id/SWITCH_N_EXT_BSCAN.bscan_switch/m_bscan_shift[0]_INST_0/O
                         net (fo=4, routed)           1.492     7.275    dbg_hub/inst/BSCANID.u_xsdbm_id/CORE_XSDB.U_ICON/U_CMD/icn_cmd_en_reg[7]
    SLICE_X39Y1          LUT4 (Prop_lut4_I1_O)        0.124     7.399 f  dbg_hub/inst/BSCANID.u_xsdbm_id/CORE_XSDB.U_ICON/U_CMD/iSTAT_CNT[5]_i_4/O
                         net (fo=1, routed)           0.594     7.993    dbg_hub/inst/BSCANID.u_xsdbm_id/CORE_XSDB.U_ICON/U_CMD/iSTAT_CNT[5]_i_4_n_0
    SLICE_X40Y1          LUT5 (Prop_lut5_I4_O)        0.124     8.117 r  dbg_hub/inst/BSCANID.u_xsdbm_id/CORE_XSDB.U_ICON/U_CMD/iSTAT_CNT[5]_i_1/O
                         net (fo=6, routed)           0.606     8.724    dbg_hub/inst/BSCANID.u_xsdbm_id/CORE_XSDB.U_ICON/U_STAT/SR[0]
    SLICE_X41Y2          FDRE                                         r  dbg_hub/inst/BSCANID.u_xsdbm_id/CORE_XSDB.U_ICON/U_STAT/iSTAT_CNT_reg[5]/R
  -------------------------------------------------------------------    -------------------

                         (clock dbg_hub/inst/BSCANID.u_xsdbm_id/SWITCH_N_EXT_BSCAN.bscan_inst/SERIES7_BSCAN.bscan_inst/TCK rise edge)
                                                     33.000    33.000 r  
    BSCAN_X0Y0           BSCANE2                      0.000    33.000 r  dbg_hub/inst/BSCANID.u_xsdbm_id/SWITCH_N_EXT_BSCAN.bscan_inst/SERIES7_BSCAN.bscan_inst/TCK
                         net (fo=1, routed)           1.593    34.593    dbg_hub/inst/BSCANID.u_xsdbm_id/tck_bs
    BUFGCTRL_X0Y1        BUFG (Prop_bufg_I_O)         0.091    34.684 r  dbg_hub/inst/BSCANID.u_xsdbm_id/SWITCH_N_EXT_BSCAN.u_bufg_icon_tck/O
                         net (fo=494, routed)         1.448    36.132    dbg_hub/inst/BSCANID.u_xsdbm_id/CORE_XSDB.U_ICON/U_STAT/m_bscan_tck[0]
    SLICE_X41Y2          FDRE                                         r  dbg_hub/inst/BSCANID.u_xsdbm_id/CORE_XSDB.U_ICON/U_STAT/iSTAT_CNT_reg[5]/C
                         clock pessimism              0.274    36.406    
                         clock uncertainty           -0.035    36.371    
    SLICE_X41Y2          FDRE (Setup_fdre_C_R)       -0.429    35.942    dbg_hub/inst/BSCANID.u_xsdbm_id/CORE_XSDB.U_ICON/U_STAT/iSTAT_CNT_reg[5]
  -------------------------------------------------------------------
                         required time                         35.942    
                         arrival time                          -8.724    
  -------------------------------------------------------------------
                         slack                                 27.218    

Slack (MET) :             27.221ns  (required time - arrival time)
  Source:                 dbg_hub/inst/BSCANID.u_xsdbm_id/SWITCH_N_EXT_BSCAN.bscan_switch/state_reg[2]/C
                            (rising edge-triggered cell FDRE clocked by dbg_hub/inst/BSCANID.u_xsdbm_id/SWITCH_N_EXT_BSCAN.bscan_inst/SERIES7_BSCAN.bscan_inst/TCK  {rise@0.000ns fall@16.500ns period=33.000ns})
  Destination:            dbg_hub/inst/BSCANID.u_xsdbm_id/SWITCH_N_EXT_BSCAN.bscan_switch/state_temp_reg[2]/D
                            (rising edge-triggered cell FDRE clocked by dbg_hub/inst/BSCANID.u_xsdbm_id/SWITCH_N_EXT_BSCAN.bscan_inst/SERIES7_BSCAN.bscan_inst/TCK  {rise@0.000ns fall@16.500ns period=33.000ns})
  Path Group:             dbg_hub/inst/BSCANID.u_xsdbm_id/SWITCH_N_EXT_BSCAN.bscan_inst/SERIES7_BSCAN.bscan_inst/TCK
  Path Type:              Setup (Max at Slow Process Corner)
  Requirement:            33.000ns  (dbg_hub/inst/BSCANID.u_xsdbm_id/SWITCH_N_EXT_BSCAN.bscan_inst/SERIES7_BSCAN.bscan_inst/TCK rise@33.000ns - dbg_hub/inst/BSCANID.u_xsdbm_id/SWITCH_N_EXT_BSCAN.bscan_inst/SERIES7_BSCAN.bscan_inst/TCK rise@0.000ns)
  Data Path Delay:        5.824ns  (logic 1.797ns (30.854%)  route 4.027ns (69.146%))
  Logic Levels:           6  (CARRY4=2 LUT4=1 LUT5=1 LUT6=2)
  Clock Path Skew:        0.000ns (DCD - SCD + CPR)
    Destination Clock Delay (DCD):    3.201ns = ( 36.201 - 33.000 ) 
    Source Clock Delay      (SCD):    3.585ns
    Clock Pessimism Removal (CPR):    0.384ns
  Clock Uncertainty:      0.035ns  ((TSJ^2 + TIJ^2)^1/2 + DJ) / 2 + PE
    Total System Jitter     (TSJ):    0.071ns
    Total Input Jitter      (TIJ):    0.000ns
    Discrete Jitter          (DJ):    0.000ns
    Phase Error              (PE):    0.000ns

    Location             Delay type                Incr(ns)  Path(ns)    Netlist Resource(s)
  -------------------------------------------------------------------    -------------------
                         (clock dbg_hub/inst/BSCANID.u_xsdbm_id/SWITCH_N_EXT_BSCAN.bscan_inst/SERIES7_BSCAN.bscan_inst/TCK rise edge)
                                                      0.000     0.000 r  
    BSCAN_X0Y0           BSCANE2                      0.000     0.000 r  dbg_hub/inst/BSCANID.u_xsdbm_id/SWITCH_N_EXT_BSCAN.bscan_inst/SERIES7_BSCAN.bscan_inst/TCK
                         net (fo=1, routed)           1.854     1.854    dbg_hub/inst/BSCANID.u_xsdbm_id/tck_bs
    BUFGCTRL_X0Y1        BUFG (Prop_bufg_I_O)         0.096     1.950 r  dbg_hub/inst/BSCANID.u_xsdbm_id/SWITCH_N_EXT_BSCAN.u_bufg_icon_tck/O
                         net (fo=494, routed)         1.635     3.585    dbg_hub/inst/BSCANID.u_xsdbm_id/SWITCH_N_EXT_BSCAN.bscan_switch/s_bscan_tck
    SLICE_X6Y4           FDRE                                         r  dbg_hub/inst/BSCANID.u_xsdbm_id/SWITCH_N_EXT_BSCAN.bscan_switch/state_reg[2]/C
  -------------------------------------------------------------------    -------------------
    SLICE_X6Y4           FDRE (Prop_fdre_C_Q)         0.478     4.063 f  dbg_hub/inst/BSCANID.u_xsdbm_id/SWITCH_N_EXT_BSCAN.bscan_switch/state_reg[2]/Q
                         net (fo=50, routed)          1.452     5.515    dbg_hub/inst/BSCANID.u_xsdbm_id/SWITCH_N_EXT_BSCAN.bscan_switch/state[2]
    SLICE_X2Y3           LUT4 (Prop_lut4_I2_O)        0.301     5.816 r  dbg_hub/inst/BSCANID.u_xsdbm_id/SWITCH_N_EXT_BSCAN.bscan_switch/curid_inferred_i_22/O
                         net (fo=2, routed)           1.114     6.931    dbg_hub/inst/BSCANID.u_xsdbm_id/SWITCH_N_EXT_BSCAN.bscan_switch/curid[10]
    SLICE_X1Y3           LUT6 (Prop_lut6_I1_O)        0.124     7.055 r  dbg_hub/inst/BSCANID.u_xsdbm_id/SWITCH_N_EXT_BSCAN.bscan_switch/state_temp[0]_i_12/O
                         net (fo=1, routed)           0.000     7.055    dbg_hub/inst/BSCANID.u_xsdbm_id/SWITCH_N_EXT_BSCAN.bscan_switch/state_temp[0]_i_12_n_0
    SLICE_X1Y3           CARRY4 (Prop_carry4_S[0]_CO[3])
                                                      0.532     7.587 r  dbg_hub/inst/BSCANID.u_xsdbm_id/SWITCH_N_EXT_BSCAN.bscan_switch/state_temp_reg[0]_i_4/CO[3]
                         net (fo=1, routed)           0.000     7.587    dbg_hub/inst/BSCANID.u_xsdbm_id/SWITCH_N_EXT_BSCAN.bscan_switch/state_temp_reg[0]_i_4_n_0
    SLICE_X1Y4           CARRY4 (Prop_carry4_CI_CO[3])
                                                      0.114     7.701 f  dbg_hub/inst/BSCANID.u_xsdbm_id/SWITCH_N_EXT_BSCAN.bscan_switch/state_temp_reg[0]_i_3/CO[3]
                         net (fo=4, routed)           0.617     8.317    dbg_hub/inst/BSCANID.u_xsdbm_id/SWITCH_N_EXT_BSCAN.bscan_switch/state_temp_reg[0]_i_3_n_0
    SLICE_X5Y4           LUT5 (Prop_lut5_I1_O)        0.124     8.441 r  dbg_hub/inst/BSCANID.u_xsdbm_id/SWITCH_N_EXT_BSCAN.bscan_switch/portno_temp[5]_i_2/O
                         net (fo=7, routed)           0.844     9.285    dbg_hub/inst/BSCANID.u_xsdbm_id/SWITCH_N_EXT_BSCAN.bscan_switch/portno_temp[5]_i_2_n_0
    SLICE_X6Y4           LUT6 (Prop_lut6_I2_O)        0.124     9.409 r  dbg_hub/inst/BSCANID.u_xsdbm_id/SWITCH_N_EXT_BSCAN.bscan_switch/state_temp[2]_i_1/O
                         net (fo=1, routed)           0.000     9.409    dbg_hub/inst/BSCANID.u_xsdbm_id/SWITCH_N_EXT_BSCAN.bscan_switch/state_temp[2]_i_1_n_0
    SLICE_X6Y4           FDRE                                         r  dbg_hub/inst/BSCANID.u_xsdbm_id/SWITCH_N_EXT_BSCAN.bscan_switch/state_temp_reg[2]/D
  -------------------------------------------------------------------    -------------------

                         (clock dbg_hub/inst/BSCANID.u_xsdbm_id/SWITCH_N_EXT_BSCAN.bscan_inst/SERIES7_BSCAN.bscan_inst/TCK rise edge)
                                                     33.000    33.000 r  
    BSCAN_X0Y0           BSCANE2                      0.000    33.000 r  dbg_hub/inst/BSCANID.u_xsdbm_id/SWITCH_N_EXT_BSCAN.bscan_inst/SERIES7_BSCAN.bscan_inst/TCK
                         net (fo=1, routed)           1.593    34.593    dbg_hub/inst/BSCANID.u_xsdbm_id/tck_bs
    BUFGCTRL_X0Y1        BUFG (Prop_bufg_I_O)         0.091    34.684 r  dbg_hub/inst/BSCANID.u_xsdbm_id/SWITCH_N_EXT_BSCAN.u_bufg_icon_tck/O
                         net (fo=494, routed)         1.517    36.201    dbg_hub/inst/BSCANID.u_xsdbm_id/SWITCH_N_EXT_BSCAN.bscan_switch/s_bscan_tck
    SLICE_X6Y4           FDRE                                         r  dbg_hub/inst/BSCANID.u_xsdbm_id/SWITCH_N_EXT_BSCAN.bscan_switch/state_temp_reg[2]/C
                         clock pessimism              0.384    36.585    
                         clock uncertainty           -0.035    36.550    
    SLICE_X6Y4           FDRE (Setup_fdre_C_D)        0.081    36.631    dbg_hub/inst/BSCANID.u_xsdbm_id/SWITCH_N_EXT_BSCAN.bscan_switch/state_temp_reg[2]
  -------------------------------------------------------------------
                         required time                         36.631    
                         arrival time                          -9.409    
  -------------------------------------------------------------------
                         slack                                 27.221    





Min Delay Paths
--------------------------------------------------------------------------------------
Slack (MET) :             0.121ns  (arrival time - required time)
  Source:                 dbg_hub/inst/BSCANID.u_xsdbm_id/CORE_XSDB.UUT_MASTER/U_ICON_INTERFACE/U_CMD5/shift_reg_in_reg[7]/C
                            (rising edge-triggered cell FDRE clocked by dbg_hub/inst/BSCANID.u_xsdbm_id/SWITCH_N_EXT_BSCAN.bscan_inst/SERIES7_BSCAN.bscan_inst/TCK  {rise@0.000ns fall@16.500ns period=33.000ns})
  Destination:            dbg_hub/inst/BSCANID.u_xsdbm_id/CORE_XSDB.UUT_MASTER/U_ICON_INTERFACE/U_CMD5/shift_reg_in_reg[6]/D
                            (rising edge-triggered cell FDRE clocked by dbg_hub/inst/BSCANID.u_xsdbm_id/SWITCH_N_EXT_BSCAN.bscan_inst/SERIES7_BSCAN.bscan_inst/TCK  {rise@0.000ns fall@16.500ns period=33.000ns})
  Path Group:             dbg_hub/inst/BSCANID.u_xsdbm_id/SWITCH_N_EXT_BSCAN.bscan_inst/SERIES7_BSCAN.bscan_inst/TCK
  Path Type:              Hold (Min at Fast Process Corner)
  Requirement:            0.000ns  (dbg_hub/inst/BSCANID.u_xsdbm_id/SWITCH_N_EXT_BSCAN.bscan_inst/SERIES7_BSCAN.bscan_inst/TCK rise@0.000ns - dbg_hub/inst/BSCANID.u_xsdbm_id/SWITCH_N_EXT_BSCAN.bscan_inst/SERIES7_BSCAN.bscan_inst/TCK rise@0.000ns)
  Data Path Delay:        0.197ns  (logic 0.141ns (71.611%)  route 0.056ns (28.389%))
  Logic Levels:           0  
  Clock Path Skew:        0.000ns (DCD - SCD - CPR)
    Destination Clock Delay (DCD):    1.710ns
    Source Clock Delay      (SCD):    1.324ns
    Clock Pessimism Removal (CPR):    0.386ns

    Location             Delay type                Incr(ns)  Path(ns)    Netlist Resource(s)
  -------------------------------------------------------------------    -------------------
                         (clock dbg_hub/inst/BSCANID.u_xsdbm_id/SWITCH_N_EXT_BSCAN.bscan_inst/SERIES7_BSCAN.bscan_inst/TCK rise edge)
                                                      0.000     0.000 r  
    BSCAN_X0Y0           BSCANE2                      0.000     0.000 r  dbg_hub/inst/BSCANID.u_xsdbm_id/SWITCH_N_EXT_BSCAN.bscan_inst/SERIES7_BSCAN.bscan_inst/TCK
                         net (fo=1, routed)           0.742     0.742    dbg_hub/inst/BSCANID.u_xsdbm_id/tck_bs
    BUFGCTRL_X0Y1        BUFG (Prop_bufg_I_O)         0.026     0.768 r  dbg_hub/inst/BSCANID.u_xsdbm_id/SWITCH_N_EXT_BSCAN.u_bufg_icon_tck/O
                         net (fo=494, routed)         0.557     1.324    dbg_hub/inst/BSCANID.u_xsdbm_id/CORE_XSDB.UUT_MASTER/U_ICON_INTERFACE/U_CMD5/m_bscan_tck[0]
    SLICE_X39Y17         FDRE                                         r  dbg_hub/inst/BSCANID.u_xsdbm_id/CORE_XSDB.UUT_MASTER/U_ICON_INTERFACE/U_CMD5/shift_reg_in_reg[7]/C
  -------------------------------------------------------------------    -------------------
    SLICE_X39Y17         FDRE (Prop_fdre_C_Q)         0.141     1.465 r  dbg_hub/inst/BSCANID.u_xsdbm_id/CORE_XSDB.UUT_MASTER/U_ICON_INTERFACE/U_CMD5/shift_reg_in_reg[7]/Q
                         net (fo=2, routed)           0.056     1.521    dbg_hub/inst/BSCANID.u_xsdbm_id/CORE_XSDB.UUT_MASTER/U_ICON_INTERFACE/U_CMD5/shift_reg_in[7]
    SLICE_X39Y17         FDRE                                         r  dbg_hub/inst/BSCANID.u_xsdbm_id/CORE_XSDB.UUT_MASTER/U_ICON_INTERFACE/U_CMD5/shift_reg_in_reg[6]/D
  -------------------------------------------------------------------    -------------------

                         (clock dbg_hub/inst/BSCANID.u_xsdbm_id/SWITCH_N_EXT_BSCAN.bscan_inst/SERIES7_BSCAN.bscan_inst/TCK rise edge)
                                                      0.000     0.000 r  
    BSCAN_X0Y0           BSCANE2                      0.000     0.000 r  dbg_hub/inst/BSCANID.u_xsdbm_id/SWITCH_N_EXT_BSCAN.bscan_inst/SERIES7_BSCAN.bscan_inst/TCK
                         net (fo=1, routed)           0.858     0.858    dbg_hub/inst/BSCANID.u_xsdbm_id/tck_bs
    BUFGCTRL_X0Y1        BUFG (Prop_bufg_I_O)         0.029     0.887 r  dbg_hub/inst/BSCANID.u_xsdbm_id/SWITCH_N_EXT_BSCAN.u_bufg_icon_tck/O
                         net (fo=494, routed)         0.824     1.710    dbg_hub/inst/BSCANID.u_xsdbm_id/CORE_XSDB.UUT_MASTER/U_ICON_INTERFACE/U_CMD5/m_bscan_tck[0]
    SLICE_X39Y17         FDRE                                         r  dbg_hub/inst/BSCANID.u_xsdbm_id/CORE_XSDB.UUT_MASTER/U_ICON_INTERFACE/U_CMD5/shift_reg_in_reg[6]/C
                         clock pessimism             -0.386     1.324    
    SLICE_X39Y17         FDRE (Hold_fdre_C_D)         0.076     1.400    dbg_hub/inst/BSCANID.u_xsdbm_id/CORE_XSDB.UUT_MASTER/U_ICON_INTERFACE/U_CMD5/shift_reg_in_reg[6]
  -------------------------------------------------------------------
                         required time                         -1.400    
                         arrival time                           1.521    
  -------------------------------------------------------------------
                         slack                                  0.121    

Slack (MET) :             0.122ns  (arrival time - required time)
  Source:                 dbg_hub/inst/BSCANID.u_xsdbm_id/CORE_XSDB.UUT_MASTER/U_ICON_INTERFACE/U_CMD6_RD/U_RD_FIFO/SUBCORE_FIFO.xsdbm_v3_0_0_rdfifo_inst/inst_fifo_gen/gconvfifo.rf/grf.rf/gntv_or_sync_fifo.gcx.clkx/gnxpm_cdc.gsync_stage[1].rd_stg_inst/Q_reg_reg[3]/C
                            (rising edge-triggered cell FDCE clocked by dbg_hub/inst/BSCANID.u_xsdbm_id/SWITCH_N_EXT_BSCAN.bscan_inst/SERIES7_BSCAN.bscan_inst/TCK  {rise@0.000ns fall@16.500ns period=33.000ns})
  Destination:            dbg_hub/inst/BSCANID.u_xsdbm_id/CORE_XSDB.UUT_MASTER/U_ICON_INTERFACE/U_CMD6_RD/U_RD_FIFO/SUBCORE_FIFO.xsdbm_v3_0_0_rdfifo_inst/inst_fifo_gen/gconvfifo.rf/grf.rf/gntv_or_sync_fifo.gcx.clkx/gnxpm_cdc.gsync_stage[2].rd_stg_inst/Q_reg_reg[3]/D
                            (rising edge-triggered cell FDCE clocked by dbg_hub/inst/BSCANID.u_xsdbm_id/SWITCH_N_EXT_BSCAN.bscan_inst/SERIES7_BSCAN.bscan_inst/TCK  {rise@0.000ns fall@16.500ns period=33.000ns})
  Path Group:             dbg_hub/inst/BSCANID.u_xsdbm_id/SWITCH_N_EXT_BSCAN.bscan_inst/SERIES7_BSCAN.bscan_inst/TCK
  Path Type:              Hold (Min at Fast Process Corner)
  Requirement:            0.000ns  (dbg_hub/inst/BSCANID.u_xsdbm_id/SWITCH_N_EXT_BSCAN.bscan_inst/SERIES7_BSCAN.bscan_inst/TCK rise@0.000ns - dbg_hub/inst/BSCANID.u_xsdbm_id/SWITCH_N_EXT_BSCAN.bscan_inst/SERIES7_BSCAN.bscan_inst/TCK rise@0.000ns)
  Data Path Delay:        0.197ns  (logic 0.141ns (71.611%)  route 0.056ns (28.389%))
  Logic Levels:           0  
  Clock Path Skew:        0.000ns (DCD - SCD - CPR)
    Destination Clock Delay (DCD):    1.707ns
    Source Clock Delay      (SCD):    1.321ns
    Clock Pessimism Removal (CPR):    0.386ns

    Location             Delay type                Incr(ns)  Path(ns)    Netlist Resource(s)
  -------------------------------------------------------------------    -------------------
                         (clock dbg_hub/inst/BSCANID.u_xsdbm_id/SWITCH_N_EXT_BSCAN.bscan_inst/SERIES7_BSCAN.bscan_inst/TCK rise edge)
                                                      0.000     0.000 r  
    BSCAN_X0Y0           BSCANE2                      0.000     0.000 r  dbg_hub/inst/BSCANID.u_xsdbm_id/SWITCH_N_EXT_BSCAN.bscan_inst/SERIES7_BSCAN.bscan_inst/TCK
                         net (fo=1, routed)           0.742     0.742    dbg_hub/inst/BSCANID.u_xsdbm_id/tck_bs
    BUFGCTRL_X0Y1        BUFG (Prop_bufg_I_O)         0.026     0.768 r  dbg_hub/inst/BSCANID.u_xsdbm_id/SWITCH_N_EXT_BSCAN.u_bufg_icon_tck/O
                         net (fo=494, routed)         0.554     1.321    dbg_hub/inst/BSCANID.u_xsdbm_id/CORE_XSDB.UUT_MASTER/U_ICON_INTERFACE/U_CMD6_RD/U_RD_FIFO/SUBCORE_FIFO.xsdbm_v3_0_0_rdfifo_inst/inst_fifo_gen/gconvfifo.rf/grf.rf/gntv_or_sync_fifo.gcx.clkx/gnxpm_cdc.gsync_stage[1].rd_stg_inst/rd_clk
    SLICE_X45Y22         FDCE                                         r  dbg_hub/inst/BSCANID.u_xsdbm_id/CORE_XSDB.UUT_MASTER/U_ICON_INTERFACE/U_CMD6_RD/U_RD_FIFO/SUBCORE_FIFO.xsdbm_v3_0_0_rdfifo_inst/inst_fifo_gen/gconvfifo.rf/grf.rf/gntv_or_sync_fifo.gcx.clkx/gnxpm_cdc.gsync_stage[1].rd_stg_inst/Q_reg_reg[3]/C
  -------------------------------------------------------------------    -------------------
    SLICE_X45Y22         FDCE (Prop_fdce_C_Q)         0.141     1.462 r  dbg_hub/inst/BSCANID.u_xsdbm_id/CORE_XSDB.UUT_MASTER/U_ICON_INTERFACE/U_CMD6_RD/U_RD_FIFO/SUBCORE_FIFO.xsdbm_v3_0_0_rdfifo_inst/inst_fifo_gen/gconvfifo.rf/grf.rf/gntv_or_sync_fifo.gcx.clkx/gnxpm_cdc.gsync_stage[1].rd_stg_inst/Q_reg_reg[3]/Q
                         net (fo=1, routed)           0.056     1.518    dbg_hub/inst/BSCANID.u_xsdbm_id/CORE_XSDB.UUT_MASTER/U_ICON_INTERFACE/U_CMD6_RD/U_RD_FIFO/SUBCORE_FIFO.xsdbm_v3_0_0_rdfifo_inst/inst_fifo_gen/gconvfifo.rf/grf.rf/gntv_or_sync_fifo.gcx.clkx/gnxpm_cdc.gsync_stage[2].rd_stg_inst/Q_reg_reg[3]_0[3]
    SLICE_X45Y22         FDCE                                         r  dbg_hub/inst/BSCANID.u_xsdbm_id/CORE_XSDB.UUT_MASTER/U_ICON_INTERFACE/U_CMD6_RD/U_RD_FIFO/SUBCORE_FIFO.xsdbm_v3_0_0_rdfifo_inst/inst_fifo_gen/gconvfifo.rf/grf.rf/gntv_or_sync_fifo.gcx.clkx/gnxpm_cdc.gsync_stage[2].rd_stg_inst/Q_reg_reg[3]/D
  -------------------------------------------------------------------    -------------------

                         (clock dbg_hub/inst/BSCANID.u_xsdbm_id/SWITCH_N_EXT_BSCAN.bscan_inst/SERIES7_BSCAN.bscan_inst/TCK rise edge)
                                                      0.000     0.000 r  
    BSCAN_X0Y0           BSCANE2                      0.000     0.000 r  dbg_hub/inst/BSCANID.u_xsdbm_id/SWITCH_N_EXT_BSCAN.bscan_inst/SERIES7_BSCAN.bscan_inst/TCK
                         net (fo=1, routed)           0.858     0.858    dbg_hub/inst/BSCANID.u_xsdbm_id/tck_bs
    BUFGCTRL_X0Y1        BUFG (Prop_bufg_I_O)         0.029     0.887 r  dbg_hub/inst/BSCANID.u_xsdbm_id/SWITCH_N_EXT_BSCAN.u_bufg_icon_tck/O
                         net (fo=494, routed)         0.821     1.707    dbg_hub/inst/BSCANID.u_xsdbm_id/CORE_XSDB.UUT_MASTER/U_ICON_INTERFACE/U_CMD6_RD/U_RD_FIFO/SUBCORE_FIFO.xsdbm_v3_0_0_rdfifo_inst/inst_fifo_gen/gconvfifo.rf/grf.rf/gntv_or_sync_fifo.gcx.clkx/gnxpm_cdc.gsync_stage[2].rd_stg_inst/rd_clk
    SLICE_X45Y22         FDCE                                         r  dbg_hub/inst/BSCANID.u_xsdbm_id/CORE_XSDB.UUT_MASTER/U_ICON_INTERFACE/U_CMD6_RD/U_RD_FIFO/SUBCORE_FIFO.xsdbm_v3_0_0_rdfifo_inst/inst_fifo_gen/gconvfifo.rf/grf.rf/gntv_or_sync_fifo.gcx.clkx/gnxpm_cdc.gsync_stage[2].rd_stg_inst/Q_reg_reg[3]/C
                         clock pessimism             -0.386     1.321    
    SLICE_X45Y22         FDCE (Hold_fdce_C_D)         0.075     1.396    dbg_hub/inst/BSCANID.u_xsdbm_id/CORE_XSDB.UUT_MASTER/U_ICON_INTERFACE/U_CMD6_RD/U_RD_FIFO/SUBCORE_FIFO.xsdbm_v3_0_0_rdfifo_inst/inst_fifo_gen/gconvfifo.rf/grf.rf/gntv_or_sync_fifo.gcx.clkx/gnxpm_cdc.gsync_stage[2].rd_stg_inst/Q_reg_reg[3]
  -------------------------------------------------------------------
                         required time                         -1.396    
                         arrival time                           1.518    
  -------------------------------------------------------------------
                         slack                                  0.122    

Slack (MET) :             0.122ns  (arrival time - required time)
  Source:                 dbg_hub/inst/BSCANID.u_xsdbm_id/CORE_XSDB.UUT_MASTER/U_ICON_INTERFACE/U_CMD6_WR/U_WR_FIFO/SUBCORE_FIFO.xsdbm_v3_0_0_wrfifo_inst/inst_fifo_gen/gconvfifo.rf/grf.rf/rstblk/ngwrdrst.grst.g7serrst.rst_wr_reg1_reg/C
                            (rising edge-triggered cell FDPE clocked by dbg_hub/inst/BSCANID.u_xsdbm_id/SWITCH_N_EXT_BSCAN.bscan_inst/SERIES7_BSCAN.bscan_inst/TCK  {rise@0.000ns fall@16.500ns period=33.000ns})
  Destination:            dbg_hub/inst/BSCANID.u_xsdbm_id/CORE_XSDB.UUT_MASTER/U_ICON_INTERFACE/U_CMD6_WR/U_WR_FIFO/SUBCORE_FIFO.xsdbm_v3_0_0_wrfifo_inst/inst_fifo_gen/gconvfifo.rf/grf.rf/rstblk/ngwrdrst.grst.g7serrst.rst_wr_reg2_reg/D
                            (rising edge-triggered cell FDPE clocked by dbg_hub/inst/BSCANID.u_xsdbm_id/SWITCH_N_EXT_BSCAN.bscan_inst/SERIES7_BSCAN.bscan_inst/TCK  {rise@0.000ns fall@16.500ns period=33.000ns})
  Path Group:             dbg_hub/inst/BSCANID.u_xsdbm_id/SWITCH_N_EXT_BSCAN.bscan_inst/SERIES7_BSCAN.bscan_inst/TCK
  Path Type:              Hold (Min at Fast Process Corner)
  Requirement:            0.000ns  (dbg_hub/inst/BSCANID.u_xsdbm_id/SWITCH_N_EXT_BSCAN.bscan_inst/SERIES7_BSCAN.bscan_inst/TCK rise@0.000ns - dbg_hub/inst/BSCANID.u_xsdbm_id/SWITCH_N_EXT_BSCAN.bscan_inst/SERIES7_BSCAN.bscan_inst/TCK rise@0.000ns)
  Data Path Delay:        0.197ns  (logic 0.141ns (71.611%)  route 0.056ns (28.389%))
  Logic Levels:           0  
  Clock Path Skew:        0.000ns (DCD - SCD - CPR)
    Destination Clock Delay (DCD):    1.718ns
    Source Clock Delay      (SCD):    1.330ns
    Clock Pessimism Removal (CPR):    0.388ns

    Location             Delay type                Incr(ns)  Path(ns)    Netlist Resource(s)
  -------------------------------------------------------------------    -------------------
                         (clock dbg_hub/inst/BSCANID.u_xsdbm_id/SWITCH_N_EXT_BSCAN.bscan_inst/SERIES7_BSCAN.bscan_inst/TCK rise edge)
                                                      0.000     0.000 r  
    BSCAN_X0Y0           BSCANE2                      0.000     0.000 r  dbg_hub/inst/BSCANID.u_xsdbm_id/SWITCH_N_EXT_BSCAN.bscan_inst/SERIES7_BSCAN.bscan_inst/TCK
                         net (fo=1, routed)           0.742     0.742    dbg_hub/inst/BSCANID.u_xsdbm_id/tck_bs
    BUFGCTRL_X0Y1        BUFG (Prop_bufg_I_O)         0.026     0.768 r  dbg_hub/inst/BSCANID.u_xsdbm_id/SWITCH_N_EXT_BSCAN.u_bufg_icon_tck/O
                         net (fo=494, routed)         0.563     1.330    dbg_hub/inst/BSCANID.u_xsdbm_id/CORE_XSDB.UUT_MASTER/U_ICON_INTERFACE/U_CMD6_WR/U_WR_FIFO/SUBCORE_FIFO.xsdbm_v3_0_0_wrfifo_inst/inst_fifo_gen/gconvfifo.rf/grf.rf/rstblk/wr_clk
    SLICE_X39Y5          FDPE                                         r  dbg_hub/inst/BSCANID.u_xsdbm_id/CORE_XSDB.UUT_MASTER/U_ICON_INTERFACE/U_CMD6_WR/U_WR_FIFO/SUBCORE_FIFO.xsdbm_v3_0_0_wrfifo_inst/inst_fifo_gen/gconvfifo.rf/grf.rf/rstblk/ngwrdrst.grst.g7serrst.rst_wr_reg1_reg/C
  -------------------------------------------------------------------    -------------------
    SLICE_X39Y5          FDPE (Prop_fdpe_C_Q)         0.141     1.471 r  dbg_hub/inst/BSCANID.u_xsdbm_id/CORE_XSDB.UUT_MASTER/U_ICON_INTERFACE/U_CMD6_WR/U_WR_FIFO/SUBCORE_FIFO.xsdbm_v3_0_0_wrfifo_inst/inst_fifo_gen/gconvfifo.rf/grf.rf/rstblk/ngwrdrst.grst.g7serrst.rst_wr_reg1_reg/Q
                         net (fo=1, routed)           0.056     1.527    dbg_hub/inst/BSCANID.u_xsdbm_id/CORE_XSDB.UUT_MASTER/U_ICON_INTERFACE/U_CMD6_WR/U_WR_FIFO/SUBCORE_FIFO.xsdbm_v3_0_0_wrfifo_inst/inst_fifo_gen/gconvfifo.rf/grf.rf/rstblk/rst_wr_reg1
    SLICE_X39Y5          FDPE                                         r  dbg_hub/inst/BSCANID.u_xsdbm_id/CORE_XSDB.UUT_MASTER/U_ICON_INTERFACE/U_CMD6_WR/U_WR_FIFO/SUBCORE_FIFO.xsdbm_v3_0_0_wrfifo_inst/inst_fifo_gen/gconvfifo.rf/grf.rf/rstblk/ngwrdrst.grst.g7serrst.rst_wr_reg2_reg/D
  -------------------------------------------------------------------    -------------------

                         (clock dbg_hub/inst/BSCANID.u_xsdbm_id/SWITCH_N_EXT_BSCAN.bscan_inst/SERIES7_BSCAN.bscan_inst/TCK rise edge)
                                                      0.000     0.000 r  
    BSCAN_X0Y0           BSCANE2                      0.000     0.000 r  dbg_hub/inst/BSCANID.u_xsdbm_id/SWITCH_N_EXT_BSCAN.bscan_inst/SERIES7_BSCAN.bscan_inst/TCK
                         net (fo=1, routed)           0.858     0.858    dbg_hub/inst/BSCANID.u_xsdbm_id/tck_bs
    BUFGCTRL_X0Y1        BUFG (Prop_bufg_I_O)         0.029     0.887 r  dbg_hub/inst/BSCANID.u_xsdbm_id/SWITCH_N_EXT_BSCAN.u_bufg_icon_tck/O
                         net (fo=494, routed)         0.832     1.718    dbg_hub/inst/BSCANID.u_xsdbm_id/CORE_XSDB.UUT_MASTER/U_ICON_INTERFACE/U_CMD6_WR/U_WR_FIFO/SUBCORE_FIFO.xsdbm_v3_0_0_wrfifo_inst/inst_fifo_gen/gconvfifo.rf/grf.rf/rstblk/wr_clk
    SLICE_X39Y5          FDPE                                         r  dbg_hub/inst/BSCANID.u_xsdbm_id/CORE_XSDB.UUT_MASTER/U_ICON_INTERFACE/U_CMD6_WR/U_WR_FIFO/SUBCORE_FIFO.xsdbm_v3_0_0_wrfifo_inst/inst_fifo_gen/gconvfifo.rf/grf.rf/rstblk/ngwrdrst.grst.g7serrst.rst_wr_reg2_reg/C
                         clock pessimism             -0.388     1.330    
    SLICE_X39Y5          FDPE (Hold_fdpe_C_D)         0.075     1.405    dbg_hub/inst/BSCANID.u_xsdbm_id/CORE_XSDB.UUT_MASTER/U_ICON_INTERFACE/U_CMD6_WR/U_WR_FIFO/SUBCORE_FIFO.xsdbm_v3_0_0_wrfifo_inst/inst_fifo_gen/gconvfifo.rf/grf.rf/rstblk/ngwrdrst.grst.g7serrst.rst_wr_reg2_reg
  -------------------------------------------------------------------
                         required time                         -1.405    
                         arrival time                           1.527    
  -------------------------------------------------------------------
                         slack                                  0.122    

Slack (MET) :             0.124ns  (arrival time - required time)
  Source:                 dbg_hub/inst/BSCANID.u_xsdbm_id/CORE_XSDB.UUT_MASTER/U_ICON_INTERFACE/U_CMD6_RD/U_RD_FIFO/SUBCORE_FIFO.xsdbm_v3_0_0_rdfifo_inst/inst_fifo_gen/gconvfifo.rf/grf.rf/gntv_or_sync_fifo.gcx.clkx/gnxpm_cdc.gsync_stage[1].rd_stg_inst/Q_reg_reg[2]/C
                            (rising edge-triggered cell FDCE clocked by dbg_hub/inst/BSCANID.u_xsdbm_id/SWITCH_N_EXT_BSCAN.bscan_inst/SERIES7_BSCAN.bscan_inst/TCK  {rise@0.000ns fall@16.500ns period=33.000ns})
  Destination:            dbg_hub/inst/BSCANID.u_xsdbm_id/CORE_XSDB.UUT_MASTER/U_ICON_INTERFACE/U_CMD6_RD/U_RD_FIFO/SUBCORE_FIFO.xsdbm_v3_0_0_rdfifo_inst/inst_fifo_gen/gconvfifo.rf/grf.rf/gntv_or_sync_fifo.gcx.clkx/gnxpm_cdc.gsync_stage[2].rd_stg_inst/Q_reg_reg[2]/D
                            (rising edge-triggered cell FDCE clocked by dbg_hub/inst/BSCANID.u_xsdbm_id/SWITCH_N_EXT_BSCAN.bscan_inst/SERIES7_BSCAN.bscan_inst/TCK  {rise@0.000ns fall@16.500ns period=33.000ns})
  Path Group:             dbg_hub/inst/BSCANID.u_xsdbm_id/SWITCH_N_EXT_BSCAN.bscan_inst/SERIES7_BSCAN.bscan_inst/TCK
  Path Type:              Hold (Min at Fast Process Corner)
  Requirement:            0.000ns  (dbg_hub/inst/BSCANID.u_xsdbm_id/SWITCH_N_EXT_BSCAN.bscan_inst/SERIES7_BSCAN.bscan_inst/TCK rise@0.000ns - dbg_hub/inst/BSCANID.u_xsdbm_id/SWITCH_N_EXT_BSCAN.bscan_inst/SERIES7_BSCAN.bscan_inst/TCK rise@0.000ns)
  Data Path Delay:        0.200ns  (logic 0.141ns (70.589%)  route 0.059ns (29.411%))
  Logic Levels:           0  
  Clock Path Skew:        0.000ns (DCD - SCD - CPR)
    Destination Clock Delay (DCD):    1.707ns
    Source Clock Delay      (SCD):    1.321ns
    Clock Pessimism Removal (CPR):    0.386ns

    Location             Delay type                Incr(ns)  Path(ns)    Netlist Resource(s)
  -------------------------------------------------------------------    -------------------
                         (clock dbg_hub/inst/BSCANID.u_xsdbm_id/SWITCH_N_EXT_BSCAN.bscan_inst/SERIES7_BSCAN.bscan_inst/TCK rise edge)
                                                      0.000     0.000 r  
    BSCAN_X0Y0           BSCANE2                      0.000     0.000 r  dbg_hub/inst/BSCANID.u_xsdbm_id/SWITCH_N_EXT_BSCAN.bscan_inst/SERIES7_BSCAN.bscan_inst/TCK
                         net (fo=1, routed)           0.742     0.742    dbg_hub/inst/BSCANID.u_xsdbm_id/tck_bs
    BUFGCTRL_X0Y1        BUFG (Prop_bufg_I_O)         0.026     0.768 r  dbg_hub/inst/BSCANID.u_xsdbm_id/SWITCH_N_EXT_BSCAN.u_bufg_icon_tck/O
                         net (fo=494, routed)         0.554     1.321    dbg_hub/inst/BSCANID.u_xsdbm_id/CORE_XSDB.UUT_MASTER/U_ICON_INTERFACE/U_CMD6_RD/U_RD_FIFO/SUBCORE_FIFO.xsdbm_v3_0_0_rdfifo_inst/inst_fifo_gen/gconvfifo.rf/grf.rf/gntv_or_sync_fifo.gcx.clkx/gnxpm_cdc.gsync_stage[1].rd_stg_inst/rd_clk
    SLICE_X44Y22         FDCE                                         r  dbg_hub/inst/BSCANID.u_xsdbm_id/CORE_XSDB.UUT_MASTER/U_ICON_INTERFACE/U_CMD6_RD/U_RD_FIFO/SUBCORE_FIFO.xsdbm_v3_0_0_rdfifo_inst/inst_fifo_gen/gconvfifo.rf/grf.rf/gntv_or_sync_fifo.gcx.clkx/gnxpm_cdc.gsync_stage[1].rd_stg_inst/Q_reg_reg[2]/C
  -------------------------------------------------------------------    -------------------
    SLICE_X44Y22         FDCE (Prop_fdce_C_Q)         0.141     1.462 r  dbg_hub/inst/BSCANID.u_xsdbm_id/CORE_XSDB.UUT_MASTER/U_ICON_INTERFACE/U_CMD6_RD/U_RD_FIFO/SUBCORE_FIFO.xsdbm_v3_0_0_rdfifo_inst/inst_fifo_gen/gconvfifo.rf/grf.rf/gntv_or_sync_fifo.gcx.clkx/gnxpm_cdc.gsync_stage[1].rd_stg_inst/Q_reg_reg[2]/Q
                         net (fo=1, routed)           0.059     1.521    dbg_hub/inst/BSCANID.u_xsdbm_id/CORE_XSDB.UUT_MASTER/U_ICON_INTERFACE/U_CMD6_RD/U_RD_FIFO/SUBCORE_FIFO.xsdbm_v3_0_0_rdfifo_inst/inst_fifo_gen/gconvfifo.rf/grf.rf/gntv_or_sync_fifo.gcx.clkx/gnxpm_cdc.gsync_stage[2].rd_stg_inst/Q_reg_reg[3]_0[2]
    SLICE_X44Y22         FDCE                                         r  dbg_hub/inst/BSCANID.u_xsdbm_id/CORE_XSDB.UUT_MASTER/U_ICON_INTERFACE/U_CMD6_RD/U_RD_FIFO/SUBCORE_FIFO.xsdbm_v3_0_0_rdfifo_inst/inst_fifo_gen/gconvfifo.rf/grf.rf/gntv_or_sync_fifo.gcx.clkx/gnxpm_cdc.gsync_stage[2].rd_stg_inst/Q_reg_reg[2]/D
  -------------------------------------------------------------------    -------------------

                         (clock dbg_hub/inst/BSCANID.u_xsdbm_id/SWITCH_N_EXT_BSCAN.bscan_inst/SERIES7_BSCAN.bscan_inst/TCK rise edge)
                                                      0.000     0.000 r  
    BSCAN_X0Y0           BSCANE2                      0.000     0.000 r  dbg_hub/inst/BSCANID.u_xsdbm_id/SWITCH_N_EXT_BSCAN.bscan_inst/SERIES7_BSCAN.bscan_inst/TCK
                         net (fo=1, routed)           0.858     0.858    dbg_hub/inst/BSCANID.u_xsdbm_id/tck_bs
    BUFGCTRL_X0Y1        BUFG (Prop_bufg_I_O)         0.029     0.887 r  dbg_hub/inst/BSCANID.u_xsdbm_id/SWITCH_N_EXT_BSCAN.u_bufg_icon_tck/O
                         net (fo=494, routed)         0.821     1.707    dbg_hub/inst/BSCANID.u_xsdbm_id/CORE_XSDB.UUT_MASTER/U_ICON_INTERFACE/U_CMD6_RD/U_RD_FIFO/SUBCORE_FIFO.xsdbm_v3_0_0_rdfifo_inst/inst_fifo_gen/gconvfifo.rf/grf.rf/gntv_or_sync_fifo.gcx.clkx/gnxpm_cdc.gsync_stage[2].rd_stg_inst/rd_clk
    SLICE_X44Y22         FDCE                                         r  dbg_hub/inst/BSCANID.u_xsdbm_id/CORE_XSDB.UUT_MASTER/U_ICON_INTERFACE/U_CMD6_RD/U_RD_FIFO/SUBCORE_FIFO.xsdbm_v3_0_0_rdfifo_inst/inst_fifo_gen/gconvfifo.rf/grf.rf/gntv_or_sync_fifo.gcx.clkx/gnxpm_cdc.gsync_stage[2].rd_stg_inst/Q_reg_reg[2]/C
                         clock pessimism             -0.386     1.321    
    SLICE_X44Y22         FDCE (Hold_fdce_C_D)         0.076     1.397    dbg_hub/inst/BSCANID.u_xsdbm_id/CORE_XSDB.UUT_MASTER/U_ICON_INTERFACE/U_CMD6_RD/U_RD_FIFO/SUBCORE_FIFO.xsdbm_v3_0_0_rdfifo_inst/inst_fifo_gen/gconvfifo.rf/grf.rf/gntv_or_sync_fifo.gcx.clkx/gnxpm_cdc.gsync_stage[2].rd_stg_inst/Q_reg_reg[2]
  -------------------------------------------------------------------
                         required time                         -1.397    
                         arrival time                           1.521    
  -------------------------------------------------------------------
                         slack                                  0.124    

Slack (MET) :             0.126ns  (arrival time - required time)
  Source:                 dbg_hub/inst/BSCANID.u_xsdbm_id/CORE_XSDB.UUT_MASTER/U_ICON_INTERFACE/U_CMD1/shift_reg_in_reg[3]/C
                            (rising edge-triggered cell FDRE clocked by dbg_hub/inst/BSCANID.u_xsdbm_id/SWITCH_N_EXT_BSCAN.bscan_inst/SERIES7_BSCAN.bscan_inst/TCK  {rise@0.000ns fall@16.500ns period=33.000ns})
  Destination:            dbg_hub/inst/BSCANID.u_xsdbm_id/CORE_XSDB.UUT_MASTER/U_ICON_INTERFACE/U_CMD1/shift_reg_in_reg[2]/D
                            (rising edge-triggered cell FDRE clocked by dbg_hub/inst/BSCANID.u_xsdbm_id/SWITCH_N_EXT_BSCAN.bscan_inst/SERIES7_BSCAN.bscan_inst/TCK  {rise@0.000ns fall@16.500ns period=33.000ns})
  Path Group:             dbg_hub/inst/BSCANID.u_xsdbm_id/SWITCH_N_EXT_BSCAN.bscan_inst/SERIES7_BSCAN.bscan_inst/TCK
  Path Type:              Hold (Min at Fast Process Corner)
  Requirement:            0.000ns  (dbg_hub/inst/BSCANID.u_xsdbm_id/SWITCH_N_EXT_BSCAN.bscan_inst/SERIES7_BSCAN.bscan_inst/TCK rise@0.000ns - dbg_hub/inst/BSCANID.u_xsdbm_id/SWITCH_N_EXT_BSCAN.bscan_inst/SERIES7_BSCAN.bscan_inst/TCK rise@0.000ns)
  Data Path Delay:        0.197ns  (logic 0.141ns (71.611%)  route 0.056ns (28.389%))
  Logic Levels:           0  
  Clock Path Skew:        0.000ns (DCD - SCD - CPR)
    Destination Clock Delay (DCD):    1.714ns
    Source Clock Delay      (SCD):    1.327ns
    Clock Pessimism Removal (CPR):    0.387ns

    Location             Delay type                Incr(ns)  Path(ns)    Netlist Resource(s)
  -------------------------------------------------------------------    -------------------
                         (clock dbg_hub/inst/BSCANID.u_xsdbm_id/SWITCH_N_EXT_BSCAN.bscan_inst/SERIES7_BSCAN.bscan_inst/TCK rise edge)
                                                      0.000     0.000 r  
    BSCAN_X0Y0           BSCANE2                      0.000     0.000 r  dbg_hub/inst/BSCANID.u_xsdbm_id/SWITCH_N_EXT_BSCAN.bscan_inst/SERIES7_BSCAN.bscan_inst/TCK
                         net (fo=1, routed)           0.742     0.742    dbg_hub/inst/BSCANID.u_xsdbm_id/tck_bs
    BUFGCTRL_X0Y1        BUFG (Prop_bufg_I_O)         0.026     0.768 r  dbg_hub/inst/BSCANID.u_xsdbm_id/SWITCH_N_EXT_BSCAN.u_bufg_icon_tck/O
                         net (fo=494, routed)         0.560     1.327    dbg_hub/inst/BSCANID.u_xsdbm_id/CORE_XSDB.UUT_MASTER/U_ICON_INTERFACE/U_CMD1/m_bscan_tck[0]
    SLICE_X39Y12         FDRE                                         r  dbg_hub/inst/BSCANID.u_xsdbm_id/CORE_XSDB.UUT_MASTER/U_ICON_INTERFACE/U_CMD1/shift_reg_in_reg[3]/C
  -------------------------------------------------------------------    -------------------
    SLICE_X39Y12         FDRE (Prop_fdre_C_Q)         0.141     1.468 r  dbg_hub/inst/BSCANID.u_xsdbm_id/CORE_XSDB.UUT_MASTER/U_ICON_INTERFACE/U_CMD1/shift_reg_in_reg[3]/Q
                         net (fo=2, routed)           0.056     1.524    dbg_hub/inst/BSCANID.u_xsdbm_id/CORE_XSDB.UUT_MASTER/U_ICON_INTERFACE/U_CMD1/shift_reg_in[3]
    SLICE_X39Y12         FDRE                                         r  dbg_hub/inst/BSCANID.u_xsdbm_id/CORE_XSDB.UUT_MASTER/U_ICON_INTERFACE/U_CMD1/shift_reg_in_reg[2]/D
  -------------------------------------------------------------------    -------------------

                         (clock dbg_hub/inst/BSCANID.u_xsdbm_id/SWITCH_N_EXT_BSCAN.bscan_inst/SERIES7_BSCAN.bscan_inst/TCK rise edge)
                                                      0.000     0.000 r  
    BSCAN_X0Y0           BSCANE2                      0.000     0.000 r  dbg_hub/inst/BSCANID.u_xsdbm_id/SWITCH_N_EXT_BSCAN.bscan_inst/SERIES7_BSCAN.bscan_inst/TCK
                         net (fo=1, routed)           0.858     0.858    dbg_hub/inst/BSCANID.u_xsdbm_id/tck_bs
    BUFGCTRL_X0Y1        BUFG (Prop_bufg_I_O)         0.029     0.887 r  dbg_hub/inst/BSCANID.u_xsdbm_id/SWITCH_N_EXT_BSCAN.u_bufg_icon_tck/O
                         net (fo=494, routed)         0.828     1.714    dbg_hub/inst/BSCANID.u_xsdbm_id/CORE_XSDB.UUT_MASTER/U_ICON_INTERFACE/U_CMD1/m_bscan_tck[0]
    SLICE_X39Y12         FDRE                                         r  dbg_hub/inst/BSCANID.u_xsdbm_id/CORE_XSDB.UUT_MASTER/U_ICON_INTERFACE/U_CMD1/shift_reg_in_reg[2]/C
                         clock pessimism             -0.387     1.327    
    SLICE_X39Y12         FDRE (Hold_fdre_C_D)         0.071     1.398    dbg_hub/inst/BSCANID.u_xsdbm_id/CORE_XSDB.UUT_MASTER/U_ICON_INTERFACE/U_CMD1/shift_reg_in_reg[2]
  -------------------------------------------------------------------
                         required time                         -1.398    
                         arrival time                           1.524    
  -------------------------------------------------------------------
                         slack                                  0.126    

Slack (MET) :             0.128ns  (arrival time - required time)
  Source:                 dbg_hub/inst/BSCANID.u_xsdbm_id/CORE_XSDB.UUT_MASTER/U_ICON_INTERFACE/U_CMD6_WR/U_WR_FIFO/SUBCORE_FIFO.xsdbm_v3_0_0_wrfifo_inst/inst_fifo_gen/gconvfifo.rf/grf.rf/gntv_or_sync_fifo.gcx.clkx/gnxpm_cdc.gsync_stage[1].wr_stg_inst/Q_reg_reg[1]/C
                            (rising edge-triggered cell FDCE clocked by dbg_hub/inst/BSCANID.u_xsdbm_id/SWITCH_N_EXT_BSCAN.bscan_inst/SERIES7_BSCAN.bscan_inst/TCK  {rise@0.000ns fall@16.500ns period=33.000ns})
  Destination:            dbg_hub/inst/BSCANID.u_xsdbm_id/CORE_XSDB.UUT_MASTER/U_ICON_INTERFACE/U_CMD6_WR/U_WR_FIFO/SUBCORE_FIFO.xsdbm_v3_0_0_wrfifo_inst/inst_fifo_gen/gconvfifo.rf/grf.rf/gntv_or_sync_fifo.gcx.clkx/gnxpm_cdc.gsync_stage[2].wr_stg_inst/Q_reg_reg[1]/D
                            (rising edge-triggered cell FDCE clocked by dbg_hub/inst/BSCANID.u_xsdbm_id/SWITCH_N_EXT_BSCAN.bscan_inst/SERIES7_BSCAN.bscan_inst/TCK  {rise@0.000ns fall@16.500ns period=33.000ns})
  Path Group:             dbg_hub/inst/BSCANID.u_xsdbm_id/SWITCH_N_EXT_BSCAN.bscan_inst/SERIES7_BSCAN.bscan_inst/TCK
  Path Type:              Hold (Min at Fast Process Corner)
  Requirement:            0.000ns  (dbg_hub/inst/BSCANID.u_xsdbm_id/SWITCH_N_EXT_BSCAN.bscan_inst/SERIES7_BSCAN.bscan_inst/TCK rise@0.000ns - dbg_hub/inst/BSCANID.u_xsdbm_id/SWITCH_N_EXT_BSCAN.bscan_inst/SERIES7_BSCAN.bscan_inst/TCK rise@0.000ns)
  Data Path Delay:        0.199ns  (logic 0.141ns (70.953%)  route 0.058ns (29.047%))
  Logic Levels:           0  
  Clock Path Skew:        0.000ns (DCD - SCD - CPR)
    Destination Clock Delay (DCD):    1.717ns
    Source Clock Delay      (SCD):    1.329ns
    Clock Pessimism Removal (CPR):    0.388ns

    Location             Delay type                Incr(ns)  Path(ns)    Netlist Resource(s)
  -------------------------------------------------------------------    -------------------
                         (clock dbg_hub/inst/BSCANID.u_xsdbm_id/SWITCH_N_EXT_BSCAN.bscan_inst/SERIES7_BSCAN.bscan_inst/TCK rise edge)
                                                      0.000     0.000 r  
    BSCAN_X0Y0           BSCANE2                      0.000     0.000 r  dbg_hub/inst/BSCANID.u_xsdbm_id/SWITCH_N_EXT_BSCAN.bscan_inst/SERIES7_BSCAN.bscan_inst/TCK
                         net (fo=1, routed)           0.742     0.742    dbg_hub/inst/BSCANID.u_xsdbm_id/tck_bs
    BUFGCTRL_X0Y1        BUFG (Prop_bufg_I_O)         0.026     0.768 r  dbg_hub/inst/BSCANID.u_xsdbm_id/SWITCH_N_EXT_BSCAN.u_bufg_icon_tck/O
                         net (fo=494, routed)         0.562     1.329    dbg_hub/inst/BSCANID.u_xsdbm_id/CORE_XSDB.UUT_MASTER/U_ICON_INTERFACE/U_CMD6_WR/U_WR_FIFO/SUBCORE_FIFO.xsdbm_v3_0_0_wrfifo_inst/inst_fifo_gen/gconvfifo.rf/grf.rf/gntv_or_sync_fifo.gcx.clkx/gnxpm_cdc.gsync_stage[1].wr_stg_inst/wr_clk
    SLICE_X36Y7          FDCE                                         r  dbg_hub/inst/BSCANID.u_xsdbm_id/CORE_XSDB.UUT_MASTER/U_ICON_INTERFACE/U_CMD6_WR/U_WR_FIFO/SUBCORE_FIFO.xsdbm_v3_0_0_wrfifo_inst/inst_fifo_gen/gconvfifo.rf/grf.rf/gntv_or_sync_fifo.gcx.clkx/gnxpm_cdc.gsync_stage[1].wr_stg_inst/Q_reg_reg[1]/C
  -------------------------------------------------------------------    -------------------
    SLICE_X36Y7          FDCE (Prop_fdce_C_Q)         0.141     1.470 r  dbg_hub/inst/BSCANID.u_xsdbm_id/CORE_XSDB.UUT_MASTER/U_ICON_INTERFACE/U_CMD6_WR/U_WR_FIFO/SUBCORE_FIFO.xsdbm_v3_0_0_wrfifo_inst/inst_fifo_gen/gconvfifo.rf/grf.rf/gntv_or_sync_fifo.gcx.clkx/gnxpm_cdc.gsync_stage[1].wr_stg_inst/Q_reg_reg[1]/Q
                         net (fo=1, routed)           0.058     1.528    dbg_hub/inst/BSCANID.u_xsdbm_id/CORE_XSDB.UUT_MASTER/U_ICON_INTERFACE/U_CMD6_WR/U_WR_FIFO/SUBCORE_FIFO.xsdbm_v3_0_0_wrfifo_inst/inst_fifo_gen/gconvfifo.rf/grf.rf/gntv_or_sync_fifo.gcx.clkx/gnxpm_cdc.gsync_stage[2].wr_stg_inst/Q_reg_reg[3]_0[1]
    SLICE_X36Y7          FDCE                                         r  dbg_hub/inst/BSCANID.u_xsdbm_id/CORE_XSDB.UUT_MASTER/U_ICON_INTERFACE/U_CMD6_WR/U_WR_FIFO/SUBCORE_FIFO.xsdbm_v3_0_0_wrfifo_inst/inst_fifo_gen/gconvfifo.rf/grf.rf/gntv_or_sync_fifo.gcx.clkx/gnxpm_cdc.gsync_stage[2].wr_stg_inst/Q_reg_reg[1]/D
  -------------------------------------------------------------------    -------------------

                         (clock dbg_hub/inst/BSCANID.u_xsdbm_id/SWITCH_N_EXT_BSCAN.bscan_inst/SERIES7_BSCAN.bscan_inst/TCK rise edge)
                                                      0.000     0.000 r  
    BSCAN_X0Y0           BSCANE2                      0.000     0.000 r  dbg_hub/inst/BSCANID.u_xsdbm_id/SWITCH_N_EXT_BSCAN.bscan_inst/SERIES7_BSCAN.bscan_inst/TCK
                         net (fo=1, routed)           0.858     0.858    dbg_hub/inst/BSCANID.u_xsdbm_id/tck_bs
    BUFGCTRL_X0Y1        BUFG (Prop_bufg_I_O)         0.029     0.887 r  dbg_hub/inst/BSCANID.u_xsdbm_id/SWITCH_N_EXT_BSCAN.u_bufg_icon_tck/O
                         net (fo=494, routed)         0.831     1.717    dbg_hub/inst/BSCANID.u_xsdbm_id/CORE_XSDB.UUT_MASTER/U_ICON_INTERFACE/U_CMD6_WR/U_WR_FIFO/SUBCORE_FIFO.xsdbm_v3_0_0_wrfifo_inst/inst_fifo_gen/gconvfifo.rf/grf.rf/gntv_or_sync_fifo.gcx.clkx/gnxpm_cdc.gsync_stage[2].wr_stg_inst/wr_clk
    SLICE_X36Y7          FDCE                                         r  dbg_hub/inst/BSCANID.u_xsdbm_id/CORE_XSDB.UUT_MASTER/U_ICON_INTERFACE/U_CMD6_WR/U_WR_FIFO/SUBCORE_FIFO.xsdbm_v3_0_0_wrfifo_inst/inst_fifo_gen/gconvfifo.rf/grf.rf/gntv_or_sync_fifo.gcx.clkx/gnxpm_cdc.gsync_stage[2].wr_stg_inst/Q_reg_reg[1]/C
                         clock pessimism             -0.388     1.329    
    SLICE_X36Y7          FDCE (Hold_fdce_C_D)         0.071     1.400    dbg_hub/inst/BSCANID.u_xsdbm_id/CORE_XSDB.UUT_MASTER/U_ICON_INTERFACE/U_CMD6_WR/U_WR_FIFO/SUBCORE_FIFO.xsdbm_v3_0_0_wrfifo_inst/inst_fifo_gen/gconvfifo.rf/grf.rf/gntv_or_sync_fifo.gcx.clkx/gnxpm_cdc.gsync_stage[2].wr_stg_inst/Q_reg_reg[1]
  -------------------------------------------------------------------
                         required time                         -1.400    
                         arrival time                           1.528    
  -------------------------------------------------------------------
                         slack                                  0.128    

Slack (MET) :             0.128ns  (arrival time - required time)
  Source:                 dbg_hub/inst/BSCANID.u_xsdbm_id/CORE_XSDB.UUT_MASTER/U_ICON_INTERFACE/U_CMD6_RD/U_RD_FIFO/SUBCORE_FIFO.xsdbm_v3_0_0_rdfifo_inst/inst_fifo_gen/gconvfifo.rf/grf.rf/gntv_or_sync_fifo.gcx.clkx/gnxpm_cdc.gsync_stage[1].rd_stg_inst/Q_reg_reg[1]/C
                            (rising edge-triggered cell FDCE clocked by dbg_hub/inst/BSCANID.u_xsdbm_id/SWITCH_N_EXT_BSCAN.bscan_inst/SERIES7_BSCAN.bscan_inst/TCK  {rise@0.000ns fall@16.500ns period=33.000ns})
  Destination:            dbg_hub/inst/BSCANID.u_xsdbm_id/CORE_XSDB.UUT_MASTER/U_ICON_INTERFACE/U_CMD6_RD/U_RD_FIFO/SUBCORE_FIFO.xsdbm_v3_0_0_rdfifo_inst/inst_fifo_gen/gconvfifo.rf/grf.rf/gntv_or_sync_fifo.gcx.clkx/gnxpm_cdc.gsync_stage[2].rd_stg_inst/Q_reg_reg[1]/D
                            (rising edge-triggered cell FDCE clocked by dbg_hub/inst/BSCANID.u_xsdbm_id/SWITCH_N_EXT_BSCAN.bscan_inst/SERIES7_BSCAN.bscan_inst/TCK  {rise@0.000ns fall@16.500ns period=33.000ns})
  Path Group:             dbg_hub/inst/BSCANID.u_xsdbm_id/SWITCH_N_EXT_BSCAN.bscan_inst/SERIES7_BSCAN.bscan_inst/TCK
  Path Type:              Hold (Min at Fast Process Corner)
  Requirement:            0.000ns  (dbg_hub/inst/BSCANID.u_xsdbm_id/SWITCH_N_EXT_BSCAN.bscan_inst/SERIES7_BSCAN.bscan_inst/TCK rise@0.000ns - dbg_hub/inst/BSCANID.u_xsdbm_id/SWITCH_N_EXT_BSCAN.bscan_inst/SERIES7_BSCAN.bscan_inst/TCK rise@0.000ns)
  Data Path Delay:        0.199ns  (logic 0.141ns (70.953%)  route 0.058ns (29.047%))
  Logic Levels:           0  
  Clock Path Skew:        0.000ns (DCD - SCD - CPR)
    Destination Clock Delay (DCD):    1.707ns
    Source Clock Delay      (SCD):    1.321ns
    Clock Pessimism Removal (CPR):    0.386ns

    Location             Delay type                Incr(ns)  Path(ns)    Netlist Resource(s)
  -------------------------------------------------------------------    -------------------
                         (clock dbg_hub/inst/BSCANID.u_xsdbm_id/SWITCH_N_EXT_BSCAN.bscan_inst/SERIES7_BSCAN.bscan_inst/TCK rise edge)
                                                      0.000     0.000 r  
    BSCAN_X0Y0           BSCANE2                      0.000     0.000 r  dbg_hub/inst/BSCANID.u_xsdbm_id/SWITCH_N_EXT_BSCAN.bscan_inst/SERIES7_BSCAN.bscan_inst/TCK
                         net (fo=1, routed)           0.742     0.742    dbg_hub/inst/BSCANID.u_xsdbm_id/tck_bs
    BUFGCTRL_X0Y1        BUFG (Prop_bufg_I_O)         0.026     0.768 r  dbg_hub/inst/BSCANID.u_xsdbm_id/SWITCH_N_EXT_BSCAN.u_bufg_icon_tck/O
                         net (fo=494, routed)         0.554     1.321    dbg_hub/inst/BSCANID.u_xsdbm_id/CORE_XSDB.UUT_MASTER/U_ICON_INTERFACE/U_CMD6_RD/U_RD_FIFO/SUBCORE_FIFO.xsdbm_v3_0_0_rdfifo_inst/inst_fifo_gen/gconvfifo.rf/grf.rf/gntv_or_sync_fifo.gcx.clkx/gnxpm_cdc.gsync_stage[1].rd_stg_inst/rd_clk
    SLICE_X44Y22         FDCE                                         r  dbg_hub/inst/BSCANID.u_xsdbm_id/CORE_XSDB.UUT_MASTER/U_ICON_INTERFACE/U_CMD6_RD/U_RD_FIFO/SUBCORE_FIFO.xsdbm_v3_0_0_rdfifo_inst/inst_fifo_gen/gconvfifo.rf/grf.rf/gntv_or_sync_fifo.gcx.clkx/gnxpm_cdc.gsync_stage[1].rd_stg_inst/Q_reg_reg[1]/C
  -------------------------------------------------------------------    -------------------
    SLICE_X44Y22         FDCE (Prop_fdce_C_Q)         0.141     1.462 r  dbg_hub/inst/BSCANID.u_xsdbm_id/CORE_XSDB.UUT_MASTER/U_ICON_INTERFACE/U_CMD6_RD/U_RD_FIFO/SUBCORE_FIFO.xsdbm_v3_0_0_rdfifo_inst/inst_fifo_gen/gconvfifo.rf/grf.rf/gntv_or_sync_fifo.gcx.clkx/gnxpm_cdc.gsync_stage[1].rd_stg_inst/Q_reg_reg[1]/Q
                         net (fo=1, routed)           0.058     1.520    dbg_hub/inst/BSCANID.u_xsdbm_id/CORE_XSDB.UUT_MASTER/U_ICON_INTERFACE/U_CMD6_RD/U_RD_FIFO/SUBCORE_FIFO.xsdbm_v3_0_0_rdfifo_inst/inst_fifo_gen/gconvfifo.rf/grf.rf/gntv_or_sync_fifo.gcx.clkx/gnxpm_cdc.gsync_stage[2].rd_stg_inst/Q_reg_reg[3]_0[1]
    SLICE_X44Y22         FDCE                                         r  dbg_hub/inst/BSCANID.u_xsdbm_id/CORE_XSDB.UUT_MASTER/U_ICON_INTERFACE/U_CMD6_RD/U_RD_FIFO/SUBCORE_FIFO.xsdbm_v3_0_0_rdfifo_inst/inst_fifo_gen/gconvfifo.rf/grf.rf/gntv_or_sync_fifo.gcx.clkx/gnxpm_cdc.gsync_stage[2].rd_stg_inst/Q_reg_reg[1]/D
  -------------------------------------------------------------------    -------------------

                         (clock dbg_hub/inst/BSCANID.u_xsdbm_id/SWITCH_N_EXT_BSCAN.bscan_inst/SERIES7_BSCAN.bscan_inst/TCK rise edge)
                                                      0.000     0.000 r  
    BSCAN_X0Y0           BSCANE2                      0.000     0.000 r  dbg_hub/inst/BSCANID.u_xsdbm_id/SWITCH_N_EXT_BSCAN.bscan_inst/SERIES7_BSCAN.bscan_inst/TCK
                         net (fo=1, routed)           0.858     0.858    dbg_hub/inst/BSCANID.u_xsdbm_id/tck_bs
    BUFGCTRL_X0Y1        BUFG (Prop_bufg_I_O)         0.029     0.887 r  dbg_hub/inst/BSCANID.u_xsdbm_id/SWITCH_N_EXT_BSCAN.u_bufg_icon_tck/O
                         net (fo=494, routed)         0.821     1.707    dbg_hub/inst/BSCANID.u_xsdbm_id/CORE_XSDB.UUT_MASTER/U_ICON_INTERFACE/U_CMD6_RD/U_RD_FIFO/SUBCORE_FIFO.xsdbm_v3_0_0_rdfifo_inst/inst_fifo_gen/gconvfifo.rf/grf.rf/gntv_or_sync_fifo.gcx.clkx/gnxpm_cdc.gsync_stage[2].rd_stg_inst/rd_clk
    SLICE_X44Y22         FDCE                                         r  dbg_hub/inst/BSCANID.u_xsdbm_id/CORE_XSDB.UUT_MASTER/U_ICON_INTERFACE/U_CMD6_RD/U_RD_FIFO/SUBCORE_FIFO.xsdbm_v3_0_0_rdfifo_inst/inst_fifo_gen/gconvfifo.rf/grf.rf/gntv_or_sync_fifo.gcx.clkx/gnxpm_cdc.gsync_stage[2].rd_stg_inst/Q_reg_reg[1]/C
                         clock pessimism             -0.386     1.321    
    SLICE_X44Y22         FDCE (Hold_fdce_C_D)         0.071     1.392    dbg_hub/inst/BSCANID.u_xsdbm_id/CORE_XSDB.UUT_MASTER/U_ICON_INTERFACE/U_CMD6_RD/U_RD_FIFO/SUBCORE_FIFO.xsdbm_v3_0_0_rdfifo_inst/inst_fifo_gen/gconvfifo.rf/grf.rf/gntv_or_sync_fifo.gcx.clkx/gnxpm_cdc.gsync_stage[2].rd_stg_inst/Q_reg_reg[1]
  -------------------------------------------------------------------
                         required time                         -1.392    
                         arrival time                           1.520    
  -------------------------------------------------------------------
                         slack                                  0.128    

Slack (MET) :             0.128ns  (arrival time - required time)
  Source:                 dbg_hub/inst/BSCANID.u_xsdbm_id/CORE_XSDB.UUT_MASTER/U_ICON_INTERFACE/U_CMD6_WR/U_WR_FIFO/SUBCORE_FIFO.xsdbm_v3_0_0_wrfifo_inst/inst_fifo_gen/gconvfifo.rf/grf.rf/gntv_or_sync_fifo.gcx.clkx/gnxpm_cdc.gsync_stage[1].wr_stg_inst/Q_reg_reg[3]/C
                            (rising edge-triggered cell FDCE clocked by dbg_hub/inst/BSCANID.u_xsdbm_id/SWITCH_N_EXT_BSCAN.bscan_inst/SERIES7_BSCAN.bscan_inst/TCK  {rise@0.000ns fall@16.500ns period=33.000ns})
  Destination:            dbg_hub/inst/BSCANID.u_xsdbm_id/CORE_XSDB.UUT_MASTER/U_ICON_INTERFACE/U_CMD6_WR/U_WR_FIFO/SUBCORE_FIFO.xsdbm_v3_0_0_wrfifo_inst/inst_fifo_gen/gconvfifo.rf/grf.rf/gntv_or_sync_fifo.gcx.clkx/gnxpm_cdc.gsync_stage[2].wr_stg_inst/Q_reg_reg[3]/D
                            (rising edge-triggered cell FDCE clocked by dbg_hub/inst/BSCANID.u_xsdbm_id/SWITCH_N_EXT_BSCAN.bscan_inst/SERIES7_BSCAN.bscan_inst/TCK  {rise@0.000ns fall@16.500ns period=33.000ns})
  Path Group:             dbg_hub/inst/BSCANID.u_xsdbm_id/SWITCH_N_EXT_BSCAN.bscan_inst/SERIES7_BSCAN.bscan_inst/TCK
  Path Type:              Hold (Min at Fast Process Corner)
  Requirement:            0.000ns  (dbg_hub/inst/BSCANID.u_xsdbm_id/SWITCH_N_EXT_BSCAN.bscan_inst/SERIES7_BSCAN.bscan_inst/TCK rise@0.000ns - dbg_hub/inst/BSCANID.u_xsdbm_id/SWITCH_N_EXT_BSCAN.bscan_inst/SERIES7_BSCAN.bscan_inst/TCK rise@0.000ns)
  Data Path Delay:        0.199ns  (logic 0.141ns (70.953%)  route 0.058ns (29.047%))
  Logic Levels:           0  
  Clock Path Skew:        0.000ns (DCD - SCD - CPR)
    Destination Clock Delay (DCD):    1.718ns
    Source Clock Delay      (SCD):    1.330ns
    Clock Pessimism Removal (CPR):    0.388ns

    Location             Delay type                Incr(ns)  Path(ns)    Netlist Resource(s)
  -------------------------------------------------------------------    -------------------
                         (clock dbg_hub/inst/BSCANID.u_xsdbm_id/SWITCH_N_EXT_BSCAN.bscan_inst/SERIES7_BSCAN.bscan_inst/TCK rise edge)
                                                      0.000     0.000 r  
    BSCAN_X0Y0           BSCANE2                      0.000     0.000 r  dbg_hub/inst/BSCANID.u_xsdbm_id/SWITCH_N_EXT_BSCAN.bscan_inst/SERIES7_BSCAN.bscan_inst/TCK
                         net (fo=1, routed)           0.742     0.742    dbg_hub/inst/BSCANID.u_xsdbm_id/tck_bs
    BUFGCTRL_X0Y1        BUFG (Prop_bufg_I_O)         0.026     0.768 r  dbg_hub/inst/BSCANID.u_xsdbm_id/SWITCH_N_EXT_BSCAN.u_bufg_icon_tck/O
                         net (fo=494, routed)         0.563     1.330    dbg_hub/inst/BSCANID.u_xsdbm_id/CORE_XSDB.UUT_MASTER/U_ICON_INTERFACE/U_CMD6_WR/U_WR_FIFO/SUBCORE_FIFO.xsdbm_v3_0_0_wrfifo_inst/inst_fifo_gen/gconvfifo.rf/grf.rf/gntv_or_sync_fifo.gcx.clkx/gnxpm_cdc.gsync_stage[1].wr_stg_inst/wr_clk
    SLICE_X36Y5          FDCE                                         r  dbg_hub/inst/BSCANID.u_xsdbm_id/CORE_XSDB.UUT_MASTER/U_ICON_INTERFACE/U_CMD6_WR/U_WR_FIFO/SUBCORE_FIFO.xsdbm_v3_0_0_wrfifo_inst/inst_fifo_gen/gconvfifo.rf/grf.rf/gntv_or_sync_fifo.gcx.clkx/gnxpm_cdc.gsync_stage[1].wr_stg_inst/Q_reg_reg[3]/C
  -------------------------------------------------------------------    -------------------
    SLICE_X36Y5          FDCE (Prop_fdce_C_Q)         0.141     1.471 r  dbg_hub/inst/BSCANID.u_xsdbm_id/CORE_XSDB.UUT_MASTER/U_ICON_INTERFACE/U_CMD6_WR/U_WR_FIFO/SUBCORE_FIFO.xsdbm_v3_0_0_wrfifo_inst/inst_fifo_gen/gconvfifo.rf/grf.rf/gntv_or_sync_fifo.gcx.clkx/gnxpm_cdc.gsync_stage[1].wr_stg_inst/Q_reg_reg[3]/Q
                         net (fo=1, routed)           0.058     1.529    dbg_hub/inst/BSCANID.u_xsdbm_id/CORE_XSDB.UUT_MASTER/U_ICON_INTERFACE/U_CMD6_WR/U_WR_FIFO/SUBCORE_FIFO.xsdbm_v3_0_0_wrfifo_inst/inst_fifo_gen/gconvfifo.rf/grf.rf/gntv_or_sync_fifo.gcx.clkx/gnxpm_cdc.gsync_stage[2].wr_stg_inst/Q_reg_reg[3]_0[3]
    SLICE_X36Y5          FDCE                                         r  dbg_hub/inst/BSCANID.u_xsdbm_id/CORE_XSDB.UUT_MASTER/U_ICON_INTERFACE/U_CMD6_WR/U_WR_FIFO/SUBCORE_FIFO.xsdbm_v3_0_0_wrfifo_inst/inst_fifo_gen/gconvfifo.rf/grf.rf/gntv_or_sync_fifo.gcx.clkx/gnxpm_cdc.gsync_stage[2].wr_stg_inst/Q_reg_reg[3]/D
  -------------------------------------------------------------------    -------------------

                         (clock dbg_hub/inst/BSCANID.u_xsdbm_id/SWITCH_N_EXT_BSCAN.bscan_inst/SERIES7_BSCAN.bscan_inst/TCK rise edge)
                                                      0.000     0.000 r  
    BSCAN_X0Y0           BSCANE2                      0.000     0.000 r  dbg_hub/inst/BSCANID.u_xsdbm_id/SWITCH_N_EXT_BSCAN.bscan_inst/SERIES7_BSCAN.bscan_inst/TCK
                         net (fo=1, routed)           0.858     0.858    dbg_hub/inst/BSCANID.u_xsdbm_id/tck_bs
    BUFGCTRL_X0Y1        BUFG (Prop_bufg_I_O)         0.029     0.887 r  dbg_hub/inst/BSCANID.u_xsdbm_id/SWITCH_N_EXT_BSCAN.u_bufg_icon_tck/O
                         net (fo=494, routed)         0.832     1.718    dbg_hub/inst/BSCANID.u_xsdbm_id/CORE_XSDB.UUT_MASTER/U_ICON_INTERFACE/U_CMD6_WR/U_WR_FIFO/SUBCORE_FIFO.xsdbm_v3_0_0_wrfifo_inst/inst_fifo_gen/gconvfifo.rf/grf.rf/gntv_or_sync_fifo.gcx.clkx/gnxpm_cdc.gsync_stage[2].wr_stg_inst/wr_clk
    SLICE_X36Y5          FDCE                                         r  dbg_hub/inst/BSCANID.u_xsdbm_id/CORE_XSDB.UUT_MASTER/U_ICON_INTERFACE/U_CMD6_WR/U_WR_FIFO/SUBCORE_FIFO.xsdbm_v3_0_0_wrfifo_inst/inst_fifo_gen/gconvfifo.rf/grf.rf/gntv_or_sync_fifo.gcx.clkx/gnxpm_cdc.gsync_stage[2].wr_stg_inst/Q_reg_reg[3]/C
                         clock pessimism             -0.388     1.330    
    SLICE_X36Y5          FDCE (Hold_fdce_C_D)         0.071     1.401    dbg_hub/inst/BSCANID.u_xsdbm_id/CORE_XSDB.UUT_MASTER/U_ICON_INTERFACE/U_CMD6_WR/U_WR_FIFO/SUBCORE_FIFO.xsdbm_v3_0_0_wrfifo_inst/inst_fifo_gen/gconvfifo.rf/grf.rf/gntv_or_sync_fifo.gcx.clkx/gnxpm_cdc.gsync_stage[2].wr_stg_inst/Q_reg_reg[3]
  -------------------------------------------------------------------
                         required time                         -1.401    
                         arrival time                           1.529    
  -------------------------------------------------------------------
                         slack                                  0.128    

Slack (MET) :             0.130ns  (arrival time - required time)
  Source:                 dbg_hub/inst/BSCANID.u_xsdbm_id/CORE_XSDB.UUT_MASTER/U_ICON_INTERFACE/U_CMD6_WR/U_WR_FIFO/SUBCORE_FIFO.xsdbm_v3_0_0_wrfifo_inst/inst_fifo_gen/gconvfifo.rf/grf.rf/gntv_or_sync_fifo.gl0.wr/wpntr/gic0.gc0.count_d1_reg[3]/C
                            (rising edge-triggered cell FDCE clocked by dbg_hub/inst/BSCANID.u_xsdbm_id/SWITCH_N_EXT_BSCAN.bscan_inst/SERIES7_BSCAN.bscan_inst/TCK  {rise@0.000ns fall@16.500ns period=33.000ns})
  Destination:            dbg_hub/inst/BSCANID.u_xsdbm_id/CORE_XSDB.UUT_MASTER/U_ICON_INTERFACE/U_CMD6_WR/U_WR_FIFO/SUBCORE_FIFO.xsdbm_v3_0_0_wrfifo_inst/inst_fifo_gen/gconvfifo.rf/grf.rf/gntv_or_sync_fifo.gl0.wr/wpntr/gic0.gc0.count_d2_reg[3]/D
                            (rising edge-triggered cell FDCE clocked by dbg_hub/inst/BSCANID.u_xsdbm_id/SWITCH_N_EXT_BSCAN.bscan_inst/SERIES7_BSCAN.bscan_inst/TCK  {rise@0.000ns fall@16.500ns period=33.000ns})
  Path Group:             dbg_hub/inst/BSCANID.u_xsdbm_id/SWITCH_N_EXT_BSCAN.bscan_inst/SERIES7_BSCAN.bscan_inst/TCK
  Path Type:              Hold (Min at Fast Process Corner)
  Requirement:            0.000ns  (dbg_hub/inst/BSCANID.u_xsdbm_id/SWITCH_N_EXT_BSCAN.bscan_inst/SERIES7_BSCAN.bscan_inst/TCK rise@0.000ns - dbg_hub/inst/BSCANID.u_xsdbm_id/SWITCH_N_EXT_BSCAN.bscan_inst/SERIES7_BSCAN.bscan_inst/TCK rise@0.000ns)
  Data Path Delay:        0.208ns  (logic 0.141ns (67.788%)  route 0.067ns (32.212%))
  Logic Levels:           0  
  Clock Path Skew:        0.000ns (DCD - SCD - CPR)
    Destination Clock Delay (DCD):    1.717ns
    Source Clock Delay      (SCD):    1.329ns
    Clock Pessimism Removal (CPR):    0.388ns

    Location             Delay type                Incr(ns)  Path(ns)    Netlist Resource(s)
  -------------------------------------------------------------------    -------------------
                         (clock dbg_hub/inst/BSCANID.u_xsdbm_id/SWITCH_N_EXT_BSCAN.bscan_inst/SERIES7_BSCAN.bscan_inst/TCK rise edge)
                                                      0.000     0.000 r  
    BSCAN_X0Y0           BSCANE2                      0.000     0.000 r  dbg_hub/inst/BSCANID.u_xsdbm_id/SWITCH_N_EXT_BSCAN.bscan_inst/SERIES7_BSCAN.bscan_inst/TCK
                         net (fo=1, routed)           0.742     0.742    dbg_hub/inst/BSCANID.u_xsdbm_id/tck_bs
    BUFGCTRL_X0Y1        BUFG (Prop_bufg_I_O)         0.026     0.768 r  dbg_hub/inst/BSCANID.u_xsdbm_id/SWITCH_N_EXT_BSCAN.u_bufg_icon_tck/O
                         net (fo=494, routed)         0.562     1.329    dbg_hub/inst/BSCANID.u_xsdbm_id/CORE_XSDB.UUT_MASTER/U_ICON_INTERFACE/U_CMD6_WR/U_WR_FIFO/SUBCORE_FIFO.xsdbm_v3_0_0_wrfifo_inst/inst_fifo_gen/gconvfifo.rf/grf.rf/gntv_or_sync_fifo.gl0.wr/wpntr/wr_clk
    SLICE_X37Y8          FDCE                                         r  dbg_hub/inst/BSCANID.u_xsdbm_id/CORE_XSDB.UUT_MASTER/U_ICON_INTERFACE/U_CMD6_WR/U_WR_FIFO/SUBCORE_FIFO.xsdbm_v3_0_0_wrfifo_inst/inst_fifo_gen/gconvfifo.rf/grf.rf/gntv_or_sync_fifo.gl0.wr/wpntr/gic0.gc0.count_d1_reg[3]/C
  -------------------------------------------------------------------    -------------------
    SLICE_X37Y8          FDCE (Prop_fdce_C_Q)         0.141     1.470 r  dbg_hub/inst/BSCANID.u_xsdbm_id/CORE_XSDB.UUT_MASTER/U_ICON_INTERFACE/U_CMD6_WR/U_WR_FIFO/SUBCORE_FIFO.xsdbm_v3_0_0_wrfifo_inst/inst_fifo_gen/gconvfifo.rf/grf.rf/gntv_or_sync_fifo.gl0.wr/wpntr/gic0.gc0.count_d1_reg[3]/Q
                         net (fo=2, routed)           0.067     1.537    dbg_hub/inst/BSCANID.u_xsdbm_id/CORE_XSDB.UUT_MASTER/U_ICON_INTERFACE/U_CMD6_WR/U_WR_FIFO/SUBCORE_FIFO.xsdbm_v3_0_0_wrfifo_inst/inst_fifo_gen/gconvfifo.rf/grf.rf/gntv_or_sync_fifo.gl0.wr/wpntr/gic0.gc0.count_d1_reg[3]_0[3]
    SLICE_X37Y8          FDCE                                         r  dbg_hub/inst/BSCANID.u_xsdbm_id/CORE_XSDB.UUT_MASTER/U_ICON_INTERFACE/U_CMD6_WR/U_WR_FIFO/SUBCORE_FIFO.xsdbm_v3_0_0_wrfifo_inst/inst_fifo_gen/gconvfifo.rf/grf.rf/gntv_or_sync_fifo.gl0.wr/wpntr/gic0.gc0.count_d2_reg[3]/D
  -------------------------------------------------------------------    -------------------

                         (clock dbg_hub/inst/BSCANID.u_xsdbm_id/SWITCH_N_EXT_BSCAN.bscan_inst/SERIES7_BSCAN.bscan_inst/TCK rise edge)
                                                      0.000     0.000 r  
    BSCAN_X0Y0           BSCANE2                      0.000     0.000 r  dbg_hub/inst/BSCANID.u_xsdbm_id/SWITCH_N_EXT_BSCAN.bscan_inst/SERIES7_BSCAN.bscan_inst/TCK
                         net (fo=1, routed)           0.858     0.858    dbg_hub/inst/BSCANID.u_xsdbm_id/tck_bs
    BUFGCTRL_X0Y1        BUFG (Prop_bufg_I_O)         0.029     0.887 r  dbg_hub/inst/BSCANID.u_xsdbm_id/SWITCH_N_EXT_BSCAN.u_bufg_icon_tck/O
                         net (fo=494, routed)         0.831     1.717    dbg_hub/inst/BSCANID.u_xsdbm_id/CORE_XSDB.UUT_MASTER/U_ICON_INTERFACE/U_CMD6_WR/U_WR_FIFO/SUBCORE_FIFO.xsdbm_v3_0_0_wrfifo_inst/inst_fifo_gen/gconvfifo.rf/grf.rf/gntv_or_sync_fifo.gl0.wr/wpntr/wr_clk
    SLICE_X37Y8          FDCE                                         r  dbg_hub/inst/BSCANID.u_xsdbm_id/CORE_XSDB.UUT_MASTER/U_ICON_INTERFACE/U_CMD6_WR/U_WR_FIFO/SUBCORE_FIFO.xsdbm_v3_0_0_wrfifo_inst/inst_fifo_gen/gconvfifo.rf/grf.rf/gntv_or_sync_fifo.gl0.wr/wpntr/gic0.gc0.count_d2_reg[3]/C
                         clock pessimism             -0.388     1.329    
    SLICE_X37Y8          FDCE (Hold_fdce_C_D)         0.078     1.407    dbg_hub/inst/BSCANID.u_xsdbm_id/CORE_XSDB.UUT_MASTER/U_ICON_INTERFACE/U_CMD6_WR/U_WR_FIFO/SUBCORE_FIFO.xsdbm_v3_0_0_wrfifo_inst/inst_fifo_gen/gconvfifo.rf/grf.rf/gntv_or_sync_fifo.gl0.wr/wpntr/gic0.gc0.count_d2_reg[3]
  -------------------------------------------------------------------
                         required time                         -1.407    
                         arrival time                           1.537    
  -------------------------------------------------------------------
                         slack                                  0.130    

Slack (MET) :             0.131ns  (arrival time - required time)
  Source:                 dbg_hub/inst/BSCANID.u_xsdbm_id/CORE_XSDB.UUT_MASTER/U_ICON_INTERFACE/U_CMD6_WR/U_WR_FIFO/SUBCORE_FIFO.xsdbm_v3_0_0_wrfifo_inst/inst_fifo_gen/gconvfifo.rf/grf.rf/gntv_or_sync_fifo.gl0.wr/wpntr/gic0.gc0.count_d2_reg[0]/C
                            (rising edge-triggered cell FDCE clocked by dbg_hub/inst/BSCANID.u_xsdbm_id/SWITCH_N_EXT_BSCAN.bscan_inst/SERIES7_BSCAN.bscan_inst/TCK  {rise@0.000ns fall@16.500ns period=33.000ns})
  Destination:            dbg_hub/inst/BSCANID.u_xsdbm_id/CORE_XSDB.UUT_MASTER/U_ICON_INTERFACE/U_CMD6_WR/U_WR_FIFO/SUBCORE_FIFO.xsdbm_v3_0_0_wrfifo_inst/inst_fifo_gen/gconvfifo.rf/grf.rf/gntv_or_sync_fifo.mem/gdm.dm_gen.dm/RAM_reg_0_15_0_5/RAMA/WADR0
                            (rising edge-triggered cell RAMD32 clocked by dbg_hub/inst/BSCANID.u_xsdbm_id/SWITCH_N_EXT_BSCAN.bscan_inst/SERIES7_BSCAN.bscan_inst/TCK  {rise@0.000ns fall@16.500ns period=33.000ns})
  Path Group:             dbg_hub/inst/BSCANID.u_xsdbm_id/SWITCH_N_EXT_BSCAN.bscan_inst/SERIES7_BSCAN.bscan_inst/TCK
  Path Type:              Hold (Min at Fast Process Corner)
  Requirement:            0.000ns  (dbg_hub/inst/BSCANID.u_xsdbm_id/SWITCH_N_EXT_BSCAN.bscan_inst/SERIES7_BSCAN.bscan_inst/TCK rise@0.000ns - dbg_hub/inst/BSCANID.u_xsdbm_id/SWITCH_N_EXT_BSCAN.bscan_inst/SERIES7_BSCAN.bscan_inst/TCK rise@0.000ns)
  Data Path Delay:        0.404ns  (logic 0.128ns (31.701%)  route 0.276ns (68.299%))
  Logic Levels:           0  
  Clock Path Skew:        0.016ns (DCD - SCD - CPR)
    Destination Clock Delay (DCD):    1.717ns
    Source Clock Delay      (SCD):    1.329ns
    Clock Pessimism Removal (CPR):    0.372ns

    Location             Delay type                Incr(ns)  Path(ns)    Netlist Resource(s)
  -------------------------------------------------------------------    -------------------
                         (clock dbg_hub/inst/BSCANID.u_xsdbm_id/SWITCH_N_EXT_BSCAN.bscan_inst/SERIES7_BSCAN.bscan_inst/TCK rise edge)
                                                      0.000     0.000 r  
    BSCAN_X0Y0           BSCANE2                      0.000     0.000 r  dbg_hub/inst/BSCANID.u_xsdbm_id/SWITCH_N_EXT_BSCAN.bscan_inst/SERIES7_BSCAN.bscan_inst/TCK
                         net (fo=1, routed)           0.742     0.742    dbg_hub/inst/BSCANID.u_xsdbm_id/tck_bs
    BUFGCTRL_X0Y1        BUFG (Prop_bufg_I_O)         0.026     0.768 r  dbg_hub/inst/BSCANID.u_xsdbm_id/SWITCH_N_EXT_BSCAN.u_bufg_icon_tck/O
                         net (fo=494, routed)         0.562     1.329    dbg_hub/inst/BSCANID.u_xsdbm_id/CORE_XSDB.UUT_MASTER/U_ICON_INTERFACE/U_CMD6_WR/U_WR_FIFO/SUBCORE_FIFO.xsdbm_v3_0_0_wrfifo_inst/inst_fifo_gen/gconvfifo.rf/grf.rf/gntv_or_sync_fifo.gl0.wr/wpntr/wr_clk
    SLICE_X37Y8          FDCE                                         r  dbg_hub/inst/BSCANID.u_xsdbm_id/CORE_XSDB.UUT_MASTER/U_ICON_INTERFACE/U_CMD6_WR/U_WR_FIFO/SUBCORE_FIFO.xsdbm_v3_0_0_wrfifo_inst/inst_fifo_gen/gconvfifo.rf/grf.rf/gntv_or_sync_fifo.gl0.wr/wpntr/gic0.gc0.count_d2_reg[0]/C
  -------------------------------------------------------------------    -------------------
    SLICE_X37Y8          FDCE (Prop_fdce_C_Q)         0.128     1.457 r  dbg_hub/inst/BSCANID.u_xsdbm_id/CORE_XSDB.UUT_MASTER/U_ICON_INTERFACE/U_CMD6_WR/U_WR_FIFO/SUBCORE_FIFO.xsdbm_v3_0_0_wrfifo_inst/inst_fifo_gen/gconvfifo.rf/grf.rf/gntv_or_sync_fifo.gl0.wr/wpntr/gic0.gc0.count_d2_reg[0]/Q
                         net (fo=25, routed)          0.276     1.733    dbg_hub/inst/BSCANID.u_xsdbm_id/CORE_XSDB.UUT_MASTER/U_ICON_INTERFACE/U_CMD6_WR/U_WR_FIFO/SUBCORE_FIFO.xsdbm_v3_0_0_wrfifo_inst/inst_fifo_gen/gconvfifo.rf/grf.rf/gntv_or_sync_fifo.mem/gdm.dm_gen.dm/RAM_reg_0_15_0_5/ADDRD0
    SLICE_X38Y9          RAMD32                                       r  dbg_hub/inst/BSCANID.u_xsdbm_id/CORE_XSDB.UUT_MASTER/U_ICON_INTERFACE/U_CMD6_WR/U_WR_FIFO/SUBCORE_FIFO.xsdbm_v3_0_0_wrfifo_inst/inst_fifo_gen/gconvfifo.rf/grf.rf/gntv_or_sync_fifo.mem/gdm.dm_gen.dm/RAM_reg_0_15_0_5/RAMA/WADR0
  -------------------------------------------------------------------    -------------------

                         (clock dbg_hub/inst/BSCANID.u_xsdbm_id/SWITCH_N_EXT_BSCAN.bscan_inst/SERIES7_BSCAN.bscan_inst/TCK rise edge)
                                                      0.000     0.000 r  
    BSCAN_X0Y0           BSCANE2                      0.000     0.000 r  dbg_hub/inst/BSCANID.u_xsdbm_id/SWITCH_N_EXT_BSCAN.bscan_inst/SERIES7_BSCAN.bscan_inst/TCK
                         net (fo=1, routed)           0.858     0.858    dbg_hub/inst/BSCANID.u_xsdbm_id/tck_bs
    BUFGCTRL_X0Y1        BUFG (Prop_bufg_I_O)         0.029     0.887 r  dbg_hub/inst/BSCANID.u_xsdbm_id/SWITCH_N_EXT_BSCAN.u_bufg_icon_tck/O
                         net (fo=494, routed)         0.831     1.717    dbg_hub/inst/BSCANID.u_xsdbm_id/CORE_XSDB.UUT_MASTER/U_ICON_INTERFACE/U_CMD6_WR/U_WR_FIFO/SUBCORE_FIFO.xsdbm_v3_0_0_wrfifo_inst/inst_fifo_gen/gconvfifo.rf/grf.rf/gntv_or_sync_fifo.mem/gdm.dm_gen.dm/RAM_reg_0_15_0_5/WCLK
    SLICE_X38Y9          RAMD32                                       r  dbg_hub/inst/BSCANID.u_xsdbm_id/CORE_XSDB.UUT_MASTER/U_ICON_INTERFACE/U_CMD6_WR/U_WR_FIFO/SUBCORE_FIFO.xsdbm_v3_0_0_wrfifo_inst/inst_fifo_gen/gconvfifo.rf/grf.rf/gntv_or_sync_fifo.mem/gdm.dm_gen.dm/RAM_reg_0_15_0_5/RAMA/CLK
                         clock pessimism             -0.372     1.345    
    SLICE_X38Y9          RAMD32 (Hold_ramd32_CLK_WADR0)
                                                      0.257     1.602    dbg_hub/inst/BSCANID.u_xsdbm_id/CORE_XSDB.UUT_MASTER/U_ICON_INTERFACE/U_CMD6_WR/U_WR_FIFO/SUBCORE_FIFO.xsdbm_v3_0_0_wrfifo_inst/inst_fifo_gen/gconvfifo.rf/grf.rf/gntv_or_sync_fifo.mem/gdm.dm_gen.dm/RAM_reg_0_15_0_5/RAMA
  -------------------------------------------------------------------
                         required time                         -1.602    
                         arrival time                           1.733    
  -------------------------------------------------------------------
                         slack                                  0.131    





Pulse Width Checks
--------------------------------------------------------------------------------------
Clock Name:         dbg_hub/inst/BSCANID.u_xsdbm_id/SWITCH_N_EXT_BSCAN.bscan_inst/SERIES7_BSCAN.bscan_inst/TCK
Waveform(ns):       { 0.000 16.500 }
Period(ns):         33.000
Sources:            { dbg_hub/inst/BSCANID.u_xsdbm_id/SWITCH_N_EXT_BSCAN.bscan_inst/SERIES7_BSCAN.bscan_inst/TCK }

Check Type        Corner  Lib Pin     Reference Pin  Required(ns)  Actual(ns)  Slack(ns)  Location       Pin
Min Period        n/a     BUFG/I      n/a            2.155         33.000      30.845     BUFGCTRL_X0Y1  dbg_hub/inst/BSCANID.u_xsdbm_id/SWITCH_N_EXT_BSCAN.u_bufg_icon_tck/I
Min Period        n/a     FDRE/C      n/a            1.000         33.000      32.000     SLICE_X39Y11   dbg_hub/inst/BSCANID.u_xsdbm_id/CORE_XSDB.UUT_MASTER/U_ICON_INTERFACE/U_CMD1/icn_cmd_din_temp_reg/C
Min Period        n/a     FDRE/C      n/a            1.000         33.000      32.000     SLICE_X39Y9    dbg_hub/inst/BSCANID.u_xsdbm_id/CORE_XSDB.UUT_MASTER/U_ICON_INTERFACE/U_CMD1/icn_cmd_en_temp_reg/C
Min Period        n/a     FDRE/C      n/a            1.000         33.000      32.000     SLICE_X39Y12   dbg_hub/inst/BSCANID.u_xsdbm_id/CORE_XSDB.UUT_MASTER/U_ICON_INTERFACE/U_CMD1/shift_reg_in_reg[0]/C
Min Period        n/a     FDRE/C      n/a            1.000         33.000      32.000     SLICE_X39Y12   dbg_hub/inst/BSCANID.u_xsdbm_id/CORE_XSDB.UUT_MASTER/U_ICON_INTERFACE/U_CMD1/shift_reg_in_reg[1]/C
Min Period        n/a     FDRE/C      n/a            1.000         33.000      32.000     SLICE_X39Y12   dbg_hub/inst/BSCANID.u_xsdbm_id/CORE_XSDB.UUT_MASTER/U_ICON_INTERFACE/U_CMD1/shift_reg_in_reg[2]/C
Min Period        n/a     FDRE/C      n/a            1.000         33.000      32.000     SLICE_X39Y12   dbg_hub/inst/BSCANID.u_xsdbm_id/CORE_XSDB.UUT_MASTER/U_ICON_INTERFACE/U_CMD1/shift_reg_in_reg[3]/C
Min Period        n/a     FDRE/C      n/a            1.000         33.000      32.000     SLICE_X39Y12   dbg_hub/inst/BSCANID.u_xsdbm_id/CORE_XSDB.UUT_MASTER/U_ICON_INTERFACE/U_CMD1/shift_reg_in_reg[4]/C
Min Period        n/a     FDRE/C      n/a            1.000         33.000      32.000     SLICE_X43Y10   dbg_hub/inst/BSCANID.u_xsdbm_id/CORE_XSDB.UUT_MASTER/U_ICON_INTERFACE/U_CMD2/icn_cmd_din_temp_reg/C
Min Period        n/a     FDRE/C      n/a            1.000         33.000      32.000     SLICE_X40Y8    dbg_hub/inst/BSCANID.u_xsdbm_id/CORE_XSDB.UUT_MASTER/U_ICON_INTERFACE/U_CMD2/icn_cmd_en_temp_reg/C
Low Pulse Width   Fast    RAMD32/CLK  n/a            1.250         16.500      15.250     SLICE_X38Y10   dbg_hub/inst/BSCANID.u_xsdbm_id/CORE_XSDB.UUT_MASTER/U_ICON_INTERFACE/U_CMD6_WR/U_WR_FIFO/SUBCORE_FIFO.xsdbm_v3_0_0_wrfifo_inst/inst_fifo_gen/gconvfifo.rf/grf.rf/gntv_or_sync_fifo.mem/gdm.dm_gen.dm/RAM_reg_0_15_12_15/RAMA/CLK
Low Pulse Width   Fast    RAMD32/CLK  n/a            1.250         16.500      15.250     SLICE_X38Y10   dbg_hub/inst/BSCANID.u_xsdbm_id/CORE_XSDB.UUT_MASTER/U_ICON_INTERFACE/U_CMD6_WR/U_WR_FIFO/SUBCORE_FIFO.xsdbm_v3_0_0_wrfifo_inst/inst_fifo_gen/gconvfifo.rf/grf.rf/gntv_or_sync_fifo.mem/gdm.dm_gen.dm/RAM_reg_0_15_12_15/RAMA_D1/CLK
Low Pulse Width   Fast    RAMD32/CLK  n/a            1.250         16.500      15.250     SLICE_X38Y10   dbg_hub/inst/BSCANID.u_xsdbm_id/CORE_XSDB.UUT_MASTER/U_ICON_INTERFACE/U_CMD6_WR/U_WR_FIFO/SUBCORE_FIFO.xsdbm_v3_0_0_wrfifo_inst/inst_fifo_gen/gconvfifo.rf/grf.rf/gntv_or_sync_fifo.mem/gdm.dm_gen.dm/RAM_reg_0_15_12_15/RAMB/CLK
Low Pulse Width   Fast    RAMD32/CLK  n/a            1.250         16.500      15.250     SLICE_X38Y10   dbg_hub/inst/BSCANID.u_xsdbm_id/CORE_XSDB.UUT_MASTER/U_ICON_INTERFACE/U_CMD6_WR/U_WR_FIFO/SUBCORE_FIFO.xsdbm_v3_0_0_wrfifo_inst/inst_fifo_gen/gconvfifo.rf/grf.rf/gntv_or_sync_fifo.mem/gdm.dm_gen.dm/RAM_reg_0_15_12_15/RAMB_D1/CLK
Low Pulse Width   Fast    RAMD32/CLK  n/a            1.250         16.500      15.250     SLICE_X38Y10   dbg_hub/inst/BSCANID.u_xsdbm_id/CORE_XSDB.UUT_MASTER/U_ICON_INTERFACE/U_CMD6_WR/U_WR_FIFO/SUBCORE_FIFO.xsdbm_v3_0_0_wrfifo_inst/inst_fifo_gen/gconvfifo.rf/grf.rf/gntv_or_sync_fifo.mem/gdm.dm_gen.dm/RAM_reg_0_15_12_15/RAMC/CLK
Low Pulse Width   Fast    RAMD32/CLK  n/a            1.250         16.500      15.250     SLICE_X38Y10   dbg_hub/inst/BSCANID.u_xsdbm_id/CORE_XSDB.UUT_MASTER/U_ICON_INTERFACE/U_CMD6_WR/U_WR_FIFO/SUBCORE_FIFO.xsdbm_v3_0_0_wrfifo_inst/inst_fifo_gen/gconvfifo.rf/grf.rf/gntv_or_sync_fifo.mem/gdm.dm_gen.dm/RAM_reg_0_15_12_15/RAMC_D1/CLK
Low Pulse Width   Fast    RAMS32/CLK  n/a            1.250         16.500      15.250     SLICE_X38Y10   dbg_hub/inst/BSCANID.u_xsdbm_id/CORE_XSDB.UUT_MASTER/U_ICON_INTERFACE/U_CMD6_WR/U_WR_FIFO/SUBCORE_FIFO.xsdbm_v3_0_0_wrfifo_inst/inst_fifo_gen/gconvfifo.rf/grf.rf/gntv_or_sync_fifo.mem/gdm.dm_gen.dm/RAM_reg_0_15_12_15/RAMD/CLK
Low Pulse Width   Fast    RAMS32/CLK  n/a            1.250         16.500      15.250     SLICE_X38Y10   dbg_hub/inst/BSCANID.u_xsdbm_id/CORE_XSDB.UUT_MASTER/U_ICON_INTERFACE/U_CMD6_WR/U_WR_FIFO/SUBCORE_FIFO.xsdbm_v3_0_0_wrfifo_inst/inst_fifo_gen/gconvfifo.rf/grf.rf/gntv_or_sync_fifo.mem/gdm.dm_gen.dm/RAM_reg_0_15_12_15/RAMD_D1/CLK
Low Pulse Width   Slow    RAMD32/CLK  n/a            1.250         16.500      15.250     SLICE_X38Y11   dbg_hub/inst/BSCANID.u_xsdbm_id/CORE_XSDB.UUT_MASTER/U_ICON_INTERFACE/U_CMD6_WR/U_WR_FIFO/SUBCORE_FIFO.xsdbm_v3_0_0_wrfifo_inst/inst_fifo_gen/gconvfifo.rf/grf.rf/gntv_or_sync_fifo.mem/gdm.dm_gen.dm/RAM_reg_0_15_6_11/RAMA/CLK
Low Pulse Width   Fast    RAMD32/CLK  n/a            1.250         16.500      15.250     SLICE_X38Y11   dbg_hub/inst/BSCANID.u_xsdbm_id/CORE_XSDB.UUT_MASTER/U_ICON_INTERFACE/U_CMD6_WR/U_WR_FIFO/SUBCORE_FIFO.xsdbm_v3_0_0_wrfifo_inst/inst_fifo_gen/gconvfifo.rf/grf.rf/gntv_or_sync_fifo.mem/gdm.dm_gen.dm/RAM_reg_0_15_6_11/RAMA/CLK
High Pulse Width  Slow    RAMD32/CLK  n/a            1.250         16.500      15.250     SLICE_X38Y9    dbg_hub/inst/BSCANID.u_xsdbm_id/CORE_XSDB.UUT_MASTER/U_ICON_INTERFACE/U_CMD6_WR/U_WR_FIFO/SUBCORE_FIFO.xsdbm_v3_0_0_wrfifo_inst/inst_fifo_gen/gconvfifo.rf/grf.rf/gntv_or_sync_fifo.mem/gdm.dm_gen.dm/RAM_reg_0_15_0_5/RAMA/CLK
High Pulse Width  Fast    RAMD32/CLK  n/a            1.250         16.500      15.250     SLICE_X38Y9    dbg_hub/inst/BSCANID.u_xsdbm_id/CORE_XSDB.UUT_MASTER/U_ICON_INTERFACE/U_CMD6_WR/U_WR_FIFO/SUBCORE_FIFO.xsdbm_v3_0_0_wrfifo_inst/inst_fifo_gen/gconvfifo.rf/grf.rf/gntv_or_sync_fifo.mem/gdm.dm_gen.dm/RAM_reg_0_15_0_5/RAMA/CLK
High Pulse Width  Slow    RAMD32/CLK  n/a            1.250         16.500      15.250     SLICE_X38Y9    dbg_hub/inst/BSCANID.u_xsdbm_id/CORE_XSDB.UUT_MASTER/U_ICON_INTERFACE/U_CMD6_WR/U_WR_FIFO/SUBCORE_FIFO.xsdbm_v3_0_0_wrfifo_inst/inst_fifo_gen/gconvfifo.rf/grf.rf/gntv_or_sync_fifo.mem/gdm.dm_gen.dm/RAM_reg_0_15_0_5/RAMA_D1/CLK
High Pulse Width  Fast    RAMD32/CLK  n/a            1.250         16.500      15.250     SLICE_X38Y9    dbg_hub/inst/BSCANID.u_xsdbm_id/CORE_XSDB.UUT_MASTER/U_ICON_INTERFACE/U_CMD6_WR/U_WR_FIFO/SUBCORE_FIFO.xsdbm_v3_0_0_wrfifo_inst/inst_fifo_gen/gconvfifo.rf/grf.rf/gntv_or_sync_fifo.mem/gdm.dm_gen.dm/RAM_reg_0_15_0_5/RAMA_D1/CLK
High Pulse Width  Slow    RAMD32/CLK  n/a            1.250         16.500      15.250     SLICE_X38Y9    dbg_hub/inst/BSCANID.u_xsdbm_id/CORE_XSDB.UUT_MASTER/U_ICON_INTERFACE/U_CMD6_WR/U_WR_FIFO/SUBCORE_FIFO.xsdbm_v3_0_0_wrfifo_inst/inst_fifo_gen/gconvfifo.rf/grf.rf/gntv_or_sync_fifo.mem/gdm.dm_gen.dm/RAM_reg_0_15_0_5/RAMB/CLK
High Pulse Width  Fast    RAMD32/CLK  n/a            1.250         16.500      15.250     SLICE_X38Y9    dbg_hub/inst/BSCANID.u_xsdbm_id/CORE_XSDB.UUT_MASTER/U_ICON_INTERFACE/U_CMD6_WR/U_WR_FIFO/SUBCORE_FIFO.xsdbm_v3_0_0_wrfifo_inst/inst_fifo_gen/gconvfifo.rf/grf.rf/gntv_or_sync_fifo.mem/gdm.dm_gen.dm/RAM_reg_0_15_0_5/RAMB/CLK
High Pulse Width  Slow    RAMD32/CLK  n/a            1.250         16.500      15.250     SLICE_X38Y9    dbg_hub/inst/BSCANID.u_xsdbm_id/CORE_XSDB.UUT_MASTER/U_ICON_INTERFACE/U_CMD6_WR/U_WR_FIFO/SUBCORE_FIFO.xsdbm_v3_0_0_wrfifo_inst/inst_fifo_gen/gconvfifo.rf/grf.rf/gntv_or_sync_fifo.mem/gdm.dm_gen.dm/RAM_reg_0_15_0_5/RAMB_D1/CLK
High Pulse Width  Fast    RAMD32/CLK  n/a            1.250         16.500      15.250     SLICE_X38Y9    dbg_hub/inst/BSCANID.u_xsdbm_id/CORE_XSDB.UUT_MASTER/U_ICON_INTERFACE/U_CMD6_WR/U_WR_FIFO/SUBCORE_FIFO.xsdbm_v3_0_0_wrfifo_inst/inst_fifo_gen/gconvfifo.rf/grf.rf/gntv_or_sync_fifo.mem/gdm.dm_gen.dm/RAM_reg_0_15_0_5/RAMB_D1/CLK
High Pulse Width  Slow    RAMD32/CLK  n/a            1.250         16.500      15.250     SLICE_X38Y9    dbg_hub/inst/BSCANID.u_xsdbm_id/CORE_XSDB.UUT_MASTER/U_ICON_INTERFACE/U_CMD6_WR/U_WR_FIFO/SUBCORE_FIFO.xsdbm_v3_0_0_wrfifo_inst/inst_fifo_gen/gconvfifo.rf/grf.rf/gntv_or_sync_fifo.mem/gdm.dm_gen.dm/RAM_reg_0_15_0_5/RAMC/CLK
High Pulse Width  Fast    RAMD32/CLK  n/a            1.250         16.500      15.250     SLICE_X38Y9    dbg_hub/inst/BSCANID.u_xsdbm_id/CORE_XSDB.UUT_MASTER/U_ICON_INTERFACE/U_CMD6_WR/U_WR_FIFO/SUBCORE_FIFO.xsdbm_v3_0_0_wrfifo_inst/inst_fifo_gen/gconvfifo.rf/grf.rf/gntv_or_sync_fifo.mem/gdm.dm_gen.dm/RAM_reg_0_15_0_5/RAMC/CLK



---------------------------------------------------------------------------------------------------
From Clock:  sys_clk_pin
  To Clock:  sys_clk_pin

Setup :            0  Failing Endpoints,  Worst Slack       77.719ns,  Total Violation        0.000ns
Hold  :            0  Failing Endpoints,  Worst Slack        0.252ns,  Total Violation        0.000ns
PW    :            0  Failing Endpoints,  Worst Slack       41.160ns,  Total Violation        0.000ns
---------------------------------------------------------------------------------------------------


Max Delay Paths
--------------------------------------------------------------------------------------
Slack (MET) :             77.719ns  (required time - arrival time)
  Source:                 pwm0/half_duty_new_reg/CLK
                            (rising edge-triggered cell DSP48E1 clocked by sys_clk_pin  {rise@0.000ns fall@41.660ns period=83.330ns})
  Destination:            pwm0/pwm_out_reg[0]/CE
                            (rising edge-triggered cell FDCE clocked by sys_clk_pin  {rise@0.000ns fall@41.660ns period=83.330ns})
  Path Group:             sys_clk_pin
  Path Type:              Setup (Max at Slow Process Corner)
  Requirement:            83.330ns  (sys_clk_pin rise@83.330ns - sys_clk_pin rise@0.000ns)
  Data Path Delay:        5.239ns  (logic 1.796ns (34.279%)  route 3.443ns (65.721%))
  Logic Levels:           4  (CARRY4=1 LUT2=1 LUT4=1 LUT6=1)
  Clock Path Skew:        -0.132ns (DCD - SCD + CPR)
    Destination Clock Delay (DCD):    4.974ns = ( 88.304 - 83.330 ) 
    Source Clock Delay      (SCD):    5.371ns
    Clock Pessimism Removal (CPR):    0.266ns
  Clock Uncertainty:      0.035ns  ((TSJ^2 + TIJ^2)^1/2 + DJ) / 2 + PE
    Total System Jitter     (TSJ):    0.071ns
    Total Input Jitter      (TIJ):    0.000ns
    Discrete Jitter          (DJ):    0.000ns
    Phase Error              (PE):    0.000ns

    Location             Delay type                Incr(ns)  Path(ns)    Netlist Resource(s)
  -------------------------------------------------------------------    -------------------
                         (clock sys_clk_pin rise edge)
                                                      0.000     0.000 r  
    L17                                               0.000     0.000 r  sys_clock (IN)
                         net (fo=0)                   0.000     0.000    sys_clock
    L17                  IBUF (Prop_ibuf_I_O)         1.476     1.476 r  sys_clock_IBUF_inst/O
                         net (fo=1, routed)           1.972     3.448    sys_clock_IBUF
    BUFGCTRL_X0Y4        BUFG (Prop_bufg_I_O)         0.096     3.544 r  sys_clock_IBUF_BUFG_inst/O
                         net (fo=38, routed)          1.828     5.371    pwm0/sys_clock
    DSP48_X1Y58          DSP48E1                                      r  pwm0/half_duty_new_reg/CLK
  -------------------------------------------------------------------    -------------------
    DSP48_X1Y58          DSP48E1 (Prop_dsp48e1_CLK_P[12])
                                                      0.434     5.805 f  pwm0/half_duty_new_reg/P[12]
                         net (fo=4, routed)           1.454     7.259    pwm0/half_duty_new_reg__0[3]
    SLICE_X47Y147        LUT4 (Prop_lut4_I3_O)        0.152     7.411 r  pwm0/pwm_out0_carry_i_6/O
                         net (fo=1, routed)           0.440     7.851    pwm0/pwm_out0_carry_i_6_n_0
    SLICE_X46Y147        LUT6 (Prop_lut6_I4_O)        0.326     8.177 r  pwm0/pwm_out0_carry_i_2/O
                         net (fo=1, routed)           0.000     8.177    pwm0/pwm_out0_carry_i_2_n_0
    SLICE_X46Y147        CARRY4 (Prop_carry4_S[1]_CO[2])
                                                      0.574     8.751 r  pwm0/pwm_out0_carry/CO[2]
                         net (fo=2, routed)           0.955     9.706    pwm0/pwm_out0_carry_n_1
    SLICE_X44Y145        LUT2 (Prop_lut2_I1_O)        0.310    10.016 r  pwm0/pwm_out[0]_i_1/O
                         net (fo=1, routed)           0.595    10.611    pwm0/pwm_out[0]_i_1_n_0
    SLICE_X44Y145        FDCE                                         r  pwm0/pwm_out_reg[0]/CE
  -------------------------------------------------------------------    -------------------

                         (clock sys_clk_pin rise edge)
                                                     83.330    83.330 r  
    L17                                               0.000    83.330 r  sys_clock (IN)
                         net (fo=0)                   0.000    83.330    sys_clock
    L17                  IBUF (Prop_ibuf_I_O)         1.406    84.736 r  sys_clock_IBUF_inst/O
                         net (fo=1, routed)           1.868    86.604    sys_clock_IBUF
    BUFGCTRL_X0Y4        BUFG (Prop_bufg_I_O)         0.091    86.695 r  sys_clock_IBUF_BUFG_inst/O
                         net (fo=38, routed)          1.609    88.304    pwm0/sys_clock
    SLICE_X44Y145        FDCE                                         r  pwm0/pwm_out_reg[0]/C
                         clock pessimism              0.266    88.570    
                         clock uncertainty           -0.035    88.535    
    SLICE_X44Y145        FDCE (Setup_fdce_C_CE)      -0.205    88.330    pwm0/pwm_out_reg[0]
  -------------------------------------------------------------------
                         required time                         88.330    
                         arrival time                         -10.611    
  -------------------------------------------------------------------
                         slack                                 77.719    

Slack (MET) :             78.541ns  (required time - arrival time)
  Source:                 pwm0/half_duty_new_reg/CLK
                            (rising edge-triggered cell DSP48E1 clocked by sys_clk_pin  {rise@0.000ns fall@41.660ns period=83.330ns})
  Destination:            pwm0/pwm_out_reg[0]/D
                            (rising edge-triggered cell FDCE clocked by sys_clk_pin  {rise@0.000ns fall@41.660ns period=83.330ns})
  Path Group:             sys_clk_pin
  Path Type:              Setup (Max at Slow Process Corner)
  Requirement:            83.330ns  (sys_clk_pin rise@83.330ns - sys_clk_pin rise@0.000ns)
  Data Path Delay:        4.651ns  (logic 1.796ns (38.612%)  route 2.855ns (61.388%))
  Logic Levels:           4  (CARRY4=1 LUT2=1 LUT4=1 LUT6=1)
  Clock Path Skew:        -0.132ns (DCD - SCD + CPR)
    Destination Clock Delay (DCD):    4.974ns = ( 88.304 - 83.330 ) 
    Source Clock Delay      (SCD):    5.371ns
    Clock Pessimism Removal (CPR):    0.266ns
  Clock Uncertainty:      0.035ns  ((TSJ^2 + TIJ^2)^1/2 + DJ) / 2 + PE
    Total System Jitter     (TSJ):    0.071ns
    Total Input Jitter      (TIJ):    0.000ns
    Discrete Jitter          (DJ):    0.000ns
    Phase Error              (PE):    0.000ns

    Location             Delay type                Incr(ns)  Path(ns)    Netlist Resource(s)
  -------------------------------------------------------------------    -------------------
                         (clock sys_clk_pin rise edge)
                                                      0.000     0.000 r  
    L17                                               0.000     0.000 r  sys_clock (IN)
                         net (fo=0)                   0.000     0.000    sys_clock
    L17                  IBUF (Prop_ibuf_I_O)         1.476     1.476 r  sys_clock_IBUF_inst/O
                         net (fo=1, routed)           1.972     3.448    sys_clock_IBUF
    BUFGCTRL_X0Y4        BUFG (Prop_bufg_I_O)         0.096     3.544 r  sys_clock_IBUF_BUFG_inst/O
                         net (fo=38, routed)          1.828     5.371    pwm0/sys_clock
    DSP48_X1Y58          DSP48E1                                      r  pwm0/half_duty_new_reg/CLK
  -------------------------------------------------------------------    -------------------
    DSP48_X1Y58          DSP48E1 (Prop_dsp48e1_CLK_P[12])
                                                      0.434     5.805 f  pwm0/half_duty_new_reg/P[12]
                         net (fo=4, routed)           1.454     7.259    pwm0/half_duty_new_reg__0[3]
    SLICE_X47Y147        LUT4 (Prop_lut4_I3_O)        0.152     7.411 r  pwm0/pwm_out0_carry_i_6/O
                         net (fo=1, routed)           0.440     7.851    pwm0/pwm_out0_carry_i_6_n_0
    SLICE_X46Y147        LUT6 (Prop_lut6_I4_O)        0.326     8.177 r  pwm0/pwm_out0_carry_i_2/O
                         net (fo=1, routed)           0.000     8.177    pwm0/pwm_out0_carry_i_2_n_0
    SLICE_X46Y147        CARRY4 (Prop_carry4_S[1]_CO[2])
                                                      0.574     8.751 r  pwm0/pwm_out0_carry/CO[2]
                         net (fo=2, routed)           0.962     9.713    pwm0/pwm_out0_carry_n_1
    SLICE_X44Y145        LUT2 (Prop_lut2_I0_O)        0.310    10.023 r  pwm0/pwm_out[0]_i_2/O
                         net (fo=1, routed)           0.000    10.023    pwm0/pwm_out[0]_i_2_n_0
    SLICE_X44Y145        FDCE                                         r  pwm0/pwm_out_reg[0]/D
  -------------------------------------------------------------------    -------------------

                         (clock sys_clk_pin rise edge)
                                                     83.330    83.330 r  
    L17                                               0.000    83.330 r  sys_clock (IN)
                         net (fo=0)                   0.000    83.330    sys_clock
    L17                  IBUF (Prop_ibuf_I_O)         1.406    84.736 r  sys_clock_IBUF_inst/O
                         net (fo=1, routed)           1.868    86.604    sys_clock_IBUF
    BUFGCTRL_X0Y4        BUFG (Prop_bufg_I_O)         0.091    86.695 r  sys_clock_IBUF_BUFG_inst/O
                         net (fo=38, routed)          1.609    88.304    pwm0/sys_clock
    SLICE_X44Y145        FDCE                                         r  pwm0/pwm_out_reg[0]/C
                         clock pessimism              0.266    88.570    
                         clock uncertainty           -0.035    88.535    
    SLICE_X44Y145        FDCE (Setup_fdce_C_D)        0.029    88.564    pwm0/pwm_out_reg[0]
  -------------------------------------------------------------------
                         required time                         88.564    
                         arrival time                         -10.023    
  -------------------------------------------------------------------
                         slack                                 78.541    

Slack (MET) :             79.227ns  (required time - arrival time)
  Source:                 cnt_div_reg[20]/C
                            (rising edge-triggered cell FDCE clocked by sys_clk_pin  {rise@0.000ns fall@41.660ns period=83.330ns})
  Destination:            pwm0/half_duty_new_reg/A[5]
                            (rising edge-triggered cell DSP48E1 clocked by sys_clk_pin  {rise@0.000ns fall@41.660ns period=83.330ns})
  Path Group:             sys_clk_pin
  Path Type:              Setup (Max at Slow Process Corner)
  Requirement:            83.330ns  (sys_clk_pin rise@83.330ns - sys_clk_pin rise@0.000ns)
  Data Path Delay:        3.581ns  (logic 1.157ns (32.312%)  route 2.424ns (67.688%))
  Logic Levels:           3  (LUT4=1 LUT6=1 MUXF7=1)
  Clock Path Skew:        0.051ns (DCD - SCD + CPR)
    Destination Clock Delay (DCD):    5.067ns = ( 88.397 - 83.330 ) 
    Source Clock Delay      (SCD):    5.283ns
    Clock Pessimism Removal (CPR):    0.266ns
  Clock Uncertainty:      0.035ns  ((TSJ^2 + TIJ^2)^1/2 + DJ) / 2 + PE
    Total System Jitter     (TSJ):    0.071ns
    Total Input Jitter      (TIJ):    0.000ns
    Discrete Jitter          (DJ):    0.000ns
    Phase Error              (PE):    0.000ns

    Location             Delay type                Incr(ns)  Path(ns)    Netlist Resource(s)
  -------------------------------------------------------------------    -------------------
                         (clock sys_clk_pin rise edge)
                                                      0.000     0.000 r  
    L17                                               0.000     0.000 r  sys_clock (IN)
                         net (fo=0)                   0.000     0.000    sys_clock
    L17                  IBUF (Prop_ibuf_I_O)         1.476     1.476 r  sys_clock_IBUF_inst/O
                         net (fo=1, routed)           1.972     3.448    sys_clock_IBUF
    BUFGCTRL_X0Y4        BUFG (Prop_bufg_I_O)         0.096     3.544 r  sys_clock_IBUF_BUFG_inst/O
                         net (fo=38, routed)          1.739     5.283    sys_clock_IBUF_BUFG
    SLICE_X51Y147        FDCE                                         r  cnt_div_reg[20]/C
  -------------------------------------------------------------------    -------------------
    SLICE_X51Y147        FDCE (Prop_fdce_C_Q)         0.456     5.739 r  cnt_div_reg[20]/Q
                         net (fo=25, routed)          1.042     6.781    sine_rom0/sel[2]
    SLICE_X50Y146        LUT4 (Prop_lut4_I2_O)        0.153     6.934 r  sine_rom0/half_duty_new_reg_i_28/O
                         net (fo=2, routed)           0.821     7.755    sine_rom0/half_duty_new_reg_i_28_n_0
    SLICE_X49Y146        LUT6 (Prop_lut6_I5_O)        0.331     8.086 r  sine_rom0/half_duty_new_reg_i_15/O
                         net (fo=1, routed)           0.000     8.086    sine_rom0/half_duty_new_reg_i_15_n_0
    SLICE_X49Y146        MUXF7 (Prop_muxf7_I1_O)      0.217     8.303 r  sine_rom0/half_duty_new_reg_i_5/O
                         net (fo=1, routed)           0.560     8.864    pwm0/A[5]
    DSP48_X1Y58          DSP48E1                                      r  pwm0/half_duty_new_reg/A[5]
  -------------------------------------------------------------------    -------------------

                         (clock sys_clk_pin rise edge)
                                                     83.330    83.330 r  
    L17                                               0.000    83.330 r  sys_clock (IN)
                         net (fo=0)                   0.000    83.330    sys_clock
    L17                  IBUF (Prop_ibuf_I_O)         1.406    84.736 r  sys_clock_IBUF_inst/O
                         net (fo=1, routed)           1.868    86.604    sys_clock_IBUF
    BUFGCTRL_X0Y4        BUFG (Prop_bufg_I_O)         0.091    86.695 r  sys_clock_IBUF_BUFG_inst/O
                         net (fo=38, routed)          1.703    88.397    pwm0/sys_clock
    DSP48_X1Y58          DSP48E1                                      r  pwm0/half_duty_new_reg/CLK
                         clock pessimism              0.266    88.663    
                         clock uncertainty           -0.035    88.628    
    DSP48_X1Y58          DSP48E1 (Setup_dsp48e1_CLK_A[5])
                                                     -0.537    88.091    pwm0/half_duty_new_reg
  -------------------------------------------------------------------
                         required time                         88.091    
                         arrival time                          -8.864    
  -------------------------------------------------------------------
                         slack                                 79.227    

Slack (MET) :             79.744ns  (required time - arrival time)
  Source:                 cnt_div_reg[20]/C
                            (rising edge-triggered cell FDCE clocked by sys_clk_pin  {rise@0.000ns fall@41.660ns period=83.330ns})
  Destination:            pwm0/half_duty_new_reg/A[6]
                            (rising edge-triggered cell DSP48E1 clocked by sys_clk_pin  {rise@0.000ns fall@41.660ns period=83.330ns})
  Path Group:             sys_clk_pin
  Path Type:              Setup (Max at Slow Process Corner)
  Requirement:            83.330ns  (sys_clk_pin rise@83.330ns - sys_clk_pin rise@0.000ns)
  Data Path Delay:        3.066ns  (logic 0.918ns (29.937%)  route 2.148ns (70.063%))
  Logic Levels:           3  (LUT4=1 LUT5=1 MUXF7=1)
  Clock Path Skew:        0.051ns (DCD - SCD + CPR)
    Destination Clock Delay (DCD):    5.067ns = ( 88.397 - 83.330 ) 
    Source Clock Delay      (SCD):    5.283ns
    Clock Pessimism Removal (CPR):    0.266ns
  Clock Uncertainty:      0.035ns  ((TSJ^2 + TIJ^2)^1/2 + DJ) / 2 + PE
    Total System Jitter     (TSJ):    0.071ns
    Total Input Jitter      (TIJ):    0.000ns
    Discrete Jitter          (DJ):    0.000ns
    Phase Error              (PE):    0.000ns

    Location             Delay type                Incr(ns)  Path(ns)    Netlist Resource(s)
  -------------------------------------------------------------------    -------------------
                         (clock sys_clk_pin rise edge)
                                                      0.000     0.000 r  
    L17                                               0.000     0.000 r  sys_clock (IN)
                         net (fo=0)                   0.000     0.000    sys_clock
    L17                  IBUF (Prop_ibuf_I_O)         1.476     1.476 r  sys_clock_IBUF_inst/O
                         net (fo=1, routed)           1.972     3.448    sys_clock_IBUF
    BUFGCTRL_X0Y4        BUFG (Prop_bufg_I_O)         0.096     3.544 r  sys_clock_IBUF_BUFG_inst/O
                         net (fo=38, routed)          1.739     5.283    sys_clock_IBUF_BUFG
    SLICE_X51Y147        FDCE                                         r  cnt_div_reg[20]/C
  -------------------------------------------------------------------    -------------------
    SLICE_X51Y147        FDCE (Prop_fdce_C_Q)         0.456     5.739 r  cnt_div_reg[20]/Q
                         net (fo=25, routed)          1.061     6.800    sine_rom0/sel[2]
    SLICE_X50Y146        LUT4 (Prop_lut4_I2_O)        0.124     6.924 r  sine_rom0/half_duty_new_reg_i_26/O
                         net (fo=1, routed)           0.680     7.604    sine_rom0/half_duty_new_reg_i_26_n_0
    SLICE_X50Y146        LUT5 (Prop_lut5_I1_O)        0.124     7.728 r  sine_rom0/half_duty_new_reg_i_13/O
                         net (fo=1, routed)           0.000     7.728    sine_rom0/half_duty_new_reg_i_13_n_0
    SLICE_X50Y146        MUXF7 (Prop_muxf7_I1_O)      0.214     7.942 r  sine_rom0/half_duty_new_reg_i_4/O
                         net (fo=1, routed)           0.407     8.349    pwm0/A[6]
    DSP48_X1Y58          DSP48E1                                      r  pwm0/half_duty_new_reg/A[6]
  -------------------------------------------------------------------    -------------------

                         (clock sys_clk_pin rise edge)
                                                     83.330    83.330 r  
    L17                                               0.000    83.330 r  sys_clock (IN)
                         net (fo=0)                   0.000    83.330    sys_clock
    L17                  IBUF (Prop_ibuf_I_O)         1.406    84.736 r  sys_clock_IBUF_inst/O
                         net (fo=1, routed)           1.868    86.604    sys_clock_IBUF
    BUFGCTRL_X0Y4        BUFG (Prop_bufg_I_O)         0.091    86.695 r  sys_clock_IBUF_BUFG_inst/O
                         net (fo=38, routed)          1.703    88.397    pwm0/sys_clock
    DSP48_X1Y58          DSP48E1                                      r  pwm0/half_duty_new_reg/CLK
                         clock pessimism              0.266    88.663    
                         clock uncertainty           -0.035    88.628    
    DSP48_X1Y58          DSP48E1 (Setup_dsp48e1_CLK_A[6])
                                                     -0.535    88.093    pwm0/half_duty_new_reg
  -------------------------------------------------------------------
                         required time                         88.093    
                         arrival time                          -8.349    
  -------------------------------------------------------------------
                         slack                                 79.744    

Slack (MET) :             79.865ns  (required time - arrival time)
  Source:                 pwm0/count_reg[0][7]/C
                            (rising edge-triggered cell FDCE clocked by sys_clk_pin  {rise@0.000ns fall@41.660ns period=83.330ns})
  Destination:            pwm0/half_duty_new_reg/CEP
                            (rising edge-triggered cell DSP48E1 clocked by sys_clk_pin  {rise@0.000ns fall@41.660ns period=83.330ns})
  Path Group:             sys_clk_pin
  Path Type:              Setup (Max at Slow Process Corner)
  Requirement:            83.330ns  (sys_clk_pin rise@83.330ns - sys_clk_pin rise@0.000ns)
  Data Path Delay:        2.958ns  (logic 0.704ns (23.798%)  route 2.254ns (76.202%))
  Logic Levels:           2  (LUT5=1 LUT6=1)
  Clock Path Skew:        0.053ns (DCD - SCD + CPR)
    Destination Clock Delay (DCD):    5.067ns = ( 88.397 - 83.330 ) 
    Source Clock Delay      (SCD):    5.281ns
    Clock Pessimism Removal (CPR):    0.266ns
  Clock Uncertainty:      0.035ns  ((TSJ^2 + TIJ^2)^1/2 + DJ) / 2 + PE
    Total System Jitter     (TSJ):    0.071ns
    Total Input Jitter      (TIJ):    0.000ns
    Discrete Jitter          (DJ):    0.000ns
    Phase Error              (PE):    0.000ns

    Location             Delay type                Incr(ns)  Path(ns)    Netlist Resource(s)
  -------------------------------------------------------------------    -------------------
                         (clock sys_clk_pin rise edge)
                                                      0.000     0.000 r  
    L17                                               0.000     0.000 r  sys_clock (IN)
                         net (fo=0)                   0.000     0.000    sys_clock
    L17                  IBUF (Prop_ibuf_I_O)         1.476     1.476 r  sys_clock_IBUF_inst/O
                         net (fo=1, routed)           1.972     3.448    sys_clock_IBUF
    BUFGCTRL_X0Y4        BUFG (Prop_bufg_I_O)         0.096     3.544 r  sys_clock_IBUF_BUFG_inst/O
                         net (fo=38, routed)          1.737     5.281    pwm0/sys_clock
    SLICE_X44Y148        FDCE                                         r  pwm0/count_reg[0][7]/C
  -------------------------------------------------------------------    -------------------
    SLICE_X44Y148        FDCE (Prop_fdce_C_Q)         0.456     5.737 r  pwm0/count_reg[0][7]/Q
                         net (fo=6, routed)           0.920     6.657    pwm0/count_reg[0][7]
    SLICE_X44Y148        LUT6 (Prop_lut6_I1_O)        0.124     6.781 r  pwm0/half_duty_new_reg_i_11/O
                         net (fo=1, routed)           0.636     7.417    pwm0/half_duty_new_reg_i_11_n_0
    SLICE_X44Y147        LUT5 (Prop_lut5_I0_O)        0.124     7.541 r  pwm0/half_duty_new_reg_i_2/O
                         net (fo=1, routed)           0.698     8.239    pwm0/half_duty_reg[0]0
    DSP48_X1Y58          DSP48E1                                      r  pwm0/half_duty_new_reg/CEP
  -------------------------------------------------------------------    -------------------

                         (clock sys_clk_pin rise edge)
                                                     83.330    83.330 r  
    L17                                               0.000    83.330 r  sys_clock (IN)
                         net (fo=0)                   0.000    83.330    sys_clock
    L17                  IBUF (Prop_ibuf_I_O)         1.406    84.736 r  sys_clock_IBUF_inst/O
                         net (fo=1, routed)           1.868    86.604    sys_clock_IBUF
    BUFGCTRL_X0Y4        BUFG (Prop_bufg_I_O)         0.091    86.695 r  sys_clock_IBUF_BUFG_inst/O
                         net (fo=38, routed)          1.703    88.397    pwm0/sys_clock
    DSP48_X1Y58          DSP48E1                                      r  pwm0/half_duty_new_reg/CLK
                         clock pessimism              0.266    88.663    
                         clock uncertainty           -0.035    88.628    
    DSP48_X1Y58          DSP48E1 (Setup_dsp48e1_CLK_CEP)
                                                     -0.524    88.104    pwm0/half_duty_new_reg
  -------------------------------------------------------------------
                         required time                         88.104    
                         arrival time                          -8.239    
  -------------------------------------------------------------------
                         slack                                 79.865    

Slack (MET) :             79.882ns  (required time - arrival time)
  Source:                 cnt_div_reg[25]/C
                            (rising edge-triggered cell FDCE clocked by sys_clk_pin  {rise@0.000ns fall@41.660ns period=83.330ns})
  Destination:            pwm0/half_duty_new_reg/A[1]
                            (rising edge-triggered cell DSP48E1 clocked by sys_clk_pin  {rise@0.000ns fall@41.660ns period=83.330ns})
  Path Group:             sys_clk_pin
  Path Type:              Setup (Max at Slow Process Corner)
  Requirement:            83.330ns  (sys_clk_pin rise@83.330ns - sys_clk_pin rise@0.000ns)
  Data Path Delay:        2.909ns  (logic 0.922ns (31.692%)  route 1.987ns (68.308%))
  Logic Levels:           3  (LUT6=1 MUXF7=1 MUXF8=1)
  Clock Path Skew:        0.051ns (DCD - SCD + CPR)
    Destination Clock Delay (DCD):    5.067ns = ( 88.397 - 83.330 ) 
    Source Clock Delay      (SCD):    5.283ns
    Clock Pessimism Removal (CPR):    0.266ns
  Clock Uncertainty:      0.035ns  ((TSJ^2 + TIJ^2)^1/2 + DJ) / 2 + PE
    Total System Jitter     (TSJ):    0.071ns
    Total Input Jitter      (TIJ):    0.000ns
    Discrete Jitter          (DJ):    0.000ns
    Phase Error              (PE):    0.000ns

    Location             Delay type                Incr(ns)  Path(ns)    Netlist Resource(s)
  -------------------------------------------------------------------    -------------------
                         (clock sys_clk_pin rise edge)
                                                      0.000     0.000 r  
    L17                                               0.000     0.000 r  sys_clock (IN)
                         net (fo=0)                   0.000     0.000    sys_clock
    L17                  IBUF (Prop_ibuf_I_O)         1.476     1.476 r  sys_clock_IBUF_inst/O
                         net (fo=1, routed)           1.972     3.448    sys_clock_IBUF
    BUFGCTRL_X0Y4        BUFG (Prop_bufg_I_O)         0.096     3.544 r  sys_clock_IBUF_BUFG_inst/O
                         net (fo=38, routed)          1.739     5.283    sys_clock_IBUF_BUFG
    SLICE_X51Y148        FDCE                                         r  cnt_div_reg[25]/C
  -------------------------------------------------------------------    -------------------
    SLICE_X51Y148        FDCE (Prop_fdce_C_Q)         0.456     5.739 r  cnt_div_reg[25]/Q
                         net (fo=29, routed)          1.439     7.178    sine_rom0/sel[7]
    SLICE_X53Y145        LUT6 (Prop_lut6_I5_O)        0.124     7.302 r  sine_rom0/half_duty_new_reg_i_41/O
                         net (fo=1, routed)           0.000     7.302    sine_rom0/half_duty_new_reg_i_41_n_0
    SLICE_X53Y145        MUXF7 (Prop_muxf7_I0_O)      0.238     7.540 r  sine_rom0/half_duty_new_reg_i_22/O
                         net (fo=1, routed)           0.000     7.540    sine_rom0/half_duty_new_reg_i_22_n_0
    SLICE_X53Y145        MUXF8 (Prop_muxf8_I0_O)      0.104     7.644 r  sine_rom0/half_duty_new_reg_i_9/O
                         net (fo=1, routed)           0.548     8.192    pwm0/A[1]
    DSP48_X1Y58          DSP48E1                                      r  pwm0/half_duty_new_reg/A[1]
  -------------------------------------------------------------------    -------------------

                         (clock sys_clk_pin rise edge)
                                                     83.330    83.330 r  
    L17                                               0.000    83.330 r  sys_clock (IN)
                         net (fo=0)                   0.000    83.330    sys_clock
    L17                  IBUF (Prop_ibuf_I_O)         1.406    84.736 r  sys_clock_IBUF_inst/O
                         net (fo=1, routed)           1.868    86.604    sys_clock_IBUF
    BUFGCTRL_X0Y4        BUFG (Prop_bufg_I_O)         0.091    86.695 r  sys_clock_IBUF_BUFG_inst/O
                         net (fo=38, routed)          1.703    88.397    pwm0/sys_clock
    DSP48_X1Y58          DSP48E1                                      r  pwm0/half_duty_new_reg/CLK
                         clock pessimism              0.266    88.663    
                         clock uncertainty           -0.035    88.628    
    DSP48_X1Y58          DSP48E1 (Setup_dsp48e1_CLK_A[1])
                                                     -0.554    88.074    pwm0/half_duty_new_reg
  -------------------------------------------------------------------
                         required time                         88.074    
                         arrival time                          -8.192    
  -------------------------------------------------------------------
                         slack                                 79.882    

Slack (MET) :             80.056ns  (required time - arrival time)
  Source:                 cnt_div_reg[25]/C
                            (rising edge-triggered cell FDCE clocked by sys_clk_pin  {rise@0.000ns fall@41.660ns period=83.330ns})
  Destination:            pwm0/half_duty_new_reg/A[2]
                            (rising edge-triggered cell DSP48E1 clocked by sys_clk_pin  {rise@0.000ns fall@41.660ns period=83.330ns})
  Path Group:             sys_clk_pin
  Path Type:              Setup (Max at Slow Process Corner)
  Requirement:            83.330ns  (sys_clk_pin rise@83.330ns - sys_clk_pin rise@0.000ns)
  Data Path Delay:        2.735ns  (logic 0.929ns (33.961%)  route 1.806ns (66.039%))
  Logic Levels:           3  (LUT6=1 MUXF7=1 MUXF8=1)
  Clock Path Skew:        0.051ns (DCD - SCD + CPR)
    Destination Clock Delay (DCD):    5.067ns = ( 88.397 - 83.330 ) 
    Source Clock Delay      (SCD):    5.283ns
    Clock Pessimism Removal (CPR):    0.266ns
  Clock Uncertainty:      0.035ns  ((TSJ^2 + TIJ^2)^1/2 + DJ) / 2 + PE
    Total System Jitter     (TSJ):    0.071ns
    Total Input Jitter      (TIJ):    0.000ns
    Discrete Jitter          (DJ):    0.000ns
    Phase Error              (PE):    0.000ns

    Location             Delay type                Incr(ns)  Path(ns)    Netlist Resource(s)
  -------------------------------------------------------------------    -------------------
                         (clock sys_clk_pin rise edge)
                                                      0.000     0.000 r  
    L17                                               0.000     0.000 r  sys_clock (IN)
                         net (fo=0)                   0.000     0.000    sys_clock
    L17                  IBUF (Prop_ibuf_I_O)         1.476     1.476 r  sys_clock_IBUF_inst/O
                         net (fo=1, routed)           1.972     3.448    sys_clock_IBUF
    BUFGCTRL_X0Y4        BUFG (Prop_bufg_I_O)         0.096     3.544 r  sys_clock_IBUF_BUFG_inst/O
                         net (fo=38, routed)          1.739     5.283    sys_clock_IBUF_BUFG
    SLICE_X51Y148        FDCE                                         r  cnt_div_reg[25]/C
  -------------------------------------------------------------------    -------------------
    SLICE_X51Y148        FDCE (Prop_fdce_C_Q)         0.456     5.739 r  cnt_div_reg[25]/Q
                         net (fo=29, routed)          1.262     7.001    sine_rom0/sel[7]
    SLICE_X53Y146        LUT6 (Prop_lut6_I5_O)        0.124     7.125 r  sine_rom0/half_duty_new_reg_i_38/O
                         net (fo=1, routed)           0.000     7.125    sine_rom0/half_duty_new_reg_i_38_n_0
    SLICE_X53Y146        MUXF7 (Prop_muxf7_I1_O)      0.245     7.370 r  sine_rom0/half_duty_new_reg_i_20/O
                         net (fo=1, routed)           0.000     7.370    sine_rom0/half_duty_new_reg_i_20_n_0
    SLICE_X53Y146        MUXF8 (Prop_muxf8_I0_O)      0.104     7.474 r  sine_rom0/half_duty_new_reg_i_8/O
                         net (fo=1, routed)           0.544     8.018    pwm0/A[2]
    DSP48_X1Y58          DSP48E1                                      r  pwm0/half_duty_new_reg/A[2]
  -------------------------------------------------------------------    -------------------

                         (clock sys_clk_pin rise edge)
                                                     83.330    83.330 r  
    L17                                               0.000    83.330 r  sys_clock (IN)
                         net (fo=0)                   0.000    83.330    sys_clock
    L17                  IBUF (Prop_ibuf_I_O)         1.406    84.736 r  sys_clock_IBUF_inst/O
                         net (fo=1, routed)           1.868    86.604    sys_clock_IBUF
    BUFGCTRL_X0Y4        BUFG (Prop_bufg_I_O)         0.091    86.695 r  sys_clock_IBUF_BUFG_inst/O
                         net (fo=38, routed)          1.703    88.397    pwm0/sys_clock
    DSP48_X1Y58          DSP48E1                                      r  pwm0/half_duty_new_reg/CLK
                         clock pessimism              0.266    88.663    
                         clock uncertainty           -0.035    88.628    
    DSP48_X1Y58          DSP48E1 (Setup_dsp48e1_CLK_A[2])
                                                     -0.554    88.074    pwm0/half_duty_new_reg
  -------------------------------------------------------------------
                         required time                         88.074    
                         arrival time                          -8.018    
  -------------------------------------------------------------------
                         slack                                 80.056    

Slack (MET) :             80.070ns  (required time - arrival time)
  Source:                 cnt_div_reg[25]/C
                            (rising edge-triggered cell FDCE clocked by sys_clk_pin  {rise@0.000ns fall@41.660ns period=83.330ns})
  Destination:            pwm0/half_duty_new_reg/A[3]
                            (rising edge-triggered cell DSP48E1 clocked by sys_clk_pin  {rise@0.000ns fall@41.660ns period=83.330ns})
  Path Group:             sys_clk_pin
  Path Type:              Setup (Max at Slow Process Corner)
  Requirement:            83.330ns  (sys_clk_pin rise@83.330ns - sys_clk_pin rise@0.000ns)
  Data Path Delay:        2.719ns  (logic 0.882ns (32.443%)  route 1.837ns (67.557%))
  Logic Levels:           3  (LUT6=1 MUXF7=1 MUXF8=1)
  Clock Path Skew:        0.051ns (DCD - SCD + CPR)
    Destination Clock Delay (DCD):    5.067ns = ( 88.397 - 83.330 ) 
    Source Clock Delay      (SCD):    5.283ns
    Clock Pessimism Removal (CPR):    0.266ns
  Clock Uncertainty:      0.035ns  ((TSJ^2 + TIJ^2)^1/2 + DJ) / 2 + PE
    Total System Jitter     (TSJ):    0.071ns
    Total Input Jitter      (TIJ):    0.000ns
    Discrete Jitter          (DJ):    0.000ns
    Phase Error              (PE):    0.000ns

    Location             Delay type                Incr(ns)  Path(ns)    Netlist Resource(s)
  -------------------------------------------------------------------    -------------------
                         (clock sys_clk_pin rise edge)
                                                      0.000     0.000 r  
    L17                                               0.000     0.000 r  sys_clock (IN)
                         net (fo=0)                   0.000     0.000    sys_clock
    L17                  IBUF (Prop_ibuf_I_O)         1.476     1.476 r  sys_clock_IBUF_inst/O
                         net (fo=1, routed)           1.972     3.448    sys_clock_IBUF
    BUFGCTRL_X0Y4        BUFG (Prop_bufg_I_O)         0.096     3.544 r  sys_clock_IBUF_BUFG_inst/O
                         net (fo=38, routed)          1.739     5.283    sys_clock_IBUF_BUFG
    SLICE_X51Y148        FDCE                                         r  cnt_div_reg[25]/C
  -------------------------------------------------------------------    -------------------
    SLICE_X51Y148        FDCE (Prop_fdce_C_Q)         0.456     5.739 r  cnt_div_reg[25]/Q
                         net (fo=29, routed)          1.289     7.028    sine_rom0/sel[7]
    SLICE_X52Y145        LUT6 (Prop_lut6_I5_O)        0.124     7.152 r  sine_rom0/half_duty_new_reg_i_36/O
                         net (fo=1, routed)           0.000     7.152    sine_rom0/half_duty_new_reg_i_36_n_0
    SLICE_X52Y145        MUXF7 (Prop_muxf7_I1_O)      0.214     7.366 r  sine_rom0/half_duty_new_reg_i_19/O
                         net (fo=1, routed)           0.000     7.366    sine_rom0/half_duty_new_reg_i_19_n_0
    SLICE_X52Y145        MUXF8 (Prop_muxf8_I1_O)      0.088     7.454 r  sine_rom0/half_duty_new_reg_i_7/O
                         net (fo=1, routed)           0.547     8.002    pwm0/A[3]
    DSP48_X1Y58          DSP48E1                                      r  pwm0/half_duty_new_reg/A[3]
  -------------------------------------------------------------------    -------------------

                         (clock sys_clk_pin rise edge)
                                                     83.330    83.330 r  
    L17                                               0.000    83.330 r  sys_clock (IN)
                         net (fo=0)                   0.000    83.330    sys_clock
    L17                  IBUF (Prop_ibuf_I_O)         1.406    84.736 r  sys_clock_IBUF_inst/O
                         net (fo=1, routed)           1.868    86.604    sys_clock_IBUF
    BUFGCTRL_X0Y4        BUFG (Prop_bufg_I_O)         0.091    86.695 r  sys_clock_IBUF_BUFG_inst/O
                         net (fo=38, routed)          1.703    88.397    pwm0/sys_clock
    DSP48_X1Y58          DSP48E1                                      r  pwm0/half_duty_new_reg/CLK
                         clock pessimism              0.266    88.663    
                         clock uncertainty           -0.035    88.628    
    DSP48_X1Y58          DSP48E1 (Setup_dsp48e1_CLK_A[3])
                                                     -0.557    88.071    pwm0/half_duty_new_reg
  -------------------------------------------------------------------
                         required time                         88.071    
                         arrival time                          -8.002    
  -------------------------------------------------------------------
                         slack                                 80.070    

Slack (MET) :             80.085ns  (required time - arrival time)
  Source:                 cnt_div_reg[19]/C
                            (rising edge-triggered cell FDCE clocked by sys_clk_pin  {rise@0.000ns fall@41.660ns period=83.330ns})
  Destination:            pwm0/half_duty_new_reg/A[4]
                            (rising edge-triggered cell DSP48E1 clocked by sys_clk_pin  {rise@0.000ns fall@41.660ns period=83.330ns})
  Path Group:             sys_clk_pin
  Path Type:              Setup (Max at Slow Process Corner)
  Requirement:            83.330ns  (sys_clk_pin rise@83.330ns - sys_clk_pin rise@0.000ns)
  Data Path Delay:        2.704ns  (logic 0.925ns (34.203%)  route 1.779ns (65.797%))
  Logic Levels:           3  (LUT6=1 MUXF7=1 MUXF8=1)
  Clock Path Skew:        0.052ns (DCD - SCD + CPR)
    Destination Clock Delay (DCD):    5.067ns = ( 88.397 - 83.330 ) 
    Source Clock Delay      (SCD):    5.282ns
    Clock Pessimism Removal (CPR):    0.266ns
  Clock Uncertainty:      0.035ns  ((TSJ^2 + TIJ^2)^1/2 + DJ) / 2 + PE
    Total System Jitter     (TSJ):    0.071ns
    Total Input Jitter      (TIJ):    0.000ns
    Discrete Jitter          (DJ):    0.000ns
    Phase Error              (PE):    0.000ns

    Location             Delay type                Incr(ns)  Path(ns)    Netlist Resource(s)
  -------------------------------------------------------------------    -------------------
                         (clock sys_clk_pin rise edge)
                                                      0.000     0.000 r  
    L17                                               0.000     0.000 r  sys_clock (IN)
                         net (fo=0)                   0.000     0.000    sys_clock
    L17                  IBUF (Prop_ibuf_I_O)         1.476     1.476 r  sys_clock_IBUF_inst/O
                         net (fo=1, routed)           1.972     3.448    sys_clock_IBUF
    BUFGCTRL_X0Y4        BUFG (Prop_bufg_I_O)         0.096     3.544 r  sys_clock_IBUF_BUFG_inst/O
                         net (fo=38, routed)          1.738     5.282    sys_clock_IBUF_BUFG
    SLICE_X51Y146        FDCE                                         r  cnt_div_reg[19]/C
  -------------------------------------------------------------------    -------------------
    SLICE_X51Y146        FDCE (Prop_fdce_C_Q)         0.456     5.738 r  cnt_div_reg[19]/Q
                         net (fo=25, routed)          1.218     6.955    sine_rom0/sel[1]
    SLICE_X52Y146        LUT6 (Prop_lut6_I3_O)        0.124     7.079 r  sine_rom0/half_duty_new_reg_i_30/O
                         net (fo=1, routed)           0.000     7.079    sine_rom0/half_duty_new_reg_i_30_n_0
    SLICE_X52Y146        MUXF7 (Prop_muxf7_I1_O)      0.247     7.326 r  sine_rom0/half_duty_new_reg_i_16/O
                         net (fo=1, routed)           0.000     7.326    sine_rom0/half_duty_new_reg_i_16_n_0
    SLICE_X52Y146        MUXF8 (Prop_muxf8_I0_O)      0.098     7.424 r  sine_rom0/half_duty_new_reg_i_6/O
                         net (fo=1, routed)           0.562     7.986    pwm0/A[4]
    DSP48_X1Y58          DSP48E1                                      r  pwm0/half_duty_new_reg/A[4]
  -------------------------------------------------------------------    -------------------

                         (clock sys_clk_pin rise edge)
                                                     83.330    83.330 r  
    L17                                               0.000    83.330 r  sys_clock (IN)
                         net (fo=0)                   0.000    83.330    sys_clock
    L17                  IBUF (Prop_ibuf_I_O)         1.406    84.736 r  sys_clock_IBUF_inst/O
                         net (fo=1, routed)           1.868    86.604    sys_clock_IBUF
    BUFGCTRL_X0Y4        BUFG (Prop_bufg_I_O)         0.091    86.695 r  sys_clock_IBUF_BUFG_inst/O
                         net (fo=38, routed)          1.703    88.397    pwm0/sys_clock
    DSP48_X1Y58          DSP48E1                                      r  pwm0/half_duty_new_reg/CLK
                         clock pessimism              0.266    88.663    
                         clock uncertainty           -0.035    88.628    
    DSP48_X1Y58          DSP48E1 (Setup_dsp48e1_CLK_A[4])
                                                     -0.557    88.071    pwm0/half_duty_new_reg
  -------------------------------------------------------------------
                         required time                         88.071    
                         arrival time                          -7.986    
  -------------------------------------------------------------------
                         slack                                 80.085    

Slack (MET) :             80.124ns  (required time - arrival time)
  Source:                 pwm0/count_reg[0][2]/C
                            (rising edge-triggered cell FDCE clocked by sys_clk_pin  {rise@0.000ns fall@41.660ns period=83.330ns})
  Destination:            pwm0/count_reg[0][2]/D
                            (rising edge-triggered cell FDCE clocked by sys_clk_pin  {rise@0.000ns fall@41.660ns period=83.330ns})
  Path Group:             sys_clk_pin
  Path Type:              Setup (Max at Slow Process Corner)
  Requirement:            83.330ns  (sys_clk_pin rise@83.330ns - sys_clk_pin rise@0.000ns)
  Data Path Delay:        3.200ns  (logic 0.828ns (25.876%)  route 2.372ns (74.124%))
  Logic Levels:           3  (LUT4=1 LUT5=2)
  Clock Path Skew:        0.000ns (DCD - SCD + CPR)
    Destination Clock Delay (DCD):    4.974ns = ( 88.304 - 83.330 ) 
    Source Clock Delay      (SCD):    5.280ns
    Clock Pessimism Removal (CPR):    0.306ns
  Clock Uncertainty:      0.035ns  ((TSJ^2 + TIJ^2)^1/2 + DJ) / 2 + PE
    Total System Jitter     (TSJ):    0.071ns
    Total Input Jitter      (TIJ):    0.000ns
    Discrete Jitter          (DJ):    0.000ns
    Phase Error              (PE):    0.000ns

    Location             Delay type                Incr(ns)  Path(ns)    Netlist Resource(s)
  -------------------------------------------------------------------    -------------------
                         (clock sys_clk_pin rise edge)
                                                      0.000     0.000 r  
    L17                                               0.000     0.000 r  sys_clock (IN)
                         net (fo=0)                   0.000     0.000    sys_clock
    L17                  IBUF (Prop_ibuf_I_O)         1.476     1.476 r  sys_clock_IBUF_inst/O
                         net (fo=1, routed)           1.972     3.448    sys_clock_IBUF
    BUFGCTRL_X0Y4        BUFG (Prop_bufg_I_O)         0.096     3.544 r  sys_clock_IBUF_BUFG_inst/O
                         net (fo=38, routed)          1.736     5.280    pwm0/sys_clock
    SLICE_X45Y146        FDCE                                         r  pwm0/count_reg[0][2]/C
  -------------------------------------------------------------------    -------------------
    SLICE_X45Y146        FDCE (Prop_fdce_C_Q)         0.456     5.736 r  pwm0/count_reg[0][2]/Q
                         net (fo=9, routed)           1.061     6.797    pwm0/count_reg[0][2]
    SLICE_X44Y147        LUT5 (Prop_lut5_I0_O)        0.124     6.921 r  pwm0/count[0][8]_i_4/O
                         net (fo=1, routed)           0.159     7.080    pwm0/count[0][8]_i_4_n_0
    SLICE_X44Y147        LUT5 (Prop_lut5_I0_O)        0.124     7.204 r  pwm0/count[0][8]_i_3/O
                         net (fo=9, routed)           1.152     8.356    pwm0/count[0][8]_i_3_n_0
    SLICE_X45Y146        LUT4 (Prop_lut4_I0_O)        0.124     8.480 r  pwm0/count[0][2]_i_1/O
                         net (fo=1, routed)           0.000     8.480    pwm0/count[0]_0[2]
    SLICE_X45Y146        FDCE                                         r  pwm0/count_reg[0][2]/D
  -------------------------------------------------------------------    -------------------

                         (clock sys_clk_pin rise edge)
                                                     83.330    83.330 r  
    L17                                               0.000    83.330 r  sys_clock (IN)
                         net (fo=0)                   0.000    83.330    sys_clock
    L17                  IBUF (Prop_ibuf_I_O)         1.406    84.736 r  sys_clock_IBUF_inst/O
                         net (fo=1, routed)           1.868    86.604    sys_clock_IBUF
    BUFGCTRL_X0Y4        BUFG (Prop_bufg_I_O)         0.091    86.695 r  sys_clock_IBUF_BUFG_inst/O
                         net (fo=38, routed)          1.609    88.304    pwm0/sys_clock
    SLICE_X45Y146        FDCE                                         r  pwm0/count_reg[0][2]/C
                         clock pessimism              0.306    88.610    
                         clock uncertainty           -0.035    88.575    
    SLICE_X45Y146        FDCE (Setup_fdce_C_D)        0.029    88.604    pwm0/count_reg[0][2]
  -------------------------------------------------------------------
                         required time                         88.604    
                         arrival time                          -8.480    
  -------------------------------------------------------------------
                         slack                                 80.124    





Min Delay Paths
--------------------------------------------------------------------------------------
Slack (MET) :             0.252ns  (arrival time - required time)
  Source:                 cnt_div_reg[11]/C
                            (rising edge-triggered cell FDCE clocked by sys_clk_pin  {rise@0.000ns fall@41.660ns period=83.330ns})
  Destination:            cnt_div_reg[11]/D
                            (rising edge-triggered cell FDCE clocked by sys_clk_pin  {rise@0.000ns fall@41.660ns period=83.330ns})
  Path Group:             sys_clk_pin
  Path Type:              Hold (Min at Fast Process Corner)
  Requirement:            0.000ns  (sys_clk_pin rise@0.000ns - sys_clk_pin rise@0.000ns)
  Data Path Delay:        0.357ns  (logic 0.249ns (69.714%)  route 0.108ns (30.286%))
  Logic Levels:           1  (CARRY4=1)
  Clock Path Skew:        0.000ns (DCD - SCD - CPR)
    Destination Clock Delay (DCD):    2.069ns
    Source Clock Delay      (SCD):    1.549ns
    Clock Pessimism Removal (CPR):    0.519ns

    Location             Delay type                Incr(ns)  Path(ns)    Netlist Resource(s)
  -------------------------------------------------------------------    -------------------
                         (clock sys_clk_pin rise edge)
                                                      0.000     0.000 r  
    L17                                               0.000     0.000 r  sys_clock (IN)
                         net (fo=0)                   0.000     0.000    sys_clock
    L17                  IBUF (Prop_ibuf_I_O)         0.244     0.244 r  sys_clock_IBUF_inst/O
                         net (fo=1, routed)           0.634     0.878    sys_clock_IBUF
    BUFGCTRL_X0Y4        BUFG (Prop_bufg_I_O)         0.026     0.904 r  sys_clock_IBUF_BUFG_inst/O
                         net (fo=38, routed)          0.645     1.549    sys_clock_IBUF_BUFG
    SLICE_X51Y144        FDCE                                         r  cnt_div_reg[11]/C
  -------------------------------------------------------------------    -------------------
    SLICE_X51Y144        FDCE (Prop_fdce_C_Q)         0.141     1.690 r  cnt_div_reg[11]/Q
                         net (fo=1, routed)           0.108     1.798    cnt_div_reg_n_0_[11]
    SLICE_X51Y144        CARRY4 (Prop_carry4_S[3]_O[3])
                                                      0.108     1.906 r  cnt_div_reg[8]_i_1/O[3]
                         net (fo=1, routed)           0.000     1.906    cnt_div_reg[8]_i_1_n_4
    SLICE_X51Y144        FDCE                                         r  cnt_div_reg[11]/D
  -------------------------------------------------------------------    -------------------

                         (clock sys_clk_pin rise edge)
                                                      0.000     0.000 r  
    L17                                               0.000     0.000 r  sys_clock (IN)
                         net (fo=0)                   0.000     0.000    sys_clock
    L17                  IBUF (Prop_ibuf_I_O)         0.432     0.432 r  sys_clock_IBUF_inst/O
                         net (fo=1, routed)           0.689     1.120    sys_clock_IBUF
    BUFGCTRL_X0Y4        BUFG (Prop_bufg_I_O)         0.029     1.149 r  sys_clock_IBUF_BUFG_inst/O
                         net (fo=38, routed)          0.919     2.069    sys_clock_IBUF_BUFG
    SLICE_X51Y144        FDCE                                         r  cnt_div_reg[11]/C
                         clock pessimism             -0.519     1.549    
    SLICE_X51Y144        FDCE (Hold_fdce_C_D)         0.105     1.654    cnt_div_reg[11]
  -------------------------------------------------------------------
                         required time                         -1.654    
                         arrival time                           1.906    
  -------------------------------------------------------------------
                         slack                                  0.252    

Slack (MET) :             0.252ns  (arrival time - required time)
  Source:                 cnt_div_reg[15]/C
                            (rising edge-triggered cell FDCE clocked by sys_clk_pin  {rise@0.000ns fall@41.660ns period=83.330ns})
  Destination:            cnt_div_reg[15]/D
                            (rising edge-triggered cell FDCE clocked by sys_clk_pin  {rise@0.000ns fall@41.660ns period=83.330ns})
  Path Group:             sys_clk_pin
  Path Type:              Hold (Min at Fast Process Corner)
  Requirement:            0.000ns  (sys_clk_pin rise@0.000ns - sys_clk_pin rise@0.000ns)
  Data Path Delay:        0.357ns  (logic 0.249ns (69.714%)  route 0.108ns (30.286%))
  Logic Levels:           1  (CARRY4=1)
  Clock Path Skew:        0.000ns (DCD - SCD - CPR)
    Destination Clock Delay (DCD):    2.069ns
    Source Clock Delay      (SCD):    1.549ns
    Clock Pessimism Removal (CPR):    0.519ns

    Location             Delay type                Incr(ns)  Path(ns)    Netlist Resource(s)
  -------------------------------------------------------------------    -------------------
                         (clock sys_clk_pin rise edge)
                                                      0.000     0.000 r  
    L17                                               0.000     0.000 r  sys_clock (IN)
                         net (fo=0)                   0.000     0.000    sys_clock
    L17                  IBUF (Prop_ibuf_I_O)         0.244     0.244 r  sys_clock_IBUF_inst/O
                         net (fo=1, routed)           0.634     0.878    sys_clock_IBUF
    BUFGCTRL_X0Y4        BUFG (Prop_bufg_I_O)         0.026     0.904 r  sys_clock_IBUF_BUFG_inst/O
                         net (fo=38, routed)          0.645     1.549    sys_clock_IBUF_BUFG
    SLICE_X51Y145        FDCE                                         r  cnt_div_reg[15]/C
  -------------------------------------------------------------------    -------------------
    SLICE_X51Y145        FDCE (Prop_fdce_C_Q)         0.141     1.690 r  cnt_div_reg[15]/Q
                         net (fo=1, routed)           0.108     1.798    cnt_div_reg_n_0_[15]
    SLICE_X51Y145        CARRY4 (Prop_carry4_S[3]_O[3])
                                                      0.108     1.906 r  cnt_div_reg[12]_i_1/O[3]
                         net (fo=1, routed)           0.000     1.906    cnt_div_reg[12]_i_1_n_4
    SLICE_X51Y145        FDCE                                         r  cnt_div_reg[15]/D
  -------------------------------------------------------------------    -------------------

                         (clock sys_clk_pin rise edge)
                                                      0.000     0.000 r  
    L17                                               0.000     0.000 r  sys_clock (IN)
                         net (fo=0)                   0.000     0.000    sys_clock
    L17                  IBUF (Prop_ibuf_I_O)         0.432     0.432 r  sys_clock_IBUF_inst/O
                         net (fo=1, routed)           0.689     1.120    sys_clock_IBUF
    BUFGCTRL_X0Y4        BUFG (Prop_bufg_I_O)         0.029     1.149 r  sys_clock_IBUF_BUFG_inst/O
                         net (fo=38, routed)          0.919     2.069    sys_clock_IBUF_BUFG
    SLICE_X51Y145        FDCE                                         r  cnt_div_reg[15]/C
                         clock pessimism             -0.519     1.549    
    SLICE_X51Y145        FDCE (Hold_fdce_C_D)         0.105     1.654    cnt_div_reg[15]
  -------------------------------------------------------------------
                         required time                         -1.654    
                         arrival time                           1.906    
  -------------------------------------------------------------------
                         slack                                  0.252    

Slack (MET) :             0.252ns  (arrival time - required time)
  Source:                 cnt_div_reg[3]/C
                            (rising edge-triggered cell FDCE clocked by sys_clk_pin  {rise@0.000ns fall@41.660ns period=83.330ns})
  Destination:            cnt_div_reg[3]/D
                            (rising edge-triggered cell FDCE clocked by sys_clk_pin  {rise@0.000ns fall@41.660ns period=83.330ns})
  Path Group:             sys_clk_pin
  Path Type:              Hold (Min at Fast Process Corner)
  Requirement:            0.000ns  (sys_clk_pin rise@0.000ns - sys_clk_pin rise@0.000ns)
  Data Path Delay:        0.357ns  (logic 0.249ns (69.714%)  route 0.108ns (30.286%))
  Logic Levels:           1  (CARRY4=1)
  Clock Path Skew:        0.000ns (DCD - SCD - CPR)
    Destination Clock Delay (DCD):    2.068ns
    Source Clock Delay      (SCD):    1.548ns
    Clock Pessimism Removal (CPR):    0.519ns

    Location             Delay type                Incr(ns)  Path(ns)    Netlist Resource(s)
  -------------------------------------------------------------------    -------------------
                         (clock sys_clk_pin rise edge)
                                                      0.000     0.000 r  
    L17                                               0.000     0.000 r  sys_clock (IN)
                         net (fo=0)                   0.000     0.000    sys_clock
    L17                  IBUF (Prop_ibuf_I_O)         0.244     0.244 r  sys_clock_IBUF_inst/O
                         net (fo=1, routed)           0.634     0.878    sys_clock_IBUF
    BUFGCTRL_X0Y4        BUFG (Prop_bufg_I_O)         0.026     0.904 r  sys_clock_IBUF_BUFG_inst/O
                         net (fo=38, routed)          0.644     1.548    sys_clock_IBUF_BUFG
    SLICE_X51Y142        FDCE                                         r  cnt_div_reg[3]/C
  -------------------------------------------------------------------    -------------------
    SLICE_X51Y142        FDCE (Prop_fdce_C_Q)         0.141     1.689 r  cnt_div_reg[3]/Q
                         net (fo=1, routed)           0.108     1.797    cnt_div_reg_n_0_[3]
    SLICE_X51Y142        CARRY4 (Prop_carry4_S[3]_O[3])
                                                      0.108     1.905 r  cnt_div_reg[0]_i_1/O[3]
                         net (fo=1, routed)           0.000     1.905    cnt_div_reg[0]_i_1_n_4
    SLICE_X51Y142        FDCE                                         r  cnt_div_reg[3]/D
  -------------------------------------------------------------------    -------------------

                         (clock sys_clk_pin rise edge)
                                                      0.000     0.000 r  
    L17                                               0.000     0.000 r  sys_clock (IN)
                         net (fo=0)                   0.000     0.000    sys_clock
    L17                  IBUF (Prop_ibuf_I_O)         0.432     0.432 r  sys_clock_IBUF_inst/O
                         net (fo=1, routed)           0.689     1.120    sys_clock_IBUF
    BUFGCTRL_X0Y4        BUFG (Prop_bufg_I_O)         0.029     1.149 r  sys_clock_IBUF_BUFG_inst/O
                         net (fo=38, routed)          0.918     2.068    sys_clock_IBUF_BUFG
    SLICE_X51Y142        FDCE                                         r  cnt_div_reg[3]/C
                         clock pessimism             -0.519     1.548    
    SLICE_X51Y142        FDCE (Hold_fdce_C_D)         0.105     1.653    cnt_div_reg[3]
  -------------------------------------------------------------------
                         required time                         -1.653    
                         arrival time                           1.905    
  -------------------------------------------------------------------
                         slack                                  0.252    

Slack (MET) :             0.252ns  (arrival time - required time)
  Source:                 cnt_div_reg[7]/C
                            (rising edge-triggered cell FDCE clocked by sys_clk_pin  {rise@0.000ns fall@41.660ns period=83.330ns})
  Destination:            cnt_div_reg[7]/D
                            (rising edge-triggered cell FDCE clocked by sys_clk_pin  {rise@0.000ns fall@41.660ns period=83.330ns})
  Path Group:             sys_clk_pin
  Path Type:              Hold (Min at Fast Process Corner)
  Requirement:            0.000ns  (sys_clk_pin rise@0.000ns - sys_clk_pin rise@0.000ns)
  Data Path Delay:        0.357ns  (logic 0.249ns (69.714%)  route 0.108ns (30.286%))
  Logic Levels:           1  (CARRY4=1)
  Clock Path Skew:        0.000ns (DCD - SCD - CPR)
    Destination Clock Delay (DCD):    2.069ns
    Source Clock Delay      (SCD):    1.549ns
    Clock Pessimism Removal (CPR):    0.519ns

    Location             Delay type                Incr(ns)  Path(ns)    Netlist Resource(s)
  -------------------------------------------------------------------    -------------------
                         (clock sys_clk_pin rise edge)
                                                      0.000     0.000 r  
    L17                                               0.000     0.000 r  sys_clock (IN)
                         net (fo=0)                   0.000     0.000    sys_clock
    L17                  IBUF (Prop_ibuf_I_O)         0.244     0.244 r  sys_clock_IBUF_inst/O
                         net (fo=1, routed)           0.634     0.878    sys_clock_IBUF
    BUFGCTRL_X0Y4        BUFG (Prop_bufg_I_O)         0.026     0.904 r  sys_clock_IBUF_BUFG_inst/O
                         net (fo=38, routed)          0.645     1.549    sys_clock_IBUF_BUFG
    SLICE_X51Y143        FDCE                                         r  cnt_div_reg[7]/C
  -------------------------------------------------------------------    -------------------
    SLICE_X51Y143        FDCE (Prop_fdce_C_Q)         0.141     1.690 r  cnt_div_reg[7]/Q
                         net (fo=1, routed)           0.108     1.798    cnt_div_reg_n_0_[7]
    SLICE_X51Y143        CARRY4 (Prop_carry4_S[3]_O[3])
                                                      0.108     1.906 r  cnt_div_reg[4]_i_1/O[3]
                         net (fo=1, routed)           0.000     1.906    cnt_div_reg[4]_i_1_n_4
    SLICE_X51Y143        FDCE                                         r  cnt_div_reg[7]/D
  -------------------------------------------------------------------    -------------------

                         (clock sys_clk_pin rise edge)
                                                      0.000     0.000 r  
    L17                                               0.000     0.000 r  sys_clock (IN)
                         net (fo=0)                   0.000     0.000    sys_clock
    L17                  IBUF (Prop_ibuf_I_O)         0.432     0.432 r  sys_clock_IBUF_inst/O
                         net (fo=1, routed)           0.689     1.120    sys_clock_IBUF
    BUFGCTRL_X0Y4        BUFG (Prop_bufg_I_O)         0.029     1.149 r  sys_clock_IBUF_BUFG_inst/O
                         net (fo=38, routed)          0.919     2.069    sys_clock_IBUF_BUFG
    SLICE_X51Y143        FDCE                                         r  cnt_div_reg[7]/C
                         clock pessimism             -0.519     1.549    
    SLICE_X51Y143        FDCE (Hold_fdce_C_D)         0.105     1.654    cnt_div_reg[7]
  -------------------------------------------------------------------
                         required time                         -1.654    
                         arrival time                           1.906    
  -------------------------------------------------------------------
                         slack                                  0.252    

Slack (MET) :             0.256ns  (arrival time - required time)
  Source:                 cnt_div_reg[12]/C
                            (rising edge-triggered cell FDCE clocked by sys_clk_pin  {rise@0.000ns fall@41.660ns period=83.330ns})
  Destination:            cnt_div_reg[12]/D
                            (rising edge-triggered cell FDCE clocked by sys_clk_pin  {rise@0.000ns fall@41.660ns period=83.330ns})
  Path Group:             sys_clk_pin
  Path Type:              Hold (Min at Fast Process Corner)
  Requirement:            0.000ns  (sys_clk_pin rise@0.000ns - sys_clk_pin rise@0.000ns)
  Data Path Delay:        0.361ns  (logic 0.256ns (70.880%)  route 0.105ns (29.120%))
  Logic Levels:           1  (CARRY4=1)
  Clock Path Skew:        0.000ns (DCD - SCD - CPR)
    Destination Clock Delay (DCD):    2.069ns
    Source Clock Delay      (SCD):    1.549ns
    Clock Pessimism Removal (CPR):    0.519ns

    Location             Delay type                Incr(ns)  Path(ns)    Netlist Resource(s)
  -------------------------------------------------------------------    -------------------
                         (clock sys_clk_pin rise edge)
                                                      0.000     0.000 r  
    L17                                               0.000     0.000 r  sys_clock (IN)
                         net (fo=0)                   0.000     0.000    sys_clock
    L17                  IBUF (Prop_ibuf_I_O)         0.244     0.244 r  sys_clock_IBUF_inst/O
                         net (fo=1, routed)           0.634     0.878    sys_clock_IBUF
    BUFGCTRL_X0Y4        BUFG (Prop_bufg_I_O)         0.026     0.904 r  sys_clock_IBUF_BUFG_inst/O
                         net (fo=38, routed)          0.645     1.549    sys_clock_IBUF_BUFG
    SLICE_X51Y145        FDCE                                         r  cnt_div_reg[12]/C
  -------------------------------------------------------------------    -------------------
    SLICE_X51Y145        FDCE (Prop_fdce_C_Q)         0.141     1.690 r  cnt_div_reg[12]/Q
                         net (fo=1, routed)           0.105     1.795    cnt_div_reg_n_0_[12]
    SLICE_X51Y145        CARRY4 (Prop_carry4_S[0]_O[0])
                                                      0.115     1.910 r  cnt_div_reg[12]_i_1/O[0]
                         net (fo=1, routed)           0.000     1.910    cnt_div_reg[12]_i_1_n_7
    SLICE_X51Y145        FDCE                                         r  cnt_div_reg[12]/D
  -------------------------------------------------------------------    -------------------

                         (clock sys_clk_pin rise edge)
                                                      0.000     0.000 r  
    L17                                               0.000     0.000 r  sys_clock (IN)
                         net (fo=0)                   0.000     0.000    sys_clock
    L17                  IBUF (Prop_ibuf_I_O)         0.432     0.432 r  sys_clock_IBUF_inst/O
                         net (fo=1, routed)           0.689     1.120    sys_clock_IBUF
    BUFGCTRL_X0Y4        BUFG (Prop_bufg_I_O)         0.029     1.149 r  sys_clock_IBUF_BUFG_inst/O
                         net (fo=38, routed)          0.919     2.069    sys_clock_IBUF_BUFG
    SLICE_X51Y145        FDCE                                         r  cnt_div_reg[12]/C
                         clock pessimism             -0.519     1.549    
    SLICE_X51Y145        FDCE (Hold_fdce_C_D)         0.105     1.654    cnt_div_reg[12]
  -------------------------------------------------------------------
                         required time                         -1.654    
                         arrival time                           1.910    
  -------------------------------------------------------------------
                         slack                                  0.256    

Slack (MET) :             0.256ns  (arrival time - required time)
  Source:                 cnt_div_reg[16]/C
                            (rising edge-triggered cell FDCE clocked by sys_clk_pin  {rise@0.000ns fall@41.660ns period=83.330ns})
  Destination:            cnt_div_reg[16]/D
                            (rising edge-triggered cell FDCE clocked by sys_clk_pin  {rise@0.000ns fall@41.660ns period=83.330ns})
  Path Group:             sys_clk_pin
  Path Type:              Hold (Min at Fast Process Corner)
  Requirement:            0.000ns  (sys_clk_pin rise@0.000ns - sys_clk_pin rise@0.000ns)
  Data Path Delay:        0.361ns  (logic 0.256ns (70.880%)  route 0.105ns (29.120%))
  Logic Levels:           1  (CARRY4=1)
  Clock Path Skew:        0.000ns (DCD - SCD - CPR)
    Destination Clock Delay (DCD):    2.069ns
    Source Clock Delay      (SCD):    1.549ns
    Clock Pessimism Removal (CPR):    0.519ns

    Location             Delay type                Incr(ns)  Path(ns)    Netlist Resource(s)
  -------------------------------------------------------------------    -------------------
                         (clock sys_clk_pin rise edge)
                                                      0.000     0.000 r  
    L17                                               0.000     0.000 r  sys_clock (IN)
                         net (fo=0)                   0.000     0.000    sys_clock
    L17                  IBUF (Prop_ibuf_I_O)         0.244     0.244 r  sys_clock_IBUF_inst/O
                         net (fo=1, routed)           0.634     0.878    sys_clock_IBUF
    BUFGCTRL_X0Y4        BUFG (Prop_bufg_I_O)         0.026     0.904 r  sys_clock_IBUF_BUFG_inst/O
                         net (fo=38, routed)          0.645     1.549    sys_clock_IBUF_BUFG
    SLICE_X51Y146        FDCE                                         r  cnt_div_reg[16]/C
  -------------------------------------------------------------------    -------------------
    SLICE_X51Y146        FDCE (Prop_fdce_C_Q)         0.141     1.690 r  cnt_div_reg[16]/Q
                         net (fo=1, routed)           0.105     1.795    cnt_div_reg_n_0_[16]
    SLICE_X51Y146        CARRY4 (Prop_carry4_S[0]_O[0])
                                                      0.115     1.910 r  cnt_div_reg[16]_i_1/O[0]
                         net (fo=1, routed)           0.000     1.910    cnt_div_reg[16]_i_1_n_7
    SLICE_X51Y146        FDCE                                         r  cnt_div_reg[16]/D
  -------------------------------------------------------------------    -------------------

                         (clock sys_clk_pin rise edge)
                                                      0.000     0.000 r  
    L17                                               0.000     0.000 r  sys_clock (IN)
                         net (fo=0)                   0.000     0.000    sys_clock
    L17                  IBUF (Prop_ibuf_I_O)         0.432     0.432 r  sys_clock_IBUF_inst/O
                         net (fo=1, routed)           0.689     1.120    sys_clock_IBUF
    BUFGCTRL_X0Y4        BUFG (Prop_bufg_I_O)         0.029     1.149 r  sys_clock_IBUF_BUFG_inst/O
                         net (fo=38, routed)          0.919     2.069    sys_clock_IBUF_BUFG
    SLICE_X51Y146        FDCE                                         r  cnt_div_reg[16]/C
                         clock pessimism             -0.519     1.549    
    SLICE_X51Y146        FDCE (Hold_fdce_C_D)         0.105     1.654    cnt_div_reg[16]
  -------------------------------------------------------------------
                         required time                         -1.654    
                         arrival time                           1.910    
  -------------------------------------------------------------------
                         slack                                  0.256    

Slack (MET) :             0.256ns  (arrival time - required time)
  Source:                 cnt_div_reg[4]/C
                            (rising edge-triggered cell FDCE clocked by sys_clk_pin  {rise@0.000ns fall@41.660ns period=83.330ns})
  Destination:            cnt_div_reg[4]/D
                            (rising edge-triggered cell FDCE clocked by sys_clk_pin  {rise@0.000ns fall@41.660ns period=83.330ns})
  Path Group:             sys_clk_pin
  Path Type:              Hold (Min at Fast Process Corner)
  Requirement:            0.000ns  (sys_clk_pin rise@0.000ns - sys_clk_pin rise@0.000ns)
  Data Path Delay:        0.361ns  (logic 0.256ns (70.880%)  route 0.105ns (29.120%))
  Logic Levels:           1  (CARRY4=1)
  Clock Path Skew:        0.000ns (DCD - SCD - CPR)
    Destination Clock Delay (DCD):    2.069ns
    Source Clock Delay      (SCD):    1.549ns
    Clock Pessimism Removal (CPR):    0.519ns

    Location             Delay type                Incr(ns)  Path(ns)    Netlist Resource(s)
  -------------------------------------------------------------------    -------------------
                         (clock sys_clk_pin rise edge)
                                                      0.000     0.000 r  
    L17                                               0.000     0.000 r  sys_clock (IN)
                         net (fo=0)                   0.000     0.000    sys_clock
    L17                  IBUF (Prop_ibuf_I_O)         0.244     0.244 r  sys_clock_IBUF_inst/O
                         net (fo=1, routed)           0.634     0.878    sys_clock_IBUF
    BUFGCTRL_X0Y4        BUFG (Prop_bufg_I_O)         0.026     0.904 r  sys_clock_IBUF_BUFG_inst/O
                         net (fo=38, routed)          0.645     1.549    sys_clock_IBUF_BUFG
    SLICE_X51Y143        FDCE                                         r  cnt_div_reg[4]/C
  -------------------------------------------------------------------    -------------------
    SLICE_X51Y143        FDCE (Prop_fdce_C_Q)         0.141     1.690 r  cnt_div_reg[4]/Q
                         net (fo=1, routed)           0.105     1.795    cnt_div_reg_n_0_[4]
    SLICE_X51Y143        CARRY4 (Prop_carry4_S[0]_O[0])
                                                      0.115     1.910 r  cnt_div_reg[4]_i_1/O[0]
                         net (fo=1, routed)           0.000     1.910    cnt_div_reg[4]_i_1_n_7
    SLICE_X51Y143        FDCE                                         r  cnt_div_reg[4]/D
  -------------------------------------------------------------------    -------------------

                         (clock sys_clk_pin rise edge)
                                                      0.000     0.000 r  
    L17                                               0.000     0.000 r  sys_clock (IN)
                         net (fo=0)                   0.000     0.000    sys_clock
    L17                  IBUF (Prop_ibuf_I_O)         0.432     0.432 r  sys_clock_IBUF_inst/O
                         net (fo=1, routed)           0.689     1.120    sys_clock_IBUF
    BUFGCTRL_X0Y4        BUFG (Prop_bufg_I_O)         0.029     1.149 r  sys_clock_IBUF_BUFG_inst/O
                         net (fo=38, routed)          0.919     2.069    sys_clock_IBUF_BUFG
    SLICE_X51Y143        FDCE                                         r  cnt_div_reg[4]/C
                         clock pessimism             -0.519     1.549    
    SLICE_X51Y143        FDCE (Hold_fdce_C_D)         0.105     1.654    cnt_div_reg[4]
  -------------------------------------------------------------------
                         required time                         -1.654    
                         arrival time                           1.910    
  -------------------------------------------------------------------
                         slack                                  0.256    

Slack (MET) :             0.256ns  (arrival time - required time)
  Source:                 cnt_div_reg[8]/C
                            (rising edge-triggered cell FDCE clocked by sys_clk_pin  {rise@0.000ns fall@41.660ns period=83.330ns})
  Destination:            cnt_div_reg[8]/D
                            (rising edge-triggered cell FDCE clocked by sys_clk_pin  {rise@0.000ns fall@41.660ns period=83.330ns})
  Path Group:             sys_clk_pin
  Path Type:              Hold (Min at Fast Process Corner)
  Requirement:            0.000ns  (sys_clk_pin rise@0.000ns - sys_clk_pin rise@0.000ns)
  Data Path Delay:        0.361ns  (logic 0.256ns (70.880%)  route 0.105ns (29.120%))
  Logic Levels:           1  (CARRY4=1)
  Clock Path Skew:        0.000ns (DCD - SCD - CPR)
    Destination Clock Delay (DCD):    2.069ns
    Source Clock Delay      (SCD):    1.549ns
    Clock Pessimism Removal (CPR):    0.519ns

    Location             Delay type                Incr(ns)  Path(ns)    Netlist Resource(s)
  -------------------------------------------------------------------    -------------------
                         (clock sys_clk_pin rise edge)
                                                      0.000     0.000 r  
    L17                                               0.000     0.000 r  sys_clock (IN)
                         net (fo=0)                   0.000     0.000    sys_clock
    L17                  IBUF (Prop_ibuf_I_O)         0.244     0.244 r  sys_clock_IBUF_inst/O
                         net (fo=1, routed)           0.634     0.878    sys_clock_IBUF
    BUFGCTRL_X0Y4        BUFG (Prop_bufg_I_O)         0.026     0.904 r  sys_clock_IBUF_BUFG_inst/O
                         net (fo=38, routed)          0.645     1.549    sys_clock_IBUF_BUFG
    SLICE_X51Y144        FDCE                                         r  cnt_div_reg[8]/C
  -------------------------------------------------------------------    -------------------
    SLICE_X51Y144        FDCE (Prop_fdce_C_Q)         0.141     1.690 r  cnt_div_reg[8]/Q
                         net (fo=1, routed)           0.105     1.795    cnt_div_reg_n_0_[8]
    SLICE_X51Y144        CARRY4 (Prop_carry4_S[0]_O[0])
                                                      0.115     1.910 r  cnt_div_reg[8]_i_1/O[0]
                         net (fo=1, routed)           0.000     1.910    cnt_div_reg[8]_i_1_n_7
    SLICE_X51Y144        FDCE                                         r  cnt_div_reg[8]/D
  -------------------------------------------------------------------    -------------------

                         (clock sys_clk_pin rise edge)
                                                      0.000     0.000 r  
    L17                                               0.000     0.000 r  sys_clock (IN)
                         net (fo=0)                   0.000     0.000    sys_clock
    L17                  IBUF (Prop_ibuf_I_O)         0.432     0.432 r  sys_clock_IBUF_inst/O
                         net (fo=1, routed)           0.689     1.120    sys_clock_IBUF
    BUFGCTRL_X0Y4        BUFG (Prop_bufg_I_O)         0.029     1.149 r  sys_clock_IBUF_BUFG_inst/O
                         net (fo=38, routed)          0.919     2.069    sys_clock_IBUF_BUFG
    SLICE_X51Y144        FDCE                                         r  cnt_div_reg[8]/C
                         clock pessimism             -0.519     1.549    
    SLICE_X51Y144        FDCE (Hold_fdce_C_D)         0.105     1.654    cnt_div_reg[8]
  -------------------------------------------------------------------
                         required time                         -1.654    
                         arrival time                           1.910    
  -------------------------------------------------------------------
                         slack                                  0.256    

Slack (MET) :             0.256ns  (arrival time - required time)
  Source:                 cnt_div_reg[10]/C
                            (rising edge-triggered cell FDCE clocked by sys_clk_pin  {rise@0.000ns fall@41.660ns period=83.330ns})
  Destination:            cnt_div_reg[10]/D
                            (rising edge-triggered cell FDCE clocked by sys_clk_pin  {rise@0.000ns fall@41.660ns period=83.330ns})
  Path Group:             sys_clk_pin
  Path Type:              Hold (Min at Fast Process Corner)
  Requirement:            0.000ns  (sys_clk_pin rise@0.000ns - sys_clk_pin rise@0.000ns)
  Data Path Delay:        0.361ns  (logic 0.252ns (69.733%)  route 0.109ns (30.267%))
  Logic Levels:           1  (CARRY4=1)
  Clock Path Skew:        0.000ns (DCD - SCD - CPR)
    Destination Clock Delay (DCD):    2.069ns
    Source Clock Delay      (SCD):    1.549ns
    Clock Pessimism Removal (CPR):    0.519ns

    Location             Delay type                Incr(ns)  Path(ns)    Netlist Resource(s)
  -------------------------------------------------------------------    -------------------
                         (clock sys_clk_pin rise edge)
                                                      0.000     0.000 r  
    L17                                               0.000     0.000 r  sys_clock (IN)
                         net (fo=0)                   0.000     0.000    sys_clock
    L17                  IBUF (Prop_ibuf_I_O)         0.244     0.244 r  sys_clock_IBUF_inst/O
                         net (fo=1, routed)           0.634     0.878    sys_clock_IBUF
    BUFGCTRL_X0Y4        BUFG (Prop_bufg_I_O)         0.026     0.904 r  sys_clock_IBUF_BUFG_inst/O
                         net (fo=38, routed)          0.645     1.549    sys_clock_IBUF_BUFG
    SLICE_X51Y144        FDCE                                         r  cnt_div_reg[10]/C
  -------------------------------------------------------------------    -------------------
    SLICE_X51Y144        FDCE (Prop_fdce_C_Q)         0.141     1.690 r  cnt_div_reg[10]/Q
                         net (fo=1, routed)           0.109     1.800    cnt_div_reg_n_0_[10]
    SLICE_X51Y144        CARRY4 (Prop_carry4_S[2]_O[2])
                                                      0.111     1.911 r  cnt_div_reg[8]_i_1/O[2]
                         net (fo=1, routed)           0.000     1.911    cnt_div_reg[8]_i_1_n_5
    SLICE_X51Y144        FDCE                                         r  cnt_div_reg[10]/D
  -------------------------------------------------------------------    -------------------

                         (clock sys_clk_pin rise edge)
                                                      0.000     0.000 r  
    L17                                               0.000     0.000 r  sys_clock (IN)
                         net (fo=0)                   0.000     0.000    sys_clock
    L17                  IBUF (Prop_ibuf_I_O)         0.432     0.432 r  sys_clock_IBUF_inst/O
                         net (fo=1, routed)           0.689     1.120    sys_clock_IBUF
    BUFGCTRL_X0Y4        BUFG (Prop_bufg_I_O)         0.029     1.149 r  sys_clock_IBUF_BUFG_inst/O
                         net (fo=38, routed)          0.919     2.069    sys_clock_IBUF_BUFG
    SLICE_X51Y144        FDCE                                         r  cnt_div_reg[10]/C
                         clock pessimism             -0.519     1.549    
    SLICE_X51Y144        FDCE (Hold_fdce_C_D)         0.105     1.654    cnt_div_reg[10]
  -------------------------------------------------------------------
                         required time                         -1.654    
                         arrival time                           1.911    
  -------------------------------------------------------------------
                         slack                                  0.256    

Slack (MET) :             0.256ns  (arrival time - required time)
  Source:                 cnt_div_reg[14]/C
                            (rising edge-triggered cell FDCE clocked by sys_clk_pin  {rise@0.000ns fall@41.660ns period=83.330ns})
  Destination:            cnt_div_reg[14]/D
                            (rising edge-triggered cell FDCE clocked by sys_clk_pin  {rise@0.000ns fall@41.660ns period=83.330ns})
  Path Group:             sys_clk_pin
  Path Type:              Hold (Min at Fast Process Corner)
  Requirement:            0.000ns  (sys_clk_pin rise@0.000ns - sys_clk_pin rise@0.000ns)
  Data Path Delay:        0.361ns  (logic 0.252ns (69.733%)  route 0.109ns (30.267%))
  Logic Levels:           1  (CARRY4=1)
  Clock Path Skew:        0.000ns (DCD - SCD - CPR)
    Destination Clock Delay (DCD):    2.069ns
    Source Clock Delay      (SCD):    1.549ns
    Clock Pessimism Removal (CPR):    0.519ns

    Location             Delay type                Incr(ns)  Path(ns)    Netlist Resource(s)
  -------------------------------------------------------------------    -------------------
                         (clock sys_clk_pin rise edge)
                                                      0.000     0.000 r  
    L17                                               0.000     0.000 r  sys_clock (IN)
                         net (fo=0)                   0.000     0.000    sys_clock
    L17                  IBUF (Prop_ibuf_I_O)         0.244     0.244 r  sys_clock_IBUF_inst/O
                         net (fo=1, routed)           0.634     0.878    sys_clock_IBUF
    BUFGCTRL_X0Y4        BUFG (Prop_bufg_I_O)         0.026     0.904 r  sys_clock_IBUF_BUFG_inst/O
                         net (fo=38, routed)          0.645     1.549    sys_clock_IBUF_BUFG
    SLICE_X51Y145        FDCE                                         r  cnt_div_reg[14]/C
  -------------------------------------------------------------------    -------------------
    SLICE_X51Y145        FDCE (Prop_fdce_C_Q)         0.141     1.690 r  cnt_div_reg[14]/Q
                         net (fo=1, routed)           0.109     1.800    cnt_div_reg_n_0_[14]
    SLICE_X51Y145        CARRY4 (Prop_carry4_S[2]_O[2])
                                                      0.111     1.911 r  cnt_div_reg[12]_i_1/O[2]
                         net (fo=1, routed)           0.000     1.911    cnt_div_reg[12]_i_1_n_5
    SLICE_X51Y145        FDCE                                         r  cnt_div_reg[14]/D
  -------------------------------------------------------------------    -------------------

                         (clock sys_clk_pin rise edge)
                                                      0.000     0.000 r  
    L17                                               0.000     0.000 r  sys_clock (IN)
                         net (fo=0)                   0.000     0.000    sys_clock
    L17                  IBUF (Prop_ibuf_I_O)         0.432     0.432 r  sys_clock_IBUF_inst/O
                         net (fo=1, routed)           0.689     1.120    sys_clock_IBUF
    BUFGCTRL_X0Y4        BUFG (Prop_bufg_I_O)         0.029     1.149 r  sys_clock_IBUF_BUFG_inst/O
                         net (fo=38, routed)          0.919     2.069    sys_clock_IBUF_BUFG
    SLICE_X51Y145        FDCE                                         r  cnt_div_reg[14]/C
                         clock pessimism             -0.519     1.549    
    SLICE_X51Y145        FDCE (Hold_fdce_C_D)         0.105     1.654    cnt_div_reg[14]
  -------------------------------------------------------------------
                         required time                         -1.654    
                         arrival time                           1.911    
  -------------------------------------------------------------------
                         slack                                  0.256    





Pulse Width Checks
--------------------------------------------------------------------------------------
Clock Name:         sys_clk_pin
Waveform(ns):       { 0.000 41.660 }
Period(ns):         83.330
Sources:            { sys_clock }

Check Type        Corner  Lib Pin      Reference Pin  Required(ns)  Actual(ns)  Slack(ns)  Location       Pin
Min Period        n/a     BUFG/I       n/a            2.155         83.330      81.175     BUFGCTRL_X0Y4  sys_clock_IBUF_BUFG_inst/I
Min Period        n/a     DSP48E1/CLK  n/a            2.154         83.330      81.176     DSP48_X1Y58    pwm0/half_duty_new_reg/CLK
Min Period        n/a     FDCE/C       n/a            1.000         83.330      82.330     SLICE_X51Y142  cnt_div_reg[0]/C
Min Period        n/a     FDCE/C       n/a            1.000         83.330      82.330     SLICE_X51Y144  cnt_div_reg[10]/C
Min Period        n/a     FDCE/C       n/a            1.000         83.330      82.330     SLICE_X51Y144  cnt_div_reg[11]/C
Min Period        n/a     FDCE/C       n/a            1.000         83.330      82.330     SLICE_X51Y145  cnt_div_reg[12]/C
Min Period        n/a     FDCE/C       n/a            1.000         83.330      82.330     SLICE_X51Y145  cnt_div_reg[13]/C
Min Period        n/a     FDCE/C       n/a            1.000         83.330      82.330     SLICE_X51Y145  cnt_div_reg[14]/C
Min Period        n/a     FDCE/C       n/a            1.000         83.330      82.330     SLICE_X51Y145  cnt_div_reg[15]/C
Min Period        n/a     FDCE/C       n/a            1.000         83.330      82.330     SLICE_X51Y146  cnt_div_reg[16]/C
Low Pulse Width   Fast    FDCE/C       n/a            0.500         41.670      41.170     SLICE_X44Y145  pwm0/pwm_out_reg[0]/C
Low Pulse Width   Slow    FDCE/C       n/a            0.500         41.670      41.170     SLICE_X43Y146  pwm0/count_reg[0][1]/C
Low Pulse Width   Fast    FDCE/C       n/a            0.500         41.670      41.170     SLICE_X45Y146  pwm0/count_reg[0][2]/C
Low Pulse Width   Fast    FDCE/C       n/a            0.500         41.670      41.170     SLICE_X45Y146  pwm0/count_reg[0][3]/C
Low Pulse Width   Slow    FDCE/C       n/a            0.500         41.670      41.170     SLICE_X51Y142  cnt_div_reg[0]/C
Low Pulse Width   Fast    FDCE/C       n/a            0.500         41.670      41.170     SLICE_X51Y142  cnt_div_reg[0]/C
Low Pulse Width   Slow    FDCE/C       n/a            0.500         41.670      41.170     SLICE_X51Y144  cnt_div_reg[10]/C
Low Pulse Width   Fast    FDCE/C       n/a            0.500         41.670      41.170     SLICE_X51Y144  cnt_div_reg[10]/C
Low Pulse Width   Slow    FDCE/C       n/a            0.500         41.670      41.170     SLICE_X51Y144  cnt_div_reg[11]/C
Low Pulse Width   Fast    FDCE/C       n/a            0.500         41.670      41.170     SLICE_X51Y144  cnt_div_reg[11]/C
High Pulse Width  Slow    FDCE/C       n/a            0.500         41.660      41.160     SLICE_X43Y147  pwm0/count_reg[0][4]/C
High Pulse Width  Slow    FDCE/C       n/a            0.500         41.660      41.160     SLICE_X43Y147  pwm0/count_reg[0][5]/C
High Pulse Width  Slow    FDCE/C       n/a            0.500         41.660      41.160     SLICE_X51Y142  cnt_div_reg[0]/C
High Pulse Width  Fast    FDCE/C       n/a            0.500         41.660      41.160     SLICE_X51Y142  cnt_div_reg[0]/C
High Pulse Width  Slow    FDCE/C       n/a            0.500         41.660      41.160     SLICE_X51Y144  cnt_div_reg[10]/C
High Pulse Width  Fast    FDCE/C       n/a            0.500         41.660      41.160     SLICE_X51Y144  cnt_div_reg[10]/C
High Pulse Width  Slow    FDCE/C       n/a            0.500         41.660      41.160     SLICE_X51Y144  cnt_div_reg[11]/C
High Pulse Width  Fast    FDCE/C       n/a            0.500         41.660      41.160     SLICE_X51Y144  cnt_div_reg[11]/C
High Pulse Width  Slow    FDCE/C       n/a            0.500         41.660      41.160     SLICE_X51Y145  cnt_div_reg[12]/C
High Pulse Width  Fast    FDCE/C       n/a            0.500         41.660      41.160     SLICE_X51Y145  cnt_div_reg[12]/C



---------------------------------------------------------------------------------------------------
From Clock:  user_35t_i/clk_wiz_0/inst/clk_in1
  To Clock:  user_35t_i/clk_wiz_0/inst/clk_in1

Setup :           NA  Failing Endpoints,  Worst Slack           NA  ,  Total Violation           NA
Hold  :           NA  Failing Endpoints,  Worst Slack           NA  ,  Total Violation           NA
PW    :            0  Failing Endpoints,  Worst Slack       16.667ns,  Total Violation        0.000ns
---------------------------------------------------------------------------------------------------


Pulse Width Checks
--------------------------------------------------------------------------------------
Clock Name:         user_35t_i/clk_wiz_0/inst/clk_in1
Waveform(ns):       { 0.000 41.667 }
Period(ns):         83.333
Sources:            { user_35t_i/clk_wiz_0/inst/clk_in1 }

Check Type        Corner  Lib Pin            Reference Pin  Required(ns)  Actual(ns)  Slack(ns)  Location         Pin
Min Period        n/a     MMCME2_ADV/CLKIN1  n/a            1.249         83.333      82.084     MMCME2_ADV_X1Y0  user_35t_i/clk_wiz_0/inst/mmcm_adv_inst/CLKIN1
Max Period        n/a     MMCME2_ADV/CLKIN1  n/a            100.000       83.333      16.667     MMCME2_ADV_X1Y0  user_35t_i/clk_wiz_0/inst/mmcm_adv_inst/CLKIN1
Low Pulse Width   Slow    MMCME2_ADV/CLKIN1  n/a            10.000        41.666      31.666     MMCME2_ADV_X1Y0  user_35t_i/clk_wiz_0/inst/mmcm_adv_inst/CLKIN1
Low Pulse Width   Fast    MMCME2_ADV/CLKIN1  n/a            10.000        41.667      31.667     MMCME2_ADV_X1Y0  user_35t_i/clk_wiz_0/inst/mmcm_adv_inst/CLKIN1
High Pulse Width  Slow    MMCME2_ADV/CLKIN1  n/a            10.000        41.666      31.666     MMCME2_ADV_X1Y0  user_35t_i/clk_wiz_0/inst/mmcm_adv_inst/CLKIN1
High Pulse Width  Fast    MMCME2_ADV/CLKIN1  n/a            10.000        41.666      31.666     MMCME2_ADV_X1Y0  user_35t_i/clk_wiz_0/inst/mmcm_adv_inst/CLKIN1



---------------------------------------------------------------------------------------------------
From Clock:  clk_out1_user_35t_clk_wiz_0_0
  To Clock:  clk_out1_user_35t_clk_wiz_0_0

Setup :            0  Failing Endpoints,  Worst Slack        0.346ns,  Total Violation        0.000ns
Hold  :            0  Failing Endpoints,  Worst Slack        0.027ns,  Total Violation        0.000ns
PW    :            0  Failing Endpoints,  Worst Slack        3.750ns,  Total Violation        0.000ns
---------------------------------------------------------------------------------------------------


Max Delay Paths
--------------------------------------------------------------------------------------
Slack (MET) :             0.346ns  (required time - arrival time)
  Source:                 user_35t_i/axi_emc_0/U0/AXI_EMC_NATIVE_INTERFACE_I/burstlength_reg_reg[0]/C
                            (rising edge-triggered cell FDRE clocked by clk_out1_user_35t_clk_wiz_0_0  {rise@0.000ns fall@5.000ns period=10.000ns})
  Destination:            user_35t_i/axi_interconnect_0/s02_couplers/auto_us/inst/gen_upsizer.gen_full_upsizer.axi_upsizer_inst/USE_WRITE.gen_non_fifo_w_upsizer.write_data_inst/WORD_LANE[4].USE_ALWAYS_PACKER.BYTE_LANE[2].USE_RTL_DATA.USE_REGISTER.M_AXI_WDATA_I_reg[147]/CE
                            (rising edge-triggered cell FDRE clocked by clk_out1_user_35t_clk_wiz_0_0  {rise@0.000ns fall@5.000ns period=10.000ns})
  Path Group:             clk_out1_user_35t_clk_wiz_0_0
  Path Type:              Setup (Max at Slow Process Corner)
  Requirement:            10.000ns  (clk_out1_user_35t_clk_wiz_0_0 rise@10.000ns - clk_out1_user_35t_clk_wiz_0_0 rise@0.000ns)
  Data Path Delay:        9.095ns  (logic 1.944ns (21.374%)  route 7.151ns (78.626%))
  Logic Levels:           12  (LUT2=2 LUT3=1 LUT4=3 LUT5=1 LUT6=5)
  Clock Path Skew:        -0.111ns (DCD - SCD + CPR)
    Destination Clock Delay (DCD):    1.427ns = ( 11.427 - 10.000 ) 
    Source Clock Delay      (SCD):    1.545ns
    Clock Pessimism Removal (CPR):    0.007ns
  Clock Uncertainty:      0.243ns  ((TSJ^2 + DJ^2)^1/2) / 2 + PE
    Total System Jitter     (TSJ):    0.071ns
    Discrete Jitter          (DJ):    0.480ns
    Phase Error              (PE):    0.000ns

    Location             Delay type                Incr(ns)  Path(ns)    Netlist Resource(s)
  -------------------------------------------------------------------    -------------------
                         (clock clk_out1_user_35t_clk_wiz_0_0 rise edge)
                                                      0.000     0.000 r  
    BUFGCTRL_X0Y4        BUFG                         0.000     0.000 r  sys_clock_IBUF_BUFG_inst/O
                         net (fo=38, routed)          1.575     1.575    user_35t_i/clk_wiz_0/inst/clk_in1
    MMCME2_ADV_X1Y0      MMCME2_ADV (Prop_mmcme2_adv_CLKIN1_CLKOUT0)
                                                     -3.333    -1.757 r  user_35t_i/clk_wiz_0/inst/mmcm_adv_inst/CLKOUT0
                         net (fo=1, routed)           1.661    -0.096    user_35t_i/clk_wiz_0/inst/clk_out1_user_35t_clk_wiz_0_0
    BUFGCTRL_X0Y0        BUFG (Prop_bufg_I_O)         0.096    -0.000 r  user_35t_i/clk_wiz_0/inst/clkout1_buf/O
                         net (fo=25480, routed)       1.545     1.545    user_35t_i/axi_emc_0/U0/AXI_EMC_NATIVE_INTERFACE_I/s_axi_aclk
    SLICE_X9Y80          FDRE                                         r  user_35t_i/axi_emc_0/U0/AXI_EMC_NATIVE_INTERFACE_I/burstlength_reg_reg[0]/C
  -------------------------------------------------------------------    -------------------
    SLICE_X9Y80          FDRE (Prop_fdre_C_Q)         0.456     2.001 r  user_35t_i/axi_emc_0/U0/AXI_EMC_NATIVE_INTERFACE_I/burstlength_reg_reg[0]/Q
                         net (fo=3, routed)           0.950     2.951    user_35t_i/axi_emc_0/U0/AXI_EMC_NATIVE_INTERFACE_I/AXI_EMC_ADDRESS_DECODE_INSTANCE_I/DATAWIDTH_MATCH_GEN.addr_cnt_i[0]_i_9_0[0]
    SLICE_X9Y81          LUT6 (Prop_lut6_I0_O)        0.124     3.075 f  user_35t_i/axi_emc_0/U0/AXI_EMC_NATIVE_INTERFACE_I/AXI_EMC_ADDRESS_DECODE_INSTANCE_I/IP2Bus_RdAck_i_3/O
                         net (fo=2, routed)           0.446     3.521    user_35t_i/axi_emc_0/U0/AXI_EMC_NATIVE_INTERFACE_I/AXI_EMC_ADDRESS_DECODE_INSTANCE_I/IP2Bus_RdAck_i_3_n_0
    SLICE_X10Y81         LUT4 (Prop_lut4_I0_O)        0.124     3.645 f  user_35t_i/axi_emc_0/U0/AXI_EMC_NATIVE_INTERFACE_I/AXI_EMC_ADDRESS_DECODE_INSTANCE_I/IP2Bus_RdAck_i_2/O
                         net (fo=12, routed)          0.611     4.256    user_35t_i/axi_emc_0/U0/EMC_CTRL_I/MEM_STATE_MACHINE_I/addr_sm_ps_IDLE_reg_i_7
    SLICE_X11Y81         LUT6 (Prop_lut6_I2_O)        0.124     4.380 f  user_35t_i/axi_emc_0/U0/EMC_CTRL_I/MEM_STATE_MACHINE_I/s_axi_mem_wready_INST_0_i_6/O
                         net (fo=5, routed)           0.600     4.980    user_35t_i/axi_emc_0/U0/EMC_CTRL_I/ADDR_COUNTER_MUX_I/DATAWIDTH_MATCH_GEN.CYCLE_END_CNTR_I/pend_wrreq_reg_3
    SLICE_X13Y82         LUT6 (Prop_lut6_I5_O)        0.124     5.104 f  user_35t_i/axi_emc_0/U0/EMC_CTRL_I/ADDR_COUNTER_MUX_I/DATAWIDTH_MATCH_GEN.CYCLE_END_CNTR_I/s_axi_mem_wready_INST_0_i_1/O
                         net (fo=13, routed)          0.476     5.580    user_35t_i/axi_emc_0/U0/AXI_EMC_NATIVE_INTERFACE_I/s_axi_mem_bresp_reg_reg[1]_0
    SLICE_X12Y81         LUT5 (Prop_lut5_I0_O)        0.124     5.704 r  user_35t_i/axi_emc_0/U0/AXI_EMC_NATIVE_INTERFACE_I/s_axi_mem_wready_INST_0/O
                         net (fo=3, routed)           0.304     6.008    user_35t_i/axi_interconnect_0/m00_couplers/auto_ds/inst/gen_downsizer.gen_simple_downsizer.axi_downsizer_inst/USE_WRITE.write_addr_inst/cmd_queue/inst/m_axi_wready
    SLICE_X13Y80         LUT6 (Prop_lut6_I1_O)        0.124     6.132 r  user_35t_i/axi_interconnect_0/m00_couplers/auto_ds/inst/gen_downsizer.gen_simple_downsizer.axi_downsizer_inst/USE_WRITE.write_addr_inst/cmd_queue/inst/s_axi_wready_INST_0/O
                         net (fo=2, routed)           0.329     6.461    user_35t_i/axi_interconnect_0/xbar/inst/gen_samd.crossbar_samd/gen_master_slots[0].gen_mi_write.wdata_mux_w/gen_wmux.wmux_aw_fifo/m_axi_wready[0]
    SLICE_X14Y79         LUT2 (Prop_lut2_I1_O)        0.124     6.585 r  user_35t_i/axi_interconnect_0/xbar/inst/gen_samd.crossbar_samd/gen_master_slots[0].gen_mi_write.wdata_mux_w/gen_wmux.wmux_aw_fifo/s_axi_wready[2]_INST_0_i_4/O
                         net (fo=3, routed)           0.316     6.902    user_35t_i/axi_interconnect_0/xbar/inst/gen_samd.crossbar_samd/gen_master_slots[1].gen_mi_write.wdata_mux_w/gen_wmux.wmux_aw_fifo/s_axi_wready[2]
    SLICE_X14Y80         LUT6 (Prop_lut6_I5_O)        0.124     7.026 r  user_35t_i/axi_interconnect_0/xbar/inst/gen_samd.crossbar_samd/gen_master_slots[1].gen_mi_write.wdata_mux_w/gen_wmux.wmux_aw_fifo/s_axi_wready[2]_INST_0_i_1/O
                         net (fo=2, routed)           0.591     7.617    user_35t_i/axi_interconnect_0/xbar/inst/gen_samd.crossbar_samd/gen_slave_slots[2].gen_si_write.wdata_router_w/wrouter_aw_fifo/s_axi_wready[2]
    SLICE_X28Y81         LUT2 (Prop_lut2_I1_O)        0.124     7.741 r  user_35t_i/axi_interconnect_0/xbar/inst/gen_samd.crossbar_samd/gen_slave_slots[2].gen_si_write.wdata_router_w/wrouter_aw_fifo/s_axi_wready[2]_INST_0/O
                         net (fo=69, routed)          0.483     8.224    user_35t_i/axi_interconnect_0/s02_couplers/auto_us/inst/gen_upsizer.gen_full_upsizer.axi_upsizer_inst/USE_WRITE.gen_non_fifo_w_upsizer.write_data_inst/m_axi_wready
    SLICE_X29Y80         LUT4 (Prop_lut4_I1_O)        0.124     8.348 r  user_35t_i/axi_interconnect_0/s02_couplers/auto_us/inst/gen_upsizer.gen_full_upsizer.axi_upsizer_inst/USE_WRITE.gen_non_fifo_w_upsizer.write_data_inst/USE_RTL_LENGTH.first_mi_word_q_i_2/O
                         net (fo=67, routed)          0.677     9.024    user_35t_i/axi_interconnect_0/s02_couplers/auto_us/inst/gen_upsizer.gen_full_upsizer.axi_upsizer_inst/USE_WRITE.write_addr_inst/GEN_CMD_QUEUE.cmd_queue/USE_FF_OUT.USE_RTL_OUTPUT_PIPELINE.M_MESG_Q_reg[0]_0
    SLICE_X30Y80         LUT3 (Prop_lut3_I0_O)        0.124     9.148 r  user_35t_i/axi_interconnect_0/s02_couplers/auto_us/inst/gen_upsizer.gen_full_upsizer.axi_upsizer_inst/USE_WRITE.write_addr_inst/GEN_CMD_QUEUE.cmd_queue/WORD_LANE[4].USE_ALWAYS_PACKER.BYTE_LANE[3].USE_RTL_DATA.USE_REGISTER.M_AXI_WDATA_I[159]_i_3/O
                         net (fo=6, routed)           0.775     9.923    user_35t_i/axi_interconnect_0/s02_couplers/auto_us/inst/gen_upsizer.gen_full_upsizer.axi_upsizer_inst/USE_WRITE.gen_non_fifo_w_upsizer.write_data_inst/WORD_LANE[4].USE_ALWAYS_PACKER.BYTE_LANE[3].USE_RTL_DATA.USE_REGISTER.M_AXI_WDATA_I_reg[152]_1
    SLICE_X37Y82         LUT4 (Prop_lut4_I0_O)        0.124    10.047 r  user_35t_i/axi_interconnect_0/s02_couplers/auto_us/inst/gen_upsizer.gen_full_upsizer.axi_upsizer_inst/USE_WRITE.gen_non_fifo_w_upsizer.write_data_inst/WORD_LANE[4].USE_ALWAYS_PACKER.BYTE_LANE[2].USE_RTL_DATA.USE_REGISTER.M_AXI_WDATA_I[151]_i_1/O
                         net (fo=8, routed)           0.593    10.640    user_35t_i/axi_interconnect_0/s02_couplers/auto_us/inst/gen_upsizer.gen_full_upsizer.axi_upsizer_inst/USE_WRITE.gen_non_fifo_w_upsizer.write_data_inst/WORD_LANE[4].USE_ALWAYS_PACKER.BYTE_LANE[2].USE_RTL_DATA.USE_REGISTER.M_AXI_WDATA_I[151]_i_1_n_0
    SLICE_X37Y82         FDRE                                         r  user_35t_i/axi_interconnect_0/s02_couplers/auto_us/inst/gen_upsizer.gen_full_upsizer.axi_upsizer_inst/USE_WRITE.gen_non_fifo_w_upsizer.write_data_inst/WORD_LANE[4].USE_ALWAYS_PACKER.BYTE_LANE[2].USE_RTL_DATA.USE_REGISTER.M_AXI_WDATA_I_reg[147]/CE
  -------------------------------------------------------------------    -------------------

                         (clock clk_out1_user_35t_clk_wiz_0_0 rise edge)
                                                     10.000    10.000 r  
    BUFGCTRL_X0Y4        BUFG                         0.000    10.000 r  sys_clock_IBUF_BUFG_inst/O
                         net (fo=38, routed)          1.457    11.457    user_35t_i/clk_wiz_0/inst/clk_in1
    MMCME2_ADV_X1Y0      MMCME2_ADV (Prop_mmcme2_adv_CLKIN1_CLKOUT0)
                                                     -3.129     8.328 r  user_35t_i/clk_wiz_0/inst/mmcm_adv_inst/CLKOUT0
                         net (fo=1, routed)           1.581     9.909    user_35t_i/clk_wiz_0/inst/clk_out1_user_35t_clk_wiz_0_0
    BUFGCTRL_X0Y0        BUFG (Prop_bufg_I_O)         0.091    10.000 r  user_35t_i/clk_wiz_0/inst/clkout1_buf/O
                         net (fo=25480, routed)       1.427    11.427    user_35t_i/axi_interconnect_0/s02_couplers/auto_us/inst/gen_upsizer.gen_full_upsizer.axi_upsizer_inst/USE_WRITE.gen_non_fifo_w_upsizer.write_data_inst/USE_RTL_LENGTH.length_counter_q_reg[0]_0
    SLICE_X37Y82         FDRE                                         r  user_35t_i/axi_interconnect_0/s02_couplers/auto_us/inst/gen_upsizer.gen_full_upsizer.axi_upsizer_inst/USE_WRITE.gen_non_fifo_w_upsizer.write_data_inst/WORD_LANE[4].USE_ALWAYS_PACKER.BYTE_LANE[2].USE_RTL_DATA.USE_REGISTER.M_AXI_WDATA_I_reg[147]/C
                         clock pessimism              0.007    11.434    
                         clock uncertainty           -0.243    11.191    
    SLICE_X37Y82         FDRE (Setup_fdre_C_CE)      -0.205    10.986    user_35t_i/axi_interconnect_0/s02_couplers/auto_us/inst/gen_upsizer.gen_full_upsizer.axi_upsizer_inst/USE_WRITE.gen_non_fifo_w_upsizer.write_data_inst/WORD_LANE[4].USE_ALWAYS_PACKER.BYTE_LANE[2].USE_RTL_DATA.USE_REGISTER.M_AXI_WDATA_I_reg[147]
  -------------------------------------------------------------------
                         required time                         10.986    
                         arrival time                         -10.640    
  -------------------------------------------------------------------
                         slack                                  0.346    

Slack (MET) :             0.346ns  (required time - arrival time)
  Source:                 user_35t_i/axi_emc_0/U0/AXI_EMC_NATIVE_INTERFACE_I/burstlength_reg_reg[0]/C
                            (rising edge-triggered cell FDRE clocked by clk_out1_user_35t_clk_wiz_0_0  {rise@0.000ns fall@5.000ns period=10.000ns})
  Destination:            user_35t_i/axi_interconnect_0/s02_couplers/auto_us/inst/gen_upsizer.gen_full_upsizer.axi_upsizer_inst/USE_WRITE.gen_non_fifo_w_upsizer.write_data_inst/WORD_LANE[4].USE_ALWAYS_PACKER.BYTE_LANE[2].USE_RTL_DATA.USE_REGISTER.M_AXI_WDATA_I_reg[150]/CE
                            (rising edge-triggered cell FDRE clocked by clk_out1_user_35t_clk_wiz_0_0  {rise@0.000ns fall@5.000ns period=10.000ns})
  Path Group:             clk_out1_user_35t_clk_wiz_0_0
  Path Type:              Setup (Max at Slow Process Corner)
  Requirement:            10.000ns  (clk_out1_user_35t_clk_wiz_0_0 rise@10.000ns - clk_out1_user_35t_clk_wiz_0_0 rise@0.000ns)
  Data Path Delay:        9.095ns  (logic 1.944ns (21.374%)  route 7.151ns (78.626%))
  Logic Levels:           12  (LUT2=2 LUT3=1 LUT4=3 LUT5=1 LUT6=5)
  Clock Path Skew:        -0.111ns (DCD - SCD + CPR)
    Destination Clock Delay (DCD):    1.427ns = ( 11.427 - 10.000 ) 
    Source Clock Delay      (SCD):    1.545ns
    Clock Pessimism Removal (CPR):    0.007ns
  Clock Uncertainty:      0.243ns  ((TSJ^2 + DJ^2)^1/2) / 2 + PE
    Total System Jitter     (TSJ):    0.071ns
    Discrete Jitter          (DJ):    0.480ns
    Phase Error              (PE):    0.000ns

    Location             Delay type                Incr(ns)  Path(ns)    Netlist Resource(s)
  -------------------------------------------------------------------    -------------------
                         (clock clk_out1_user_35t_clk_wiz_0_0 rise edge)
                                                      0.000     0.000 r  
    BUFGCTRL_X0Y4        BUFG                         0.000     0.000 r  sys_clock_IBUF_BUFG_inst/O
                         net (fo=38, routed)          1.575     1.575    user_35t_i/clk_wiz_0/inst/clk_in1
    MMCME2_ADV_X1Y0      MMCME2_ADV (Prop_mmcme2_adv_CLKIN1_CLKOUT0)
                                                     -3.333    -1.757 r  user_35t_i/clk_wiz_0/inst/mmcm_adv_inst/CLKOUT0
                         net (fo=1, routed)           1.661    -0.096    user_35t_i/clk_wiz_0/inst/clk_out1_user_35t_clk_wiz_0_0
    BUFGCTRL_X0Y0        BUFG (Prop_bufg_I_O)         0.096    -0.000 r  user_35t_i/clk_wiz_0/inst/clkout1_buf/O
                         net (fo=25480, routed)       1.545     1.545    user_35t_i/axi_emc_0/U0/AXI_EMC_NATIVE_INTERFACE_I/s_axi_aclk
    SLICE_X9Y80          FDRE                                         r  user_35t_i/axi_emc_0/U0/AXI_EMC_NATIVE_INTERFACE_I/burstlength_reg_reg[0]/C
  -------------------------------------------------------------------    -------------------
    SLICE_X9Y80          FDRE (Prop_fdre_C_Q)         0.456     2.001 r  user_35t_i/axi_emc_0/U0/AXI_EMC_NATIVE_INTERFACE_I/burstlength_reg_reg[0]/Q
                         net (fo=3, routed)           0.950     2.951    user_35t_i/axi_emc_0/U0/AXI_EMC_NATIVE_INTERFACE_I/AXI_EMC_ADDRESS_DECODE_INSTANCE_I/DATAWIDTH_MATCH_GEN.addr_cnt_i[0]_i_9_0[0]
    SLICE_X9Y81          LUT6 (Prop_lut6_I0_O)        0.124     3.075 f  user_35t_i/axi_emc_0/U0/AXI_EMC_NATIVE_INTERFACE_I/AXI_EMC_ADDRESS_DECODE_INSTANCE_I/IP2Bus_RdAck_i_3/O
                         net (fo=2, routed)           0.446     3.521    user_35t_i/axi_emc_0/U0/AXI_EMC_NATIVE_INTERFACE_I/AXI_EMC_ADDRESS_DECODE_INSTANCE_I/IP2Bus_RdAck_i_3_n_0
    SLICE_X10Y81         LUT4 (Prop_lut4_I0_O)        0.124     3.645 f  user_35t_i/axi_emc_0/U0/AXI_EMC_NATIVE_INTERFACE_I/AXI_EMC_ADDRESS_DECODE_INSTANCE_I/IP2Bus_RdAck_i_2/O
                         net (fo=12, routed)          0.611     4.256    user_35t_i/axi_emc_0/U0/EMC_CTRL_I/MEM_STATE_MACHINE_I/addr_sm_ps_IDLE_reg_i_7
    SLICE_X11Y81         LUT6 (Prop_lut6_I2_O)        0.124     4.380 f  user_35t_i/axi_emc_0/U0/EMC_CTRL_I/MEM_STATE_MACHINE_I/s_axi_mem_wready_INST_0_i_6/O
                         net (fo=5, routed)           0.600     4.980    user_35t_i/axi_emc_0/U0/EMC_CTRL_I/ADDR_COUNTER_MUX_I/DATAWIDTH_MATCH_GEN.CYCLE_END_CNTR_I/pend_wrreq_reg_3
    SLICE_X13Y82         LUT6 (Prop_lut6_I5_O)        0.124     5.104 f  user_35t_i/axi_emc_0/U0/EMC_CTRL_I/ADDR_COUNTER_MUX_I/DATAWIDTH_MATCH_GEN.CYCLE_END_CNTR_I/s_axi_mem_wready_INST_0_i_1/O
                         net (fo=13, routed)          0.476     5.580    user_35t_i/axi_emc_0/U0/AXI_EMC_NATIVE_INTERFACE_I/s_axi_mem_bresp_reg_reg[1]_0
    SLICE_X12Y81         LUT5 (Prop_lut5_I0_O)        0.124     5.704 r  user_35t_i/axi_emc_0/U0/AXI_EMC_NATIVE_INTERFACE_I/s_axi_mem_wready_INST_0/O
                         net (fo=3, routed)           0.304     6.008    user_35t_i/axi_interconnect_0/m00_couplers/auto_ds/inst/gen_downsizer.gen_simple_downsizer.axi_downsizer_inst/USE_WRITE.write_addr_inst/cmd_queue/inst/m_axi_wready
    SLICE_X13Y80         LUT6 (Prop_lut6_I1_O)        0.124     6.132 r  user_35t_i/axi_interconnect_0/m00_couplers/auto_ds/inst/gen_downsizer.gen_simple_downsizer.axi_downsizer_inst/USE_WRITE.write_addr_inst/cmd_queue/inst/s_axi_wready_INST_0/O
                         net (fo=2, routed)           0.329     6.461    user_35t_i/axi_interconnect_0/xbar/inst/gen_samd.crossbar_samd/gen_master_slots[0].gen_mi_write.wdata_mux_w/gen_wmux.wmux_aw_fifo/m_axi_wready[0]
    SLICE_X14Y79         LUT2 (Prop_lut2_I1_O)        0.124     6.585 r  user_35t_i/axi_interconnect_0/xbar/inst/gen_samd.crossbar_samd/gen_master_slots[0].gen_mi_write.wdata_mux_w/gen_wmux.wmux_aw_fifo/s_axi_wready[2]_INST_0_i_4/O
                         net (fo=3, routed)           0.316     6.902    user_35t_i/axi_interconnect_0/xbar/inst/gen_samd.crossbar_samd/gen_master_slots[1].gen_mi_write.wdata_mux_w/gen_wmux.wmux_aw_fifo/s_axi_wready[2]
    SLICE_X14Y80         LUT6 (Prop_lut6_I5_O)        0.124     7.026 r  user_35t_i/axi_interconnect_0/xbar/inst/gen_samd.crossbar_samd/gen_master_slots[1].gen_mi_write.wdata_mux_w/gen_wmux.wmux_aw_fifo/s_axi_wready[2]_INST_0_i_1/O
                         net (fo=2, routed)           0.591     7.617    user_35t_i/axi_interconnect_0/xbar/inst/gen_samd.crossbar_samd/gen_slave_slots[2].gen_si_write.wdata_router_w/wrouter_aw_fifo/s_axi_wready[2]
    SLICE_X28Y81         LUT2 (Prop_lut2_I1_O)        0.124     7.741 r  user_35t_i/axi_interconnect_0/xbar/inst/gen_samd.crossbar_samd/gen_slave_slots[2].gen_si_write.wdata_router_w/wrouter_aw_fifo/s_axi_wready[2]_INST_0/O
                         net (fo=69, routed)          0.483     8.224    user_35t_i/axi_interconnect_0/s02_couplers/auto_us/inst/gen_upsizer.gen_full_upsizer.axi_upsizer_inst/USE_WRITE.gen_non_fifo_w_upsizer.write_data_inst/m_axi_wready
    SLICE_X29Y80         LUT4 (Prop_lut4_I1_O)        0.124     8.348 r  user_35t_i/axi_interconnect_0/s02_couplers/auto_us/inst/gen_upsizer.gen_full_upsizer.axi_upsizer_inst/USE_WRITE.gen_non_fifo_w_upsizer.write_data_inst/USE_RTL_LENGTH.first_mi_word_q_i_2/O
                         net (fo=67, routed)          0.677     9.024    user_35t_i/axi_interconnect_0/s02_couplers/auto_us/inst/gen_upsizer.gen_full_upsizer.axi_upsizer_inst/USE_WRITE.write_addr_inst/GEN_CMD_QUEUE.cmd_queue/USE_FF_OUT.USE_RTL_OUTPUT_PIPELINE.M_MESG_Q_reg[0]_0
    SLICE_X30Y80         LUT3 (Prop_lut3_I0_O)        0.124     9.148 r  user_35t_i/axi_interconnect_0/s02_couplers/auto_us/inst/gen_upsizer.gen_full_upsizer.axi_upsizer_inst/USE_WRITE.write_addr_inst/GEN_CMD_QUEUE.cmd_queue/WORD_LANE[4].USE_ALWAYS_PACKER.BYTE_LANE[3].USE_RTL_DATA.USE_REGISTER.M_AXI_WDATA_I[159]_i_3/O
                         net (fo=6, routed)           0.775     9.923    user_35t_i/axi_interconnect_0/s02_couplers/auto_us/inst/gen_upsizer.gen_full_upsizer.axi_upsizer_inst/USE_WRITE.gen_non_fifo_w_upsizer.write_data_inst/WORD_LANE[4].USE_ALWAYS_PACKER.BYTE_LANE[3].USE_RTL_DATA.USE_REGISTER.M_AXI_WDATA_I_reg[152]_1
    SLICE_X37Y82         LUT4 (Prop_lut4_I0_O)        0.124    10.047 r  user_35t_i/axi_interconnect_0/s02_couplers/auto_us/inst/gen_upsizer.gen_full_upsizer.axi_upsizer_inst/USE_WRITE.gen_non_fifo_w_upsizer.write_data_inst/WORD_LANE[4].USE_ALWAYS_PACKER.BYTE_LANE[2].USE_RTL_DATA.USE_REGISTER.M_AXI_WDATA_I[151]_i_1/O
                         net (fo=8, routed)           0.593    10.640    user_35t_i/axi_interconnect_0/s02_couplers/auto_us/inst/gen_upsizer.gen_full_upsizer.axi_upsizer_inst/USE_WRITE.gen_non_fifo_w_upsizer.write_data_inst/WORD_LANE[4].USE_ALWAYS_PACKER.BYTE_LANE[2].USE_RTL_DATA.USE_REGISTER.M_AXI_WDATA_I[151]_i_1_n_0
    SLICE_X37Y82         FDRE                                         r  user_35t_i/axi_interconnect_0/s02_couplers/auto_us/inst/gen_upsizer.gen_full_upsizer.axi_upsizer_inst/USE_WRITE.gen_non_fifo_w_upsizer.write_data_inst/WORD_LANE[4].USE_ALWAYS_PACKER.BYTE_LANE[2].USE_RTL_DATA.USE_REGISTER.M_AXI_WDATA_I_reg[150]/CE
  -------------------------------------------------------------------    -------------------

                         (clock clk_out1_user_35t_clk_wiz_0_0 rise edge)
                                                     10.000    10.000 r  
    BUFGCTRL_X0Y4        BUFG                         0.000    10.000 r  sys_clock_IBUF_BUFG_inst/O
                         net (fo=38, routed)          1.457    11.457    user_35t_i/clk_wiz_0/inst/clk_in1
    MMCME2_ADV_X1Y0      MMCME2_ADV (Prop_mmcme2_adv_CLKIN1_CLKOUT0)
                                                     -3.129     8.328 r  user_35t_i/clk_wiz_0/inst/mmcm_adv_inst/CLKOUT0
                         net (fo=1, routed)           1.581     9.909    user_35t_i/clk_wiz_0/inst/clk_out1_user_35t_clk_wiz_0_0
    BUFGCTRL_X0Y0        BUFG (Prop_bufg_I_O)         0.091    10.000 r  user_35t_i/clk_wiz_0/inst/clkout1_buf/O
                         net (fo=25480, routed)       1.427    11.427    user_35t_i/axi_interconnect_0/s02_couplers/auto_us/inst/gen_upsizer.gen_full_upsizer.axi_upsizer_inst/USE_WRITE.gen_non_fifo_w_upsizer.write_data_inst/USE_RTL_LENGTH.length_counter_q_reg[0]_0
    SLICE_X37Y82         FDRE                                         r  user_35t_i/axi_interconnect_0/s02_couplers/auto_us/inst/gen_upsizer.gen_full_upsizer.axi_upsizer_inst/USE_WRITE.gen_non_fifo_w_upsizer.write_data_inst/WORD_LANE[4].USE_ALWAYS_PACKER.BYTE_LANE[2].USE_RTL_DATA.USE_REGISTER.M_AXI_WDATA_I_reg[150]/C
                         clock pessimism              0.007    11.434    
                         clock uncertainty           -0.243    11.191    
    SLICE_X37Y82         FDRE (Setup_fdre_C_CE)      -0.205    10.986    user_35t_i/axi_interconnect_0/s02_couplers/auto_us/inst/gen_upsizer.gen_full_upsizer.axi_upsizer_inst/USE_WRITE.gen_non_fifo_w_upsizer.write_data_inst/WORD_LANE[4].USE_ALWAYS_PACKER.BYTE_LANE[2].USE_RTL_DATA.USE_REGISTER.M_AXI_WDATA_I_reg[150]
  -------------------------------------------------------------------
                         required time                         10.986    
                         arrival time                         -10.640    
  -------------------------------------------------------------------
                         slack                                  0.346    

Slack (MET) :             0.392ns  (required time - arrival time)
  Source:                 user_35t_i/axi_emc_0/U0/AXI_EMC_NATIVE_INTERFACE_I/burstlength_reg_reg[0]/C
                            (rising edge-triggered cell FDRE clocked by clk_out1_user_35t_clk_wiz_0_0  {rise@0.000ns fall@5.000ns period=10.000ns})
  Destination:            user_35t_i/axi_interconnect_0/s02_couplers/auto_us/inst/gen_upsizer.gen_full_upsizer.axi_upsizer_inst/USE_WRITE.gen_non_fifo_w_upsizer.write_data_inst/WORD_LANE[4].USE_ALWAYS_PACKER.BYTE_LANE[2].USE_RTL_DATA.USE_REGISTER.M_AXI_WDATA_I_reg[144]/CE
                            (rising edge-triggered cell FDRE clocked by clk_out1_user_35t_clk_wiz_0_0  {rise@0.000ns fall@5.000ns period=10.000ns})
  Path Group:             clk_out1_user_35t_clk_wiz_0_0
  Path Type:              Setup (Max at Slow Process Corner)
  Requirement:            10.000ns  (clk_out1_user_35t_clk_wiz_0_0 rise@10.000ns - clk_out1_user_35t_clk_wiz_0_0 rise@0.000ns)
  Data Path Delay:        9.046ns  (logic 1.944ns (21.490%)  route 7.102ns (78.510%))
  Logic Levels:           12  (LUT2=2 LUT3=1 LUT4=3 LUT5=1 LUT6=5)
  Clock Path Skew:        -0.114ns (DCD - SCD + CPR)
    Destination Clock Delay (DCD):    1.424ns = ( 11.424 - 10.000 ) 
    Source Clock Delay      (SCD):    1.545ns
    Clock Pessimism Removal (CPR):    0.007ns
  Clock Uncertainty:      0.243ns  ((TSJ^2 + DJ^2)^1/2) / 2 + PE
    Total System Jitter     (TSJ):    0.071ns
    Discrete Jitter          (DJ):    0.480ns
    Phase Error              (PE):    0.000ns

    Location             Delay type                Incr(ns)  Path(ns)    Netlist Resource(s)
  -------------------------------------------------------------------    -------------------
                         (clock clk_out1_user_35t_clk_wiz_0_0 rise edge)
                                                      0.000     0.000 r  
    BUFGCTRL_X0Y4        BUFG                         0.000     0.000 r  sys_clock_IBUF_BUFG_inst/O
                         net (fo=38, routed)          1.575     1.575    user_35t_i/clk_wiz_0/inst/clk_in1
    MMCME2_ADV_X1Y0      MMCME2_ADV (Prop_mmcme2_adv_CLKIN1_CLKOUT0)
                                                     -3.333    -1.757 r  user_35t_i/clk_wiz_0/inst/mmcm_adv_inst/CLKOUT0
                         net (fo=1, routed)           1.661    -0.096    user_35t_i/clk_wiz_0/inst/clk_out1_user_35t_clk_wiz_0_0
    BUFGCTRL_X0Y0        BUFG (Prop_bufg_I_O)         0.096    -0.000 r  user_35t_i/clk_wiz_0/inst/clkout1_buf/O
                         net (fo=25480, routed)       1.545     1.545    user_35t_i/axi_emc_0/U0/AXI_EMC_NATIVE_INTERFACE_I/s_axi_aclk
    SLICE_X9Y80          FDRE                                         r  user_35t_i/axi_emc_0/U0/AXI_EMC_NATIVE_INTERFACE_I/burstlength_reg_reg[0]/C
  -------------------------------------------------------------------    -------------------
    SLICE_X9Y80          FDRE (Prop_fdre_C_Q)         0.456     2.001 r  user_35t_i/axi_emc_0/U0/AXI_EMC_NATIVE_INTERFACE_I/burstlength_reg_reg[0]/Q
                         net (fo=3, routed)           0.950     2.951    user_35t_i/axi_emc_0/U0/AXI_EMC_NATIVE_INTERFACE_I/AXI_EMC_ADDRESS_DECODE_INSTANCE_I/DATAWIDTH_MATCH_GEN.addr_cnt_i[0]_i_9_0[0]
    SLICE_X9Y81          LUT6 (Prop_lut6_I0_O)        0.124     3.075 f  user_35t_i/axi_emc_0/U0/AXI_EMC_NATIVE_INTERFACE_I/AXI_EMC_ADDRESS_DECODE_INSTANCE_I/IP2Bus_RdAck_i_3/O
                         net (fo=2, routed)           0.446     3.521    user_35t_i/axi_emc_0/U0/AXI_EMC_NATIVE_INTERFACE_I/AXI_EMC_ADDRESS_DECODE_INSTANCE_I/IP2Bus_RdAck_i_3_n_0
    SLICE_X10Y81         LUT4 (Prop_lut4_I0_O)        0.124     3.645 f  user_35t_i/axi_emc_0/U0/AXI_EMC_NATIVE_INTERFACE_I/AXI_EMC_ADDRESS_DECODE_INSTANCE_I/IP2Bus_RdAck_i_2/O
                         net (fo=12, routed)          0.611     4.256    user_35t_i/axi_emc_0/U0/EMC_CTRL_I/MEM_STATE_MACHINE_I/addr_sm_ps_IDLE_reg_i_7
    SLICE_X11Y81         LUT6 (Prop_lut6_I2_O)        0.124     4.380 f  user_35t_i/axi_emc_0/U0/EMC_CTRL_I/MEM_STATE_MACHINE_I/s_axi_mem_wready_INST_0_i_6/O
                         net (fo=5, routed)           0.600     4.980    user_35t_i/axi_emc_0/U0/EMC_CTRL_I/ADDR_COUNTER_MUX_I/DATAWIDTH_MATCH_GEN.CYCLE_END_CNTR_I/pend_wrreq_reg_3
    SLICE_X13Y82         LUT6 (Prop_lut6_I5_O)        0.124     5.104 f  user_35t_i/axi_emc_0/U0/EMC_CTRL_I/ADDR_COUNTER_MUX_I/DATAWIDTH_MATCH_GEN.CYCLE_END_CNTR_I/s_axi_mem_wready_INST_0_i_1/O
                         net (fo=13, routed)          0.476     5.580    user_35t_i/axi_emc_0/U0/AXI_EMC_NATIVE_INTERFACE_I/s_axi_mem_bresp_reg_reg[1]_0
    SLICE_X12Y81         LUT5 (Prop_lut5_I0_O)        0.124     5.704 r  user_35t_i/axi_emc_0/U0/AXI_EMC_NATIVE_INTERFACE_I/s_axi_mem_wready_INST_0/O
                         net (fo=3, routed)           0.304     6.008    user_35t_i/axi_interconnect_0/m00_couplers/auto_ds/inst/gen_downsizer.gen_simple_downsizer.axi_downsizer_inst/USE_WRITE.write_addr_inst/cmd_queue/inst/m_axi_wready
    SLICE_X13Y80         LUT6 (Prop_lut6_I1_O)        0.124     6.132 r  user_35t_i/axi_interconnect_0/m00_couplers/auto_ds/inst/gen_downsizer.gen_simple_downsizer.axi_downsizer_inst/USE_WRITE.write_addr_inst/cmd_queue/inst/s_axi_wready_INST_0/O
                         net (fo=2, routed)           0.329     6.461    user_35t_i/axi_interconnect_0/xbar/inst/gen_samd.crossbar_samd/gen_master_slots[0].gen_mi_write.wdata_mux_w/gen_wmux.wmux_aw_fifo/m_axi_wready[0]
    SLICE_X14Y79         LUT2 (Prop_lut2_I1_O)        0.124     6.585 r  user_35t_i/axi_interconnect_0/xbar/inst/gen_samd.crossbar_samd/gen_master_slots[0].gen_mi_write.wdata_mux_w/gen_wmux.wmux_aw_fifo/s_axi_wready[2]_INST_0_i_4/O
                         net (fo=3, routed)           0.316     6.902    user_35t_i/axi_interconnect_0/xbar/inst/gen_samd.crossbar_samd/gen_master_slots[1].gen_mi_write.wdata_mux_w/gen_wmux.wmux_aw_fifo/s_axi_wready[2]
    SLICE_X14Y80         LUT6 (Prop_lut6_I5_O)        0.124     7.026 r  user_35t_i/axi_interconnect_0/xbar/inst/gen_samd.crossbar_samd/gen_master_slots[1].gen_mi_write.wdata_mux_w/gen_wmux.wmux_aw_fifo/s_axi_wready[2]_INST_0_i_1/O
                         net (fo=2, routed)           0.591     7.617    user_35t_i/axi_interconnect_0/xbar/inst/gen_samd.crossbar_samd/gen_slave_slots[2].gen_si_write.wdata_router_w/wrouter_aw_fifo/s_axi_wready[2]
    SLICE_X28Y81         LUT2 (Prop_lut2_I1_O)        0.124     7.741 r  user_35t_i/axi_interconnect_0/xbar/inst/gen_samd.crossbar_samd/gen_slave_slots[2].gen_si_write.wdata_router_w/wrouter_aw_fifo/s_axi_wready[2]_INST_0/O
                         net (fo=69, routed)          0.483     8.224    user_35t_i/axi_interconnect_0/s02_couplers/auto_us/inst/gen_upsizer.gen_full_upsizer.axi_upsizer_inst/USE_WRITE.gen_non_fifo_w_upsizer.write_data_inst/m_axi_wready
    SLICE_X29Y80         LUT4 (Prop_lut4_I1_O)        0.124     8.348 r  user_35t_i/axi_interconnect_0/s02_couplers/auto_us/inst/gen_upsizer.gen_full_upsizer.axi_upsizer_inst/USE_WRITE.gen_non_fifo_w_upsizer.write_data_inst/USE_RTL_LENGTH.first_mi_word_q_i_2/O
                         net (fo=67, routed)          0.677     9.024    user_35t_i/axi_interconnect_0/s02_couplers/auto_us/inst/gen_upsizer.gen_full_upsizer.axi_upsizer_inst/USE_WRITE.write_addr_inst/GEN_CMD_QUEUE.cmd_queue/USE_FF_OUT.USE_RTL_OUTPUT_PIPELINE.M_MESG_Q_reg[0]_0
    SLICE_X30Y80         LUT3 (Prop_lut3_I0_O)        0.124     9.148 r  user_35t_i/axi_interconnect_0/s02_couplers/auto_us/inst/gen_upsizer.gen_full_upsizer.axi_upsizer_inst/USE_WRITE.write_addr_inst/GEN_CMD_QUEUE.cmd_queue/WORD_LANE[4].USE_ALWAYS_PACKER.BYTE_LANE[3].USE_RTL_DATA.USE_REGISTER.M_AXI_WDATA_I[159]_i_3/O
                         net (fo=6, routed)           0.775     9.923    user_35t_i/axi_interconnect_0/s02_couplers/auto_us/inst/gen_upsizer.gen_full_upsizer.axi_upsizer_inst/USE_WRITE.gen_non_fifo_w_upsizer.write_data_inst/WORD_LANE[4].USE_ALWAYS_PACKER.BYTE_LANE[3].USE_RTL_DATA.USE_REGISTER.M_AXI_WDATA_I_reg[152]_1
    SLICE_X37Y82         LUT4 (Prop_lut4_I0_O)        0.124    10.047 r  user_35t_i/axi_interconnect_0/s02_couplers/auto_us/inst/gen_upsizer.gen_full_upsizer.axi_upsizer_inst/USE_WRITE.gen_non_fifo_w_upsizer.write_data_inst/WORD_LANE[4].USE_ALWAYS_PACKER.BYTE_LANE[2].USE_RTL_DATA.USE_REGISTER.M_AXI_WDATA_I[151]_i_1/O
                         net (fo=8, routed)           0.544    10.591    user_35t_i/axi_interconnect_0/s02_couplers/auto_us/inst/gen_upsizer.gen_full_upsizer.axi_upsizer_inst/USE_WRITE.gen_non_fifo_w_upsizer.write_data_inst/WORD_LANE[4].USE_ALWAYS_PACKER.BYTE_LANE[2].USE_RTL_DATA.USE_REGISTER.M_AXI_WDATA_I[151]_i_1_n_0
    SLICE_X37Y80         FDRE                                         r  user_35t_i/axi_interconnect_0/s02_couplers/auto_us/inst/gen_upsizer.gen_full_upsizer.axi_upsizer_inst/USE_WRITE.gen_non_fifo_w_upsizer.write_data_inst/WORD_LANE[4].USE_ALWAYS_PACKER.BYTE_LANE[2].USE_RTL_DATA.USE_REGISTER.M_AXI_WDATA_I_reg[144]/CE
  -------------------------------------------------------------------    -------------------

                         (clock clk_out1_user_35t_clk_wiz_0_0 rise edge)
                                                     10.000    10.000 r  
    BUFGCTRL_X0Y4        BUFG                         0.000    10.000 r  sys_clock_IBUF_BUFG_inst/O
                         net (fo=38, routed)          1.457    11.457    user_35t_i/clk_wiz_0/inst/clk_in1
    MMCME2_ADV_X1Y0      MMCME2_ADV (Prop_mmcme2_adv_CLKIN1_CLKOUT0)
                                                     -3.129     8.328 r  user_35t_i/clk_wiz_0/inst/mmcm_adv_inst/CLKOUT0
                         net (fo=1, routed)           1.581     9.909    user_35t_i/clk_wiz_0/inst/clk_out1_user_35t_clk_wiz_0_0
    BUFGCTRL_X0Y0        BUFG (Prop_bufg_I_O)         0.091    10.000 r  user_35t_i/clk_wiz_0/inst/clkout1_buf/O
                         net (fo=25480, routed)       1.424    11.424    user_35t_i/axi_interconnect_0/s02_couplers/auto_us/inst/gen_upsizer.gen_full_upsizer.axi_upsizer_inst/USE_WRITE.gen_non_fifo_w_upsizer.write_data_inst/USE_RTL_LENGTH.length_counter_q_reg[0]_0
    SLICE_X37Y80         FDRE                                         r  user_35t_i/axi_interconnect_0/s02_couplers/auto_us/inst/gen_upsizer.gen_full_upsizer.axi_upsizer_inst/USE_WRITE.gen_non_fifo_w_upsizer.write_data_inst/WORD_LANE[4].USE_ALWAYS_PACKER.BYTE_LANE[2].USE_RTL_DATA.USE_REGISTER.M_AXI_WDATA_I_reg[144]/C
                         clock pessimism              0.007    11.431    
                         clock uncertainty           -0.243    11.188    
    SLICE_X37Y80         FDRE (Setup_fdre_C_CE)      -0.205    10.983    user_35t_i/axi_interconnect_0/s02_couplers/auto_us/inst/gen_upsizer.gen_full_upsizer.axi_upsizer_inst/USE_WRITE.gen_non_fifo_w_upsizer.write_data_inst/WORD_LANE[4].USE_ALWAYS_PACKER.BYTE_LANE[2].USE_RTL_DATA.USE_REGISTER.M_AXI_WDATA_I_reg[144]
  -------------------------------------------------------------------
                         required time                         10.983    
                         arrival time                         -10.591    
  -------------------------------------------------------------------
                         slack                                  0.392    

Slack (MET) :             0.392ns  (required time - arrival time)
  Source:                 user_35t_i/axi_emc_0/U0/AXI_EMC_NATIVE_INTERFACE_I/burstlength_reg_reg[0]/C
                            (rising edge-triggered cell FDRE clocked by clk_out1_user_35t_clk_wiz_0_0  {rise@0.000ns fall@5.000ns period=10.000ns})
  Destination:            user_35t_i/axi_interconnect_0/s02_couplers/auto_us/inst/gen_upsizer.gen_full_upsizer.axi_upsizer_inst/USE_WRITE.gen_non_fifo_w_upsizer.write_data_inst/WORD_LANE[4].USE_ALWAYS_PACKER.BYTE_LANE[2].USE_RTL_DATA.USE_REGISTER.M_AXI_WDATA_I_reg[145]/CE
                            (rising edge-triggered cell FDRE clocked by clk_out1_user_35t_clk_wiz_0_0  {rise@0.000ns fall@5.000ns period=10.000ns})
  Path Group:             clk_out1_user_35t_clk_wiz_0_0
  Path Type:              Setup (Max at Slow Process Corner)
  Requirement:            10.000ns  (clk_out1_user_35t_clk_wiz_0_0 rise@10.000ns - clk_out1_user_35t_clk_wiz_0_0 rise@0.000ns)
  Data Path Delay:        9.046ns  (logic 1.944ns (21.490%)  route 7.102ns (78.510%))
  Logic Levels:           12  (LUT2=2 LUT3=1 LUT4=3 LUT5=1 LUT6=5)
  Clock Path Skew:        -0.114ns (DCD - SCD + CPR)
    Destination Clock Delay (DCD):    1.424ns = ( 11.424 - 10.000 ) 
    Source Clock Delay      (SCD):    1.545ns
    Clock Pessimism Removal (CPR):    0.007ns
  Clock Uncertainty:      0.243ns  ((TSJ^2 + DJ^2)^1/2) / 2 + PE
    Total System Jitter     (TSJ):    0.071ns
    Discrete Jitter          (DJ):    0.480ns
    Phase Error              (PE):    0.000ns

    Location             Delay type                Incr(ns)  Path(ns)    Netlist Resource(s)
  -------------------------------------------------------------------    -------------------
                         (clock clk_out1_user_35t_clk_wiz_0_0 rise edge)
                                                      0.000     0.000 r  
    BUFGCTRL_X0Y4        BUFG                         0.000     0.000 r  sys_clock_IBUF_BUFG_inst/O
                         net (fo=38, routed)          1.575     1.575    user_35t_i/clk_wiz_0/inst/clk_in1
    MMCME2_ADV_X1Y0      MMCME2_ADV (Prop_mmcme2_adv_CLKIN1_CLKOUT0)
                                                     -3.333    -1.757 r  user_35t_i/clk_wiz_0/inst/mmcm_adv_inst/CLKOUT0
                         net (fo=1, routed)           1.661    -0.096    user_35t_i/clk_wiz_0/inst/clk_out1_user_35t_clk_wiz_0_0
    BUFGCTRL_X0Y0        BUFG (Prop_bufg_I_O)         0.096    -0.000 r  user_35t_i/clk_wiz_0/inst/clkout1_buf/O
                         net (fo=25480, routed)       1.545     1.545    user_35t_i/axi_emc_0/U0/AXI_EMC_NATIVE_INTERFACE_I/s_axi_aclk
    SLICE_X9Y80          FDRE                                         r  user_35t_i/axi_emc_0/U0/AXI_EMC_NATIVE_INTERFACE_I/burstlength_reg_reg[0]/C
  -------------------------------------------------------------------    -------------------
    SLICE_X9Y80          FDRE (Prop_fdre_C_Q)         0.456     2.001 r  user_35t_i/axi_emc_0/U0/AXI_EMC_NATIVE_INTERFACE_I/burstlength_reg_reg[0]/Q
                         net (fo=3, routed)           0.950     2.951    user_35t_i/axi_emc_0/U0/AXI_EMC_NATIVE_INTERFACE_I/AXI_EMC_ADDRESS_DECODE_INSTANCE_I/DATAWIDTH_MATCH_GEN.addr_cnt_i[0]_i_9_0[0]
    SLICE_X9Y81          LUT6 (Prop_lut6_I0_O)        0.124     3.075 f  user_35t_i/axi_emc_0/U0/AXI_EMC_NATIVE_INTERFACE_I/AXI_EMC_ADDRESS_DECODE_INSTANCE_I/IP2Bus_RdAck_i_3/O
                         net (fo=2, routed)           0.446     3.521    user_35t_i/axi_emc_0/U0/AXI_EMC_NATIVE_INTERFACE_I/AXI_EMC_ADDRESS_DECODE_INSTANCE_I/IP2Bus_RdAck_i_3_n_0
    SLICE_X10Y81         LUT4 (Prop_lut4_I0_O)        0.124     3.645 f  user_35t_i/axi_emc_0/U0/AXI_EMC_NATIVE_INTERFACE_I/AXI_EMC_ADDRESS_DECODE_INSTANCE_I/IP2Bus_RdAck_i_2/O
                         net (fo=12, routed)          0.611     4.256    user_35t_i/axi_emc_0/U0/EMC_CTRL_I/MEM_STATE_MACHINE_I/addr_sm_ps_IDLE_reg_i_7
    SLICE_X11Y81         LUT6 (Prop_lut6_I2_O)        0.124     4.380 f  user_35t_i/axi_emc_0/U0/EMC_CTRL_I/MEM_STATE_MACHINE_I/s_axi_mem_wready_INST_0_i_6/O
                         net (fo=5, routed)           0.600     4.980    user_35t_i/axi_emc_0/U0/EMC_CTRL_I/ADDR_COUNTER_MUX_I/DATAWIDTH_MATCH_GEN.CYCLE_END_CNTR_I/pend_wrreq_reg_3
    SLICE_X13Y82         LUT6 (Prop_lut6_I5_O)        0.124     5.104 f  user_35t_i/axi_emc_0/U0/EMC_CTRL_I/ADDR_COUNTER_MUX_I/DATAWIDTH_MATCH_GEN.CYCLE_END_CNTR_I/s_axi_mem_wready_INST_0_i_1/O
                         net (fo=13, routed)          0.476     5.580    user_35t_i/axi_emc_0/U0/AXI_EMC_NATIVE_INTERFACE_I/s_axi_mem_bresp_reg_reg[1]_0
    SLICE_X12Y81         LUT5 (Prop_lut5_I0_O)        0.124     5.704 r  user_35t_i/axi_emc_0/U0/AXI_EMC_NATIVE_INTERFACE_I/s_axi_mem_wready_INST_0/O
                         net (fo=3, routed)           0.304     6.008    user_35t_i/axi_interconnect_0/m00_couplers/auto_ds/inst/gen_downsizer.gen_simple_downsizer.axi_downsizer_inst/USE_WRITE.write_addr_inst/cmd_queue/inst/m_axi_wready
    SLICE_X13Y80         LUT6 (Prop_lut6_I1_O)        0.124     6.132 r  user_35t_i/axi_interconnect_0/m00_couplers/auto_ds/inst/gen_downsizer.gen_simple_downsizer.axi_downsizer_inst/USE_WRITE.write_addr_inst/cmd_queue/inst/s_axi_wready_INST_0/O
                         net (fo=2, routed)           0.329     6.461    user_35t_i/axi_interconnect_0/xbar/inst/gen_samd.crossbar_samd/gen_master_slots[0].gen_mi_write.wdata_mux_w/gen_wmux.wmux_aw_fifo/m_axi_wready[0]
    SLICE_X14Y79         LUT2 (Prop_lut2_I1_O)        0.124     6.585 r  user_35t_i/axi_interconnect_0/xbar/inst/gen_samd.crossbar_samd/gen_master_slots[0].gen_mi_write.wdata_mux_w/gen_wmux.wmux_aw_fifo/s_axi_wready[2]_INST_0_i_4/O
                         net (fo=3, routed)           0.316     6.902    user_35t_i/axi_interconnect_0/xbar/inst/gen_samd.crossbar_samd/gen_master_slots[1].gen_mi_write.wdata_mux_w/gen_wmux.wmux_aw_fifo/s_axi_wready[2]
    SLICE_X14Y80         LUT6 (Prop_lut6_I5_O)        0.124     7.026 r  user_35t_i/axi_interconnect_0/xbar/inst/gen_samd.crossbar_samd/gen_master_slots[1].gen_mi_write.wdata_mux_w/gen_wmux.wmux_aw_fifo/s_axi_wready[2]_INST_0_i_1/O
                         net (fo=2, routed)           0.591     7.617    user_35t_i/axi_interconnect_0/xbar/inst/gen_samd.crossbar_samd/gen_slave_slots[2].gen_si_write.wdata_router_w/wrouter_aw_fifo/s_axi_wready[2]
    SLICE_X28Y81         LUT2 (Prop_lut2_I1_O)        0.124     7.741 r  user_35t_i/axi_interconnect_0/xbar/inst/gen_samd.crossbar_samd/gen_slave_slots[2].gen_si_write.wdata_router_w/wrouter_aw_fifo/s_axi_wready[2]_INST_0/O
                         net (fo=69, routed)          0.483     8.224    user_35t_i/axi_interconnect_0/s02_couplers/auto_us/inst/gen_upsizer.gen_full_upsizer.axi_upsizer_inst/USE_WRITE.gen_non_fifo_w_upsizer.write_data_inst/m_axi_wready
    SLICE_X29Y80         LUT4 (Prop_lut4_I1_O)        0.124     8.348 r  user_35t_i/axi_interconnect_0/s02_couplers/auto_us/inst/gen_upsizer.gen_full_upsizer.axi_upsizer_inst/USE_WRITE.gen_non_fifo_w_upsizer.write_data_inst/USE_RTL_LENGTH.first_mi_word_q_i_2/O
                         net (fo=67, routed)          0.677     9.024    user_35t_i/axi_interconnect_0/s02_couplers/auto_us/inst/gen_upsizer.gen_full_upsizer.axi_upsizer_inst/USE_WRITE.write_addr_inst/GEN_CMD_QUEUE.cmd_queue/USE_FF_OUT.USE_RTL_OUTPUT_PIPELINE.M_MESG_Q_reg[0]_0
    SLICE_X30Y80         LUT3 (Prop_lut3_I0_O)        0.124     9.148 r  user_35t_i/axi_interconnect_0/s02_couplers/auto_us/inst/gen_upsizer.gen_full_upsizer.axi_upsizer_inst/USE_WRITE.write_addr_inst/GEN_CMD_QUEUE.cmd_queue/WORD_LANE[4].USE_ALWAYS_PACKER.BYTE_LANE[3].USE_RTL_DATA.USE_REGISTER.M_AXI_WDATA_I[159]_i_3/O
                         net (fo=6, routed)           0.775     9.923    user_35t_i/axi_interconnect_0/s02_couplers/auto_us/inst/gen_upsizer.gen_full_upsizer.axi_upsizer_inst/USE_WRITE.gen_non_fifo_w_upsizer.write_data_inst/WORD_LANE[4].USE_ALWAYS_PACKER.BYTE_LANE[3].USE_RTL_DATA.USE_REGISTER.M_AXI_WDATA_I_reg[152]_1
    SLICE_X37Y82         LUT4 (Prop_lut4_I0_O)        0.124    10.047 r  user_35t_i/axi_interconnect_0/s02_couplers/auto_us/inst/gen_upsizer.gen_full_upsizer.axi_upsizer_inst/USE_WRITE.gen_non_fifo_w_upsizer.write_data_inst/WORD_LANE[4].USE_ALWAYS_PACKER.BYTE_LANE[2].USE_RTL_DATA.USE_REGISTER.M_AXI_WDATA_I[151]_i_1/O
                         net (fo=8, routed)           0.544    10.591    user_35t_i/axi_interconnect_0/s02_couplers/auto_us/inst/gen_upsizer.gen_full_upsizer.axi_upsizer_inst/USE_WRITE.gen_non_fifo_w_upsizer.write_data_inst/WORD_LANE[4].USE_ALWAYS_PACKER.BYTE_LANE[2].USE_RTL_DATA.USE_REGISTER.M_AXI_WDATA_I[151]_i_1_n_0
    SLICE_X37Y80         FDRE                                         r  user_35t_i/axi_interconnect_0/s02_couplers/auto_us/inst/gen_upsizer.gen_full_upsizer.axi_upsizer_inst/USE_WRITE.gen_non_fifo_w_upsizer.write_data_inst/WORD_LANE[4].USE_ALWAYS_PACKER.BYTE_LANE[2].USE_RTL_DATA.USE_REGISTER.M_AXI_WDATA_I_reg[145]/CE
  -------------------------------------------------------------------    -------------------

                         (clock clk_out1_user_35t_clk_wiz_0_0 rise edge)
                                                     10.000    10.000 r  
    BUFGCTRL_X0Y4        BUFG                         0.000    10.000 r  sys_clock_IBUF_BUFG_inst/O
                         net (fo=38, routed)          1.457    11.457    user_35t_i/clk_wiz_0/inst/clk_in1
    MMCME2_ADV_X1Y0      MMCME2_ADV (Prop_mmcme2_adv_CLKIN1_CLKOUT0)
                                                     -3.129     8.328 r  user_35t_i/clk_wiz_0/inst/mmcm_adv_inst/CLKOUT0
                         net (fo=1, routed)           1.581     9.909    user_35t_i/clk_wiz_0/inst/clk_out1_user_35t_clk_wiz_0_0
    BUFGCTRL_X0Y0        BUFG (Prop_bufg_I_O)         0.091    10.000 r  user_35t_i/clk_wiz_0/inst/clkout1_buf/O
                         net (fo=25480, routed)       1.424    11.424    user_35t_i/axi_interconnect_0/s02_couplers/auto_us/inst/gen_upsizer.gen_full_upsizer.axi_upsizer_inst/USE_WRITE.gen_non_fifo_w_upsizer.write_data_inst/USE_RTL_LENGTH.length_counter_q_reg[0]_0
    SLICE_X37Y80         FDRE                                         r  user_35t_i/axi_interconnect_0/s02_couplers/auto_us/inst/gen_upsizer.gen_full_upsizer.axi_upsizer_inst/USE_WRITE.gen_non_fifo_w_upsizer.write_data_inst/WORD_LANE[4].USE_ALWAYS_PACKER.BYTE_LANE[2].USE_RTL_DATA.USE_REGISTER.M_AXI_WDATA_I_reg[145]/C
                         clock pessimism              0.007    11.431    
                         clock uncertainty           -0.243    11.188    
    SLICE_X37Y80         FDRE (Setup_fdre_C_CE)      -0.205    10.983    user_35t_i/axi_interconnect_0/s02_couplers/auto_us/inst/gen_upsizer.gen_full_upsizer.axi_upsizer_inst/USE_WRITE.gen_non_fifo_w_upsizer.write_data_inst/WORD_LANE[4].USE_ALWAYS_PACKER.BYTE_LANE[2].USE_RTL_DATA.USE_REGISTER.M_AXI_WDATA_I_reg[145]
  -------------------------------------------------------------------
                         required time                         10.983    
                         arrival time                         -10.591    
  -------------------------------------------------------------------
                         slack                                  0.392    

Slack (MET) :             0.414ns  (required time - arrival time)
  Source:                 user_35t_i/axi_emc_0/U0/AXI_EMC_NATIVE_INTERFACE_I/burstlength_reg_reg[0]/C
                            (rising edge-triggered cell FDRE clocked by clk_out1_user_35t_clk_wiz_0_0  {rise@0.000ns fall@5.000ns period=10.000ns})
  Destination:            user_35t_i/axi_interconnect_0/s01_couplers/auto_us/inst/gen_upsizer.gen_full_upsizer.axi_upsizer_inst/USE_WRITE.gen_non_fifo_w_upsizer.write_data_inst/WORD_LANE[0].USE_ALWAYS_PACKER.BYTE_LANE[2].USE_RTL_DATA.USE_REGISTER.M_AXI_WDATA_I_reg[20]/CE
                            (rising edge-triggered cell FDRE clocked by clk_out1_user_35t_clk_wiz_0_0  {rise@0.000ns fall@5.000ns period=10.000ns})
  Path Group:             clk_out1_user_35t_clk_wiz_0_0
  Path Type:              Setup (Max at Slow Process Corner)
  Requirement:            10.000ns  (clk_out1_user_35t_clk_wiz_0_0 rise@10.000ns - clk_out1_user_35t_clk_wiz_0_0 rise@0.000ns)
  Data Path Delay:        9.021ns  (logic 1.944ns (21.549%)  route 7.077ns (78.451%))
  Logic Levels:           12  (LUT2=2 LUT3=1 LUT4=2 LUT5=2 LUT6=5)
  Clock Path Skew:        -0.117ns (DCD - SCD + CPR)
    Destination Clock Delay (DCD):    1.421ns = ( 11.421 - 10.000 ) 
    Source Clock Delay      (SCD):    1.545ns
    Clock Pessimism Removal (CPR):    0.007ns
  Clock Uncertainty:      0.243ns  ((TSJ^2 + DJ^2)^1/2) / 2 + PE
    Total System Jitter     (TSJ):    0.071ns
    Discrete Jitter          (DJ):    0.480ns
    Phase Error              (PE):    0.000ns

    Location             Delay type                Incr(ns)  Path(ns)    Netlist Resource(s)
  -------------------------------------------------------------------    -------------------
                         (clock clk_out1_user_35t_clk_wiz_0_0 rise edge)
                                                      0.000     0.000 r  
    BUFGCTRL_X0Y4        BUFG                         0.000     0.000 r  sys_clock_IBUF_BUFG_inst/O
                         net (fo=38, routed)          1.575     1.575    user_35t_i/clk_wiz_0/inst/clk_in1
    MMCME2_ADV_X1Y0      MMCME2_ADV (Prop_mmcme2_adv_CLKIN1_CLKOUT0)
                                                     -3.333    -1.757 r  user_35t_i/clk_wiz_0/inst/mmcm_adv_inst/CLKOUT0
                         net (fo=1, routed)           1.661    -0.096    user_35t_i/clk_wiz_0/inst/clk_out1_user_35t_clk_wiz_0_0
    BUFGCTRL_X0Y0        BUFG (Prop_bufg_I_O)         0.096    -0.000 r  user_35t_i/clk_wiz_0/inst/clkout1_buf/O
                         net (fo=25480, routed)       1.545     1.545    user_35t_i/axi_emc_0/U0/AXI_EMC_NATIVE_INTERFACE_I/s_axi_aclk
    SLICE_X9Y80          FDRE                                         r  user_35t_i/axi_emc_0/U0/AXI_EMC_NATIVE_INTERFACE_I/burstlength_reg_reg[0]/C
  -------------------------------------------------------------------    -------------------
    SLICE_X9Y80          FDRE (Prop_fdre_C_Q)         0.456     2.001 r  user_35t_i/axi_emc_0/U0/AXI_EMC_NATIVE_INTERFACE_I/burstlength_reg_reg[0]/Q
                         net (fo=3, routed)           0.950     2.951    user_35t_i/axi_emc_0/U0/AXI_EMC_NATIVE_INTERFACE_I/AXI_EMC_ADDRESS_DECODE_INSTANCE_I/DATAWIDTH_MATCH_GEN.addr_cnt_i[0]_i_9_0[0]
    SLICE_X9Y81          LUT6 (Prop_lut6_I0_O)        0.124     3.075 f  user_35t_i/axi_emc_0/U0/AXI_EMC_NATIVE_INTERFACE_I/AXI_EMC_ADDRESS_DECODE_INSTANCE_I/IP2Bus_RdAck_i_3/O
                         net (fo=2, routed)           0.446     3.521    user_35t_i/axi_emc_0/U0/AXI_EMC_NATIVE_INTERFACE_I/AXI_EMC_ADDRESS_DECODE_INSTANCE_I/IP2Bus_RdAck_i_3_n_0
    SLICE_X10Y81         LUT4 (Prop_lut4_I0_O)        0.124     3.645 f  user_35t_i/axi_emc_0/U0/AXI_EMC_NATIVE_INTERFACE_I/AXI_EMC_ADDRESS_DECODE_INSTANCE_I/IP2Bus_RdAck_i_2/O
                         net (fo=12, routed)          0.611     4.256    user_35t_i/axi_emc_0/U0/EMC_CTRL_I/MEM_STATE_MACHINE_I/addr_sm_ps_IDLE_reg_i_7
    SLICE_X11Y81         LUT6 (Prop_lut6_I2_O)        0.124     4.380 f  user_35t_i/axi_emc_0/U0/EMC_CTRL_I/MEM_STATE_MACHINE_I/s_axi_mem_wready_INST_0_i_6/O
                         net (fo=5, routed)           0.600     4.980    user_35t_i/axi_emc_0/U0/EMC_CTRL_I/ADDR_COUNTER_MUX_I/DATAWIDTH_MATCH_GEN.CYCLE_END_CNTR_I/pend_wrreq_reg_3
    SLICE_X13Y82         LUT6 (Prop_lut6_I5_O)        0.124     5.104 f  user_35t_i/axi_emc_0/U0/EMC_CTRL_I/ADDR_COUNTER_MUX_I/DATAWIDTH_MATCH_GEN.CYCLE_END_CNTR_I/s_axi_mem_wready_INST_0_i_1/O
                         net (fo=13, routed)          0.476     5.580    user_35t_i/axi_emc_0/U0/AXI_EMC_NATIVE_INTERFACE_I/s_axi_mem_bresp_reg_reg[1]_0
    SLICE_X12Y81         LUT5 (Prop_lut5_I0_O)        0.124     5.704 r  user_35t_i/axi_emc_0/U0/AXI_EMC_NATIVE_INTERFACE_I/s_axi_mem_wready_INST_0/O
                         net (fo=3, routed)           0.304     6.008    user_35t_i/axi_interconnect_0/m00_couplers/auto_ds/inst/gen_downsizer.gen_simple_downsizer.axi_downsizer_inst/USE_WRITE.write_addr_inst/cmd_queue/inst/m_axi_wready
    SLICE_X13Y80         LUT6 (Prop_lut6_I1_O)        0.124     6.132 r  user_35t_i/axi_interconnect_0/m00_couplers/auto_ds/inst/gen_downsizer.gen_simple_downsizer.axi_downsizer_inst/USE_WRITE.write_addr_inst/cmd_queue/inst/s_axi_wready_INST_0/O
                         net (fo=2, routed)           0.329     6.461    user_35t_i/axi_interconnect_0/xbar/inst/gen_samd.crossbar_samd/gen_master_slots[0].gen_mi_write.wdata_mux_w/gen_wmux.wmux_aw_fifo/m_axi_wready[0]
    SLICE_X14Y79         LUT2 (Prop_lut2_I1_O)        0.124     6.585 r  user_35t_i/axi_interconnect_0/xbar/inst/gen_samd.crossbar_samd/gen_master_slots[0].gen_mi_write.wdata_mux_w/gen_wmux.wmux_aw_fifo/s_axi_wready[2]_INST_0_i_4/O
                         net (fo=3, routed)           0.529     7.114    user_35t_i/axi_interconnect_0/xbar/inst/gen_samd.crossbar_samd/gen_master_slots[1].gen_mi_write.wdata_mux_w/gen_wmux.wmux_aw_fifo/s_axi_wready[2]
    SLICE_X31Y75         LUT6 (Prop_lut6_I5_O)        0.124     7.238 r  user_35t_i/axi_interconnect_0/xbar/inst/gen_samd.crossbar_samd/gen_master_slots[1].gen_mi_write.wdata_mux_w/gen_wmux.wmux_aw_fifo/s_axi_wready[1]_INST_0_i_1/O
                         net (fo=2, routed)           0.351     7.589    user_35t_i/axi_interconnect_0/xbar/inst/gen_samd.crossbar_samd/gen_slave_slots[1].gen_si_write.wdata_router_w/wrouter_aw_fifo/s_axi_wready[1]
    SLICE_X30Y74         LUT2 (Prop_lut2_I1_O)        0.124     7.713 r  user_35t_i/axi_interconnect_0/xbar/inst/gen_samd.crossbar_samd/gen_slave_slots[1].gen_si_write.wdata_router_w/wrouter_aw_fifo/s_axi_wready[1]_INST_0/O
                         net (fo=39, routed)          0.544     8.258    user_35t_i/axi_interconnect_0/s01_couplers/auto_us/inst/gen_upsizer.gen_full_upsizer.axi_upsizer_inst/USE_WRITE.gen_non_fifo_w_upsizer.write_data_inst/m_axi_wready
    SLICE_X33Y73         LUT4 (Prop_lut4_I0_O)        0.124     8.382 r  user_35t_i/axi_interconnect_0/s01_couplers/auto_us/inst/gen_upsizer.gen_full_upsizer.axi_upsizer_inst/USE_WRITE.gen_non_fifo_w_upsizer.write_data_inst/WORD_LANE[7].USE_ALWAYS_PACKER.BYTE_LANE[3].USE_RTL_DATA.USE_REGISTER.M_AXI_WDATA_I[255]_i_6/O
                         net (fo=58, routed)          0.890     9.272    user_35t_i/axi_interconnect_0/s01_couplers/auto_us/inst/gen_upsizer.gen_full_upsizer.axi_upsizer_inst/USE_WRITE.write_addr_inst/GEN_CMD_QUEUE.cmd_queue/WORD_LANE[2].USE_ALWAYS_PACKER.BYTE_LANE[3].USE_RTL_DATA.USE_REGISTER.M_AXI_WDATA_I_reg[88]
    SLICE_X44Y73         LUT5 (Prop_lut5_I4_O)        0.124     9.396 r  user_35t_i/axi_interconnect_0/s01_couplers/auto_us/inst/gen_upsizer.gen_full_upsizer.axi_upsizer_inst/USE_WRITE.write_addr_inst/GEN_CMD_QUEUE.cmd_queue/WORD_LANE[0].USE_ALWAYS_PACKER.BYTE_LANE[2].USE_RTL_DATA.USE_REGISTER.M_AXI_WDATA_I[23]_i_3/O
                         net (fo=9, routed)           0.502     9.898    user_35t_i/axi_interconnect_0/s01_couplers/auto_us/inst/gen_upsizer.gen_full_upsizer.axi_upsizer_inst/USE_WRITE.gen_non_fifo_w_upsizer.write_data_inst/M_AXI_WDATA_I1306_out__2
    SLICE_X45Y73         LUT3 (Prop_lut3_I2_O)        0.124    10.022 r  user_35t_i/axi_interconnect_0/s01_couplers/auto_us/inst/gen_upsizer.gen_full_upsizer.axi_upsizer_inst/USE_WRITE.gen_non_fifo_w_upsizer.write_data_inst/WORD_LANE[0].USE_ALWAYS_PACKER.BYTE_LANE[2].USE_RTL_DATA.USE_REGISTER.M_AXI_WDATA_I[23]_i_1/O
                         net (fo=8, routed)           0.544    10.566    user_35t_i/axi_interconnect_0/s01_couplers/auto_us/inst/gen_upsizer.gen_full_upsizer.axi_upsizer_inst/USE_WRITE.gen_non_fifo_w_upsizer.write_data_inst/WORD_LANE[0].USE_ALWAYS_PACKER.BYTE_LANE[2].USE_RTL_DATA.USE_REGISTER.M_AXI_WDATA_I[23]_i_1_n_0
    SLICE_X44Y74         FDRE                                         r  user_35t_i/axi_interconnect_0/s01_couplers/auto_us/inst/gen_upsizer.gen_full_upsizer.axi_upsizer_inst/USE_WRITE.gen_non_fifo_w_upsizer.write_data_inst/WORD_LANE[0].USE_ALWAYS_PACKER.BYTE_LANE[2].USE_RTL_DATA.USE_REGISTER.M_AXI_WDATA_I_reg[20]/CE
  -------------------------------------------------------------------    -------------------

                         (clock clk_out1_user_35t_clk_wiz_0_0 rise edge)
                                                     10.000    10.000 r  
    BUFGCTRL_X0Y4        BUFG                         0.000    10.000 r  sys_clock_IBUF_BUFG_inst/O
                         net (fo=38, routed)          1.457    11.457    user_35t_i/clk_wiz_0/inst/clk_in1
    MMCME2_ADV_X1Y0      MMCME2_ADV (Prop_mmcme2_adv_CLKIN1_CLKOUT0)
                                                     -3.129     8.328 r  user_35t_i/clk_wiz_0/inst/mmcm_adv_inst/CLKOUT0
                         net (fo=1, routed)           1.581     9.909    user_35t_i/clk_wiz_0/inst/clk_out1_user_35t_clk_wiz_0_0
    BUFGCTRL_X0Y0        BUFG (Prop_bufg_I_O)         0.091    10.000 r  user_35t_i/clk_wiz_0/inst/clkout1_buf/O
                         net (fo=25480, routed)       1.421    11.421    user_35t_i/axi_interconnect_0/s01_couplers/auto_us/inst/gen_upsizer.gen_full_upsizer.axi_upsizer_inst/USE_WRITE.gen_non_fifo_w_upsizer.write_data_inst/USE_REGISTER.M_AXI_WLAST_q_reg_0
    SLICE_X44Y74         FDRE                                         r  user_35t_i/axi_interconnect_0/s01_couplers/auto_us/inst/gen_upsizer.gen_full_upsizer.axi_upsizer_inst/USE_WRITE.gen_non_fifo_w_upsizer.write_data_inst/WORD_LANE[0].USE_ALWAYS_PACKER.BYTE_LANE[2].USE_RTL_DATA.USE_REGISTER.M_AXI_WDATA_I_reg[20]/C
                         clock pessimism              0.007    11.428    
                         clock uncertainty           -0.243    11.185    
    SLICE_X44Y74         FDRE (Setup_fdre_C_CE)      -0.205    10.980    user_35t_i/axi_interconnect_0/s01_couplers/auto_us/inst/gen_upsizer.gen_full_upsizer.axi_upsizer_inst/USE_WRITE.gen_non_fifo_w_upsizer.write_data_inst/WORD_LANE[0].USE_ALWAYS_PACKER.BYTE_LANE[2].USE_RTL_DATA.USE_REGISTER.M_AXI_WDATA_I_reg[20]
  -------------------------------------------------------------------
                         required time                         10.980    
                         arrival time                         -10.566    
  -------------------------------------------------------------------
                         slack                                  0.414    

Slack (MET) :             0.432ns  (required time - arrival time)
  Source:                 user_35t_i/axi_emc_0/U0/AXI_EMC_NATIVE_INTERFACE_I/burstlength_reg_reg[0]/C
                            (rising edge-triggered cell FDRE clocked by clk_out1_user_35t_clk_wiz_0_0  {rise@0.000ns fall@5.000ns period=10.000ns})
  Destination:            user_35t_i/axi_interconnect_0/s02_couplers/auto_us/inst/gen_upsizer.gen_full_upsizer.axi_upsizer_inst/USE_WRITE.gen_non_fifo_w_upsizer.write_data_inst/WORD_LANE[7].USE_ALWAYS_PACKER.BYTE_LANE[2].USE_RTL_DATA.USE_REGISTER.M_AXI_WDATA_I_reg[240]/CE
                            (rising edge-triggered cell FDRE clocked by clk_out1_user_35t_clk_wiz_0_0  {rise@0.000ns fall@5.000ns period=10.000ns})
  Path Group:             clk_out1_user_35t_clk_wiz_0_0
  Path Type:              Setup (Max at Slow Process Corner)
  Requirement:            10.000ns  (clk_out1_user_35t_clk_wiz_0_0 rise@10.000ns - clk_out1_user_35t_clk_wiz_0_0 rise@0.000ns)
  Data Path Delay:        9.006ns  (logic 1.944ns (21.586%)  route 7.062ns (78.414%))
  Logic Levels:           12  (LUT2=2 LUT3=1 LUT4=2 LUT5=2 LUT6=5)
  Clock Path Skew:        -0.114ns (DCD - SCD + CPR)
    Destination Clock Delay (DCD):    1.424ns = ( 11.424 - 10.000 ) 
    Source Clock Delay      (SCD):    1.545ns
    Clock Pessimism Removal (CPR):    0.007ns
  Clock Uncertainty:      0.243ns  ((TSJ^2 + DJ^2)^1/2) / 2 + PE
    Total System Jitter     (TSJ):    0.071ns
    Discrete Jitter          (DJ):    0.480ns
    Phase Error              (PE):    0.000ns

    Location             Delay type                Incr(ns)  Path(ns)    Netlist Resource(s)
  -------------------------------------------------------------------    -------------------
                         (clock clk_out1_user_35t_clk_wiz_0_0 rise edge)
                                                      0.000     0.000 r  
    BUFGCTRL_X0Y4        BUFG                         0.000     0.000 r  sys_clock_IBUF_BUFG_inst/O
                         net (fo=38, routed)          1.575     1.575    user_35t_i/clk_wiz_0/inst/clk_in1
    MMCME2_ADV_X1Y0      MMCME2_ADV (Prop_mmcme2_adv_CLKIN1_CLKOUT0)
                                                     -3.333    -1.757 r  user_35t_i/clk_wiz_0/inst/mmcm_adv_inst/CLKOUT0
                         net (fo=1, routed)           1.661    -0.096    user_35t_i/clk_wiz_0/inst/clk_out1_user_35t_clk_wiz_0_0
    BUFGCTRL_X0Y0        BUFG (Prop_bufg_I_O)         0.096    -0.000 r  user_35t_i/clk_wiz_0/inst/clkout1_buf/O
                         net (fo=25480, routed)       1.545     1.545    user_35t_i/axi_emc_0/U0/AXI_EMC_NATIVE_INTERFACE_I/s_axi_aclk
    SLICE_X9Y80          FDRE                                         r  user_35t_i/axi_emc_0/U0/AXI_EMC_NATIVE_INTERFACE_I/burstlength_reg_reg[0]/C
  -------------------------------------------------------------------    -------------------
    SLICE_X9Y80          FDRE (Prop_fdre_C_Q)         0.456     2.001 r  user_35t_i/axi_emc_0/U0/AXI_EMC_NATIVE_INTERFACE_I/burstlength_reg_reg[0]/Q
                         net (fo=3, routed)           0.950     2.951    user_35t_i/axi_emc_0/U0/AXI_EMC_NATIVE_INTERFACE_I/AXI_EMC_ADDRESS_DECODE_INSTANCE_I/DATAWIDTH_MATCH_GEN.addr_cnt_i[0]_i_9_0[0]
    SLICE_X9Y81          LUT6 (Prop_lut6_I0_O)        0.124     3.075 f  user_35t_i/axi_emc_0/U0/AXI_EMC_NATIVE_INTERFACE_I/AXI_EMC_ADDRESS_DECODE_INSTANCE_I/IP2Bus_RdAck_i_3/O
                         net (fo=2, routed)           0.446     3.521    user_35t_i/axi_emc_0/U0/AXI_EMC_NATIVE_INTERFACE_I/AXI_EMC_ADDRESS_DECODE_INSTANCE_I/IP2Bus_RdAck_i_3_n_0
    SLICE_X10Y81         LUT4 (Prop_lut4_I0_O)        0.124     3.645 f  user_35t_i/axi_emc_0/U0/AXI_EMC_NATIVE_INTERFACE_I/AXI_EMC_ADDRESS_DECODE_INSTANCE_I/IP2Bus_RdAck_i_2/O
                         net (fo=12, routed)          0.611     4.256    user_35t_i/axi_emc_0/U0/EMC_CTRL_I/MEM_STATE_MACHINE_I/addr_sm_ps_IDLE_reg_i_7
    SLICE_X11Y81         LUT6 (Prop_lut6_I2_O)        0.124     4.380 f  user_35t_i/axi_emc_0/U0/EMC_CTRL_I/MEM_STATE_MACHINE_I/s_axi_mem_wready_INST_0_i_6/O
                         net (fo=5, routed)           0.600     4.980    user_35t_i/axi_emc_0/U0/EMC_CTRL_I/ADDR_COUNTER_MUX_I/DATAWIDTH_MATCH_GEN.CYCLE_END_CNTR_I/pend_wrreq_reg_3
    SLICE_X13Y82         LUT6 (Prop_lut6_I5_O)        0.124     5.104 f  user_35t_i/axi_emc_0/U0/EMC_CTRL_I/ADDR_COUNTER_MUX_I/DATAWIDTH_MATCH_GEN.CYCLE_END_CNTR_I/s_axi_mem_wready_INST_0_i_1/O
                         net (fo=13, routed)          0.476     5.580    user_35t_i/axi_emc_0/U0/AXI_EMC_NATIVE_INTERFACE_I/s_axi_mem_bresp_reg_reg[1]_0
    SLICE_X12Y81         LUT5 (Prop_lut5_I0_O)        0.124     5.704 r  user_35t_i/axi_emc_0/U0/AXI_EMC_NATIVE_INTERFACE_I/s_axi_mem_wready_INST_0/O
                         net (fo=3, routed)           0.304     6.008    user_35t_i/axi_interconnect_0/m00_couplers/auto_ds/inst/gen_downsizer.gen_simple_downsizer.axi_downsizer_inst/USE_WRITE.write_addr_inst/cmd_queue/inst/m_axi_wready
    SLICE_X13Y80         LUT6 (Prop_lut6_I1_O)        0.124     6.132 r  user_35t_i/axi_interconnect_0/m00_couplers/auto_ds/inst/gen_downsizer.gen_simple_downsizer.axi_downsizer_inst/USE_WRITE.write_addr_inst/cmd_queue/inst/s_axi_wready_INST_0/O
                         net (fo=2, routed)           0.329     6.461    user_35t_i/axi_interconnect_0/xbar/inst/gen_samd.crossbar_samd/gen_master_slots[0].gen_mi_write.wdata_mux_w/gen_wmux.wmux_aw_fifo/m_axi_wready[0]
    SLICE_X14Y79         LUT2 (Prop_lut2_I1_O)        0.124     6.585 r  user_35t_i/axi_interconnect_0/xbar/inst/gen_samd.crossbar_samd/gen_master_slots[0].gen_mi_write.wdata_mux_w/gen_wmux.wmux_aw_fifo/s_axi_wready[2]_INST_0_i_4/O
                         net (fo=3, routed)           0.316     6.902    user_35t_i/axi_interconnect_0/xbar/inst/gen_samd.crossbar_samd/gen_master_slots[1].gen_mi_write.wdata_mux_w/gen_wmux.wmux_aw_fifo/s_axi_wready[2]
    SLICE_X14Y80         LUT6 (Prop_lut6_I5_O)        0.124     7.026 r  user_35t_i/axi_interconnect_0/xbar/inst/gen_samd.crossbar_samd/gen_master_slots[1].gen_mi_write.wdata_mux_w/gen_wmux.wmux_aw_fifo/s_axi_wready[2]_INST_0_i_1/O
                         net (fo=2, routed)           0.591     7.617    user_35t_i/axi_interconnect_0/xbar/inst/gen_samd.crossbar_samd/gen_slave_slots[2].gen_si_write.wdata_router_w/wrouter_aw_fifo/s_axi_wready[2]
    SLICE_X28Y81         LUT2 (Prop_lut2_I1_O)        0.124     7.741 r  user_35t_i/axi_interconnect_0/xbar/inst/gen_samd.crossbar_samd/gen_slave_slots[2].gen_si_write.wdata_router_w/wrouter_aw_fifo/s_axi_wready[2]_INST_0/O
                         net (fo=69, routed)          0.483     8.224    user_35t_i/axi_interconnect_0/s02_couplers/auto_us/inst/gen_upsizer.gen_full_upsizer.axi_upsizer_inst/USE_WRITE.gen_non_fifo_w_upsizer.write_data_inst/m_axi_wready
    SLICE_X29Y80         LUT4 (Prop_lut4_I1_O)        0.124     8.348 r  user_35t_i/axi_interconnect_0/s02_couplers/auto_us/inst/gen_upsizer.gen_full_upsizer.axi_upsizer_inst/USE_WRITE.gen_non_fifo_w_upsizer.write_data_inst/USE_RTL_LENGTH.first_mi_word_q_i_2/O
                         net (fo=67, routed)          0.992     9.340    user_35t_i/axi_interconnect_0/s02_couplers/auto_us/inst/gen_upsizer.gen_full_upsizer.axi_upsizer_inst/USE_WRITE.write_addr_inst/GEN_CMD_QUEUE.cmd_queue/USE_FF_OUT.USE_RTL_OUTPUT_PIPELINE.M_MESG_Q_reg[0]_0
    SLICE_X41Y80         LUT5 (Prop_lut5_I4_O)        0.124     9.464 r  user_35t_i/axi_interconnect_0/s02_couplers/auto_us/inst/gen_upsizer.gen_full_upsizer.axi_upsizer_inst/USE_WRITE.write_addr_inst/GEN_CMD_QUEUE.cmd_queue/WORD_LANE[7].USE_ALWAYS_PACKER.BYTE_LANE[2].USE_RTL_DATA.USE_REGISTER.M_AXI_WDATA_I[247]_i_3/O
                         net (fo=9, routed)           0.410     9.874    user_35t_i/axi_interconnect_0/s02_couplers/auto_us/inst/gen_upsizer.gen_full_upsizer.axi_upsizer_inst/USE_WRITE.gen_non_fifo_w_upsizer.write_data_inst/WORD_LANE[7].USE_ALWAYS_PACKER.BYTE_LANE[2].USE_RTL_DATA.USE_REGISTER.M_AXI_WDATA_I_reg[240]_0
    SLICE_X40Y80         LUT3 (Prop_lut3_I2_O)        0.124     9.998 r  user_35t_i/axi_interconnect_0/s02_couplers/auto_us/inst/gen_upsizer.gen_full_upsizer.axi_upsizer_inst/USE_WRITE.gen_non_fifo_w_upsizer.write_data_inst/WORD_LANE[7].USE_ALWAYS_PACKER.BYTE_LANE[2].USE_RTL_DATA.USE_REGISTER.M_AXI_WDATA_I[247]_i_1/O
                         net (fo=8, routed)           0.553    10.551    user_35t_i/axi_interconnect_0/s02_couplers/auto_us/inst/gen_upsizer.gen_full_upsizer.axi_upsizer_inst/USE_WRITE.gen_non_fifo_w_upsizer.write_data_inst/WORD_LANE[7].USE_ALWAYS_PACKER.BYTE_LANE[2].USE_RTL_DATA.USE_REGISTER.M_AXI_WDATA_I[247]_i_1_n_0
    SLICE_X39Y80         FDRE                                         r  user_35t_i/axi_interconnect_0/s02_couplers/auto_us/inst/gen_upsizer.gen_full_upsizer.axi_upsizer_inst/USE_WRITE.gen_non_fifo_w_upsizer.write_data_inst/WORD_LANE[7].USE_ALWAYS_PACKER.BYTE_LANE[2].USE_RTL_DATA.USE_REGISTER.M_AXI_WDATA_I_reg[240]/CE
  -------------------------------------------------------------------    -------------------

                         (clock clk_out1_user_35t_clk_wiz_0_0 rise edge)
                                                     10.000    10.000 r  
    BUFGCTRL_X0Y4        BUFG                         0.000    10.000 r  sys_clock_IBUF_BUFG_inst/O
                         net (fo=38, routed)          1.457    11.457    user_35t_i/clk_wiz_0/inst/clk_in1
    MMCME2_ADV_X1Y0      MMCME2_ADV (Prop_mmcme2_adv_CLKIN1_CLKOUT0)
                                                     -3.129     8.328 r  user_35t_i/clk_wiz_0/inst/mmcm_adv_inst/CLKOUT0
                         net (fo=1, routed)           1.581     9.909    user_35t_i/clk_wiz_0/inst/clk_out1_user_35t_clk_wiz_0_0
    BUFGCTRL_X0Y0        BUFG (Prop_bufg_I_O)         0.091    10.000 r  user_35t_i/clk_wiz_0/inst/clkout1_buf/O
                         net (fo=25480, routed)       1.424    11.424    user_35t_i/axi_interconnect_0/s02_couplers/auto_us/inst/gen_upsizer.gen_full_upsizer.axi_upsizer_inst/USE_WRITE.gen_non_fifo_w_upsizer.write_data_inst/USE_RTL_LENGTH.length_counter_q_reg[0]_0
    SLICE_X39Y80         FDRE                                         r  user_35t_i/axi_interconnect_0/s02_couplers/auto_us/inst/gen_upsizer.gen_full_upsizer.axi_upsizer_inst/USE_WRITE.gen_non_fifo_w_upsizer.write_data_inst/WORD_LANE[7].USE_ALWAYS_PACKER.BYTE_LANE[2].USE_RTL_DATA.USE_REGISTER.M_AXI_WDATA_I_reg[240]/C
                         clock pessimism              0.007    11.431    
                         clock uncertainty           -0.243    11.188    
    SLICE_X39Y80         FDRE (Setup_fdre_C_CE)      -0.205    10.983    user_35t_i/axi_interconnect_0/s02_couplers/auto_us/inst/gen_upsizer.gen_full_upsizer.axi_upsizer_inst/USE_WRITE.gen_non_fifo_w_upsizer.write_data_inst/WORD_LANE[7].USE_ALWAYS_PACKER.BYTE_LANE[2].USE_RTL_DATA.USE_REGISTER.M_AXI_WDATA_I_reg[240]
  -------------------------------------------------------------------
                         required time                         10.983    
                         arrival time                         -10.551    
  -------------------------------------------------------------------
                         slack                                  0.432    

Slack (MET) :             0.432ns  (required time - arrival time)
  Source:                 user_35t_i/axi_emc_0/U0/AXI_EMC_NATIVE_INTERFACE_I/burstlength_reg_reg[0]/C
                            (rising edge-triggered cell FDRE clocked by clk_out1_user_35t_clk_wiz_0_0  {rise@0.000ns fall@5.000ns period=10.000ns})
  Destination:            user_35t_i/axi_interconnect_0/s02_couplers/auto_us/inst/gen_upsizer.gen_full_upsizer.axi_upsizer_inst/USE_WRITE.gen_non_fifo_w_upsizer.write_data_inst/WORD_LANE[7].USE_ALWAYS_PACKER.BYTE_LANE[2].USE_RTL_DATA.USE_REGISTER.M_AXI_WDATA_I_reg[241]/CE
                            (rising edge-triggered cell FDRE clocked by clk_out1_user_35t_clk_wiz_0_0  {rise@0.000ns fall@5.000ns period=10.000ns})
  Path Group:             clk_out1_user_35t_clk_wiz_0_0
  Path Type:              Setup (Max at Slow Process Corner)
  Requirement:            10.000ns  (clk_out1_user_35t_clk_wiz_0_0 rise@10.000ns - clk_out1_user_35t_clk_wiz_0_0 rise@0.000ns)
  Data Path Delay:        9.006ns  (logic 1.944ns (21.586%)  route 7.062ns (78.414%))
  Logic Levels:           12  (LUT2=2 LUT3=1 LUT4=2 LUT5=2 LUT6=5)
  Clock Path Skew:        -0.114ns (DCD - SCD + CPR)
    Destination Clock Delay (DCD):    1.424ns = ( 11.424 - 10.000 ) 
    Source Clock Delay      (SCD):    1.545ns
    Clock Pessimism Removal (CPR):    0.007ns
  Clock Uncertainty:      0.243ns  ((TSJ^2 + DJ^2)^1/2) / 2 + PE
    Total System Jitter     (TSJ):    0.071ns
    Discrete Jitter          (DJ):    0.480ns
    Phase Error              (PE):    0.000ns

    Location             Delay type                Incr(ns)  Path(ns)    Netlist Resource(s)
  -------------------------------------------------------------------    -------------------
                         (clock clk_out1_user_35t_clk_wiz_0_0 rise edge)
                                                      0.000     0.000 r  
    BUFGCTRL_X0Y4        BUFG                         0.000     0.000 r  sys_clock_IBUF_BUFG_inst/O
                         net (fo=38, routed)          1.575     1.575    user_35t_i/clk_wiz_0/inst/clk_in1
    MMCME2_ADV_X1Y0      MMCME2_ADV (Prop_mmcme2_adv_CLKIN1_CLKOUT0)
                                                     -3.333    -1.757 r  user_35t_i/clk_wiz_0/inst/mmcm_adv_inst/CLKOUT0
                         net (fo=1, routed)           1.661    -0.096    user_35t_i/clk_wiz_0/inst/clk_out1_user_35t_clk_wiz_0_0
    BUFGCTRL_X0Y0        BUFG (Prop_bufg_I_O)         0.096    -0.000 r  user_35t_i/clk_wiz_0/inst/clkout1_buf/O
                         net (fo=25480, routed)       1.545     1.545    user_35t_i/axi_emc_0/U0/AXI_EMC_NATIVE_INTERFACE_I/s_axi_aclk
    SLICE_X9Y80          FDRE                                         r  user_35t_i/axi_emc_0/U0/AXI_EMC_NATIVE_INTERFACE_I/burstlength_reg_reg[0]/C
  -------------------------------------------------------------------    -------------------
    SLICE_X9Y80          FDRE (Prop_fdre_C_Q)         0.456     2.001 r  user_35t_i/axi_emc_0/U0/AXI_EMC_NATIVE_INTERFACE_I/burstlength_reg_reg[0]/Q
                         net (fo=3, routed)           0.950     2.951    user_35t_i/axi_emc_0/U0/AXI_EMC_NATIVE_INTERFACE_I/AXI_EMC_ADDRESS_DECODE_INSTANCE_I/DATAWIDTH_MATCH_GEN.addr_cnt_i[0]_i_9_0[0]
    SLICE_X9Y81          LUT6 (Prop_lut6_I0_O)        0.124     3.075 f  user_35t_i/axi_emc_0/U0/AXI_EMC_NATIVE_INTERFACE_I/AXI_EMC_ADDRESS_DECODE_INSTANCE_I/IP2Bus_RdAck_i_3/O
                         net (fo=2, routed)           0.446     3.521    user_35t_i/axi_emc_0/U0/AXI_EMC_NATIVE_INTERFACE_I/AXI_EMC_ADDRESS_DECODE_INSTANCE_I/IP2Bus_RdAck_i_3_n_0
    SLICE_X10Y81         LUT4 (Prop_lut4_I0_O)        0.124     3.645 f  user_35t_i/axi_emc_0/U0/AXI_EMC_NATIVE_INTERFACE_I/AXI_EMC_ADDRESS_DECODE_INSTANCE_I/IP2Bus_RdAck_i_2/O
                         net (fo=12, routed)          0.611     4.256    user_35t_i/axi_emc_0/U0/EMC_CTRL_I/MEM_STATE_MACHINE_I/addr_sm_ps_IDLE_reg_i_7
    SLICE_X11Y81         LUT6 (Prop_lut6_I2_O)        0.124     4.380 f  user_35t_i/axi_emc_0/U0/EMC_CTRL_I/MEM_STATE_MACHINE_I/s_axi_mem_wready_INST_0_i_6/O
                         net (fo=5, routed)           0.600     4.980    user_35t_i/axi_emc_0/U0/EMC_CTRL_I/ADDR_COUNTER_MUX_I/DATAWIDTH_MATCH_GEN.CYCLE_END_CNTR_I/pend_wrreq_reg_3
    SLICE_X13Y82         LUT6 (Prop_lut6_I5_O)        0.124     5.104 f  user_35t_i/axi_emc_0/U0/EMC_CTRL_I/ADDR_COUNTER_MUX_I/DATAWIDTH_MATCH_GEN.CYCLE_END_CNTR_I/s_axi_mem_wready_INST_0_i_1/O
                         net (fo=13, routed)          0.476     5.580    user_35t_i/axi_emc_0/U0/AXI_EMC_NATIVE_INTERFACE_I/s_axi_mem_bresp_reg_reg[1]_0
    SLICE_X12Y81         LUT5 (Prop_lut5_I0_O)        0.124     5.704 r  user_35t_i/axi_emc_0/U0/AXI_EMC_NATIVE_INTERFACE_I/s_axi_mem_wready_INST_0/O
                         net (fo=3, routed)           0.304     6.008    user_35t_i/axi_interconnect_0/m00_couplers/auto_ds/inst/gen_downsizer.gen_simple_downsizer.axi_downsizer_inst/USE_WRITE.write_addr_inst/cmd_queue/inst/m_axi_wready
    SLICE_X13Y80         LUT6 (Prop_lut6_I1_O)        0.124     6.132 r  user_35t_i/axi_interconnect_0/m00_couplers/auto_ds/inst/gen_downsizer.gen_simple_downsizer.axi_downsizer_inst/USE_WRITE.write_addr_inst/cmd_queue/inst/s_axi_wready_INST_0/O
                         net (fo=2, routed)           0.329     6.461    user_35t_i/axi_interconnect_0/xbar/inst/gen_samd.crossbar_samd/gen_master_slots[0].gen_mi_write.wdata_mux_w/gen_wmux.wmux_aw_fifo/m_axi_wready[0]
    SLICE_X14Y79         LUT2 (Prop_lut2_I1_O)        0.124     6.585 r  user_35t_i/axi_interconnect_0/xbar/inst/gen_samd.crossbar_samd/gen_master_slots[0].gen_mi_write.wdata_mux_w/gen_wmux.wmux_aw_fifo/s_axi_wready[2]_INST_0_i_4/O
                         net (fo=3, routed)           0.316     6.902    user_35t_i/axi_interconnect_0/xbar/inst/gen_samd.crossbar_samd/gen_master_slots[1].gen_mi_write.wdata_mux_w/gen_wmux.wmux_aw_fifo/s_axi_wready[2]
    SLICE_X14Y80         LUT6 (Prop_lut6_I5_O)        0.124     7.026 r  user_35t_i/axi_interconnect_0/xbar/inst/gen_samd.crossbar_samd/gen_master_slots[1].gen_mi_write.wdata_mux_w/gen_wmux.wmux_aw_fifo/s_axi_wready[2]_INST_0_i_1/O
                         net (fo=2, routed)           0.591     7.617    user_35t_i/axi_interconnect_0/xbar/inst/gen_samd.crossbar_samd/gen_slave_slots[2].gen_si_write.wdata_router_w/wrouter_aw_fifo/s_axi_wready[2]
    SLICE_X28Y81         LUT2 (Prop_lut2_I1_O)        0.124     7.741 r  user_35t_i/axi_interconnect_0/xbar/inst/gen_samd.crossbar_samd/gen_slave_slots[2].gen_si_write.wdata_router_w/wrouter_aw_fifo/s_axi_wready[2]_INST_0/O
                         net (fo=69, routed)          0.483     8.224    user_35t_i/axi_interconnect_0/s02_couplers/auto_us/inst/gen_upsizer.gen_full_upsizer.axi_upsizer_inst/USE_WRITE.gen_non_fifo_w_upsizer.write_data_inst/m_axi_wready
    SLICE_X29Y80         LUT4 (Prop_lut4_I1_O)        0.124     8.348 r  user_35t_i/axi_interconnect_0/s02_couplers/auto_us/inst/gen_upsizer.gen_full_upsizer.axi_upsizer_inst/USE_WRITE.gen_non_fifo_w_upsizer.write_data_inst/USE_RTL_LENGTH.first_mi_word_q_i_2/O
                         net (fo=67, routed)          0.992     9.340    user_35t_i/axi_interconnect_0/s02_couplers/auto_us/inst/gen_upsizer.gen_full_upsizer.axi_upsizer_inst/USE_WRITE.write_addr_inst/GEN_CMD_QUEUE.cmd_queue/USE_FF_OUT.USE_RTL_OUTPUT_PIPELINE.M_MESG_Q_reg[0]_0
    SLICE_X41Y80         LUT5 (Prop_lut5_I4_O)        0.124     9.464 r  user_35t_i/axi_interconnect_0/s02_couplers/auto_us/inst/gen_upsizer.gen_full_upsizer.axi_upsizer_inst/USE_WRITE.write_addr_inst/GEN_CMD_QUEUE.cmd_queue/WORD_LANE[7].USE_ALWAYS_PACKER.BYTE_LANE[2].USE_RTL_DATA.USE_REGISTER.M_AXI_WDATA_I[247]_i_3/O
                         net (fo=9, routed)           0.410     9.874    user_35t_i/axi_interconnect_0/s02_couplers/auto_us/inst/gen_upsizer.gen_full_upsizer.axi_upsizer_inst/USE_WRITE.gen_non_fifo_w_upsizer.write_data_inst/WORD_LANE[7].USE_ALWAYS_PACKER.BYTE_LANE[2].USE_RTL_DATA.USE_REGISTER.M_AXI_WDATA_I_reg[240]_0
    SLICE_X40Y80         LUT3 (Prop_lut3_I2_O)        0.124     9.998 r  user_35t_i/axi_interconnect_0/s02_couplers/auto_us/inst/gen_upsizer.gen_full_upsizer.axi_upsizer_inst/USE_WRITE.gen_non_fifo_w_upsizer.write_data_inst/WORD_LANE[7].USE_ALWAYS_PACKER.BYTE_LANE[2].USE_RTL_DATA.USE_REGISTER.M_AXI_WDATA_I[247]_i_1/O
                         net (fo=8, routed)           0.553    10.551    user_35t_i/axi_interconnect_0/s02_couplers/auto_us/inst/gen_upsizer.gen_full_upsizer.axi_upsizer_inst/USE_WRITE.gen_non_fifo_w_upsizer.write_data_inst/WORD_LANE[7].USE_ALWAYS_PACKER.BYTE_LANE[2].USE_RTL_DATA.USE_REGISTER.M_AXI_WDATA_I[247]_i_1_n_0
    SLICE_X39Y80         FDRE                                         r  user_35t_i/axi_interconnect_0/s02_couplers/auto_us/inst/gen_upsizer.gen_full_upsizer.axi_upsizer_inst/USE_WRITE.gen_non_fifo_w_upsizer.write_data_inst/WORD_LANE[7].USE_ALWAYS_PACKER.BYTE_LANE[2].USE_RTL_DATA.USE_REGISTER.M_AXI_WDATA_I_reg[241]/CE
  -------------------------------------------------------------------    -------------------

                         (clock clk_out1_user_35t_clk_wiz_0_0 rise edge)
                                                     10.000    10.000 r  
    BUFGCTRL_X0Y4        BUFG                         0.000    10.000 r  sys_clock_IBUF_BUFG_inst/O
                         net (fo=38, routed)          1.457    11.457    user_35t_i/clk_wiz_0/inst/clk_in1
    MMCME2_ADV_X1Y0      MMCME2_ADV (Prop_mmcme2_adv_CLKIN1_CLKOUT0)
                                                     -3.129     8.328 r  user_35t_i/clk_wiz_0/inst/mmcm_adv_inst/CLKOUT0
                         net (fo=1, routed)           1.581     9.909    user_35t_i/clk_wiz_0/inst/clk_out1_user_35t_clk_wiz_0_0
    BUFGCTRL_X0Y0        BUFG (Prop_bufg_I_O)         0.091    10.000 r  user_35t_i/clk_wiz_0/inst/clkout1_buf/O
                         net (fo=25480, routed)       1.424    11.424    user_35t_i/axi_interconnect_0/s02_couplers/auto_us/inst/gen_upsizer.gen_full_upsizer.axi_upsizer_inst/USE_WRITE.gen_non_fifo_w_upsizer.write_data_inst/USE_RTL_LENGTH.length_counter_q_reg[0]_0
    SLICE_X39Y80         FDRE                                         r  user_35t_i/axi_interconnect_0/s02_couplers/auto_us/inst/gen_upsizer.gen_full_upsizer.axi_upsizer_inst/USE_WRITE.gen_non_fifo_w_upsizer.write_data_inst/WORD_LANE[7].USE_ALWAYS_PACKER.BYTE_LANE[2].USE_RTL_DATA.USE_REGISTER.M_AXI_WDATA_I_reg[241]/C
                         clock pessimism              0.007    11.431    
                         clock uncertainty           -0.243    11.188    
    SLICE_X39Y80         FDRE (Setup_fdre_C_CE)      -0.205    10.983    user_35t_i/axi_interconnect_0/s02_couplers/auto_us/inst/gen_upsizer.gen_full_upsizer.axi_upsizer_inst/USE_WRITE.gen_non_fifo_w_upsizer.write_data_inst/WORD_LANE[7].USE_ALWAYS_PACKER.BYTE_LANE[2].USE_RTL_DATA.USE_REGISTER.M_AXI_WDATA_I_reg[241]
  -------------------------------------------------------------------
                         required time                         10.983    
                         arrival time                         -10.551    
  -------------------------------------------------------------------
                         slack                                  0.432    

Slack (MET) :             0.432ns  (required time - arrival time)
  Source:                 user_35t_i/axi_emc_0/U0/AXI_EMC_NATIVE_INTERFACE_I/burstlength_reg_reg[0]/C
                            (rising edge-triggered cell FDRE clocked by clk_out1_user_35t_clk_wiz_0_0  {rise@0.000ns fall@5.000ns period=10.000ns})
  Destination:            user_35t_i/axi_interconnect_0/s02_couplers/auto_us/inst/gen_upsizer.gen_full_upsizer.axi_upsizer_inst/USE_WRITE.gen_non_fifo_w_upsizer.write_data_inst/WORD_LANE[7].USE_ALWAYS_PACKER.BYTE_LANE[2].USE_RTL_DATA.USE_REGISTER.M_AXI_WDATA_I_reg[244]/CE
                            (rising edge-triggered cell FDRE clocked by clk_out1_user_35t_clk_wiz_0_0  {rise@0.000ns fall@5.000ns period=10.000ns})
  Path Group:             clk_out1_user_35t_clk_wiz_0_0
  Path Type:              Setup (Max at Slow Process Corner)
  Requirement:            10.000ns  (clk_out1_user_35t_clk_wiz_0_0 rise@10.000ns - clk_out1_user_35t_clk_wiz_0_0 rise@0.000ns)
  Data Path Delay:        9.006ns  (logic 1.944ns (21.586%)  route 7.062ns (78.414%))
  Logic Levels:           12  (LUT2=2 LUT3=1 LUT4=2 LUT5=2 LUT6=5)
  Clock Path Skew:        -0.114ns (DCD - SCD + CPR)
    Destination Clock Delay (DCD):    1.424ns = ( 11.424 - 10.000 ) 
    Source Clock Delay      (SCD):    1.545ns
    Clock Pessimism Removal (CPR):    0.007ns
  Clock Uncertainty:      0.243ns  ((TSJ^2 + DJ^2)^1/2) / 2 + PE
    Total System Jitter     (TSJ):    0.071ns
    Discrete Jitter          (DJ):    0.480ns
    Phase Error              (PE):    0.000ns

    Location             Delay type                Incr(ns)  Path(ns)    Netlist Resource(s)
  -------------------------------------------------------------------    -------------------
                         (clock clk_out1_user_35t_clk_wiz_0_0 rise edge)
                                                      0.000     0.000 r  
    BUFGCTRL_X0Y4        BUFG                         0.000     0.000 r  sys_clock_IBUF_BUFG_inst/O
                         net (fo=38, routed)          1.575     1.575    user_35t_i/clk_wiz_0/inst/clk_in1
    MMCME2_ADV_X1Y0      MMCME2_ADV (Prop_mmcme2_adv_CLKIN1_CLKOUT0)
                                                     -3.333    -1.757 r  user_35t_i/clk_wiz_0/inst/mmcm_adv_inst/CLKOUT0
                         net (fo=1, routed)           1.661    -0.096    user_35t_i/clk_wiz_0/inst/clk_out1_user_35t_clk_wiz_0_0
    BUFGCTRL_X0Y0        BUFG (Prop_bufg_I_O)         0.096    -0.000 r  user_35t_i/clk_wiz_0/inst/clkout1_buf/O
                         net (fo=25480, routed)       1.545     1.545    user_35t_i/axi_emc_0/U0/AXI_EMC_NATIVE_INTERFACE_I/s_axi_aclk
    SLICE_X9Y80          FDRE                                         r  user_35t_i/axi_emc_0/U0/AXI_EMC_NATIVE_INTERFACE_I/burstlength_reg_reg[0]/C
  -------------------------------------------------------------------    -------------------
    SLICE_X9Y80          FDRE (Prop_fdre_C_Q)         0.456     2.001 r  user_35t_i/axi_emc_0/U0/AXI_EMC_NATIVE_INTERFACE_I/burstlength_reg_reg[0]/Q
                         net (fo=3, routed)           0.950     2.951    user_35t_i/axi_emc_0/U0/AXI_EMC_NATIVE_INTERFACE_I/AXI_EMC_ADDRESS_DECODE_INSTANCE_I/DATAWIDTH_MATCH_GEN.addr_cnt_i[0]_i_9_0[0]
    SLICE_X9Y81          LUT6 (Prop_lut6_I0_O)        0.124     3.075 f  user_35t_i/axi_emc_0/U0/AXI_EMC_NATIVE_INTERFACE_I/AXI_EMC_ADDRESS_DECODE_INSTANCE_I/IP2Bus_RdAck_i_3/O
                         net (fo=2, routed)           0.446     3.521    user_35t_i/axi_emc_0/U0/AXI_EMC_NATIVE_INTERFACE_I/AXI_EMC_ADDRESS_DECODE_INSTANCE_I/IP2Bus_RdAck_i_3_n_0
    SLICE_X10Y81         LUT4 (Prop_lut4_I0_O)        0.124     3.645 f  user_35t_i/axi_emc_0/U0/AXI_EMC_NATIVE_INTERFACE_I/AXI_EMC_ADDRESS_DECODE_INSTANCE_I/IP2Bus_RdAck_i_2/O
                         net (fo=12, routed)          0.611     4.256    user_35t_i/axi_emc_0/U0/EMC_CTRL_I/MEM_STATE_MACHINE_I/addr_sm_ps_IDLE_reg_i_7
    SLICE_X11Y81         LUT6 (Prop_lut6_I2_O)        0.124     4.380 f  user_35t_i/axi_emc_0/U0/EMC_CTRL_I/MEM_STATE_MACHINE_I/s_axi_mem_wready_INST_0_i_6/O
                         net (fo=5, routed)           0.600     4.980    user_35t_i/axi_emc_0/U0/EMC_CTRL_I/ADDR_COUNTER_MUX_I/DATAWIDTH_MATCH_GEN.CYCLE_END_CNTR_I/pend_wrreq_reg_3
    SLICE_X13Y82         LUT6 (Prop_lut6_I5_O)        0.124     5.104 f  user_35t_i/axi_emc_0/U0/EMC_CTRL_I/ADDR_COUNTER_MUX_I/DATAWIDTH_MATCH_GEN.CYCLE_END_CNTR_I/s_axi_mem_wready_INST_0_i_1/O
                         net (fo=13, routed)          0.476     5.580    user_35t_i/axi_emc_0/U0/AXI_EMC_NATIVE_INTERFACE_I/s_axi_mem_bresp_reg_reg[1]_0
    SLICE_X12Y81         LUT5 (Prop_lut5_I0_O)        0.124     5.704 r  user_35t_i/axi_emc_0/U0/AXI_EMC_NATIVE_INTERFACE_I/s_axi_mem_wready_INST_0/O
                         net (fo=3, routed)           0.304     6.008    user_35t_i/axi_interconnect_0/m00_couplers/auto_ds/inst/gen_downsizer.gen_simple_downsizer.axi_downsizer_inst/USE_WRITE.write_addr_inst/cmd_queue/inst/m_axi_wready
    SLICE_X13Y80         LUT6 (Prop_lut6_I1_O)        0.124     6.132 r  user_35t_i/axi_interconnect_0/m00_couplers/auto_ds/inst/gen_downsizer.gen_simple_downsizer.axi_downsizer_inst/USE_WRITE.write_addr_inst/cmd_queue/inst/s_axi_wready_INST_0/O
                         net (fo=2, routed)           0.329     6.461    user_35t_i/axi_interconnect_0/xbar/inst/gen_samd.crossbar_samd/gen_master_slots[0].gen_mi_write.wdata_mux_w/gen_wmux.wmux_aw_fifo/m_axi_wready[0]
    SLICE_X14Y79         LUT2 (Prop_lut2_I1_O)        0.124     6.585 r  user_35t_i/axi_interconnect_0/xbar/inst/gen_samd.crossbar_samd/gen_master_slots[0].gen_mi_write.wdata_mux_w/gen_wmux.wmux_aw_fifo/s_axi_wready[2]_INST_0_i_4/O
                         net (fo=3, routed)           0.316     6.902    user_35t_i/axi_interconnect_0/xbar/inst/gen_samd.crossbar_samd/gen_master_slots[1].gen_mi_write.wdata_mux_w/gen_wmux.wmux_aw_fifo/s_axi_wready[2]
    SLICE_X14Y80         LUT6 (Prop_lut6_I5_O)        0.124     7.026 r  user_35t_i/axi_interconnect_0/xbar/inst/gen_samd.crossbar_samd/gen_master_slots[1].gen_mi_write.wdata_mux_w/gen_wmux.wmux_aw_fifo/s_axi_wready[2]_INST_0_i_1/O
                         net (fo=2, routed)           0.591     7.617    user_35t_i/axi_interconnect_0/xbar/inst/gen_samd.crossbar_samd/gen_slave_slots[2].gen_si_write.wdata_router_w/wrouter_aw_fifo/s_axi_wready[2]
    SLICE_X28Y81         LUT2 (Prop_lut2_I1_O)        0.124     7.741 r  user_35t_i/axi_interconnect_0/xbar/inst/gen_samd.crossbar_samd/gen_slave_slots[2].gen_si_write.wdata_router_w/wrouter_aw_fifo/s_axi_wready[2]_INST_0/O
                         net (fo=69, routed)          0.483     8.224    user_35t_i/axi_interconnect_0/s02_couplers/auto_us/inst/gen_upsizer.gen_full_upsizer.axi_upsizer_inst/USE_WRITE.gen_non_fifo_w_upsizer.write_data_inst/m_axi_wready
    SLICE_X29Y80         LUT4 (Prop_lut4_I1_O)        0.124     8.348 r  user_35t_i/axi_interconnect_0/s02_couplers/auto_us/inst/gen_upsizer.gen_full_upsizer.axi_upsizer_inst/USE_WRITE.gen_non_fifo_w_upsizer.write_data_inst/USE_RTL_LENGTH.first_mi_word_q_i_2/O
                         net (fo=67, routed)          0.992     9.340    user_35t_i/axi_interconnect_0/s02_couplers/auto_us/inst/gen_upsizer.gen_full_upsizer.axi_upsizer_inst/USE_WRITE.write_addr_inst/GEN_CMD_QUEUE.cmd_queue/USE_FF_OUT.USE_RTL_OUTPUT_PIPELINE.M_MESG_Q_reg[0]_0
    SLICE_X41Y80         LUT5 (Prop_lut5_I4_O)        0.124     9.464 r  user_35t_i/axi_interconnect_0/s02_couplers/auto_us/inst/gen_upsizer.gen_full_upsizer.axi_upsizer_inst/USE_WRITE.write_addr_inst/GEN_CMD_QUEUE.cmd_queue/WORD_LANE[7].USE_ALWAYS_PACKER.BYTE_LANE[2].USE_RTL_DATA.USE_REGISTER.M_AXI_WDATA_I[247]_i_3/O
                         net (fo=9, routed)           0.410     9.874    user_35t_i/axi_interconnect_0/s02_couplers/auto_us/inst/gen_upsizer.gen_full_upsizer.axi_upsizer_inst/USE_WRITE.gen_non_fifo_w_upsizer.write_data_inst/WORD_LANE[7].USE_ALWAYS_PACKER.BYTE_LANE[2].USE_RTL_DATA.USE_REGISTER.M_AXI_WDATA_I_reg[240]_0
    SLICE_X40Y80         LUT3 (Prop_lut3_I2_O)        0.124     9.998 r  user_35t_i/axi_interconnect_0/s02_couplers/auto_us/inst/gen_upsizer.gen_full_upsizer.axi_upsizer_inst/USE_WRITE.gen_non_fifo_w_upsizer.write_data_inst/WORD_LANE[7].USE_ALWAYS_PACKER.BYTE_LANE[2].USE_RTL_DATA.USE_REGISTER.M_AXI_WDATA_I[247]_i_1/O
                         net (fo=8, routed)           0.553    10.551    user_35t_i/axi_interconnect_0/s02_couplers/auto_us/inst/gen_upsizer.gen_full_upsizer.axi_upsizer_inst/USE_WRITE.gen_non_fifo_w_upsizer.write_data_inst/WORD_LANE[7].USE_ALWAYS_PACKER.BYTE_LANE[2].USE_RTL_DATA.USE_REGISTER.M_AXI_WDATA_I[247]_i_1_n_0
    SLICE_X39Y80         FDRE                                         r  user_35t_i/axi_interconnect_0/s02_couplers/auto_us/inst/gen_upsizer.gen_full_upsizer.axi_upsizer_inst/USE_WRITE.gen_non_fifo_w_upsizer.write_data_inst/WORD_LANE[7].USE_ALWAYS_PACKER.BYTE_LANE[2].USE_RTL_DATA.USE_REGISTER.M_AXI_WDATA_I_reg[244]/CE
  -------------------------------------------------------------------    -------------------

                         (clock clk_out1_user_35t_clk_wiz_0_0 rise edge)
                                                     10.000    10.000 r  
    BUFGCTRL_X0Y4        BUFG                         0.000    10.000 r  sys_clock_IBUF_BUFG_inst/O
                         net (fo=38, routed)          1.457    11.457    user_35t_i/clk_wiz_0/inst/clk_in1
    MMCME2_ADV_X1Y0      MMCME2_ADV (Prop_mmcme2_adv_CLKIN1_CLKOUT0)
                                                     -3.129     8.328 r  user_35t_i/clk_wiz_0/inst/mmcm_adv_inst/CLKOUT0
                         net (fo=1, routed)           1.581     9.909    user_35t_i/clk_wiz_0/inst/clk_out1_user_35t_clk_wiz_0_0
    BUFGCTRL_X0Y0        BUFG (Prop_bufg_I_O)         0.091    10.000 r  user_35t_i/clk_wiz_0/inst/clkout1_buf/O
                         net (fo=25480, routed)       1.424    11.424    user_35t_i/axi_interconnect_0/s02_couplers/auto_us/inst/gen_upsizer.gen_full_upsizer.axi_upsizer_inst/USE_WRITE.gen_non_fifo_w_upsizer.write_data_inst/USE_RTL_LENGTH.length_counter_q_reg[0]_0
    SLICE_X39Y80         FDRE                                         r  user_35t_i/axi_interconnect_0/s02_couplers/auto_us/inst/gen_upsizer.gen_full_upsizer.axi_upsizer_inst/USE_WRITE.gen_non_fifo_w_upsizer.write_data_inst/WORD_LANE[7].USE_ALWAYS_PACKER.BYTE_LANE[2].USE_RTL_DATA.USE_REGISTER.M_AXI_WDATA_I_reg[244]/C
                         clock pessimism              0.007    11.431    
                         clock uncertainty           -0.243    11.188    
    SLICE_X39Y80         FDRE (Setup_fdre_C_CE)      -0.205    10.983    user_35t_i/axi_interconnect_0/s02_couplers/auto_us/inst/gen_upsizer.gen_full_upsizer.axi_upsizer_inst/USE_WRITE.gen_non_fifo_w_upsizer.write_data_inst/WORD_LANE[7].USE_ALWAYS_PACKER.BYTE_LANE[2].USE_RTL_DATA.USE_REGISTER.M_AXI_WDATA_I_reg[244]
  -------------------------------------------------------------------
                         required time                         10.983    
                         arrival time                         -10.551    
  -------------------------------------------------------------------
                         slack                                  0.432    

Slack (MET) :             0.436ns  (required time - arrival time)
  Source:                 user_35t_i/axi_emc_0/U0/AXI_EMC_NATIVE_INTERFACE_I/burstlength_reg_reg[0]/C
                            (rising edge-triggered cell FDRE clocked by clk_out1_user_35t_clk_wiz_0_0  {rise@0.000ns fall@5.000ns period=10.000ns})
  Destination:            user_35t_i/axi_interconnect_0/s01_couplers/auto_us/inst/gen_upsizer.gen_full_upsizer.axi_upsizer_inst/USE_WRITE.gen_non_fifo_w_upsizer.write_data_inst/WORD_LANE[7].USE_ALWAYS_PACKER.BYTE_LANE[2].USE_RTL_DATA.USE_REGISTER.M_AXI_WDATA_I_reg[240]/CE
                            (rising edge-triggered cell FDRE clocked by clk_out1_user_35t_clk_wiz_0_0  {rise@0.000ns fall@5.000ns period=10.000ns})
  Path Group:             clk_out1_user_35t_clk_wiz_0_0
  Path Type:              Setup (Max at Slow Process Corner)
  Requirement:            10.000ns  (clk_out1_user_35t_clk_wiz_0_0 rise@10.000ns - clk_out1_user_35t_clk_wiz_0_0 rise@0.000ns)
  Data Path Delay:        8.996ns  (logic 1.944ns (21.610%)  route 7.052ns (78.390%))
  Logic Levels:           12  (LUT2=2 LUT3=1 LUT4=2 LUT5=2 LUT6=5)
  Clock Path Skew:        -0.120ns (DCD - SCD + CPR)
    Destination Clock Delay (DCD):    1.418ns = ( 11.418 - 10.000 ) 
    Source Clock Delay      (SCD):    1.545ns
    Clock Pessimism Removal (CPR):    0.007ns
  Clock Uncertainty:      0.243ns  ((TSJ^2 + DJ^2)^1/2) / 2 + PE
    Total System Jitter     (TSJ):    0.071ns
    Discrete Jitter          (DJ):    0.480ns
    Phase Error              (PE):    0.000ns

    Location             Delay type                Incr(ns)  Path(ns)    Netlist Resource(s)
  -------------------------------------------------------------------    -------------------
                         (clock clk_out1_user_35t_clk_wiz_0_0 rise edge)
                                                      0.000     0.000 r  
    BUFGCTRL_X0Y4        BUFG                         0.000     0.000 r  sys_clock_IBUF_BUFG_inst/O
                         net (fo=38, routed)          1.575     1.575    user_35t_i/clk_wiz_0/inst/clk_in1
    MMCME2_ADV_X1Y0      MMCME2_ADV (Prop_mmcme2_adv_CLKIN1_CLKOUT0)
                                                     -3.333    -1.757 r  user_35t_i/clk_wiz_0/inst/mmcm_adv_inst/CLKOUT0
                         net (fo=1, routed)           1.661    -0.096    user_35t_i/clk_wiz_0/inst/clk_out1_user_35t_clk_wiz_0_0
    BUFGCTRL_X0Y0        BUFG (Prop_bufg_I_O)         0.096    -0.000 r  user_35t_i/clk_wiz_0/inst/clkout1_buf/O
                         net (fo=25480, routed)       1.545     1.545    user_35t_i/axi_emc_0/U0/AXI_EMC_NATIVE_INTERFACE_I/s_axi_aclk
    SLICE_X9Y80          FDRE                                         r  user_35t_i/axi_emc_0/U0/AXI_EMC_NATIVE_INTERFACE_I/burstlength_reg_reg[0]/C
  -------------------------------------------------------------------    -------------------
    SLICE_X9Y80          FDRE (Prop_fdre_C_Q)         0.456     2.001 r  user_35t_i/axi_emc_0/U0/AXI_EMC_NATIVE_INTERFACE_I/burstlength_reg_reg[0]/Q
                         net (fo=3, routed)           0.950     2.951    user_35t_i/axi_emc_0/U0/AXI_EMC_NATIVE_INTERFACE_I/AXI_EMC_ADDRESS_DECODE_INSTANCE_I/DATAWIDTH_MATCH_GEN.addr_cnt_i[0]_i_9_0[0]
    SLICE_X9Y81          LUT6 (Prop_lut6_I0_O)        0.124     3.075 f  user_35t_i/axi_emc_0/U0/AXI_EMC_NATIVE_INTERFACE_I/AXI_EMC_ADDRESS_DECODE_INSTANCE_I/IP2Bus_RdAck_i_3/O
                         net (fo=2, routed)           0.446     3.521    user_35t_i/axi_emc_0/U0/AXI_EMC_NATIVE_INTERFACE_I/AXI_EMC_ADDRESS_DECODE_INSTANCE_I/IP2Bus_RdAck_i_3_n_0
    SLICE_X10Y81         LUT4 (Prop_lut4_I0_O)        0.124     3.645 f  user_35t_i/axi_emc_0/U0/AXI_EMC_NATIVE_INTERFACE_I/AXI_EMC_ADDRESS_DECODE_INSTANCE_I/IP2Bus_RdAck_i_2/O
                         net (fo=12, routed)          0.611     4.256    user_35t_i/axi_emc_0/U0/EMC_CTRL_I/MEM_STATE_MACHINE_I/addr_sm_ps_IDLE_reg_i_7
    SLICE_X11Y81         LUT6 (Prop_lut6_I2_O)        0.124     4.380 f  user_35t_i/axi_emc_0/U0/EMC_CTRL_I/MEM_STATE_MACHINE_I/s_axi_mem_wready_INST_0_i_6/O
                         net (fo=5, routed)           0.600     4.980    user_35t_i/axi_emc_0/U0/EMC_CTRL_I/ADDR_COUNTER_MUX_I/DATAWIDTH_MATCH_GEN.CYCLE_END_CNTR_I/pend_wrreq_reg_3
    SLICE_X13Y82         LUT6 (Prop_lut6_I5_O)        0.124     5.104 f  user_35t_i/axi_emc_0/U0/EMC_CTRL_I/ADDR_COUNTER_MUX_I/DATAWIDTH_MATCH_GEN.CYCLE_END_CNTR_I/s_axi_mem_wready_INST_0_i_1/O
                         net (fo=13, routed)          0.476     5.580    user_35t_i/axi_emc_0/U0/AXI_EMC_NATIVE_INTERFACE_I/s_axi_mem_bresp_reg_reg[1]_0
    SLICE_X12Y81         LUT5 (Prop_lut5_I0_O)        0.124     5.704 r  user_35t_i/axi_emc_0/U0/AXI_EMC_NATIVE_INTERFACE_I/s_axi_mem_wready_INST_0/O
                         net (fo=3, routed)           0.304     6.008    user_35t_i/axi_interconnect_0/m00_couplers/auto_ds/inst/gen_downsizer.gen_simple_downsizer.axi_downsizer_inst/USE_WRITE.write_addr_inst/cmd_queue/inst/m_axi_wready
    SLICE_X13Y80         LUT6 (Prop_lut6_I1_O)        0.124     6.132 r  user_35t_i/axi_interconnect_0/m00_couplers/auto_ds/inst/gen_downsizer.gen_simple_downsizer.axi_downsizer_inst/USE_WRITE.write_addr_inst/cmd_queue/inst/s_axi_wready_INST_0/O
                         net (fo=2, routed)           0.329     6.461    user_35t_i/axi_interconnect_0/xbar/inst/gen_samd.crossbar_samd/gen_master_slots[0].gen_mi_write.wdata_mux_w/gen_wmux.wmux_aw_fifo/m_axi_wready[0]
    SLICE_X14Y79         LUT2 (Prop_lut2_I1_O)        0.124     6.585 r  user_35t_i/axi_interconnect_0/xbar/inst/gen_samd.crossbar_samd/gen_master_slots[0].gen_mi_write.wdata_mux_w/gen_wmux.wmux_aw_fifo/s_axi_wready[2]_INST_0_i_4/O
                         net (fo=3, routed)           0.529     7.114    user_35t_i/axi_interconnect_0/xbar/inst/gen_samd.crossbar_samd/gen_master_slots[1].gen_mi_write.wdata_mux_w/gen_wmux.wmux_aw_fifo/s_axi_wready[2]
    SLICE_X31Y75         LUT6 (Prop_lut6_I5_O)        0.124     7.238 r  user_35t_i/axi_interconnect_0/xbar/inst/gen_samd.crossbar_samd/gen_master_slots[1].gen_mi_write.wdata_mux_w/gen_wmux.wmux_aw_fifo/s_axi_wready[1]_INST_0_i_1/O
                         net (fo=2, routed)           0.351     7.589    user_35t_i/axi_interconnect_0/xbar/inst/gen_samd.crossbar_samd/gen_slave_slots[1].gen_si_write.wdata_router_w/wrouter_aw_fifo/s_axi_wready[1]
    SLICE_X30Y74         LUT2 (Prop_lut2_I1_O)        0.124     7.713 r  user_35t_i/axi_interconnect_0/xbar/inst/gen_samd.crossbar_samd/gen_slave_slots[1].gen_si_write.wdata_router_w/wrouter_aw_fifo/s_axi_wready[1]_INST_0/O
                         net (fo=39, routed)          0.544     8.258    user_35t_i/axi_interconnect_0/s01_couplers/auto_us/inst/gen_upsizer.gen_full_upsizer.axi_upsizer_inst/USE_WRITE.gen_non_fifo_w_upsizer.write_data_inst/m_axi_wready
    SLICE_X33Y73         LUT4 (Prop_lut4_I0_O)        0.124     8.382 r  user_35t_i/axi_interconnect_0/s01_couplers/auto_us/inst/gen_upsizer.gen_full_upsizer.axi_upsizer_inst/USE_WRITE.gen_non_fifo_w_upsizer.write_data_inst/WORD_LANE[7].USE_ALWAYS_PACKER.BYTE_LANE[3].USE_RTL_DATA.USE_REGISTER.M_AXI_WDATA_I[255]_i_6/O
                         net (fo=58, routed)          0.827     9.209    user_35t_i/axi_interconnect_0/s01_couplers/auto_us/inst/gen_upsizer.gen_full_upsizer.axi_upsizer_inst/USE_WRITE.write_addr_inst/GEN_CMD_QUEUE.cmd_queue/WORD_LANE[2].USE_ALWAYS_PACKER.BYTE_LANE[3].USE_RTL_DATA.USE_REGISTER.M_AXI_WDATA_I_reg[88]
    SLICE_X37Y75         LUT5 (Prop_lut5_I4_O)        0.124     9.333 r  user_35t_i/axi_interconnect_0/s01_couplers/auto_us/inst/gen_upsizer.gen_full_upsizer.axi_upsizer_inst/USE_WRITE.write_addr_inst/GEN_CMD_QUEUE.cmd_queue/WORD_LANE[7].USE_ALWAYS_PACKER.BYTE_LANE[2].USE_RTL_DATA.USE_REGISTER.M_AXI_WDATA_I[247]_i_3/O
                         net (fo=9, routed)           0.365     9.698    user_35t_i/axi_interconnect_0/s01_couplers/auto_us/inst/gen_upsizer.gen_full_upsizer.axi_upsizer_inst/USE_WRITE.gen_non_fifo_w_upsizer.write_data_inst/M_AXI_WDATA_I118_out__2
    SLICE_X38Y75         LUT3 (Prop_lut3_I2_O)        0.124     9.822 r  user_35t_i/axi_interconnect_0/s01_couplers/auto_us/inst/gen_upsizer.gen_full_upsizer.axi_upsizer_inst/USE_WRITE.gen_non_fifo_w_upsizer.write_data_inst/WORD_LANE[7].USE_ALWAYS_PACKER.BYTE_LANE[2].USE_RTL_DATA.USE_REGISTER.M_AXI_WDATA_I[247]_i_1/O
                         net (fo=8, routed)           0.719    10.541    user_35t_i/axi_interconnect_0/s01_couplers/auto_us/inst/gen_upsizer.gen_full_upsizer.axi_upsizer_inst/USE_WRITE.gen_non_fifo_w_upsizer.write_data_inst/WORD_LANE[7].USE_ALWAYS_PACKER.BYTE_LANE[2].USE_RTL_DATA.USE_REGISTER.M_AXI_WDATA_I[247]_i_1_n_0
    SLICE_X37Y74         FDRE                                         r  user_35t_i/axi_interconnect_0/s01_couplers/auto_us/inst/gen_upsizer.gen_full_upsizer.axi_upsizer_inst/USE_WRITE.gen_non_fifo_w_upsizer.write_data_inst/WORD_LANE[7].USE_ALWAYS_PACKER.BYTE_LANE[2].USE_RTL_DATA.USE_REGISTER.M_AXI_WDATA_I_reg[240]/CE
  -------------------------------------------------------------------    -------------------

                         (clock clk_out1_user_35t_clk_wiz_0_0 rise edge)
                                                     10.000    10.000 r  
    BUFGCTRL_X0Y4        BUFG                         0.000    10.000 r  sys_clock_IBUF_BUFG_inst/O
                         net (fo=38, routed)          1.457    11.457    user_35t_i/clk_wiz_0/inst/clk_in1
    MMCME2_ADV_X1Y0      MMCME2_ADV (Prop_mmcme2_adv_CLKIN1_CLKOUT0)
                                                     -3.129     8.328 r  user_35t_i/clk_wiz_0/inst/mmcm_adv_inst/CLKOUT0
                         net (fo=1, routed)           1.581     9.909    user_35t_i/clk_wiz_0/inst/clk_out1_user_35t_clk_wiz_0_0
    BUFGCTRL_X0Y0        BUFG (Prop_bufg_I_O)         0.091    10.000 r  user_35t_i/clk_wiz_0/inst/clkout1_buf/O
                         net (fo=25480, routed)       1.418    11.418    user_35t_i/axi_interconnect_0/s01_couplers/auto_us/inst/gen_upsizer.gen_full_upsizer.axi_upsizer_inst/USE_WRITE.gen_non_fifo_w_upsizer.write_data_inst/USE_REGISTER.M_AXI_WLAST_q_reg_0
    SLICE_X37Y74         FDRE                                         r  user_35t_i/axi_interconnect_0/s01_couplers/auto_us/inst/gen_upsizer.gen_full_upsizer.axi_upsizer_inst/USE_WRITE.gen_non_fifo_w_upsizer.write_data_inst/WORD_LANE[7].USE_ALWAYS_PACKER.BYTE_LANE[2].USE_RTL_DATA.USE_REGISTER.M_AXI_WDATA_I_reg[240]/C
                         clock pessimism              0.007    11.425    
                         clock uncertainty           -0.243    11.182    
    SLICE_X37Y74         FDRE (Setup_fdre_C_CE)      -0.205    10.977    user_35t_i/axi_interconnect_0/s01_couplers/auto_us/inst/gen_upsizer.gen_full_upsizer.axi_upsizer_inst/USE_WRITE.gen_non_fifo_w_upsizer.write_data_inst/WORD_LANE[7].USE_ALWAYS_PACKER.BYTE_LANE[2].USE_RTL_DATA.USE_REGISTER.M_AXI_WDATA_I_reg[240]
  -------------------------------------------------------------------
                         required time                         10.977    
                         arrival time                         -10.541    
  -------------------------------------------------------------------
                         slack                                  0.436    

Slack (MET) :             0.436ns  (required time - arrival time)
  Source:                 user_35t_i/axi_emc_0/U0/AXI_EMC_NATIVE_INTERFACE_I/burstlength_reg_reg[0]/C
                            (rising edge-triggered cell FDRE clocked by clk_out1_user_35t_clk_wiz_0_0  {rise@0.000ns fall@5.000ns period=10.000ns})
  Destination:            user_35t_i/axi_interconnect_0/s01_couplers/auto_us/inst/gen_upsizer.gen_full_upsizer.axi_upsizer_inst/USE_WRITE.gen_non_fifo_w_upsizer.write_data_inst/WORD_LANE[7].USE_ALWAYS_PACKER.BYTE_LANE[2].USE_RTL_DATA.USE_REGISTER.M_AXI_WDATA_I_reg[242]/CE
                            (rising edge-triggered cell FDRE clocked by clk_out1_user_35t_clk_wiz_0_0  {rise@0.000ns fall@5.000ns period=10.000ns})
  Path Group:             clk_out1_user_35t_clk_wiz_0_0
  Path Type:              Setup (Max at Slow Process Corner)
  Requirement:            10.000ns  (clk_out1_user_35t_clk_wiz_0_0 rise@10.000ns - clk_out1_user_35t_clk_wiz_0_0 rise@0.000ns)
  Data Path Delay:        8.996ns  (logic 1.944ns (21.610%)  route 7.052ns (78.390%))
  Logic Levels:           12  (LUT2=2 LUT3=1 LUT4=2 LUT5=2 LUT6=5)
  Clock Path Skew:        -0.120ns (DCD - SCD + CPR)
    Destination Clock Delay (DCD):    1.418ns = ( 11.418 - 10.000 ) 
    Source Clock Delay      (SCD):    1.545ns
    Clock Pessimism Removal (CPR):    0.007ns
  Clock Uncertainty:      0.243ns  ((TSJ^2 + DJ^2)^1/2) / 2 + PE
    Total System Jitter     (TSJ):    0.071ns
    Discrete Jitter          (DJ):    0.480ns
    Phase Error              (PE):    0.000ns

    Location             Delay type                Incr(ns)  Path(ns)    Netlist Resource(s)
  -------------------------------------------------------------------    -------------------
                         (clock clk_out1_user_35t_clk_wiz_0_0 rise edge)
                                                      0.000     0.000 r  
    BUFGCTRL_X0Y4        BUFG                         0.000     0.000 r  sys_clock_IBUF_BUFG_inst/O
                         net (fo=38, routed)          1.575     1.575    user_35t_i/clk_wiz_0/inst/clk_in1
    MMCME2_ADV_X1Y0      MMCME2_ADV (Prop_mmcme2_adv_CLKIN1_CLKOUT0)
                                                     -3.333    -1.757 r  user_35t_i/clk_wiz_0/inst/mmcm_adv_inst/CLKOUT0
                         net (fo=1, routed)           1.661    -0.096    user_35t_i/clk_wiz_0/inst/clk_out1_user_35t_clk_wiz_0_0
    BUFGCTRL_X0Y0        BUFG (Prop_bufg_I_O)         0.096    -0.000 r  user_35t_i/clk_wiz_0/inst/clkout1_buf/O
                         net (fo=25480, routed)       1.545     1.545    user_35t_i/axi_emc_0/U0/AXI_EMC_NATIVE_INTERFACE_I/s_axi_aclk
    SLICE_X9Y80          FDRE                                         r  user_35t_i/axi_emc_0/U0/AXI_EMC_NATIVE_INTERFACE_I/burstlength_reg_reg[0]/C
  -------------------------------------------------------------------    -------------------
    SLICE_X9Y80          FDRE (Prop_fdre_C_Q)         0.456     2.001 r  user_35t_i/axi_emc_0/U0/AXI_EMC_NATIVE_INTERFACE_I/burstlength_reg_reg[0]/Q
                         net (fo=3, routed)           0.950     2.951    user_35t_i/axi_emc_0/U0/AXI_EMC_NATIVE_INTERFACE_I/AXI_EMC_ADDRESS_DECODE_INSTANCE_I/DATAWIDTH_MATCH_GEN.addr_cnt_i[0]_i_9_0[0]
    SLICE_X9Y81          LUT6 (Prop_lut6_I0_O)        0.124     3.075 f  user_35t_i/axi_emc_0/U0/AXI_EMC_NATIVE_INTERFACE_I/AXI_EMC_ADDRESS_DECODE_INSTANCE_I/IP2Bus_RdAck_i_3/O
                         net (fo=2, routed)           0.446     3.521    user_35t_i/axi_emc_0/U0/AXI_EMC_NATIVE_INTERFACE_I/AXI_EMC_ADDRESS_DECODE_INSTANCE_I/IP2Bus_RdAck_i_3_n_0
    SLICE_X10Y81         LUT4 (Prop_lut4_I0_O)        0.124     3.645 f  user_35t_i/axi_emc_0/U0/AXI_EMC_NATIVE_INTERFACE_I/AXI_EMC_ADDRESS_DECODE_INSTANCE_I/IP2Bus_RdAck_i_2/O
                         net (fo=12, routed)          0.611     4.256    user_35t_i/axi_emc_0/U0/EMC_CTRL_I/MEM_STATE_MACHINE_I/addr_sm_ps_IDLE_reg_i_7
    SLICE_X11Y81         LUT6 (Prop_lut6_I2_O)        0.124     4.380 f  user_35t_i/axi_emc_0/U0/EMC_CTRL_I/MEM_STATE_MACHINE_I/s_axi_mem_wready_INST_0_i_6/O
                         net (fo=5, routed)           0.600     4.980    user_35t_i/axi_emc_0/U0/EMC_CTRL_I/ADDR_COUNTER_MUX_I/DATAWIDTH_MATCH_GEN.CYCLE_END_CNTR_I/pend_wrreq_reg_3
    SLICE_X13Y82         LUT6 (Prop_lut6_I5_O)        0.124     5.104 f  user_35t_i/axi_emc_0/U0/EMC_CTRL_I/ADDR_COUNTER_MUX_I/DATAWIDTH_MATCH_GEN.CYCLE_END_CNTR_I/s_axi_mem_wready_INST_0_i_1/O
                         net (fo=13, routed)          0.476     5.580    user_35t_i/axi_emc_0/U0/AXI_EMC_NATIVE_INTERFACE_I/s_axi_mem_bresp_reg_reg[1]_0
    SLICE_X12Y81         LUT5 (Prop_lut5_I0_O)        0.124     5.704 r  user_35t_i/axi_emc_0/U0/AXI_EMC_NATIVE_INTERFACE_I/s_axi_mem_wready_INST_0/O
                         net (fo=3, routed)           0.304     6.008    user_35t_i/axi_interconnect_0/m00_couplers/auto_ds/inst/gen_downsizer.gen_simple_downsizer.axi_downsizer_inst/USE_WRITE.write_addr_inst/cmd_queue/inst/m_axi_wready
    SLICE_X13Y80         LUT6 (Prop_lut6_I1_O)        0.124     6.132 r  user_35t_i/axi_interconnect_0/m00_couplers/auto_ds/inst/gen_downsizer.gen_simple_downsizer.axi_downsizer_inst/USE_WRITE.write_addr_inst/cmd_queue/inst/s_axi_wready_INST_0/O
                         net (fo=2, routed)           0.329     6.461    user_35t_i/axi_interconnect_0/xbar/inst/gen_samd.crossbar_samd/gen_master_slots[0].gen_mi_write.wdata_mux_w/gen_wmux.wmux_aw_fifo/m_axi_wready[0]
    SLICE_X14Y79         LUT2 (Prop_lut2_I1_O)        0.124     6.585 r  user_35t_i/axi_interconnect_0/xbar/inst/gen_samd.crossbar_samd/gen_master_slots[0].gen_mi_write.wdata_mux_w/gen_wmux.wmux_aw_fifo/s_axi_wready[2]_INST_0_i_4/O
                         net (fo=3, routed)           0.529     7.114    user_35t_i/axi_interconnect_0/xbar/inst/gen_samd.crossbar_samd/gen_master_slots[1].gen_mi_write.wdata_mux_w/gen_wmux.wmux_aw_fifo/s_axi_wready[2]
    SLICE_X31Y75         LUT6 (Prop_lut6_I5_O)        0.124     7.238 r  user_35t_i/axi_interconnect_0/xbar/inst/gen_samd.crossbar_samd/gen_master_slots[1].gen_mi_write.wdata_mux_w/gen_wmux.wmux_aw_fifo/s_axi_wready[1]_INST_0_i_1/O
                         net (fo=2, routed)           0.351     7.589    user_35t_i/axi_interconnect_0/xbar/inst/gen_samd.crossbar_samd/gen_slave_slots[1].gen_si_write.wdata_router_w/wrouter_aw_fifo/s_axi_wready[1]
    SLICE_X30Y74         LUT2 (Prop_lut2_I1_O)        0.124     7.713 r  user_35t_i/axi_interconnect_0/xbar/inst/gen_samd.crossbar_samd/gen_slave_slots[1].gen_si_write.wdata_router_w/wrouter_aw_fifo/s_axi_wready[1]_INST_0/O
                         net (fo=39, routed)          0.544     8.258    user_35t_i/axi_interconnect_0/s01_couplers/auto_us/inst/gen_upsizer.gen_full_upsizer.axi_upsizer_inst/USE_WRITE.gen_non_fifo_w_upsizer.write_data_inst/m_axi_wready
    SLICE_X33Y73         LUT4 (Prop_lut4_I0_O)        0.124     8.382 r  user_35t_i/axi_interconnect_0/s01_couplers/auto_us/inst/gen_upsizer.gen_full_upsizer.axi_upsizer_inst/USE_WRITE.gen_non_fifo_w_upsizer.write_data_inst/WORD_LANE[7].USE_ALWAYS_PACKER.BYTE_LANE[3].USE_RTL_DATA.USE_REGISTER.M_AXI_WDATA_I[255]_i_6/O
                         net (fo=58, routed)          0.827     9.209    user_35t_i/axi_interconnect_0/s01_couplers/auto_us/inst/gen_upsizer.gen_full_upsizer.axi_upsizer_inst/USE_WRITE.write_addr_inst/GEN_CMD_QUEUE.cmd_queue/WORD_LANE[2].USE_ALWAYS_PACKER.BYTE_LANE[3].USE_RTL_DATA.USE_REGISTER.M_AXI_WDATA_I_reg[88]
    SLICE_X37Y75         LUT5 (Prop_lut5_I4_O)        0.124     9.333 r  user_35t_i/axi_interconnect_0/s01_couplers/auto_us/inst/gen_upsizer.gen_full_upsizer.axi_upsizer_inst/USE_WRITE.write_addr_inst/GEN_CMD_QUEUE.cmd_queue/WORD_LANE[7].USE_ALWAYS_PACKER.BYTE_LANE[2].USE_RTL_DATA.USE_REGISTER.M_AXI_WDATA_I[247]_i_3/O
                         net (fo=9, routed)           0.365     9.698    user_35t_i/axi_interconnect_0/s01_couplers/auto_us/inst/gen_upsizer.gen_full_upsizer.axi_upsizer_inst/USE_WRITE.gen_non_fifo_w_upsizer.write_data_inst/M_AXI_WDATA_I118_out__2
    SLICE_X38Y75         LUT3 (Prop_lut3_I2_O)        0.124     9.822 r  user_35t_i/axi_interconnect_0/s01_couplers/auto_us/inst/gen_upsizer.gen_full_upsizer.axi_upsizer_inst/USE_WRITE.gen_non_fifo_w_upsizer.write_data_inst/WORD_LANE[7].USE_ALWAYS_PACKER.BYTE_LANE[2].USE_RTL_DATA.USE_REGISTER.M_AXI_WDATA_I[247]_i_1/O
                         net (fo=8, routed)           0.719    10.541    user_35t_i/axi_interconnect_0/s01_couplers/auto_us/inst/gen_upsizer.gen_full_upsizer.axi_upsizer_inst/USE_WRITE.gen_non_fifo_w_upsizer.write_data_inst/WORD_LANE[7].USE_ALWAYS_PACKER.BYTE_LANE[2].USE_RTL_DATA.USE_REGISTER.M_AXI_WDATA_I[247]_i_1_n_0
    SLICE_X37Y74         FDRE                                         r  user_35t_i/axi_interconnect_0/s01_couplers/auto_us/inst/gen_upsizer.gen_full_upsizer.axi_upsizer_inst/USE_WRITE.gen_non_fifo_w_upsizer.write_data_inst/WORD_LANE[7].USE_ALWAYS_PACKER.BYTE_LANE[2].USE_RTL_DATA.USE_REGISTER.M_AXI_WDATA_I_reg[242]/CE
  -------------------------------------------------------------------    -------------------

                         (clock clk_out1_user_35t_clk_wiz_0_0 rise edge)
                                                     10.000    10.000 r  
    BUFGCTRL_X0Y4        BUFG                         0.000    10.000 r  sys_clock_IBUF_BUFG_inst/O
                         net (fo=38, routed)          1.457    11.457    user_35t_i/clk_wiz_0/inst/clk_in1
    MMCME2_ADV_X1Y0      MMCME2_ADV (Prop_mmcme2_adv_CLKIN1_CLKOUT0)
                                                     -3.129     8.328 r  user_35t_i/clk_wiz_0/inst/mmcm_adv_inst/CLKOUT0
                         net (fo=1, routed)           1.581     9.909    user_35t_i/clk_wiz_0/inst/clk_out1_user_35t_clk_wiz_0_0
    BUFGCTRL_X0Y0        BUFG (Prop_bufg_I_O)         0.091    10.000 r  user_35t_i/clk_wiz_0/inst/clkout1_buf/O
                         net (fo=25480, routed)       1.418    11.418    user_35t_i/axi_interconnect_0/s01_couplers/auto_us/inst/gen_upsizer.gen_full_upsizer.axi_upsizer_inst/USE_WRITE.gen_non_fifo_w_upsizer.write_data_inst/USE_REGISTER.M_AXI_WLAST_q_reg_0
    SLICE_X37Y74         FDRE                                         r  user_35t_i/axi_interconnect_0/s01_couplers/auto_us/inst/gen_upsizer.gen_full_upsizer.axi_upsizer_inst/USE_WRITE.gen_non_fifo_w_upsizer.write_data_inst/WORD_LANE[7].USE_ALWAYS_PACKER.BYTE_LANE[2].USE_RTL_DATA.USE_REGISTER.M_AXI_WDATA_I_reg[242]/C
                         clock pessimism              0.007    11.425    
                         clock uncertainty           -0.243    11.182    
    SLICE_X37Y74         FDRE (Setup_fdre_C_CE)      -0.205    10.977    user_35t_i/axi_interconnect_0/s01_couplers/auto_us/inst/gen_upsizer.gen_full_upsizer.axi_upsizer_inst/USE_WRITE.gen_non_fifo_w_upsizer.write_data_inst/WORD_LANE[7].USE_ALWAYS_PACKER.BYTE_LANE[2].USE_RTL_DATA.USE_REGISTER.M_AXI_WDATA_I_reg[242]
  -------------------------------------------------------------------
                         required time                         10.977    
                         arrival time                         -10.541    
  -------------------------------------------------------------------
                         slack                                  0.436    





Min Delay Paths
--------------------------------------------------------------------------------------
Slack (MET) :             0.027ns  (arrival time - required time)
  Source:                 user_35t_i/axi_dma_16counters/U0/I_PRMRY_DATAMOVER/GEN_S2MM_FULL.I_S2MM_FULL_WRAPPER/GEN_INCLUDE_IBTTCC.I_S2MM_MSTR_IBTTCC/sig_xfer_addr_reg_reg[31]/C
                            (rising edge-triggered cell FDRE clocked by clk_out1_user_35t_clk_wiz_0_0  {rise@0.000ns fall@5.000ns period=10.000ns})
  Destination:            user_35t_i/axi_dma_16counters/U0/I_PRMRY_DATAMOVER/GEN_S2MM_FULL.I_S2MM_FULL_WRAPPER/I_ADDR_CNTL/GEN_ADDR_FIFO.I_ADDR_QUAL_FIFO/USE_SRL_FIFO.I_SYNC_FIFO/I_SRL_FIFO_RBU_F/DYNSHREG_F_I/INFERRED_GEN.data_reg[3][23]_srl4/D
                            (rising edge-triggered cell SRL16E clocked by clk_out1_user_35t_clk_wiz_0_0  {rise@0.000ns fall@5.000ns period=10.000ns})
  Path Group:             clk_out1_user_35t_clk_wiz_0_0
  Path Type:              Hold (Min at Fast Process Corner)
  Requirement:            0.000ns  (clk_out1_user_35t_clk_wiz_0_0 rise@0.000ns - clk_out1_user_35t_clk_wiz_0_0 rise@0.000ns)
  Data Path Delay:        0.344ns  (logic 0.128ns (37.242%)  route 0.216ns (62.758%))
  Logic Levels:           0  
  Clock Path Skew:        0.261ns (DCD - SCD - CPR)
    Destination Clock Delay (DCD):    0.823ns
    Source Clock Delay      (SCD):    0.558ns
    Clock Pessimism Removal (CPR):    0.005ns

    Location             Delay type                Incr(ns)  Path(ns)    Netlist Resource(s)
  -------------------------------------------------------------------    -------------------
                         (clock clk_out1_user_35t_clk_wiz_0_0 rise edge)
                                                      0.000     0.000 r  
    BUFGCTRL_X0Y4        BUFG                         0.000     0.000 r  sys_clock_IBUF_BUFG_inst/O
                         net (fo=38, routed)          0.549     0.549    user_35t_i/clk_wiz_0/inst/clk_in1
    MMCME2_ADV_X1Y0      MMCME2_ADV (Prop_mmcme2_adv_CLKIN1_CLKOUT0)
                                                     -1.061    -0.512 r  user_35t_i/clk_wiz_0/inst/mmcm_adv_inst/CLKOUT0
                         net (fo=1, routed)           0.486    -0.026    user_35t_i/clk_wiz_0/inst/clk_out1_user_35t_clk_wiz_0_0
    BUFGCTRL_X0Y0        BUFG (Prop_bufg_I_O)         0.026     0.000 r  user_35t_i/clk_wiz_0/inst/clkout1_buf/O
                         net (fo=25480, routed)       0.558     0.558    user_35t_i/axi_dma_16counters/U0/I_PRMRY_DATAMOVER/GEN_S2MM_FULL.I_S2MM_FULL_WRAPPER/GEN_INCLUDE_IBTTCC.I_S2MM_MSTR_IBTTCC/m_axi_s2mm_aclk
    SLICE_X36Y87         FDRE                                         r  user_35t_i/axi_dma_16counters/U0/I_PRMRY_DATAMOVER/GEN_S2MM_FULL.I_S2MM_FULL_WRAPPER/GEN_INCLUDE_IBTTCC.I_S2MM_MSTR_IBTTCC/sig_xfer_addr_reg_reg[31]/C
  -------------------------------------------------------------------    -------------------
    SLICE_X36Y87         FDRE (Prop_fdre_C_Q)         0.128     0.686 r  user_35t_i/axi_dma_16counters/U0/I_PRMRY_DATAMOVER/GEN_S2MM_FULL.I_S2MM_FULL_WRAPPER/GEN_INCLUDE_IBTTCC.I_S2MM_MSTR_IBTTCC/sig_xfer_addr_reg_reg[31]/Q
                         net (fo=1, routed)           0.216     0.901    user_35t_i/axi_dma_16counters/U0/I_PRMRY_DATAMOVER/GEN_S2MM_FULL.I_S2MM_FULL_WRAPPER/I_ADDR_CNTL/GEN_ADDR_FIFO.I_ADDR_QUAL_FIFO/USE_SRL_FIFO.I_SYNC_FIFO/I_SRL_FIFO_RBU_F/DYNSHREG_F_I/in[31]
    SLICE_X34Y86         SRL16E                                       r  user_35t_i/axi_dma_16counters/U0/I_PRMRY_DATAMOVER/GEN_S2MM_FULL.I_S2MM_FULL_WRAPPER/I_ADDR_CNTL/GEN_ADDR_FIFO.I_ADDR_QUAL_FIFO/USE_SRL_FIFO.I_SYNC_FIFO/I_SRL_FIFO_RBU_F/DYNSHREG_F_I/INFERRED_GEN.data_reg[3][23]_srl4/D
  -------------------------------------------------------------------    -------------------

                         (clock clk_out1_user_35t_clk_wiz_0_0 rise edge)
                                                      0.000     0.000 r  
    BUFGCTRL_X0Y4        BUFG                         0.000     0.000 r  sys_clock_IBUF_BUFG_inst/O
                         net (fo=38, routed)          0.817     0.817    user_35t_i/clk_wiz_0/inst/clk_in1
    MMCME2_ADV_X1Y0      MMCME2_ADV (Prop_mmcme2_adv_CLKIN1_CLKOUT0)
                                                     -1.375    -0.559 r  user_35t_i/clk_wiz_0/inst/mmcm_adv_inst/CLKOUT0
                         net (fo=1, routed)           0.530    -0.029    user_35t_i/clk_wiz_0/inst/clk_out1_user_35t_clk_wiz_0_0
    BUFGCTRL_X0Y0        BUFG (Prop_bufg_I_O)         0.029     0.000 r  user_35t_i/clk_wiz_0/inst/clkout1_buf/O
                         net (fo=25480, routed)       0.823     0.823    user_35t_i/axi_dma_16counters/U0/I_PRMRY_DATAMOVER/GEN_S2MM_FULL.I_S2MM_FULL_WRAPPER/I_ADDR_CNTL/GEN_ADDR_FIFO.I_ADDR_QUAL_FIFO/USE_SRL_FIFO.I_SYNC_FIFO/I_SRL_FIFO_RBU_F/DYNSHREG_F_I/m_axi_s2mm_aclk
    SLICE_X34Y86         SRL16E                                       r  user_35t_i/axi_dma_16counters/U0/I_PRMRY_DATAMOVER/GEN_S2MM_FULL.I_S2MM_FULL_WRAPPER/I_ADDR_CNTL/GEN_ADDR_FIFO.I_ADDR_QUAL_FIFO/USE_SRL_FIFO.I_SYNC_FIFO/I_SRL_FIFO_RBU_F/DYNSHREG_F_I/INFERRED_GEN.data_reg[3][23]_srl4/CLK
                         clock pessimism             -0.005     0.818    
    SLICE_X34Y86         SRL16E (Hold_srl16e_CLK_D)
                                                      0.056     0.874    user_35t_i/axi_dma_16counters/U0/I_PRMRY_DATAMOVER/GEN_S2MM_FULL.I_S2MM_FULL_WRAPPER/I_ADDR_CNTL/GEN_ADDR_FIFO.I_ADDR_QUAL_FIFO/USE_SRL_FIFO.I_SYNC_FIFO/I_SRL_FIFO_RBU_F/DYNSHREG_F_I/INFERRED_GEN.data_reg[3][23]_srl4
  -------------------------------------------------------------------
                         required time                         -0.875    
                         arrival time                           0.901    
  -------------------------------------------------------------------
                         slack                                  0.027    

Slack (MET) :             0.030ns  (arrival time - required time)
  Source:                 user_35t_i/axi_dma_16counters/U0/I_PRMRY_DATAMOVER/GEN_S2MM_FULL.I_S2MM_FULL_WRAPPER/GEN_INCLUDE_REALIGNER.I_S2MM_REALIGNER/GEN_INCLUDE_SCATTER.I_S2MM_SCATTER/I_MSSAI_SKID_BUF/sig_data_reg_out_reg[251]/C
                            (rising edge-triggered cell FDRE clocked by clk_out1_user_35t_clk_wiz_0_0  {rise@0.000ns fall@5.000ns period=10.000ns})
  Destination:            user_35t_i/axi_dma_16counters/U0/I_PRMRY_DATAMOVER/GEN_S2MM_FULL.I_S2MM_FULL_WRAPPER/GEN_ENABLE_INDET_BTT_SF.I_INDET_BTT/I_DATA_FIFO/BLK_MEM.I_SYNC_FIFOGEN_FIFO/xpm_fifo_instance.xpm_fifo_sync_inst/xpm_fifo_base_inst/gen_sdpram.xpm_memory_base_inst/gen_wr_a.gen_word_narrow.mem_reg_3/DIBDI[3]
                            (rising edge-triggered cell RAMB36E1 clocked by clk_out1_user_35t_clk_wiz_0_0  {rise@0.000ns fall@5.000ns period=10.000ns})
  Path Group:             clk_out1_user_35t_clk_wiz_0_0
  Path Type:              Hold (Min at Fast Process Corner)
  Requirement:            0.000ns  (clk_out1_user_35t_clk_wiz_0_0 rise@0.000ns - clk_out1_user_35t_clk_wiz_0_0 rise@0.000ns)
  Data Path Delay:        0.636ns  (logic 0.164ns (25.776%)  route 0.472ns (74.224%))
  Logic Levels:           0  
  Clock Path Skew:        0.310ns (DCD - SCD - CPR)
    Destination Clock Delay (DCD):    0.874ns
    Source Clock Delay      (SCD):    0.559ns
    Clock Pessimism Removal (CPR):    0.005ns

    Location             Delay type                Incr(ns)  Path(ns)    Netlist Resource(s)
  -------------------------------------------------------------------    -------------------
                         (clock clk_out1_user_35t_clk_wiz_0_0 rise edge)
                                                      0.000     0.000 r  
    BUFGCTRL_X0Y4        BUFG                         0.000     0.000 r  sys_clock_IBUF_BUFG_inst/O
                         net (fo=38, routed)          0.549     0.549    user_35t_i/clk_wiz_0/inst/clk_in1
    MMCME2_ADV_X1Y0      MMCME2_ADV (Prop_mmcme2_adv_CLKIN1_CLKOUT0)
                                                     -1.061    -0.512 r  user_35t_i/clk_wiz_0/inst/mmcm_adv_inst/CLKOUT0
                         net (fo=1, routed)           0.486    -0.026    user_35t_i/clk_wiz_0/inst/clk_out1_user_35t_clk_wiz_0_0
    BUFGCTRL_X0Y0        BUFG (Prop_bufg_I_O)         0.026     0.000 r  user_35t_i/clk_wiz_0/inst/clkout1_buf/O
                         net (fo=25480, routed)       0.559     0.559    user_35t_i/axi_dma_16counters/U0/I_PRMRY_DATAMOVER/GEN_S2MM_FULL.I_S2MM_FULL_WRAPPER/GEN_INCLUDE_REALIGNER.I_S2MM_REALIGNER/GEN_INCLUDE_SCATTER.I_S2MM_SCATTER/I_MSSAI_SKID_BUF/m_axi_s2mm_aclk
    SLICE_X46Y62         FDRE                                         r  user_35t_i/axi_dma_16counters/U0/I_PRMRY_DATAMOVER/GEN_S2MM_FULL.I_S2MM_FULL_WRAPPER/GEN_INCLUDE_REALIGNER.I_S2MM_REALIGNER/GEN_INCLUDE_SCATTER.I_S2MM_SCATTER/I_MSSAI_SKID_BUF/sig_data_reg_out_reg[251]/C
  -------------------------------------------------------------------    -------------------
    SLICE_X46Y62         FDRE (Prop_fdre_C_Q)         0.164     0.723 r  user_35t_i/axi_dma_16counters/U0/I_PRMRY_DATAMOVER/GEN_S2MM_FULL.I_S2MM_FULL_WRAPPER/GEN_INCLUDE_REALIGNER.I_S2MM_REALIGNER/GEN_INCLUDE_SCATTER.I_S2MM_SCATTER/I_MSSAI_SKID_BUF/sig_data_reg_out_reg[251]/Q
                         net (fo=1, routed)           0.472     1.195    user_35t_i/axi_dma_16counters/U0/I_PRMRY_DATAMOVER/GEN_S2MM_FULL.I_S2MM_FULL_WRAPPER/GEN_ENABLE_INDET_BTT_SF.I_INDET_BTT/I_DATA_FIFO/BLK_MEM.I_SYNC_FIFOGEN_FIFO/xpm_fifo_instance.xpm_fifo_sync_inst/xpm_fifo_base_inst/gen_sdpram.xpm_memory_base_inst/dina[251]
    RAMB36_X0Y12         RAMB36E1                                     r  user_35t_i/axi_dma_16counters/U0/I_PRMRY_DATAMOVER/GEN_S2MM_FULL.I_S2MM_FULL_WRAPPER/GEN_ENABLE_INDET_BTT_SF.I_INDET_BTT/I_DATA_FIFO/BLK_MEM.I_SYNC_FIFOGEN_FIFO/xpm_fifo_instance.xpm_fifo_sync_inst/xpm_fifo_base_inst/gen_sdpram.xpm_memory_base_inst/gen_wr_a.gen_word_narrow.mem_reg_3/DIBDI[3]
  -------------------------------------------------------------------    -------------------

                         (clock clk_out1_user_35t_clk_wiz_0_0 rise edge)
                                                      0.000     0.000 r  
    BUFGCTRL_X0Y4        BUFG                         0.000     0.000 r  sys_clock_IBUF_BUFG_inst/O
                         net (fo=38, routed)          0.817     0.817    user_35t_i/clk_wiz_0/inst/clk_in1
    MMCME2_ADV_X1Y0      MMCME2_ADV (Prop_mmcme2_adv_CLKIN1_CLKOUT0)
                                                     -1.375    -0.559 r  user_35t_i/clk_wiz_0/inst/mmcm_adv_inst/CLKOUT0
                         net (fo=1, routed)           0.530    -0.029    user_35t_i/clk_wiz_0/inst/clk_out1_user_35t_clk_wiz_0_0
    BUFGCTRL_X0Y0        BUFG (Prop_bufg_I_O)         0.029     0.000 r  user_35t_i/clk_wiz_0/inst/clkout1_buf/O
                         net (fo=25480, routed)       0.874     0.874    user_35t_i/axi_dma_16counters/U0/I_PRMRY_DATAMOVER/GEN_S2MM_FULL.I_S2MM_FULL_WRAPPER/GEN_ENABLE_INDET_BTT_SF.I_INDET_BTT/I_DATA_FIFO/BLK_MEM.I_SYNC_FIFOGEN_FIFO/xpm_fifo_instance.xpm_fifo_sync_inst/xpm_fifo_base_inst/gen_sdpram.xpm_memory_base_inst/clka
    RAMB36_X0Y12         RAMB36E1                                     r  user_35t_i/axi_dma_16counters/U0/I_PRMRY_DATAMOVER/GEN_S2MM_FULL.I_S2MM_FULL_WRAPPER/GEN_ENABLE_INDET_BTT_SF.I_INDET_BTT/I_DATA_FIFO/BLK_MEM.I_SYNC_FIFOGEN_FIFO/xpm_fifo_instance.xpm_fifo_sync_inst/xpm_fifo_base_inst/gen_sdpram.xpm_memory_base_inst/gen_wr_a.gen_word_narrow.mem_reg_3/CLKBWRCLK
                         clock pessimism             -0.005     0.869    
    RAMB36_X0Y12         RAMB36E1 (Hold_ramb36e1_CLKBWRCLK_DIBDI[3])
                                                      0.296     1.165    user_35t_i/axi_dma_16counters/U0/I_PRMRY_DATAMOVER/GEN_S2MM_FULL.I_S2MM_FULL_WRAPPER/GEN_ENABLE_INDET_BTT_SF.I_INDET_BTT/I_DATA_FIFO/BLK_MEM.I_SYNC_FIFOGEN_FIFO/xpm_fifo_instance.xpm_fifo_sync_inst/xpm_fifo_base_inst/gen_sdpram.xpm_memory_base_inst/gen_wr_a.gen_word_narrow.mem_reg_3
  -------------------------------------------------------------------
                         required time                         -1.165    
                         arrival time                           1.195    
  -------------------------------------------------------------------
                         slack                                  0.030    

Slack (MET) :             0.033ns  (arrival time - required time)
  Source:                 user_35t_i/axi_dma_16counters/U0/I_PRMRY_DATAMOVER/GEN_S2MM_FULL.I_S2MM_FULL_WRAPPER/GEN_INCLUDE_REALIGNER.I_S2MM_REALIGNER/GEN_INCLUDE_SCATTER.I_S2MM_SCATTER/I_MSSAI_SKID_BUF/sig_data_reg_out_reg[142]/C
                            (rising edge-triggered cell FDRE clocked by clk_out1_user_35t_clk_wiz_0_0  {rise@0.000ns fall@5.000ns period=10.000ns})
  Destination:            user_35t_i/axi_dma_16counters/U0/I_PRMRY_DATAMOVER/GEN_S2MM_FULL.I_S2MM_FULL_WRAPPER/GEN_ENABLE_INDET_BTT_SF.I_INDET_BTT/I_DATA_FIFO/BLK_MEM.I_SYNC_FIFOGEN_FIFO/xpm_fifo_instance.xpm_fifo_sync_inst/xpm_fifo_base_inst/gen_sdpram.xpm_memory_base_inst/gen_wr_a.gen_word_narrow.mem_reg_1/DIPBDIP[2]
                            (rising edge-triggered cell RAMB36E1 clocked by clk_out1_user_35t_clk_wiz_0_0  {rise@0.000ns fall@5.000ns period=10.000ns})
  Path Group:             clk_out1_user_35t_clk_wiz_0_0
  Path Type:              Hold (Min at Fast Process Corner)
  Requirement:            0.000ns  (clk_out1_user_35t_clk_wiz_0_0 rise@0.000ns - clk_out1_user_35t_clk_wiz_0_0 rise@0.000ns)
  Data Path Delay:        0.644ns  (logic 0.164ns (25.465%)  route 0.480ns (74.535%))
  Logic Levels:           0  
  Clock Path Skew:        0.315ns (DCD - SCD - CPR)
    Destination Clock Delay (DCD):    0.877ns
    Source Clock Delay      (SCD):    0.562ns
    Clock Pessimism Removal (CPR):    -0.000ns

    Location             Delay type                Incr(ns)  Path(ns)    Netlist Resource(s)
  -------------------------------------------------------------------    -------------------
                         (clock clk_out1_user_35t_clk_wiz_0_0 rise edge)
                                                      0.000     0.000 r  
    BUFGCTRL_X0Y4        BUFG                         0.000     0.000 r  sys_clock_IBUF_BUFG_inst/O
                         net (fo=38, routed)          0.549     0.549    user_35t_i/clk_wiz_0/inst/clk_in1
    MMCME2_ADV_X1Y0      MMCME2_ADV (Prop_mmcme2_adv_CLKIN1_CLKOUT0)
                                                     -1.061    -0.512 r  user_35t_i/clk_wiz_0/inst/mmcm_adv_inst/CLKOUT0
                         net (fo=1, routed)           0.486    -0.026    user_35t_i/clk_wiz_0/inst/clk_out1_user_35t_clk_wiz_0_0
    BUFGCTRL_X0Y0        BUFG (Prop_bufg_I_O)         0.026     0.000 r  user_35t_i/clk_wiz_0/inst/clkout1_buf/O
                         net (fo=25480, routed)       0.562     0.562    user_35t_i/axi_dma_16counters/U0/I_PRMRY_DATAMOVER/GEN_S2MM_FULL.I_S2MM_FULL_WRAPPER/GEN_INCLUDE_REALIGNER.I_S2MM_REALIGNER/GEN_INCLUDE_SCATTER.I_S2MM_SCATTER/I_MSSAI_SKID_BUF/m_axi_s2mm_aclk
    SLICE_X34Y46         FDRE                                         r  user_35t_i/axi_dma_16counters/U0/I_PRMRY_DATAMOVER/GEN_S2MM_FULL.I_S2MM_FULL_WRAPPER/GEN_INCLUDE_REALIGNER.I_S2MM_REALIGNER/GEN_INCLUDE_SCATTER.I_S2MM_SCATTER/I_MSSAI_SKID_BUF/sig_data_reg_out_reg[142]/C
  -------------------------------------------------------------------    -------------------
    SLICE_X34Y46         FDRE (Prop_fdre_C_Q)         0.164     0.726 r  user_35t_i/axi_dma_16counters/U0/I_PRMRY_DATAMOVER/GEN_S2MM_FULL.I_S2MM_FULL_WRAPPER/GEN_INCLUDE_REALIGNER.I_S2MM_REALIGNER/GEN_INCLUDE_SCATTER.I_S2MM_SCATTER/I_MSSAI_SKID_BUF/sig_data_reg_out_reg[142]/Q
                         net (fo=1, routed)           0.480     1.206    user_35t_i/axi_dma_16counters/U0/I_PRMRY_DATAMOVER/GEN_S2MM_FULL.I_S2MM_FULL_WRAPPER/GEN_ENABLE_INDET_BTT_SF.I_INDET_BTT/I_DATA_FIFO/BLK_MEM.I_SYNC_FIFOGEN_FIFO/xpm_fifo_instance.xpm_fifo_sync_inst/xpm_fifo_base_inst/gen_sdpram.xpm_memory_base_inst/dina[142]
    RAMB36_X0Y10         RAMB36E1                                     r  user_35t_i/axi_dma_16counters/U0/I_PRMRY_DATAMOVER/GEN_S2MM_FULL.I_S2MM_FULL_WRAPPER/GEN_ENABLE_INDET_BTT_SF.I_INDET_BTT/I_DATA_FIFO/BLK_MEM.I_SYNC_FIFOGEN_FIFO/xpm_fifo_instance.xpm_fifo_sync_inst/xpm_fifo_base_inst/gen_sdpram.xpm_memory_base_inst/gen_wr_a.gen_word_narrow.mem_reg_1/DIPBDIP[2]
  -------------------------------------------------------------------    -------------------

                         (clock clk_out1_user_35t_clk_wiz_0_0 rise edge)
                                                      0.000     0.000 r  
    BUFGCTRL_X0Y4        BUFG                         0.000     0.000 r  sys_clock_IBUF_BUFG_inst/O
                         net (fo=38, routed)          0.817     0.817    user_35t_i/clk_wiz_0/inst/clk_in1
    MMCME2_ADV_X1Y0      MMCME2_ADV (Prop_mmcme2_adv_CLKIN1_CLKOUT0)
                                                     -1.375    -0.559 r  user_35t_i/clk_wiz_0/inst/mmcm_adv_inst/CLKOUT0
                         net (fo=1, routed)           0.530    -0.029    user_35t_i/clk_wiz_0/inst/clk_out1_user_35t_clk_wiz_0_0
    BUFGCTRL_X0Y0        BUFG (Prop_bufg_I_O)         0.029     0.000 r  user_35t_i/clk_wiz_0/inst/clkout1_buf/O
                         net (fo=25480, routed)       0.877     0.877    user_35t_i/axi_dma_16counters/U0/I_PRMRY_DATAMOVER/GEN_S2MM_FULL.I_S2MM_FULL_WRAPPER/GEN_ENABLE_INDET_BTT_SF.I_INDET_BTT/I_DATA_FIFO/BLK_MEM.I_SYNC_FIFOGEN_FIFO/xpm_fifo_instance.xpm_fifo_sync_inst/xpm_fifo_base_inst/gen_sdpram.xpm_memory_base_inst/clka
    RAMB36_X0Y10         RAMB36E1                                     r  user_35t_i/axi_dma_16counters/U0/I_PRMRY_DATAMOVER/GEN_S2MM_FULL.I_S2MM_FULL_WRAPPER/GEN_ENABLE_INDET_BTT_SF.I_INDET_BTT/I_DATA_FIFO/BLK_MEM.I_SYNC_FIFOGEN_FIFO/xpm_fifo_instance.xpm_fifo_sync_inst/xpm_fifo_base_inst/gen_sdpram.xpm_memory_base_inst/gen_wr_a.gen_word_narrow.mem_reg_1/CLKBWRCLK
                         clock pessimism              0.000     0.877    
    RAMB36_X0Y10         RAMB36E1 (Hold_ramb36e1_CLKBWRCLK_DIPBDIP[2])
                                                      0.296     1.173    user_35t_i/axi_dma_16counters/U0/I_PRMRY_DATAMOVER/GEN_S2MM_FULL.I_S2MM_FULL_WRAPPER/GEN_ENABLE_INDET_BTT_SF.I_INDET_BTT/I_DATA_FIFO/BLK_MEM.I_SYNC_FIFOGEN_FIFO/xpm_fifo_instance.xpm_fifo_sync_inst/xpm_fifo_base_inst/gen_sdpram.xpm_memory_base_inst/gen_wr_a.gen_word_narrow.mem_reg_1
  -------------------------------------------------------------------
                         required time                         -1.173    
                         arrival time                           1.206    
  -------------------------------------------------------------------
                         slack                                  0.033    

Slack (MET) :             0.035ns  (arrival time - required time)
  Source:                 user_35t_i/axi_dma_16counters/U0/I_PRMRY_DATAMOVER/GEN_S2MM_FULL.I_S2MM_FULL_WRAPPER/GEN_INCLUDE_REALIGNER.I_S2MM_REALIGNER/GEN_INCLUDE_SCATTER.I_S2MM_SCATTER/I_MSSAI_SKID_BUF/sig_data_reg_out_reg[252]/C
                            (rising edge-triggered cell FDRE clocked by clk_out1_user_35t_clk_wiz_0_0  {rise@0.000ns fall@5.000ns period=10.000ns})
  Destination:            user_35t_i/axi_dma_16counters/U0/I_PRMRY_DATAMOVER/GEN_S2MM_FULL.I_S2MM_FULL_WRAPPER/GEN_ENABLE_INDET_BTT_SF.I_INDET_BTT/I_DATA_FIFO/BLK_MEM.I_SYNC_FIFOGEN_FIFO/xpm_fifo_instance.xpm_fifo_sync_inst/xpm_fifo_base_inst/gen_sdpram.xpm_memory_base_inst/gen_wr_a.gen_word_narrow.mem_reg_3/DIBDI[4]
                            (rising edge-triggered cell RAMB36E1 clocked by clk_out1_user_35t_clk_wiz_0_0  {rise@0.000ns fall@5.000ns period=10.000ns})
  Path Group:             clk_out1_user_35t_clk_wiz_0_0
  Path Type:              Hold (Min at Fast Process Corner)
  Requirement:            0.000ns  (clk_out1_user_35t_clk_wiz_0_0 rise@0.000ns - clk_out1_user_35t_clk_wiz_0_0 rise@0.000ns)
  Data Path Delay:        0.641ns  (logic 0.141ns (21.996%)  route 0.500ns (78.004%))
  Logic Levels:           0  
  Clock Path Skew:        0.310ns (DCD - SCD - CPR)
    Destination Clock Delay (DCD):    0.874ns
    Source Clock Delay      (SCD):    0.564ns
    Clock Pessimism Removal (CPR):    -0.000ns

    Location             Delay type                Incr(ns)  Path(ns)    Netlist Resource(s)
  -------------------------------------------------------------------    -------------------
                         (clock clk_out1_user_35t_clk_wiz_0_0 rise edge)
                                                      0.000     0.000 r  
    BUFGCTRL_X0Y4        BUFG                         0.000     0.000 r  sys_clock_IBUF_BUFG_inst/O
                         net (fo=38, routed)          0.549     0.549    user_35t_i/clk_wiz_0/inst/clk_in1
    MMCME2_ADV_X1Y0      MMCME2_ADV (Prop_mmcme2_adv_CLKIN1_CLKOUT0)
                                                     -1.061    -0.512 r  user_35t_i/clk_wiz_0/inst/mmcm_adv_inst/CLKOUT0
                         net (fo=1, routed)           0.486    -0.026    user_35t_i/clk_wiz_0/inst/clk_out1_user_35t_clk_wiz_0_0
    BUFGCTRL_X0Y0        BUFG (Prop_bufg_I_O)         0.026     0.000 r  user_35t_i/clk_wiz_0/inst/clkout1_buf/O
                         net (fo=25480, routed)       0.564     0.564    user_35t_i/axi_dma_16counters/U0/I_PRMRY_DATAMOVER/GEN_S2MM_FULL.I_S2MM_FULL_WRAPPER/GEN_INCLUDE_REALIGNER.I_S2MM_REALIGNER/GEN_INCLUDE_SCATTER.I_S2MM_SCATTER/I_MSSAI_SKID_BUF/m_axi_s2mm_aclk
    SLICE_X29Y49         FDRE                                         r  user_35t_i/axi_dma_16counters/U0/I_PRMRY_DATAMOVER/GEN_S2MM_FULL.I_S2MM_FULL_WRAPPER/GEN_INCLUDE_REALIGNER.I_S2MM_REALIGNER/GEN_INCLUDE_SCATTER.I_S2MM_SCATTER/I_MSSAI_SKID_BUF/sig_data_reg_out_reg[252]/C
  -------------------------------------------------------------------    -------------------
    SLICE_X29Y49         FDRE (Prop_fdre_C_Q)         0.141     0.705 r  user_35t_i/axi_dma_16counters/U0/I_PRMRY_DATAMOVER/GEN_S2MM_FULL.I_S2MM_FULL_WRAPPER/GEN_INCLUDE_REALIGNER.I_S2MM_REALIGNER/GEN_INCLUDE_SCATTER.I_S2MM_SCATTER/I_MSSAI_SKID_BUF/sig_data_reg_out_reg[252]/Q
                         net (fo=1, routed)           0.500     1.205    user_35t_i/axi_dma_16counters/U0/I_PRMRY_DATAMOVER/GEN_S2MM_FULL.I_S2MM_FULL_WRAPPER/GEN_ENABLE_INDET_BTT_SF.I_INDET_BTT/I_DATA_FIFO/BLK_MEM.I_SYNC_FIFOGEN_FIFO/xpm_fifo_instance.xpm_fifo_sync_inst/xpm_fifo_base_inst/gen_sdpram.xpm_memory_base_inst/dina[252]
    RAMB36_X0Y12         RAMB36E1                                     r  user_35t_i/axi_dma_16counters/U0/I_PRMRY_DATAMOVER/GEN_S2MM_FULL.I_S2MM_FULL_WRAPPER/GEN_ENABLE_INDET_BTT_SF.I_INDET_BTT/I_DATA_FIFO/BLK_MEM.I_SYNC_FIFOGEN_FIFO/xpm_fifo_instance.xpm_fifo_sync_inst/xpm_fifo_base_inst/gen_sdpram.xpm_memory_base_inst/gen_wr_a.gen_word_narrow.mem_reg_3/DIBDI[4]
  -------------------------------------------------------------------    -------------------

                         (clock clk_out1_user_35t_clk_wiz_0_0 rise edge)
                                                      0.000     0.000 r  
    BUFGCTRL_X0Y4        BUFG                         0.000     0.000 r  sys_clock_IBUF_BUFG_inst/O
                         net (fo=38, routed)          0.817     0.817    user_35t_i/clk_wiz_0/inst/clk_in1
    MMCME2_ADV_X1Y0      MMCME2_ADV (Prop_mmcme2_adv_CLKIN1_CLKOUT0)
                                                     -1.375    -0.559 r  user_35t_i/clk_wiz_0/inst/mmcm_adv_inst/CLKOUT0
                         net (fo=1, routed)           0.530    -0.029    user_35t_i/clk_wiz_0/inst/clk_out1_user_35t_clk_wiz_0_0
    BUFGCTRL_X0Y0        BUFG (Prop_bufg_I_O)         0.029     0.000 r  user_35t_i/clk_wiz_0/inst/clkout1_buf/O
                         net (fo=25480, routed)       0.874     0.874    user_35t_i/axi_dma_16counters/U0/I_PRMRY_DATAMOVER/GEN_S2MM_FULL.I_S2MM_FULL_WRAPPER/GEN_ENABLE_INDET_BTT_SF.I_INDET_BTT/I_DATA_FIFO/BLK_MEM.I_SYNC_FIFOGEN_FIFO/xpm_fifo_instance.xpm_fifo_sync_inst/xpm_fifo_base_inst/gen_sdpram.xpm_memory_base_inst/clka
    RAMB36_X0Y12         RAMB36E1                                     r  user_35t_i/axi_dma_16counters/U0/I_PRMRY_DATAMOVER/GEN_S2MM_FULL.I_S2MM_FULL_WRAPPER/GEN_ENABLE_INDET_BTT_SF.I_INDET_BTT/I_DATA_FIFO/BLK_MEM.I_SYNC_FIFOGEN_FIFO/xpm_fifo_instance.xpm_fifo_sync_inst/xpm_fifo_base_inst/gen_sdpram.xpm_memory_base_inst/gen_wr_a.gen_word_narrow.mem_reg_3/CLKBWRCLK
                         clock pessimism              0.000     0.874    
    RAMB36_X0Y12         RAMB36E1 (Hold_ramb36e1_CLKBWRCLK_DIBDI[4])
                                                      0.296     1.170    user_35t_i/axi_dma_16counters/U0/I_PRMRY_DATAMOVER/GEN_S2MM_FULL.I_S2MM_FULL_WRAPPER/GEN_ENABLE_INDET_BTT_SF.I_INDET_BTT/I_DATA_FIFO/BLK_MEM.I_SYNC_FIFOGEN_FIFO/xpm_fifo_instance.xpm_fifo_sync_inst/xpm_fifo_base_inst/gen_sdpram.xpm_memory_base_inst/gen_wr_a.gen_word_narrow.mem_reg_3
  -------------------------------------------------------------------
                         required time                         -1.170    
                         arrival time                           1.205    
  -------------------------------------------------------------------
                         slack                                  0.035    

Slack (MET) :             0.035ns  (arrival time - required time)
  Source:                 user_35t_i/axi_dma_16counters/U0/I_AXI_DMA_REG_MODULE/GEN_S2MM_REGISTERS.I_S2MM_DMA_REGISTER/GEN_REG_FOR_SMPL.buffer_address_i_reg[15]/C
                            (rising edge-triggered cell FDRE clocked by clk_out1_user_35t_clk_wiz_0_0  {rise@0.000ns fall@5.000ns period=10.000ns})
  Destination:            user_35t_i/axi_dma_16counters/U0/INCLUDE_S2MM_SOF_EOF_GENERATOR.I_S2MM_DMA_MNGR/GEN_S2MM_DMA_CONTROL.GEN_SIMPLE_DMA_MODE.I_S2MM_SMPL_SM/GEN_CMD_BTT_LESS_23.cmnd_data_reg[50]/D
                            (rising edge-triggered cell FDRE clocked by clk_out1_user_35t_clk_wiz_0_0  {rise@0.000ns fall@5.000ns period=10.000ns})
  Path Group:             clk_out1_user_35t_clk_wiz_0_0
  Path Type:              Hold (Min at Fast Process Corner)
  Requirement:            0.000ns  (clk_out1_user_35t_clk_wiz_0_0 rise@0.000ns - clk_out1_user_35t_clk_wiz_0_0 rise@0.000ns)
  Data Path Delay:        0.357ns  (logic 0.164ns (45.971%)  route 0.193ns (54.029%))
  Logic Levels:           0  
  Clock Path Skew:        0.263ns (DCD - SCD - CPR)
    Destination Clock Delay (DCD):    0.827ns
    Source Clock Delay      (SCD):    0.560ns
    Clock Pessimism Removal (CPR):    0.005ns

    Location             Delay type                Incr(ns)  Path(ns)    Netlist Resource(s)
  -------------------------------------------------------------------    -------------------
                         (clock clk_out1_user_35t_clk_wiz_0_0 rise edge)
                                                      0.000     0.000 r  
    BUFGCTRL_X0Y4        BUFG                         0.000     0.000 r  sys_clock_IBUF_BUFG_inst/O
                         net (fo=38, routed)          0.549     0.549    user_35t_i/clk_wiz_0/inst/clk_in1
    MMCME2_ADV_X1Y0      MMCME2_ADV (Prop_mmcme2_adv_CLKIN1_CLKOUT0)
                                                     -1.061    -0.512 r  user_35t_i/clk_wiz_0/inst/mmcm_adv_inst/CLKOUT0
                         net (fo=1, routed)           0.486    -0.026    user_35t_i/clk_wiz_0/inst/clk_out1_user_35t_clk_wiz_0_0
    BUFGCTRL_X0Y0        BUFG (Prop_bufg_I_O)         0.026     0.000 r  user_35t_i/clk_wiz_0/inst/clkout1_buf/O
                         net (fo=25480, routed)       0.560     0.560    user_35t_i/axi_dma_16counters/U0/I_AXI_DMA_REG_MODULE/GEN_S2MM_REGISTERS.I_S2MM_DMA_REGISTER/s_axi_lite_aclk
    SLICE_X34Y94         FDRE                                         r  user_35t_i/axi_dma_16counters/U0/I_AXI_DMA_REG_MODULE/GEN_S2MM_REGISTERS.I_S2MM_DMA_REGISTER/GEN_REG_FOR_SMPL.buffer_address_i_reg[15]/C
  -------------------------------------------------------------------    -------------------
    SLICE_X34Y94         FDRE (Prop_fdre_C_Q)         0.164     0.724 r  user_35t_i/axi_dma_16counters/U0/I_AXI_DMA_REG_MODULE/GEN_S2MM_REGISTERS.I_S2MM_DMA_REGISTER/GEN_REG_FOR_SMPL.buffer_address_i_reg[15]/Q
                         net (fo=2, routed)           0.193     0.916    user_35t_i/axi_dma_16counters/U0/INCLUDE_S2MM_SOF_EOF_GENERATOR.I_S2MM_DMA_MNGR/GEN_S2MM_DMA_CONTROL.GEN_SIMPLE_DMA_MODE.I_S2MM_SMPL_SM/Q[15]
    SLICE_X38Y89         FDRE                                         r  user_35t_i/axi_dma_16counters/U0/INCLUDE_S2MM_SOF_EOF_GENERATOR.I_S2MM_DMA_MNGR/GEN_S2MM_DMA_CONTROL.GEN_SIMPLE_DMA_MODE.I_S2MM_SMPL_SM/GEN_CMD_BTT_LESS_23.cmnd_data_reg[50]/D
  -------------------------------------------------------------------    -------------------

                         (clock clk_out1_user_35t_clk_wiz_0_0 rise edge)
                                                      0.000     0.000 r  
    BUFGCTRL_X0Y4        BUFG                         0.000     0.000 r  sys_clock_IBUF_BUFG_inst/O
                         net (fo=38, routed)          0.817     0.817    user_35t_i/clk_wiz_0/inst/clk_in1
    MMCME2_ADV_X1Y0      MMCME2_ADV (Prop_mmcme2_adv_CLKIN1_CLKOUT0)
                                                     -1.375    -0.559 r  user_35t_i/clk_wiz_0/inst/mmcm_adv_inst/CLKOUT0
                         net (fo=1, routed)           0.530    -0.029    user_35t_i/clk_wiz_0/inst/clk_out1_user_35t_clk_wiz_0_0
    BUFGCTRL_X0Y0        BUFG (Prop_bufg_I_O)         0.029     0.000 r  user_35t_i/clk_wiz_0/inst/clkout1_buf/O
                         net (fo=25480, routed)       0.827     0.827    user_35t_i/axi_dma_16counters/U0/INCLUDE_S2MM_SOF_EOF_GENERATOR.I_S2MM_DMA_MNGR/GEN_S2MM_DMA_CONTROL.GEN_SIMPLE_DMA_MODE.I_S2MM_SMPL_SM/s_axi_lite_aclk
    SLICE_X38Y89         FDRE                                         r  user_35t_i/axi_dma_16counters/U0/INCLUDE_S2MM_SOF_EOF_GENERATOR.I_S2MM_DMA_MNGR/GEN_S2MM_DMA_CONTROL.GEN_SIMPLE_DMA_MODE.I_S2MM_SMPL_SM/GEN_CMD_BTT_LESS_23.cmnd_data_reg[50]/C
                         clock pessimism             -0.005     0.823    
    SLICE_X38Y89         FDRE (Hold_fdre_C_D)         0.059     0.882    user_35t_i/axi_dma_16counters/U0/INCLUDE_S2MM_SOF_EOF_GENERATOR.I_S2MM_DMA_MNGR/GEN_S2MM_DMA_CONTROL.GEN_SIMPLE_DMA_MODE.I_S2MM_SMPL_SM/GEN_CMD_BTT_LESS_23.cmnd_data_reg[50]
  -------------------------------------------------------------------
                         required time                         -0.882    
                         arrival time                           0.916    
  -------------------------------------------------------------------
                         slack                                  0.035    

Slack (MET) :             0.037ns  (arrival time - required time)
  Source:                 user_35t_i/axi_dma_16counters/U0/I_PRMRY_DATAMOVER/GEN_S2MM_FULL.I_S2MM_FULL_WRAPPER/GEN_INCLUDE_REALIGNER.I_S2MM_REALIGNER/GEN_INCLUDE_SCATTER.I_S2MM_SCATTER/SLICE_INSERTION/storage_data_reg[18]/C
                            (rising edge-triggered cell FDRE clocked by clk_out1_user_35t_clk_wiz_0_0  {rise@0.000ns fall@5.000ns period=10.000ns})
  Destination:            user_35t_i/axi_dma_16counters/U0/I_PRMRY_DATAMOVER/GEN_S2MM_FULL.I_S2MM_FULL_WRAPPER/GEN_INCLUDE_REALIGNER.I_S2MM_REALIGNER/GEN_INCLUDE_SCATTER.I_S2MM_SCATTER/I_TSTRB_FIFO/USE_SYNC_FIFO.I_SYNC_FIFO/NON_BLK_MEM.I_SYNC_FIFOGEN_FIFO/xpm_fifo_instance.xpm_fifo_sync_inst/xpm_fifo_base_inst/gen_sdpram.xpm_memory_base_inst/gen_wr_a.gen_word_narrow.mem_reg_0_15_18_23/RAMA/I
                            (rising edge-triggered cell RAMD32 clocked by clk_out1_user_35t_clk_wiz_0_0  {rise@0.000ns fall@5.000ns period=10.000ns})
  Path Group:             clk_out1_user_35t_clk_wiz_0_0
  Path Type:              Hold (Min at Fast Process Corner)
  Requirement:            0.000ns  (clk_out1_user_35t_clk_wiz_0_0 rise@0.000ns - clk_out1_user_35t_clk_wiz_0_0 rise@0.000ns)
  Data Path Delay:        0.197ns  (logic 0.141ns (71.611%)  route 0.056ns (28.389%))
  Logic Levels:           0  
  Clock Path Skew:        0.013ns (DCD - SCD - CPR)
    Destination Clock Delay (DCD):    0.833ns
    Source Clock Delay      (SCD):    0.563ns
    Clock Pessimism Removal (CPR):    0.258ns

    Location             Delay type                Incr(ns)  Path(ns)    Netlist Resource(s)
  -------------------------------------------------------------------    -------------------
                         (clock clk_out1_user_35t_clk_wiz_0_0 rise edge)
                                                      0.000     0.000 r  
    BUFGCTRL_X0Y4        BUFG                         0.000     0.000 r  sys_clock_IBUF_BUFG_inst/O
                         net (fo=38, routed)          0.549     0.549    user_35t_i/clk_wiz_0/inst/clk_in1
    MMCME2_ADV_X1Y0      MMCME2_ADV (Prop_mmcme2_adv_CLKIN1_CLKOUT0)
                                                     -1.061    -0.512 r  user_35t_i/clk_wiz_0/inst/mmcm_adv_inst/CLKOUT0
                         net (fo=1, routed)           0.486    -0.026    user_35t_i/clk_wiz_0/inst/clk_out1_user_35t_clk_wiz_0_0
    BUFGCTRL_X0Y0        BUFG (Prop_bufg_I_O)         0.026     0.000 r  user_35t_i/clk_wiz_0/inst/clkout1_buf/O
                         net (fo=25480, routed)       0.563     0.563    user_35t_i/axi_dma_16counters/U0/I_PRMRY_DATAMOVER/GEN_S2MM_FULL.I_S2MM_FULL_WRAPPER/GEN_INCLUDE_REALIGNER.I_S2MM_REALIGNER/GEN_INCLUDE_SCATTER.I_S2MM_SCATTER/SLICE_INSERTION/m_axi_s2mm_aclk
    SLICE_X55Y59         FDRE                                         r  user_35t_i/axi_dma_16counters/U0/I_PRMRY_DATAMOVER/GEN_S2MM_FULL.I_S2MM_FULL_WRAPPER/GEN_INCLUDE_REALIGNER.I_S2MM_REALIGNER/GEN_INCLUDE_SCATTER.I_S2MM_SCATTER/SLICE_INSERTION/storage_data_reg[18]/C
  -------------------------------------------------------------------    -------------------
    SLICE_X55Y59         FDRE (Prop_fdre_C_Q)         0.141     0.704 r  user_35t_i/axi_dma_16counters/U0/I_PRMRY_DATAMOVER/GEN_S2MM_FULL.I_S2MM_FULL_WRAPPER/GEN_INCLUDE_REALIGNER.I_S2MM_REALIGNER/GEN_INCLUDE_SCATTER.I_S2MM_SCATTER/SLICE_INSERTION/storage_data_reg[18]/Q
                         net (fo=1, routed)           0.056     0.760    user_35t_i/axi_dma_16counters/U0/I_PRMRY_DATAMOVER/GEN_S2MM_FULL.I_S2MM_FULL_WRAPPER/GEN_INCLUDE_REALIGNER.I_S2MM_REALIGNER/GEN_INCLUDE_SCATTER.I_S2MM_SCATTER/I_TSTRB_FIFO/USE_SYNC_FIFO.I_SYNC_FIFO/NON_BLK_MEM.I_SYNC_FIFOGEN_FIFO/xpm_fifo_instance.xpm_fifo_sync_inst/xpm_fifo_base_inst/gen_sdpram.xpm_memory_base_inst/gen_wr_a.gen_word_narrow.mem_reg_0_15_18_23/DIA0
    SLICE_X54Y59         RAMD32                                       r  user_35t_i/axi_dma_16counters/U0/I_PRMRY_DATAMOVER/GEN_S2MM_FULL.I_S2MM_FULL_WRAPPER/GEN_INCLUDE_REALIGNER.I_S2MM_REALIGNER/GEN_INCLUDE_SCATTER.I_S2MM_SCATTER/I_TSTRB_FIFO/USE_SYNC_FIFO.I_SYNC_FIFO/NON_BLK_MEM.I_SYNC_FIFOGEN_FIFO/xpm_fifo_instance.xpm_fifo_sync_inst/xpm_fifo_base_inst/gen_sdpram.xpm_memory_base_inst/gen_wr_a.gen_word_narrow.mem_reg_0_15_18_23/RAMA/I
  -------------------------------------------------------------------    -------------------

                         (clock clk_out1_user_35t_clk_wiz_0_0 rise edge)
                                                      0.000     0.000 r  
    BUFGCTRL_X0Y4        BUFG                         0.000     0.000 r  sys_clock_IBUF_BUFG_inst/O
                         net (fo=38, routed)          0.817     0.817    user_35t_i/clk_wiz_0/inst/clk_in1
    MMCME2_ADV_X1Y0      MMCME2_ADV (Prop_mmcme2_adv_CLKIN1_CLKOUT0)
                                                     -1.375    -0.559 r  user_35t_i/clk_wiz_0/inst/mmcm_adv_inst/CLKOUT0
                         net (fo=1, routed)           0.530    -0.029    user_35t_i/clk_wiz_0/inst/clk_out1_user_35t_clk_wiz_0_0
    BUFGCTRL_X0Y0        BUFG (Prop_bufg_I_O)         0.029     0.000 r  user_35t_i/clk_wiz_0/inst/clkout1_buf/O
                         net (fo=25480, routed)       0.833     0.833    user_35t_i/axi_dma_16counters/U0/I_PRMRY_DATAMOVER/GEN_S2MM_FULL.I_S2MM_FULL_WRAPPER/GEN_INCLUDE_REALIGNER.I_S2MM_REALIGNER/GEN_INCLUDE_SCATTER.I_S2MM_SCATTER/I_TSTRB_FIFO/USE_SYNC_FIFO.I_SYNC_FIFO/NON_BLK_MEM.I_SYNC_FIFOGEN_FIFO/xpm_fifo_instance.xpm_fifo_sync_inst/xpm_fifo_base_inst/gen_sdpram.xpm_memory_base_inst/gen_wr_a.gen_word_narrow.mem_reg_0_15_18_23/WCLK
    SLICE_X54Y59         RAMD32                                       r  user_35t_i/axi_dma_16counters/U0/I_PRMRY_DATAMOVER/GEN_S2MM_FULL.I_S2MM_FULL_WRAPPER/GEN_INCLUDE_REALIGNER.I_S2MM_REALIGNER/GEN_INCLUDE_SCATTER.I_S2MM_SCATTER/I_TSTRB_FIFO/USE_SYNC_FIFO.I_SYNC_FIFO/NON_BLK_MEM.I_SYNC_FIFOGEN_FIFO/xpm_fifo_instance.xpm_fifo_sync_inst/xpm_fifo_base_inst/gen_sdpram.xpm_memory_base_inst/gen_wr_a.gen_word_narrow.mem_reg_0_15_18_23/RAMA/CLK
                         clock pessimism             -0.258     0.576    
    SLICE_X54Y59         RAMD32 (Hold_ramd32_CLK_I)
                                                      0.147     0.723    user_35t_i/axi_dma_16counters/U0/I_PRMRY_DATAMOVER/GEN_S2MM_FULL.I_S2MM_FULL_WRAPPER/GEN_INCLUDE_REALIGNER.I_S2MM_REALIGNER/GEN_INCLUDE_SCATTER.I_S2MM_SCATTER/I_TSTRB_FIFO/USE_SYNC_FIFO.I_SYNC_FIFO/NON_BLK_MEM.I_SYNC_FIFOGEN_FIFO/xpm_fifo_instance.xpm_fifo_sync_inst/xpm_fifo_base_inst/gen_sdpram.xpm_memory_base_inst/gen_wr_a.gen_word_narrow.mem_reg_0_15_18_23/RAMA
  -------------------------------------------------------------------
                         required time                         -0.723    
                         arrival time                           0.760    
  -------------------------------------------------------------------
                         slack                                  0.037    

Slack (MET) :             0.038ns  (arrival time - required time)
  Source:                 user_35t_i/axi_emc_0/U0/EMC_CTRL_I/IPIC_IF_I/IP2Bus_Data_reg[0]/C
                            (rising edge-triggered cell FDRE clocked by clk_out1_user_35t_clk_wiz_0_0  {rise@0.000ns fall@5.000ns period=10.000ns})
  Destination:            user_35t_i/axi_emc_0/U0/AXI_EMC_NATIVE_INTERFACE_I/RDATA_FIFO_I/DYNSHREG_F_I/INFERRED_GEN.data_reg[255][8]_srl32/D
                            (rising edge-triggered cell SRLC32E clocked by clk_out1_user_35t_clk_wiz_0_0  {rise@0.000ns fall@5.000ns period=10.000ns})
  Path Group:             clk_out1_user_35t_clk_wiz_0_0
  Path Type:              Hold (Min at Fast Process Corner)
  Requirement:            0.000ns  (clk_out1_user_35t_clk_wiz_0_0 rise@0.000ns - clk_out1_user_35t_clk_wiz_0_0 rise@0.000ns)
  Data Path Delay:        0.260ns  (logic 0.141ns (54.313%)  route 0.119ns (45.687%))
  Logic Levels:           0  
  Clock Path Skew:        0.039ns (DCD - SCD - CPR)
    Destination Clock Delay (DCD):    0.862ns
    Source Clock Delay      (SCD):    0.590ns
    Clock Pessimism Removal (CPR):    0.234ns

    Location             Delay type                Incr(ns)  Path(ns)    Netlist Resource(s)
  -------------------------------------------------------------------    -------------------
                         (clock clk_out1_user_35t_clk_wiz_0_0 rise edge)
                                                      0.000     0.000 r  
    BUFGCTRL_X0Y4        BUFG                         0.000     0.000 r  sys_clock_IBUF_BUFG_inst/O
                         net (fo=38, routed)          0.549     0.549    user_35t_i/clk_wiz_0/inst/clk_in1
    MMCME2_ADV_X1Y0      MMCME2_ADV (Prop_mmcme2_adv_CLKIN1_CLKOUT0)
                                                     -1.061    -0.512 r  user_35t_i/clk_wiz_0/inst/mmcm_adv_inst/CLKOUT0
                         net (fo=1, routed)           0.486    -0.026    user_35t_i/clk_wiz_0/inst/clk_out1_user_35t_clk_wiz_0_0
    BUFGCTRL_X0Y0        BUFG (Prop_bufg_I_O)         0.026     0.000 r  user_35t_i/clk_wiz_0/inst/clkout1_buf/O
                         net (fo=25480, routed)       0.590     0.590    user_35t_i/axi_emc_0/U0/EMC_CTRL_I/IPIC_IF_I/s_axi_aclk
    SLICE_X4Y90          FDRE                                         r  user_35t_i/axi_emc_0/U0/EMC_CTRL_I/IPIC_IF_I/IP2Bus_Data_reg[0]/C
  -------------------------------------------------------------------    -------------------
    SLICE_X4Y90          FDRE (Prop_fdre_C_Q)         0.141     0.731 r  user_35t_i/axi_emc_0/U0/EMC_CTRL_I/IPIC_IF_I/IP2Bus_Data_reg[0]/Q
                         net (fo=1, routed)           0.119     0.849    user_35t_i/axi_emc_0/U0/AXI_EMC_NATIVE_INTERFACE_I/RDATA_FIFO_I/DYNSHREG_F_I/in[24]
    SLICE_X2Y90          SRLC32E                                      r  user_35t_i/axi_emc_0/U0/AXI_EMC_NATIVE_INTERFACE_I/RDATA_FIFO_I/DYNSHREG_F_I/INFERRED_GEN.data_reg[255][8]_srl32/D
  -------------------------------------------------------------------    -------------------

                         (clock clk_out1_user_35t_clk_wiz_0_0 rise edge)
                                                      0.000     0.000 r  
    BUFGCTRL_X0Y4        BUFG                         0.000     0.000 r  sys_clock_IBUF_BUFG_inst/O
                         net (fo=38, routed)          0.817     0.817    user_35t_i/clk_wiz_0/inst/clk_in1
    MMCME2_ADV_X1Y0      MMCME2_ADV (Prop_mmcme2_adv_CLKIN1_CLKOUT0)
                                                     -1.375    -0.559 r  user_35t_i/clk_wiz_0/inst/mmcm_adv_inst/CLKOUT0
                         net (fo=1, routed)           0.530    -0.029    user_35t_i/clk_wiz_0/inst/clk_out1_user_35t_clk_wiz_0_0
    BUFGCTRL_X0Y0        BUFG (Prop_bufg_I_O)         0.029     0.000 r  user_35t_i/clk_wiz_0/inst/clkout1_buf/O
                         net (fo=25480, routed)       0.862     0.862    user_35t_i/axi_emc_0/U0/AXI_EMC_NATIVE_INTERFACE_I/RDATA_FIFO_I/DYNSHREG_F_I/s_axi_aclk
    SLICE_X2Y90          SRLC32E                                      r  user_35t_i/axi_emc_0/U0/AXI_EMC_NATIVE_INTERFACE_I/RDATA_FIFO_I/DYNSHREG_F_I/INFERRED_GEN.data_reg[255][8]_srl32/CLK
                         clock pessimism             -0.234     0.629    
    SLICE_X2Y90          SRLC32E (Hold_srlc32e_CLK_D)
                                                      0.183     0.812    user_35t_i/axi_emc_0/U0/AXI_EMC_NATIVE_INTERFACE_I/RDATA_FIFO_I/DYNSHREG_F_I/INFERRED_GEN.data_reg[255][8]_srl32
  -------------------------------------------------------------------
                         required time                         -0.812    
                         arrival time                           0.849    
  -------------------------------------------------------------------
                         slack                                  0.038    

Slack (MET) :             0.039ns  (arrival time - required time)
  Source:                 user_35t_i/axi_interconnect_0/xbar/inst/gen_samd.crossbar_samd/addr_arbiter_aw/gen_arbiter.m_mesg_i_reg[14]/C
                            (rising edge-triggered cell FDRE clocked by clk_out1_user_35t_clk_wiz_0_0  {rise@0.000ns fall@5.000ns period=10.000ns})
  Destination:            user_35t_i/axi_interconnect_0/m00_couplers/auto_ds/inst/gen_downsizer.gen_simple_downsizer.axi_downsizer_inst/USE_WRITE.write_addr_inst/S_AXI_AADDR_Q_reg[12]/D
                            (rising edge-triggered cell FDRE clocked by clk_out1_user_35t_clk_wiz_0_0  {rise@0.000ns fall@5.000ns period=10.000ns})
  Path Group:             clk_out1_user_35t_clk_wiz_0_0
  Path Type:              Hold (Min at Fast Process Corner)
  Requirement:            0.000ns  (clk_out1_user_35t_clk_wiz_0_0 rise@0.000ns - clk_out1_user_35t_clk_wiz_0_0 rise@0.000ns)
  Data Path Delay:        0.373ns  (logic 0.141ns (37.769%)  route 0.232ns (62.231%))
  Logic Levels:           0  
  Clock Path Skew:        0.265ns (DCD - SCD - CPR)
    Destination Clock Delay (DCD):    0.828ns
    Source Clock Delay      (SCD):    0.559ns
    Clock Pessimism Removal (CPR):    0.005ns

    Location             Delay type                Incr(ns)  Path(ns)    Netlist Resource(s)
  -------------------------------------------------------------------    -------------------
                         (clock clk_out1_user_35t_clk_wiz_0_0 rise edge)
                                                      0.000     0.000 r  
    BUFGCTRL_X0Y4        BUFG                         0.000     0.000 r  sys_clock_IBUF_BUFG_inst/O
                         net (fo=38, routed)          0.549     0.549    user_35t_i/clk_wiz_0/inst/clk_in1
    MMCME2_ADV_X1Y0      MMCME2_ADV (Prop_mmcme2_adv_CLKIN1_CLKOUT0)
                                                     -1.061    -0.512 r  user_35t_i/clk_wiz_0/inst/mmcm_adv_inst/CLKOUT0
                         net (fo=1, routed)           0.486    -0.026    user_35t_i/clk_wiz_0/inst/clk_out1_user_35t_clk_wiz_0_0
    BUFGCTRL_X0Y0        BUFG (Prop_bufg_I_O)         0.026     0.000 r  user_35t_i/clk_wiz_0/inst/clkout1_buf/O
                         net (fo=25480, routed)       0.559     0.559    user_35t_i/axi_interconnect_0/xbar/inst/gen_samd.crossbar_samd/addr_arbiter_aw/aclk
    SLICE_X39Y88         FDRE                                         r  user_35t_i/axi_interconnect_0/xbar/inst/gen_samd.crossbar_samd/addr_arbiter_aw/gen_arbiter.m_mesg_i_reg[14]/C
  -------------------------------------------------------------------    -------------------
    SLICE_X39Y88         FDRE (Prop_fdre_C_Q)         0.141     0.700 r  user_35t_i/axi_interconnect_0/xbar/inst/gen_samd.crossbar_samd/addr_arbiter_aw/gen_arbiter.m_mesg_i_reg[14]/Q
                         net (fo=1, routed)           0.232     0.932    user_35t_i/axi_interconnect_0/m00_couplers/auto_ds/inst/gen_downsizer.gen_simple_downsizer.axi_downsizer_inst/USE_WRITE.write_addr_inst/s_axi_awaddr[12]
    SLICE_X29Y88         FDRE                                         r  user_35t_i/axi_interconnect_0/m00_couplers/auto_ds/inst/gen_downsizer.gen_simple_downsizer.axi_downsizer_inst/USE_WRITE.write_addr_inst/S_AXI_AADDR_Q_reg[12]/D
  -------------------------------------------------------------------    -------------------

                         (clock clk_out1_user_35t_clk_wiz_0_0 rise edge)
                                                      0.000     0.000 r  
    BUFGCTRL_X0Y4        BUFG                         0.000     0.000 r  sys_clock_IBUF_BUFG_inst/O
                         net (fo=38, routed)          0.817     0.817    user_35t_i/clk_wiz_0/inst/clk_in1
    MMCME2_ADV_X1Y0      MMCME2_ADV (Prop_mmcme2_adv_CLKIN1_CLKOUT0)
                                                     -1.375    -0.559 r  user_35t_i/clk_wiz_0/inst/mmcm_adv_inst/CLKOUT0
                         net (fo=1, routed)           0.530    -0.029    user_35t_i/clk_wiz_0/inst/clk_out1_user_35t_clk_wiz_0_0
    BUFGCTRL_X0Y0        BUFG (Prop_bufg_I_O)         0.029     0.000 r  user_35t_i/clk_wiz_0/inst/clkout1_buf/O
                         net (fo=25480, routed)       0.829     0.829    user_35t_i/axi_interconnect_0/m00_couplers/auto_ds/inst/gen_downsizer.gen_simple_downsizer.axi_downsizer_inst/USE_WRITE.write_addr_inst/CLK
    SLICE_X29Y88         FDRE                                         r  user_35t_i/axi_interconnect_0/m00_couplers/auto_ds/inst/gen_downsizer.gen_simple_downsizer.axi_downsizer_inst/USE_WRITE.write_addr_inst/S_AXI_AADDR_Q_reg[12]/C
                         clock pessimism             -0.005     0.824    
    SLICE_X29Y88         FDRE (Hold_fdre_C_D)         0.070     0.894    user_35t_i/axi_interconnect_0/m00_couplers/auto_ds/inst/gen_downsizer.gen_simple_downsizer.axi_downsizer_inst/USE_WRITE.write_addr_inst/S_AXI_AADDR_Q_reg[12]
  -------------------------------------------------------------------
                         required time                         -0.894    
                         arrival time                           0.932    
  -------------------------------------------------------------------
                         slack                                  0.039    

Slack (MET) :             0.039ns  (arrival time - required time)
  Source:                 user_35t_i/axi_dma_16counters/U0/I_PRMRY_DATAMOVER/GEN_S2MM_FULL.I_S2MM_FULL_WRAPPER/GEN_ENABLE_INDET_BTT_SF.I_INDET_BTT/ENABLE_AXIS_SKID.I_INDET_BTT_SKID_BUF/sig_data_skid_reg_reg[68]/C
                            (rising edge-triggered cell FDRE clocked by clk_out1_user_35t_clk_wiz_0_0  {rise@0.000ns fall@5.000ns period=10.000ns})
  Destination:            user_35t_i/axi_dma_16counters/U0/I_PRMRY_DATAMOVER/GEN_S2MM_FULL.I_S2MM_FULL_WRAPPER/GEN_ENABLE_INDET_BTT_SF.I_INDET_BTT/ENABLE_AXIS_SKID.I_INDET_BTT_SKID_BUF/sig_data_reg_out_reg[68]/D
                            (rising edge-triggered cell FDRE clocked by clk_out1_user_35t_clk_wiz_0_0  {rise@0.000ns fall@5.000ns period=10.000ns})
  Path Group:             clk_out1_user_35t_clk_wiz_0_0
  Path Type:              Hold (Min at Fast Process Corner)
  Requirement:            0.000ns  (clk_out1_user_35t_clk_wiz_0_0 rise@0.000ns - clk_out1_user_35t_clk_wiz_0_0 rise@0.000ns)
  Data Path Delay:        0.399ns  (logic 0.226ns (56.580%)  route 0.173ns (43.420%))
  Logic Levels:           1  (LUT3=1)
  Clock Path Skew:        0.269ns (DCD - SCD - CPR)
    Destination Clock Delay (DCD):    0.864ns
    Source Clock Delay      (SCD):    0.596ns
    Clock Pessimism Removal (CPR):    -0.000ns

    Location             Delay type                Incr(ns)  Path(ns)    Netlist Resource(s)
  -------------------------------------------------------------------    -------------------
                         (clock clk_out1_user_35t_clk_wiz_0_0 rise edge)
                                                      0.000     0.000 r  
    BUFGCTRL_X0Y4        BUFG                         0.000     0.000 r  sys_clock_IBUF_BUFG_inst/O
                         net (fo=38, routed)          0.549     0.549    user_35t_i/clk_wiz_0/inst/clk_in1
    MMCME2_ADV_X1Y0      MMCME2_ADV (Prop_mmcme2_adv_CLKIN1_CLKOUT0)
                                                     -1.061    -0.512 r  user_35t_i/clk_wiz_0/inst/mmcm_adv_inst/CLKOUT0
                         net (fo=1, routed)           0.486    -0.026    user_35t_i/clk_wiz_0/inst/clk_out1_user_35t_clk_wiz_0_0
    BUFGCTRL_X0Y0        BUFG (Prop_bufg_I_O)         0.026     0.000 r  user_35t_i/clk_wiz_0/inst/clkout1_buf/O
                         net (fo=25480, routed)       0.596     0.596    user_35t_i/axi_dma_16counters/U0/I_PRMRY_DATAMOVER/GEN_S2MM_FULL.I_S2MM_FULL_WRAPPER/GEN_ENABLE_INDET_BTT_SF.I_INDET_BTT/ENABLE_AXIS_SKID.I_INDET_BTT_SKID_BUF/m_axi_s2mm_aclk
    SLICE_X3Y49          FDRE                                         r  user_35t_i/axi_dma_16counters/U0/I_PRMRY_DATAMOVER/GEN_S2MM_FULL.I_S2MM_FULL_WRAPPER/GEN_ENABLE_INDET_BTT_SF.I_INDET_BTT/ENABLE_AXIS_SKID.I_INDET_BTT_SKID_BUF/sig_data_skid_reg_reg[68]/C
  -------------------------------------------------------------------    -------------------
    SLICE_X3Y49          FDRE (Prop_fdre_C_Q)         0.128     0.724 r  user_35t_i/axi_dma_16counters/U0/I_PRMRY_DATAMOVER/GEN_S2MM_FULL.I_S2MM_FULL_WRAPPER/GEN_ENABLE_INDET_BTT_SF.I_INDET_BTT/ENABLE_AXIS_SKID.I_INDET_BTT_SKID_BUF/sig_data_skid_reg_reg[68]/Q
                         net (fo=1, routed)           0.173     0.897    user_35t_i/axi_dma_16counters/U0/I_PRMRY_DATAMOVER/GEN_S2MM_FULL.I_S2MM_FULL_WRAPPER/GEN_ENABLE_INDET_BTT_SF.I_INDET_BTT/ENABLE_AXIS_SKID.I_INDET_BTT_SKID_BUF/sig_data_skid_reg[68]
    SLICE_X3Y50          LUT3 (Prop_lut3_I2_O)        0.098     0.995 r  user_35t_i/axi_dma_16counters/U0/I_PRMRY_DATAMOVER/GEN_S2MM_FULL.I_S2MM_FULL_WRAPPER/GEN_ENABLE_INDET_BTT_SF.I_INDET_BTT/ENABLE_AXIS_SKID.I_INDET_BTT_SKID_BUF/sig_data_reg_out[68]_i_1__0/O
                         net (fo=1, routed)           0.000     0.995    user_35t_i/axi_dma_16counters/U0/I_PRMRY_DATAMOVER/GEN_S2MM_FULL.I_S2MM_FULL_WRAPPER/GEN_ENABLE_INDET_BTT_SF.I_INDET_BTT/ENABLE_AXIS_SKID.I_INDET_BTT_SKID_BUF/sig_data_skid_mux_out[68]
    SLICE_X3Y50          FDRE                                         r  user_35t_i/axi_dma_16counters/U0/I_PRMRY_DATAMOVER/GEN_S2MM_FULL.I_S2MM_FULL_WRAPPER/GEN_ENABLE_INDET_BTT_SF.I_INDET_BTT/ENABLE_AXIS_SKID.I_INDET_BTT_SKID_BUF/sig_data_reg_out_reg[68]/D
  -------------------------------------------------------------------    -------------------

                         (clock clk_out1_user_35t_clk_wiz_0_0 rise edge)
                                                      0.000     0.000 r  
    BUFGCTRL_X0Y4        BUFG                         0.000     0.000 r  sys_clock_IBUF_BUFG_inst/O
                         net (fo=38, routed)          0.817     0.817    user_35t_i/clk_wiz_0/inst/clk_in1
    MMCME2_ADV_X1Y0      MMCME2_ADV (Prop_mmcme2_adv_CLKIN1_CLKOUT0)
                                                     -1.375    -0.559 r  user_35t_i/clk_wiz_0/inst/mmcm_adv_inst/CLKOUT0
                         net (fo=1, routed)           0.530    -0.029    user_35t_i/clk_wiz_0/inst/clk_out1_user_35t_clk_wiz_0_0
    BUFGCTRL_X0Y0        BUFG (Prop_bufg_I_O)         0.029     0.000 r  user_35t_i/clk_wiz_0/inst/clkout1_buf/O
                         net (fo=25480, routed)       0.864     0.864    user_35t_i/axi_dma_16counters/U0/I_PRMRY_DATAMOVER/GEN_S2MM_FULL.I_S2MM_FULL_WRAPPER/GEN_ENABLE_INDET_BTT_SF.I_INDET_BTT/ENABLE_AXIS_SKID.I_INDET_BTT_SKID_BUF/m_axi_s2mm_aclk
    SLICE_X3Y50          FDRE                                         r  user_35t_i/axi_dma_16counters/U0/I_PRMRY_DATAMOVER/GEN_S2MM_FULL.I_S2MM_FULL_WRAPPER/GEN_ENABLE_INDET_BTT_SF.I_INDET_BTT/ENABLE_AXIS_SKID.I_INDET_BTT_SKID_BUF/sig_data_reg_out_reg[68]/C
                         clock pessimism              0.000     0.864    
    SLICE_X3Y50          FDRE (Hold_fdre_C_D)         0.092     0.956    user_35t_i/axi_dma_16counters/U0/I_PRMRY_DATAMOVER/GEN_S2MM_FULL.I_S2MM_FULL_WRAPPER/GEN_ENABLE_INDET_BTT_SF.I_INDET_BTT/ENABLE_AXIS_SKID.I_INDET_BTT_SKID_BUF/sig_data_reg_out_reg[68]
  -------------------------------------------------------------------
                         required time                         -0.956    
                         arrival time                           0.995    
  -------------------------------------------------------------------
                         slack                                  0.039    

Slack (MET) :             0.039ns  (arrival time - required time)
  Source:                 user_35t_i/axi_dma_16counters/U0/I_PRMRY_DATAMOVER/GEN_S2MM_FULL.I_S2MM_FULL_WRAPPER/ENABLE_AXIS_SKID.I_S2MM_STRM_SKID_BUF/sig_data_reg_out_reg[142]/C
                            (rising edge-triggered cell FDRE clocked by clk_out1_user_35t_clk_wiz_0_0  {rise@0.000ns fall@5.000ns period=10.000ns})
  Destination:            user_35t_i/axi_dma_16counters/U0/I_PRMRY_DATAMOVER/GEN_S2MM_FULL.I_S2MM_FULL_WRAPPER/GEN_INCLUDE_REALIGNER.I_S2MM_REALIGNER/GEN_INCLUDE_SCATTER.I_S2MM_SCATTER/I_MSSAI_SKID_BUF/sig_data_skid_reg_reg[142]/D
                            (rising edge-triggered cell FDRE clocked by clk_out1_user_35t_clk_wiz_0_0  {rise@0.000ns fall@5.000ns period=10.000ns})
  Path Group:             clk_out1_user_35t_clk_wiz_0_0
  Path Type:              Hold (Min at Fast Process Corner)
  Requirement:            0.000ns  (clk_out1_user_35t_clk_wiz_0_0 rise@0.000ns - clk_out1_user_35t_clk_wiz_0_0 rise@0.000ns)
  Data Path Delay:        0.368ns  (logic 0.141ns (38.333%)  route 0.227ns (61.667%))
  Logic Levels:           0  
  Clock Path Skew:        0.263ns (DCD - SCD - CPR)
    Destination Clock Delay (DCD):    0.831ns
    Source Clock Delay      (SCD):    0.563ns
    Clock Pessimism Removal (CPR):    0.005ns

    Location             Delay type                Incr(ns)  Path(ns)    Netlist Resource(s)
  -------------------------------------------------------------------    -------------------
                         (clock clk_out1_user_35t_clk_wiz_0_0 rise edge)
                                                      0.000     0.000 r  
    BUFGCTRL_X0Y4        BUFG                         0.000     0.000 r  sys_clock_IBUF_BUFG_inst/O
                         net (fo=38, routed)          0.549     0.549    user_35t_i/clk_wiz_0/inst/clk_in1
    MMCME2_ADV_X1Y0      MMCME2_ADV (Prop_mmcme2_adv_CLKIN1_CLKOUT0)
                                                     -1.061    -0.512 r  user_35t_i/clk_wiz_0/inst/mmcm_adv_inst/CLKOUT0
                         net (fo=1, routed)           0.486    -0.026    user_35t_i/clk_wiz_0/inst/clk_out1_user_35t_clk_wiz_0_0
    BUFGCTRL_X0Y0        BUFG (Prop_bufg_I_O)         0.026     0.000 r  user_35t_i/clk_wiz_0/inst/clkout1_buf/O
                         net (fo=25480, routed)       0.563     0.563    user_35t_i/axi_dma_16counters/U0/I_PRMRY_DATAMOVER/GEN_S2MM_FULL.I_S2MM_FULL_WRAPPER/ENABLE_AXIS_SKID.I_S2MM_STRM_SKID_BUF/m_axi_s2mm_aclk
    SLICE_X36Y45         FDRE                                         r  user_35t_i/axi_dma_16counters/U0/I_PRMRY_DATAMOVER/GEN_S2MM_FULL.I_S2MM_FULL_WRAPPER/ENABLE_AXIS_SKID.I_S2MM_STRM_SKID_BUF/sig_data_reg_out_reg[142]/C
  -------------------------------------------------------------------    -------------------
    SLICE_X36Y45         FDRE (Prop_fdre_C_Q)         0.141     0.704 r  user_35t_i/axi_dma_16counters/U0/I_PRMRY_DATAMOVER/GEN_S2MM_FULL.I_S2MM_FULL_WRAPPER/ENABLE_AXIS_SKID.I_S2MM_STRM_SKID_BUF/sig_data_reg_out_reg[142]/Q
                         net (fo=2, routed)           0.227     0.930    user_35t_i/axi_dma_16counters/U0/I_PRMRY_DATAMOVER/GEN_S2MM_FULL.I_S2MM_FULL_WRAPPER/GEN_INCLUDE_REALIGNER.I_S2MM_REALIGNER/GEN_INCLUDE_SCATTER.I_S2MM_SCATTER/I_MSSAI_SKID_BUF/sig_data_skid_reg_reg[255]_0[142]
    SLICE_X35Y46         FDRE                                         r  user_35t_i/axi_dma_16counters/U0/I_PRMRY_DATAMOVER/GEN_S2MM_FULL.I_S2MM_FULL_WRAPPER/GEN_INCLUDE_REALIGNER.I_S2MM_REALIGNER/GEN_INCLUDE_SCATTER.I_S2MM_SCATTER/I_MSSAI_SKID_BUF/sig_data_skid_reg_reg[142]/D
  -------------------------------------------------------------------    -------------------

                         (clock clk_out1_user_35t_clk_wiz_0_0 rise edge)
                                                      0.000     0.000 r  
    BUFGCTRL_X0Y4        BUFG                         0.000     0.000 r  sys_clock_IBUF_BUFG_inst/O
                         net (fo=38, routed)          0.817     0.817    user_35t_i/clk_wiz_0/inst/clk_in1
    MMCME2_ADV_X1Y0      MMCME2_ADV (Prop_mmcme2_adv_CLKIN1_CLKOUT0)
                                                     -1.375    -0.559 r  user_35t_i/clk_wiz_0/inst/mmcm_adv_inst/CLKOUT0
                         net (fo=1, routed)           0.530    -0.029    user_35t_i/clk_wiz_0/inst/clk_out1_user_35t_clk_wiz_0_0
    BUFGCTRL_X0Y0        BUFG (Prop_bufg_I_O)         0.029     0.000 r  user_35t_i/clk_wiz_0/inst/clkout1_buf/O
                         net (fo=25480, routed)       0.831     0.831    user_35t_i/axi_dma_16counters/U0/I_PRMRY_DATAMOVER/GEN_S2MM_FULL.I_S2MM_FULL_WRAPPER/GEN_INCLUDE_REALIGNER.I_S2MM_REALIGNER/GEN_INCLUDE_SCATTER.I_S2MM_SCATTER/I_MSSAI_SKID_BUF/m_axi_s2mm_aclk
    SLICE_X35Y46         FDRE                                         r  user_35t_i/axi_dma_16counters/U0/I_PRMRY_DATAMOVER/GEN_S2MM_FULL.I_S2MM_FULL_WRAPPER/GEN_INCLUDE_REALIGNER.I_S2MM_REALIGNER/GEN_INCLUDE_SCATTER.I_S2MM_SCATTER/I_MSSAI_SKID_BUF/sig_data_skid_reg_reg[142]/C
                         clock pessimism             -0.005     0.826    
    SLICE_X35Y46         FDRE (Hold_fdre_C_D)         0.066     0.892    user_35t_i/axi_dma_16counters/U0/I_PRMRY_DATAMOVER/GEN_S2MM_FULL.I_S2MM_FULL_WRAPPER/GEN_INCLUDE_REALIGNER.I_S2MM_REALIGNER/GEN_INCLUDE_SCATTER.I_S2MM_SCATTER/I_MSSAI_SKID_BUF/sig_data_skid_reg_reg[142]
  -------------------------------------------------------------------
                         required time                         -0.892    
                         arrival time                           0.930    
  -------------------------------------------------------------------
                         slack                                  0.039    





Pulse Width Checks
--------------------------------------------------------------------------------------
Clock Name:         clk_out1_user_35t_clk_wiz_0_0
Waveform(ns):       { 0.000 5.000 }
Period(ns):         10.000
Sources:            { user_35t_i/clk_wiz_0/inst/mmcm_adv_inst/CLKOUT0 }

Check Type        Corner  Lib Pin             Reference Pin  Required(ns)  Actual(ns)  Slack(ns)  Location         Pin
Min Period        n/a     XADC/DCLK           n/a            4.000         10.000      6.000      XADC_X0Y0        user_35t_i/xadc_wiz_0/inst/AXI_XADC_CORE_I/XADC_INST/DCLK
Min Period        n/a     RAMB36E1/CLKARDCLK  n/a            2.944         10.000      7.056      RAMB36_X0Y3      <hidden>
Min Period        n/a     RAMB36E1/CLKBWRCLK  n/a            2.944         10.000      7.056      RAMB36_X0Y3      <hidden>
Min Period        n/a     RAMB36E1/CLKARDCLK  n/a            2.944         10.000      7.056      RAMB36_X0Y0      <hidden>
Min Period        n/a     RAMB36E1/CLKBWRCLK  n/a            2.944         10.000      7.056      RAMB36_X0Y0      <hidden>
Min Period        n/a     RAMB36E1/CLKARDCLK  n/a            2.944         10.000      7.056      RAMB36_X0Y2      <hidden>
Min Period        n/a     RAMB36E1/CLKBWRCLK  n/a            2.944         10.000      7.056      RAMB36_X0Y2      <hidden>
Min Period        n/a     RAMB36E1/CLKARDCLK  n/a            2.944         10.000      7.056      RAMB36_X1Y1      <hidden>
Min Period        n/a     RAMB36E1/CLKBWRCLK  n/a            2.944         10.000      7.056      RAMB36_X1Y1      <hidden>
Min Period        n/a     RAMB36E1/CLKARDCLK  n/a            2.944         10.000      7.056      RAMB36_X0Y4      <hidden>
Max Period        n/a     MMCME2_ADV/CLKOUT0  n/a            213.360       10.000      203.360    MMCME2_ADV_X1Y0  user_35t_i/clk_wiz_0/inst/mmcm_adv_inst/CLKOUT0
Low Pulse Width   Fast    RAMD32/CLK          n/a            1.250         5.000       3.750      SLICE_X42Y21     dbg_hub/inst/BSCANID.u_xsdbm_id/CORE_XSDB.UUT_MASTER/U_ICON_INTERFACE/U_CMD6_RD/U_RD_FIFO/SUBCORE_FIFO.xsdbm_v3_0_0_rdfifo_inst/inst_fifo_gen/gconvfifo.rf/grf.rf/gntv_or_sync_fifo.mem/gdm.dm_gen.dm/RAM_reg_0_15_12_15/RAMA/CLK
Low Pulse Width   Fast    RAMD32/CLK          n/a            1.250         5.000       3.750      SLICE_X42Y21     dbg_hub/inst/BSCANID.u_xsdbm_id/CORE_XSDB.UUT_MASTER/U_ICON_INTERFACE/U_CMD6_RD/U_RD_FIFO/SUBCORE_FIFO.xsdbm_v3_0_0_rdfifo_inst/inst_fifo_gen/gconvfifo.rf/grf.rf/gntv_or_sync_fifo.mem/gdm.dm_gen.dm/RAM_reg_0_15_12_15/RAMA_D1/CLK
Low Pulse Width   Fast    RAMD32/CLK          n/a            1.250         5.000       3.750      SLICE_X42Y21     dbg_hub/inst/BSCANID.u_xsdbm_id/CORE_XSDB.UUT_MASTER/U_ICON_INTERFACE/U_CMD6_RD/U_RD_FIFO/SUBCORE_FIFO.xsdbm_v3_0_0_rdfifo_inst/inst_fifo_gen/gconvfifo.rf/grf.rf/gntv_or_sync_fifo.mem/gdm.dm_gen.dm/RAM_reg_0_15_12_15/RAMB/CLK
Low Pulse Width   Fast    RAMD32/CLK          n/a            1.250         5.000       3.750      SLICE_X42Y21     dbg_hub/inst/BSCANID.u_xsdbm_id/CORE_XSDB.UUT_MASTER/U_ICON_INTERFACE/U_CMD6_RD/U_RD_FIFO/SUBCORE_FIFO.xsdbm_v3_0_0_rdfifo_inst/inst_fifo_gen/gconvfifo.rf/grf.rf/gntv_or_sync_fifo.mem/gdm.dm_gen.dm/RAM_reg_0_15_12_15/RAMB_D1/CLK
Low Pulse Width   Fast    RAMD32/CLK          n/a            1.250         5.000       3.750      SLICE_X42Y21     dbg_hub/inst/BSCANID.u_xsdbm_id/CORE_XSDB.UUT_MASTER/U_ICON_INTERFACE/U_CMD6_RD/U_RD_FIFO/SUBCORE_FIFO.xsdbm_v3_0_0_rdfifo_inst/inst_fifo_gen/gconvfifo.rf/grf.rf/gntv_or_sync_fifo.mem/gdm.dm_gen.dm/RAM_reg_0_15_12_15/RAMC/CLK
Low Pulse Width   Fast    RAMD32/CLK          n/a            1.250         5.000       3.750      SLICE_X42Y21     dbg_hub/inst/BSCANID.u_xsdbm_id/CORE_XSDB.UUT_MASTER/U_ICON_INTERFACE/U_CMD6_RD/U_RD_FIFO/SUBCORE_FIFO.xsdbm_v3_0_0_rdfifo_inst/inst_fifo_gen/gconvfifo.rf/grf.rf/gntv_or_sync_fifo.mem/gdm.dm_gen.dm/RAM_reg_0_15_12_15/RAMC_D1/CLK
Low Pulse Width   Fast    RAMS32/CLK          n/a            1.250         5.000       3.750      SLICE_X42Y21     dbg_hub/inst/BSCANID.u_xsdbm_id/CORE_XSDB.UUT_MASTER/U_ICON_INTERFACE/U_CMD6_RD/U_RD_FIFO/SUBCORE_FIFO.xsdbm_v3_0_0_rdfifo_inst/inst_fifo_gen/gconvfifo.rf/grf.rf/gntv_or_sync_fifo.mem/gdm.dm_gen.dm/RAM_reg_0_15_12_15/RAMD/CLK
Low Pulse Width   Fast    RAMS32/CLK          n/a            1.250         5.000       3.750      SLICE_X42Y21     dbg_hub/inst/BSCANID.u_xsdbm_id/CORE_XSDB.UUT_MASTER/U_ICON_INTERFACE/U_CMD6_RD/U_RD_FIFO/SUBCORE_FIFO.xsdbm_v3_0_0_rdfifo_inst/inst_fifo_gen/gconvfifo.rf/grf.rf/gntv_or_sync_fifo.mem/gdm.dm_gen.dm/RAM_reg_0_15_12_15/RAMD_D1/CLK
Low Pulse Width   Slow    RAMD32/CLK          n/a            1.250         5.000       3.750      SLICE_X30Y129    user_35t_i/microblaze_0/U0/MicroBlaze_Core_I/Performance.Core/Data_Flow_I/Register_File_I/Using_LUT6.All_RAM32M[11].ram32m_i/Using_FPGA.Native/RAMA/CLK
Low Pulse Width   Slow    RAMD32/CLK          n/a            1.250         5.000       3.750      SLICE_X30Y129    user_35t_i/microblaze_0/U0/MicroBlaze_Core_I/Performance.Core/Data_Flow_I/Register_File_I/Using_LUT6.All_RAM32M[11].ram32m_i/Using_FPGA.Native/RAMA_D1/CLK
High Pulse Width  Slow    RAMD32/CLK          n/a            1.250         5.000       3.750      SLICE_X42Y22     dbg_hub/inst/BSCANID.u_xsdbm_id/CORE_XSDB.UUT_MASTER/U_ICON_INTERFACE/U_CMD6_RD/U_RD_FIFO/SUBCORE_FIFO.xsdbm_v3_0_0_rdfifo_inst/inst_fifo_gen/gconvfifo.rf/grf.rf/gntv_or_sync_fifo.mem/gdm.dm_gen.dm/RAM_reg_0_15_0_5/RAMA/CLK
High Pulse Width  Slow    RAMD32/CLK          n/a            1.250         5.000       3.750      SLICE_X42Y22     dbg_hub/inst/BSCANID.u_xsdbm_id/CORE_XSDB.UUT_MASTER/U_ICON_INTERFACE/U_CMD6_RD/U_RD_FIFO/SUBCORE_FIFO.xsdbm_v3_0_0_rdfifo_inst/inst_fifo_gen/gconvfifo.rf/grf.rf/gntv_or_sync_fifo.mem/gdm.dm_gen.dm/RAM_reg_0_15_0_5/RAMA_D1/CLK
High Pulse Width  Slow    RAMD32/CLK          n/a            1.250         5.000       3.750      SLICE_X42Y22     dbg_hub/inst/BSCANID.u_xsdbm_id/CORE_XSDB.UUT_MASTER/U_ICON_INTERFACE/U_CMD6_RD/U_RD_FIFO/SUBCORE_FIFO.xsdbm_v3_0_0_rdfifo_inst/inst_fifo_gen/gconvfifo.rf/grf.rf/gntv_or_sync_fifo.mem/gdm.dm_gen.dm/RAM_reg_0_15_0_5/RAMB/CLK
High Pulse Width  Slow    RAMD32/CLK          n/a            1.250         5.000       3.750      SLICE_X42Y22     dbg_hub/inst/BSCANID.u_xsdbm_id/CORE_XSDB.UUT_MASTER/U_ICON_INTERFACE/U_CMD6_RD/U_RD_FIFO/SUBCORE_FIFO.xsdbm_v3_0_0_rdfifo_inst/inst_fifo_gen/gconvfifo.rf/grf.rf/gntv_or_sync_fifo.mem/gdm.dm_gen.dm/RAM_reg_0_15_0_5/RAMB_D1/CLK
High Pulse Width  Slow    RAMD32/CLK          n/a            1.250         5.000       3.750      SLICE_X42Y22     dbg_hub/inst/BSCANID.u_xsdbm_id/CORE_XSDB.UUT_MASTER/U_ICON_INTERFACE/U_CMD6_RD/U_RD_FIFO/SUBCORE_FIFO.xsdbm_v3_0_0_rdfifo_inst/inst_fifo_gen/gconvfifo.rf/grf.rf/gntv_or_sync_fifo.mem/gdm.dm_gen.dm/RAM_reg_0_15_0_5/RAMC/CLK
High Pulse Width  Slow    RAMD32/CLK          n/a            1.250         5.000       3.750      SLICE_X42Y22     dbg_hub/inst/BSCANID.u_xsdbm_id/CORE_XSDB.UUT_MASTER/U_ICON_INTERFACE/U_CMD6_RD/U_RD_FIFO/SUBCORE_FIFO.xsdbm_v3_0_0_rdfifo_inst/inst_fifo_gen/gconvfifo.rf/grf.rf/gntv_or_sync_fifo.mem/gdm.dm_gen.dm/RAM_reg_0_15_0_5/RAMC_D1/CLK
High Pulse Width  Slow    RAMS32/CLK          n/a            1.250         5.000       3.750      SLICE_X42Y22     dbg_hub/inst/BSCANID.u_xsdbm_id/CORE_XSDB.UUT_MASTER/U_ICON_INTERFACE/U_CMD6_RD/U_RD_FIFO/SUBCORE_FIFO.xsdbm_v3_0_0_rdfifo_inst/inst_fifo_gen/gconvfifo.rf/grf.rf/gntv_or_sync_fifo.mem/gdm.dm_gen.dm/RAM_reg_0_15_0_5/RAMD/CLK
High Pulse Width  Slow    RAMS32/CLK          n/a            1.250         5.000       3.750      SLICE_X42Y22     dbg_hub/inst/BSCANID.u_xsdbm_id/CORE_XSDB.UUT_MASTER/U_ICON_INTERFACE/U_CMD6_RD/U_RD_FIFO/SUBCORE_FIFO.xsdbm_v3_0_0_rdfifo_inst/inst_fifo_gen/gconvfifo.rf/grf.rf/gntv_or_sync_fifo.mem/gdm.dm_gen.dm/RAM_reg_0_15_0_5/RAMD_D1/CLK
High Pulse Width  Slow    RAMD32/CLK          n/a            1.250         5.000       3.750      SLICE_X46Y22     dbg_hub/inst/BSCANID.u_xsdbm_id/CORE_XSDB.UUT_MASTER/U_ICON_INTERFACE/U_CMD6_RD/U_RD_FIFO/SUBCORE_FIFO.xsdbm_v3_0_0_rdfifo_inst/inst_fifo_gen/gconvfifo.rf/grf.rf/gntv_or_sync_fifo.mem/gdm.dm_gen.dm/RAM_reg_0_15_6_11/RAMA/CLK
High Pulse Width  Slow    RAMD32/CLK          n/a            1.250         5.000       3.750      SLICE_X46Y22     dbg_hub/inst/BSCANID.u_xsdbm_id/CORE_XSDB.UUT_MASTER/U_ICON_INTERFACE/U_CMD6_RD/U_RD_FIFO/SUBCORE_FIFO.xsdbm_v3_0_0_rdfifo_inst/inst_fifo_gen/gconvfifo.rf/grf.rf/gntv_or_sync_fifo.mem/gdm.dm_gen.dm/RAM_reg_0_15_6_11/RAMA_D1/CLK



---------------------------------------------------------------------------------------------------
From Clock:  clkfbout_user_35t_clk_wiz_0_0
  To Clock:  clkfbout_user_35t_clk_wiz_0_0

Setup :           NA  Failing Endpoints,  Worst Slack           NA  ,  Total Violation           NA
Hold  :           NA  Failing Endpoints,  Worst Slack           NA  ,  Total Violation           NA
PW    :            0  Failing Endpoints,  Worst Slack       16.667ns,  Total Violation        0.000ns
---------------------------------------------------------------------------------------------------


Pulse Width Checks
--------------------------------------------------------------------------------------
Clock Name:         clkfbout_user_35t_clk_wiz_0_0
Waveform(ns):       { 0.000 41.667 }
Period(ns):         83.333
Sources:            { user_35t_i/clk_wiz_0/inst/mmcm_adv_inst/CLKFBOUT }

Check Type  Corner  Lib Pin              Reference Pin  Required(ns)  Actual(ns)  Slack(ns)  Location         Pin
Min Period  n/a     BUFG/I               n/a            2.155         83.333      81.178     BUFGCTRL_X0Y5    user_35t_i/clk_wiz_0/inst/clkf_buf/I
Min Period  n/a     MMCME2_ADV/CLKFBOUT  n/a            1.249         83.333      82.084     MMCME2_ADV_X1Y0  user_35t_i/clk_wiz_0/inst/mmcm_adv_inst/CLKFBOUT
Min Period  n/a     MMCME2_ADV/CLKFBIN   n/a            1.249         83.333      82.084     MMCME2_ADV_X1Y0  user_35t_i/clk_wiz_0/inst/mmcm_adv_inst/CLKFBIN
Max Period  n/a     MMCME2_ADV/CLKFBIN   n/a            100.000       83.333      16.667     MMCME2_ADV_X1Y0  user_35t_i/clk_wiz_0/inst/mmcm_adv_inst/CLKFBIN
Max Period  n/a     MMCME2_ADV/CLKFBOUT  n/a            213.360       83.333      130.027    MMCME2_ADV_X1Y0  user_35t_i/clk_wiz_0/inst/mmcm_adv_inst/CLKFBOUT



---------------------------------------------------------------------------------------------------
From Clock:  user_35t_i/mdm_1/U0/Use_E2.BSCAN_I/Use_E2.BSCANE2_I/DRCK
  To Clock:  user_35t_i/mdm_1/U0/Use_E2.BSCAN_I/Use_E2.BSCANE2_I/DRCK

Setup :            0  Failing Endpoints,  Worst Slack       13.642ns,  Total Violation        0.000ns
Hold  :            0  Failing Endpoints,  Worst Slack        0.013ns,  Total Violation        0.000ns
PW    :            0  Failing Endpoints,  Worst Slack       15.686ns,  Total Violation        0.000ns
---------------------------------------------------------------------------------------------------


Max Delay Paths
--------------------------------------------------------------------------------------
Slack (MET) :             13.642ns  (required time - arrival time)
  Source:                 user_35t_i/mdm_1/U0/MDM_Core_I1/JTAG_CONTROL_I/tdi_shifter_reg[0]/C
                            (rising edge-triggered cell FDRE clocked by user_35t_i/mdm_1/U0/Use_E2.BSCAN_I/Use_E2.BSCANE2_I/DRCK  {rise@0.000ns fall@16.667ns period=33.333ns})
  Destination:            user_35t_i/mdm_1/U0/MDM_Core_I1/JTAG_CONTROL_I/Use_BSCAN.SYNC_FDRE/Using_FPGA.Native/CE
                            (falling edge-triggered cell FDRE clocked by user_35t_i/mdm_1/U0/Use_E2.BSCAN_I/Use_E2.BSCANE2_I/DRCK  {rise@0.000ns fall@16.667ns period=33.333ns})
  Path Group:             user_35t_i/mdm_1/U0/Use_E2.BSCAN_I/Use_E2.BSCANE2_I/DRCK
  Path Type:              Setup (Max at Slow Process Corner)
  Requirement:            16.667ns  (user_35t_i/mdm_1/U0/Use_E2.BSCAN_I/Use_E2.BSCANE2_I/DRCK fall@16.667ns - user_35t_i/mdm_1/U0/Use_E2.BSCAN_I/Use_E2.BSCANE2_I/DRCK rise@0.000ns)
  Data Path Delay:        2.749ns  (logic 0.704ns (25.610%)  route 2.045ns (74.390%))
  Logic Levels:           2  (LUT5=1 LUT6=1)
  Clock Path Skew:        -0.038ns (DCD - SCD + CPR)
    Destination Clock Delay (DCD):    3.339ns = ( 20.005 - 16.667 ) 
    Source Clock Delay      (SCD):    3.740ns
    Clock Pessimism Removal (CPR):    0.363ns
  Clock Uncertainty:      0.035ns  ((TSJ^2 + TIJ^2)^1/2 + DJ) / 2 + PE
    Total System Jitter     (TSJ):    0.071ns
    Total Input Jitter      (TIJ):    0.000ns
    Discrete Jitter          (DJ):    0.000ns
    Phase Error              (PE):    0.000ns

    Location             Delay type                Incr(ns)  Path(ns)    Netlist Resource(s)
  -------------------------------------------------------------------    -------------------
                         (clock user_35t_i/mdm_1/U0/Use_E2.BSCAN_I/Use_E2.BSCANE2_I/DRCK rise edge)
                                                      0.000     0.000 r  
    BSCAN_X0Y1           BSCANE2                      0.000     0.000 r  user_35t_i/mdm_1/U0/Use_E2.BSCAN_I/Use_E2.BSCANE2_I/DRCK
                         net (fo=1, routed)           1.912     1.912    user_35t_i/mdm_1/U0/No_Dbg_Reg_Access.BUFG_DRCK/DRCK
    BUFGCTRL_X0Y2        BUFG (Prop_bufg_I_O)         0.096     2.008 r  user_35t_i/mdm_1/U0/No_Dbg_Reg_Access.BUFG_DRCK/Using_FPGA.Native/O
                         net (fo=247, routed)         1.732     3.740    user_35t_i/mdm_1/U0/MDM_Core_I1/JTAG_CONTROL_I/Using_FPGA.Native
    SLICE_X43Y138        FDRE                                         r  user_35t_i/mdm_1/U0/MDM_Core_I1/JTAG_CONTROL_I/tdi_shifter_reg[0]/C
  -------------------------------------------------------------------    -------------------
    SLICE_X43Y138        FDRE (Prop_fdre_C_Q)         0.456     4.196 f  user_35t_i/mdm_1/U0/MDM_Core_I1/JTAG_CONTROL_I/tdi_shifter_reg[0]/Q
                         net (fo=5, routed)           0.840     5.036    user_35t_i/mdm_1/U0/MDM_Core_I1/JTAG_CONTROL_I/Use_BSCAN.FDC_I/p_0_in_1
    SLICE_X44Y139        LUT6 (Prop_lut6_I3_O)        0.124     5.160 r  user_35t_i/mdm_1/U0/MDM_Core_I1/JTAG_CONTROL_I/Use_BSCAN.FDC_I/Using_FPGA.Native_i_2/O
                         net (fo=1, routed)           0.658     5.819    user_35t_i/mdm_1/U0/MDM_Core_I1/JTAG_CONTROL_I/Use_BSCAN.FDC_I/Using_FPGA.Native_i_2_n_0
    SLICE_X45Y139        LUT5 (Prop_lut5_I0_O)        0.124     5.943 r  user_35t_i/mdm_1/U0/MDM_Core_I1/JTAG_CONTROL_I/Use_BSCAN.FDC_I/Using_FPGA.Native_i_1/O
                         net (fo=1, routed)           0.546     6.489    user_35t_i/mdm_1/U0/MDM_Core_I1/JTAG_CONTROL_I/Use_BSCAN.SYNC_FDRE/CE
    SLICE_X45Y140        FDRE                                         r  user_35t_i/mdm_1/U0/MDM_Core_I1/JTAG_CONTROL_I/Use_BSCAN.SYNC_FDRE/Using_FPGA.Native/CE
  -------------------------------------------------------------------    -------------------

                         (clock user_35t_i/mdm_1/U0/Use_E2.BSCAN_I/Use_E2.BSCANE2_I/DRCK fall edge)
                                                     16.667    16.667 f  
    BSCAN_X0Y1           BSCANE2                      0.000    16.667 f  user_35t_i/mdm_1/U0/Use_E2.BSCAN_I/Use_E2.BSCANE2_I/DRCK
                         net (fo=1, routed)           1.641    18.307    user_35t_i/mdm_1/U0/No_Dbg_Reg_Access.BUFG_DRCK/DRCK
    BUFGCTRL_X0Y2        BUFG (Prop_bufg_I_O)         0.091    18.398 f  user_35t_i/mdm_1/U0/No_Dbg_Reg_Access.BUFG_DRCK/Using_FPGA.Native/O
                         net (fo=247, routed)         1.607    20.005    user_35t_i/mdm_1/U0/MDM_Core_I1/JTAG_CONTROL_I/Use_BSCAN.SYNC_FDRE/Using_FPGA.Native_0
    SLICE_X45Y140        FDRE                                         r  user_35t_i/mdm_1/U0/MDM_Core_I1/JTAG_CONTROL_I/Use_BSCAN.SYNC_FDRE/Using_FPGA.Native/C  (IS_INVERTED)
                         clock pessimism              0.363    20.369    
                         clock uncertainty           -0.035    20.333    
    SLICE_X45Y140        FDRE (Setup_fdre_C_CE)      -0.202    20.131    user_35t_i/mdm_1/U0/MDM_Core_I1/JTAG_CONTROL_I/Use_BSCAN.SYNC_FDRE/Using_FPGA.Native
  -------------------------------------------------------------------
                         required time                         20.131    
                         arrival time                          -6.489    
  -------------------------------------------------------------------
                         slack                                 13.642    

Slack (MET) :             13.988ns  (required time - arrival time)
  Source:                 user_35t_i/mdm_1/U0/MDM_Core_I1/JTAG_CONTROL_I/Use_BSCAN.SYNC_FDRE/Using_FPGA.Native/C
                            (falling edge-triggered cell FDRE clocked by user_35t_i/mdm_1/U0/Use_E2.BSCAN_I/Use_E2.BSCANE2_I/DRCK  {rise@0.000ns fall@16.667ns period=33.333ns})
  Destination:            user_35t_i/microblaze_0/U0/MicroBlaze_Core_I/Performance.Core/Use_Debug_Logic.Master_Core.Debug_Perf/Serial_Dbg_Intf.shift_count_reg[6]/D
                            (rising edge-triggered cell FDRE clocked by user_35t_i/mdm_1/U0/Use_E2.BSCAN_I/Use_E2.BSCANE2_I/DRCK  {rise@0.000ns fall@16.667ns period=33.333ns})
  Path Group:             user_35t_i/mdm_1/U0/Use_E2.BSCAN_I/Use_E2.BSCANE2_I/DRCK
  Path Type:              Setup (Max at Slow Process Corner)
  Requirement:            16.667ns  (user_35t_i/mdm_1/U0/Use_E2.BSCAN_I/Use_E2.BSCANE2_I/DRCK rise@33.333ns - user_35t_i/mdm_1/U0/Use_E2.BSCAN_I/Use_E2.BSCANE2_I/DRCK fall@16.667ns)
  Data Path Delay:        2.617ns  (logic 0.707ns (27.013%)  route 1.910ns (72.986%))
  Logic Levels:           2  (LUT3=1 LUT6=1)
  Clock Path Skew:        -0.055ns (DCD - SCD + CPR)
    Destination Clock Delay (DCD):    3.324ns = ( 36.657 - 33.333 ) 
    Source Clock Delay      (SCD):    3.742ns = ( 20.409 - 16.667 ) 
    Clock Pessimism Removal (CPR):    0.363ns
  Clock Uncertainty:      0.035ns  ((TSJ^2 + TIJ^2)^1/2 + DJ) / 2 + PE
    Total System Jitter     (TSJ):    0.071ns
    Total Input Jitter      (TIJ):    0.000ns
    Discrete Jitter          (DJ):    0.000ns
    Phase Error              (PE):    0.000ns

    Location             Delay type                Incr(ns)  Path(ns)    Netlist Resource(s)
  -------------------------------------------------------------------    -------------------
                         (clock user_35t_i/mdm_1/U0/Use_E2.BSCAN_I/Use_E2.BSCANE2_I/DRCK fall edge)
                                                     16.667    16.667 f  
    BSCAN_X0Y1           BSCANE2                      0.000    16.667 f  user_35t_i/mdm_1/U0/Use_E2.BSCAN_I/Use_E2.BSCANE2_I/DRCK
                         net (fo=1, routed)           1.912    18.578    user_35t_i/mdm_1/U0/No_Dbg_Reg_Access.BUFG_DRCK/DRCK
    BUFGCTRL_X0Y2        BUFG (Prop_bufg_I_O)         0.096    18.674 f  user_35t_i/mdm_1/U0/No_Dbg_Reg_Access.BUFG_DRCK/Using_FPGA.Native/O
                         net (fo=247, routed)         1.734    20.409    user_35t_i/mdm_1/U0/MDM_Core_I1/JTAG_CONTROL_I/Use_BSCAN.SYNC_FDRE/Using_FPGA.Native_0
    SLICE_X45Y140        FDRE                                         r  user_35t_i/mdm_1/U0/MDM_Core_I1/JTAG_CONTROL_I/Use_BSCAN.SYNC_FDRE/Using_FPGA.Native/C  (IS_INVERTED)
  -------------------------------------------------------------------    -------------------
    SLICE_X45Y140        FDRE (Prop_fdre_C_Q)         0.459    20.868 r  user_35t_i/mdm_1/U0/MDM_Core_I1/JTAG_CONTROL_I/Use_BSCAN.SYNC_FDRE/Using_FPGA.Native/Q
                         net (fo=4, routed)           0.424    21.292    user_35t_i/mdm_1/U0/MDM_Core_I1/JTAG_CONTROL_I/Use_BSCAN.SYNC_FDRE/sync
    SLICE_X45Y140        LUT6 (Prop_lut6_I0_O)        0.124    21.416 r  user_35t_i/mdm_1/U0/MDM_Core_I1/JTAG_CONTROL_I/Use_BSCAN.SYNC_FDRE/Dbg_Shift_0_INST_0/O
                         net (fo=8, routed)           1.486    22.902    user_35t_i/microblaze_0/U0/MicroBlaze_Core_I/Performance.Core/Use_Debug_Logic.Master_Core.Debug_Perf/Dbg_Shift
    SLICE_X40Y124        LUT3 (Prop_lut3_I1_O)        0.124    23.026 r  user_35t_i/microblaze_0/U0/MicroBlaze_Core_I/Performance.Core/Use_Debug_Logic.Master_Core.Debug_Perf/Serial_Dbg_Intf.shift_count[6]_i_1/O
                         net (fo=1, routed)           0.000    23.026    user_35t_i/microblaze_0/U0/MicroBlaze_Core_I/Performance.Core/Use_Debug_Logic.Master_Core.Debug_Perf/p_0_in[6]
    SLICE_X40Y124        FDRE                                         r  user_35t_i/microblaze_0/U0/MicroBlaze_Core_I/Performance.Core/Use_Debug_Logic.Master_Core.Debug_Perf/Serial_Dbg_Intf.shift_count_reg[6]/D
  -------------------------------------------------------------------    -------------------

                         (clock user_35t_i/mdm_1/U0/Use_E2.BSCAN_I/Use_E2.BSCANE2_I/DRCK rise edge)
                                                     33.333    33.333 r  
    BSCAN_X0Y1           BSCANE2                      0.000    33.333 r  user_35t_i/mdm_1/U0/Use_E2.BSCAN_I/Use_E2.BSCANE2_I/DRCK
                         net (fo=1, routed)           1.641    34.974    user_35t_i/mdm_1/U0/No_Dbg_Reg_Access.BUFG_DRCK/DRCK
    BUFGCTRL_X0Y2        BUFG (Prop_bufg_I_O)         0.091    35.065 r  user_35t_i/mdm_1/U0/No_Dbg_Reg_Access.BUFG_DRCK/Using_FPGA.Native/O
                         net (fo=247, routed)         1.592    36.657    user_35t_i/microblaze_0/U0/MicroBlaze_Core_I/Performance.Core/Use_Debug_Logic.Master_Core.Debug_Perf/Dbg_Clk
    SLICE_X40Y124        FDRE                                         r  user_35t_i/microblaze_0/U0/MicroBlaze_Core_I/Performance.Core/Use_Debug_Logic.Master_Core.Debug_Perf/Serial_Dbg_Intf.shift_count_reg[6]/C
                         clock pessimism              0.363    37.020    
                         clock uncertainty           -0.035    36.985    
    SLICE_X40Y124        FDRE (Setup_fdre_C_D)        0.029    37.014    user_35t_i/microblaze_0/U0/MicroBlaze_Core_I/Performance.Core/Use_Debug_Logic.Master_Core.Debug_Perf/Serial_Dbg_Intf.shift_count_reg[6]
  -------------------------------------------------------------------
                         required time                         37.014    
                         arrival time                         -23.026    
  -------------------------------------------------------------------
                         slack                                 13.988    

Slack (MET) :             14.006ns  (required time - arrival time)
  Source:                 user_35t_i/mdm_1/U0/MDM_Core_I1/JTAG_CONTROL_I/Use_BSCAN.SYNC_FDRE/Using_FPGA.Native/C
                            (falling edge-triggered cell FDRE clocked by user_35t_i/mdm_1/U0/Use_E2.BSCAN_I/Use_E2.BSCANE2_I/DRCK  {rise@0.000ns fall@16.667ns period=33.333ns})
  Destination:            user_35t_i/microblaze_0/U0/MicroBlaze_Core_I/Performance.Core/Use_Debug_Logic.Master_Core.Debug_Perf/Serial_Dbg_Intf.shift_count_reg[7]/D
                            (rising edge-triggered cell FDRE clocked by user_35t_i/mdm_1/U0/Use_E2.BSCAN_I/Use_E2.BSCANE2_I/DRCK  {rise@0.000ns fall@16.667ns period=33.333ns})
  Path Group:             user_35t_i/mdm_1/U0/Use_E2.BSCAN_I/Use_E2.BSCANE2_I/DRCK
  Path Type:              Setup (Max at Slow Process Corner)
  Requirement:            16.667ns  (user_35t_i/mdm_1/U0/Use_E2.BSCAN_I/Use_E2.BSCANE2_I/DRCK rise@33.333ns - user_35t_i/mdm_1/U0/Use_E2.BSCAN_I/Use_E2.BSCANE2_I/DRCK fall@16.667ns)
  Data Path Delay:        2.645ns  (logic 0.735ns (27.786%)  route 1.910ns (72.214%))
  Logic Levels:           2  (LUT4=1 LUT6=1)
  Clock Path Skew:        -0.055ns (DCD - SCD + CPR)
    Destination Clock Delay (DCD):    3.324ns = ( 36.657 - 33.333 ) 
    Source Clock Delay      (SCD):    3.742ns = ( 20.409 - 16.667 ) 
    Clock Pessimism Removal (CPR):    0.363ns
  Clock Uncertainty:      0.035ns  ((TSJ^2 + TIJ^2)^1/2 + DJ) / 2 + PE
    Total System Jitter     (TSJ):    0.071ns
    Total Input Jitter      (TIJ):    0.000ns
    Discrete Jitter          (DJ):    0.000ns
    Phase Error              (PE):    0.000ns

    Location             Delay type                Incr(ns)  Path(ns)    Netlist Resource(s)
  -------------------------------------------------------------------    -------------------
                         (clock user_35t_i/mdm_1/U0/Use_E2.BSCAN_I/Use_E2.BSCANE2_I/DRCK fall edge)
                                                     16.667    16.667 f  
    BSCAN_X0Y1           BSCANE2                      0.000    16.667 f  user_35t_i/mdm_1/U0/Use_E2.BSCAN_I/Use_E2.BSCANE2_I/DRCK
                         net (fo=1, routed)           1.912    18.578    user_35t_i/mdm_1/U0/No_Dbg_Reg_Access.BUFG_DRCK/DRCK
    BUFGCTRL_X0Y2        BUFG (Prop_bufg_I_O)         0.096    18.674 f  user_35t_i/mdm_1/U0/No_Dbg_Reg_Access.BUFG_DRCK/Using_FPGA.Native/O
                         net (fo=247, routed)         1.734    20.409    user_35t_i/mdm_1/U0/MDM_Core_I1/JTAG_CONTROL_I/Use_BSCAN.SYNC_FDRE/Using_FPGA.Native_0
    SLICE_X45Y140        FDRE                                         r  user_35t_i/mdm_1/U0/MDM_Core_I1/JTAG_CONTROL_I/Use_BSCAN.SYNC_FDRE/Using_FPGA.Native/C  (IS_INVERTED)
  -------------------------------------------------------------------    -------------------
    SLICE_X45Y140        FDRE (Prop_fdre_C_Q)         0.459    20.868 r  user_35t_i/mdm_1/U0/MDM_Core_I1/JTAG_CONTROL_I/Use_BSCAN.SYNC_FDRE/Using_FPGA.Native/Q
                         net (fo=4, routed)           0.424    21.292    user_35t_i/mdm_1/U0/MDM_Core_I1/JTAG_CONTROL_I/Use_BSCAN.SYNC_FDRE/sync
    SLICE_X45Y140        LUT6 (Prop_lut6_I0_O)        0.124    21.416 r  user_35t_i/mdm_1/U0/MDM_Core_I1/JTAG_CONTROL_I/Use_BSCAN.SYNC_FDRE/Dbg_Shift_0_INST_0/O
                         net (fo=8, routed)           1.486    22.902    user_35t_i/microblaze_0/U0/MicroBlaze_Core_I/Performance.Core/Use_Debug_Logic.Master_Core.Debug_Perf/Dbg_Shift
    SLICE_X40Y124        LUT4 (Prop_lut4_I2_O)        0.152    23.054 r  user_35t_i/microblaze_0/U0/MicroBlaze_Core_I/Performance.Core/Use_Debug_Logic.Master_Core.Debug_Perf/Serial_Dbg_Intf.shift_count[7]_i_1/O
                         net (fo=1, routed)           0.000    23.054    user_35t_i/microblaze_0/U0/MicroBlaze_Core_I/Performance.Core/Use_Debug_Logic.Master_Core.Debug_Perf/p_0_in[7]
    SLICE_X40Y124        FDRE                                         r  user_35t_i/microblaze_0/U0/MicroBlaze_Core_I/Performance.Core/Use_Debug_Logic.Master_Core.Debug_Perf/Serial_Dbg_Intf.shift_count_reg[7]/D
  -------------------------------------------------------------------    -------------------

                         (clock user_35t_i/mdm_1/U0/Use_E2.BSCAN_I/Use_E2.BSCANE2_I/DRCK rise edge)
                                                     33.333    33.333 r  
    BSCAN_X0Y1           BSCANE2                      0.000    33.333 r  user_35t_i/mdm_1/U0/Use_E2.BSCAN_I/Use_E2.BSCANE2_I/DRCK
                         net (fo=1, routed)           1.641    34.974    user_35t_i/mdm_1/U0/No_Dbg_Reg_Access.BUFG_DRCK/DRCK
    BUFGCTRL_X0Y2        BUFG (Prop_bufg_I_O)         0.091    35.065 r  user_35t_i/mdm_1/U0/No_Dbg_Reg_Access.BUFG_DRCK/Using_FPGA.Native/O
                         net (fo=247, routed)         1.592    36.657    user_35t_i/microblaze_0/U0/MicroBlaze_Core_I/Performance.Core/Use_Debug_Logic.Master_Core.Debug_Perf/Dbg_Clk
    SLICE_X40Y124        FDRE                                         r  user_35t_i/microblaze_0/U0/MicroBlaze_Core_I/Performance.Core/Use_Debug_Logic.Master_Core.Debug_Perf/Serial_Dbg_Intf.shift_count_reg[7]/C
                         clock pessimism              0.363    37.020    
                         clock uncertainty           -0.035    36.985    
    SLICE_X40Y124        FDRE (Setup_fdre_C_D)        0.075    37.060    user_35t_i/microblaze_0/U0/MicroBlaze_Core_I/Performance.Core/Use_Debug_Logic.Master_Core.Debug_Perf/Serial_Dbg_Intf.shift_count_reg[7]
  -------------------------------------------------------------------
                         required time                         37.060    
                         arrival time                         -23.054    
  -------------------------------------------------------------------
                         slack                                 14.006    

Slack (MET) :             14.276ns  (required time - arrival time)
  Source:                 user_35t_i/mdm_1/U0/MDM_Core_I1/JTAG_CONTROL_I/Use_BSCAN.SYNC_FDRE/Using_FPGA.Native/C
                            (falling edge-triggered cell FDRE clocked by user_35t_i/mdm_1/U0/Use_E2.BSCAN_I/Use_E2.BSCANE2_I/DRCK  {rise@0.000ns fall@16.667ns period=33.333ns})
  Destination:            user_35t_i/microblaze_0/U0/MicroBlaze_Core_I/Performance.Core/Use_Debug_Logic.Master_Core.Debug_Perf/Serial_Dbg_Intf.shift_count_reg[0]/D
                            (rising edge-triggered cell FDRE clocked by user_35t_i/mdm_1/U0/Use_E2.BSCAN_I/Use_E2.BSCANE2_I/DRCK  {rise@0.000ns fall@16.667ns period=33.333ns})
  Path Group:             user_35t_i/mdm_1/U0/Use_E2.BSCAN_I/Use_E2.BSCANE2_I/DRCK
  Path Type:              Setup (Max at Slow Process Corner)
  Requirement:            16.667ns  (user_35t_i/mdm_1/U0/Use_E2.BSCAN_I/Use_E2.BSCANE2_I/DRCK rise@33.333ns - user_35t_i/mdm_1/U0/Use_E2.BSCAN_I/Use_E2.BSCANE2_I/DRCK fall@16.667ns)
  Data Path Delay:        2.383ns  (logic 0.707ns (29.673%)  route 1.676ns (70.327%))
  Logic Levels:           2  (LUT2=1 LUT6=1)
  Clock Path Skew:        -0.050ns (DCD - SCD + CPR)
    Destination Clock Delay (DCD):    3.329ns = ( 36.662 - 33.333 ) 
    Source Clock Delay      (SCD):    3.742ns = ( 20.409 - 16.667 ) 
    Clock Pessimism Removal (CPR):    0.363ns
  Clock Uncertainty:      0.035ns  ((TSJ^2 + TIJ^2)^1/2 + DJ) / 2 + PE
    Total System Jitter     (TSJ):    0.071ns
    Total Input Jitter      (TIJ):    0.000ns
    Discrete Jitter          (DJ):    0.000ns
    Phase Error              (PE):    0.000ns

    Location             Delay type                Incr(ns)  Path(ns)    Netlist Resource(s)
  -------------------------------------------------------------------    -------------------
                         (clock user_35t_i/mdm_1/U0/Use_E2.BSCAN_I/Use_E2.BSCANE2_I/DRCK fall edge)
                                                     16.667    16.667 f  
    BSCAN_X0Y1           BSCANE2                      0.000    16.667 f  user_35t_i/mdm_1/U0/Use_E2.BSCAN_I/Use_E2.BSCANE2_I/DRCK
                         net (fo=1, routed)           1.912    18.578    user_35t_i/mdm_1/U0/No_Dbg_Reg_Access.BUFG_DRCK/DRCK
    BUFGCTRL_X0Y2        BUFG (Prop_bufg_I_O)         0.096    18.674 f  user_35t_i/mdm_1/U0/No_Dbg_Reg_Access.BUFG_DRCK/Using_FPGA.Native/O
                         net (fo=247, routed)         1.734    20.409    user_35t_i/mdm_1/U0/MDM_Core_I1/JTAG_CONTROL_I/Use_BSCAN.SYNC_FDRE/Using_FPGA.Native_0
    SLICE_X45Y140        FDRE                                         r  user_35t_i/mdm_1/U0/MDM_Core_I1/JTAG_CONTROL_I/Use_BSCAN.SYNC_FDRE/Using_FPGA.Native/C  (IS_INVERTED)
  -------------------------------------------------------------------    -------------------
    SLICE_X45Y140        FDRE (Prop_fdre_C_Q)         0.459    20.868 r  user_35t_i/mdm_1/U0/MDM_Core_I1/JTAG_CONTROL_I/Use_BSCAN.SYNC_FDRE/Using_FPGA.Native/Q
                         net (fo=4, routed)           0.424    21.292    user_35t_i/mdm_1/U0/MDM_Core_I1/JTAG_CONTROL_I/Use_BSCAN.SYNC_FDRE/sync
    SLICE_X45Y140        LUT6 (Prop_lut6_I0_O)        0.124    21.416 r  user_35t_i/mdm_1/U0/MDM_Core_I1/JTAG_CONTROL_I/Use_BSCAN.SYNC_FDRE/Dbg_Shift_0_INST_0/O
                         net (fo=8, routed)           1.251    22.667    user_35t_i/microblaze_0/U0/MicroBlaze_Core_I/Performance.Core/Use_Debug_Logic.Master_Core.Debug_Perf/Dbg_Shift
    SLICE_X42Y128        LUT2 (Prop_lut2_I0_O)        0.124    22.791 r  user_35t_i/microblaze_0/U0/MicroBlaze_Core_I/Performance.Core/Use_Debug_Logic.Master_Core.Debug_Perf/Serial_Dbg_Intf.shift_count[0]_i_1/O
                         net (fo=1, routed)           0.000    22.791    user_35t_i/microblaze_0/U0/MicroBlaze_Core_I/Performance.Core/Use_Debug_Logic.Master_Core.Debug_Perf/p_0_in[0]
    SLICE_X42Y128        FDRE                                         r  user_35t_i/microblaze_0/U0/MicroBlaze_Core_I/Performance.Core/Use_Debug_Logic.Master_Core.Debug_Perf/Serial_Dbg_Intf.shift_count_reg[0]/D
  -------------------------------------------------------------------    -------------------

                         (clock user_35t_i/mdm_1/U0/Use_E2.BSCAN_I/Use_E2.BSCANE2_I/DRCK rise edge)
                                                     33.333    33.333 r  
    BSCAN_X0Y1           BSCANE2                      0.000    33.333 r  user_35t_i/mdm_1/U0/Use_E2.BSCAN_I/Use_E2.BSCANE2_I/DRCK
                         net (fo=1, routed)           1.641    34.974    user_35t_i/mdm_1/U0/No_Dbg_Reg_Access.BUFG_DRCK/DRCK
    BUFGCTRL_X0Y2        BUFG (Prop_bufg_I_O)         0.091    35.065 r  user_35t_i/mdm_1/U0/No_Dbg_Reg_Access.BUFG_DRCK/Using_FPGA.Native/O
                         net (fo=247, routed)         1.597    36.662    user_35t_i/microblaze_0/U0/MicroBlaze_Core_I/Performance.Core/Use_Debug_Logic.Master_Core.Debug_Perf/Dbg_Clk
    SLICE_X42Y128        FDRE                                         r  user_35t_i/microblaze_0/U0/MicroBlaze_Core_I/Performance.Core/Use_Debug_Logic.Master_Core.Debug_Perf/Serial_Dbg_Intf.shift_count_reg[0]/C
                         clock pessimism              0.363    37.025    
                         clock uncertainty           -0.035    36.990    
    SLICE_X42Y128        FDRE (Setup_fdre_C_D)        0.077    37.067    user_35t_i/microblaze_0/U0/MicroBlaze_Core_I/Performance.Core/Use_Debug_Logic.Master_Core.Debug_Perf/Serial_Dbg_Intf.shift_count_reg[0]
  -------------------------------------------------------------------
                         required time                         37.067    
                         arrival time                         -22.791    
  -------------------------------------------------------------------
                         slack                                 14.276    

Slack (MET) :             14.283ns  (required time - arrival time)
  Source:                 user_35t_i/mdm_1/U0/MDM_Core_I1/JTAG_CONTROL_I/Use_BSCAN.SYNC_FDRE/Using_FPGA.Native/C
                            (falling edge-triggered cell FDRE clocked by user_35t_i/mdm_1/U0/Use_E2.BSCAN_I/Use_E2.BSCANE2_I/DRCK  {rise@0.000ns fall@16.667ns period=33.333ns})
  Destination:            user_35t_i/microblaze_0/U0/MicroBlaze_Core_I/Performance.Core/Use_Debug_Logic.Master_Core.Debug_Perf/Serial_Dbg_Intf.shift_count_reg[2]/D
                            (rising edge-triggered cell FDRE clocked by user_35t_i/mdm_1/U0/Use_E2.BSCAN_I/Use_E2.BSCANE2_I/DRCK  {rise@0.000ns fall@16.667ns period=33.333ns})
  Path Group:             user_35t_i/mdm_1/U0/Use_E2.BSCAN_I/Use_E2.BSCANE2_I/DRCK
  Path Type:              Setup (Max at Slow Process Corner)
  Requirement:            16.667ns  (user_35t_i/mdm_1/U0/Use_E2.BSCAN_I/Use_E2.BSCANE2_I/DRCK rise@33.333ns - user_35t_i/mdm_1/U0/Use_E2.BSCAN_I/Use_E2.BSCANE2_I/DRCK fall@16.667ns)
  Data Path Delay:        2.380ns  (logic 0.707ns (29.710%)  route 1.673ns (70.290%))
  Logic Levels:           2  (LUT4=1 LUT6=1)
  Clock Path Skew:        -0.050ns (DCD - SCD + CPR)
    Destination Clock Delay (DCD):    3.329ns = ( 36.662 - 33.333 ) 
    Source Clock Delay      (SCD):    3.742ns = ( 20.409 - 16.667 ) 
    Clock Pessimism Removal (CPR):    0.363ns
  Clock Uncertainty:      0.035ns  ((TSJ^2 + TIJ^2)^1/2 + DJ) / 2 + PE
    Total System Jitter     (TSJ):    0.071ns
    Total Input Jitter      (TIJ):    0.000ns
    Discrete Jitter          (DJ):    0.000ns
    Phase Error              (PE):    0.000ns

    Location             Delay type                Incr(ns)  Path(ns)    Netlist Resource(s)
  -------------------------------------------------------------------    -------------------
                         (clock user_35t_i/mdm_1/U0/Use_E2.BSCAN_I/Use_E2.BSCANE2_I/DRCK fall edge)
                                                     16.667    16.667 f  
    BSCAN_X0Y1           BSCANE2                      0.000    16.667 f  user_35t_i/mdm_1/U0/Use_E2.BSCAN_I/Use_E2.BSCANE2_I/DRCK
                         net (fo=1, routed)           1.912    18.578    user_35t_i/mdm_1/U0/No_Dbg_Reg_Access.BUFG_DRCK/DRCK
    BUFGCTRL_X0Y2        BUFG (Prop_bufg_I_O)         0.096    18.674 f  user_35t_i/mdm_1/U0/No_Dbg_Reg_Access.BUFG_DRCK/Using_FPGA.Native/O
                         net (fo=247, routed)         1.734    20.409    user_35t_i/mdm_1/U0/MDM_Core_I1/JTAG_CONTROL_I/Use_BSCAN.SYNC_FDRE/Using_FPGA.Native_0
    SLICE_X45Y140        FDRE                                         r  user_35t_i/mdm_1/U0/MDM_Core_I1/JTAG_CONTROL_I/Use_BSCAN.SYNC_FDRE/Using_FPGA.Native/C  (IS_INVERTED)
  -------------------------------------------------------------------    -------------------
    SLICE_X45Y140        FDRE (Prop_fdre_C_Q)         0.459    20.868 r  user_35t_i/mdm_1/U0/MDM_Core_I1/JTAG_CONTROL_I/Use_BSCAN.SYNC_FDRE/Using_FPGA.Native/Q
                         net (fo=4, routed)           0.424    21.292    user_35t_i/mdm_1/U0/MDM_Core_I1/JTAG_CONTROL_I/Use_BSCAN.SYNC_FDRE/sync
    SLICE_X45Y140        LUT6 (Prop_lut6_I0_O)        0.124    21.416 r  user_35t_i/mdm_1/U0/MDM_Core_I1/JTAG_CONTROL_I/Use_BSCAN.SYNC_FDRE/Dbg_Shift_0_INST_0/O
                         net (fo=8, routed)           1.248    22.664    user_35t_i/microblaze_0/U0/MicroBlaze_Core_I/Performance.Core/Use_Debug_Logic.Master_Core.Debug_Perf/Dbg_Shift
    SLICE_X42Y128        LUT4 (Prop_lut4_I2_O)        0.124    22.788 r  user_35t_i/microblaze_0/U0/MicroBlaze_Core_I/Performance.Core/Use_Debug_Logic.Master_Core.Debug_Perf/Serial_Dbg_Intf.shift_count[2]_i_1/O
                         net (fo=1, routed)           0.000    22.788    user_35t_i/microblaze_0/U0/MicroBlaze_Core_I/Performance.Core/Use_Debug_Logic.Master_Core.Debug_Perf/p_0_in[2]
    SLICE_X42Y128        FDRE                                         r  user_35t_i/microblaze_0/U0/MicroBlaze_Core_I/Performance.Core/Use_Debug_Logic.Master_Core.Debug_Perf/Serial_Dbg_Intf.shift_count_reg[2]/D
  -------------------------------------------------------------------    -------------------

                         (clock user_35t_i/mdm_1/U0/Use_E2.BSCAN_I/Use_E2.BSCANE2_I/DRCK rise edge)
                                                     33.333    33.333 r  
    BSCAN_X0Y1           BSCANE2                      0.000    33.333 r  user_35t_i/mdm_1/U0/Use_E2.BSCAN_I/Use_E2.BSCANE2_I/DRCK
                         net (fo=1, routed)           1.641    34.974    user_35t_i/mdm_1/U0/No_Dbg_Reg_Access.BUFG_DRCK/DRCK
    BUFGCTRL_X0Y2        BUFG (Prop_bufg_I_O)         0.091    35.065 r  user_35t_i/mdm_1/U0/No_Dbg_Reg_Access.BUFG_DRCK/Using_FPGA.Native/O
                         net (fo=247, routed)         1.597    36.662    user_35t_i/microblaze_0/U0/MicroBlaze_Core_I/Performance.Core/Use_Debug_Logic.Master_Core.Debug_Perf/Dbg_Clk
    SLICE_X42Y128        FDRE                                         r  user_35t_i/microblaze_0/U0/MicroBlaze_Core_I/Performance.Core/Use_Debug_Logic.Master_Core.Debug_Perf/Serial_Dbg_Intf.shift_count_reg[2]/C
                         clock pessimism              0.363    37.025    
                         clock uncertainty           -0.035    36.990    
    SLICE_X42Y128        FDRE (Setup_fdre_C_D)        0.081    37.071    user_35t_i/microblaze_0/U0/MicroBlaze_Core_I/Performance.Core/Use_Debug_Logic.Master_Core.Debug_Perf/Serial_Dbg_Intf.shift_count_reg[2]
  -------------------------------------------------------------------
                         required time                         37.071    
                         arrival time                         -22.788    
  -------------------------------------------------------------------
                         slack                                 14.283    

Slack (MET) :             14.291ns  (required time - arrival time)
  Source:                 user_35t_i/mdm_1/U0/MDM_Core_I1/JTAG_CONTROL_I/Use_BSCAN.SYNC_FDRE/Using_FPGA.Native/C
                            (falling edge-triggered cell FDRE clocked by user_35t_i/mdm_1/U0/Use_E2.BSCAN_I/Use_E2.BSCANE2_I/DRCK  {rise@0.000ns fall@16.667ns period=33.333ns})
  Destination:            user_35t_i/microblaze_0/U0/MicroBlaze_Core_I/Performance.Core/Use_Debug_Logic.Master_Core.Debug_Perf/Serial_Dbg_Intf.shift_count_reg[1]/D
                            (rising edge-triggered cell FDRE clocked by user_35t_i/mdm_1/U0/Use_E2.BSCAN_I/Use_E2.BSCANE2_I/DRCK  {rise@0.000ns fall@16.667ns period=33.333ns})
  Path Group:             user_35t_i/mdm_1/U0/Use_E2.BSCAN_I/Use_E2.BSCANE2_I/DRCK
  Path Type:              Setup (Max at Slow Process Corner)
  Requirement:            16.667ns  (user_35t_i/mdm_1/U0/Use_E2.BSCAN_I/Use_E2.BSCANE2_I/DRCK rise@33.333ns - user_35t_i/mdm_1/U0/Use_E2.BSCAN_I/Use_E2.BSCANE2_I/DRCK fall@16.667ns)
  Data Path Delay:        2.409ns  (logic 0.733ns (30.432%)  route 1.676ns (69.568%))
  Logic Levels:           2  (LUT3=1 LUT6=1)
  Clock Path Skew:        -0.050ns (DCD - SCD + CPR)
    Destination Clock Delay (DCD):    3.329ns = ( 36.662 - 33.333 ) 
    Source Clock Delay      (SCD):    3.742ns = ( 20.409 - 16.667 ) 
    Clock Pessimism Removal (CPR):    0.363ns
  Clock Uncertainty:      0.035ns  ((TSJ^2 + TIJ^2)^1/2 + DJ) / 2 + PE
    Total System Jitter     (TSJ):    0.071ns
    Total Input Jitter      (TIJ):    0.000ns
    Discrete Jitter          (DJ):    0.000ns
    Phase Error              (PE):    0.000ns

    Location             Delay type                Incr(ns)  Path(ns)    Netlist Resource(s)
  -------------------------------------------------------------------    -------------------
                         (clock user_35t_i/mdm_1/U0/Use_E2.BSCAN_I/Use_E2.BSCANE2_I/DRCK fall edge)
                                                     16.667    16.667 f  
    BSCAN_X0Y1           BSCANE2                      0.000    16.667 f  user_35t_i/mdm_1/U0/Use_E2.BSCAN_I/Use_E2.BSCANE2_I/DRCK
                         net (fo=1, routed)           1.912    18.578    user_35t_i/mdm_1/U0/No_Dbg_Reg_Access.BUFG_DRCK/DRCK
    BUFGCTRL_X0Y2        BUFG (Prop_bufg_I_O)         0.096    18.674 f  user_35t_i/mdm_1/U0/No_Dbg_Reg_Access.BUFG_DRCK/Using_FPGA.Native/O
                         net (fo=247, routed)         1.734    20.409    user_35t_i/mdm_1/U0/MDM_Core_I1/JTAG_CONTROL_I/Use_BSCAN.SYNC_FDRE/Using_FPGA.Native_0
    SLICE_X45Y140        FDRE                                         r  user_35t_i/mdm_1/U0/MDM_Core_I1/JTAG_CONTROL_I/Use_BSCAN.SYNC_FDRE/Using_FPGA.Native/C  (IS_INVERTED)
  -------------------------------------------------------------------    -------------------
    SLICE_X45Y140        FDRE (Prop_fdre_C_Q)         0.459    20.868 r  user_35t_i/mdm_1/U0/MDM_Core_I1/JTAG_CONTROL_I/Use_BSCAN.SYNC_FDRE/Using_FPGA.Native/Q
                         net (fo=4, routed)           0.424    21.292    user_35t_i/mdm_1/U0/MDM_Core_I1/JTAG_CONTROL_I/Use_BSCAN.SYNC_FDRE/sync
    SLICE_X45Y140        LUT6 (Prop_lut6_I0_O)        0.124    21.416 r  user_35t_i/mdm_1/U0/MDM_Core_I1/JTAG_CONTROL_I/Use_BSCAN.SYNC_FDRE/Dbg_Shift_0_INST_0/O
                         net (fo=8, routed)           1.251    22.667    user_35t_i/microblaze_0/U0/MicroBlaze_Core_I/Performance.Core/Use_Debug_Logic.Master_Core.Debug_Perf/Dbg_Shift
    SLICE_X42Y128        LUT3 (Prop_lut3_I2_O)        0.150    22.817 r  user_35t_i/microblaze_0/U0/MicroBlaze_Core_I/Performance.Core/Use_Debug_Logic.Master_Core.Debug_Perf/Serial_Dbg_Intf.shift_count[1]_i_1/O
                         net (fo=1, routed)           0.000    22.817    user_35t_i/microblaze_0/U0/MicroBlaze_Core_I/Performance.Core/Use_Debug_Logic.Master_Core.Debug_Perf/p_0_in[1]
    SLICE_X42Y128        FDRE                                         r  user_35t_i/microblaze_0/U0/MicroBlaze_Core_I/Performance.Core/Use_Debug_Logic.Master_Core.Debug_Perf/Serial_Dbg_Intf.shift_count_reg[1]/D
  -------------------------------------------------------------------    -------------------

                         (clock user_35t_i/mdm_1/U0/Use_E2.BSCAN_I/Use_E2.BSCANE2_I/DRCK rise edge)
                                                     33.333    33.333 r  
    BSCAN_X0Y1           BSCANE2                      0.000    33.333 r  user_35t_i/mdm_1/U0/Use_E2.BSCAN_I/Use_E2.BSCANE2_I/DRCK
                         net (fo=1, routed)           1.641    34.974    user_35t_i/mdm_1/U0/No_Dbg_Reg_Access.BUFG_DRCK/DRCK
    BUFGCTRL_X0Y2        BUFG (Prop_bufg_I_O)         0.091    35.065 r  user_35t_i/mdm_1/U0/No_Dbg_Reg_Access.BUFG_DRCK/Using_FPGA.Native/O
                         net (fo=247, routed)         1.597    36.662    user_35t_i/microblaze_0/U0/MicroBlaze_Core_I/Performance.Core/Use_Debug_Logic.Master_Core.Debug_Perf/Dbg_Clk
    SLICE_X42Y128        FDRE                                         r  user_35t_i/microblaze_0/U0/MicroBlaze_Core_I/Performance.Core/Use_Debug_Logic.Master_Core.Debug_Perf/Serial_Dbg_Intf.shift_count_reg[1]/C
                         clock pessimism              0.363    37.025    
                         clock uncertainty           -0.035    36.990    
    SLICE_X42Y128        FDRE (Setup_fdre_C_D)        0.118    37.108    user_35t_i/microblaze_0/U0/MicroBlaze_Core_I/Performance.Core/Use_Debug_Logic.Master_Core.Debug_Perf/Serial_Dbg_Intf.shift_count_reg[1]
  -------------------------------------------------------------------
                         required time                         37.108    
                         arrival time                         -22.817    
  -------------------------------------------------------------------
                         slack                                 14.291    

Slack (MET) :             14.294ns  (required time - arrival time)
  Source:                 user_35t_i/mdm_1/U0/MDM_Core_I1/JTAG_CONTROL_I/Use_BSCAN.SYNC_FDRE/Using_FPGA.Native/C
                            (falling edge-triggered cell FDRE clocked by user_35t_i/mdm_1/U0/Use_E2.BSCAN_I/Use_E2.BSCANE2_I/DRCK  {rise@0.000ns fall@16.667ns period=33.333ns})
  Destination:            user_35t_i/microblaze_0/U0/MicroBlaze_Core_I/Performance.Core/Use_Debug_Logic.Master_Core.Debug_Perf/Serial_Dbg_Intf.shift_count_reg[3]/D
                            (rising edge-triggered cell FDRE clocked by user_35t_i/mdm_1/U0/Use_E2.BSCAN_I/Use_E2.BSCANE2_I/DRCK  {rise@0.000ns fall@16.667ns period=33.333ns})
  Path Group:             user_35t_i/mdm_1/U0/Use_E2.BSCAN_I/Use_E2.BSCANE2_I/DRCK
  Path Type:              Setup (Max at Slow Process Corner)
  Requirement:            16.667ns  (user_35t_i/mdm_1/U0/Use_E2.BSCAN_I/Use_E2.BSCANE2_I/DRCK rise@33.333ns - user_35t_i/mdm_1/U0/Use_E2.BSCAN_I/Use_E2.BSCANE2_I/DRCK fall@16.667ns)
  Data Path Delay:        2.406ns  (logic 0.733ns (30.470%)  route 1.673ns (69.530%))
  Logic Levels:           2  (LUT5=1 LUT6=1)
  Clock Path Skew:        -0.050ns (DCD - SCD + CPR)
    Destination Clock Delay (DCD):    3.329ns = ( 36.662 - 33.333 ) 
    Source Clock Delay      (SCD):    3.742ns = ( 20.409 - 16.667 ) 
    Clock Pessimism Removal (CPR):    0.363ns
  Clock Uncertainty:      0.035ns  ((TSJ^2 + TIJ^2)^1/2 + DJ) / 2 + PE
    Total System Jitter     (TSJ):    0.071ns
    Total Input Jitter      (TIJ):    0.000ns
    Discrete Jitter          (DJ):    0.000ns
    Phase Error              (PE):    0.000ns

    Location             Delay type                Incr(ns)  Path(ns)    Netlist Resource(s)
  -------------------------------------------------------------------    -------------------
                         (clock user_35t_i/mdm_1/U0/Use_E2.BSCAN_I/Use_E2.BSCANE2_I/DRCK fall edge)
                                                     16.667    16.667 f  
    BSCAN_X0Y1           BSCANE2                      0.000    16.667 f  user_35t_i/mdm_1/U0/Use_E2.BSCAN_I/Use_E2.BSCANE2_I/DRCK
                         net (fo=1, routed)           1.912    18.578    user_35t_i/mdm_1/U0/No_Dbg_Reg_Access.BUFG_DRCK/DRCK
    BUFGCTRL_X0Y2        BUFG (Prop_bufg_I_O)         0.096    18.674 f  user_35t_i/mdm_1/U0/No_Dbg_Reg_Access.BUFG_DRCK/Using_FPGA.Native/O
                         net (fo=247, routed)         1.734    20.409    user_35t_i/mdm_1/U0/MDM_Core_I1/JTAG_CONTROL_I/Use_BSCAN.SYNC_FDRE/Using_FPGA.Native_0
    SLICE_X45Y140        FDRE                                         r  user_35t_i/mdm_1/U0/MDM_Core_I1/JTAG_CONTROL_I/Use_BSCAN.SYNC_FDRE/Using_FPGA.Native/C  (IS_INVERTED)
  -------------------------------------------------------------------    -------------------
    SLICE_X45Y140        FDRE (Prop_fdre_C_Q)         0.459    20.868 r  user_35t_i/mdm_1/U0/MDM_Core_I1/JTAG_CONTROL_I/Use_BSCAN.SYNC_FDRE/Using_FPGA.Native/Q
                         net (fo=4, routed)           0.424    21.292    user_35t_i/mdm_1/U0/MDM_Core_I1/JTAG_CONTROL_I/Use_BSCAN.SYNC_FDRE/sync
    SLICE_X45Y140        LUT6 (Prop_lut6_I0_O)        0.124    21.416 r  user_35t_i/mdm_1/U0/MDM_Core_I1/JTAG_CONTROL_I/Use_BSCAN.SYNC_FDRE/Dbg_Shift_0_INST_0/O
                         net (fo=8, routed)           1.248    22.664    user_35t_i/microblaze_0/U0/MicroBlaze_Core_I/Performance.Core/Use_Debug_Logic.Master_Core.Debug_Perf/Dbg_Shift
    SLICE_X42Y128        LUT5 (Prop_lut5_I3_O)        0.150    22.814 r  user_35t_i/microblaze_0/U0/MicroBlaze_Core_I/Performance.Core/Use_Debug_Logic.Master_Core.Debug_Perf/Serial_Dbg_Intf.shift_count[3]_i_1/O
                         net (fo=1, routed)           0.000    22.814    user_35t_i/microblaze_0/U0/MicroBlaze_Core_I/Performance.Core/Use_Debug_Logic.Master_Core.Debug_Perf/p_0_in[3]
    SLICE_X42Y128        FDRE                                         r  user_35t_i/microblaze_0/U0/MicroBlaze_Core_I/Performance.Core/Use_Debug_Logic.Master_Core.Debug_Perf/Serial_Dbg_Intf.shift_count_reg[3]/D
  -------------------------------------------------------------------    -------------------

                         (clock user_35t_i/mdm_1/U0/Use_E2.BSCAN_I/Use_E2.BSCANE2_I/DRCK rise edge)
                                                     33.333    33.333 r  
    BSCAN_X0Y1           BSCANE2                      0.000    33.333 r  user_35t_i/mdm_1/U0/Use_E2.BSCAN_I/Use_E2.BSCANE2_I/DRCK
                         net (fo=1, routed)           1.641    34.974    user_35t_i/mdm_1/U0/No_Dbg_Reg_Access.BUFG_DRCK/DRCK
    BUFGCTRL_X0Y2        BUFG (Prop_bufg_I_O)         0.091    35.065 r  user_35t_i/mdm_1/U0/No_Dbg_Reg_Access.BUFG_DRCK/Using_FPGA.Native/O
                         net (fo=247, routed)         1.597    36.662    user_35t_i/microblaze_0/U0/MicroBlaze_Core_I/Performance.Core/Use_Debug_Logic.Master_Core.Debug_Perf/Dbg_Clk
    SLICE_X42Y128        FDRE                                         r  user_35t_i/microblaze_0/U0/MicroBlaze_Core_I/Performance.Core/Use_Debug_Logic.Master_Core.Debug_Perf/Serial_Dbg_Intf.shift_count_reg[3]/C
                         clock pessimism              0.363    37.025    
                         clock uncertainty           -0.035    36.990    
    SLICE_X42Y128        FDRE (Setup_fdre_C_D)        0.118    37.108    user_35t_i/microblaze_0/U0/MicroBlaze_Core_I/Performance.Core/Use_Debug_Logic.Master_Core.Debug_Perf/Serial_Dbg_Intf.shift_count_reg[3]
  -------------------------------------------------------------------
                         required time                         37.108    
                         arrival time                         -22.814    
  -------------------------------------------------------------------
                         slack                                 14.294    

Slack (MET) :             14.569ns  (required time - arrival time)
  Source:                 user_35t_i/mdm_1/U0/MDM_Core_I1/JTAG_CONTROL_I/Use_BSCAN.SYNC_FDRE/Using_FPGA.Native/C
                            (falling edge-triggered cell FDRE clocked by user_35t_i/mdm_1/U0/Use_E2.BSCAN_I/Use_E2.BSCANE2_I/DRCK  {rise@0.000ns fall@16.667ns period=33.333ns})
  Destination:            user_35t_i/microblaze_0/U0/MicroBlaze_Core_I/Performance.Core/Use_Debug_Logic.Master_Core.Debug_Perf/Serial_Dbg_Intf.shift_count_reg[4]/D
                            (rising edge-triggered cell FDRE clocked by user_35t_i/mdm_1/U0/Use_E2.BSCAN_I/Use_E2.BSCANE2_I/DRCK  {rise@0.000ns fall@16.667ns period=33.333ns})
  Path Group:             user_35t_i/mdm_1/U0/Use_E2.BSCAN_I/Use_E2.BSCANE2_I/DRCK
  Path Type:              Setup (Max at Slow Process Corner)
  Requirement:            16.667ns  (user_35t_i/mdm_1/U0/Use_E2.BSCAN_I/Use_E2.BSCANE2_I/DRCK rise@33.333ns - user_35t_i/mdm_1/U0/Use_E2.BSCAN_I/Use_E2.BSCANE2_I/DRCK fall@16.667ns)
  Data Path Delay:        2.092ns  (logic 0.707ns (33.801%)  route 1.385ns (66.199%))
  Logic Levels:           2  (LUT6=2)
  Clock Path Skew:        -0.050ns (DCD - SCD + CPR)
    Destination Clock Delay (DCD):    3.329ns = ( 36.662 - 33.333 ) 
    Source Clock Delay      (SCD):    3.742ns = ( 20.409 - 16.667 ) 
    Clock Pessimism Removal (CPR):    0.363ns
  Clock Uncertainty:      0.035ns  ((TSJ^2 + TIJ^2)^1/2 + DJ) / 2 + PE
    Total System Jitter     (TSJ):    0.071ns
    Total Input Jitter      (TIJ):    0.000ns
    Discrete Jitter          (DJ):    0.000ns
    Phase Error              (PE):    0.000ns

    Location             Delay type                Incr(ns)  Path(ns)    Netlist Resource(s)
  -------------------------------------------------------------------    -------------------
                         (clock user_35t_i/mdm_1/U0/Use_E2.BSCAN_I/Use_E2.BSCANE2_I/DRCK fall edge)
                                                     16.667    16.667 f  
    BSCAN_X0Y1           BSCANE2                      0.000    16.667 f  user_35t_i/mdm_1/U0/Use_E2.BSCAN_I/Use_E2.BSCANE2_I/DRCK
                         net (fo=1, routed)           1.912    18.578    user_35t_i/mdm_1/U0/No_Dbg_Reg_Access.BUFG_DRCK/DRCK
    BUFGCTRL_X0Y2        BUFG (Prop_bufg_I_O)         0.096    18.674 f  user_35t_i/mdm_1/U0/No_Dbg_Reg_Access.BUFG_DRCK/Using_FPGA.Native/O
                         net (fo=247, routed)         1.734    20.409    user_35t_i/mdm_1/U0/MDM_Core_I1/JTAG_CONTROL_I/Use_BSCAN.SYNC_FDRE/Using_FPGA.Native_0
    SLICE_X45Y140        FDRE                                         r  user_35t_i/mdm_1/U0/MDM_Core_I1/JTAG_CONTROL_I/Use_BSCAN.SYNC_FDRE/Using_FPGA.Native/C  (IS_INVERTED)
  -------------------------------------------------------------------    -------------------
    SLICE_X45Y140        FDRE (Prop_fdre_C_Q)         0.459    20.868 r  user_35t_i/mdm_1/U0/MDM_Core_I1/JTAG_CONTROL_I/Use_BSCAN.SYNC_FDRE/Using_FPGA.Native/Q
                         net (fo=4, routed)           0.424    21.292    user_35t_i/mdm_1/U0/MDM_Core_I1/JTAG_CONTROL_I/Use_BSCAN.SYNC_FDRE/sync
    SLICE_X45Y140        LUT6 (Prop_lut6_I0_O)        0.124    21.416 r  user_35t_i/mdm_1/U0/MDM_Core_I1/JTAG_CONTROL_I/Use_BSCAN.SYNC_FDRE/Dbg_Shift_0_INST_0/O
                         net (fo=8, routed)           0.960    22.376    user_35t_i/microblaze_0/U0/MicroBlaze_Core_I/Performance.Core/Use_Debug_Logic.Master_Core.Debug_Perf/Dbg_Shift
    SLICE_X42Y128        LUT6 (Prop_lut6_I4_O)        0.124    22.500 r  user_35t_i/microblaze_0/U0/MicroBlaze_Core_I/Performance.Core/Use_Debug_Logic.Master_Core.Debug_Perf/Serial_Dbg_Intf.shift_count[4]_i_1/O
                         net (fo=1, routed)           0.000    22.500    user_35t_i/microblaze_0/U0/MicroBlaze_Core_I/Performance.Core/Use_Debug_Logic.Master_Core.Debug_Perf/p_0_in[4]
    SLICE_X42Y128        FDRE                                         r  user_35t_i/microblaze_0/U0/MicroBlaze_Core_I/Performance.Core/Use_Debug_Logic.Master_Core.Debug_Perf/Serial_Dbg_Intf.shift_count_reg[4]/D
  -------------------------------------------------------------------    -------------------

                         (clock user_35t_i/mdm_1/U0/Use_E2.BSCAN_I/Use_E2.BSCANE2_I/DRCK rise edge)
                                                     33.333    33.333 r  
    BSCAN_X0Y1           BSCANE2                      0.000    33.333 r  user_35t_i/mdm_1/U0/Use_E2.BSCAN_I/Use_E2.BSCANE2_I/DRCK
                         net (fo=1, routed)           1.641    34.974    user_35t_i/mdm_1/U0/No_Dbg_Reg_Access.BUFG_DRCK/DRCK
    BUFGCTRL_X0Y2        BUFG (Prop_bufg_I_O)         0.091    35.065 r  user_35t_i/mdm_1/U0/No_Dbg_Reg_Access.BUFG_DRCK/Using_FPGA.Native/O
                         net (fo=247, routed)         1.597    36.662    user_35t_i/microblaze_0/U0/MicroBlaze_Core_I/Performance.Core/Use_Debug_Logic.Master_Core.Debug_Perf/Dbg_Clk
    SLICE_X42Y128        FDRE                                         r  user_35t_i/microblaze_0/U0/MicroBlaze_Core_I/Performance.Core/Use_Debug_Logic.Master_Core.Debug_Perf/Serial_Dbg_Intf.shift_count_reg[4]/C
                         clock pessimism              0.363    37.025    
                         clock uncertainty           -0.035    36.990    
    SLICE_X42Y128        FDRE (Setup_fdre_C_D)        0.079    37.069    user_35t_i/microblaze_0/U0/MicroBlaze_Core_I/Performance.Core/Use_Debug_Logic.Master_Core.Debug_Perf/Serial_Dbg_Intf.shift_count_reg[4]
  -------------------------------------------------------------------
                         required time                         37.069    
                         arrival time                         -22.500    
  -------------------------------------------------------------------
                         slack                                 14.569    

Slack (MET) :             14.915ns  (required time - arrival time)
  Source:                 user_35t_i/mdm_1/U0/MDM_Core_I1/JTAG_CONTROL_I/Use_BSCAN.SYNC_FDRE/Using_FPGA.Native/C
                            (falling edge-triggered cell FDRE clocked by user_35t_i/mdm_1/U0/Use_E2.BSCAN_I/Use_E2.BSCANE2_I/DRCK  {rise@0.000ns fall@16.667ns period=33.333ns})
  Destination:            user_35t_i/microblaze_0/U0/MicroBlaze_Core_I/Performance.Core/Use_Debug_Logic.Master_Core.Debug_Perf/Serial_Dbg_Intf.shift_count_reg[5]/D
                            (rising edge-triggered cell FDRE clocked by user_35t_i/mdm_1/U0/Use_E2.BSCAN_I/Use_E2.BSCANE2_I/DRCK  {rise@0.000ns fall@16.667ns period=33.333ns})
  Path Group:             user_35t_i/mdm_1/U0/Use_E2.BSCAN_I/Use_E2.BSCANE2_I/DRCK
  Path Type:              Setup (Max at Slow Process Corner)
  Requirement:            16.667ns  (user_35t_i/mdm_1/U0/Use_E2.BSCAN_I/Use_E2.BSCANE2_I/DRCK rise@33.333ns - user_35t_i/mdm_1/U0/Use_E2.BSCAN_I/Use_E2.BSCANE2_I/DRCK fall@16.667ns)
  Data Path Delay:        1.754ns  (logic 0.707ns (40.309%)  route 1.047ns (59.691%))
  Logic Levels:           2  (LUT6=2)
  Clock Path Skew:        -0.041ns (DCD - SCD + CPR)
    Destination Clock Delay (DCD):    3.338ns = ( 36.671 - 33.333 ) 
    Source Clock Delay      (SCD):    3.742ns = ( 20.409 - 16.667 ) 
    Clock Pessimism Removal (CPR):    0.363ns
  Clock Uncertainty:      0.035ns  ((TSJ^2 + TIJ^2)^1/2 + DJ) / 2 + PE
    Total System Jitter     (TSJ):    0.071ns
    Total Input Jitter      (TIJ):    0.000ns
    Discrete Jitter          (DJ):    0.000ns
    Phase Error              (PE):    0.000ns

    Location             Delay type                Incr(ns)  Path(ns)    Netlist Resource(s)
  -------------------------------------------------------------------    -------------------
                         (clock user_35t_i/mdm_1/U0/Use_E2.BSCAN_I/Use_E2.BSCANE2_I/DRCK fall edge)
                                                     16.667    16.667 f  
    BSCAN_X0Y1           BSCANE2                      0.000    16.667 f  user_35t_i/mdm_1/U0/Use_E2.BSCAN_I/Use_E2.BSCANE2_I/DRCK
                         net (fo=1, routed)           1.912    18.578    user_35t_i/mdm_1/U0/No_Dbg_Reg_Access.BUFG_DRCK/DRCK
    BUFGCTRL_X0Y2        BUFG (Prop_bufg_I_O)         0.096    18.674 f  user_35t_i/mdm_1/U0/No_Dbg_Reg_Access.BUFG_DRCK/Using_FPGA.Native/O
                         net (fo=247, routed)         1.734    20.409    user_35t_i/mdm_1/U0/MDM_Core_I1/JTAG_CONTROL_I/Use_BSCAN.SYNC_FDRE/Using_FPGA.Native_0
    SLICE_X45Y140        FDRE                                         r  user_35t_i/mdm_1/U0/MDM_Core_I1/JTAG_CONTROL_I/Use_BSCAN.SYNC_FDRE/Using_FPGA.Native/C  (IS_INVERTED)
  -------------------------------------------------------------------    -------------------
    SLICE_X45Y140        FDRE (Prop_fdre_C_Q)         0.459    20.868 r  user_35t_i/mdm_1/U0/MDM_Core_I1/JTAG_CONTROL_I/Use_BSCAN.SYNC_FDRE/Using_FPGA.Native/Q
                         net (fo=4, routed)           0.424    21.292    user_35t_i/mdm_1/U0/MDM_Core_I1/JTAG_CONTROL_I/Use_BSCAN.SYNC_FDRE/sync
    SLICE_X45Y140        LUT6 (Prop_lut6_I0_O)        0.124    21.416 r  user_35t_i/mdm_1/U0/MDM_Core_I1/JTAG_CONTROL_I/Use_BSCAN.SYNC_FDRE/Dbg_Shift_0_INST_0/O
                         net (fo=8, routed)           0.623    22.039    user_35t_i/microblaze_0/U0/MicroBlaze_Core_I/Performance.Core/Use_Debug_Logic.Master_Core.Debug_Perf/Dbg_Shift
    SLICE_X38Y139        LUT6 (Prop_lut6_I4_O)        0.124    22.163 r  user_35t_i/microblaze_0/U0/MicroBlaze_Core_I/Performance.Core/Use_Debug_Logic.Master_Core.Debug_Perf/Serial_Dbg_Intf.shift_count[5]_i_1/O
                         net (fo=1, routed)           0.000    22.163    user_35t_i/microblaze_0/U0/MicroBlaze_Core_I/Performance.Core/Use_Debug_Logic.Master_Core.Debug_Perf/p_0_in[5]
    SLICE_X38Y139        FDRE                                         r  user_35t_i/microblaze_0/U0/MicroBlaze_Core_I/Performance.Core/Use_Debug_Logic.Master_Core.Debug_Perf/Serial_Dbg_Intf.shift_count_reg[5]/D
  -------------------------------------------------------------------    -------------------

                         (clock user_35t_i/mdm_1/U0/Use_E2.BSCAN_I/Use_E2.BSCANE2_I/DRCK rise edge)
                                                     33.333    33.333 r  
    BSCAN_X0Y1           BSCANE2                      0.000    33.333 r  user_35t_i/mdm_1/U0/Use_E2.BSCAN_I/Use_E2.BSCANE2_I/DRCK
                         net (fo=1, routed)           1.641    34.974    user_35t_i/mdm_1/U0/No_Dbg_Reg_Access.BUFG_DRCK/DRCK
    BUFGCTRL_X0Y2        BUFG (Prop_bufg_I_O)         0.091    35.065 r  user_35t_i/mdm_1/U0/No_Dbg_Reg_Access.BUFG_DRCK/Using_FPGA.Native/O
                         net (fo=247, routed)         1.606    36.671    user_35t_i/microblaze_0/U0/MicroBlaze_Core_I/Performance.Core/Use_Debug_Logic.Master_Core.Debug_Perf/Dbg_Clk
    SLICE_X38Y139        FDRE                                         r  user_35t_i/microblaze_0/U0/MicroBlaze_Core_I/Performance.Core/Use_Debug_Logic.Master_Core.Debug_Perf/Serial_Dbg_Intf.shift_count_reg[5]/C
                         clock pessimism              0.363    37.034    
                         clock uncertainty           -0.035    36.999    
    SLICE_X38Y139        FDRE (Setup_fdre_C_D)        0.079    37.078    user_35t_i/microblaze_0/U0/MicroBlaze_Core_I/Performance.Core/Use_Debug_Logic.Master_Core.Debug_Perf/Serial_Dbg_Intf.shift_count_reg[5]
  -------------------------------------------------------------------
                         required time                         37.078    
                         arrival time                         -22.163    
  -------------------------------------------------------------------
                         slack                                 14.915    

Slack (MET) :             15.024ns  (required time - arrival time)
  Source:                 user_35t_i/mdm_1/U0/MDM_Core_I1/JTAG_CONTROL_I/Use_BSCAN.SYNC_FDRE/Using_FPGA.Native/C
                            (falling edge-triggered cell FDRE clocked by user_35t_i/mdm_1/U0/Use_E2.BSCAN_I/Use_E2.BSCANE2_I/DRCK  {rise@0.000ns fall@16.667ns period=33.333ns})
  Destination:            user_35t_i/mdm_1/U0/MDM_Core_I1/JTAG_CONTROL_I/Use_Serial_Unified_Completion.mb_instr_error_reg/D
                            (rising edge-triggered cell FDRE clocked by user_35t_i/mdm_1/U0/Use_E2.BSCAN_I/Use_E2.BSCANE2_I/DRCK  {rise@0.000ns fall@16.667ns period=33.333ns})
  Path Group:             user_35t_i/mdm_1/U0/Use_E2.BSCAN_I/Use_E2.BSCANE2_I/DRCK
  Path Type:              Setup (Max at Slow Process Corner)
  Requirement:            16.667ns  (user_35t_i/mdm_1/U0/Use_E2.BSCAN_I/Use_E2.BSCANE2_I/DRCK rise@33.333ns - user_35t_i/mdm_1/U0/Use_E2.BSCAN_I/Use_E2.BSCANE2_I/DRCK fall@16.667ns)
  Data Path Delay:        1.612ns  (logic 0.707ns (43.853%)  route 0.905ns (56.147%))
  Logic Levels:           2  (LUT6=2)
  Clock Path Skew:        -0.024ns (DCD - SCD + CPR)
    Destination Clock Delay (DCD):    3.340ns = ( 36.673 - 33.333 ) 
    Source Clock Delay      (SCD):    3.742ns = ( 20.409 - 16.667 ) 
    Clock Pessimism Removal (CPR):    0.378ns
  Clock Uncertainty:      0.035ns  ((TSJ^2 + TIJ^2)^1/2 + DJ) / 2 + PE
    Total System Jitter     (TSJ):    0.071ns
    Total Input Jitter      (TIJ):    0.000ns
    Discrete Jitter          (DJ):    0.000ns
    Phase Error              (PE):    0.000ns

    Location             Delay type                Incr(ns)  Path(ns)    Netlist Resource(s)
  -------------------------------------------------------------------    -------------------
                         (clock user_35t_i/mdm_1/U0/Use_E2.BSCAN_I/Use_E2.BSCANE2_I/DRCK fall edge)
                                                     16.667    16.667 f  
    BSCAN_X0Y1           BSCANE2                      0.000    16.667 f  user_35t_i/mdm_1/U0/Use_E2.BSCAN_I/Use_E2.BSCANE2_I/DRCK
                         net (fo=1, routed)           1.912    18.578    user_35t_i/mdm_1/U0/No_Dbg_Reg_Access.BUFG_DRCK/DRCK
    BUFGCTRL_X0Y2        BUFG (Prop_bufg_I_O)         0.096    18.674 f  user_35t_i/mdm_1/U0/No_Dbg_Reg_Access.BUFG_DRCK/Using_FPGA.Native/O
                         net (fo=247, routed)         1.734    20.409    user_35t_i/mdm_1/U0/MDM_Core_I1/JTAG_CONTROL_I/Use_BSCAN.SYNC_FDRE/Using_FPGA.Native_0
    SLICE_X45Y140        FDRE                                         r  user_35t_i/mdm_1/U0/MDM_Core_I1/JTAG_CONTROL_I/Use_BSCAN.SYNC_FDRE/Using_FPGA.Native/C  (IS_INVERTED)
  -------------------------------------------------------------------    -------------------
    SLICE_X45Y140        FDRE (Prop_fdre_C_Q)         0.459    20.868 r  user_35t_i/mdm_1/U0/MDM_Core_I1/JTAG_CONTROL_I/Use_BSCAN.SYNC_FDRE/Using_FPGA.Native/Q
                         net (fo=4, routed)           0.592    21.460    user_35t_i/mdm_1/U0/MDM_Core_I1/JTAG_CONTROL_I/Use_BSCAN.FDC_I/sync
    SLICE_X45Y140        LUT6 (Prop_lut6_I4_O)        0.124    21.584 r  user_35t_i/mdm_1/U0/MDM_Core_I1/JTAG_CONTROL_I/Use_BSCAN.FDC_I/Use_Serial_Unified_Completion.mb_instr_overrun_i_3/O
                         net (fo=2, routed)           0.313    21.897    user_35t_i/mdm_1/U0/MDM_Core_I1/JTAG_CONTROL_I/Use_BSCAN.FDC_I/mb_instr_overrun1__0
    SLICE_X47Y141        LUT6 (Prop_lut6_I1_O)        0.124    22.021 r  user_35t_i/mdm_1/U0/MDM_Core_I1/JTAG_CONTROL_I/Use_BSCAN.FDC_I/Use_Serial_Unified_Completion.mb_instr_error_i_1/O
                         net (fo=1, routed)           0.000    22.021    user_35t_i/mdm_1/U0/MDM_Core_I1/JTAG_CONTROL_I/Use_BSCAN.FDC_I_n_31
    SLICE_X47Y141        FDRE                                         r  user_35t_i/mdm_1/U0/MDM_Core_I1/JTAG_CONTROL_I/Use_Serial_Unified_Completion.mb_instr_error_reg/D
  -------------------------------------------------------------------    -------------------

                         (clock user_35t_i/mdm_1/U0/Use_E2.BSCAN_I/Use_E2.BSCANE2_I/DRCK rise edge)
                                                     33.333    33.333 r  
    BSCAN_X0Y1           BSCANE2                      0.000    33.333 r  user_35t_i/mdm_1/U0/Use_E2.BSCAN_I/Use_E2.BSCANE2_I/DRCK
                         net (fo=1, routed)           1.641    34.974    user_35t_i/mdm_1/U0/No_Dbg_Reg_Access.BUFG_DRCK/DRCK
    BUFGCTRL_X0Y2        BUFG (Prop_bufg_I_O)         0.091    35.065 r  user_35t_i/mdm_1/U0/No_Dbg_Reg_Access.BUFG_DRCK/Using_FPGA.Native/O
                         net (fo=247, routed)         1.608    36.673    user_35t_i/mdm_1/U0/MDM_Core_I1/JTAG_CONTROL_I/Using_FPGA.Native
    SLICE_X47Y141        FDRE                                         r  user_35t_i/mdm_1/U0/MDM_Core_I1/JTAG_CONTROL_I/Use_Serial_Unified_Completion.mb_instr_error_reg/C
                         clock pessimism              0.378    37.051    
                         clock uncertainty           -0.035    37.016    
    SLICE_X47Y141        FDRE (Setup_fdre_C_D)        0.029    37.045    user_35t_i/mdm_1/U0/MDM_Core_I1/JTAG_CONTROL_I/Use_Serial_Unified_Completion.mb_instr_error_reg
  -------------------------------------------------------------------
                         required time                         37.045    
                         arrival time                         -22.021    
  -------------------------------------------------------------------
                         slack                                 15.024    





Min Delay Paths
--------------------------------------------------------------------------------------
Slack (MET) :             0.013ns  (arrival time - required time)
  Source:                 user_35t_i/microblaze_0/U0/MicroBlaze_Core_I/Performance.Core/Use_Debug_Logic.Master_Core.Debug_Perf/Serial_Dbg_Intf.sync_stack_violation_occurence/Single_Synchronize.use_async_reset.sync_reg/C
                            (rising edge-triggered cell FDRE clocked by user_35t_i/mdm_1/U0/Use_E2.BSCAN_I/Use_E2.BSCANE2_I/DRCK  {rise@0.000ns fall@16.667ns period=33.333ns})
  Destination:            user_35t_i/microblaze_0/U0/MicroBlaze_Core_I/Performance.Core/Use_Debug_Logic.Master_Core.Debug_Perf/Serial_Dbg_Intf.status_reg_reg[26]/D
                            (rising edge-triggered cell FDRE clocked by user_35t_i/mdm_1/U0/Use_E2.BSCAN_I/Use_E2.BSCANE2_I/DRCK  {rise@0.000ns fall@16.667ns period=33.333ns})
  Path Group:             user_35t_i/mdm_1/U0/Use_E2.BSCAN_I/Use_E2.BSCANE2_I/DRCK
  Path Type:              Hold (Min at Fast Process Corner)
  Requirement:            0.000ns  (user_35t_i/mdm_1/U0/Use_E2.BSCAN_I/Use_E2.BSCANE2_I/DRCK rise@0.000ns - user_35t_i/mdm_1/U0/Use_E2.BSCAN_I/Use_E2.BSCANE2_I/DRCK rise@0.000ns)
  Data Path Delay:        0.342ns  (logic 0.141ns (41.204%)  route 0.201ns (58.796%))
  Logic Levels:           0  
  Clock Path Skew:        0.266ns (DCD - SCD - CPR)
    Destination Clock Delay (DCD):    1.819ns
    Source Clock Delay      (SCD):    1.421ns
    Clock Pessimism Removal (CPR):    0.132ns

    Location             Delay type                Incr(ns)  Path(ns)    Netlist Resource(s)
  -------------------------------------------------------------------    -------------------
                         (clock user_35t_i/mdm_1/U0/Use_E2.BSCAN_I/Use_E2.BSCANE2_I/DRCK rise edge)
                                                      0.000     0.000 r  
    BSCAN_X0Y1           BSCANE2                      0.000     0.000 r  user_35t_i/mdm_1/U0/Use_E2.BSCAN_I/Use_E2.BSCANE2_I/DRCK
                         net (fo=1, routed)           0.755     0.755    user_35t_i/mdm_1/U0/No_Dbg_Reg_Access.BUFG_DRCK/DRCK
    BUFGCTRL_X0Y2        BUFG (Prop_bufg_I_O)         0.026     0.781 r  user_35t_i/mdm_1/U0/No_Dbg_Reg_Access.BUFG_DRCK/Using_FPGA.Native/O
                         net (fo=247, routed)         0.640     1.421    user_35t_i/microblaze_0/U0/MicroBlaze_Core_I/Performance.Core/Use_Debug_Logic.Master_Core.Debug_Perf/Serial_Dbg_Intf.sync_stack_violation_occurence/Dbg_Clk
    SLICE_X35Y139        FDRE                                         r  user_35t_i/microblaze_0/U0/MicroBlaze_Core_I/Performance.Core/Use_Debug_Logic.Master_Core.Debug_Perf/Serial_Dbg_Intf.sync_stack_violation_occurence/Single_Synchronize.use_async_reset.sync_reg/C
  -------------------------------------------------------------------    -------------------
    SLICE_X35Y139        FDRE (Prop_fdre_C_Q)         0.141     1.562 r  user_35t_i/microblaze_0/U0/MicroBlaze_Core_I/Performance.Core/Use_Debug_Logic.Master_Core.Debug_Perf/Serial_Dbg_Intf.sync_stack_violation_occurence/Single_Synchronize.use_async_reset.sync_reg/Q
                         net (fo=1, routed)           0.201     1.763    user_35t_i/microblaze_0/U0/MicroBlaze_Core_I/Performance.Core/Use_Debug_Logic.Master_Core.Debug_Perf/stack_violation_occurence_synced
    SLICE_X38Y140        FDRE                                         r  user_35t_i/microblaze_0/U0/MicroBlaze_Core_I/Performance.Core/Use_Debug_Logic.Master_Core.Debug_Perf/Serial_Dbg_Intf.status_reg_reg[26]/D
  -------------------------------------------------------------------    -------------------

                         (clock user_35t_i/mdm_1/U0/Use_E2.BSCAN_I/Use_E2.BSCANE2_I/DRCK rise edge)
                                                      0.000     0.000 r  
    BSCAN_X0Y1           BSCANE2                      0.000     0.000 r  user_35t_i/mdm_1/U0/Use_E2.BSCAN_I/Use_E2.BSCANE2_I/DRCK
                         net (fo=1, routed)           0.875     0.875    user_35t_i/mdm_1/U0/No_Dbg_Reg_Access.BUFG_DRCK/DRCK
    BUFGCTRL_X0Y2        BUFG (Prop_bufg_I_O)         0.029     0.904 r  user_35t_i/mdm_1/U0/No_Dbg_Reg_Access.BUFG_DRCK/Using_FPGA.Native/O
                         net (fo=247, routed)         0.915     1.819    user_35t_i/microblaze_0/U0/MicroBlaze_Core_I/Performance.Core/Use_Debug_Logic.Master_Core.Debug_Perf/Dbg_Clk
    SLICE_X38Y140        FDRE                                         r  user_35t_i/microblaze_0/U0/MicroBlaze_Core_I/Performance.Core/Use_Debug_Logic.Master_Core.Debug_Perf/Serial_Dbg_Intf.status_reg_reg[26]/C
                         clock pessimism             -0.132     1.687    
    SLICE_X38Y140        FDRE (Hold_fdre_C_D)         0.063     1.750    user_35t_i/microblaze_0/U0/MicroBlaze_Core_I/Performance.Core/Use_Debug_Logic.Master_Core.Debug_Perf/Serial_Dbg_Intf.status_reg_reg[26]
  -------------------------------------------------------------------
                         required time                         -1.750    
                         arrival time                           1.763    
  -------------------------------------------------------------------
                         slack                                  0.013    

Slack (MET) :             0.131ns  (arrival time - required time)
  Source:                 user_35t_i/mdm_1/U0/MDM_Core_I1/Use_BSCAN.Config_Reg_reg[26]/C
                            (rising edge-triggered cell FDCE clocked by user_35t_i/mdm_1/U0/Use_E2.BSCAN_I/Use_E2.BSCANE2_I/DRCK  {rise@0.000ns fall@16.667ns period=33.333ns})
  Destination:            user_35t_i/mdm_1/U0/MDM_Core_I1/Use_BSCAN.Config_Reg_reg[25]/D
                            (rising edge-triggered cell FDPE clocked by user_35t_i/mdm_1/U0/Use_E2.BSCAN_I/Use_E2.BSCANE2_I/DRCK  {rise@0.000ns fall@16.667ns period=33.333ns})
  Path Group:             user_35t_i/mdm_1/U0/Use_E2.BSCAN_I/Use_E2.BSCANE2_I/DRCK
  Path Type:              Hold (Min at Fast Process Corner)
  Requirement:            0.000ns  (user_35t_i/mdm_1/U0/Use_E2.BSCAN_I/Use_E2.BSCANE2_I/DRCK rise@0.000ns - user_35t_i/mdm_1/U0/Use_E2.BSCAN_I/Use_E2.BSCANE2_I/DRCK rise@0.000ns)
  Data Path Delay:        0.206ns  (logic 0.141ns (68.336%)  route 0.065ns (31.664%))
  Logic Levels:           0  
  Clock Path Skew:        0.000ns (DCD - SCD - CPR)
    Destination Clock Delay (DCD):    1.818ns
    Source Clock Delay      (SCD):    1.422ns
    Clock Pessimism Removal (CPR):    0.396ns

    Location             Delay type                Incr(ns)  Path(ns)    Netlist Resource(s)
  -------------------------------------------------------------------    -------------------
                         (clock user_35t_i/mdm_1/U0/Use_E2.BSCAN_I/Use_E2.BSCANE2_I/DRCK rise edge)
                                                      0.000     0.000 r  
    BSCAN_X0Y1           BSCANE2                      0.000     0.000 r  user_35t_i/mdm_1/U0/Use_E2.BSCAN_I/Use_E2.BSCANE2_I/DRCK
                         net (fo=1, routed)           0.755     0.755    user_35t_i/mdm_1/U0/No_Dbg_Reg_Access.BUFG_DRCK/DRCK
    BUFGCTRL_X0Y2        BUFG (Prop_bufg_I_O)         0.026     0.781 r  user_35t_i/mdm_1/U0/No_Dbg_Reg_Access.BUFG_DRCK/Using_FPGA.Native/O
                         net (fo=247, routed)         0.641     1.422    user_35t_i/mdm_1/U0/MDM_Core_I1/Using_FPGA.Native
    SLICE_X48Y136        FDCE                                         r  user_35t_i/mdm_1/U0/MDM_Core_I1/Use_BSCAN.Config_Reg_reg[26]/C
  -------------------------------------------------------------------    -------------------
    SLICE_X48Y136        FDCE (Prop_fdce_C_Q)         0.141     1.563 r  user_35t_i/mdm_1/U0/MDM_Core_I1/Use_BSCAN.Config_Reg_reg[26]/Q
                         net (fo=1, routed)           0.065     1.628    user_35t_i/mdm_1/U0/MDM_Core_I1/Use_BSCAN.Config_Reg_reg_n_0_[26]
    SLICE_X48Y136        FDPE                                         r  user_35t_i/mdm_1/U0/MDM_Core_I1/Use_BSCAN.Config_Reg_reg[25]/D
  -------------------------------------------------------------------    -------------------

                         (clock user_35t_i/mdm_1/U0/Use_E2.BSCAN_I/Use_E2.BSCANE2_I/DRCK rise edge)
                                                      0.000     0.000 r  
    BSCAN_X0Y1           BSCANE2                      0.000     0.000 r  user_35t_i/mdm_1/U0/Use_E2.BSCAN_I/Use_E2.BSCANE2_I/DRCK
                         net (fo=1, routed)           0.875     0.875    user_35t_i/mdm_1/U0/No_Dbg_Reg_Access.BUFG_DRCK/DRCK
    BUFGCTRL_X0Y2        BUFG (Prop_bufg_I_O)         0.029     0.904 r  user_35t_i/mdm_1/U0/No_Dbg_Reg_Access.BUFG_DRCK/Using_FPGA.Native/O
                         net (fo=247, routed)         0.914     1.818    user_35t_i/mdm_1/U0/MDM_Core_I1/Using_FPGA.Native
    SLICE_X48Y136        FDPE                                         r  user_35t_i/mdm_1/U0/MDM_Core_I1/Use_BSCAN.Config_Reg_reg[25]/C
                         clock pessimism             -0.396     1.422    
    SLICE_X48Y136        FDPE (Hold_fdpe_C_D)         0.075     1.497    user_35t_i/mdm_1/U0/MDM_Core_I1/Use_BSCAN.Config_Reg_reg[25]
  -------------------------------------------------------------------
                         required time                         -1.497    
                         arrival time                           1.628    
  -------------------------------------------------------------------
                         slack                                  0.131    

Slack (MET) :             0.131ns  (arrival time - required time)
  Source:                 user_35t_i/mdm_1/U0/MDM_Core_I1/Use_BSCAN.Config_Reg_reg[10]/C
                            (rising edge-triggered cell FDCE clocked by user_35t_i/mdm_1/U0/Use_E2.BSCAN_I/Use_E2.BSCANE2_I/DRCK  {rise@0.000ns fall@16.667ns period=33.333ns})
  Destination:            user_35t_i/mdm_1/U0/MDM_Core_I1/Use_BSCAN.Config_Reg_reg[9]/D
                            (rising edge-triggered cell FDPE clocked by user_35t_i/mdm_1/U0/Use_E2.BSCAN_I/Use_E2.BSCANE2_I/DRCK  {rise@0.000ns fall@16.667ns period=33.333ns})
  Path Group:             user_35t_i/mdm_1/U0/Use_E2.BSCAN_I/Use_E2.BSCANE2_I/DRCK
  Path Type:              Hold (Min at Fast Process Corner)
  Requirement:            0.000ns  (user_35t_i/mdm_1/U0/Use_E2.BSCAN_I/Use_E2.BSCANE2_I/DRCK rise@0.000ns - user_35t_i/mdm_1/U0/Use_E2.BSCAN_I/Use_E2.BSCANE2_I/DRCK rise@0.000ns)
  Data Path Delay:        0.206ns  (logic 0.141ns (68.336%)  route 0.065ns (31.664%))
  Logic Levels:           0  
  Clock Path Skew:        0.000ns (DCD - SCD - CPR)
    Destination Clock Delay (DCD):    1.819ns
    Source Clock Delay      (SCD):    1.423ns
    Clock Pessimism Removal (CPR):    0.396ns

    Location             Delay type                Incr(ns)  Path(ns)    Netlist Resource(s)
  -------------------------------------------------------------------    -------------------
                         (clock user_35t_i/mdm_1/U0/Use_E2.BSCAN_I/Use_E2.BSCANE2_I/DRCK rise edge)
                                                      0.000     0.000 r  
    BSCAN_X0Y1           BSCANE2                      0.000     0.000 r  user_35t_i/mdm_1/U0/Use_E2.BSCAN_I/Use_E2.BSCANE2_I/DRCK
                         net (fo=1, routed)           0.755     0.755    user_35t_i/mdm_1/U0/No_Dbg_Reg_Access.BUFG_DRCK/DRCK
    BUFGCTRL_X0Y2        BUFG (Prop_bufg_I_O)         0.026     0.781 r  user_35t_i/mdm_1/U0/No_Dbg_Reg_Access.BUFG_DRCK/Using_FPGA.Native/O
                         net (fo=247, routed)         0.642     1.423    user_35t_i/mdm_1/U0/MDM_Core_I1/Using_FPGA.Native
    SLICE_X48Y137        FDCE                                         r  user_35t_i/mdm_1/U0/MDM_Core_I1/Use_BSCAN.Config_Reg_reg[10]/C
  -------------------------------------------------------------------    -------------------
    SLICE_X48Y137        FDCE (Prop_fdce_C_Q)         0.141     1.564 r  user_35t_i/mdm_1/U0/MDM_Core_I1/Use_BSCAN.Config_Reg_reg[10]/Q
                         net (fo=1, routed)           0.065     1.629    user_35t_i/mdm_1/U0/MDM_Core_I1/Use_BSCAN.Config_Reg_reg_n_0_[10]
    SLICE_X48Y137        FDPE                                         r  user_35t_i/mdm_1/U0/MDM_Core_I1/Use_BSCAN.Config_Reg_reg[9]/D
  -------------------------------------------------------------------    -------------------

                         (clock user_35t_i/mdm_1/U0/Use_E2.BSCAN_I/Use_E2.BSCANE2_I/DRCK rise edge)
                                                      0.000     0.000 r  
    BSCAN_X0Y1           BSCANE2                      0.000     0.000 r  user_35t_i/mdm_1/U0/Use_E2.BSCAN_I/Use_E2.BSCANE2_I/DRCK
                         net (fo=1, routed)           0.875     0.875    user_35t_i/mdm_1/U0/No_Dbg_Reg_Access.BUFG_DRCK/DRCK
    BUFGCTRL_X0Y2        BUFG (Prop_bufg_I_O)         0.029     0.904 r  user_35t_i/mdm_1/U0/No_Dbg_Reg_Access.BUFG_DRCK/Using_FPGA.Native/O
                         net (fo=247, routed)         0.915     1.819    user_35t_i/mdm_1/U0/MDM_Core_I1/Using_FPGA.Native
    SLICE_X48Y137        FDPE                                         r  user_35t_i/mdm_1/U0/MDM_Core_I1/Use_BSCAN.Config_Reg_reg[9]/C
                         clock pessimism             -0.396     1.423    
    SLICE_X48Y137        FDPE (Hold_fdpe_C_D)         0.075     1.498    user_35t_i/mdm_1/U0/MDM_Core_I1/Use_BSCAN.Config_Reg_reg[9]
  -------------------------------------------------------------------
                         required time                         -1.498    
                         arrival time                           1.629    
  -------------------------------------------------------------------
                         slack                                  0.131    

Slack (MET) :             0.139ns  (arrival time - required time)
  Source:                 user_35t_i/mdm_1/U0/MDM_Core_I1/JTAG_CONTROL_I/Use_Serial_Unified_Completion._Data_Read_Status.count_reg[4]/C
                            (rising edge-triggered cell FDRE clocked by user_35t_i/mdm_1/U0/Use_E2.BSCAN_I/Use_E2.BSCANE2_I/DRCK  {rise@0.000ns fall@16.667ns period=33.333ns})
  Destination:            user_35t_i/mdm_1/U0/MDM_Core_I1/JTAG_CONTROL_I/Use_Serial_Unified_Completion._Data_Read_Status.count_reg[1]/D
                            (rising edge-triggered cell FDRE clocked by user_35t_i/mdm_1/U0/Use_E2.BSCAN_I/Use_E2.BSCANE2_I/DRCK  {rise@0.000ns fall@16.667ns period=33.333ns})
  Path Group:             user_35t_i/mdm_1/U0/Use_E2.BSCAN_I/Use_E2.BSCANE2_I/DRCK
  Path Type:              Hold (Min at Fast Process Corner)
  Requirement:            0.000ns  (user_35t_i/mdm_1/U0/Use_E2.BSCAN_I/Use_E2.BSCANE2_I/DRCK rise@0.000ns - user_35t_i/mdm_1/U0/Use_E2.BSCAN_I/Use_E2.BSCANE2_I/DRCK rise@0.000ns)
  Data Path Delay:        0.273ns  (logic 0.186ns (68.028%)  route 0.087ns (31.972%))
  Logic Levels:           1  (LUT6=1)
  Clock Path Skew:        0.013ns (DCD - SCD - CPR)
    Destination Clock Delay (DCD):    1.819ns
    Source Clock Delay      (SCD):    1.423ns
    Clock Pessimism Removal (CPR):    0.383ns

    Location             Delay type                Incr(ns)  Path(ns)    Netlist Resource(s)
  -------------------------------------------------------------------    -------------------
                         (clock user_35t_i/mdm_1/U0/Use_E2.BSCAN_I/Use_E2.BSCANE2_I/DRCK rise edge)
                                                      0.000     0.000 r  
    BSCAN_X0Y1           BSCANE2                      0.000     0.000 r  user_35t_i/mdm_1/U0/Use_E2.BSCAN_I/Use_E2.BSCANE2_I/DRCK
                         net (fo=1, routed)           0.755     0.755    user_35t_i/mdm_1/U0/No_Dbg_Reg_Access.BUFG_DRCK/DRCK
    BUFGCTRL_X0Y2        BUFG (Prop_bufg_I_O)         0.026     0.781 r  user_35t_i/mdm_1/U0/No_Dbg_Reg_Access.BUFG_DRCK/Using_FPGA.Native/O
                         net (fo=247, routed)         0.642     1.423    user_35t_i/mdm_1/U0/MDM_Core_I1/JTAG_CONTROL_I/Using_FPGA.Native
    SLICE_X43Y142        FDRE                                         r  user_35t_i/mdm_1/U0/MDM_Core_I1/JTAG_CONTROL_I/Use_Serial_Unified_Completion._Data_Read_Status.count_reg[4]/C
  -------------------------------------------------------------------    -------------------
    SLICE_X43Y142        FDRE (Prop_fdre_C_Q)         0.141     1.564 r  user_35t_i/mdm_1/U0/MDM_Core_I1/JTAG_CONTROL_I/Use_Serial_Unified_Completion._Data_Read_Status.count_reg[4]/Q
                         net (fo=6, routed)           0.087     1.651    user_35t_i/mdm_1/U0/MDM_Core_I1/JTAG_CONTROL_I/Use_Serial_Unified_Completion._Data_Read_Status.count_reg[4]
    SLICE_X42Y142        LUT6 (Prop_lut6_I1_O)        0.045     1.696 r  user_35t_i/mdm_1/U0/MDM_Core_I1/JTAG_CONTROL_I/Use_Serial_Unified_Completion._Data_Read_Status.count[1]_i_1/O
                         net (fo=1, routed)           0.000     1.696    user_35t_i/mdm_1/U0/MDM_Core_I1/JTAG_CONTROL_I/p_0_in[4]
    SLICE_X42Y142        FDRE                                         r  user_35t_i/mdm_1/U0/MDM_Core_I1/JTAG_CONTROL_I/Use_Serial_Unified_Completion._Data_Read_Status.count_reg[1]/D
  -------------------------------------------------------------------    -------------------

                         (clock user_35t_i/mdm_1/U0/Use_E2.BSCAN_I/Use_E2.BSCANE2_I/DRCK rise edge)
                                                      0.000     0.000 r  
    BSCAN_X0Y1           BSCANE2                      0.000     0.000 r  user_35t_i/mdm_1/U0/Use_E2.BSCAN_I/Use_E2.BSCANE2_I/DRCK
                         net (fo=1, routed)           0.875     0.875    user_35t_i/mdm_1/U0/No_Dbg_Reg_Access.BUFG_DRCK/DRCK
    BUFGCTRL_X0Y2        BUFG (Prop_bufg_I_O)         0.029     0.904 r  user_35t_i/mdm_1/U0/No_Dbg_Reg_Access.BUFG_DRCK/Using_FPGA.Native/O
                         net (fo=247, routed)         0.915     1.819    user_35t_i/mdm_1/U0/MDM_Core_I1/JTAG_CONTROL_I/Using_FPGA.Native
    SLICE_X42Y142        FDRE                                         r  user_35t_i/mdm_1/U0/MDM_Core_I1/JTAG_CONTROL_I/Use_Serial_Unified_Completion._Data_Read_Status.count_reg[1]/C
                         clock pessimism             -0.383     1.436    
    SLICE_X42Y142        FDRE (Hold_fdre_C_D)         0.121     1.557    user_35t_i/mdm_1/U0/MDM_Core_I1/JTAG_CONTROL_I/Use_Serial_Unified_Completion._Data_Read_Status.count_reg[1]
  -------------------------------------------------------------------
                         required time                         -1.557    
                         arrival time                           1.696    
  -------------------------------------------------------------------
                         slack                                  0.139    

Slack (MET) :             0.152ns  (arrival time - required time)
  Source:                 user_35t_i/microblaze_0/U0/MicroBlaze_Core_I/Performance.Core/Use_Debug_Logic.Master_Core.Debug_Perf/Serial_Dbg_Intf.shift_datain_reg[8]/C
                            (rising edge-triggered cell FDRE clocked by user_35t_i/mdm_1/U0/Use_E2.BSCAN_I/Use_E2.BSCANE2_I/DRCK  {rise@0.000ns fall@16.667ns period=33.333ns})
  Destination:            user_35t_i/microblaze_0/U0/MicroBlaze_Core_I/Performance.Core/Use_Debug_Logic.Master_Core.Debug_Perf/Serial_Dbg_Intf.New_Instr_Reg_TCK_reg[7]/D
                            (rising edge-triggered cell FDRE clocked by user_35t_i/mdm_1/U0/Use_E2.BSCAN_I/Use_E2.BSCANE2_I/DRCK  {rise@0.000ns fall@16.667ns period=33.333ns})
  Path Group:             user_35t_i/mdm_1/U0/Use_E2.BSCAN_I/Use_E2.BSCANE2_I/DRCK
  Path Type:              Hold (Min at Fast Process Corner)
  Requirement:            0.000ns  (user_35t_i/mdm_1/U0/Use_E2.BSCAN_I/Use_E2.BSCANE2_I/DRCK rise@0.000ns - user_35t_i/mdm_1/U0/Use_E2.BSCAN_I/Use_E2.BSCANE2_I/DRCK rise@0.000ns)
  Data Path Delay:        0.187ns  (logic 0.128ns (68.470%)  route 0.059ns (31.530%))
  Logic Levels:           0  
  Clock Path Skew:        0.013ns (DCD - SCD - CPR)
    Destination Clock Delay (DCD):    1.845ns
    Source Clock Delay      (SCD):    1.450ns
    Clock Pessimism Removal (CPR):    0.382ns

    Location             Delay type                Incr(ns)  Path(ns)    Netlist Resource(s)
  -------------------------------------------------------------------    -------------------
                         (clock user_35t_i/mdm_1/U0/Use_E2.BSCAN_I/Use_E2.BSCANE2_I/DRCK rise edge)
                                                      0.000     0.000 r  
    BSCAN_X0Y1           BSCANE2                      0.000     0.000 r  user_35t_i/mdm_1/U0/Use_E2.BSCAN_I/Use_E2.BSCANE2_I/DRCK
                         net (fo=1, routed)           0.755     0.755    user_35t_i/mdm_1/U0/No_Dbg_Reg_Access.BUFG_DRCK/DRCK
    BUFGCTRL_X0Y2        BUFG (Prop_bufg_I_O)         0.026     0.781 r  user_35t_i/mdm_1/U0/No_Dbg_Reg_Access.BUFG_DRCK/Using_FPGA.Native/O
                         net (fo=247, routed)         0.669     1.450    user_35t_i/microblaze_0/U0/MicroBlaze_Core_I/Performance.Core/Use_Debug_Logic.Master_Core.Debug_Perf/Dbg_Clk
    SLICE_X4Y133         FDRE                                         r  user_35t_i/microblaze_0/U0/MicroBlaze_Core_I/Performance.Core/Use_Debug_Logic.Master_Core.Debug_Perf/Serial_Dbg_Intf.shift_datain_reg[8]/C
  -------------------------------------------------------------------    -------------------
    SLICE_X4Y133         FDRE (Prop_fdre_C_Q)         0.128     1.578 r  user_35t_i/microblaze_0/U0/MicroBlaze_Core_I/Performance.Core/Use_Debug_Logic.Master_Core.Debug_Perf/Serial_Dbg_Intf.shift_datain_reg[8]/Q
                         net (fo=2, routed)           0.059     1.637    user_35t_i/microblaze_0/U0/MicroBlaze_Core_I/Performance.Core/Use_Debug_Logic.Master_Core.Debug_Perf/Serial_Dbg_Intf.shift_datain_reg_n_0_[8]
    SLICE_X5Y133         FDRE                                         r  user_35t_i/microblaze_0/U0/MicroBlaze_Core_I/Performance.Core/Use_Debug_Logic.Master_Core.Debug_Perf/Serial_Dbg_Intf.New_Instr_Reg_TCK_reg[7]/D
  -------------------------------------------------------------------    -------------------

                         (clock user_35t_i/mdm_1/U0/Use_E2.BSCAN_I/Use_E2.BSCANE2_I/DRCK rise edge)
                                                      0.000     0.000 r  
    BSCAN_X0Y1           BSCANE2                      0.000     0.000 r  user_35t_i/mdm_1/U0/Use_E2.BSCAN_I/Use_E2.BSCANE2_I/DRCK
                         net (fo=1, routed)           0.875     0.875    user_35t_i/mdm_1/U0/No_Dbg_Reg_Access.BUFG_DRCK/DRCK
    BUFGCTRL_X0Y2        BUFG (Prop_bufg_I_O)         0.029     0.904 r  user_35t_i/mdm_1/U0/No_Dbg_Reg_Access.BUFG_DRCK/Using_FPGA.Native/O
                         net (fo=247, routed)         0.941     1.845    user_35t_i/microblaze_0/U0/MicroBlaze_Core_I/Performance.Core/Use_Debug_Logic.Master_Core.Debug_Perf/Dbg_Clk
    SLICE_X5Y133         FDRE                                         r  user_35t_i/microblaze_0/U0/MicroBlaze_Core_I/Performance.Core/Use_Debug_Logic.Master_Core.Debug_Perf/Serial_Dbg_Intf.New_Instr_Reg_TCK_reg[7]/C
                         clock pessimism             -0.382     1.463    
    SLICE_X5Y133         FDRE (Hold_fdre_C_D)         0.022     1.485    user_35t_i/microblaze_0/U0/MicroBlaze_Core_I/Performance.Core/Use_Debug_Logic.Master_Core.Debug_Perf/Serial_Dbg_Intf.New_Instr_Reg_TCK_reg[7]
  -------------------------------------------------------------------
                         required time                         -1.485    
                         arrival time                           1.637    
  -------------------------------------------------------------------
                         slack                                  0.152    

Slack (MET) :             0.153ns  (arrival time - required time)
  Source:                 user_35t_i/mdm_1/U0/MDM_Core_I1/Use_BSCAN.Config_Reg_reg_c_1/C
                            (rising edge-triggered cell FDCE clocked by user_35t_i/mdm_1/U0/Use_E2.BSCAN_I/Use_E2.BSCANE2_I/DRCK  {rise@0.000ns fall@16.667ns period=33.333ns})
  Destination:            user_35t_i/mdm_1/U0/MDM_Core_I1/Use_BSCAN.Config_Reg_reg[26]/D
                            (rising edge-triggered cell FDCE clocked by user_35t_i/mdm_1/U0/Use_E2.BSCAN_I/Use_E2.BSCANE2_I/DRCK  {rise@0.000ns fall@16.667ns period=33.333ns})
  Path Group:             user_35t_i/mdm_1/U0/Use_E2.BSCAN_I/Use_E2.BSCANE2_I/DRCK
  Path Type:              Hold (Min at Fast Process Corner)
  Requirement:            0.000ns  (user_35t_i/mdm_1/U0/Use_E2.BSCAN_I/Use_E2.BSCANE2_I/DRCK rise@0.000ns - user_35t_i/mdm_1/U0/Use_E2.BSCAN_I/Use_E2.BSCANE2_I/DRCK rise@0.000ns)
  Data Path Delay:        0.257ns  (logic 0.186ns (72.463%)  route 0.071ns (27.537%))
  Logic Levels:           1  (LUT2=1)
  Clock Path Skew:        0.013ns (DCD - SCD - CPR)
    Destination Clock Delay (DCD):    1.818ns
    Source Clock Delay      (SCD):    1.422ns
    Clock Pessimism Removal (CPR):    0.383ns

    Location             Delay type                Incr(ns)  Path(ns)    Netlist Resource(s)
  -------------------------------------------------------------------    -------------------
                         (clock user_35t_i/mdm_1/U0/Use_E2.BSCAN_I/Use_E2.BSCANE2_I/DRCK rise edge)
                                                      0.000     0.000 r  
    BSCAN_X0Y1           BSCANE2                      0.000     0.000 r  user_35t_i/mdm_1/U0/Use_E2.BSCAN_I/Use_E2.BSCANE2_I/DRCK
                         net (fo=1, routed)           0.755     0.755    user_35t_i/mdm_1/U0/No_Dbg_Reg_Access.BUFG_DRCK/DRCK
    BUFGCTRL_X0Y2        BUFG (Prop_bufg_I_O)         0.026     0.781 r  user_35t_i/mdm_1/U0/No_Dbg_Reg_Access.BUFG_DRCK/Using_FPGA.Native/O
                         net (fo=247, routed)         0.641     1.422    user_35t_i/mdm_1/U0/MDM_Core_I1/Using_FPGA.Native
    SLICE_X49Y136        FDCE                                         r  user_35t_i/mdm_1/U0/MDM_Core_I1/Use_BSCAN.Config_Reg_reg_c_1/C
  -------------------------------------------------------------------    -------------------
    SLICE_X49Y136        FDCE (Prop_fdce_C_Q)         0.141     1.563 r  user_35t_i/mdm_1/U0/MDM_Core_I1/Use_BSCAN.Config_Reg_reg_c_1/Q
                         net (fo=2, routed)           0.071     1.634    user_35t_i/mdm_1/U0/MDM_Core_I1/Use_BSCAN.Config_Reg_reg_c_1_n_0
    SLICE_X48Y136        LUT2 (Prop_lut2_I1_O)        0.045     1.679 r  user_35t_i/mdm_1/U0/MDM_Core_I1/Use_BSCAN.Config_Reg_reg_gate/O
                         net (fo=1, routed)           0.000     1.679    user_35t_i/mdm_1/U0/MDM_Core_I1/Use_BSCAN.Config_Reg_reg_gate_n_0
    SLICE_X48Y136        FDCE                                         r  user_35t_i/mdm_1/U0/MDM_Core_I1/Use_BSCAN.Config_Reg_reg[26]/D
  -------------------------------------------------------------------    -------------------

                         (clock user_35t_i/mdm_1/U0/Use_E2.BSCAN_I/Use_E2.BSCANE2_I/DRCK rise edge)
                                                      0.000     0.000 r  
    BSCAN_X0Y1           BSCANE2                      0.000     0.000 r  user_35t_i/mdm_1/U0/Use_E2.BSCAN_I/Use_E2.BSCANE2_I/DRCK
                         net (fo=1, routed)           0.875     0.875    user_35t_i/mdm_1/U0/No_Dbg_Reg_Access.BUFG_DRCK/DRCK
    BUFGCTRL_X0Y2        BUFG (Prop_bufg_I_O)         0.029     0.904 r  user_35t_i/mdm_1/U0/No_Dbg_Reg_Access.BUFG_DRCK/Using_FPGA.Native/O
                         net (fo=247, routed)         0.914     1.818    user_35t_i/mdm_1/U0/MDM_Core_I1/Using_FPGA.Native
    SLICE_X48Y136        FDCE                                         r  user_35t_i/mdm_1/U0/MDM_Core_I1/Use_BSCAN.Config_Reg_reg[26]/C
                         clock pessimism             -0.383     1.435    
    SLICE_X48Y136        FDCE (Hold_fdce_C_D)         0.091     1.526    user_35t_i/mdm_1/U0/MDM_Core_I1/Use_BSCAN.Config_Reg_reg[26]
  -------------------------------------------------------------------
                         required time                         -1.526    
                         arrival time                           1.679    
  -------------------------------------------------------------------
                         slack                                  0.153    

Slack (MET) :             0.153ns  (arrival time - required time)
  Source:                 user_35t_i/mdm_1/U0/MDM_Core_I1/JTAG_CONTROL_I/Use_Serial_Unified_Completion._Data_Read_Status.count_reg[3]/C
                            (rising edge-triggered cell FDRE clocked by user_35t_i/mdm_1/U0/Use_E2.BSCAN_I/Use_E2.BSCANE2_I/DRCK  {rise@0.000ns fall@16.667ns period=33.333ns})
  Destination:            user_35t_i/mdm_1/U0/MDM_Core_I1/JTAG_CONTROL_I/Use_Serial_Unified_Completion._Data_Read_Status.count_reg[2]/D
                            (rising edge-triggered cell FDRE clocked by user_35t_i/mdm_1/U0/Use_E2.BSCAN_I/Use_E2.BSCANE2_I/DRCK  {rise@0.000ns fall@16.667ns period=33.333ns})
  Path Group:             user_35t_i/mdm_1/U0/Use_E2.BSCAN_I/Use_E2.BSCANE2_I/DRCK
  Path Type:              Hold (Min at Fast Process Corner)
  Requirement:            0.000ns  (user_35t_i/mdm_1/U0/Use_E2.BSCAN_I/Use_E2.BSCANE2_I/DRCK rise@0.000ns - user_35t_i/mdm_1/U0/Use_E2.BSCAN_I/Use_E2.BSCANE2_I/DRCK rise@0.000ns)
  Data Path Delay:        0.299ns  (logic 0.189ns (63.125%)  route 0.110ns (36.875%))
  Logic Levels:           1  (LUT5=1)
  Clock Path Skew:        0.013ns (DCD - SCD - CPR)
    Destination Clock Delay (DCD):    1.819ns
    Source Clock Delay      (SCD):    1.423ns
    Clock Pessimism Removal (CPR):    0.383ns

    Location             Delay type                Incr(ns)  Path(ns)    Netlist Resource(s)
  -------------------------------------------------------------------    -------------------
                         (clock user_35t_i/mdm_1/U0/Use_E2.BSCAN_I/Use_E2.BSCANE2_I/DRCK rise edge)
                                                      0.000     0.000 r  
    BSCAN_X0Y1           BSCANE2                      0.000     0.000 r  user_35t_i/mdm_1/U0/Use_E2.BSCAN_I/Use_E2.BSCANE2_I/DRCK
                         net (fo=1, routed)           0.755     0.755    user_35t_i/mdm_1/U0/No_Dbg_Reg_Access.BUFG_DRCK/DRCK
    BUFGCTRL_X0Y2        BUFG (Prop_bufg_I_O)         0.026     0.781 r  user_35t_i/mdm_1/U0/No_Dbg_Reg_Access.BUFG_DRCK/Using_FPGA.Native/O
                         net (fo=247, routed)         0.642     1.423    user_35t_i/mdm_1/U0/MDM_Core_I1/JTAG_CONTROL_I/Using_FPGA.Native
    SLICE_X43Y142        FDRE                                         r  user_35t_i/mdm_1/U0/MDM_Core_I1/JTAG_CONTROL_I/Use_Serial_Unified_Completion._Data_Read_Status.count_reg[3]/C
  -------------------------------------------------------------------    -------------------
    SLICE_X43Y142        FDRE (Prop_fdre_C_Q)         0.141     1.564 r  user_35t_i/mdm_1/U0/MDM_Core_I1/JTAG_CONTROL_I/Use_Serial_Unified_Completion._Data_Read_Status.count_reg[3]/Q
                         net (fo=5, routed)           0.110     1.674    user_35t_i/mdm_1/U0/MDM_Core_I1/JTAG_CONTROL_I/Use_Serial_Unified_Completion._Data_Read_Status.count_reg[3]
    SLICE_X42Y142        LUT5 (Prop_lut5_I0_O)        0.048     1.722 r  user_35t_i/mdm_1/U0/MDM_Core_I1/JTAG_CONTROL_I/Use_Serial_Unified_Completion._Data_Read_Status.count[2]_i_1/O
                         net (fo=1, routed)           0.000     1.722    user_35t_i/mdm_1/U0/MDM_Core_I1/JTAG_CONTROL_I/p_0_in[3]
    SLICE_X42Y142        FDRE                                         r  user_35t_i/mdm_1/U0/MDM_Core_I1/JTAG_CONTROL_I/Use_Serial_Unified_Completion._Data_Read_Status.count_reg[2]/D
  -------------------------------------------------------------------    -------------------

                         (clock user_35t_i/mdm_1/U0/Use_E2.BSCAN_I/Use_E2.BSCANE2_I/DRCK rise edge)
                                                      0.000     0.000 r  
    BSCAN_X0Y1           BSCANE2                      0.000     0.000 r  user_35t_i/mdm_1/U0/Use_E2.BSCAN_I/Use_E2.BSCANE2_I/DRCK
                         net (fo=1, routed)           0.875     0.875    user_35t_i/mdm_1/U0/No_Dbg_Reg_Access.BUFG_DRCK/DRCK
    BUFGCTRL_X0Y2        BUFG (Prop_bufg_I_O)         0.029     0.904 r  user_35t_i/mdm_1/U0/No_Dbg_Reg_Access.BUFG_DRCK/Using_FPGA.Native/O
                         net (fo=247, routed)         0.915     1.819    user_35t_i/mdm_1/U0/MDM_Core_I1/JTAG_CONTROL_I/Using_FPGA.Native
    SLICE_X42Y142        FDRE                                         r  user_35t_i/mdm_1/U0/MDM_Core_I1/JTAG_CONTROL_I/Use_Serial_Unified_Completion._Data_Read_Status.count_reg[2]/C
                         clock pessimism             -0.383     1.436    
    SLICE_X42Y142        FDRE (Hold_fdre_C_D)         0.133     1.569    user_35t_i/mdm_1/U0/MDM_Core_I1/JTAG_CONTROL_I/Use_Serial_Unified_Completion._Data_Read_Status.count_reg[2]
  -------------------------------------------------------------------
                         required time                         -1.569    
                         arrival time                           1.722    
  -------------------------------------------------------------------
                         slack                                  0.153    

Slack (MET) :             0.166ns  (arrival time - required time)
  Source:                 user_35t_i/microblaze_0/U0/MicroBlaze_Core_I/Performance.Core/Use_Debug_Logic.Master_Core.Debug_Perf/Serial_Dbg_Intf.sync_stop_CPU/Single_Synchronize.use_async_reset.sync_reg/C
                            (rising edge-triggered cell FDRE clocked by user_35t_i/mdm_1/U0/Use_E2.BSCAN_I/Use_E2.BSCANE2_I/DRCK  {rise@0.000ns fall@16.667ns period=33.333ns})
  Destination:            user_35t_i/microblaze_0/U0/MicroBlaze_Core_I/Performance.Core/Use_Debug_Logic.Master_Core.Debug_Perf/Serial_Dbg_Intf.status_reg_reg[16]/D
                            (rising edge-triggered cell FDRE clocked by user_35t_i/mdm_1/U0/Use_E2.BSCAN_I/Use_E2.BSCANE2_I/DRCK  {rise@0.000ns fall@16.667ns period=33.333ns})
  Path Group:             user_35t_i/mdm_1/U0/Use_E2.BSCAN_I/Use_E2.BSCANE2_I/DRCK
  Path Type:              Hold (Min at Fast Process Corner)
  Requirement:            0.000ns  (user_35t_i/mdm_1/U0/Use_E2.BSCAN_I/Use_E2.BSCANE2_I/DRCK rise@0.000ns - user_35t_i/mdm_1/U0/Use_E2.BSCAN_I/Use_E2.BSCANE2_I/DRCK rise@0.000ns)
  Data Path Delay:        0.253ns  (logic 0.141ns (55.730%)  route 0.112ns (44.270%))
  Logic Levels:           0  
  Clock Path Skew:        0.017ns (DCD - SCD - CPR)
    Destination Clock Delay (DCD):    1.819ns
    Source Clock Delay      (SCD):    1.421ns
    Clock Pessimism Removal (CPR):    0.381ns

    Location             Delay type                Incr(ns)  Path(ns)    Netlist Resource(s)
  -------------------------------------------------------------------    -------------------
                         (clock user_35t_i/mdm_1/U0/Use_E2.BSCAN_I/Use_E2.BSCANE2_I/DRCK rise edge)
                                                      0.000     0.000 r  
    BSCAN_X0Y1           BSCANE2                      0.000     0.000 r  user_35t_i/mdm_1/U0/Use_E2.BSCAN_I/Use_E2.BSCANE2_I/DRCK
                         net (fo=1, routed)           0.755     0.755    user_35t_i/mdm_1/U0/No_Dbg_Reg_Access.BUFG_DRCK/DRCK
    BUFGCTRL_X0Y2        BUFG (Prop_bufg_I_O)         0.026     0.781 r  user_35t_i/mdm_1/U0/No_Dbg_Reg_Access.BUFG_DRCK/Using_FPGA.Native/O
                         net (fo=247, routed)         0.640     1.421    user_35t_i/microblaze_0/U0/MicroBlaze_Core_I/Performance.Core/Use_Debug_Logic.Master_Core.Debug_Perf/Serial_Dbg_Intf.sync_stop_CPU/Dbg_Clk
    SLICE_X37Y139        FDRE                                         r  user_35t_i/microblaze_0/U0/MicroBlaze_Core_I/Performance.Core/Use_Debug_Logic.Master_Core.Debug_Perf/Serial_Dbg_Intf.sync_stop_CPU/Single_Synchronize.use_async_reset.sync_reg/C
  -------------------------------------------------------------------    -------------------
    SLICE_X37Y139        FDRE (Prop_fdre_C_Q)         0.141     1.562 r  user_35t_i/microblaze_0/U0/MicroBlaze_Core_I/Performance.Core/Use_Debug_Logic.Master_Core.Debug_Perf/Serial_Dbg_Intf.sync_stop_CPU/Single_Synchronize.use_async_reset.sync_reg/Q
                         net (fo=1, routed)           0.112     1.674    user_35t_i/microblaze_0/U0/MicroBlaze_Core_I/Performance.Core/Use_Debug_Logic.Master_Core.Debug_Perf/Serial_Dbg_Intf.sync_stop_CPU_n_0
    SLICE_X37Y140        FDRE                                         r  user_35t_i/microblaze_0/U0/MicroBlaze_Core_I/Performance.Core/Use_Debug_Logic.Master_Core.Debug_Perf/Serial_Dbg_Intf.status_reg_reg[16]/D
  -------------------------------------------------------------------    -------------------

                         (clock user_35t_i/mdm_1/U0/Use_E2.BSCAN_I/Use_E2.BSCANE2_I/DRCK rise edge)
                                                      0.000     0.000 r  
    BSCAN_X0Y1           BSCANE2                      0.000     0.000 r  user_35t_i/mdm_1/U0/Use_E2.BSCAN_I/Use_E2.BSCANE2_I/DRCK
                         net (fo=1, routed)           0.875     0.875    user_35t_i/mdm_1/U0/No_Dbg_Reg_Access.BUFG_DRCK/DRCK
    BUFGCTRL_X0Y2        BUFG (Prop_bufg_I_O)         0.029     0.904 r  user_35t_i/mdm_1/U0/No_Dbg_Reg_Access.BUFG_DRCK/Using_FPGA.Native/O
                         net (fo=247, routed)         0.915     1.819    user_35t_i/microblaze_0/U0/MicroBlaze_Core_I/Performance.Core/Use_Debug_Logic.Master_Core.Debug_Perf/Dbg_Clk
    SLICE_X37Y140        FDRE                                         r  user_35t_i/microblaze_0/U0/MicroBlaze_Core_I/Performance.Core/Use_Debug_Logic.Master_Core.Debug_Perf/Serial_Dbg_Intf.status_reg_reg[16]/C
                         clock pessimism             -0.381     1.438    
    SLICE_X37Y140        FDRE (Hold_fdre_C_D)         0.070     1.508    user_35t_i/microblaze_0/U0/MicroBlaze_Core_I/Performance.Core/Use_Debug_Logic.Master_Core.Debug_Perf/Serial_Dbg_Intf.status_reg_reg[16]
  -------------------------------------------------------------------
                         required time                         -1.508    
                         arrival time                           1.674    
  -------------------------------------------------------------------
                         slack                                  0.166    

Slack (MET) :             0.172ns  (arrival time - required time)
  Source:                 user_35t_i/mdm_1/U0/MDM_Core_I1/Use_BSCAN.Config_Reg_reg_c_10/C
                            (rising edge-triggered cell FDCE clocked by user_35t_i/mdm_1/U0/Use_E2.BSCAN_I/Use_E2.BSCANE2_I/DRCK  {rise@0.000ns fall@16.667ns period=33.333ns})
  Destination:            user_35t_i/mdm_1/U0/MDM_Core_I1/Use_BSCAN.Config_Reg_reg_c_11/D
                            (rising edge-triggered cell FDCE clocked by user_35t_i/mdm_1/U0/Use_E2.BSCAN_I/Use_E2.BSCANE2_I/DRCK  {rise@0.000ns fall@16.667ns period=33.333ns})
  Path Group:             user_35t_i/mdm_1/U0/Use_E2.BSCAN_I/Use_E2.BSCANE2_I/DRCK
  Path Type:              Hold (Min at Fast Process Corner)
  Requirement:            0.000ns  (user_35t_i/mdm_1/U0/Use_E2.BSCAN_I/Use_E2.BSCANE2_I/DRCK rise@0.000ns - user_35t_i/mdm_1/U0/Use_E2.BSCAN_I/Use_E2.BSCANE2_I/DRCK rise@0.000ns)
  Data Path Delay:        0.254ns  (logic 0.141ns (55.543%)  route 0.113ns (44.457%))
  Logic Levels:           0  
  Clock Path Skew:        0.016ns (DCD - SCD - CPR)
    Destination Clock Delay (DCD):    1.819ns
    Source Clock Delay      (SCD):    1.422ns
    Clock Pessimism Removal (CPR):    0.381ns

    Location             Delay type                Incr(ns)  Path(ns)    Netlist Resource(s)
  -------------------------------------------------------------------    -------------------
                         (clock user_35t_i/mdm_1/U0/Use_E2.BSCAN_I/Use_E2.BSCANE2_I/DRCK rise edge)
                                                      0.000     0.000 r  
    BSCAN_X0Y1           BSCANE2                      0.000     0.000 r  user_35t_i/mdm_1/U0/Use_E2.BSCAN_I/Use_E2.BSCANE2_I/DRCK
                         net (fo=1, routed)           0.755     0.755    user_35t_i/mdm_1/U0/No_Dbg_Reg_Access.BUFG_DRCK/DRCK
    BUFGCTRL_X0Y2        BUFG (Prop_bufg_I_O)         0.026     0.781 r  user_35t_i/mdm_1/U0/No_Dbg_Reg_Access.BUFG_DRCK/Using_FPGA.Native/O
                         net (fo=247, routed)         0.641     1.422    user_35t_i/mdm_1/U0/MDM_Core_I1/Using_FPGA.Native
    SLICE_X48Y136        FDCE                                         r  user_35t_i/mdm_1/U0/MDM_Core_I1/Use_BSCAN.Config_Reg_reg_c_10/C
  -------------------------------------------------------------------    -------------------
    SLICE_X48Y136        FDCE (Prop_fdce_C_Q)         0.141     1.563 r  user_35t_i/mdm_1/U0/MDM_Core_I1/Use_BSCAN.Config_Reg_reg_c_10/Q
                         net (fo=1, routed)           0.113     1.676    user_35t_i/mdm_1/U0/MDM_Core_I1/Use_BSCAN.Config_Reg_reg_c_10_n_0
    SLICE_X48Y137        FDCE                                         r  user_35t_i/mdm_1/U0/MDM_Core_I1/Use_BSCAN.Config_Reg_reg_c_11/D
  -------------------------------------------------------------------    -------------------

                         (clock user_35t_i/mdm_1/U0/Use_E2.BSCAN_I/Use_E2.BSCANE2_I/DRCK rise edge)
                                                      0.000     0.000 r  
    BSCAN_X0Y1           BSCANE2                      0.000     0.000 r  user_35t_i/mdm_1/U0/Use_E2.BSCAN_I/Use_E2.BSCANE2_I/DRCK
                         net (fo=1, routed)           0.875     0.875    user_35t_i/mdm_1/U0/No_Dbg_Reg_Access.BUFG_DRCK/DRCK
    BUFGCTRL_X0Y2        BUFG (Prop_bufg_I_O)         0.029     0.904 r  user_35t_i/mdm_1/U0/No_Dbg_Reg_Access.BUFG_DRCK/Using_FPGA.Native/O
                         net (fo=247, routed)         0.915     1.819    user_35t_i/mdm_1/U0/MDM_Core_I1/Using_FPGA.Native
    SLICE_X48Y137        FDCE                                         r  user_35t_i/mdm_1/U0/MDM_Core_I1/Use_BSCAN.Config_Reg_reg_c_11/C
                         clock pessimism             -0.381     1.438    
    SLICE_X48Y137        FDCE (Hold_fdce_C_D)         0.066     1.504    user_35t_i/mdm_1/U0/MDM_Core_I1/Use_BSCAN.Config_Reg_reg_c_11
  -------------------------------------------------------------------
                         required time                         -1.504    
                         arrival time                           1.676    
  -------------------------------------------------------------------
                         slack                                  0.172    

Slack (MET) :             0.173ns  (arrival time - required time)
  Source:                 user_35t_i/microblaze_0/U0/MicroBlaze_Core_I/Performance.Core/Use_Debug_Logic.Master_Core.Debug_Perf/Serial_Dbg_Intf.unchanged_reg/C
                            (rising edge-triggered cell FDRE clocked by user_35t_i/mdm_1/U0/Use_E2.BSCAN_I/Use_E2.BSCANE2_I/DRCK  {rise@0.000ns fall@16.667ns period=33.333ns})
  Destination:            user_35t_i/microblaze_0/U0/MicroBlaze_Core_I/Performance.Core/Use_Debug_Logic.Master_Core.Debug_Perf/Serial_Dbg_Intf.status_reg_reg[29]/D
                            (rising edge-triggered cell FDRE clocked by user_35t_i/mdm_1/U0/Use_E2.BSCAN_I/Use_E2.BSCANE2_I/DRCK  {rise@0.000ns fall@16.667ns period=33.333ns})
  Path Group:             user_35t_i/mdm_1/U0/Use_E2.BSCAN_I/Use_E2.BSCANE2_I/DRCK
  Path Type:              Hold (Min at Fast Process Corner)
  Requirement:            0.000ns  (user_35t_i/mdm_1/U0/Use_E2.BSCAN_I/Use_E2.BSCANE2_I/DRCK rise@0.000ns - user_35t_i/mdm_1/U0/Use_E2.BSCAN_I/Use_E2.BSCANE2_I/DRCK rise@0.000ns)
  Data Path Delay:        0.271ns  (logic 0.141ns (52.103%)  route 0.130ns (47.897%))
  Logic Levels:           0  
  Clock Path Skew:        0.035ns (DCD - SCD - CPR)
    Destination Clock Delay (DCD):    1.819ns
    Source Clock Delay      (SCD):    1.423ns
    Clock Pessimism Removal (CPR):    0.361ns

    Location             Delay type                Incr(ns)  Path(ns)    Netlist Resource(s)
  -------------------------------------------------------------------    -------------------
                         (clock user_35t_i/mdm_1/U0/Use_E2.BSCAN_I/Use_E2.BSCANE2_I/DRCK rise edge)
                                                      0.000     0.000 r  
    BSCAN_X0Y1           BSCANE2                      0.000     0.000 r  user_35t_i/mdm_1/U0/Use_E2.BSCAN_I/Use_E2.BSCANE2_I/DRCK
                         net (fo=1, routed)           0.755     0.755    user_35t_i/mdm_1/U0/No_Dbg_Reg_Access.BUFG_DRCK/DRCK
    BUFGCTRL_X0Y2        BUFG (Prop_bufg_I_O)         0.026     0.781 r  user_35t_i/mdm_1/U0/No_Dbg_Reg_Access.BUFG_DRCK/Using_FPGA.Native/O
                         net (fo=247, routed)         0.642     1.423    user_35t_i/microblaze_0/U0/MicroBlaze_Core_I/Performance.Core/Use_Debug_Logic.Master_Core.Debug_Perf/Dbg_Clk
    SLICE_X41Y140        FDRE                                         r  user_35t_i/microblaze_0/U0/MicroBlaze_Core_I/Performance.Core/Use_Debug_Logic.Master_Core.Debug_Perf/Serial_Dbg_Intf.unchanged_reg/C
  -------------------------------------------------------------------    -------------------
    SLICE_X41Y140        FDRE (Prop_fdre_C_Q)         0.141     1.564 r  user_35t_i/microblaze_0/U0/MicroBlaze_Core_I/Performance.Core/Use_Debug_Logic.Master_Core.Debug_Perf/Serial_Dbg_Intf.unchanged_reg/Q
                         net (fo=2, routed)           0.130     1.693    user_35t_i/microblaze_0/U0/MicroBlaze_Core_I/Performance.Core/Use_Debug_Logic.Master_Core.Debug_Perf/unchanged
    SLICE_X38Y140        FDRE                                         r  user_35t_i/microblaze_0/U0/MicroBlaze_Core_I/Performance.Core/Use_Debug_Logic.Master_Core.Debug_Perf/Serial_Dbg_Intf.status_reg_reg[29]/D
  -------------------------------------------------------------------    -------------------

                         (clock user_35t_i/mdm_1/U0/Use_E2.BSCAN_I/Use_E2.BSCANE2_I/DRCK rise edge)
                                                      0.000     0.000 r  
    BSCAN_X0Y1           BSCANE2                      0.000     0.000 r  user_35t_i/mdm_1/U0/Use_E2.BSCAN_I/Use_E2.BSCANE2_I/DRCK
                         net (fo=1, routed)           0.875     0.875    user_35t_i/mdm_1/U0/No_Dbg_Reg_Access.BUFG_DRCK/DRCK
    BUFGCTRL_X0Y2        BUFG (Prop_bufg_I_O)         0.029     0.904 r  user_35t_i/mdm_1/U0/No_Dbg_Reg_Access.BUFG_DRCK/Using_FPGA.Native/O
                         net (fo=247, routed)         0.915     1.819    user_35t_i/microblaze_0/U0/MicroBlaze_Core_I/Performance.Core/Use_Debug_Logic.Master_Core.Debug_Perf/Dbg_Clk
    SLICE_X38Y140        FDRE                                         r  user_35t_i/microblaze_0/U0/MicroBlaze_Core_I/Performance.Core/Use_Debug_Logic.Master_Core.Debug_Perf/Serial_Dbg_Intf.status_reg_reg[29]/C
                         clock pessimism             -0.361     1.458    
    SLICE_X38Y140        FDRE (Hold_fdre_C_D)         0.063     1.521    user_35t_i/microblaze_0/U0/MicroBlaze_Core_I/Performance.Core/Use_Debug_Logic.Master_Core.Debug_Perf/Serial_Dbg_Intf.status_reg_reg[29]
  -------------------------------------------------------------------
                         required time                         -1.521    
                         arrival time                           1.693    
  -------------------------------------------------------------------
                         slack                                  0.173    





Pulse Width Checks
--------------------------------------------------------------------------------------
Clock Name:         user_35t_i/mdm_1/U0/Use_E2.BSCAN_I/Use_E2.BSCANE2_I/DRCK
Waveform(ns):       { 0.000 16.667 }
Period(ns):         33.333
Sources:            { user_35t_i/mdm_1/U0/Use_E2.BSCAN_I/Use_E2.BSCANE2_I/DRCK }

Check Type        Corner  Lib Pin      Reference Pin  Required(ns)  Actual(ns)  Slack(ns)  Location       Pin
Min Period        n/a     BUFG/I       n/a            2.155         33.333      31.178     BUFGCTRL_X0Y2  user_35t_i/mdm_1/U0/No_Dbg_Reg_Access.BUFG_DRCK/Using_FPGA.Native/I
Min Period        n/a     FDRE/C       n/a            1.000         33.333      32.333     SLICE_X35Y138  user_35t_i/microblaze_0/U0/MicroBlaze_Core_I/Performance.Core/Use_Debug_Logic.Master_Core.Debug_Perf/Serial_Dbg_Intf.Instr_Insert_Reg_En_1_reg/C
Min Period        n/a     FDRE/C       n/a            1.000         33.333      32.333     SLICE_X6Y131   user_35t_i/microblaze_0/U0/MicroBlaze_Core_I/Performance.Core/Use_Debug_Logic.Master_Core.Debug_Perf/Serial_Dbg_Intf.New_Dbg_Instr2_TCK_reg/C
Min Period        n/a     FDRE/C       n/a            1.000         33.333      32.333     SLICE_X38Y139  user_35t_i/microblaze_0/U0/MicroBlaze_Core_I/Performance.Core/Use_Debug_Logic.Master_Core.Debug_Perf/Serial_Dbg_Intf.New_Dbg_Instr_TCK_reg/C
Min Period        n/a     FDRE/C       n/a            1.000         33.333      32.333     SLICE_X8Y137   user_35t_i/microblaze_0/U0/MicroBlaze_Core_I/Performance.Core/Use_Debug_Logic.Master_Core.Debug_Perf/Serial_Dbg_Intf.New_Instr_Reg_TCK_reg[0]/C
Min Period        n/a     FDRE/C       n/a            1.000         33.333      32.333     SLICE_X5Y134   user_35t_i/microblaze_0/U0/MicroBlaze_Core_I/Performance.Core/Use_Debug_Logic.Master_Core.Debug_Perf/Serial_Dbg_Intf.New_Instr_Reg_TCK_reg[10]/C
Min Period        n/a     FDRE/C       n/a            1.000         33.333      32.333     SLICE_X5Y132   user_35t_i/microblaze_0/U0/MicroBlaze_Core_I/Performance.Core/Use_Debug_Logic.Master_Core.Debug_Perf/Serial_Dbg_Intf.New_Instr_Reg_TCK_reg[11]/C
Min Period        n/a     FDRE/C       n/a            1.000         33.333      32.333     SLICE_X5Y133   user_35t_i/microblaze_0/U0/MicroBlaze_Core_I/Performance.Core/Use_Debug_Logic.Master_Core.Debug_Perf/Serial_Dbg_Intf.New_Instr_Reg_TCK_reg[12]/C
Min Period        n/a     FDRE/C       n/a            1.000         33.333      32.333     SLICE_X6Y130   user_35t_i/microblaze_0/U0/MicroBlaze_Core_I/Performance.Core/Use_Debug_Logic.Master_Core.Debug_Perf/Serial_Dbg_Intf.New_Instr_Reg_TCK_reg[13]/C
Min Period        n/a     FDRE/C       n/a            1.000         33.333      32.333     SLICE_X5Y132   user_35t_i/microblaze_0/U0/MicroBlaze_Core_I/Performance.Core/Use_Debug_Logic.Master_Core.Debug_Perf/Serial_Dbg_Intf.New_Instr_Reg_TCK_reg[14]/C
Low Pulse Width   Fast    SRL16E/CLK   n/a            0.980         16.666      15.686     SLICE_X34Y123  user_35t_i/microblaze_0/U0/MicroBlaze_Core_I/Performance.Core/Use_Debug_Logic.Master_Core.Debug_Perf/Serial_Dbg_Intf.SRL16E_1/Use_unisim.MB_SRL16E_I1/CLK
Low Pulse Width   Fast    SRL16E/CLK   n/a            0.980         16.666      15.686     SLICE_X34Y123  user_35t_i/microblaze_0/U0/MicroBlaze_Core_I/Performance.Core/Use_Debug_Logic.Master_Core.Debug_Perf/Serial_Dbg_Intf.SRL16E_2/Use_unisim.MB_SRL16E_I1/CLK
Low Pulse Width   Fast    SRL16E/CLK   n/a            0.980         16.666      15.686     SLICE_X34Y123  user_35t_i/microblaze_0/U0/MicroBlaze_Core_I/Performance.Core/Use_Debug_Logic.Master_Core.Debug_Perf/Serial_Dbg_Intf.SRL16E_3/Use_unisim.MB_SRL16E_I1/CLK
Low Pulse Width   Fast    SRL16E/CLK   n/a            0.980         16.666      15.686     SLICE_X34Y123  user_35t_i/microblaze_0/U0/MicroBlaze_Core_I/Performance.Core/Use_Debug_Logic.Master_Core.Debug_Perf/Serial_Dbg_Intf.SRL16E_4/Use_unisim.MB_SRL16E_I1/CLK
Low Pulse Width   Fast    SRL16E/CLK   n/a            0.980         16.666      15.686     SLICE_X14Y127  user_35t_i/microblaze_0/U0/MicroBlaze_Core_I/Performance.Core/Use_Debug_Logic.Master_Core.Debug_Perf/Using_PC_Breakpoints.All_PC_Brks[0].Serial_Interface_1.address_hit_I/Compare[0].SRLC16E_I/Use_unisim.MB_SRL16CE_I1/CLK
Low Pulse Width   Fast    SRLC16E/CLK  n/a            0.980         16.666      15.686     SLICE_X14Y127  user_35t_i/microblaze_0/U0/MicroBlaze_Core_I/Performance.Core/Use_Debug_Logic.Master_Core.Debug_Perf/Using_PC_Breakpoints.All_PC_Brks[0].Serial_Interface_1.address_hit_I/Compare[1].SRLC16E_I/Use_unisim.MB_SRL16CE_I1/CLK
Low Pulse Width   Fast    SRLC16E/CLK  n/a            0.980         16.666      15.686     SLICE_X12Y126  user_35t_i/microblaze_0/U0/MicroBlaze_Core_I/Performance.Core/Use_Debug_Logic.Master_Core.Debug_Perf/Using_PC_Breakpoints.All_PC_Brks[0].Serial_Interface_1.address_hit_I/Compare[3].SRLC16E_I/Use_unisim.MB_SRL16CE_I1/CLK
Low Pulse Width   Fast    SRLC16E/CLK  n/a            0.980         16.666      15.686     SLICE_X14Y134  user_35t_i/microblaze_0/U0/MicroBlaze_Core_I/Performance.Core/Use_Debug_Logic.Master_Core.Debug_Perf/Using_PC_Breakpoints.All_PC_Brks[0].Serial_Interface_1.address_hit_I/Compare[7].SRLC16E_I/Use_unisim.MB_SRL16CE_I1/CLK
Low Pulse Width   Fast    SRL16E/CLK   n/a            0.980         16.666      15.686     SLICE_X14Y128  user_35t_i/microblaze_0/U0/MicroBlaze_Core_I/Performance.Core/Use_Debug_Logic.Master_Core.Debug_Perf/Using_PC_Breakpoints.All_PC_Brks[1].Serial_Interface_1.address_hit_I/Compare[0].SRLC16E_I/Use_unisim.MB_SRL16CE_I1/CLK
Low Pulse Width   Fast    SRLC16E/CLK  n/a            0.980         16.666      15.686     SLICE_X14Y128  user_35t_i/microblaze_0/U0/MicroBlaze_Core_I/Performance.Core/Use_Debug_Logic.Master_Core.Debug_Perf/Using_PC_Breakpoints.All_PC_Brks[1].Serial_Interface_1.address_hit_I/Compare[1].SRLC16E_I/Use_unisim.MB_SRL16CE_I1/CLK
High Pulse Width  Slow    SRL16E/CLK   n/a            0.980         16.666      15.686     SLICE_X34Y123  user_35t_i/microblaze_0/U0/MicroBlaze_Core_I/Performance.Core/Use_Debug_Logic.Master_Core.Debug_Perf/Serial_Dbg_Intf.SRL16E_1/Use_unisim.MB_SRL16E_I1/CLK
High Pulse Width  Slow    SRL16E/CLK   n/a            0.980         16.666      15.686     SLICE_X34Y123  user_35t_i/microblaze_0/U0/MicroBlaze_Core_I/Performance.Core/Use_Debug_Logic.Master_Core.Debug_Perf/Serial_Dbg_Intf.SRL16E_2/Use_unisim.MB_SRL16E_I1/CLK
High Pulse Width  Slow    SRL16E/CLK   n/a            0.980         16.666      15.686     SLICE_X34Y123  user_35t_i/microblaze_0/U0/MicroBlaze_Core_I/Performance.Core/Use_Debug_Logic.Master_Core.Debug_Perf/Serial_Dbg_Intf.SRL16E_3/Use_unisim.MB_SRL16E_I1/CLK
High Pulse Width  Slow    SRL16E/CLK   n/a            0.980         16.666      15.686     SLICE_X34Y123  user_35t_i/microblaze_0/U0/MicroBlaze_Core_I/Performance.Core/Use_Debug_Logic.Master_Core.Debug_Perf/Serial_Dbg_Intf.SRL16E_4/Use_unisim.MB_SRL16E_I1/CLK
High Pulse Width  Slow    SRL16E/CLK   n/a            0.980         16.666      15.686     SLICE_X38Y124  user_35t_i/microblaze_0/U0/MicroBlaze_Core_I/Performance.Core/Use_Debug_Logic.Master_Core.Debug_Perf/Serial_Dbg_Intf.The_Cache_Addresses[1].SRL16E_Cache_I/Use_unisim.MB_SRL16E_I1/CLK
High Pulse Width  Slow    SRL16E/CLK   n/a            0.980         16.666      15.686     SLICE_X38Y124  user_35t_i/microblaze_0/U0/MicroBlaze_Core_I/Performance.Core/Use_Debug_Logic.Master_Core.Debug_Perf/Serial_Dbg_Intf.The_Cache_Addresses[2].SRL16E_Cache_I/Use_unisim.MB_SRL16E_I1/CLK
High Pulse Width  Slow    SRL16E/CLK   n/a            0.980         16.666      15.686     SLICE_X34Y124  user_35t_i/microblaze_0/U0/MicroBlaze_Core_I/Performance.Core/Use_Debug_Logic.Master_Core.Debug_Perf/Serial_Dbg_Intf.The_Cache_Addresses[4].SRL16E_Cache_I/Use_unisim.MB_SRL16E_I1/CLK
High Pulse Width  Slow    SRL16E/CLK   n/a            0.980         16.666      15.686     SLICE_X34Y124  user_35t_i/microblaze_0/U0/MicroBlaze_Core_I/Performance.Core/Use_Debug_Logic.Master_Core.Debug_Perf/Serial_Dbg_Intf.The_Cache_Addresses[5].SRL16E_Cache_I/Use_unisim.MB_SRL16E_I1/CLK
High Pulse Width  Slow    SRL16E/CLK   n/a            0.980         16.666      15.686     SLICE_X34Y124  user_35t_i/microblaze_0/U0/MicroBlaze_Core_I/Performance.Core/Use_Debug_Logic.Master_Core.Debug_Perf/Serial_Dbg_Intf.The_Cache_Addresses[6].SRL16E_Cache_I/Use_unisim.MB_SRL16E_I1/CLK
High Pulse Width  Slow    SRL16E/CLK   n/a            0.980         16.666      15.686     SLICE_X34Y124  user_35t_i/microblaze_0/U0/MicroBlaze_Core_I/Performance.Core/Use_Debug_Logic.Master_Core.Debug_Perf/Serial_Dbg_Intf.The_Cache_Addresses[8].SRL16E_Cache_I/Use_unisim.MB_SRL16E_I1/CLK



---------------------------------------------------------------------------------------------------
From Clock:  user_35t_i/mdm_1/U0/Use_E2.BSCAN_I/Use_E2.BSCANE2_I/UPDATE
  To Clock:  user_35t_i/mdm_1/U0/Use_E2.BSCAN_I/Use_E2.BSCANE2_I/UPDATE

Setup :            0  Failing Endpoints,  Worst Slack       10.478ns,  Total Violation        0.000ns
Hold  :            0  Failing Endpoints,  Worst Slack        0.264ns,  Total Violation        0.000ns
PW    :            0  Failing Endpoints,  Worst Slack       16.166ns,  Total Violation        0.000ns
---------------------------------------------------------------------------------------------------


Max Delay Paths
--------------------------------------------------------------------------------------
Slack (MET) :             10.478ns  (required time - arrival time)
  Source:                 user_35t_i/mdm_1/U0/MDM_Core_I1/JTAG_CONTROL_I/Use_BSCAN.FDC_I/Using_FPGA.Native/C
                            (falling edge-triggered cell FDCE clocked by user_35t_i/mdm_1/U0/Use_E2.BSCAN_I/Use_E2.BSCANE2_I/UPDATE  {rise@0.000ns fall@16.667ns period=33.333ns})
  Destination:            user_35t_i/microblaze_0/U0/MicroBlaze_Core_I/Performance.Core/Use_Debug_Logic.Master_Core.Debug_Perf/Serial_Dbg_Intf.normal_stop_TClk_reg/CE
                            (rising edge-triggered cell FDCE clocked by user_35t_i/mdm_1/U0/Use_E2.BSCAN_I/Use_E2.BSCANE2_I/UPDATE  {rise@0.000ns fall@16.667ns period=33.333ns})
  Path Group:             user_35t_i/mdm_1/U0/Use_E2.BSCAN_I/Use_E2.BSCANE2_I/UPDATE
  Path Type:              Setup (Max at Slow Process Corner)
  Requirement:            16.667ns  (user_35t_i/mdm_1/U0/Use_E2.BSCAN_I/Use_E2.BSCANE2_I/UPDATE rise@33.333ns - user_35t_i/mdm_1/U0/Use_E2.BSCAN_I/Use_E2.BSCANE2_I/UPDATE fall@16.667ns)
  Data Path Delay:        5.741ns  (logic 0.859ns (14.963%)  route 4.882ns (85.037%))
  Logic Levels:           3  (LUT3=1 LUT4=1 LUT5=1)
  Clock Path Skew:        -0.041ns (DCD - SCD + CPR)
    Destination Clock Delay (DCD):    3.130ns = ( 36.463 - 33.333 ) 
    Source Clock Delay      (SCD):    3.422ns = ( 20.088 - 16.667 ) 
    Clock Pessimism Removal (CPR):    0.250ns
  Clock Uncertainty:      0.035ns  ((TSJ^2 + TIJ^2)^1/2 + DJ) / 2 + PE
    Total System Jitter     (TSJ):    0.071ns
    Total Input Jitter      (TIJ):    0.000ns
    Discrete Jitter          (DJ):    0.000ns
    Phase Error              (PE):    0.000ns

    Location             Delay type                Incr(ns)  Path(ns)    Netlist Resource(s)
  -------------------------------------------------------------------    -------------------
                         (clock user_35t_i/mdm_1/U0/Use_E2.BSCAN_I/Use_E2.BSCANE2_I/UPDATE fall edge)
                                                     16.667    16.667 f  
    BSCAN_X0Y1           BSCANE2                      0.000    16.667 f  user_35t_i/mdm_1/U0/Use_E2.BSCAN_I/Use_E2.BSCANE2_I/UPDATE
                         net (fo=1, routed)           1.593    18.260    user_35t_i/mdm_1/U0/Use_E2.BSCAN_I/Dbg_Update_0
    BUFGCTRL_X0Y3        BUFG (Prop_bufg_I_O)         0.096    18.356 f  user_35t_i/mdm_1/U0/Use_E2.BSCAN_I/Dbg_Update_0_BUFG_inst/O
                         net (fo=40, routed)          1.732    20.088    user_35t_i/mdm_1/U0/MDM_Core_I1/JTAG_CONTROL_I/Use_BSCAN.FDC_I/CLK
    SLICE_X44Y137        FDCE                                         r  user_35t_i/mdm_1/U0/MDM_Core_I1/JTAG_CONTROL_I/Use_BSCAN.FDC_I/Using_FPGA.Native/C  (IS_INVERTED)
  -------------------------------------------------------------------    -------------------
    SLICE_X44Y137        FDCE (Prop_fdce_C_Q)         0.459    20.547 f  user_35t_i/mdm_1/U0/MDM_Core_I1/JTAG_CONTROL_I/Use_BSCAN.FDC_I/Using_FPGA.Native/Q
                         net (fo=16, routed)          1.001    21.548    user_35t_i/mdm_1/U0/MDM_Core_I1/JTAG_CONTROL_I/Use_BSCAN.FDC_I/Q_0
    SLICE_X43Y140        LUT3 (Prop_lut3_I1_O)        0.124    21.672 f  user_35t_i/mdm_1/U0/MDM_Core_I1/JTAG_CONTROL_I/Use_BSCAN.FDC_I/Dbg_Reg_En_0[0]_INST_0/O
                         net (fo=2, routed)           0.665    22.338    user_35t_i/microblaze_0/U0/MicroBlaze_Core_I/Performance.Core/Use_Debug_Logic.Master_Core.Debug_Perf/Dbg_Reg_En[0]
    SLICE_X43Y140        LUT4 (Prop_lut4_I2_O)        0.124    22.462 f  user_35t_i/microblaze_0/U0/MicroBlaze_Core_I/Performance.Core/Use_Debug_Logic.Master_Core.Debug_Perf/Dbg_TDO_INST_0_i_14/O
                         net (fo=5, routed)           0.834    23.296    user_35t_i/microblaze_0/U0/MicroBlaze_Core_I/Performance.Core/Use_Debug_Logic.Master_Core.Debug_Perf/Dbg_Reg_En[2]_0
    SLICE_X41Y139        LUT5 (Prop_lut5_I4_O)        0.152    23.448 r  user_35t_i/microblaze_0/U0/MicroBlaze_Core_I/Performance.Core/Use_Debug_Logic.Master_Core.Debug_Perf/Serial_Dbg_Intf.normal_stop_TClk_i_1/O
                         net (fo=9, routed)           2.381    25.829    user_35t_i/microblaze_0/U0/MicroBlaze_Core_I/Performance.Core/Use_Debug_Logic.Master_Core.Debug_Perf/Control_Reg_En
    SLICE_X6Y133         FDCE                                         r  user_35t_i/microblaze_0/U0/MicroBlaze_Core_I/Performance.Core/Use_Debug_Logic.Master_Core.Debug_Perf/Serial_Dbg_Intf.normal_stop_TClk_reg/CE
  -------------------------------------------------------------------    -------------------

                         (clock user_35t_i/mdm_1/U0/Use_E2.BSCAN_I/Use_E2.BSCANE2_I/UPDATE rise edge)
                                                     33.333    33.333 r  
    BSCAN_X0Y1           BSCANE2                      0.000    33.333 r  user_35t_i/mdm_1/U0/Use_E2.BSCAN_I/Use_E2.BSCANE2_I/UPDATE
                         net (fo=1, routed)           1.364    34.697    user_35t_i/mdm_1/U0/Use_E2.BSCAN_I/Dbg_Update_0
    BUFGCTRL_X0Y3        BUFG (Prop_bufg_I_O)         0.091    34.788 r  user_35t_i/mdm_1/U0/Use_E2.BSCAN_I/Dbg_Update_0_BUFG_inst/O
                         net (fo=40, routed)          1.675    36.463    user_35t_i/microblaze_0/U0/MicroBlaze_Core_I/Performance.Core/Use_Debug_Logic.Master_Core.Debug_Perf/Dbg_Update
    SLICE_X6Y133         FDCE                                         r  user_35t_i/microblaze_0/U0/MicroBlaze_Core_I/Performance.Core/Use_Debug_Logic.Master_Core.Debug_Perf/Serial_Dbg_Intf.normal_stop_TClk_reg/C
                         clock pessimism              0.250    36.713    
                         clock uncertainty           -0.035    36.678    
    SLICE_X6Y133         FDCE (Setup_fdce_C_CE)      -0.371    36.307    user_35t_i/microblaze_0/U0/MicroBlaze_Core_I/Performance.Core/Use_Debug_Logic.Master_Core.Debug_Perf/Serial_Dbg_Intf.normal_stop_TClk_reg
  -------------------------------------------------------------------
                         required time                         36.307    
                         arrival time                         -25.829    
  -------------------------------------------------------------------
                         slack                                 10.478    

Slack (MET) :             10.741ns  (required time - arrival time)
  Source:                 user_35t_i/mdm_1/U0/MDM_Core_I1/JTAG_CONTROL_I/Use_BSCAN.FDC_I/Using_FPGA.Native/C
                            (falling edge-triggered cell FDCE clocked by user_35t_i/mdm_1/U0/Use_E2.BSCAN_I/Use_E2.BSCANE2_I/UPDATE  {rise@0.000ns fall@16.667ns period=33.333ns})
  Destination:            user_35t_i/microblaze_0/U0/MicroBlaze_Core_I/Performance.Core/Use_Debug_Logic.Master_Core.Debug_Perf/Serial_Dbg_Intf.force_stop_TClk_reg/CE
                            (rising edge-triggered cell FDCE clocked by user_35t_i/mdm_1/U0/Use_E2.BSCAN_I/Use_E2.BSCANE2_I/UPDATE  {rise@0.000ns fall@16.667ns period=33.333ns})
  Path Group:             user_35t_i/mdm_1/U0/Use_E2.BSCAN_I/Use_E2.BSCANE2_I/UPDATE
  Path Type:              Setup (Max at Slow Process Corner)
  Requirement:            16.667ns  (user_35t_i/mdm_1/U0/Use_E2.BSCAN_I/Use_E2.BSCANE2_I/UPDATE rise@33.333ns - user_35t_i/mdm_1/U0/Use_E2.BSCAN_I/Use_E2.BSCANE2_I/UPDATE fall@16.667ns)
  Data Path Delay:        5.444ns  (logic 0.859ns (15.779%)  route 4.585ns (84.221%))
  Logic Levels:           3  (LUT3=1 LUT4=1 LUT5=1)
  Clock Path Skew:        -0.039ns (DCD - SCD + CPR)
    Destination Clock Delay (DCD):    3.132ns = ( 36.465 - 33.333 ) 
    Source Clock Delay      (SCD):    3.422ns = ( 20.088 - 16.667 ) 
    Clock Pessimism Removal (CPR):    0.250ns
  Clock Uncertainty:      0.035ns  ((TSJ^2 + TIJ^2)^1/2 + DJ) / 2 + PE
    Total System Jitter     (TSJ):    0.071ns
    Total Input Jitter      (TIJ):    0.000ns
    Discrete Jitter          (DJ):    0.000ns
    Phase Error              (PE):    0.000ns

    Location             Delay type                Incr(ns)  Path(ns)    Netlist Resource(s)
  -------------------------------------------------------------------    -------------------
                         (clock user_35t_i/mdm_1/U0/Use_E2.BSCAN_I/Use_E2.BSCANE2_I/UPDATE fall edge)
                                                     16.667    16.667 f  
    BSCAN_X0Y1           BSCANE2                      0.000    16.667 f  user_35t_i/mdm_1/U0/Use_E2.BSCAN_I/Use_E2.BSCANE2_I/UPDATE
                         net (fo=1, routed)           1.593    18.260    user_35t_i/mdm_1/U0/Use_E2.BSCAN_I/Dbg_Update_0
    BUFGCTRL_X0Y3        BUFG (Prop_bufg_I_O)         0.096    18.356 f  user_35t_i/mdm_1/U0/Use_E2.BSCAN_I/Dbg_Update_0_BUFG_inst/O
                         net (fo=40, routed)          1.732    20.088    user_35t_i/mdm_1/U0/MDM_Core_I1/JTAG_CONTROL_I/Use_BSCAN.FDC_I/CLK
    SLICE_X44Y137        FDCE                                         r  user_35t_i/mdm_1/U0/MDM_Core_I1/JTAG_CONTROL_I/Use_BSCAN.FDC_I/Using_FPGA.Native/C  (IS_INVERTED)
  -------------------------------------------------------------------    -------------------
    SLICE_X44Y137        FDCE (Prop_fdce_C_Q)         0.459    20.547 f  user_35t_i/mdm_1/U0/MDM_Core_I1/JTAG_CONTROL_I/Use_BSCAN.FDC_I/Using_FPGA.Native/Q
                         net (fo=16, routed)          1.001    21.548    user_35t_i/mdm_1/U0/MDM_Core_I1/JTAG_CONTROL_I/Use_BSCAN.FDC_I/Q_0
    SLICE_X43Y140        LUT3 (Prop_lut3_I1_O)        0.124    21.672 f  user_35t_i/mdm_1/U0/MDM_Core_I1/JTAG_CONTROL_I/Use_BSCAN.FDC_I/Dbg_Reg_En_0[0]_INST_0/O
                         net (fo=2, routed)           0.665    22.338    user_35t_i/microblaze_0/U0/MicroBlaze_Core_I/Performance.Core/Use_Debug_Logic.Master_Core.Debug_Perf/Dbg_Reg_En[0]
    SLICE_X43Y140        LUT4 (Prop_lut4_I2_O)        0.124    22.462 f  user_35t_i/microblaze_0/U0/MicroBlaze_Core_I/Performance.Core/Use_Debug_Logic.Master_Core.Debug_Perf/Dbg_TDO_INST_0_i_14/O
                         net (fo=5, routed)           0.834    23.296    user_35t_i/microblaze_0/U0/MicroBlaze_Core_I/Performance.Core/Use_Debug_Logic.Master_Core.Debug_Perf/Dbg_Reg_En[2]_0
    SLICE_X41Y139        LUT5 (Prop_lut5_I4_O)        0.152    23.448 r  user_35t_i/microblaze_0/U0/MicroBlaze_Core_I/Performance.Core/Use_Debug_Logic.Master_Core.Debug_Perf/Serial_Dbg_Intf.normal_stop_TClk_i_1/O
                         net (fo=9, routed)           2.084    25.532    user_35t_i/microblaze_0/U0/MicroBlaze_Core_I/Performance.Core/Use_Debug_Logic.Master_Core.Debug_Perf/Control_Reg_En
    SLICE_X4Y135         FDCE                                         r  user_35t_i/microblaze_0/U0/MicroBlaze_Core_I/Performance.Core/Use_Debug_Logic.Master_Core.Debug_Perf/Serial_Dbg_Intf.force_stop_TClk_reg/CE
  -------------------------------------------------------------------    -------------------

                         (clock user_35t_i/mdm_1/U0/Use_E2.BSCAN_I/Use_E2.BSCANE2_I/UPDATE rise edge)
                                                     33.333    33.333 r  
    BSCAN_X0Y1           BSCANE2                      0.000    33.333 r  user_35t_i/mdm_1/U0/Use_E2.BSCAN_I/Use_E2.BSCANE2_I/UPDATE
                         net (fo=1, routed)           1.364    34.697    user_35t_i/mdm_1/U0/Use_E2.BSCAN_I/Dbg_Update_0
    BUFGCTRL_X0Y3        BUFG (Prop_bufg_I_O)         0.091    34.788 r  user_35t_i/mdm_1/U0/Use_E2.BSCAN_I/Dbg_Update_0_BUFG_inst/O
                         net (fo=40, routed)          1.677    36.465    user_35t_i/microblaze_0/U0/MicroBlaze_Core_I/Performance.Core/Use_Debug_Logic.Master_Core.Debug_Perf/Dbg_Update
    SLICE_X4Y135         FDCE                                         r  user_35t_i/microblaze_0/U0/MicroBlaze_Core_I/Performance.Core/Use_Debug_Logic.Master_Core.Debug_Perf/Serial_Dbg_Intf.force_stop_TClk_reg/C
                         clock pessimism              0.250    36.715    
                         clock uncertainty           -0.035    36.680    
    SLICE_X4Y135         FDCE (Setup_fdce_C_CE)      -0.407    36.273    user_35t_i/microblaze_0/U0/MicroBlaze_Core_I/Performance.Core/Use_Debug_Logic.Master_Core.Debug_Perf/Serial_Dbg_Intf.force_stop_TClk_reg
  -------------------------------------------------------------------
                         required time                         36.273    
                         arrival time                         -25.532    
  -------------------------------------------------------------------
                         slack                                 10.741    

Slack (MET) :             10.892ns  (required time - arrival time)
  Source:                 user_35t_i/mdm_1/U0/MDM_Core_I1/JTAG_CONTROL_I/Use_BSCAN.FDC_I/Using_FPGA.Native/C
                            (falling edge-triggered cell FDCE clocked by user_35t_i/mdm_1/U0/Use_E2.BSCAN_I/Use_E2.BSCANE2_I/UPDATE  {rise@0.000ns fall@16.667ns period=33.333ns})
  Destination:            user_35t_i/microblaze_0/U0/MicroBlaze_Core_I/Performance.Core/Use_Debug_Logic.Master_Core.Debug_Perf/Serial_Dbg_Intf.single_Step_TClk_reg/CE
                            (rising edge-triggered cell FDCE clocked by user_35t_i/mdm_1/U0/Use_E2.BSCAN_I/Use_E2.BSCANE2_I/UPDATE  {rise@0.000ns fall@16.667ns period=33.333ns})
  Path Group:             user_35t_i/mdm_1/U0/Use_E2.BSCAN_I/Use_E2.BSCANE2_I/UPDATE
  Path Type:              Setup (Max at Slow Process Corner)
  Requirement:            16.667ns  (user_35t_i/mdm_1/U0/Use_E2.BSCAN_I/Use_E2.BSCANE2_I/UPDATE rise@33.333ns - user_35t_i/mdm_1/U0/Use_E2.BSCAN_I/Use_E2.BSCANE2_I/UPDATE fall@16.667ns)
  Data Path Delay:        5.228ns  (logic 0.859ns (16.430%)  route 4.369ns (83.570%))
  Logic Levels:           3  (LUT3=1 LUT4=1 LUT5=1)
  Clock Path Skew:        -0.104ns (DCD - SCD + CPR)
    Destination Clock Delay (DCD):    3.067ns = ( 36.400 - 33.333 ) 
    Source Clock Delay      (SCD):    3.422ns = ( 20.088 - 16.667 ) 
    Clock Pessimism Removal (CPR):    0.250ns
  Clock Uncertainty:      0.035ns  ((TSJ^2 + TIJ^2)^1/2 + DJ) / 2 + PE
    Total System Jitter     (TSJ):    0.071ns
    Total Input Jitter      (TIJ):    0.000ns
    Discrete Jitter          (DJ):    0.000ns
    Phase Error              (PE):    0.000ns

    Location             Delay type                Incr(ns)  Path(ns)    Netlist Resource(s)
  -------------------------------------------------------------------    -------------------
                         (clock user_35t_i/mdm_1/U0/Use_E2.BSCAN_I/Use_E2.BSCANE2_I/UPDATE fall edge)
                                                     16.667    16.667 f  
    BSCAN_X0Y1           BSCANE2                      0.000    16.667 f  user_35t_i/mdm_1/U0/Use_E2.BSCAN_I/Use_E2.BSCANE2_I/UPDATE
                         net (fo=1, routed)           1.593    18.260    user_35t_i/mdm_1/U0/Use_E2.BSCAN_I/Dbg_Update_0
    BUFGCTRL_X0Y3        BUFG (Prop_bufg_I_O)         0.096    18.356 f  user_35t_i/mdm_1/U0/Use_E2.BSCAN_I/Dbg_Update_0_BUFG_inst/O
                         net (fo=40, routed)          1.732    20.088    user_35t_i/mdm_1/U0/MDM_Core_I1/JTAG_CONTROL_I/Use_BSCAN.FDC_I/CLK
    SLICE_X44Y137        FDCE                                         r  user_35t_i/mdm_1/U0/MDM_Core_I1/JTAG_CONTROL_I/Use_BSCAN.FDC_I/Using_FPGA.Native/C  (IS_INVERTED)
  -------------------------------------------------------------------    -------------------
    SLICE_X44Y137        FDCE (Prop_fdce_C_Q)         0.459    20.547 f  user_35t_i/mdm_1/U0/MDM_Core_I1/JTAG_CONTROL_I/Use_BSCAN.FDC_I/Using_FPGA.Native/Q
                         net (fo=16, routed)          1.001    21.548    user_35t_i/mdm_1/U0/MDM_Core_I1/JTAG_CONTROL_I/Use_BSCAN.FDC_I/Q_0
    SLICE_X43Y140        LUT3 (Prop_lut3_I1_O)        0.124    21.672 f  user_35t_i/mdm_1/U0/MDM_Core_I1/JTAG_CONTROL_I/Use_BSCAN.FDC_I/Dbg_Reg_En_0[0]_INST_0/O
                         net (fo=2, routed)           0.665    22.338    user_35t_i/microblaze_0/U0/MicroBlaze_Core_I/Performance.Core/Use_Debug_Logic.Master_Core.Debug_Perf/Dbg_Reg_En[0]
    SLICE_X43Y140        LUT4 (Prop_lut4_I2_O)        0.124    22.462 f  user_35t_i/microblaze_0/U0/MicroBlaze_Core_I/Performance.Core/Use_Debug_Logic.Master_Core.Debug_Perf/Dbg_TDO_INST_0_i_14/O
                         net (fo=5, routed)           0.834    23.296    user_35t_i/microblaze_0/U0/MicroBlaze_Core_I/Performance.Core/Use_Debug_Logic.Master_Core.Debug_Perf/Dbg_Reg_En[2]_0
    SLICE_X41Y139        LUT5 (Prop_lut5_I4_O)        0.152    23.448 r  user_35t_i/microblaze_0/U0/MicroBlaze_Core_I/Performance.Core/Use_Debug_Logic.Master_Core.Debug_Perf/Serial_Dbg_Intf.normal_stop_TClk_i_1/O
                         net (fo=9, routed)           1.868    25.316    user_35t_i/microblaze_0/U0/MicroBlaze_Core_I/Performance.Core/Use_Debug_Logic.Master_Core.Debug_Perf/Control_Reg_En
    SLICE_X9Y138         FDCE                                         r  user_35t_i/microblaze_0/U0/MicroBlaze_Core_I/Performance.Core/Use_Debug_Logic.Master_Core.Debug_Perf/Serial_Dbg_Intf.single_Step_TClk_reg/CE
  -------------------------------------------------------------------    -------------------

                         (clock user_35t_i/mdm_1/U0/Use_E2.BSCAN_I/Use_E2.BSCANE2_I/UPDATE rise edge)
                                                     33.333    33.333 r  
    BSCAN_X0Y1           BSCANE2                      0.000    33.333 r  user_35t_i/mdm_1/U0/Use_E2.BSCAN_I/Use_E2.BSCANE2_I/UPDATE
                         net (fo=1, routed)           1.364    34.697    user_35t_i/mdm_1/U0/Use_E2.BSCAN_I/Dbg_Update_0
    BUFGCTRL_X0Y3        BUFG (Prop_bufg_I_O)         0.091    34.788 r  user_35t_i/mdm_1/U0/Use_E2.BSCAN_I/Dbg_Update_0_BUFG_inst/O
                         net (fo=40, routed)          1.612    36.400    user_35t_i/microblaze_0/U0/MicroBlaze_Core_I/Performance.Core/Use_Debug_Logic.Master_Core.Debug_Perf/Dbg_Update
    SLICE_X9Y138         FDCE                                         r  user_35t_i/microblaze_0/U0/MicroBlaze_Core_I/Performance.Core/Use_Debug_Logic.Master_Core.Debug_Perf/Serial_Dbg_Intf.single_Step_TClk_reg/C
                         clock pessimism              0.250    36.650    
                         clock uncertainty           -0.035    36.615    
    SLICE_X9Y138         FDCE (Setup_fdce_C_CE)      -0.407    36.208    user_35t_i/microblaze_0/U0/MicroBlaze_Core_I/Performance.Core/Use_Debug_Logic.Master_Core.Debug_Perf/Serial_Dbg_Intf.single_Step_TClk_reg
  -------------------------------------------------------------------
                         required time                         36.208    
                         arrival time                         -25.316    
  -------------------------------------------------------------------
                         slack                                 10.892    

Slack (MET) :             10.906ns  (required time - arrival time)
  Source:                 user_35t_i/mdm_1/U0/MDM_Core_I1/JTAG_CONTROL_I/Use_BSCAN.FDC_I/Using_FPGA.Native/C
                            (falling edge-triggered cell FDCE clocked by user_35t_i/mdm_1/U0/Use_E2.BSCAN_I/Use_E2.BSCANE2_I/UPDATE  {rise@0.000ns fall@16.667ns period=33.333ns})
  Destination:            user_35t_i/microblaze_0/U0/MicroBlaze_Core_I/Performance.Core/Use_Debug_Logic.Master_Core.Debug_Perf/Serial_Dbg_Intf.continue_from_brk_TClk_reg/CE
                            (rising edge-triggered cell FDCE clocked by user_35t_i/mdm_1/U0/Use_E2.BSCAN_I/Use_E2.BSCANE2_I/UPDATE  {rise@0.000ns fall@16.667ns period=33.333ns})
  Path Group:             user_35t_i/mdm_1/U0/Use_E2.BSCAN_I/Use_E2.BSCANE2_I/UPDATE
  Path Type:              Setup (Max at Slow Process Corner)
  Requirement:            16.667ns  (user_35t_i/mdm_1/U0/Use_E2.BSCAN_I/Use_E2.BSCANE2_I/UPDATE rise@33.333ns - user_35t_i/mdm_1/U0/Use_E2.BSCAN_I/Use_E2.BSCANE2_I/UPDATE fall@16.667ns)
  Data Path Delay:        5.248ns  (logic 0.859ns (16.367%)  route 4.389ns (83.633%))
  Logic Levels:           3  (LUT3=1 LUT4=1 LUT5=1)
  Clock Path Skew:        -0.106ns (DCD - SCD + CPR)
    Destination Clock Delay (DCD):    3.065ns = ( 36.398 - 33.333 ) 
    Source Clock Delay      (SCD):    3.422ns = ( 20.088 - 16.667 ) 
    Clock Pessimism Removal (CPR):    0.250ns
  Clock Uncertainty:      0.035ns  ((TSJ^2 + TIJ^2)^1/2 + DJ) / 2 + PE
    Total System Jitter     (TSJ):    0.071ns
    Total Input Jitter      (TIJ):    0.000ns
    Discrete Jitter          (DJ):    0.000ns
    Phase Error              (PE):    0.000ns

    Location             Delay type                Incr(ns)  Path(ns)    Netlist Resource(s)
  -------------------------------------------------------------------    -------------------
                         (clock user_35t_i/mdm_1/U0/Use_E2.BSCAN_I/Use_E2.BSCANE2_I/UPDATE fall edge)
                                                     16.667    16.667 f  
    BSCAN_X0Y1           BSCANE2                      0.000    16.667 f  user_35t_i/mdm_1/U0/Use_E2.BSCAN_I/Use_E2.BSCANE2_I/UPDATE
                         net (fo=1, routed)           1.593    18.260    user_35t_i/mdm_1/U0/Use_E2.BSCAN_I/Dbg_Update_0
    BUFGCTRL_X0Y3        BUFG (Prop_bufg_I_O)         0.096    18.356 f  user_35t_i/mdm_1/U0/Use_E2.BSCAN_I/Dbg_Update_0_BUFG_inst/O
                         net (fo=40, routed)          1.732    20.088    user_35t_i/mdm_1/U0/MDM_Core_I1/JTAG_CONTROL_I/Use_BSCAN.FDC_I/CLK
    SLICE_X44Y137        FDCE                                         r  user_35t_i/mdm_1/U0/MDM_Core_I1/JTAG_CONTROL_I/Use_BSCAN.FDC_I/Using_FPGA.Native/C  (IS_INVERTED)
  -------------------------------------------------------------------    -------------------
    SLICE_X44Y137        FDCE (Prop_fdce_C_Q)         0.459    20.547 f  user_35t_i/mdm_1/U0/MDM_Core_I1/JTAG_CONTROL_I/Use_BSCAN.FDC_I/Using_FPGA.Native/Q
                         net (fo=16, routed)          1.001    21.548    user_35t_i/mdm_1/U0/MDM_Core_I1/JTAG_CONTROL_I/Use_BSCAN.FDC_I/Q_0
    SLICE_X43Y140        LUT3 (Prop_lut3_I1_O)        0.124    21.672 f  user_35t_i/mdm_1/U0/MDM_Core_I1/JTAG_CONTROL_I/Use_BSCAN.FDC_I/Dbg_Reg_En_0[0]_INST_0/O
                         net (fo=2, routed)           0.665    22.338    user_35t_i/microblaze_0/U0/MicroBlaze_Core_I/Performance.Core/Use_Debug_Logic.Master_Core.Debug_Perf/Dbg_Reg_En[0]
    SLICE_X43Y140        LUT4 (Prop_lut4_I2_O)        0.124    22.462 f  user_35t_i/microblaze_0/U0/MicroBlaze_Core_I/Performance.Core/Use_Debug_Logic.Master_Core.Debug_Perf/Dbg_TDO_INST_0_i_14/O
                         net (fo=5, routed)           0.834    23.296    user_35t_i/microblaze_0/U0/MicroBlaze_Core_I/Performance.Core/Use_Debug_Logic.Master_Core.Debug_Perf/Dbg_Reg_En[2]_0
    SLICE_X41Y139        LUT5 (Prop_lut5_I4_O)        0.152    23.448 r  user_35t_i/microblaze_0/U0/MicroBlaze_Core_I/Performance.Core/Use_Debug_Logic.Master_Core.Debug_Perf/Serial_Dbg_Intf.normal_stop_TClk_i_1/O
                         net (fo=9, routed)           1.888    25.336    user_35t_i/microblaze_0/U0/MicroBlaze_Core_I/Performance.Core/Use_Debug_Logic.Master_Core.Debug_Perf/Control_Reg_En
    SLICE_X10Y136        FDCE                                         r  user_35t_i/microblaze_0/U0/MicroBlaze_Core_I/Performance.Core/Use_Debug_Logic.Master_Core.Debug_Perf/Serial_Dbg_Intf.continue_from_brk_TClk_reg/CE
  -------------------------------------------------------------------    -------------------

                         (clock user_35t_i/mdm_1/U0/Use_E2.BSCAN_I/Use_E2.BSCANE2_I/UPDATE rise edge)
                                                     33.333    33.333 r  
    BSCAN_X0Y1           BSCANE2                      0.000    33.333 r  user_35t_i/mdm_1/U0/Use_E2.BSCAN_I/Use_E2.BSCANE2_I/UPDATE
                         net (fo=1, routed)           1.364    34.697    user_35t_i/mdm_1/U0/Use_E2.BSCAN_I/Dbg_Update_0
    BUFGCTRL_X0Y3        BUFG (Prop_bufg_I_O)         0.091    34.788 r  user_35t_i/mdm_1/U0/Use_E2.BSCAN_I/Dbg_Update_0_BUFG_inst/O
                         net (fo=40, routed)          1.610    36.398    user_35t_i/microblaze_0/U0/MicroBlaze_Core_I/Performance.Core/Use_Debug_Logic.Master_Core.Debug_Perf/Dbg_Update
    SLICE_X10Y136        FDCE                                         r  user_35t_i/microblaze_0/U0/MicroBlaze_Core_I/Performance.Core/Use_Debug_Logic.Master_Core.Debug_Perf/Serial_Dbg_Intf.continue_from_brk_TClk_reg/C
                         clock pessimism              0.250    36.648    
                         clock uncertainty           -0.035    36.613    
    SLICE_X10Y136        FDCE (Setup_fdce_C_CE)      -0.371    36.242    user_35t_i/microblaze_0/U0/MicroBlaze_Core_I/Performance.Core/Use_Debug_Logic.Master_Core.Debug_Perf/Serial_Dbg_Intf.continue_from_brk_TClk_reg
  -------------------------------------------------------------------
                         required time                         36.242    
                         arrival time                         -25.336    
  -------------------------------------------------------------------
                         slack                                 10.906    

Slack (MET) :             11.198ns  (required time - arrival time)
  Source:                 user_35t_i/mdm_1/U0/MDM_Core_I1/JTAG_CONTROL_I/Use_BSCAN.FDC_I/Using_FPGA.Native/C
                            (falling edge-triggered cell FDCE clocked by user_35t_i/mdm_1/U0/Use_E2.BSCAN_I/Use_E2.BSCANE2_I/UPDATE  {rise@0.000ns fall@16.667ns period=33.333ns})
  Destination:            user_35t_i/microblaze_0/U0/MicroBlaze_Core_I/Performance.Core/Use_Debug_Logic.Master_Core.Debug_Perf/Serial_Dbg_Intf.control_reg_reg[0]/CE
                            (rising edge-triggered cell FDRE clocked by user_35t_i/mdm_1/U0/Use_E2.BSCAN_I/Use_E2.BSCANE2_I/UPDATE  {rise@0.000ns fall@16.667ns period=33.333ns})
  Path Group:             user_35t_i/mdm_1/U0/Use_E2.BSCAN_I/Use_E2.BSCANE2_I/UPDATE
  Path Type:              Setup (Max at Slow Process Corner)
  Requirement:            16.667ns  (user_35t_i/mdm_1/U0/Use_E2.BSCAN_I/Use_E2.BSCANE2_I/UPDATE rise@33.333ns - user_35t_i/mdm_1/U0/Use_E2.BSCAN_I/Use_E2.BSCANE2_I/UPDATE fall@16.667ns)
  Data Path Delay:        4.920ns  (logic 0.859ns (17.459%)  route 4.061ns (82.541%))
  Logic Levels:           3  (LUT3=1 LUT4=1 LUT5=1)
  Clock Path Skew:        -0.106ns (DCD - SCD + CPR)
    Destination Clock Delay (DCD):    3.065ns = ( 36.398 - 33.333 ) 
    Source Clock Delay      (SCD):    3.422ns = ( 20.088 - 16.667 ) 
    Clock Pessimism Removal (CPR):    0.250ns
  Clock Uncertainty:      0.035ns  ((TSJ^2 + TIJ^2)^1/2 + DJ) / 2 + PE
    Total System Jitter     (TSJ):    0.071ns
    Total Input Jitter      (TIJ):    0.000ns
    Discrete Jitter          (DJ):    0.000ns
    Phase Error              (PE):    0.000ns

    Location             Delay type                Incr(ns)  Path(ns)    Netlist Resource(s)
  -------------------------------------------------------------------    -------------------
                         (clock user_35t_i/mdm_1/U0/Use_E2.BSCAN_I/Use_E2.BSCANE2_I/UPDATE fall edge)
                                                     16.667    16.667 f  
    BSCAN_X0Y1           BSCANE2                      0.000    16.667 f  user_35t_i/mdm_1/U0/Use_E2.BSCAN_I/Use_E2.BSCANE2_I/UPDATE
                         net (fo=1, routed)           1.593    18.260    user_35t_i/mdm_1/U0/Use_E2.BSCAN_I/Dbg_Update_0
    BUFGCTRL_X0Y3        BUFG (Prop_bufg_I_O)         0.096    18.356 f  user_35t_i/mdm_1/U0/Use_E2.BSCAN_I/Dbg_Update_0_BUFG_inst/O
                         net (fo=40, routed)          1.732    20.088    user_35t_i/mdm_1/U0/MDM_Core_I1/JTAG_CONTROL_I/Use_BSCAN.FDC_I/CLK
    SLICE_X44Y137        FDCE                                         r  user_35t_i/mdm_1/U0/MDM_Core_I1/JTAG_CONTROL_I/Use_BSCAN.FDC_I/Using_FPGA.Native/C  (IS_INVERTED)
  -------------------------------------------------------------------    -------------------
    SLICE_X44Y137        FDCE (Prop_fdce_C_Q)         0.459    20.547 f  user_35t_i/mdm_1/U0/MDM_Core_I1/JTAG_CONTROL_I/Use_BSCAN.FDC_I/Using_FPGA.Native/Q
                         net (fo=16, routed)          1.001    21.548    user_35t_i/mdm_1/U0/MDM_Core_I1/JTAG_CONTROL_I/Use_BSCAN.FDC_I/Q_0
    SLICE_X43Y140        LUT3 (Prop_lut3_I1_O)        0.124    21.672 f  user_35t_i/mdm_1/U0/MDM_Core_I1/JTAG_CONTROL_I/Use_BSCAN.FDC_I/Dbg_Reg_En_0[0]_INST_0/O
                         net (fo=2, routed)           0.665    22.338    user_35t_i/microblaze_0/U0/MicroBlaze_Core_I/Performance.Core/Use_Debug_Logic.Master_Core.Debug_Perf/Dbg_Reg_En[0]
    SLICE_X43Y140        LUT4 (Prop_lut4_I2_O)        0.124    22.462 f  user_35t_i/microblaze_0/U0/MicroBlaze_Core_I/Performance.Core/Use_Debug_Logic.Master_Core.Debug_Perf/Dbg_TDO_INST_0_i_14/O
                         net (fo=5, routed)           0.834    23.296    user_35t_i/microblaze_0/U0/MicroBlaze_Core_I/Performance.Core/Use_Debug_Logic.Master_Core.Debug_Perf/Dbg_Reg_En[2]_0
    SLICE_X41Y139        LUT5 (Prop_lut5_I4_O)        0.152    23.448 r  user_35t_i/microblaze_0/U0/MicroBlaze_Core_I/Performance.Core/Use_Debug_Logic.Master_Core.Debug_Perf/Serial_Dbg_Intf.normal_stop_TClk_i_1/O
                         net (fo=9, routed)           1.560    25.008    user_35t_i/microblaze_0/U0/MicroBlaze_Core_I/Performance.Core/Use_Debug_Logic.Master_Core.Debug_Perf/Control_Reg_En
    SLICE_X11Y135        FDRE                                         r  user_35t_i/microblaze_0/U0/MicroBlaze_Core_I/Performance.Core/Use_Debug_Logic.Master_Core.Debug_Perf/Serial_Dbg_Intf.control_reg_reg[0]/CE
  -------------------------------------------------------------------    -------------------

                         (clock user_35t_i/mdm_1/U0/Use_E2.BSCAN_I/Use_E2.BSCANE2_I/UPDATE rise edge)
                                                     33.333    33.333 r  
    BSCAN_X0Y1           BSCANE2                      0.000    33.333 r  user_35t_i/mdm_1/U0/Use_E2.BSCAN_I/Use_E2.BSCANE2_I/UPDATE
                         net (fo=1, routed)           1.364    34.697    user_35t_i/mdm_1/U0/Use_E2.BSCAN_I/Dbg_Update_0
    BUFGCTRL_X0Y3        BUFG (Prop_bufg_I_O)         0.091    34.788 r  user_35t_i/mdm_1/U0/Use_E2.BSCAN_I/Dbg_Update_0_BUFG_inst/O
                         net (fo=40, routed)          1.610    36.398    user_35t_i/microblaze_0/U0/MicroBlaze_Core_I/Performance.Core/Use_Debug_Logic.Master_Core.Debug_Perf/Dbg_Update
    SLICE_X11Y135        FDRE                                         r  user_35t_i/microblaze_0/U0/MicroBlaze_Core_I/Performance.Core/Use_Debug_Logic.Master_Core.Debug_Perf/Serial_Dbg_Intf.control_reg_reg[0]/C
                         clock pessimism              0.250    36.648    
                         clock uncertainty           -0.035    36.613    
    SLICE_X11Y135        FDRE (Setup_fdre_C_CE)      -0.407    36.206    user_35t_i/microblaze_0/U0/MicroBlaze_Core_I/Performance.Core/Use_Debug_Logic.Master_Core.Debug_Perf/Serial_Dbg_Intf.control_reg_reg[0]
  -------------------------------------------------------------------
                         required time                         36.206    
                         arrival time                         -25.008    
  -------------------------------------------------------------------
                         slack                                 11.198    

Slack (MET) :             11.234ns  (required time - arrival time)
  Source:                 user_35t_i/mdm_1/U0/MDM_Core_I1/JTAG_CONTROL_I/Use_BSCAN.FDC_I/Using_FPGA.Native/C
                            (falling edge-triggered cell FDCE clocked by user_35t_i/mdm_1/U0/Use_E2.BSCAN_I/Use_E2.BSCANE2_I/UPDATE  {rise@0.000ns fall@16.667ns period=33.333ns})
  Destination:            user_35t_i/microblaze_0/U0/MicroBlaze_Core_I/Performance.Core/Use_Debug_Logic.Master_Core.Debug_Perf/Serial_Dbg_Intf.control_reg_reg[3]/CE
                            (rising edge-triggered cell FDRE clocked by user_35t_i/mdm_1/U0/Use_E2.BSCAN_I/Use_E2.BSCANE2_I/UPDATE  {rise@0.000ns fall@16.667ns period=33.333ns})
  Path Group:             user_35t_i/mdm_1/U0/Use_E2.BSCAN_I/Use_E2.BSCANE2_I/UPDATE
  Path Type:              Setup (Max at Slow Process Corner)
  Requirement:            16.667ns  (user_35t_i/mdm_1/U0/Use_E2.BSCAN_I/Use_E2.BSCANE2_I/UPDATE rise@33.333ns - user_35t_i/mdm_1/U0/Use_E2.BSCAN_I/Use_E2.BSCANE2_I/UPDATE fall@16.667ns)
  Data Path Delay:        4.920ns  (logic 0.859ns (17.459%)  route 4.061ns (82.541%))
  Logic Levels:           3  (LUT3=1 LUT4=1 LUT5=1)
  Clock Path Skew:        -0.106ns (DCD - SCD + CPR)
    Destination Clock Delay (DCD):    3.065ns = ( 36.398 - 33.333 ) 
    Source Clock Delay      (SCD):    3.422ns = ( 20.088 - 16.667 ) 
    Clock Pessimism Removal (CPR):    0.250ns
  Clock Uncertainty:      0.035ns  ((TSJ^2 + TIJ^2)^1/2 + DJ) / 2 + PE
    Total System Jitter     (TSJ):    0.071ns
    Total Input Jitter      (TIJ):    0.000ns
    Discrete Jitter          (DJ):    0.000ns
    Phase Error              (PE):    0.000ns

    Location             Delay type                Incr(ns)  Path(ns)    Netlist Resource(s)
  -------------------------------------------------------------------    -------------------
                         (clock user_35t_i/mdm_1/U0/Use_E2.BSCAN_I/Use_E2.BSCANE2_I/UPDATE fall edge)
                                                     16.667    16.667 f  
    BSCAN_X0Y1           BSCANE2                      0.000    16.667 f  user_35t_i/mdm_1/U0/Use_E2.BSCAN_I/Use_E2.BSCANE2_I/UPDATE
                         net (fo=1, routed)           1.593    18.260    user_35t_i/mdm_1/U0/Use_E2.BSCAN_I/Dbg_Update_0
    BUFGCTRL_X0Y3        BUFG (Prop_bufg_I_O)         0.096    18.356 f  user_35t_i/mdm_1/U0/Use_E2.BSCAN_I/Dbg_Update_0_BUFG_inst/O
                         net (fo=40, routed)          1.732    20.088    user_35t_i/mdm_1/U0/MDM_Core_I1/JTAG_CONTROL_I/Use_BSCAN.FDC_I/CLK
    SLICE_X44Y137        FDCE                                         r  user_35t_i/mdm_1/U0/MDM_Core_I1/JTAG_CONTROL_I/Use_BSCAN.FDC_I/Using_FPGA.Native/C  (IS_INVERTED)
  -------------------------------------------------------------------    -------------------
    SLICE_X44Y137        FDCE (Prop_fdce_C_Q)         0.459    20.547 f  user_35t_i/mdm_1/U0/MDM_Core_I1/JTAG_CONTROL_I/Use_BSCAN.FDC_I/Using_FPGA.Native/Q
                         net (fo=16, routed)          1.001    21.548    user_35t_i/mdm_1/U0/MDM_Core_I1/JTAG_CONTROL_I/Use_BSCAN.FDC_I/Q_0
    SLICE_X43Y140        LUT3 (Prop_lut3_I1_O)        0.124    21.672 f  user_35t_i/mdm_1/U0/MDM_Core_I1/JTAG_CONTROL_I/Use_BSCAN.FDC_I/Dbg_Reg_En_0[0]_INST_0/O
                         net (fo=2, routed)           0.665    22.338    user_35t_i/microblaze_0/U0/MicroBlaze_Core_I/Performance.Core/Use_Debug_Logic.Master_Core.Debug_Perf/Dbg_Reg_En[0]
    SLICE_X43Y140        LUT4 (Prop_lut4_I2_O)        0.124    22.462 f  user_35t_i/microblaze_0/U0/MicroBlaze_Core_I/Performance.Core/Use_Debug_Logic.Master_Core.Debug_Perf/Dbg_TDO_INST_0_i_14/O
                         net (fo=5, routed)           0.834    23.296    user_35t_i/microblaze_0/U0/MicroBlaze_Core_I/Performance.Core/Use_Debug_Logic.Master_Core.Debug_Perf/Dbg_Reg_En[2]_0
    SLICE_X41Y139        LUT5 (Prop_lut5_I4_O)        0.152    23.448 r  user_35t_i/microblaze_0/U0/MicroBlaze_Core_I/Performance.Core/Use_Debug_Logic.Master_Core.Debug_Perf/Serial_Dbg_Intf.normal_stop_TClk_i_1/O
                         net (fo=9, routed)           1.560    25.008    user_35t_i/microblaze_0/U0/MicroBlaze_Core_I/Performance.Core/Use_Debug_Logic.Master_Core.Debug_Perf/Control_Reg_En
    SLICE_X10Y135        FDRE                                         r  user_35t_i/microblaze_0/U0/MicroBlaze_Core_I/Performance.Core/Use_Debug_Logic.Master_Core.Debug_Perf/Serial_Dbg_Intf.control_reg_reg[3]/CE
  -------------------------------------------------------------------    -------------------

                         (clock user_35t_i/mdm_1/U0/Use_E2.BSCAN_I/Use_E2.BSCANE2_I/UPDATE rise edge)
                                                     33.333    33.333 r  
    BSCAN_X0Y1           BSCANE2                      0.000    33.333 r  user_35t_i/mdm_1/U0/Use_E2.BSCAN_I/Use_E2.BSCANE2_I/UPDATE
                         net (fo=1, routed)           1.364    34.697    user_35t_i/mdm_1/U0/Use_E2.BSCAN_I/Dbg_Update_0
    BUFGCTRL_X0Y3        BUFG (Prop_bufg_I_O)         0.091    34.788 r  user_35t_i/mdm_1/U0/Use_E2.BSCAN_I/Dbg_Update_0_BUFG_inst/O
                         net (fo=40, routed)          1.610    36.398    user_35t_i/microblaze_0/U0/MicroBlaze_Core_I/Performance.Core/Use_Debug_Logic.Master_Core.Debug_Perf/Dbg_Update
    SLICE_X10Y135        FDRE                                         r  user_35t_i/microblaze_0/U0/MicroBlaze_Core_I/Performance.Core/Use_Debug_Logic.Master_Core.Debug_Perf/Serial_Dbg_Intf.control_reg_reg[3]/C
                         clock pessimism              0.250    36.648    
                         clock uncertainty           -0.035    36.613    
    SLICE_X10Y135        FDRE (Setup_fdre_C_CE)      -0.371    36.242    user_35t_i/microblaze_0/U0/MicroBlaze_Core_I/Performance.Core/Use_Debug_Logic.Master_Core.Debug_Perf/Serial_Dbg_Intf.control_reg_reg[3]
  -------------------------------------------------------------------
                         required time                         36.242    
                         arrival time                         -25.008    
  -------------------------------------------------------------------
                         slack                                 11.234    

Slack (MET) :             11.234ns  (required time - arrival time)
  Source:                 user_35t_i/mdm_1/U0/MDM_Core_I1/JTAG_CONTROL_I/Use_BSCAN.FDC_I/Using_FPGA.Native/C
                            (falling edge-triggered cell FDCE clocked by user_35t_i/mdm_1/U0/Use_E2.BSCAN_I/Use_E2.BSCANE2_I/UPDATE  {rise@0.000ns fall@16.667ns period=33.333ns})
  Destination:            user_35t_i/microblaze_0/U0/MicroBlaze_Core_I/Performance.Core/Use_Debug_Logic.Master_Core.Debug_Perf/Serial_Dbg_Intf.control_reg_reg[4]/CE
                            (rising edge-triggered cell FDRE clocked by user_35t_i/mdm_1/U0/Use_E2.BSCAN_I/Use_E2.BSCANE2_I/UPDATE  {rise@0.000ns fall@16.667ns period=33.333ns})
  Path Group:             user_35t_i/mdm_1/U0/Use_E2.BSCAN_I/Use_E2.BSCANE2_I/UPDATE
  Path Type:              Setup (Max at Slow Process Corner)
  Requirement:            16.667ns  (user_35t_i/mdm_1/U0/Use_E2.BSCAN_I/Use_E2.BSCANE2_I/UPDATE rise@33.333ns - user_35t_i/mdm_1/U0/Use_E2.BSCAN_I/Use_E2.BSCANE2_I/UPDATE fall@16.667ns)
  Data Path Delay:        4.920ns  (logic 0.859ns (17.459%)  route 4.061ns (82.541%))
  Logic Levels:           3  (LUT3=1 LUT4=1 LUT5=1)
  Clock Path Skew:        -0.106ns (DCD - SCD + CPR)
    Destination Clock Delay (DCD):    3.065ns = ( 36.398 - 33.333 ) 
    Source Clock Delay      (SCD):    3.422ns = ( 20.088 - 16.667 ) 
    Clock Pessimism Removal (CPR):    0.250ns
  Clock Uncertainty:      0.035ns  ((TSJ^2 + TIJ^2)^1/2 + DJ) / 2 + PE
    Total System Jitter     (TSJ):    0.071ns
    Total Input Jitter      (TIJ):    0.000ns
    Discrete Jitter          (DJ):    0.000ns
    Phase Error              (PE):    0.000ns

    Location             Delay type                Incr(ns)  Path(ns)    Netlist Resource(s)
  -------------------------------------------------------------------    -------------------
                         (clock user_35t_i/mdm_1/U0/Use_E2.BSCAN_I/Use_E2.BSCANE2_I/UPDATE fall edge)
                                                     16.667    16.667 f  
    BSCAN_X0Y1           BSCANE2                      0.000    16.667 f  user_35t_i/mdm_1/U0/Use_E2.BSCAN_I/Use_E2.BSCANE2_I/UPDATE
                         net (fo=1, routed)           1.593    18.260    user_35t_i/mdm_1/U0/Use_E2.BSCAN_I/Dbg_Update_0
    BUFGCTRL_X0Y3        BUFG (Prop_bufg_I_O)         0.096    18.356 f  user_35t_i/mdm_1/U0/Use_E2.BSCAN_I/Dbg_Update_0_BUFG_inst/O
                         net (fo=40, routed)          1.732    20.088    user_35t_i/mdm_1/U0/MDM_Core_I1/JTAG_CONTROL_I/Use_BSCAN.FDC_I/CLK
    SLICE_X44Y137        FDCE                                         r  user_35t_i/mdm_1/U0/MDM_Core_I1/JTAG_CONTROL_I/Use_BSCAN.FDC_I/Using_FPGA.Native/C  (IS_INVERTED)
  -------------------------------------------------------------------    -------------------
    SLICE_X44Y137        FDCE (Prop_fdce_C_Q)         0.459    20.547 f  user_35t_i/mdm_1/U0/MDM_Core_I1/JTAG_CONTROL_I/Use_BSCAN.FDC_I/Using_FPGA.Native/Q
                         net (fo=16, routed)          1.001    21.548    user_35t_i/mdm_1/U0/MDM_Core_I1/JTAG_CONTROL_I/Use_BSCAN.FDC_I/Q_0
    SLICE_X43Y140        LUT3 (Prop_lut3_I1_O)        0.124    21.672 f  user_35t_i/mdm_1/U0/MDM_Core_I1/JTAG_CONTROL_I/Use_BSCAN.FDC_I/Dbg_Reg_En_0[0]_INST_0/O
                         net (fo=2, routed)           0.665    22.338    user_35t_i/microblaze_0/U0/MicroBlaze_Core_I/Performance.Core/Use_Debug_Logic.Master_Core.Debug_Perf/Dbg_Reg_En[0]
    SLICE_X43Y140        LUT4 (Prop_lut4_I2_O)        0.124    22.462 f  user_35t_i/microblaze_0/U0/MicroBlaze_Core_I/Performance.Core/Use_Debug_Logic.Master_Core.Debug_Perf/Dbg_TDO_INST_0_i_14/O
                         net (fo=5, routed)           0.834    23.296    user_35t_i/microblaze_0/U0/MicroBlaze_Core_I/Performance.Core/Use_Debug_Logic.Master_Core.Debug_Perf/Dbg_Reg_En[2]_0
    SLICE_X41Y139        LUT5 (Prop_lut5_I4_O)        0.152    23.448 r  user_35t_i/microblaze_0/U0/MicroBlaze_Core_I/Performance.Core/Use_Debug_Logic.Master_Core.Debug_Perf/Serial_Dbg_Intf.normal_stop_TClk_i_1/O
                         net (fo=9, routed)           1.560    25.008    user_35t_i/microblaze_0/U0/MicroBlaze_Core_I/Performance.Core/Use_Debug_Logic.Master_Core.Debug_Perf/Control_Reg_En
    SLICE_X10Y135        FDRE                                         r  user_35t_i/microblaze_0/U0/MicroBlaze_Core_I/Performance.Core/Use_Debug_Logic.Master_Core.Debug_Perf/Serial_Dbg_Intf.control_reg_reg[4]/CE
  -------------------------------------------------------------------    -------------------

                         (clock user_35t_i/mdm_1/U0/Use_E2.BSCAN_I/Use_E2.BSCANE2_I/UPDATE rise edge)
                                                     33.333    33.333 r  
    BSCAN_X0Y1           BSCANE2                      0.000    33.333 r  user_35t_i/mdm_1/U0/Use_E2.BSCAN_I/Use_E2.BSCANE2_I/UPDATE
                         net (fo=1, routed)           1.364    34.697    user_35t_i/mdm_1/U0/Use_E2.BSCAN_I/Dbg_Update_0
    BUFGCTRL_X0Y3        BUFG (Prop_bufg_I_O)         0.091    34.788 r  user_35t_i/mdm_1/U0/Use_E2.BSCAN_I/Dbg_Update_0_BUFG_inst/O
                         net (fo=40, routed)          1.610    36.398    user_35t_i/microblaze_0/U0/MicroBlaze_Core_I/Performance.Core/Use_Debug_Logic.Master_Core.Debug_Perf/Dbg_Update
    SLICE_X10Y135        FDRE                                         r  user_35t_i/microblaze_0/U0/MicroBlaze_Core_I/Performance.Core/Use_Debug_Logic.Master_Core.Debug_Perf/Serial_Dbg_Intf.control_reg_reg[4]/C
                         clock pessimism              0.250    36.648    
                         clock uncertainty           -0.035    36.613    
    SLICE_X10Y135        FDRE (Setup_fdre_C_CE)      -0.371    36.242    user_35t_i/microblaze_0/U0/MicroBlaze_Core_I/Performance.Core/Use_Debug_Logic.Master_Core.Debug_Perf/Serial_Dbg_Intf.control_reg_reg[4]
  -------------------------------------------------------------------
                         required time                         36.242    
                         arrival time                         -25.008    
  -------------------------------------------------------------------
                         slack                                 11.234    

Slack (MET) :             11.234ns  (required time - arrival time)
  Source:                 user_35t_i/mdm_1/U0/MDM_Core_I1/JTAG_CONTROL_I/Use_BSCAN.FDC_I/Using_FPGA.Native/C
                            (falling edge-triggered cell FDCE clocked by user_35t_i/mdm_1/U0/Use_E2.BSCAN_I/Use_E2.BSCANE2_I/UPDATE  {rise@0.000ns fall@16.667ns period=33.333ns})
  Destination:            user_35t_i/microblaze_0/U0/MicroBlaze_Core_I/Performance.Core/Use_Debug_Logic.Master_Core.Debug_Perf/Serial_Dbg_Intf.control_reg_reg[5]/CE
                            (rising edge-triggered cell FDRE clocked by user_35t_i/mdm_1/U0/Use_E2.BSCAN_I/Use_E2.BSCANE2_I/UPDATE  {rise@0.000ns fall@16.667ns period=33.333ns})
  Path Group:             user_35t_i/mdm_1/U0/Use_E2.BSCAN_I/Use_E2.BSCANE2_I/UPDATE
  Path Type:              Setup (Max at Slow Process Corner)
  Requirement:            16.667ns  (user_35t_i/mdm_1/U0/Use_E2.BSCAN_I/Use_E2.BSCANE2_I/UPDATE rise@33.333ns - user_35t_i/mdm_1/U0/Use_E2.BSCAN_I/Use_E2.BSCANE2_I/UPDATE fall@16.667ns)
  Data Path Delay:        4.920ns  (logic 0.859ns (17.459%)  route 4.061ns (82.541%))
  Logic Levels:           3  (LUT3=1 LUT4=1 LUT5=1)
  Clock Path Skew:        -0.106ns (DCD - SCD + CPR)
    Destination Clock Delay (DCD):    3.065ns = ( 36.398 - 33.333 ) 
    Source Clock Delay      (SCD):    3.422ns = ( 20.088 - 16.667 ) 
    Clock Pessimism Removal (CPR):    0.250ns
  Clock Uncertainty:      0.035ns  ((TSJ^2 + TIJ^2)^1/2 + DJ) / 2 + PE
    Total System Jitter     (TSJ):    0.071ns
    Total Input Jitter      (TIJ):    0.000ns
    Discrete Jitter          (DJ):    0.000ns
    Phase Error              (PE):    0.000ns

    Location             Delay type                Incr(ns)  Path(ns)    Netlist Resource(s)
  -------------------------------------------------------------------    -------------------
                         (clock user_35t_i/mdm_1/U0/Use_E2.BSCAN_I/Use_E2.BSCANE2_I/UPDATE fall edge)
                                                     16.667    16.667 f  
    BSCAN_X0Y1           BSCANE2                      0.000    16.667 f  user_35t_i/mdm_1/U0/Use_E2.BSCAN_I/Use_E2.BSCANE2_I/UPDATE
                         net (fo=1, routed)           1.593    18.260    user_35t_i/mdm_1/U0/Use_E2.BSCAN_I/Dbg_Update_0
    BUFGCTRL_X0Y3        BUFG (Prop_bufg_I_O)         0.096    18.356 f  user_35t_i/mdm_1/U0/Use_E2.BSCAN_I/Dbg_Update_0_BUFG_inst/O
                         net (fo=40, routed)          1.732    20.088    user_35t_i/mdm_1/U0/MDM_Core_I1/JTAG_CONTROL_I/Use_BSCAN.FDC_I/CLK
    SLICE_X44Y137        FDCE                                         r  user_35t_i/mdm_1/U0/MDM_Core_I1/JTAG_CONTROL_I/Use_BSCAN.FDC_I/Using_FPGA.Native/C  (IS_INVERTED)
  -------------------------------------------------------------------    -------------------
    SLICE_X44Y137        FDCE (Prop_fdce_C_Q)         0.459    20.547 f  user_35t_i/mdm_1/U0/MDM_Core_I1/JTAG_CONTROL_I/Use_BSCAN.FDC_I/Using_FPGA.Native/Q
                         net (fo=16, routed)          1.001    21.548    user_35t_i/mdm_1/U0/MDM_Core_I1/JTAG_CONTROL_I/Use_BSCAN.FDC_I/Q_0
    SLICE_X43Y140        LUT3 (Prop_lut3_I1_O)        0.124    21.672 f  user_35t_i/mdm_1/U0/MDM_Core_I1/JTAG_CONTROL_I/Use_BSCAN.FDC_I/Dbg_Reg_En_0[0]_INST_0/O
                         net (fo=2, routed)           0.665    22.338    user_35t_i/microblaze_0/U0/MicroBlaze_Core_I/Performance.Core/Use_Debug_Logic.Master_Core.Debug_Perf/Dbg_Reg_En[0]
    SLICE_X43Y140        LUT4 (Prop_lut4_I2_O)        0.124    22.462 f  user_35t_i/microblaze_0/U0/MicroBlaze_Core_I/Performance.Core/Use_Debug_Logic.Master_Core.Debug_Perf/Dbg_TDO_INST_0_i_14/O
                         net (fo=5, routed)           0.834    23.296    user_35t_i/microblaze_0/U0/MicroBlaze_Core_I/Performance.Core/Use_Debug_Logic.Master_Core.Debug_Perf/Dbg_Reg_En[2]_0
    SLICE_X41Y139        LUT5 (Prop_lut5_I4_O)        0.152    23.448 r  user_35t_i/microblaze_0/U0/MicroBlaze_Core_I/Performance.Core/Use_Debug_Logic.Master_Core.Debug_Perf/Serial_Dbg_Intf.normal_stop_TClk_i_1/O
                         net (fo=9, routed)           1.560    25.008    user_35t_i/microblaze_0/U0/MicroBlaze_Core_I/Performance.Core/Use_Debug_Logic.Master_Core.Debug_Perf/Control_Reg_En
    SLICE_X10Y135        FDRE                                         r  user_35t_i/microblaze_0/U0/MicroBlaze_Core_I/Performance.Core/Use_Debug_Logic.Master_Core.Debug_Perf/Serial_Dbg_Intf.control_reg_reg[5]/CE
  -------------------------------------------------------------------    -------------------

                         (clock user_35t_i/mdm_1/U0/Use_E2.BSCAN_I/Use_E2.BSCANE2_I/UPDATE rise edge)
                                                     33.333    33.333 r  
    BSCAN_X0Y1           BSCANE2                      0.000    33.333 r  user_35t_i/mdm_1/U0/Use_E2.BSCAN_I/Use_E2.BSCANE2_I/UPDATE
                         net (fo=1, routed)           1.364    34.697    user_35t_i/mdm_1/U0/Use_E2.BSCAN_I/Dbg_Update_0
    BUFGCTRL_X0Y3        BUFG (Prop_bufg_I_O)         0.091    34.788 r  user_35t_i/mdm_1/U0/Use_E2.BSCAN_I/Dbg_Update_0_BUFG_inst/O
                         net (fo=40, routed)          1.610    36.398    user_35t_i/microblaze_0/U0/MicroBlaze_Core_I/Performance.Core/Use_Debug_Logic.Master_Core.Debug_Perf/Dbg_Update
    SLICE_X10Y135        FDRE                                         r  user_35t_i/microblaze_0/U0/MicroBlaze_Core_I/Performance.Core/Use_Debug_Logic.Master_Core.Debug_Perf/Serial_Dbg_Intf.control_reg_reg[5]/C
                         clock pessimism              0.250    36.648    
                         clock uncertainty           -0.035    36.613    
    SLICE_X10Y135        FDRE (Setup_fdre_C_CE)      -0.371    36.242    user_35t_i/microblaze_0/U0/MicroBlaze_Core_I/Performance.Core/Use_Debug_Logic.Master_Core.Debug_Perf/Serial_Dbg_Intf.control_reg_reg[5]
  -------------------------------------------------------------------
                         required time                         36.242    
                         arrival time                         -25.008    
  -------------------------------------------------------------------
                         slack                                 11.234    

Slack (MET) :             11.560ns  (required time - arrival time)
  Source:                 user_35t_i/mdm_1/U0/MDM_Core_I1/JTAG_CONTROL_I/Use_BSCAN.FDC_I/Using_FPGA.Native/C
                            (falling edge-triggered cell FDCE clocked by user_35t_i/mdm_1/U0/Use_E2.BSCAN_I/Use_E2.BSCANE2_I/UPDATE  {rise@0.000ns fall@16.667ns period=33.333ns})
  Destination:            user_35t_i/microblaze_0/U0/MicroBlaze_Core_I/Performance.Core/Use_Debug_Logic.Master_Core.Debug_Perf/Serial_Dbg_Intf.control_reg_reg[8]/CE
                            (rising edge-triggered cell FDRE clocked by user_35t_i/mdm_1/U0/Use_E2.BSCAN_I/Use_E2.BSCANE2_I/UPDATE  {rise@0.000ns fall@16.667ns period=33.333ns})
  Path Group:             user_35t_i/mdm_1/U0/Use_E2.BSCAN_I/Use_E2.BSCANE2_I/UPDATE
  Path Type:              Setup (Max at Slow Process Corner)
  Requirement:            16.667ns  (user_35t_i/mdm_1/U0/Use_E2.BSCAN_I/Use_E2.BSCANE2_I/UPDATE rise@33.333ns - user_35t_i/mdm_1/U0/Use_E2.BSCAN_I/Use_E2.BSCANE2_I/UPDATE fall@16.667ns)
  Data Path Delay:        4.557ns  (logic 0.859ns (18.852%)  route 3.698ns (81.148%))
  Logic Levels:           3  (LUT3=1 LUT4=1 LUT5=1)
  Clock Path Skew:        -0.107ns (DCD - SCD + CPR)
    Destination Clock Delay (DCD):    3.064ns = ( 36.397 - 33.333 ) 
    Source Clock Delay      (SCD):    3.422ns = ( 20.088 - 16.667 ) 
    Clock Pessimism Removal (CPR):    0.250ns
  Clock Uncertainty:      0.035ns  ((TSJ^2 + TIJ^2)^1/2 + DJ) / 2 + PE
    Total System Jitter     (TSJ):    0.071ns
    Total Input Jitter      (TIJ):    0.000ns
    Discrete Jitter          (DJ):    0.000ns
    Phase Error              (PE):    0.000ns

    Location             Delay type                Incr(ns)  Path(ns)    Netlist Resource(s)
  -------------------------------------------------------------------    -------------------
                         (clock user_35t_i/mdm_1/U0/Use_E2.BSCAN_I/Use_E2.BSCANE2_I/UPDATE fall edge)
                                                     16.667    16.667 f  
    BSCAN_X0Y1           BSCANE2                      0.000    16.667 f  user_35t_i/mdm_1/U0/Use_E2.BSCAN_I/Use_E2.BSCANE2_I/UPDATE
                         net (fo=1, routed)           1.593    18.260    user_35t_i/mdm_1/U0/Use_E2.BSCAN_I/Dbg_Update_0
    BUFGCTRL_X0Y3        BUFG (Prop_bufg_I_O)         0.096    18.356 f  user_35t_i/mdm_1/U0/Use_E2.BSCAN_I/Dbg_Update_0_BUFG_inst/O
                         net (fo=40, routed)          1.732    20.088    user_35t_i/mdm_1/U0/MDM_Core_I1/JTAG_CONTROL_I/Use_BSCAN.FDC_I/CLK
    SLICE_X44Y137        FDCE                                         r  user_35t_i/mdm_1/U0/MDM_Core_I1/JTAG_CONTROL_I/Use_BSCAN.FDC_I/Using_FPGA.Native/C  (IS_INVERTED)
  -------------------------------------------------------------------    -------------------
    SLICE_X44Y137        FDCE (Prop_fdce_C_Q)         0.459    20.547 f  user_35t_i/mdm_1/U0/MDM_Core_I1/JTAG_CONTROL_I/Use_BSCAN.FDC_I/Using_FPGA.Native/Q
                         net (fo=16, routed)          1.001    21.548    user_35t_i/mdm_1/U0/MDM_Core_I1/JTAG_CONTROL_I/Use_BSCAN.FDC_I/Q_0
    SLICE_X43Y140        LUT3 (Prop_lut3_I1_O)        0.124    21.672 f  user_35t_i/mdm_1/U0/MDM_Core_I1/JTAG_CONTROL_I/Use_BSCAN.FDC_I/Dbg_Reg_En_0[0]_INST_0/O
                         net (fo=2, routed)           0.665    22.338    user_35t_i/microblaze_0/U0/MicroBlaze_Core_I/Performance.Core/Use_Debug_Logic.Master_Core.Debug_Perf/Dbg_Reg_En[0]
    SLICE_X43Y140        LUT4 (Prop_lut4_I2_O)        0.124    22.462 f  user_35t_i/microblaze_0/U0/MicroBlaze_Core_I/Performance.Core/Use_Debug_Logic.Master_Core.Debug_Perf/Dbg_TDO_INST_0_i_14/O
                         net (fo=5, routed)           0.834    23.296    user_35t_i/microblaze_0/U0/MicroBlaze_Core_I/Performance.Core/Use_Debug_Logic.Master_Core.Debug_Perf/Dbg_Reg_En[2]_0
    SLICE_X41Y139        LUT5 (Prop_lut5_I4_O)        0.152    23.448 r  user_35t_i/microblaze_0/U0/MicroBlaze_Core_I/Performance.Core/Use_Debug_Logic.Master_Core.Debug_Perf/Serial_Dbg_Intf.normal_stop_TClk_i_1/O
                         net (fo=9, routed)           1.197    24.645    user_35t_i/microblaze_0/U0/MicroBlaze_Core_I/Performance.Core/Use_Debug_Logic.Master_Core.Debug_Perf/Control_Reg_En
    SLICE_X17Y135        FDRE                                         r  user_35t_i/microblaze_0/U0/MicroBlaze_Core_I/Performance.Core/Use_Debug_Logic.Master_Core.Debug_Perf/Serial_Dbg_Intf.control_reg_reg[8]/CE
  -------------------------------------------------------------------    -------------------

                         (clock user_35t_i/mdm_1/U0/Use_E2.BSCAN_I/Use_E2.BSCANE2_I/UPDATE rise edge)
                                                     33.333    33.333 r  
    BSCAN_X0Y1           BSCANE2                      0.000    33.333 r  user_35t_i/mdm_1/U0/Use_E2.BSCAN_I/Use_E2.BSCANE2_I/UPDATE
                         net (fo=1, routed)           1.364    34.697    user_35t_i/mdm_1/U0/Use_E2.BSCAN_I/Dbg_Update_0
    BUFGCTRL_X0Y3        BUFG (Prop_bufg_I_O)         0.091    34.788 r  user_35t_i/mdm_1/U0/Use_E2.BSCAN_I/Dbg_Update_0_BUFG_inst/O
                         net (fo=40, routed)          1.609    36.397    user_35t_i/microblaze_0/U0/MicroBlaze_Core_I/Performance.Core/Use_Debug_Logic.Master_Core.Debug_Perf/Dbg_Update
    SLICE_X17Y135        FDRE                                         r  user_35t_i/microblaze_0/U0/MicroBlaze_Core_I/Performance.Core/Use_Debug_Logic.Master_Core.Debug_Perf/Serial_Dbg_Intf.control_reg_reg[8]/C
                         clock pessimism              0.250    36.647    
                         clock uncertainty           -0.035    36.612    
    SLICE_X17Y135        FDRE (Setup_fdre_C_CE)      -0.407    36.205    user_35t_i/microblaze_0/U0/MicroBlaze_Core_I/Performance.Core/Use_Debug_Logic.Master_Core.Debug_Perf/Serial_Dbg_Intf.control_reg_reg[8]
  -------------------------------------------------------------------
                         required time                         36.205    
                         arrival time                         -24.645    
  -------------------------------------------------------------------
                         slack                                 11.560    

Slack (MET) :             11.959ns  (required time - arrival time)
  Source:                 user_35t_i/mdm_1/U0/MDM_Core_I1/JTAG_CONTROL_I/Use_BSCAN.FDC_I/Using_FPGA.Native/C
                            (falling edge-triggered cell FDCE clocked by user_35t_i/mdm_1/U0/Use_E2.BSCAN_I/Use_E2.BSCANE2_I/UPDATE  {rise@0.000ns fall@16.667ns period=33.333ns})
  Destination:            user_35t_i/microblaze_0/U0/MicroBlaze_Core_I/Performance.Core/Use_Debug_Logic.Master_Core.Debug_Perf/Serial_Dbg_Intf.command_reg_reg[0]/CE
                            (rising edge-triggered cell FDCE clocked by user_35t_i/mdm_1/U0/Use_E2.BSCAN_I/Use_E2.BSCANE2_I/UPDATE  {rise@0.000ns fall@16.667ns period=33.333ns})
  Path Group:             user_35t_i/mdm_1/U0/Use_E2.BSCAN_I/Use_E2.BSCANE2_I/UPDATE
  Path Type:              Setup (Max at Slow Process Corner)
  Requirement:            16.667ns  (user_35t_i/mdm_1/U0/Use_E2.BSCAN_I/Use_E2.BSCANE2_I/UPDATE rise@33.333ns - user_35t_i/mdm_1/U0/Use_E2.BSCAN_I/Use_E2.BSCANE2_I/UPDATE fall@16.667ns)
  Data Path Delay:        4.362ns  (logic 0.831ns (19.049%)  route 3.531ns (80.951%))
  Logic Levels:           3  (LUT3=1 LUT4=1 LUT5=1)
  Clock Path Skew:        -0.104ns (DCD - SCD + CPR)
    Destination Clock Delay (DCD):    3.067ns = ( 36.400 - 33.333 ) 
    Source Clock Delay      (SCD):    3.422ns = ( 20.088 - 16.667 ) 
    Clock Pessimism Removal (CPR):    0.250ns
  Clock Uncertainty:      0.035ns  ((TSJ^2 + TIJ^2)^1/2 + DJ) / 2 + PE
    Total System Jitter     (TSJ):    0.071ns
    Total Input Jitter      (TIJ):    0.000ns
    Discrete Jitter          (DJ):    0.000ns
    Phase Error              (PE):    0.000ns

    Location             Delay type                Incr(ns)  Path(ns)    Netlist Resource(s)
  -------------------------------------------------------------------    -------------------
                         (clock user_35t_i/mdm_1/U0/Use_E2.BSCAN_I/Use_E2.BSCANE2_I/UPDATE fall edge)
                                                     16.667    16.667 f  
    BSCAN_X0Y1           BSCANE2                      0.000    16.667 f  user_35t_i/mdm_1/U0/Use_E2.BSCAN_I/Use_E2.BSCANE2_I/UPDATE
                         net (fo=1, routed)           1.593    18.260    user_35t_i/mdm_1/U0/Use_E2.BSCAN_I/Dbg_Update_0
    BUFGCTRL_X0Y3        BUFG (Prop_bufg_I_O)         0.096    18.356 f  user_35t_i/mdm_1/U0/Use_E2.BSCAN_I/Dbg_Update_0_BUFG_inst/O
                         net (fo=40, routed)          1.732    20.088    user_35t_i/mdm_1/U0/MDM_Core_I1/JTAG_CONTROL_I/Use_BSCAN.FDC_I/CLK
    SLICE_X44Y137        FDCE                                         r  user_35t_i/mdm_1/U0/MDM_Core_I1/JTAG_CONTROL_I/Use_BSCAN.FDC_I/Using_FPGA.Native/C  (IS_INVERTED)
  -------------------------------------------------------------------    -------------------
    SLICE_X44Y137        FDCE (Prop_fdce_C_Q)         0.459    20.547 f  user_35t_i/mdm_1/U0/MDM_Core_I1/JTAG_CONTROL_I/Use_BSCAN.FDC_I/Using_FPGA.Native/Q
                         net (fo=16, routed)          1.001    21.548    user_35t_i/mdm_1/U0/MDM_Core_I1/JTAG_CONTROL_I/Use_BSCAN.FDC_I/Q_0
    SLICE_X43Y140        LUT3 (Prop_lut3_I1_O)        0.124    21.672 f  user_35t_i/mdm_1/U0/MDM_Core_I1/JTAG_CONTROL_I/Use_BSCAN.FDC_I/Dbg_Reg_En_0[0]_INST_0/O
                         net (fo=2, routed)           0.665    22.338    user_35t_i/microblaze_0/U0/MicroBlaze_Core_I/Performance.Core/Use_Debug_Logic.Master_Core.Debug_Perf/Dbg_Reg_En[0]
    SLICE_X43Y140        LUT4 (Prop_lut4_I2_O)        0.124    22.462 f  user_35t_i/microblaze_0/U0/MicroBlaze_Core_I/Performance.Core/Use_Debug_Logic.Master_Core.Debug_Perf/Dbg_TDO_INST_0_i_14/O
                         net (fo=5, routed)           0.834    23.296    user_35t_i/microblaze_0/U0/MicroBlaze_Core_I/Performance.Core/Use_Debug_Logic.Master_Core.Debug_Perf/Dbg_Reg_En[2]_0
    SLICE_X41Y139        LUT5 (Prop_lut5_I4_O)        0.124    23.420 r  user_35t_i/microblaze_0/U0/MicroBlaze_Core_I/Performance.Core/Use_Debug_Logic.Master_Core.Debug_Perf/Serial_Dbg_Intf.command_reg[0]_i_1/O
                         net (fo=2, routed)           1.031    24.451    user_35t_i/microblaze_0/U0/MicroBlaze_Core_I/Performance.Core/Use_Debug_Logic.Master_Core.Debug_Perf/Command_Reg_En
    SLICE_X18Y139        FDCE                                         r  user_35t_i/microblaze_0/U0/MicroBlaze_Core_I/Performance.Core/Use_Debug_Logic.Master_Core.Debug_Perf/Serial_Dbg_Intf.command_reg_reg[0]/CE
  -------------------------------------------------------------------    -------------------

                         (clock user_35t_i/mdm_1/U0/Use_E2.BSCAN_I/Use_E2.BSCANE2_I/UPDATE rise edge)
                                                     33.333    33.333 r  
    BSCAN_X0Y1           BSCANE2                      0.000    33.333 r  user_35t_i/mdm_1/U0/Use_E2.BSCAN_I/Use_E2.BSCANE2_I/UPDATE
                         net (fo=1, routed)           1.364    34.697    user_35t_i/mdm_1/U0/Use_E2.BSCAN_I/Dbg_Update_0
    BUFGCTRL_X0Y3        BUFG (Prop_bufg_I_O)         0.091    34.788 r  user_35t_i/mdm_1/U0/Use_E2.BSCAN_I/Dbg_Update_0_BUFG_inst/O
                         net (fo=40, routed)          1.612    36.400    user_35t_i/microblaze_0/U0/MicroBlaze_Core_I/Performance.Core/Use_Debug_Logic.Master_Core.Debug_Perf/Dbg_Update
    SLICE_X18Y139        FDCE                                         r  user_35t_i/microblaze_0/U0/MicroBlaze_Core_I/Performance.Core/Use_Debug_Logic.Master_Core.Debug_Perf/Serial_Dbg_Intf.command_reg_reg[0]/C
                         clock pessimism              0.250    36.650    
                         clock uncertainty           -0.035    36.615    
    SLICE_X18Y139        FDCE (Setup_fdce_C_CE)      -0.205    36.410    user_35t_i/microblaze_0/U0/MicroBlaze_Core_I/Performance.Core/Use_Debug_Logic.Master_Core.Debug_Perf/Serial_Dbg_Intf.command_reg_reg[0]
  -------------------------------------------------------------------
                         required time                         36.410    
                         arrival time                         -24.451    
  -------------------------------------------------------------------
                         slack                                 11.959    





Min Delay Paths
--------------------------------------------------------------------------------------
Slack (MET) :             0.264ns  (arrival time - required time)
  Source:                 user_35t_i/mdm_1/U0/MDM_Core_I1/JTAG_CONTROL_I/completion_ctrl_reg[0]/C
                            (rising edge-triggered cell FDRE clocked by user_35t_i/mdm_1/U0/Use_E2.BSCAN_I/Use_E2.BSCANE2_I/UPDATE  {rise@0.000ns fall@16.667ns period=33.333ns})
  Destination:            user_35t_i/mdm_1/U0/MDM_Core_I1/JTAG_CONTROL_I/completion_ctrl_reg[0]/D
                            (rising edge-triggered cell FDRE clocked by user_35t_i/mdm_1/U0/Use_E2.BSCAN_I/Use_E2.BSCANE2_I/UPDATE  {rise@0.000ns fall@16.667ns period=33.333ns})
  Path Group:             user_35t_i/mdm_1/U0/Use_E2.BSCAN_I/Use_E2.BSCANE2_I/UPDATE
  Path Type:              Hold (Min at Fast Process Corner)
  Requirement:            0.000ns  (user_35t_i/mdm_1/U0/Use_E2.BSCAN_I/Use_E2.BSCANE2_I/UPDATE rise@0.000ns - user_35t_i/mdm_1/U0/Use_E2.BSCAN_I/Use_E2.BSCANE2_I/UPDATE rise@0.000ns)
  Data Path Delay:        0.384ns  (logic 0.209ns (54.393%)  route 0.175ns (45.607%))
  Logic Levels:           1  (LUT3=1)
  Clock Path Skew:        0.000ns (DCD - SCD - CPR)
    Destination Clock Delay (DCD):    1.640ns
    Source Clock Delay      (SCD):    1.263ns
    Clock Pessimism Removal (CPR):    0.377ns

    Location             Delay type                Incr(ns)  Path(ns)    Netlist Resource(s)
  -------------------------------------------------------------------    -------------------
                         (clock user_35t_i/mdm_1/U0/Use_E2.BSCAN_I/Use_E2.BSCANE2_I/UPDATE rise edge)
                                                      0.000     0.000 r  
    BSCAN_X0Y1           BSCANE2                      0.000     0.000 r  user_35t_i/mdm_1/U0/Use_E2.BSCAN_I/Use_E2.BSCANE2_I/UPDATE
                         net (fo=1, routed)           0.596     0.596    user_35t_i/mdm_1/U0/Use_E2.BSCAN_I/Dbg_Update_0
    BUFGCTRL_X0Y3        BUFG (Prop_bufg_I_O)         0.026     0.622 r  user_35t_i/mdm_1/U0/Use_E2.BSCAN_I/Dbg_Update_0_BUFG_inst/O
                         net (fo=40, routed)          0.641     1.263    user_35t_i/mdm_1/U0/MDM_Core_I1/JTAG_CONTROL_I/CLK
    SLICE_X46Y139        FDRE                                         r  user_35t_i/mdm_1/U0/MDM_Core_I1/JTAG_CONTROL_I/completion_ctrl_reg[0]/C
  -------------------------------------------------------------------    -------------------
    SLICE_X46Y139        FDRE (Prop_fdre_C_Q)         0.164     1.427 r  user_35t_i/mdm_1/U0/MDM_Core_I1/JTAG_CONTROL_I/completion_ctrl_reg[0]/Q
                         net (fo=2, routed)           0.175     1.603    user_35t_i/mdm_1/U0/MDM_Core_I1/JTAG_CONTROL_I/Use_BSCAN.FDC_I/completion_ctrl
    SLICE_X46Y139        LUT3 (Prop_lut3_I2_O)        0.045     1.648 r  user_35t_i/mdm_1/U0/MDM_Core_I1/JTAG_CONTROL_I/Use_BSCAN.FDC_I/completion_ctrl[0]_i_1/O
                         net (fo=1, routed)           0.000     1.648    user_35t_i/mdm_1/U0/MDM_Core_I1/JTAG_CONTROL_I/Use_BSCAN.FDC_I_n_36
    SLICE_X46Y139        FDRE                                         r  user_35t_i/mdm_1/U0/MDM_Core_I1/JTAG_CONTROL_I/completion_ctrl_reg[0]/D
  -------------------------------------------------------------------    -------------------

                         (clock user_35t_i/mdm_1/U0/Use_E2.BSCAN_I/Use_E2.BSCANE2_I/UPDATE rise edge)
                                                      0.000     0.000 r  
    BSCAN_X0Y1           BSCANE2                      0.000     0.000 r  user_35t_i/mdm_1/U0/Use_E2.BSCAN_I/Use_E2.BSCANE2_I/UPDATE
                         net (fo=1, routed)           0.696     0.696    user_35t_i/mdm_1/U0/Use_E2.BSCAN_I/Dbg_Update_0
    BUFGCTRL_X0Y3        BUFG (Prop_bufg_I_O)         0.029     0.725 r  user_35t_i/mdm_1/U0/Use_E2.BSCAN_I/Dbg_Update_0_BUFG_inst/O
                         net (fo=40, routed)          0.915     1.640    user_35t_i/mdm_1/U0/MDM_Core_I1/JTAG_CONTROL_I/CLK
    SLICE_X46Y139        FDRE                                         r  user_35t_i/mdm_1/U0/MDM_Core_I1/JTAG_CONTROL_I/completion_ctrl_reg[0]/C
                         clock pessimism             -0.377     1.263    
    SLICE_X46Y139        FDRE (Hold_fdre_C_D)         0.120     1.383    user_35t_i/mdm_1/U0/MDM_Core_I1/JTAG_CONTROL_I/completion_ctrl_reg[0]
  -------------------------------------------------------------------
                         required time                         -1.383    
                         arrival time                           1.648    
  -------------------------------------------------------------------
                         slack                                  0.264    

Slack (MET) :             0.280ns  (arrival time - required time)
  Source:                 user_35t_i/mdm_1/U0/MDM_Core_I1/JTAG_CONTROL_I/Debug_Rst_i_reg/C
                            (rising edge-triggered cell FDRE clocked by user_35t_i/mdm_1/U0/Use_E2.BSCAN_I/Use_E2.BSCANE2_I/UPDATE  {rise@0.000ns fall@16.667ns period=33.333ns})
  Destination:            user_35t_i/mdm_1/U0/MDM_Core_I1/JTAG_CONTROL_I/Debug_Rst_i_reg/D
                            (rising edge-triggered cell FDRE clocked by user_35t_i/mdm_1/U0/Use_E2.BSCAN_I/Use_E2.BSCANE2_I/UPDATE  {rise@0.000ns fall@16.667ns period=33.333ns})
  Path Group:             user_35t_i/mdm_1/U0/Use_E2.BSCAN_I/Use_E2.BSCANE2_I/UPDATE
  Path Type:              Hold (Min at Fast Process Corner)
  Requirement:            0.000ns  (user_35t_i/mdm_1/U0/Use_E2.BSCAN_I/Use_E2.BSCANE2_I/UPDATE rise@0.000ns - user_35t_i/mdm_1/U0/Use_E2.BSCAN_I/Use_E2.BSCANE2_I/UPDATE rise@0.000ns)
  Data Path Delay:        0.371ns  (logic 0.186ns (50.162%)  route 0.185ns (49.838%))
  Logic Levels:           1  (LUT6=1)
  Clock Path Skew:        0.000ns (DCD - SCD - CPR)
    Destination Clock Delay (DCD):    1.640ns
    Source Clock Delay      (SCD):    1.263ns
    Clock Pessimism Removal (CPR):    0.377ns

    Location             Delay type                Incr(ns)  Path(ns)    Netlist Resource(s)
  -------------------------------------------------------------------    -------------------
                         (clock user_35t_i/mdm_1/U0/Use_E2.BSCAN_I/Use_E2.BSCANE2_I/UPDATE rise edge)
                                                      0.000     0.000 r  
    BSCAN_X0Y1           BSCANE2                      0.000     0.000 r  user_35t_i/mdm_1/U0/Use_E2.BSCAN_I/Use_E2.BSCANE2_I/UPDATE
                         net (fo=1, routed)           0.596     0.596    user_35t_i/mdm_1/U0/Use_E2.BSCAN_I/Dbg_Update_0
    BUFGCTRL_X0Y3        BUFG (Prop_bufg_I_O)         0.026     0.622 r  user_35t_i/mdm_1/U0/Use_E2.BSCAN_I/Dbg_Update_0_BUFG_inst/O
                         net (fo=40, routed)          0.641     1.263    user_35t_i/mdm_1/U0/MDM_Core_I1/JTAG_CONTROL_I/CLK
    SLICE_X44Y139        FDRE                                         r  user_35t_i/mdm_1/U0/MDM_Core_I1/JTAG_CONTROL_I/Debug_Rst_i_reg/C
  -------------------------------------------------------------------    -------------------
    SLICE_X44Y139        FDRE (Prop_fdre_C_Q)         0.141     1.404 r  user_35t_i/mdm_1/U0/MDM_Core_I1/JTAG_CONTROL_I/Debug_Rst_i_reg/Q
                         net (fo=2, routed)           0.185     1.589    user_35t_i/mdm_1/U0/MDM_Core_I1/JTAG_CONTROL_I/Use_BSCAN.FDC_I/Dbg_Rst_0
    SLICE_X44Y139        LUT6 (Prop_lut6_I5_O)        0.045     1.634 r  user_35t_i/mdm_1/U0/MDM_Core_I1/JTAG_CONTROL_I/Use_BSCAN.FDC_I/Debug_Rst_i_i_1/O
                         net (fo=1, routed)           0.000     1.634    user_35t_i/mdm_1/U0/MDM_Core_I1/JTAG_CONTROL_I/Use_BSCAN.FDC_I_n_34
    SLICE_X44Y139        FDRE                                         r  user_35t_i/mdm_1/U0/MDM_Core_I1/JTAG_CONTROL_I/Debug_Rst_i_reg/D
  -------------------------------------------------------------------    -------------------

                         (clock user_35t_i/mdm_1/U0/Use_E2.BSCAN_I/Use_E2.BSCANE2_I/UPDATE rise edge)
                                                      0.000     0.000 r  
    BSCAN_X0Y1           BSCANE2                      0.000     0.000 r  user_35t_i/mdm_1/U0/Use_E2.BSCAN_I/Use_E2.BSCANE2_I/UPDATE
                         net (fo=1, routed)           0.696     0.696    user_35t_i/mdm_1/U0/Use_E2.BSCAN_I/Dbg_Update_0
    BUFGCTRL_X0Y3        BUFG (Prop_bufg_I_O)         0.029     0.725 r  user_35t_i/mdm_1/U0/Use_E2.BSCAN_I/Dbg_Update_0_BUFG_inst/O
                         net (fo=40, routed)          0.915     1.640    user_35t_i/mdm_1/U0/MDM_Core_I1/JTAG_CONTROL_I/CLK
    SLICE_X44Y139        FDRE                                         r  user_35t_i/mdm_1/U0/MDM_Core_I1/JTAG_CONTROL_I/Debug_Rst_i_reg/C
                         clock pessimism             -0.377     1.263    
    SLICE_X44Y139        FDRE (Hold_fdre_C_D)         0.091     1.354    user_35t_i/mdm_1/U0/MDM_Core_I1/JTAG_CONTROL_I/Debug_Rst_i_reg
  -------------------------------------------------------------------
                         required time                         -1.354    
                         arrival time                           1.634    
  -------------------------------------------------------------------
                         slack                                  0.280    

Slack (MET) :             0.290ns  (arrival time - required time)
  Source:                 user_35t_i/mdm_1/U0/MDM_Core_I1/JTAG_CONTROL_I/Use_BSCAN.FDC_I/Using_FPGA.Native/C
                            (falling edge-triggered cell FDCE clocked by user_35t_i/mdm_1/U0/Use_E2.BSCAN_I/Use_E2.BSCANE2_I/UPDATE  {rise@0.000ns fall@16.667ns period=33.333ns})
  Destination:            user_35t_i/mdm_1/U0/MDM_Core_I1/JTAG_CONTROL_I/Use_BSCAN.FDC_I/Using_FPGA.Native/D
                            (falling edge-triggered cell FDCE clocked by user_35t_i/mdm_1/U0/Use_E2.BSCAN_I/Use_E2.BSCANE2_I/UPDATE  {rise@0.000ns fall@16.667ns period=33.333ns})
  Path Group:             user_35t_i/mdm_1/U0/Use_E2.BSCAN_I/Use_E2.BSCANE2_I/UPDATE
  Path Type:              Hold (Min at Fast Process Corner)
  Requirement:            0.000ns  (user_35t_i/mdm_1/U0/Use_E2.BSCAN_I/Use_E2.BSCANE2_I/UPDATE fall@16.667ns - user_35t_i/mdm_1/U0/Use_E2.BSCAN_I/Use_E2.BSCANE2_I/UPDATE fall@16.667ns)
  Data Path Delay:        0.388ns  (logic 0.191ns (49.236%)  route 0.197ns (50.764%))
  Logic Levels:           1  (LUT1=1)
  Clock Path Skew:        0.000ns (DCD - SCD - CPR)
    Destination Clock Delay (DCD):    1.638ns = ( 18.305 - 16.667 ) 
    Source Clock Delay      (SCD):    1.262ns = ( 17.929 - 16.667 ) 
    Clock Pessimism Removal (CPR):    0.376ns

    Location             Delay type                Incr(ns)  Path(ns)    Netlist Resource(s)
  -------------------------------------------------------------------    -------------------
                         (clock user_35t_i/mdm_1/U0/Use_E2.BSCAN_I/Use_E2.BSCANE2_I/UPDATE fall edge)
                                                     16.667    16.667 f  
    BSCAN_X0Y1           BSCANE2                      0.000    16.667 f  user_35t_i/mdm_1/U0/Use_E2.BSCAN_I/Use_E2.BSCANE2_I/UPDATE
                         net (fo=1, routed)           0.596    17.263    user_35t_i/mdm_1/U0/Use_E2.BSCAN_I/Dbg_Update_0
    BUFGCTRL_X0Y3        BUFG (Prop_bufg_I_O)         0.026    17.289 f  user_35t_i/mdm_1/U0/Use_E2.BSCAN_I/Dbg_Update_0_BUFG_inst/O
                         net (fo=40, routed)          0.640    17.929    user_35t_i/mdm_1/U0/MDM_Core_I1/JTAG_CONTROL_I/Use_BSCAN.FDC_I/CLK
    SLICE_X44Y137        FDCE                                         r  user_35t_i/mdm_1/U0/MDM_Core_I1/JTAG_CONTROL_I/Use_BSCAN.FDC_I/Using_FPGA.Native/C  (IS_INVERTED)
  -------------------------------------------------------------------    -------------------
    SLICE_X44Y137        FDCE (Prop_fdce_C_Q)         0.146    18.075 f  user_35t_i/mdm_1/U0/MDM_Core_I1/JTAG_CONTROL_I/Use_BSCAN.FDC_I/Using_FPGA.Native/Q
                         net (fo=16, routed)          0.197    18.272    user_35t_i/mdm_1/U0/MDM_Core_I1/JTAG_CONTROL_I/Use_BSCAN.FDC_I/Q_0
    SLICE_X44Y137        LUT1 (Prop_lut1_I0_O)        0.045    18.317 r  user_35t_i/mdm_1/U0/MDM_Core_I1/JTAG_CONTROL_I/Use_BSCAN.FDC_I/Using_FPGA.Native_i_1__0/O
                         net (fo=2, routed)           0.000    18.317    user_35t_i/mdm_1/U0/MDM_Core_I1/JTAG_CONTROL_I/Use_BSCAN.FDC_I/D
    SLICE_X44Y137        FDCE                                         r  user_35t_i/mdm_1/U0/MDM_Core_I1/JTAG_CONTROL_I/Use_BSCAN.FDC_I/Using_FPGA.Native/D
  -------------------------------------------------------------------    -------------------

                         (clock user_35t_i/mdm_1/U0/Use_E2.BSCAN_I/Use_E2.BSCANE2_I/UPDATE fall edge)
                                                     16.667    16.667 f  
    BSCAN_X0Y1           BSCANE2                      0.000    16.667 f  user_35t_i/mdm_1/U0/Use_E2.BSCAN_I/Use_E2.BSCANE2_I/UPDATE
                         net (fo=1, routed)           0.696    17.363    user_35t_i/mdm_1/U0/Use_E2.BSCAN_I/Dbg_Update_0
    BUFGCTRL_X0Y3        BUFG (Prop_bufg_I_O)         0.029    17.392 f  user_35t_i/mdm_1/U0/Use_E2.BSCAN_I/Dbg_Update_0_BUFG_inst/O
                         net (fo=40, routed)          0.913    18.305    user_35t_i/mdm_1/U0/MDM_Core_I1/JTAG_CONTROL_I/Use_BSCAN.FDC_I/CLK
    SLICE_X44Y137        FDCE                                         r  user_35t_i/mdm_1/U0/MDM_Core_I1/JTAG_CONTROL_I/Use_BSCAN.FDC_I/Using_FPGA.Native/C  (IS_INVERTED)
                         clock pessimism             -0.376    17.929    
    SLICE_X44Y137        FDCE (Hold_fdce_C_D)         0.098    18.027    user_35t_i/mdm_1/U0/MDM_Core_I1/JTAG_CONTROL_I/Use_BSCAN.FDC_I/Using_FPGA.Native
  -------------------------------------------------------------------
                         required time                        -18.027    
                         arrival time                          18.317    
  -------------------------------------------------------------------
                         slack                                  0.290    

Slack (MET) :             0.331ns  (arrival time - required time)
  Source:                 user_35t_i/mdm_1/U0/MDM_Core_I1/JTAG_CONTROL_I/Debug_SYS_Rst_i_reg/C
                            (rising edge-triggered cell FDRE clocked by user_35t_i/mdm_1/U0/Use_E2.BSCAN_I/Use_E2.BSCANE2_I/UPDATE  {rise@0.000ns fall@16.667ns period=33.333ns})
  Destination:            user_35t_i/mdm_1/U0/MDM_Core_I1/JTAG_CONTROL_I/Debug_SYS_Rst_i_reg/D
                            (rising edge-triggered cell FDRE clocked by user_35t_i/mdm_1/U0/Use_E2.BSCAN_I/Use_E2.BSCANE2_I/UPDATE  {rise@0.000ns fall@16.667ns period=33.333ns})
  Path Group:             user_35t_i/mdm_1/U0/Use_E2.BSCAN_I/Use_E2.BSCANE2_I/UPDATE
  Path Type:              Hold (Min at Fast Process Corner)
  Requirement:            0.000ns  (user_35t_i/mdm_1/U0/Use_E2.BSCAN_I/Use_E2.BSCANE2_I/UPDATE rise@0.000ns - user_35t_i/mdm_1/U0/Use_E2.BSCAN_I/Use_E2.BSCANE2_I/UPDATE rise@0.000ns)
  Data Path Delay:        0.423ns  (logic 0.186ns (43.997%)  route 0.237ns (56.003%))
  Logic Levels:           1  (LUT6=1)
  Clock Path Skew:        0.000ns (DCD - SCD - CPR)
    Destination Clock Delay (DCD):    1.640ns
    Source Clock Delay      (SCD):    1.263ns
    Clock Pessimism Removal (CPR):    0.377ns

    Location             Delay type                Incr(ns)  Path(ns)    Netlist Resource(s)
  -------------------------------------------------------------------    -------------------
                         (clock user_35t_i/mdm_1/U0/Use_E2.BSCAN_I/Use_E2.BSCANE2_I/UPDATE rise edge)
                                                      0.000     0.000 r  
    BSCAN_X0Y1           BSCANE2                      0.000     0.000 r  user_35t_i/mdm_1/U0/Use_E2.BSCAN_I/Use_E2.BSCANE2_I/UPDATE
                         net (fo=1, routed)           0.596     0.596    user_35t_i/mdm_1/U0/Use_E2.BSCAN_I/Dbg_Update_0
    BUFGCTRL_X0Y3        BUFG (Prop_bufg_I_O)         0.026     0.622 r  user_35t_i/mdm_1/U0/Use_E2.BSCAN_I/Dbg_Update_0_BUFG_inst/O
                         net (fo=40, routed)          0.641     1.263    user_35t_i/mdm_1/U0/MDM_Core_I1/JTAG_CONTROL_I/CLK
    SLICE_X44Y139        FDRE                                         r  user_35t_i/mdm_1/U0/MDM_Core_I1/JTAG_CONTROL_I/Debug_SYS_Rst_i_reg/C
  -------------------------------------------------------------------    -------------------
    SLICE_X44Y139        FDRE (Prop_fdre_C_Q)         0.141     1.404 r  user_35t_i/mdm_1/U0/MDM_Core_I1/JTAG_CONTROL_I/Debug_SYS_Rst_i_reg/Q
                         net (fo=2, routed)           0.237     1.641    user_35t_i/mdm_1/U0/MDM_Core_I1/JTAG_CONTROL_I/Use_BSCAN.FDC_I/Debug_SYS_Rst
    SLICE_X44Y139        LUT6 (Prop_lut6_I5_O)        0.045     1.686 r  user_35t_i/mdm_1/U0/MDM_Core_I1/JTAG_CONTROL_I/Use_BSCAN.FDC_I/Debug_SYS_Rst_i_i_1/O
                         net (fo=1, routed)           0.000     1.686    user_35t_i/mdm_1/U0/MDM_Core_I1/JTAG_CONTROL_I/Use_BSCAN.FDC_I_n_35
    SLICE_X44Y139        FDRE                                         r  user_35t_i/mdm_1/U0/MDM_Core_I1/JTAG_CONTROL_I/Debug_SYS_Rst_i_reg/D
  -------------------------------------------------------------------    -------------------

                         (clock user_35t_i/mdm_1/U0/Use_E2.BSCAN_I/Use_E2.BSCANE2_I/UPDATE rise edge)
                                                      0.000     0.000 r  
    BSCAN_X0Y1           BSCANE2                      0.000     0.000 r  user_35t_i/mdm_1/U0/Use_E2.BSCAN_I/Use_E2.BSCANE2_I/UPDATE
                         net (fo=1, routed)           0.696     0.696    user_35t_i/mdm_1/U0/Use_E2.BSCAN_I/Dbg_Update_0
    BUFGCTRL_X0Y3        BUFG (Prop_bufg_I_O)         0.029     0.725 r  user_35t_i/mdm_1/U0/Use_E2.BSCAN_I/Dbg_Update_0_BUFG_inst/O
                         net (fo=40, routed)          0.915     1.640    user_35t_i/mdm_1/U0/MDM_Core_I1/JTAG_CONTROL_I/CLK
    SLICE_X44Y139        FDRE                                         r  user_35t_i/mdm_1/U0/MDM_Core_I1/JTAG_CONTROL_I/Debug_SYS_Rst_i_reg/C
                         clock pessimism             -0.377     1.263    
    SLICE_X44Y139        FDRE (Hold_fdre_C_D)         0.092     1.355    user_35t_i/mdm_1/U0/MDM_Core_I1/JTAG_CONTROL_I/Debug_SYS_Rst_i_reg
  -------------------------------------------------------------------
                         required time                         -1.355    
                         arrival time                           1.686    
  -------------------------------------------------------------------
                         slack                                  0.331    

Slack (MET) :             0.650ns  (arrival time - required time)
  Source:                 user_35t_i/mdm_1/U0/MDM_Core_I1/Use_BSCAN.PORT_Selector_reg[3]/C
                            (falling edge-triggered cell FDCE clocked by user_35t_i/mdm_1/U0/Use_E2.BSCAN_I/Use_E2.BSCANE2_I/UPDATE  {rise@0.000ns fall@16.667ns period=33.333ns})
  Destination:            user_35t_i/mdm_1/U0/MDM_Core_I1/JTAG_CONTROL_I/Use_BSCAN.command_reg[0]/CE
                            (falling edge-triggered cell FDRE clocked by user_35t_i/mdm_1/U0/Use_E2.BSCAN_I/Use_E2.BSCANE2_I/UPDATE  {rise@0.000ns fall@16.667ns period=33.333ns})
  Path Group:             user_35t_i/mdm_1/U0/Use_E2.BSCAN_I/Use_E2.BSCANE2_I/UPDATE
  Path Type:              Hold (Min at Fast Process Corner)
  Requirement:            0.000ns  (user_35t_i/mdm_1/U0/Use_E2.BSCAN_I/Use_E2.BSCANE2_I/UPDATE fall@16.667ns - user_35t_i/mdm_1/U0/Use_E2.BSCAN_I/Use_E2.BSCANE2_I/UPDATE fall@16.667ns)
  Data Path Delay:        0.635ns  (logic 0.212ns (33.381%)  route 0.423ns (66.618%))
  Logic Levels:           1  (LUT5=1)
  Clock Path Skew:        0.017ns (DCD - SCD - CPR)
    Destination Clock Delay (DCD):    1.640ns = ( 18.307 - 16.667 ) 
    Source Clock Delay      (SCD):    1.263ns = ( 17.930 - 16.667 ) 
    Clock Pessimism Removal (CPR):    0.360ns

    Location             Delay type                Incr(ns)  Path(ns)    Netlist Resource(s)
  -------------------------------------------------------------------    -------------------
                         (clock user_35t_i/mdm_1/U0/Use_E2.BSCAN_I/Use_E2.BSCANE2_I/UPDATE fall edge)
                                                     16.667    16.667 f  
    BSCAN_X0Y1           BSCANE2                      0.000    16.667 f  user_35t_i/mdm_1/U0/Use_E2.BSCAN_I/Use_E2.BSCANE2_I/UPDATE
                         net (fo=1, routed)           0.596    17.263    user_35t_i/mdm_1/U0/Use_E2.BSCAN_I/Dbg_Update_0
    BUFGCTRL_X0Y3        BUFG (Prop_bufg_I_O)         0.026    17.289 f  user_35t_i/mdm_1/U0/Use_E2.BSCAN_I/Dbg_Update_0_BUFG_inst/O
                         net (fo=40, routed)          0.641    17.930    user_35t_i/mdm_1/U0/MDM_Core_I1/CLK
    SLICE_X42Y138        FDCE                                         r  user_35t_i/mdm_1/U0/MDM_Core_I1/Use_BSCAN.PORT_Selector_reg[3]/C  (IS_INVERTED)
  -------------------------------------------------------------------    -------------------
    SLICE_X42Y138        FDCE (Prop_fdce_C_Q)         0.167    18.097 f  user_35t_i/mdm_1/U0/MDM_Core_I1/Use_BSCAN.PORT_Selector_reg[3]/Q
                         net (fo=8, routed)           0.186    18.282    user_35t_i/mdm_1/U0/MDM_Core_I1/JTAG_CONTROL_I/Q[3]
    SLICE_X42Y139        LUT5 (Prop_lut5_I3_O)        0.045    18.327 r  user_35t_i/mdm_1/U0/MDM_Core_I1/JTAG_CONTROL_I/Use_BSCAN.command[0]_i_1/O
                         net (fo=8, routed)           0.237    18.565    user_35t_i/mdm_1/U0/MDM_Core_I1/JTAG_CONTROL_I/Use_BSCAN.command[0]_i_1_n_0
    SLICE_X43Y140        FDRE                                         r  user_35t_i/mdm_1/U0/MDM_Core_I1/JTAG_CONTROL_I/Use_BSCAN.command_reg[0]/CE
  -------------------------------------------------------------------    -------------------

                         (clock user_35t_i/mdm_1/U0/Use_E2.BSCAN_I/Use_E2.BSCANE2_I/UPDATE fall edge)
                                                     16.667    16.667 f  
    BSCAN_X0Y1           BSCANE2                      0.000    16.667 f  user_35t_i/mdm_1/U0/Use_E2.BSCAN_I/Use_E2.BSCANE2_I/UPDATE
                         net (fo=1, routed)           0.696    17.363    user_35t_i/mdm_1/U0/Use_E2.BSCAN_I/Dbg_Update_0
    BUFGCTRL_X0Y3        BUFG (Prop_bufg_I_O)         0.029    17.392 f  user_35t_i/mdm_1/U0/Use_E2.BSCAN_I/Dbg_Update_0_BUFG_inst/O
                         net (fo=40, routed)          0.915    18.307    user_35t_i/mdm_1/U0/MDM_Core_I1/JTAG_CONTROL_I/CLK
    SLICE_X43Y140        FDRE                                         r  user_35t_i/mdm_1/U0/MDM_Core_I1/JTAG_CONTROL_I/Use_BSCAN.command_reg[0]/C  (IS_INVERTED)
                         clock pessimism             -0.360    17.947    
    SLICE_X43Y140        FDRE (Hold_fdre_C_CE)       -0.032    17.915    user_35t_i/mdm_1/U0/MDM_Core_I1/JTAG_CONTROL_I/Use_BSCAN.command_reg[0]
  -------------------------------------------------------------------
                         required time                        -17.915    
                         arrival time                          18.565    
  -------------------------------------------------------------------
                         slack                                  0.650    

Slack (MET) :             0.650ns  (arrival time - required time)
  Source:                 user_35t_i/mdm_1/U0/MDM_Core_I1/Use_BSCAN.PORT_Selector_reg[3]/C
                            (falling edge-triggered cell FDCE clocked by user_35t_i/mdm_1/U0/Use_E2.BSCAN_I/Use_E2.BSCANE2_I/UPDATE  {rise@0.000ns fall@16.667ns period=33.333ns})
  Destination:            user_35t_i/mdm_1/U0/MDM_Core_I1/JTAG_CONTROL_I/Use_BSCAN.command_reg[2]/CE
                            (falling edge-triggered cell FDRE clocked by user_35t_i/mdm_1/U0/Use_E2.BSCAN_I/Use_E2.BSCANE2_I/UPDATE  {rise@0.000ns fall@16.667ns period=33.333ns})
  Path Group:             user_35t_i/mdm_1/U0/Use_E2.BSCAN_I/Use_E2.BSCANE2_I/UPDATE
  Path Type:              Hold (Min at Fast Process Corner)
  Requirement:            0.000ns  (user_35t_i/mdm_1/U0/Use_E2.BSCAN_I/Use_E2.BSCANE2_I/UPDATE fall@16.667ns - user_35t_i/mdm_1/U0/Use_E2.BSCAN_I/Use_E2.BSCANE2_I/UPDATE fall@16.667ns)
  Data Path Delay:        0.635ns  (logic 0.212ns (33.381%)  route 0.423ns (66.618%))
  Logic Levels:           1  (LUT5=1)
  Clock Path Skew:        0.017ns (DCD - SCD - CPR)
    Destination Clock Delay (DCD):    1.640ns = ( 18.307 - 16.667 ) 
    Source Clock Delay      (SCD):    1.263ns = ( 17.930 - 16.667 ) 
    Clock Pessimism Removal (CPR):    0.360ns

    Location             Delay type                Incr(ns)  Path(ns)    Netlist Resource(s)
  -------------------------------------------------------------------    -------------------
                         (clock user_35t_i/mdm_1/U0/Use_E2.BSCAN_I/Use_E2.BSCANE2_I/UPDATE fall edge)
                                                     16.667    16.667 f  
    BSCAN_X0Y1           BSCANE2                      0.000    16.667 f  user_35t_i/mdm_1/U0/Use_E2.BSCAN_I/Use_E2.BSCANE2_I/UPDATE
                         net (fo=1, routed)           0.596    17.263    user_35t_i/mdm_1/U0/Use_E2.BSCAN_I/Dbg_Update_0
    BUFGCTRL_X0Y3        BUFG (Prop_bufg_I_O)         0.026    17.289 f  user_35t_i/mdm_1/U0/Use_E2.BSCAN_I/Dbg_Update_0_BUFG_inst/O
                         net (fo=40, routed)          0.641    17.930    user_35t_i/mdm_1/U0/MDM_Core_I1/CLK
    SLICE_X42Y138        FDCE                                         r  user_35t_i/mdm_1/U0/MDM_Core_I1/Use_BSCAN.PORT_Selector_reg[3]/C  (IS_INVERTED)
  -------------------------------------------------------------------    -------------------
    SLICE_X42Y138        FDCE (Prop_fdce_C_Q)         0.167    18.097 f  user_35t_i/mdm_1/U0/MDM_Core_I1/Use_BSCAN.PORT_Selector_reg[3]/Q
                         net (fo=8, routed)           0.186    18.282    user_35t_i/mdm_1/U0/MDM_Core_I1/JTAG_CONTROL_I/Q[3]
    SLICE_X42Y139        LUT5 (Prop_lut5_I3_O)        0.045    18.327 r  user_35t_i/mdm_1/U0/MDM_Core_I1/JTAG_CONTROL_I/Use_BSCAN.command[0]_i_1/O
                         net (fo=8, routed)           0.237    18.565    user_35t_i/mdm_1/U0/MDM_Core_I1/JTAG_CONTROL_I/Use_BSCAN.command[0]_i_1_n_0
    SLICE_X43Y140        FDRE                                         r  user_35t_i/mdm_1/U0/MDM_Core_I1/JTAG_CONTROL_I/Use_BSCAN.command_reg[2]/CE
  -------------------------------------------------------------------    -------------------

                         (clock user_35t_i/mdm_1/U0/Use_E2.BSCAN_I/Use_E2.BSCANE2_I/UPDATE fall edge)
                                                     16.667    16.667 f  
    BSCAN_X0Y1           BSCANE2                      0.000    16.667 f  user_35t_i/mdm_1/U0/Use_E2.BSCAN_I/Use_E2.BSCANE2_I/UPDATE
                         net (fo=1, routed)           0.696    17.363    user_35t_i/mdm_1/U0/Use_E2.BSCAN_I/Dbg_Update_0
    BUFGCTRL_X0Y3        BUFG (Prop_bufg_I_O)         0.029    17.392 f  user_35t_i/mdm_1/U0/Use_E2.BSCAN_I/Dbg_Update_0_BUFG_inst/O
                         net (fo=40, routed)          0.915    18.307    user_35t_i/mdm_1/U0/MDM_Core_I1/JTAG_CONTROL_I/CLK
    SLICE_X43Y140        FDRE                                         r  user_35t_i/mdm_1/U0/MDM_Core_I1/JTAG_CONTROL_I/Use_BSCAN.command_reg[2]/C  (IS_INVERTED)
                         clock pessimism             -0.360    17.947    
    SLICE_X43Y140        FDRE (Hold_fdre_C_CE)       -0.032    17.915    user_35t_i/mdm_1/U0/MDM_Core_I1/JTAG_CONTROL_I/Use_BSCAN.command_reg[2]
  -------------------------------------------------------------------
                         required time                        -17.915    
                         arrival time                          18.565    
  -------------------------------------------------------------------
                         slack                                  0.650    

Slack (MET) :             0.650ns  (arrival time - required time)
  Source:                 user_35t_i/mdm_1/U0/MDM_Core_I1/Use_BSCAN.PORT_Selector_reg[3]/C
                            (falling edge-triggered cell FDCE clocked by user_35t_i/mdm_1/U0/Use_E2.BSCAN_I/Use_E2.BSCANE2_I/UPDATE  {rise@0.000ns fall@16.667ns period=33.333ns})
  Destination:            user_35t_i/mdm_1/U0/MDM_Core_I1/JTAG_CONTROL_I/Use_BSCAN.command_reg[5]/CE
                            (falling edge-triggered cell FDRE clocked by user_35t_i/mdm_1/U0/Use_E2.BSCAN_I/Use_E2.BSCANE2_I/UPDATE  {rise@0.000ns fall@16.667ns period=33.333ns})
  Path Group:             user_35t_i/mdm_1/U0/Use_E2.BSCAN_I/Use_E2.BSCANE2_I/UPDATE
  Path Type:              Hold (Min at Fast Process Corner)
  Requirement:            0.000ns  (user_35t_i/mdm_1/U0/Use_E2.BSCAN_I/Use_E2.BSCANE2_I/UPDATE fall@16.667ns - user_35t_i/mdm_1/U0/Use_E2.BSCAN_I/Use_E2.BSCANE2_I/UPDATE fall@16.667ns)
  Data Path Delay:        0.635ns  (logic 0.212ns (33.381%)  route 0.423ns (66.618%))
  Logic Levels:           1  (LUT5=1)
  Clock Path Skew:        0.017ns (DCD - SCD - CPR)
    Destination Clock Delay (DCD):    1.640ns = ( 18.307 - 16.667 ) 
    Source Clock Delay      (SCD):    1.263ns = ( 17.930 - 16.667 ) 
    Clock Pessimism Removal (CPR):    0.360ns

    Location             Delay type                Incr(ns)  Path(ns)    Netlist Resource(s)
  -------------------------------------------------------------------    -------------------
                         (clock user_35t_i/mdm_1/U0/Use_E2.BSCAN_I/Use_E2.BSCANE2_I/UPDATE fall edge)
                                                     16.667    16.667 f  
    BSCAN_X0Y1           BSCANE2                      0.000    16.667 f  user_35t_i/mdm_1/U0/Use_E2.BSCAN_I/Use_E2.BSCANE2_I/UPDATE
                         net (fo=1, routed)           0.596    17.263    user_35t_i/mdm_1/U0/Use_E2.BSCAN_I/Dbg_Update_0
    BUFGCTRL_X0Y3        BUFG (Prop_bufg_I_O)         0.026    17.289 f  user_35t_i/mdm_1/U0/Use_E2.BSCAN_I/Dbg_Update_0_BUFG_inst/O
                         net (fo=40, routed)          0.641    17.930    user_35t_i/mdm_1/U0/MDM_Core_I1/CLK
    SLICE_X42Y138        FDCE                                         r  user_35t_i/mdm_1/U0/MDM_Core_I1/Use_BSCAN.PORT_Selector_reg[3]/C  (IS_INVERTED)
  -------------------------------------------------------------------    -------------------
    SLICE_X42Y138        FDCE (Prop_fdce_C_Q)         0.167    18.097 f  user_35t_i/mdm_1/U0/MDM_Core_I1/Use_BSCAN.PORT_Selector_reg[3]/Q
                         net (fo=8, routed)           0.186    18.282    user_35t_i/mdm_1/U0/MDM_Core_I1/JTAG_CONTROL_I/Q[3]
    SLICE_X42Y139        LUT5 (Prop_lut5_I3_O)        0.045    18.327 r  user_35t_i/mdm_1/U0/MDM_Core_I1/JTAG_CONTROL_I/Use_BSCAN.command[0]_i_1/O
                         net (fo=8, routed)           0.237    18.565    user_35t_i/mdm_1/U0/MDM_Core_I1/JTAG_CONTROL_I/Use_BSCAN.command[0]_i_1_n_0
    SLICE_X43Y140        FDRE                                         r  user_35t_i/mdm_1/U0/MDM_Core_I1/JTAG_CONTROL_I/Use_BSCAN.command_reg[5]/CE
  -------------------------------------------------------------------    -------------------

                         (clock user_35t_i/mdm_1/U0/Use_E2.BSCAN_I/Use_E2.BSCANE2_I/UPDATE fall edge)
                                                     16.667    16.667 f  
    BSCAN_X0Y1           BSCANE2                      0.000    16.667 f  user_35t_i/mdm_1/U0/Use_E2.BSCAN_I/Use_E2.BSCANE2_I/UPDATE
                         net (fo=1, routed)           0.696    17.363    user_35t_i/mdm_1/U0/Use_E2.BSCAN_I/Dbg_Update_0
    BUFGCTRL_X0Y3        BUFG (Prop_bufg_I_O)         0.029    17.392 f  user_35t_i/mdm_1/U0/Use_E2.BSCAN_I/Dbg_Update_0_BUFG_inst/O
                         net (fo=40, routed)          0.915    18.307    user_35t_i/mdm_1/U0/MDM_Core_I1/JTAG_CONTROL_I/CLK
    SLICE_X43Y140        FDRE                                         r  user_35t_i/mdm_1/U0/MDM_Core_I1/JTAG_CONTROL_I/Use_BSCAN.command_reg[5]/C  (IS_INVERTED)
                         clock pessimism             -0.360    17.947    
    SLICE_X43Y140        FDRE (Hold_fdre_C_CE)       -0.032    17.915    user_35t_i/mdm_1/U0/MDM_Core_I1/JTAG_CONTROL_I/Use_BSCAN.command_reg[5]
  -------------------------------------------------------------------
                         required time                        -17.915    
                         arrival time                          18.565    
  -------------------------------------------------------------------
                         slack                                  0.650    

Slack (MET) :             0.650ns  (arrival time - required time)
  Source:                 user_35t_i/mdm_1/U0/MDM_Core_I1/Use_BSCAN.PORT_Selector_reg[3]/C
                            (falling edge-triggered cell FDCE clocked by user_35t_i/mdm_1/U0/Use_E2.BSCAN_I/Use_E2.BSCANE2_I/UPDATE  {rise@0.000ns fall@16.667ns period=33.333ns})
  Destination:            user_35t_i/mdm_1/U0/MDM_Core_I1/JTAG_CONTROL_I/Use_BSCAN.command_reg[6]/CE
                            (falling edge-triggered cell FDRE clocked by user_35t_i/mdm_1/U0/Use_E2.BSCAN_I/Use_E2.BSCANE2_I/UPDATE  {rise@0.000ns fall@16.667ns period=33.333ns})
  Path Group:             user_35t_i/mdm_1/U0/Use_E2.BSCAN_I/Use_E2.BSCANE2_I/UPDATE
  Path Type:              Hold (Min at Fast Process Corner)
  Requirement:            0.000ns  (user_35t_i/mdm_1/U0/Use_E2.BSCAN_I/Use_E2.BSCANE2_I/UPDATE fall@16.667ns - user_35t_i/mdm_1/U0/Use_E2.BSCAN_I/Use_E2.BSCANE2_I/UPDATE fall@16.667ns)
  Data Path Delay:        0.635ns  (logic 0.212ns (33.381%)  route 0.423ns (66.618%))
  Logic Levels:           1  (LUT5=1)
  Clock Path Skew:        0.017ns (DCD - SCD - CPR)
    Destination Clock Delay (DCD):    1.640ns = ( 18.307 - 16.667 ) 
    Source Clock Delay      (SCD):    1.263ns = ( 17.930 - 16.667 ) 
    Clock Pessimism Removal (CPR):    0.360ns

    Location             Delay type                Incr(ns)  Path(ns)    Netlist Resource(s)
  -------------------------------------------------------------------    -------------------
                         (clock user_35t_i/mdm_1/U0/Use_E2.BSCAN_I/Use_E2.BSCANE2_I/UPDATE fall edge)
                                                     16.667    16.667 f  
    BSCAN_X0Y1           BSCANE2                      0.000    16.667 f  user_35t_i/mdm_1/U0/Use_E2.BSCAN_I/Use_E2.BSCANE2_I/UPDATE
                         net (fo=1, routed)           0.596    17.263    user_35t_i/mdm_1/U0/Use_E2.BSCAN_I/Dbg_Update_0
    BUFGCTRL_X0Y3        BUFG (Prop_bufg_I_O)         0.026    17.289 f  user_35t_i/mdm_1/U0/Use_E2.BSCAN_I/Dbg_Update_0_BUFG_inst/O
                         net (fo=40, routed)          0.641    17.930    user_35t_i/mdm_1/U0/MDM_Core_I1/CLK
    SLICE_X42Y138        FDCE                                         r  user_35t_i/mdm_1/U0/MDM_Core_I1/Use_BSCAN.PORT_Selector_reg[3]/C  (IS_INVERTED)
  -------------------------------------------------------------------    -------------------
    SLICE_X42Y138        FDCE (Prop_fdce_C_Q)         0.167    18.097 f  user_35t_i/mdm_1/U0/MDM_Core_I1/Use_BSCAN.PORT_Selector_reg[3]/Q
                         net (fo=8, routed)           0.186    18.282    user_35t_i/mdm_1/U0/MDM_Core_I1/JTAG_CONTROL_I/Q[3]
    SLICE_X42Y139        LUT5 (Prop_lut5_I3_O)        0.045    18.327 r  user_35t_i/mdm_1/U0/MDM_Core_I1/JTAG_CONTROL_I/Use_BSCAN.command[0]_i_1/O
                         net (fo=8, routed)           0.237    18.565    user_35t_i/mdm_1/U0/MDM_Core_I1/JTAG_CONTROL_I/Use_BSCAN.command[0]_i_1_n_0
    SLICE_X43Y140        FDRE                                         r  user_35t_i/mdm_1/U0/MDM_Core_I1/JTAG_CONTROL_I/Use_BSCAN.command_reg[6]/CE
  -------------------------------------------------------------------    -------------------

                         (clock user_35t_i/mdm_1/U0/Use_E2.BSCAN_I/Use_E2.BSCANE2_I/UPDATE fall edge)
                                                     16.667    16.667 f  
    BSCAN_X0Y1           BSCANE2                      0.000    16.667 f  user_35t_i/mdm_1/U0/Use_E2.BSCAN_I/Use_E2.BSCANE2_I/UPDATE
                         net (fo=1, routed)           0.696    17.363    user_35t_i/mdm_1/U0/Use_E2.BSCAN_I/Dbg_Update_0
    BUFGCTRL_X0Y3        BUFG (Prop_bufg_I_O)         0.029    17.392 f  user_35t_i/mdm_1/U0/Use_E2.BSCAN_I/Dbg_Update_0_BUFG_inst/O
                         net (fo=40, routed)          0.915    18.307    user_35t_i/mdm_1/U0/MDM_Core_I1/JTAG_CONTROL_I/CLK
    SLICE_X43Y140        FDRE                                         r  user_35t_i/mdm_1/U0/MDM_Core_I1/JTAG_CONTROL_I/Use_BSCAN.command_reg[6]/C  (IS_INVERTED)
                         clock pessimism             -0.360    17.947    
    SLICE_X43Y140        FDRE (Hold_fdre_C_CE)       -0.032    17.915    user_35t_i/mdm_1/U0/MDM_Core_I1/JTAG_CONTROL_I/Use_BSCAN.command_reg[6]
  -------------------------------------------------------------------
                         required time                        -17.915    
                         arrival time                          18.565    
  -------------------------------------------------------------------
                         slack                                  0.650    

Slack (MET) :             0.706ns  (arrival time - required time)
  Source:                 user_35t_i/mdm_1/U0/MDM_Core_I1/Use_BSCAN.PORT_Selector_reg[3]/C
                            (falling edge-triggered cell FDCE clocked by user_35t_i/mdm_1/U0/Use_E2.BSCAN_I/Use_E2.BSCANE2_I/UPDATE  {rise@0.000ns fall@16.667ns period=33.333ns})
  Destination:            user_35t_i/mdm_1/U0/MDM_Core_I1/JTAG_CONTROL_I/Use_BSCAN.command_reg[1]/CE
                            (falling edge-triggered cell FDRE clocked by user_35t_i/mdm_1/U0/Use_E2.BSCAN_I/Use_E2.BSCANE2_I/UPDATE  {rise@0.000ns fall@16.667ns period=33.333ns})
  Path Group:             user_35t_i/mdm_1/U0/Use_E2.BSCAN_I/Use_E2.BSCANE2_I/UPDATE
  Path Type:              Hold (Min at Fast Process Corner)
  Requirement:            0.000ns  (user_35t_i/mdm_1/U0/Use_E2.BSCAN_I/Use_E2.BSCANE2_I/UPDATE fall@16.667ns - user_35t_i/mdm_1/U0/Use_E2.BSCAN_I/Use_E2.BSCANE2_I/UPDATE fall@16.667ns)
  Data Path Delay:        0.691ns  (logic 0.212ns (30.680%)  route 0.479ns (69.320%))
  Logic Levels:           1  (LUT5=1)
  Clock Path Skew:        0.017ns (DCD - SCD - CPR)
    Destination Clock Delay (DCD):    1.640ns = ( 18.307 - 16.667 ) 
    Source Clock Delay      (SCD):    1.263ns = ( 17.930 - 16.667 ) 
    Clock Pessimism Removal (CPR):    0.360ns

    Location             Delay type                Incr(ns)  Path(ns)    Netlist Resource(s)
  -------------------------------------------------------------------    -------------------
                         (clock user_35t_i/mdm_1/U0/Use_E2.BSCAN_I/Use_E2.BSCANE2_I/UPDATE fall edge)
                                                     16.667    16.667 f  
    BSCAN_X0Y1           BSCANE2                      0.000    16.667 f  user_35t_i/mdm_1/U0/Use_E2.BSCAN_I/Use_E2.BSCANE2_I/UPDATE
                         net (fo=1, routed)           0.596    17.263    user_35t_i/mdm_1/U0/Use_E2.BSCAN_I/Dbg_Update_0
    BUFGCTRL_X0Y3        BUFG (Prop_bufg_I_O)         0.026    17.289 f  user_35t_i/mdm_1/U0/Use_E2.BSCAN_I/Dbg_Update_0_BUFG_inst/O
                         net (fo=40, routed)          0.641    17.930    user_35t_i/mdm_1/U0/MDM_Core_I1/CLK
    SLICE_X42Y138        FDCE                                         r  user_35t_i/mdm_1/U0/MDM_Core_I1/Use_BSCAN.PORT_Selector_reg[3]/C  (IS_INVERTED)
  -------------------------------------------------------------------    -------------------
    SLICE_X42Y138        FDCE (Prop_fdce_C_Q)         0.167    18.097 f  user_35t_i/mdm_1/U0/MDM_Core_I1/Use_BSCAN.PORT_Selector_reg[3]/Q
                         net (fo=8, routed)           0.186    18.282    user_35t_i/mdm_1/U0/MDM_Core_I1/JTAG_CONTROL_I/Q[3]
    SLICE_X42Y139        LUT5 (Prop_lut5_I3_O)        0.045    18.327 r  user_35t_i/mdm_1/U0/MDM_Core_I1/JTAG_CONTROL_I/Use_BSCAN.command[0]_i_1/O
                         net (fo=8, routed)           0.293    18.621    user_35t_i/mdm_1/U0/MDM_Core_I1/JTAG_CONTROL_I/Use_BSCAN.command[0]_i_1_n_0
    SLICE_X43Y141        FDRE                                         r  user_35t_i/mdm_1/U0/MDM_Core_I1/JTAG_CONTROL_I/Use_BSCAN.command_reg[1]/CE
  -------------------------------------------------------------------    -------------------

                         (clock user_35t_i/mdm_1/U0/Use_E2.BSCAN_I/Use_E2.BSCANE2_I/UPDATE fall edge)
                                                     16.667    16.667 f  
    BSCAN_X0Y1           BSCANE2                      0.000    16.667 f  user_35t_i/mdm_1/U0/Use_E2.BSCAN_I/Use_E2.BSCANE2_I/UPDATE
                         net (fo=1, routed)           0.696    17.363    user_35t_i/mdm_1/U0/Use_E2.BSCAN_I/Dbg_Update_0
    BUFGCTRL_X0Y3        BUFG (Prop_bufg_I_O)         0.029    17.392 f  user_35t_i/mdm_1/U0/Use_E2.BSCAN_I/Dbg_Update_0_BUFG_inst/O
                         net (fo=40, routed)          0.915    18.307    user_35t_i/mdm_1/U0/MDM_Core_I1/JTAG_CONTROL_I/CLK
    SLICE_X43Y141        FDRE                                         r  user_35t_i/mdm_1/U0/MDM_Core_I1/JTAG_CONTROL_I/Use_BSCAN.command_reg[1]/C  (IS_INVERTED)
                         clock pessimism             -0.360    17.947    
    SLICE_X43Y141        FDRE (Hold_fdre_C_CE)       -0.032    17.915    user_35t_i/mdm_1/U0/MDM_Core_I1/JTAG_CONTROL_I/Use_BSCAN.command_reg[1]
  -------------------------------------------------------------------
                         required time                        -17.915    
                         arrival time                          18.621    
  -------------------------------------------------------------------
                         slack                                  0.706    

Slack (MET) :             0.706ns  (arrival time - required time)
  Source:                 user_35t_i/mdm_1/U0/MDM_Core_I1/Use_BSCAN.PORT_Selector_reg[3]/C
                            (falling edge-triggered cell FDCE clocked by user_35t_i/mdm_1/U0/Use_E2.BSCAN_I/Use_E2.BSCANE2_I/UPDATE  {rise@0.000ns fall@16.667ns period=33.333ns})
  Destination:            user_35t_i/mdm_1/U0/MDM_Core_I1/JTAG_CONTROL_I/Use_BSCAN.command_reg[3]/CE
                            (falling edge-triggered cell FDRE clocked by user_35t_i/mdm_1/U0/Use_E2.BSCAN_I/Use_E2.BSCANE2_I/UPDATE  {rise@0.000ns fall@16.667ns period=33.333ns})
  Path Group:             user_35t_i/mdm_1/U0/Use_E2.BSCAN_I/Use_E2.BSCANE2_I/UPDATE
  Path Type:              Hold (Min at Fast Process Corner)
  Requirement:            0.000ns  (user_35t_i/mdm_1/U0/Use_E2.BSCAN_I/Use_E2.BSCANE2_I/UPDATE fall@16.667ns - user_35t_i/mdm_1/U0/Use_E2.BSCAN_I/Use_E2.BSCANE2_I/UPDATE fall@16.667ns)
  Data Path Delay:        0.691ns  (logic 0.212ns (30.680%)  route 0.479ns (69.320%))
  Logic Levels:           1  (LUT5=1)
  Clock Path Skew:        0.017ns (DCD - SCD - CPR)
    Destination Clock Delay (DCD):    1.640ns = ( 18.307 - 16.667 ) 
    Source Clock Delay      (SCD):    1.263ns = ( 17.930 - 16.667 ) 
    Clock Pessimism Removal (CPR):    0.360ns

    Location             Delay type                Incr(ns)  Path(ns)    Netlist Resource(s)
  -------------------------------------------------------------------    -------------------
                         (clock user_35t_i/mdm_1/U0/Use_E2.BSCAN_I/Use_E2.BSCANE2_I/UPDATE fall edge)
                                                     16.667    16.667 f  
    BSCAN_X0Y1           BSCANE2                      0.000    16.667 f  user_35t_i/mdm_1/U0/Use_E2.BSCAN_I/Use_E2.BSCANE2_I/UPDATE
                         net (fo=1, routed)           0.596    17.263    user_35t_i/mdm_1/U0/Use_E2.BSCAN_I/Dbg_Update_0
    BUFGCTRL_X0Y3        BUFG (Prop_bufg_I_O)         0.026    17.289 f  user_35t_i/mdm_1/U0/Use_E2.BSCAN_I/Dbg_Update_0_BUFG_inst/O
                         net (fo=40, routed)          0.641    17.930    user_35t_i/mdm_1/U0/MDM_Core_I1/CLK
    SLICE_X42Y138        FDCE                                         r  user_35t_i/mdm_1/U0/MDM_Core_I1/Use_BSCAN.PORT_Selector_reg[3]/C  (IS_INVERTED)
  -------------------------------------------------------------------    -------------------
    SLICE_X42Y138        FDCE (Prop_fdce_C_Q)         0.167    18.097 f  user_35t_i/mdm_1/U0/MDM_Core_I1/Use_BSCAN.PORT_Selector_reg[3]/Q
                         net (fo=8, routed)           0.186    18.282    user_35t_i/mdm_1/U0/MDM_Core_I1/JTAG_CONTROL_I/Q[3]
    SLICE_X42Y139        LUT5 (Prop_lut5_I3_O)        0.045    18.327 r  user_35t_i/mdm_1/U0/MDM_Core_I1/JTAG_CONTROL_I/Use_BSCAN.command[0]_i_1/O
                         net (fo=8, routed)           0.293    18.621    user_35t_i/mdm_1/U0/MDM_Core_I1/JTAG_CONTROL_I/Use_BSCAN.command[0]_i_1_n_0
    SLICE_X43Y141        FDRE                                         r  user_35t_i/mdm_1/U0/MDM_Core_I1/JTAG_CONTROL_I/Use_BSCAN.command_reg[3]/CE
  -------------------------------------------------------------------    -------------------

                         (clock user_35t_i/mdm_1/U0/Use_E2.BSCAN_I/Use_E2.BSCANE2_I/UPDATE fall edge)
                                                     16.667    16.667 f  
    BSCAN_X0Y1           BSCANE2                      0.000    16.667 f  user_35t_i/mdm_1/U0/Use_E2.BSCAN_I/Use_E2.BSCANE2_I/UPDATE
                         net (fo=1, routed)           0.696    17.363    user_35t_i/mdm_1/U0/Use_E2.BSCAN_I/Dbg_Update_0
    BUFGCTRL_X0Y3        BUFG (Prop_bufg_I_O)         0.029    17.392 f  user_35t_i/mdm_1/U0/Use_E2.BSCAN_I/Dbg_Update_0_BUFG_inst/O
                         net (fo=40, routed)          0.915    18.307    user_35t_i/mdm_1/U0/MDM_Core_I1/JTAG_CONTROL_I/CLK
    SLICE_X43Y141        FDRE                                         r  user_35t_i/mdm_1/U0/MDM_Core_I1/JTAG_CONTROL_I/Use_BSCAN.command_reg[3]/C  (IS_INVERTED)
                         clock pessimism             -0.360    17.947    
    SLICE_X43Y141        FDRE (Hold_fdre_C_CE)       -0.032    17.915    user_35t_i/mdm_1/U0/MDM_Core_I1/JTAG_CONTROL_I/Use_BSCAN.command_reg[3]
  -------------------------------------------------------------------
                         required time                        -17.915    
                         arrival time                          18.621    
  -------------------------------------------------------------------
                         slack                                  0.706    





Pulse Width Checks
--------------------------------------------------------------------------------------
Clock Name:         user_35t_i/mdm_1/U0/Use_E2.BSCAN_I/Use_E2.BSCANE2_I/UPDATE
Waveform(ns):       { 0.000 16.667 }
Period(ns):         33.333
Sources:            { user_35t_i/mdm_1/U0/Use_E2.BSCAN_I/Use_E2.BSCANE2_I/UPDATE }

Check Type        Corner  Lib Pin  Reference Pin  Required(ns)  Actual(ns)  Slack(ns)  Location       Pin
Min Period        n/a     BUFG/I   n/a            2.155         33.333      31.178     BUFGCTRL_X0Y3  user_35t_i/mdm_1/U0/Use_E2.BSCAN_I/Dbg_Update_0_BUFG_inst/I
Min Period        n/a     FDCE/C   n/a            1.000         33.333      32.333     SLICE_X18Y139  user_35t_i/microblaze_0/U0/MicroBlaze_Core_I/Performance.Core/Use_Debug_Logic.Master_Core.Debug_Perf/Serial_Dbg_Intf.command_reg_reg[0]/C
Min Period        n/a     FDCE/C   n/a            1.000         33.333      32.333     SLICE_X18Y139  user_35t_i/microblaze_0/U0/MicroBlaze_Core_I/Performance.Core/Use_Debug_Logic.Master_Core.Debug_Perf/Serial_Dbg_Intf.command_reg_reg[1]/C
Min Period        n/a     FDCE/C   n/a            1.000         33.333      32.333     SLICE_X10Y136  user_35t_i/microblaze_0/U0/MicroBlaze_Core_I/Performance.Core/Use_Debug_Logic.Master_Core.Debug_Perf/Serial_Dbg_Intf.continue_from_brk_TClk_reg/C
Min Period        n/a     FDRE/C   n/a            1.000         33.333      32.333     SLICE_X11Y135  user_35t_i/microblaze_0/U0/MicroBlaze_Core_I/Performance.Core/Use_Debug_Logic.Master_Core.Debug_Perf/Serial_Dbg_Intf.control_reg_reg[0]/C
Min Period        n/a     FDRE/C   n/a            1.000         33.333      32.333     SLICE_X10Y135  user_35t_i/microblaze_0/U0/MicroBlaze_Core_I/Performance.Core/Use_Debug_Logic.Master_Core.Debug_Perf/Serial_Dbg_Intf.control_reg_reg[3]/C
Min Period        n/a     FDRE/C   n/a            1.000         33.333      32.333     SLICE_X10Y135  user_35t_i/microblaze_0/U0/MicroBlaze_Core_I/Performance.Core/Use_Debug_Logic.Master_Core.Debug_Perf/Serial_Dbg_Intf.control_reg_reg[4]/C
Min Period        n/a     FDRE/C   n/a            1.000         33.333      32.333     SLICE_X10Y135  user_35t_i/microblaze_0/U0/MicroBlaze_Core_I/Performance.Core/Use_Debug_Logic.Master_Core.Debug_Perf/Serial_Dbg_Intf.control_reg_reg[5]/C
Min Period        n/a     FDRE/C   n/a            1.000         33.333      32.333     SLICE_X17Y135  user_35t_i/microblaze_0/U0/MicroBlaze_Core_I/Performance.Core/Use_Debug_Logic.Master_Core.Debug_Perf/Serial_Dbg_Intf.control_reg_reg[8]/C
Min Period        n/a     FDCE/C   n/a            1.000         33.333      32.333     SLICE_X4Y135   user_35t_i/microblaze_0/U0/MicroBlaze_Core_I/Performance.Core/Use_Debug_Logic.Master_Core.Debug_Perf/Serial_Dbg_Intf.force_stop_TClk_reg/C
Low Pulse Width   Fast    FDCE/C   n/a            0.500         16.666      16.166     SLICE_X42Y139  user_35t_i/mdm_1/U0/MDM_Core_I1/Use_BSCAN.PORT_Selector_1_reg[0]/C
Low Pulse Width   Fast    FDCE/C   n/a            0.500         16.666      16.166     SLICE_X42Y139  user_35t_i/mdm_1/U0/MDM_Core_I1/Use_BSCAN.PORT_Selector_1_reg[1]/C
Low Pulse Width   Fast    FDCE/C   n/a            0.500         16.666      16.166     SLICE_X42Y139  user_35t_i/mdm_1/U0/MDM_Core_I1/Use_BSCAN.PORT_Selector_1_reg[2]/C
Low Pulse Width   Fast    FDCE/C   n/a            0.500         16.666      16.166     SLICE_X42Y139  user_35t_i/mdm_1/U0/MDM_Core_I1/Use_BSCAN.PORT_Selector_1_reg[3]/C
Low Pulse Width   Fast    FDRE/C   n/a            0.500         16.666      16.166     SLICE_X17Y135  user_35t_i/microblaze_0/U0/MicroBlaze_Core_I/Performance.Core/Use_Debug_Logic.Master_Core.Debug_Perf/Serial_Dbg_Intf.control_reg_reg[8]/C
Low Pulse Width   Fast    FDCE/C   n/a            0.500         16.666      16.166     SLICE_X4Y135   user_35t_i/microblaze_0/U0/MicroBlaze_Core_I/Performance.Core/Use_Debug_Logic.Master_Core.Debug_Perf/Serial_Dbg_Intf.force_stop_TClk_reg/C
Low Pulse Width   Fast    FDRE/C   n/a            0.500         16.666      16.166     SLICE_X44Y139  user_35t_i/mdm_1/U0/MDM_Core_I1/JTAG_CONTROL_I/Debug_Rst_i_reg/C
Low Pulse Width   Fast    FDRE/C   n/a            0.500         16.666      16.166     SLICE_X44Y139  user_35t_i/mdm_1/U0/MDM_Core_I1/JTAG_CONTROL_I/Debug_SYS_Rst_i_reg/C
Low Pulse Width   Slow    FDCE/C   n/a            0.500         16.666      16.166     SLICE_X44Y137  user_35t_i/mdm_1/U0/MDM_Core_I1/JTAG_CONTROL_I/Use_BSCAN.FDC_I/Using_FPGA.Native/C
Low Pulse Width   Fast    FDRE/C   n/a            0.500         16.666      16.166     SLICE_X46Y139  user_35t_i/mdm_1/U0/MDM_Core_I1/JTAG_CONTROL_I/completion_ctrl_reg[0]/C
High Pulse Width  Fast    FDCE/C   n/a            0.500         16.666      16.166     SLICE_X42Y138  user_35t_i/mdm_1/U0/MDM_Core_I1/Use_BSCAN.PORT_Selector_reg[2]/C
High Pulse Width  Fast    FDCE/C   n/a            0.500         16.666      16.166     SLICE_X42Y138  user_35t_i/mdm_1/U0/MDM_Core_I1/Use_BSCAN.PORT_Selector_reg[3]/C
High Pulse Width  Slow    FDRE/C   n/a            0.500         16.666      16.166     SLICE_X44Y139  user_35t_i/mdm_1/U0/MDM_Core_I1/JTAG_CONTROL_I/Debug_Rst_i_reg/C
High Pulse Width  Slow    FDRE/C   n/a            0.500         16.666      16.166     SLICE_X44Y139  user_35t_i/mdm_1/U0/MDM_Core_I1/JTAG_CONTROL_I/Debug_SYS_Rst_i_reg/C
High Pulse Width  Fast    FDCE/C   n/a            0.500         16.666      16.166     SLICE_X44Y137  user_35t_i/mdm_1/U0/MDM_Core_I1/JTAG_CONTROL_I/Use_BSCAN.FDC_I/Using_FPGA.Native/C
High Pulse Width  Slow    FDRE/C   n/a            0.500         16.666      16.166     SLICE_X44Y140  user_35t_i/mdm_1/U0/MDM_Core_I1/JTAG_CONTROL_I/command_1_reg[0]/C
High Pulse Width  Slow    FDRE/C   n/a            0.500         16.666      16.166     SLICE_X44Y140  user_35t_i/mdm_1/U0/MDM_Core_I1/JTAG_CONTROL_I/command_1_reg[2]/C
High Pulse Width  Slow    FDRE/C   n/a            0.500         16.666      16.166     SLICE_X44Y140  user_35t_i/mdm_1/U0/MDM_Core_I1/JTAG_CONTROL_I/command_1_reg[3]/C
High Pulse Width  Slow    FDRE/C   n/a            0.500         16.666      16.166     SLICE_X44Y140  user_35t_i/mdm_1/U0/MDM_Core_I1/JTAG_CONTROL_I/command_1_reg[4]/C
High Pulse Width  Slow    FDRE/C   n/a            0.500         16.666      16.166     SLICE_X44Y140  user_35t_i/mdm_1/U0/MDM_Core_I1/JTAG_CONTROL_I/command_1_reg[5]/C



---------------------------------------------------------------------------------------------------
From Clock:  clk_out1_user_35t_clk_wiz_0_0
  To Clock:  dbg_hub/inst/BSCANID.u_xsdbm_id/SWITCH_N_EXT_BSCAN.bscan_inst/SERIES7_BSCAN.bscan_inst/TCK

Setup :            0  Failing Endpoints,  Worst Slack        8.677ns,  Total Violation        0.000ns
Hold  :           NA  Failing Endpoints,  Worst Slack           NA  ,  Total Violation           NA
---------------------------------------------------------------------------------------------------


Max Delay Paths
--------------------------------------------------------------------------------------
Slack (MET) :             8.677ns  (required time - arrival time)
  Source:                 dbg_hub/inst/BSCANID.u_xsdbm_id/CORE_XSDB.UUT_MASTER/U_ICON_INTERFACE/U_CMD6_WR/U_WR_FIFO/SUBCORE_FIFO.xsdbm_v3_0_0_wrfifo_inst/inst_fifo_gen/gconvfifo.rf/grf.rf/gntv_or_sync_fifo.gcx.clkx/gnxpm_cdc.rd_pntr_gc_reg[2]/C
                            (rising edge-triggered cell FDCE clocked by clk_out1_user_35t_clk_wiz_0_0  {rise@0.000ns fall@5.000ns period=10.000ns})
  Destination:            dbg_hub/inst/BSCANID.u_xsdbm_id/CORE_XSDB.UUT_MASTER/U_ICON_INTERFACE/U_CMD6_WR/U_WR_FIFO/SUBCORE_FIFO.xsdbm_v3_0_0_wrfifo_inst/inst_fifo_gen/gconvfifo.rf/grf.rf/gntv_or_sync_fifo.gcx.clkx/gnxpm_cdc.gsync_stage[1].wr_stg_inst/Q_reg_reg[2]/D
                            (rising edge-triggered cell FDCE clocked by dbg_hub/inst/BSCANID.u_xsdbm_id/SWITCH_N_EXT_BSCAN.bscan_inst/SERIES7_BSCAN.bscan_inst/TCK  {rise@0.000ns fall@16.500ns period=33.000ns})
  Path Group:             dbg_hub/inst/BSCANID.u_xsdbm_id/SWITCH_N_EXT_BSCAN.bscan_inst/SERIES7_BSCAN.bscan_inst/TCK
  Path Type:              Setup (Max at Slow Process Corner)
  Requirement:            10.000ns  (MaxDelay Path 10.000ns)
  Data Path Delay:        1.056ns  (logic 0.419ns (39.687%)  route 0.637ns (60.313%))
  Logic Levels:           0  
  Timing Exception:       MaxDelay Path 10.000ns -datapath_only

    Location             Delay type                Incr(ns)  Path(ns)    Netlist Resource(s)
  -------------------------------------------------------------------    -------------------
    SLICE_X37Y6                                       0.000     0.000 r  dbg_hub/inst/BSCANID.u_xsdbm_id/CORE_XSDB.UUT_MASTER/U_ICON_INTERFACE/U_CMD6_WR/U_WR_FIFO/SUBCORE_FIFO.xsdbm_v3_0_0_wrfifo_inst/inst_fifo_gen/gconvfifo.rf/grf.rf/gntv_or_sync_fifo.gcx.clkx/gnxpm_cdc.rd_pntr_gc_reg[2]/C
    SLICE_X37Y6          FDCE (Prop_fdce_C_Q)         0.419     0.419 r  dbg_hub/inst/BSCANID.u_xsdbm_id/CORE_XSDB.UUT_MASTER/U_ICON_INTERFACE/U_CMD6_WR/U_WR_FIFO/SUBCORE_FIFO.xsdbm_v3_0_0_wrfifo_inst/inst_fifo_gen/gconvfifo.rf/grf.rf/gntv_or_sync_fifo.gcx.clkx/gnxpm_cdc.rd_pntr_gc_reg[2]/Q
                         net (fo=1, routed)           0.637     1.056    dbg_hub/inst/BSCANID.u_xsdbm_id/CORE_XSDB.UUT_MASTER/U_ICON_INTERFACE/U_CMD6_WR/U_WR_FIFO/SUBCORE_FIFO.xsdbm_v3_0_0_wrfifo_inst/inst_fifo_gen/gconvfifo.rf/grf.rf/gntv_or_sync_fifo.gcx.clkx/gnxpm_cdc.gsync_stage[1].wr_stg_inst/Q[2]
    SLICE_X36Y5          FDCE                                         r  dbg_hub/inst/BSCANID.u_xsdbm_id/CORE_XSDB.UUT_MASTER/U_ICON_INTERFACE/U_CMD6_WR/U_WR_FIFO/SUBCORE_FIFO.xsdbm_v3_0_0_wrfifo_inst/inst_fifo_gen/gconvfifo.rf/grf.rf/gntv_or_sync_fifo.gcx.clkx/gnxpm_cdc.gsync_stage[1].wr_stg_inst/Q_reg_reg[2]/D
  -------------------------------------------------------------------    -------------------

                         max delay                   10.000    10.000    
    SLICE_X36Y5          FDCE (Setup_fdce_C_D)       -0.267     9.733    dbg_hub/inst/BSCANID.u_xsdbm_id/CORE_XSDB.UUT_MASTER/U_ICON_INTERFACE/U_CMD6_WR/U_WR_FIFO/SUBCORE_FIFO.xsdbm_v3_0_0_wrfifo_inst/inst_fifo_gen/gconvfifo.rf/grf.rf/gntv_or_sync_fifo.gcx.clkx/gnxpm_cdc.gsync_stage[1].wr_stg_inst/Q_reg_reg[2]
  -------------------------------------------------------------------
                         required time                          9.733    
                         arrival time                          -1.056    
  -------------------------------------------------------------------
                         slack                                  8.677    

Slack (MET) :             8.680ns  (required time - arrival time)
  Source:                 dbg_hub/inst/BSCANID.u_xsdbm_id/CORE_XSDB.UUT_MASTER/U_ICON_INTERFACE/U_CMD6_RD/U_RD_FIFO/SUBCORE_FIFO.xsdbm_v3_0_0_rdfifo_inst/inst_fifo_gen/gconvfifo.rf/grf.rf/gntv_or_sync_fifo.gcx.clkx/gnxpm_cdc.wr_pntr_gc_reg[3]/C
                            (rising edge-triggered cell FDCE clocked by clk_out1_user_35t_clk_wiz_0_0  {rise@0.000ns fall@5.000ns period=10.000ns})
  Destination:            dbg_hub/inst/BSCANID.u_xsdbm_id/CORE_XSDB.UUT_MASTER/U_ICON_INTERFACE/U_CMD6_RD/U_RD_FIFO/SUBCORE_FIFO.xsdbm_v3_0_0_rdfifo_inst/inst_fifo_gen/gconvfifo.rf/grf.rf/gntv_or_sync_fifo.gcx.clkx/gnxpm_cdc.gsync_stage[1].rd_stg_inst/Q_reg_reg[3]/D
                            (rising edge-triggered cell FDCE clocked by dbg_hub/inst/BSCANID.u_xsdbm_id/SWITCH_N_EXT_BSCAN.bscan_inst/SERIES7_BSCAN.bscan_inst/TCK  {rise@0.000ns fall@16.500ns period=33.000ns})
  Path Group:             dbg_hub/inst/BSCANID.u_xsdbm_id/SWITCH_N_EXT_BSCAN.bscan_inst/SERIES7_BSCAN.bscan_inst/TCK
  Path Type:              Setup (Max at Slow Process Corner)
  Requirement:            10.000ns  (MaxDelay Path 10.000ns)
  Data Path Delay:        1.053ns  (logic 0.419ns (39.804%)  route 0.634ns (60.196%))
  Logic Levels:           0  
  Timing Exception:       MaxDelay Path 10.000ns -datapath_only

    Location             Delay type                Incr(ns)  Path(ns)    Netlist Resource(s)
  -------------------------------------------------------------------    -------------------
    SLICE_X44Y20                                      0.000     0.000 r  dbg_hub/inst/BSCANID.u_xsdbm_id/CORE_XSDB.UUT_MASTER/U_ICON_INTERFACE/U_CMD6_RD/U_RD_FIFO/SUBCORE_FIFO.xsdbm_v3_0_0_rdfifo_inst/inst_fifo_gen/gconvfifo.rf/grf.rf/gntv_or_sync_fifo.gcx.clkx/gnxpm_cdc.wr_pntr_gc_reg[3]/C
    SLICE_X44Y20         FDCE (Prop_fdce_C_Q)         0.419     0.419 r  dbg_hub/inst/BSCANID.u_xsdbm_id/CORE_XSDB.UUT_MASTER/U_ICON_INTERFACE/U_CMD6_RD/U_RD_FIFO/SUBCORE_FIFO.xsdbm_v3_0_0_rdfifo_inst/inst_fifo_gen/gconvfifo.rf/grf.rf/gntv_or_sync_fifo.gcx.clkx/gnxpm_cdc.wr_pntr_gc_reg[3]/Q
                         net (fo=1, routed)           0.634     1.053    dbg_hub/inst/BSCANID.u_xsdbm_id/CORE_XSDB.UUT_MASTER/U_ICON_INTERFACE/U_CMD6_RD/U_RD_FIFO/SUBCORE_FIFO.xsdbm_v3_0_0_rdfifo_inst/inst_fifo_gen/gconvfifo.rf/grf.rf/gntv_or_sync_fifo.gcx.clkx/gnxpm_cdc.gsync_stage[1].rd_stg_inst/Q[3]
    SLICE_X45Y22         FDCE                                         r  dbg_hub/inst/BSCANID.u_xsdbm_id/CORE_XSDB.UUT_MASTER/U_ICON_INTERFACE/U_CMD6_RD/U_RD_FIFO/SUBCORE_FIFO.xsdbm_v3_0_0_rdfifo_inst/inst_fifo_gen/gconvfifo.rf/grf.rf/gntv_or_sync_fifo.gcx.clkx/gnxpm_cdc.gsync_stage[1].rd_stg_inst/Q_reg_reg[3]/D
  -------------------------------------------------------------------    -------------------

                         max delay                   10.000    10.000    
    SLICE_X45Y22         FDCE (Setup_fdce_C_D)       -0.267     9.733    dbg_hub/inst/BSCANID.u_xsdbm_id/CORE_XSDB.UUT_MASTER/U_ICON_INTERFACE/U_CMD6_RD/U_RD_FIFO/SUBCORE_FIFO.xsdbm_v3_0_0_rdfifo_inst/inst_fifo_gen/gconvfifo.rf/grf.rf/gntv_or_sync_fifo.gcx.clkx/gnxpm_cdc.gsync_stage[1].rd_stg_inst/Q_reg_reg[3]
  -------------------------------------------------------------------
                         required time                          9.733    
                         arrival time                          -1.053    
  -------------------------------------------------------------------
                         slack                                  8.680    

Slack (MET) :             8.686ns  (required time - arrival time)
  Source:                 dbg_hub/inst/BSCANID.u_xsdbm_id/CORE_XSDB.UUT_MASTER/U_ICON_INTERFACE/U_CMD6_WR/U_WR_FIFO/SUBCORE_FIFO.xsdbm_v3_0_0_wrfifo_inst/inst_fifo_gen/gconvfifo.rf/grf.rf/gntv_or_sync_fifo.gcx.clkx/gnxpm_cdc.rd_pntr_gc_reg[0]/C
                            (rising edge-triggered cell FDCE clocked by clk_out1_user_35t_clk_wiz_0_0  {rise@0.000ns fall@5.000ns period=10.000ns})
  Destination:            dbg_hub/inst/BSCANID.u_xsdbm_id/CORE_XSDB.UUT_MASTER/U_ICON_INTERFACE/U_CMD6_WR/U_WR_FIFO/SUBCORE_FIFO.xsdbm_v3_0_0_wrfifo_inst/inst_fifo_gen/gconvfifo.rf/grf.rf/gntv_or_sync_fifo.gcx.clkx/gnxpm_cdc.gsync_stage[1].wr_stg_inst/Q_reg_reg[0]/D
                            (rising edge-triggered cell FDCE clocked by dbg_hub/inst/BSCANID.u_xsdbm_id/SWITCH_N_EXT_BSCAN.bscan_inst/SERIES7_BSCAN.bscan_inst/TCK  {rise@0.000ns fall@16.500ns period=33.000ns})
  Path Group:             dbg_hub/inst/BSCANID.u_xsdbm_id/SWITCH_N_EXT_BSCAN.bscan_inst/SERIES7_BSCAN.bscan_inst/TCK
  Path Type:              Setup (Max at Slow Process Corner)
  Requirement:            10.000ns  (MaxDelay Path 10.000ns)
  Data Path Delay:        1.044ns  (logic 0.419ns (40.150%)  route 0.625ns (59.850%))
  Logic Levels:           0  
  Timing Exception:       MaxDelay Path 10.000ns -datapath_only

    Location             Delay type                Incr(ns)  Path(ns)    Netlist Resource(s)
  -------------------------------------------------------------------    -------------------
    SLICE_X37Y6                                       0.000     0.000 r  dbg_hub/inst/BSCANID.u_xsdbm_id/CORE_XSDB.UUT_MASTER/U_ICON_INTERFACE/U_CMD6_WR/U_WR_FIFO/SUBCORE_FIFO.xsdbm_v3_0_0_wrfifo_inst/inst_fifo_gen/gconvfifo.rf/grf.rf/gntv_or_sync_fifo.gcx.clkx/gnxpm_cdc.rd_pntr_gc_reg[0]/C
    SLICE_X37Y6          FDCE (Prop_fdce_C_Q)         0.419     0.419 r  dbg_hub/inst/BSCANID.u_xsdbm_id/CORE_XSDB.UUT_MASTER/U_ICON_INTERFACE/U_CMD6_WR/U_WR_FIFO/SUBCORE_FIFO.xsdbm_v3_0_0_wrfifo_inst/inst_fifo_gen/gconvfifo.rf/grf.rf/gntv_or_sync_fifo.gcx.clkx/gnxpm_cdc.rd_pntr_gc_reg[0]/Q
                         net (fo=1, routed)           0.625     1.044    dbg_hub/inst/BSCANID.u_xsdbm_id/CORE_XSDB.UUT_MASTER/U_ICON_INTERFACE/U_CMD6_WR/U_WR_FIFO/SUBCORE_FIFO.xsdbm_v3_0_0_wrfifo_inst/inst_fifo_gen/gconvfifo.rf/grf.rf/gntv_or_sync_fifo.gcx.clkx/gnxpm_cdc.gsync_stage[1].wr_stg_inst/Q[0]
    SLICE_X36Y7          FDCE                                         r  dbg_hub/inst/BSCANID.u_xsdbm_id/CORE_XSDB.UUT_MASTER/U_ICON_INTERFACE/U_CMD6_WR/U_WR_FIFO/SUBCORE_FIFO.xsdbm_v3_0_0_wrfifo_inst/inst_fifo_gen/gconvfifo.rf/grf.rf/gntv_or_sync_fifo.gcx.clkx/gnxpm_cdc.gsync_stage[1].wr_stg_inst/Q_reg_reg[0]/D
  -------------------------------------------------------------------    -------------------

                         max delay                   10.000    10.000    
    SLICE_X36Y7          FDCE (Setup_fdce_C_D)       -0.270     9.730    dbg_hub/inst/BSCANID.u_xsdbm_id/CORE_XSDB.UUT_MASTER/U_ICON_INTERFACE/U_CMD6_WR/U_WR_FIFO/SUBCORE_FIFO.xsdbm_v3_0_0_wrfifo_inst/inst_fifo_gen/gconvfifo.rf/grf.rf/gntv_or_sync_fifo.gcx.clkx/gnxpm_cdc.gsync_stage[1].wr_stg_inst/Q_reg_reg[0]
  -------------------------------------------------------------------
                         required time                          9.730    
                         arrival time                          -1.044    
  -------------------------------------------------------------------
                         slack                                  8.686    

Slack (MET) :             8.720ns  (required time - arrival time)
  Source:                 dbg_hub/inst/BSCANID.u_xsdbm_id/CORE_XSDB.UUT_MASTER/U_ICON_INTERFACE/U_CMD6_WR/U_WR_FIFO/SUBCORE_FIFO.xsdbm_v3_0_0_wrfifo_inst/inst_fifo_gen/gconvfifo.rf/grf.rf/gntv_or_sync_fifo.gcx.clkx/gnxpm_cdc.rd_pntr_gc_reg[3]/C
                            (rising edge-triggered cell FDCE clocked by clk_out1_user_35t_clk_wiz_0_0  {rise@0.000ns fall@5.000ns period=10.000ns})
  Destination:            dbg_hub/inst/BSCANID.u_xsdbm_id/CORE_XSDB.UUT_MASTER/U_ICON_INTERFACE/U_CMD6_WR/U_WR_FIFO/SUBCORE_FIFO.xsdbm_v3_0_0_wrfifo_inst/inst_fifo_gen/gconvfifo.rf/grf.rf/gntv_or_sync_fifo.gcx.clkx/gnxpm_cdc.gsync_stage[1].wr_stg_inst/Q_reg_reg[3]/D
                            (rising edge-triggered cell FDCE clocked by dbg_hub/inst/BSCANID.u_xsdbm_id/SWITCH_N_EXT_BSCAN.bscan_inst/SERIES7_BSCAN.bscan_inst/TCK  {rise@0.000ns fall@16.500ns period=33.000ns})
  Path Group:             dbg_hub/inst/BSCANID.u_xsdbm_id/SWITCH_N_EXT_BSCAN.bscan_inst/SERIES7_BSCAN.bscan_inst/TCK
  Path Type:              Setup (Max at Slow Process Corner)
  Requirement:            10.000ns  (MaxDelay Path 10.000ns)
  Data Path Delay:        1.187ns  (logic 0.456ns (38.425%)  route 0.731ns (61.575%))
  Logic Levels:           0  
  Timing Exception:       MaxDelay Path 10.000ns -datapath_only

    Location             Delay type                Incr(ns)  Path(ns)    Netlist Resource(s)
  -------------------------------------------------------------------    -------------------
    SLICE_X36Y6                                       0.000     0.000 r  dbg_hub/inst/BSCANID.u_xsdbm_id/CORE_XSDB.UUT_MASTER/U_ICON_INTERFACE/U_CMD6_WR/U_WR_FIFO/SUBCORE_FIFO.xsdbm_v3_0_0_wrfifo_inst/inst_fifo_gen/gconvfifo.rf/grf.rf/gntv_or_sync_fifo.gcx.clkx/gnxpm_cdc.rd_pntr_gc_reg[3]/C
    SLICE_X36Y6          FDCE (Prop_fdce_C_Q)         0.456     0.456 r  dbg_hub/inst/BSCANID.u_xsdbm_id/CORE_XSDB.UUT_MASTER/U_ICON_INTERFACE/U_CMD6_WR/U_WR_FIFO/SUBCORE_FIFO.xsdbm_v3_0_0_wrfifo_inst/inst_fifo_gen/gconvfifo.rf/grf.rf/gntv_or_sync_fifo.gcx.clkx/gnxpm_cdc.rd_pntr_gc_reg[3]/Q
                         net (fo=1, routed)           0.731     1.187    dbg_hub/inst/BSCANID.u_xsdbm_id/CORE_XSDB.UUT_MASTER/U_ICON_INTERFACE/U_CMD6_WR/U_WR_FIFO/SUBCORE_FIFO.xsdbm_v3_0_0_wrfifo_inst/inst_fifo_gen/gconvfifo.rf/grf.rf/gntv_or_sync_fifo.gcx.clkx/gnxpm_cdc.gsync_stage[1].wr_stg_inst/Q[3]
    SLICE_X36Y5          FDCE                                         r  dbg_hub/inst/BSCANID.u_xsdbm_id/CORE_XSDB.UUT_MASTER/U_ICON_INTERFACE/U_CMD6_WR/U_WR_FIFO/SUBCORE_FIFO.xsdbm_v3_0_0_wrfifo_inst/inst_fifo_gen/gconvfifo.rf/grf.rf/gntv_or_sync_fifo.gcx.clkx/gnxpm_cdc.gsync_stage[1].wr_stg_inst/Q_reg_reg[3]/D
  -------------------------------------------------------------------    -------------------

                         max delay                   10.000    10.000    
    SLICE_X36Y5          FDCE (Setup_fdce_C_D)       -0.093     9.907    dbg_hub/inst/BSCANID.u_xsdbm_id/CORE_XSDB.UUT_MASTER/U_ICON_INTERFACE/U_CMD6_WR/U_WR_FIFO/SUBCORE_FIFO.xsdbm_v3_0_0_wrfifo_inst/inst_fifo_gen/gconvfifo.rf/grf.rf/gntv_or_sync_fifo.gcx.clkx/gnxpm_cdc.gsync_stage[1].wr_stg_inst/Q_reg_reg[3]
  -------------------------------------------------------------------
                         required time                          9.907    
                         arrival time                          -1.187    
  -------------------------------------------------------------------
                         slack                                  8.720    

Slack (MET) :             8.728ns  (required time - arrival time)
  Source:                 dbg_hub/inst/BSCANID.u_xsdbm_id/CORE_XSDB.UUT_MASTER/U_ICON_INTERFACE/U_CMD6_RD/U_RD_FIFO/SUBCORE_FIFO.xsdbm_v3_0_0_rdfifo_inst/inst_fifo_gen/gconvfifo.rf/grf.rf/gntv_or_sync_fifo.gcx.clkx/gnxpm_cdc.wr_pntr_gc_reg[1]/C
                            (rising edge-triggered cell FDCE clocked by clk_out1_user_35t_clk_wiz_0_0  {rise@0.000ns fall@5.000ns period=10.000ns})
  Destination:            dbg_hub/inst/BSCANID.u_xsdbm_id/CORE_XSDB.UUT_MASTER/U_ICON_INTERFACE/U_CMD6_RD/U_RD_FIFO/SUBCORE_FIFO.xsdbm_v3_0_0_rdfifo_inst/inst_fifo_gen/gconvfifo.rf/grf.rf/gntv_or_sync_fifo.gcx.clkx/gnxpm_cdc.gsync_stage[1].rd_stg_inst/Q_reg_reg[1]/D
                            (rising edge-triggered cell FDCE clocked by dbg_hub/inst/BSCANID.u_xsdbm_id/SWITCH_N_EXT_BSCAN.bscan_inst/SERIES7_BSCAN.bscan_inst/TCK  {rise@0.000ns fall@16.500ns period=33.000ns})
  Path Group:             dbg_hub/inst/BSCANID.u_xsdbm_id/SWITCH_N_EXT_BSCAN.bscan_inst/SERIES7_BSCAN.bscan_inst/TCK
  Path Type:              Setup (Max at Slow Process Corner)
  Requirement:            10.000ns  (MaxDelay Path 10.000ns)
  Data Path Delay:        1.004ns  (logic 0.419ns (41.725%)  route 0.585ns (58.275%))
  Logic Levels:           0  
  Timing Exception:       MaxDelay Path 10.000ns -datapath_only

    Location             Delay type                Incr(ns)  Path(ns)    Netlist Resource(s)
  -------------------------------------------------------------------    -------------------
    SLICE_X44Y20                                      0.000     0.000 r  dbg_hub/inst/BSCANID.u_xsdbm_id/CORE_XSDB.UUT_MASTER/U_ICON_INTERFACE/U_CMD6_RD/U_RD_FIFO/SUBCORE_FIFO.xsdbm_v3_0_0_rdfifo_inst/inst_fifo_gen/gconvfifo.rf/grf.rf/gntv_or_sync_fifo.gcx.clkx/gnxpm_cdc.wr_pntr_gc_reg[1]/C
    SLICE_X44Y20         FDCE (Prop_fdce_C_Q)         0.419     0.419 r  dbg_hub/inst/BSCANID.u_xsdbm_id/CORE_XSDB.UUT_MASTER/U_ICON_INTERFACE/U_CMD6_RD/U_RD_FIFO/SUBCORE_FIFO.xsdbm_v3_0_0_rdfifo_inst/inst_fifo_gen/gconvfifo.rf/grf.rf/gntv_or_sync_fifo.gcx.clkx/gnxpm_cdc.wr_pntr_gc_reg[1]/Q
                         net (fo=1, routed)           0.585     1.004    dbg_hub/inst/BSCANID.u_xsdbm_id/CORE_XSDB.UUT_MASTER/U_ICON_INTERFACE/U_CMD6_RD/U_RD_FIFO/SUBCORE_FIFO.xsdbm_v3_0_0_rdfifo_inst/inst_fifo_gen/gconvfifo.rf/grf.rf/gntv_or_sync_fifo.gcx.clkx/gnxpm_cdc.gsync_stage[1].rd_stg_inst/Q[1]
    SLICE_X44Y22         FDCE                                         r  dbg_hub/inst/BSCANID.u_xsdbm_id/CORE_XSDB.UUT_MASTER/U_ICON_INTERFACE/U_CMD6_RD/U_RD_FIFO/SUBCORE_FIFO.xsdbm_v3_0_0_rdfifo_inst/inst_fifo_gen/gconvfifo.rf/grf.rf/gntv_or_sync_fifo.gcx.clkx/gnxpm_cdc.gsync_stage[1].rd_stg_inst/Q_reg_reg[1]/D
  -------------------------------------------------------------------    -------------------

                         max delay                   10.000    10.000    
    SLICE_X44Y22         FDCE (Setup_fdce_C_D)       -0.268     9.732    dbg_hub/inst/BSCANID.u_xsdbm_id/CORE_XSDB.UUT_MASTER/U_ICON_INTERFACE/U_CMD6_RD/U_RD_FIFO/SUBCORE_FIFO.xsdbm_v3_0_0_rdfifo_inst/inst_fifo_gen/gconvfifo.rf/grf.rf/gntv_or_sync_fifo.gcx.clkx/gnxpm_cdc.gsync_stage[1].rd_stg_inst/Q_reg_reg[1]
  -------------------------------------------------------------------
                         required time                          9.732    
                         arrival time                          -1.004    
  -------------------------------------------------------------------
                         slack                                  8.728    

Slack (MET) :             8.811ns  (required time - arrival time)
  Source:                 dbg_hub/inst/BSCANID.u_xsdbm_id/CORE_XSDB.UUT_MASTER/U_ICON_INTERFACE/U_CMD6_RD/U_RD_FIFO/SUBCORE_FIFO.xsdbm_v3_0_0_rdfifo_inst/inst_fifo_gen/gconvfifo.rf/grf.rf/gntv_or_sync_fifo.gcx.clkx/gnxpm_cdc.wr_pntr_gc_reg[0]/C
                            (rising edge-triggered cell FDCE clocked by clk_out1_user_35t_clk_wiz_0_0  {rise@0.000ns fall@5.000ns period=10.000ns})
  Destination:            dbg_hub/inst/BSCANID.u_xsdbm_id/CORE_XSDB.UUT_MASTER/U_ICON_INTERFACE/U_CMD6_RD/U_RD_FIFO/SUBCORE_FIFO.xsdbm_v3_0_0_rdfifo_inst/inst_fifo_gen/gconvfifo.rf/grf.rf/gntv_or_sync_fifo.gcx.clkx/gnxpm_cdc.gsync_stage[1].rd_stg_inst/Q_reg_reg[0]/D
                            (rising edge-triggered cell FDCE clocked by dbg_hub/inst/BSCANID.u_xsdbm_id/SWITCH_N_EXT_BSCAN.bscan_inst/SERIES7_BSCAN.bscan_inst/TCK  {rise@0.000ns fall@16.500ns period=33.000ns})
  Path Group:             dbg_hub/inst/BSCANID.u_xsdbm_id/SWITCH_N_EXT_BSCAN.bscan_inst/SERIES7_BSCAN.bscan_inst/TCK
  Path Type:              Setup (Max at Slow Process Corner)
  Requirement:            10.000ns  (MaxDelay Path 10.000ns)
  Data Path Delay:        1.094ns  (logic 0.456ns (41.698%)  route 0.638ns (58.302%))
  Logic Levels:           0  
  Timing Exception:       MaxDelay Path 10.000ns -datapath_only

    Location             Delay type                Incr(ns)  Path(ns)    Netlist Resource(s)
  -------------------------------------------------------------------    -------------------
    SLICE_X44Y20                                      0.000     0.000 r  dbg_hub/inst/BSCANID.u_xsdbm_id/CORE_XSDB.UUT_MASTER/U_ICON_INTERFACE/U_CMD6_RD/U_RD_FIFO/SUBCORE_FIFO.xsdbm_v3_0_0_rdfifo_inst/inst_fifo_gen/gconvfifo.rf/grf.rf/gntv_or_sync_fifo.gcx.clkx/gnxpm_cdc.wr_pntr_gc_reg[0]/C
    SLICE_X44Y20         FDCE (Prop_fdce_C_Q)         0.456     0.456 r  dbg_hub/inst/BSCANID.u_xsdbm_id/CORE_XSDB.UUT_MASTER/U_ICON_INTERFACE/U_CMD6_RD/U_RD_FIFO/SUBCORE_FIFO.xsdbm_v3_0_0_rdfifo_inst/inst_fifo_gen/gconvfifo.rf/grf.rf/gntv_or_sync_fifo.gcx.clkx/gnxpm_cdc.wr_pntr_gc_reg[0]/Q
                         net (fo=1, routed)           0.638     1.094    dbg_hub/inst/BSCANID.u_xsdbm_id/CORE_XSDB.UUT_MASTER/U_ICON_INTERFACE/U_CMD6_RD/U_RD_FIFO/SUBCORE_FIFO.xsdbm_v3_0_0_rdfifo_inst/inst_fifo_gen/gconvfifo.rf/grf.rf/gntv_or_sync_fifo.gcx.clkx/gnxpm_cdc.gsync_stage[1].rd_stg_inst/Q[0]
    SLICE_X44Y22         FDCE                                         r  dbg_hub/inst/BSCANID.u_xsdbm_id/CORE_XSDB.UUT_MASTER/U_ICON_INTERFACE/U_CMD6_RD/U_RD_FIFO/SUBCORE_FIFO.xsdbm_v3_0_0_rdfifo_inst/inst_fifo_gen/gconvfifo.rf/grf.rf/gntv_or_sync_fifo.gcx.clkx/gnxpm_cdc.gsync_stage[1].rd_stg_inst/Q_reg_reg[0]/D
  -------------------------------------------------------------------    -------------------

                         max delay                   10.000    10.000    
    SLICE_X44Y22         FDCE (Setup_fdce_C_D)       -0.095     9.905    dbg_hub/inst/BSCANID.u_xsdbm_id/CORE_XSDB.UUT_MASTER/U_ICON_INTERFACE/U_CMD6_RD/U_RD_FIFO/SUBCORE_FIFO.xsdbm_v3_0_0_rdfifo_inst/inst_fifo_gen/gconvfifo.rf/grf.rf/gntv_or_sync_fifo.gcx.clkx/gnxpm_cdc.gsync_stage[1].rd_stg_inst/Q_reg_reg[0]
  -------------------------------------------------------------------
                         required time                          9.905    
                         arrival time                          -1.094    
  -------------------------------------------------------------------
                         slack                                  8.811    

Slack (MET) :             8.824ns  (required time - arrival time)
  Source:                 dbg_hub/inst/BSCANID.u_xsdbm_id/CORE_XSDB.UUT_MASTER/U_ICON_INTERFACE/U_CMD6_RD/U_RD_FIFO/SUBCORE_FIFO.xsdbm_v3_0_0_rdfifo_inst/inst_fifo_gen/gconvfifo.rf/grf.rf/gntv_or_sync_fifo.gcx.clkx/gnxpm_cdc.wr_pntr_gc_reg[2]/C
                            (rising edge-triggered cell FDCE clocked by clk_out1_user_35t_clk_wiz_0_0  {rise@0.000ns fall@5.000ns period=10.000ns})
  Destination:            dbg_hub/inst/BSCANID.u_xsdbm_id/CORE_XSDB.UUT_MASTER/U_ICON_INTERFACE/U_CMD6_RD/U_RD_FIFO/SUBCORE_FIFO.xsdbm_v3_0_0_rdfifo_inst/inst_fifo_gen/gconvfifo.rf/grf.rf/gntv_or_sync_fifo.gcx.clkx/gnxpm_cdc.gsync_stage[1].rd_stg_inst/Q_reg_reg[2]/D
                            (rising edge-triggered cell FDCE clocked by dbg_hub/inst/BSCANID.u_xsdbm_id/SWITCH_N_EXT_BSCAN.bscan_inst/SERIES7_BSCAN.bscan_inst/TCK  {rise@0.000ns fall@16.500ns period=33.000ns})
  Path Group:             dbg_hub/inst/BSCANID.u_xsdbm_id/SWITCH_N_EXT_BSCAN.bscan_inst/SERIES7_BSCAN.bscan_inst/TCK
  Path Type:              Setup (Max at Slow Process Corner)
  Requirement:            10.000ns  (MaxDelay Path 10.000ns)
  Data Path Delay:        1.083ns  (logic 0.456ns (42.120%)  route 0.627ns (57.880%))
  Logic Levels:           0  
  Timing Exception:       MaxDelay Path 10.000ns -datapath_only

    Location             Delay type                Incr(ns)  Path(ns)    Netlist Resource(s)
  -------------------------------------------------------------------    -------------------
    SLICE_X44Y20                                      0.000     0.000 r  dbg_hub/inst/BSCANID.u_xsdbm_id/CORE_XSDB.UUT_MASTER/U_ICON_INTERFACE/U_CMD6_RD/U_RD_FIFO/SUBCORE_FIFO.xsdbm_v3_0_0_rdfifo_inst/inst_fifo_gen/gconvfifo.rf/grf.rf/gntv_or_sync_fifo.gcx.clkx/gnxpm_cdc.wr_pntr_gc_reg[2]/C
    SLICE_X44Y20         FDCE (Prop_fdce_C_Q)         0.456     0.456 r  dbg_hub/inst/BSCANID.u_xsdbm_id/CORE_XSDB.UUT_MASTER/U_ICON_INTERFACE/U_CMD6_RD/U_RD_FIFO/SUBCORE_FIFO.xsdbm_v3_0_0_rdfifo_inst/inst_fifo_gen/gconvfifo.rf/grf.rf/gntv_or_sync_fifo.gcx.clkx/gnxpm_cdc.wr_pntr_gc_reg[2]/Q
                         net (fo=1, routed)           0.627     1.083    dbg_hub/inst/BSCANID.u_xsdbm_id/CORE_XSDB.UUT_MASTER/U_ICON_INTERFACE/U_CMD6_RD/U_RD_FIFO/SUBCORE_FIFO.xsdbm_v3_0_0_rdfifo_inst/inst_fifo_gen/gconvfifo.rf/grf.rf/gntv_or_sync_fifo.gcx.clkx/gnxpm_cdc.gsync_stage[1].rd_stg_inst/Q[2]
    SLICE_X44Y22         FDCE                                         r  dbg_hub/inst/BSCANID.u_xsdbm_id/CORE_XSDB.UUT_MASTER/U_ICON_INTERFACE/U_CMD6_RD/U_RD_FIFO/SUBCORE_FIFO.xsdbm_v3_0_0_rdfifo_inst/inst_fifo_gen/gconvfifo.rf/grf.rf/gntv_or_sync_fifo.gcx.clkx/gnxpm_cdc.gsync_stage[1].rd_stg_inst/Q_reg_reg[2]/D
  -------------------------------------------------------------------    -------------------

                         max delay                   10.000    10.000    
    SLICE_X44Y22         FDCE (Setup_fdce_C_D)       -0.093     9.907    dbg_hub/inst/BSCANID.u_xsdbm_id/CORE_XSDB.UUT_MASTER/U_ICON_INTERFACE/U_CMD6_RD/U_RD_FIFO/SUBCORE_FIFO.xsdbm_v3_0_0_rdfifo_inst/inst_fifo_gen/gconvfifo.rf/grf.rf/gntv_or_sync_fifo.gcx.clkx/gnxpm_cdc.gsync_stage[1].rd_stg_inst/Q_reg_reg[2]
  -------------------------------------------------------------------
                         required time                          9.907    
                         arrival time                          -1.083    
  -------------------------------------------------------------------
                         slack                                  8.824    

Slack (MET) :             9.008ns  (required time - arrival time)
  Source:                 dbg_hub/inst/BSCANID.u_xsdbm_id/CORE_XSDB.UUT_MASTER/U_ICON_INTERFACE/U_CMD6_WR/U_WR_FIFO/SUBCORE_FIFO.xsdbm_v3_0_0_wrfifo_inst/inst_fifo_gen/gconvfifo.rf/grf.rf/gntv_or_sync_fifo.gcx.clkx/gnxpm_cdc.rd_pntr_gc_reg[1]/C
                            (rising edge-triggered cell FDCE clocked by clk_out1_user_35t_clk_wiz_0_0  {rise@0.000ns fall@5.000ns period=10.000ns})
  Destination:            dbg_hub/inst/BSCANID.u_xsdbm_id/CORE_XSDB.UUT_MASTER/U_ICON_INTERFACE/U_CMD6_WR/U_WR_FIFO/SUBCORE_FIFO.xsdbm_v3_0_0_wrfifo_inst/inst_fifo_gen/gconvfifo.rf/grf.rf/gntv_or_sync_fifo.gcx.clkx/gnxpm_cdc.gsync_stage[1].wr_stg_inst/Q_reg_reg[1]/D
                            (rising edge-triggered cell FDCE clocked by dbg_hub/inst/BSCANID.u_xsdbm_id/SWITCH_N_EXT_BSCAN.bscan_inst/SERIES7_BSCAN.bscan_inst/TCK  {rise@0.000ns fall@16.500ns period=33.000ns})
  Path Group:             dbg_hub/inst/BSCANID.u_xsdbm_id/SWITCH_N_EXT_BSCAN.bscan_inst/SERIES7_BSCAN.bscan_inst/TCK
  Path Type:              Setup (Max at Slow Process Corner)
  Requirement:            10.000ns  (MaxDelay Path 10.000ns)
  Data Path Delay:        0.899ns  (logic 0.456ns (50.741%)  route 0.443ns (49.259%))
  Logic Levels:           0  
  Timing Exception:       MaxDelay Path 10.000ns -datapath_only

    Location             Delay type                Incr(ns)  Path(ns)    Netlist Resource(s)
  -------------------------------------------------------------------    -------------------
    SLICE_X37Y6                                       0.000     0.000 r  dbg_hub/inst/BSCANID.u_xsdbm_id/CORE_XSDB.UUT_MASTER/U_ICON_INTERFACE/U_CMD6_WR/U_WR_FIFO/SUBCORE_FIFO.xsdbm_v3_0_0_wrfifo_inst/inst_fifo_gen/gconvfifo.rf/grf.rf/gntv_or_sync_fifo.gcx.clkx/gnxpm_cdc.rd_pntr_gc_reg[1]/C
    SLICE_X37Y6          FDCE (Prop_fdce_C_Q)         0.456     0.456 r  dbg_hub/inst/BSCANID.u_xsdbm_id/CORE_XSDB.UUT_MASTER/U_ICON_INTERFACE/U_CMD6_WR/U_WR_FIFO/SUBCORE_FIFO.xsdbm_v3_0_0_wrfifo_inst/inst_fifo_gen/gconvfifo.rf/grf.rf/gntv_or_sync_fifo.gcx.clkx/gnxpm_cdc.rd_pntr_gc_reg[1]/Q
                         net (fo=1, routed)           0.443     0.899    dbg_hub/inst/BSCANID.u_xsdbm_id/CORE_XSDB.UUT_MASTER/U_ICON_INTERFACE/U_CMD6_WR/U_WR_FIFO/SUBCORE_FIFO.xsdbm_v3_0_0_wrfifo_inst/inst_fifo_gen/gconvfifo.rf/grf.rf/gntv_or_sync_fifo.gcx.clkx/gnxpm_cdc.gsync_stage[1].wr_stg_inst/Q[1]
    SLICE_X36Y7          FDCE                                         r  dbg_hub/inst/BSCANID.u_xsdbm_id/CORE_XSDB.UUT_MASTER/U_ICON_INTERFACE/U_CMD6_WR/U_WR_FIFO/SUBCORE_FIFO.xsdbm_v3_0_0_wrfifo_inst/inst_fifo_gen/gconvfifo.rf/grf.rf/gntv_or_sync_fifo.gcx.clkx/gnxpm_cdc.gsync_stage[1].wr_stg_inst/Q_reg_reg[1]/D
  -------------------------------------------------------------------    -------------------

                         max delay                   10.000    10.000    
    SLICE_X36Y7          FDCE (Setup_fdce_C_D)       -0.093     9.907    dbg_hub/inst/BSCANID.u_xsdbm_id/CORE_XSDB.UUT_MASTER/U_ICON_INTERFACE/U_CMD6_WR/U_WR_FIFO/SUBCORE_FIFO.xsdbm_v3_0_0_wrfifo_inst/inst_fifo_gen/gconvfifo.rf/grf.rf/gntv_or_sync_fifo.gcx.clkx/gnxpm_cdc.gsync_stage[1].wr_stg_inst/Q_reg_reg[1]
  -------------------------------------------------------------------
                         required time                          9.907    
                         arrival time                          -0.899    
  -------------------------------------------------------------------
                         slack                                  9.008    





---------------------------------------------------------------------------------------------------
From Clock:  dbg_hub/inst/BSCANID.u_xsdbm_id/SWITCH_N_EXT_BSCAN.bscan_inst/SERIES7_BSCAN.bscan_inst/TCK
  To Clock:  clk_out1_user_35t_clk_wiz_0_0

Setup :            0  Failing Endpoints,  Worst Slack       31.674ns,  Total Violation        0.000ns
Hold  :           NA  Failing Endpoints,  Worst Slack           NA  ,  Total Violation           NA
---------------------------------------------------------------------------------------------------


Max Delay Paths
--------------------------------------------------------------------------------------
Slack (MET) :             31.674ns  (required time - arrival time)
  Source:                 dbg_hub/inst/BSCANID.u_xsdbm_id/CORE_XSDB.UUT_MASTER/U_ICON_INTERFACE/U_CMD6_WR/U_WR_FIFO/SUBCORE_FIFO.xsdbm_v3_0_0_wrfifo_inst/inst_fifo_gen/gconvfifo.rf/grf.rf/gntv_or_sync_fifo.gcx.clkx/gnxpm_cdc.wr_pntr_gc_reg[1]/C
                            (rising edge-triggered cell FDCE clocked by dbg_hub/inst/BSCANID.u_xsdbm_id/SWITCH_N_EXT_BSCAN.bscan_inst/SERIES7_BSCAN.bscan_inst/TCK  {rise@0.000ns fall@16.500ns period=33.000ns})
  Destination:            dbg_hub/inst/BSCANID.u_xsdbm_id/CORE_XSDB.UUT_MASTER/U_ICON_INTERFACE/U_CMD6_WR/U_WR_FIFO/SUBCORE_FIFO.xsdbm_v3_0_0_wrfifo_inst/inst_fifo_gen/gconvfifo.rf/grf.rf/gntv_or_sync_fifo.gcx.clkx/gnxpm_cdc.gsync_stage[1].rd_stg_inst/Q_reg_reg[1]/D
                            (rising edge-triggered cell FDCE clocked by clk_out1_user_35t_clk_wiz_0_0  {rise@0.000ns fall@5.000ns period=10.000ns})
  Path Group:             clk_out1_user_35t_clk_wiz_0_0
  Path Type:              Setup (Max at Slow Process Corner)
  Requirement:            33.000ns  (MaxDelay Path 33.000ns)
  Data Path Delay:        1.060ns  (logic 0.478ns (45.079%)  route 0.582ns (54.921%))
  Logic Levels:           0  
  Timing Exception:       MaxDelay Path 33.000ns -datapath_only

    Location             Delay type                Incr(ns)  Path(ns)    Netlist Resource(s)
  -------------------------------------------------------------------    -------------------
    SLICE_X38Y7                                       0.000     0.000 r  dbg_hub/inst/BSCANID.u_xsdbm_id/CORE_XSDB.UUT_MASTER/U_ICON_INTERFACE/U_CMD6_WR/U_WR_FIFO/SUBCORE_FIFO.xsdbm_v3_0_0_wrfifo_inst/inst_fifo_gen/gconvfifo.rf/grf.rf/gntv_or_sync_fifo.gcx.clkx/gnxpm_cdc.wr_pntr_gc_reg[1]/C
    SLICE_X38Y7          FDCE (Prop_fdce_C_Q)         0.478     0.478 r  dbg_hub/inst/BSCANID.u_xsdbm_id/CORE_XSDB.UUT_MASTER/U_ICON_INTERFACE/U_CMD6_WR/U_WR_FIFO/SUBCORE_FIFO.xsdbm_v3_0_0_wrfifo_inst/inst_fifo_gen/gconvfifo.rf/grf.rf/gntv_or_sync_fifo.gcx.clkx/gnxpm_cdc.wr_pntr_gc_reg[1]/Q
                         net (fo=1, routed)           0.582     1.060    dbg_hub/inst/BSCANID.u_xsdbm_id/CORE_XSDB.UUT_MASTER/U_ICON_INTERFACE/U_CMD6_WR/U_WR_FIFO/SUBCORE_FIFO.xsdbm_v3_0_0_wrfifo_inst/inst_fifo_gen/gconvfifo.rf/grf.rf/gntv_or_sync_fifo.gcx.clkx/gnxpm_cdc.gsync_stage[1].rd_stg_inst/Q[1]
    SLICE_X37Y5          FDCE                                         r  dbg_hub/inst/BSCANID.u_xsdbm_id/CORE_XSDB.UUT_MASTER/U_ICON_INTERFACE/U_CMD6_WR/U_WR_FIFO/SUBCORE_FIFO.xsdbm_v3_0_0_wrfifo_inst/inst_fifo_gen/gconvfifo.rf/grf.rf/gntv_or_sync_fifo.gcx.clkx/gnxpm_cdc.gsync_stage[1].rd_stg_inst/Q_reg_reg[1]/D
  -------------------------------------------------------------------    -------------------

                         max delay                   33.000    33.000    
    SLICE_X37Y5          FDCE (Setup_fdce_C_D)       -0.266    32.734    dbg_hub/inst/BSCANID.u_xsdbm_id/CORE_XSDB.UUT_MASTER/U_ICON_INTERFACE/U_CMD6_WR/U_WR_FIFO/SUBCORE_FIFO.xsdbm_v3_0_0_wrfifo_inst/inst_fifo_gen/gconvfifo.rf/grf.rf/gntv_or_sync_fifo.gcx.clkx/gnxpm_cdc.gsync_stage[1].rd_stg_inst/Q_reg_reg[1]
  -------------------------------------------------------------------
                         required time                         32.734    
                         arrival time                          -1.060    
  -------------------------------------------------------------------
                         slack                                 31.674    

Slack (MET) :             31.740ns  (required time - arrival time)
  Source:                 dbg_hub/inst/BSCANID.u_xsdbm_id/CORE_XSDB.UUT_MASTER/U_ICON_INTERFACE/U_CMD6_RD/U_RD_FIFO/SUBCORE_FIFO.xsdbm_v3_0_0_rdfifo_inst/inst_fifo_gen/gconvfifo.rf/grf.rf/gntv_or_sync_fifo.gcx.clkx/gnxpm_cdc.rd_pntr_gc_reg[3]/C
                            (rising edge-triggered cell FDCE clocked by dbg_hub/inst/BSCANID.u_xsdbm_id/SWITCH_N_EXT_BSCAN.bscan_inst/SERIES7_BSCAN.bscan_inst/TCK  {rise@0.000ns fall@16.500ns period=33.000ns})
  Destination:            dbg_hub/inst/BSCANID.u_xsdbm_id/CORE_XSDB.UUT_MASTER/U_ICON_INTERFACE/U_CMD6_RD/U_RD_FIFO/SUBCORE_FIFO.xsdbm_v3_0_0_rdfifo_inst/inst_fifo_gen/gconvfifo.rf/grf.rf/gntv_or_sync_fifo.gcx.clkx/gnxpm_cdc.gsync_stage[1].wr_stg_inst/Q_reg_reg[3]/D
                            (rising edge-triggered cell FDCE clocked by clk_out1_user_35t_clk_wiz_0_0  {rise@0.000ns fall@5.000ns period=10.000ns})
  Path Group:             clk_out1_user_35t_clk_wiz_0_0
  Path Type:              Setup (Max at Slow Process Corner)
  Requirement:            33.000ns  (MaxDelay Path 33.000ns)
  Data Path Delay:        0.993ns  (logic 0.419ns (42.209%)  route 0.574ns (57.791%))
  Logic Levels:           0  
  Timing Exception:       MaxDelay Path 33.000ns -datapath_only

    Location             Delay type                Incr(ns)  Path(ns)    Netlist Resource(s)
  -------------------------------------------------------------------    -------------------
    SLICE_X45Y22                                      0.000     0.000 r  dbg_hub/inst/BSCANID.u_xsdbm_id/CORE_XSDB.UUT_MASTER/U_ICON_INTERFACE/U_CMD6_RD/U_RD_FIFO/SUBCORE_FIFO.xsdbm_v3_0_0_rdfifo_inst/inst_fifo_gen/gconvfifo.rf/grf.rf/gntv_or_sync_fifo.gcx.clkx/gnxpm_cdc.rd_pntr_gc_reg[3]/C
    SLICE_X45Y22         FDCE (Prop_fdce_C_Q)         0.419     0.419 r  dbg_hub/inst/BSCANID.u_xsdbm_id/CORE_XSDB.UUT_MASTER/U_ICON_INTERFACE/U_CMD6_RD/U_RD_FIFO/SUBCORE_FIFO.xsdbm_v3_0_0_rdfifo_inst/inst_fifo_gen/gconvfifo.rf/grf.rf/gntv_or_sync_fifo.gcx.clkx/gnxpm_cdc.rd_pntr_gc_reg[3]/Q
                         net (fo=1, routed)           0.574     0.993    dbg_hub/inst/BSCANID.u_xsdbm_id/CORE_XSDB.UUT_MASTER/U_ICON_INTERFACE/U_CMD6_RD/U_RD_FIFO/SUBCORE_FIFO.xsdbm_v3_0_0_rdfifo_inst/inst_fifo_gen/gconvfifo.rf/grf.rf/gntv_or_sync_fifo.gcx.clkx/gnxpm_cdc.gsync_stage[1].wr_stg_inst/Q[3]
    SLICE_X47Y21         FDCE                                         r  dbg_hub/inst/BSCANID.u_xsdbm_id/CORE_XSDB.UUT_MASTER/U_ICON_INTERFACE/U_CMD6_RD/U_RD_FIFO/SUBCORE_FIFO.xsdbm_v3_0_0_rdfifo_inst/inst_fifo_gen/gconvfifo.rf/grf.rf/gntv_or_sync_fifo.gcx.clkx/gnxpm_cdc.gsync_stage[1].wr_stg_inst/Q_reg_reg[3]/D
  -------------------------------------------------------------------    -------------------

                         max delay                   33.000    33.000    
    SLICE_X47Y21         FDCE (Setup_fdce_C_D)       -0.267    32.733    dbg_hub/inst/BSCANID.u_xsdbm_id/CORE_XSDB.UUT_MASTER/U_ICON_INTERFACE/U_CMD6_RD/U_RD_FIFO/SUBCORE_FIFO.xsdbm_v3_0_0_rdfifo_inst/inst_fifo_gen/gconvfifo.rf/grf.rf/gntv_or_sync_fifo.gcx.clkx/gnxpm_cdc.gsync_stage[1].wr_stg_inst/Q_reg_reg[3]
  -------------------------------------------------------------------
                         required time                         32.733    
                         arrival time                          -0.993    
  -------------------------------------------------------------------
                         slack                                 31.740    

Slack (MET) :             31.762ns  (required time - arrival time)
  Source:                 dbg_hub/inst/BSCANID.u_xsdbm_id/CORE_XSDB.UUT_MASTER/U_ICON_INTERFACE/U_CMD6_RD/U_RD_FIFO/SUBCORE_FIFO.xsdbm_v3_0_0_rdfifo_inst/inst_fifo_gen/gconvfifo.rf/grf.rf/gntv_or_sync_fifo.gcx.clkx/gnxpm_cdc.rd_pntr_gc_reg[0]/C
                            (rising edge-triggered cell FDCE clocked by dbg_hub/inst/BSCANID.u_xsdbm_id/SWITCH_N_EXT_BSCAN.bscan_inst/SERIES7_BSCAN.bscan_inst/TCK  {rise@0.000ns fall@16.500ns period=33.000ns})
  Destination:            dbg_hub/inst/BSCANID.u_xsdbm_id/CORE_XSDB.UUT_MASTER/U_ICON_INTERFACE/U_CMD6_RD/U_RD_FIFO/SUBCORE_FIFO.xsdbm_v3_0_0_rdfifo_inst/inst_fifo_gen/gconvfifo.rf/grf.rf/gntv_or_sync_fifo.gcx.clkx/gnxpm_cdc.gsync_stage[1].wr_stg_inst/Q_reg_reg[0]/D
                            (rising edge-triggered cell FDCE clocked by clk_out1_user_35t_clk_wiz_0_0  {rise@0.000ns fall@5.000ns period=10.000ns})
  Path Group:             clk_out1_user_35t_clk_wiz_0_0
  Path Type:              Setup (Max at Slow Process Corner)
  Requirement:            33.000ns  (MaxDelay Path 33.000ns)
  Data Path Delay:        1.016ns  (logic 0.419ns (41.254%)  route 0.597ns (58.746%))
  Logic Levels:           0  
  Timing Exception:       MaxDelay Path 33.000ns -datapath_only

    Location             Delay type                Incr(ns)  Path(ns)    Netlist Resource(s)
  -------------------------------------------------------------------    -------------------
    SLICE_X41Y22                                      0.000     0.000 r  dbg_hub/inst/BSCANID.u_xsdbm_id/CORE_XSDB.UUT_MASTER/U_ICON_INTERFACE/U_CMD6_RD/U_RD_FIFO/SUBCORE_FIFO.xsdbm_v3_0_0_rdfifo_inst/inst_fifo_gen/gconvfifo.rf/grf.rf/gntv_or_sync_fifo.gcx.clkx/gnxpm_cdc.rd_pntr_gc_reg[0]/C
    SLICE_X41Y22         FDCE (Prop_fdce_C_Q)         0.419     0.419 r  dbg_hub/inst/BSCANID.u_xsdbm_id/CORE_XSDB.UUT_MASTER/U_ICON_INTERFACE/U_CMD6_RD/U_RD_FIFO/SUBCORE_FIFO.xsdbm_v3_0_0_rdfifo_inst/inst_fifo_gen/gconvfifo.rf/grf.rf/gntv_or_sync_fifo.gcx.clkx/gnxpm_cdc.rd_pntr_gc_reg[0]/Q
                         net (fo=1, routed)           0.597     1.016    dbg_hub/inst/BSCANID.u_xsdbm_id/CORE_XSDB.UUT_MASTER/U_ICON_INTERFACE/U_CMD6_RD/U_RD_FIFO/SUBCORE_FIFO.xsdbm_v3_0_0_rdfifo_inst/inst_fifo_gen/gconvfifo.rf/grf.rf/gntv_or_sync_fifo.gcx.clkx/gnxpm_cdc.gsync_stage[1].wr_stg_inst/Q[0]
    SLICE_X46Y21         FDCE                                         r  dbg_hub/inst/BSCANID.u_xsdbm_id/CORE_XSDB.UUT_MASTER/U_ICON_INTERFACE/U_CMD6_RD/U_RD_FIFO/SUBCORE_FIFO.xsdbm_v3_0_0_rdfifo_inst/inst_fifo_gen/gconvfifo.rf/grf.rf/gntv_or_sync_fifo.gcx.clkx/gnxpm_cdc.gsync_stage[1].wr_stg_inst/Q_reg_reg[0]/D
  -------------------------------------------------------------------    -------------------

                         max delay                   33.000    33.000    
    SLICE_X46Y21         FDCE (Setup_fdce_C_D)       -0.222    32.778    dbg_hub/inst/BSCANID.u_xsdbm_id/CORE_XSDB.UUT_MASTER/U_ICON_INTERFACE/U_CMD6_RD/U_RD_FIFO/SUBCORE_FIFO.xsdbm_v3_0_0_rdfifo_inst/inst_fifo_gen/gconvfifo.rf/grf.rf/gntv_or_sync_fifo.gcx.clkx/gnxpm_cdc.gsync_stage[1].wr_stg_inst/Q_reg_reg[0]
  -------------------------------------------------------------------
                         required time                         32.778    
                         arrival time                          -1.016    
  -------------------------------------------------------------------
                         slack                                 31.762    

Slack (MET) :             31.775ns  (required time - arrival time)
  Source:                 dbg_hub/inst/BSCANID.u_xsdbm_id/CORE_XSDB.UUT_MASTER/U_ICON_INTERFACE/U_CMD6_WR/U_WR_FIFO/SUBCORE_FIFO.xsdbm_v3_0_0_wrfifo_inst/inst_fifo_gen/gconvfifo.rf/grf.rf/gntv_or_sync_fifo.gcx.clkx/gnxpm_cdc.wr_pntr_gc_reg[3]/C
                            (rising edge-triggered cell FDCE clocked by dbg_hub/inst/BSCANID.u_xsdbm_id/SWITCH_N_EXT_BSCAN.bscan_inst/SERIES7_BSCAN.bscan_inst/TCK  {rise@0.000ns fall@16.500ns period=33.000ns})
  Destination:            dbg_hub/inst/BSCANID.u_xsdbm_id/CORE_XSDB.UUT_MASTER/U_ICON_INTERFACE/U_CMD6_WR/U_WR_FIFO/SUBCORE_FIFO.xsdbm_v3_0_0_wrfifo_inst/inst_fifo_gen/gconvfifo.rf/grf.rf/gntv_or_sync_fifo.gcx.clkx/gnxpm_cdc.gsync_stage[1].rd_stg_inst/Q_reg_reg[3]/D
                            (rising edge-triggered cell FDCE clocked by clk_out1_user_35t_clk_wiz_0_0  {rise@0.000ns fall@5.000ns period=10.000ns})
  Path Group:             clk_out1_user_35t_clk_wiz_0_0
  Path Type:              Setup (Max at Slow Process Corner)
  Requirement:            33.000ns  (MaxDelay Path 33.000ns)
  Data Path Delay:        0.959ns  (logic 0.419ns (43.695%)  route 0.540ns (56.305%))
  Logic Levels:           0  
  Timing Exception:       MaxDelay Path 33.000ns -datapath_only

    Location             Delay type                Incr(ns)  Path(ns)    Netlist Resource(s)
  -------------------------------------------------------------------    -------------------
    SLICE_X36Y7                                       0.000     0.000 r  dbg_hub/inst/BSCANID.u_xsdbm_id/CORE_XSDB.UUT_MASTER/U_ICON_INTERFACE/U_CMD6_WR/U_WR_FIFO/SUBCORE_FIFO.xsdbm_v3_0_0_wrfifo_inst/inst_fifo_gen/gconvfifo.rf/grf.rf/gntv_or_sync_fifo.gcx.clkx/gnxpm_cdc.wr_pntr_gc_reg[3]/C
    SLICE_X36Y7          FDCE (Prop_fdce_C_Q)         0.419     0.419 r  dbg_hub/inst/BSCANID.u_xsdbm_id/CORE_XSDB.UUT_MASTER/U_ICON_INTERFACE/U_CMD6_WR/U_WR_FIFO/SUBCORE_FIFO.xsdbm_v3_0_0_wrfifo_inst/inst_fifo_gen/gconvfifo.rf/grf.rf/gntv_or_sync_fifo.gcx.clkx/gnxpm_cdc.wr_pntr_gc_reg[3]/Q
                         net (fo=1, routed)           0.540     0.959    dbg_hub/inst/BSCANID.u_xsdbm_id/CORE_XSDB.UUT_MASTER/U_ICON_INTERFACE/U_CMD6_WR/U_WR_FIFO/SUBCORE_FIFO.xsdbm_v3_0_0_wrfifo_inst/inst_fifo_gen/gconvfifo.rf/grf.rf/gntv_or_sync_fifo.gcx.clkx/gnxpm_cdc.gsync_stage[1].rd_stg_inst/Q[3]
    SLICE_X36Y6          FDCE                                         r  dbg_hub/inst/BSCANID.u_xsdbm_id/CORE_XSDB.UUT_MASTER/U_ICON_INTERFACE/U_CMD6_WR/U_WR_FIFO/SUBCORE_FIFO.xsdbm_v3_0_0_wrfifo_inst/inst_fifo_gen/gconvfifo.rf/grf.rf/gntv_or_sync_fifo.gcx.clkx/gnxpm_cdc.gsync_stage[1].rd_stg_inst/Q_reg_reg[3]/D
  -------------------------------------------------------------------    -------------------

                         max delay                   33.000    33.000    
    SLICE_X36Y6          FDCE (Setup_fdce_C_D)       -0.266    32.734    dbg_hub/inst/BSCANID.u_xsdbm_id/CORE_XSDB.UUT_MASTER/U_ICON_INTERFACE/U_CMD6_WR/U_WR_FIFO/SUBCORE_FIFO.xsdbm_v3_0_0_wrfifo_inst/inst_fifo_gen/gconvfifo.rf/grf.rf/gntv_or_sync_fifo.gcx.clkx/gnxpm_cdc.gsync_stage[1].rd_stg_inst/Q_reg_reg[3]
  -------------------------------------------------------------------
                         required time                         32.734    
                         arrival time                          -0.959    
  -------------------------------------------------------------------
                         slack                                 31.775    

Slack (MET) :             31.791ns  (required time - arrival time)
  Source:                 dbg_hub/inst/BSCANID.u_xsdbm_id/CORE_XSDB.UUT_MASTER/U_ICON_INTERFACE/U_CMD6_WR/U_WR_FIFO/SUBCORE_FIFO.xsdbm_v3_0_0_wrfifo_inst/inst_fifo_gen/gconvfifo.rf/grf.rf/gntv_or_sync_fifo.gcx.clkx/gnxpm_cdc.wr_pntr_gc_reg[0]/C
                            (rising edge-triggered cell FDCE clocked by dbg_hub/inst/BSCANID.u_xsdbm_id/SWITCH_N_EXT_BSCAN.bscan_inst/SERIES7_BSCAN.bscan_inst/TCK  {rise@0.000ns fall@16.500ns period=33.000ns})
  Destination:            dbg_hub/inst/BSCANID.u_xsdbm_id/CORE_XSDB.UUT_MASTER/U_ICON_INTERFACE/U_CMD6_WR/U_WR_FIFO/SUBCORE_FIFO.xsdbm_v3_0_0_wrfifo_inst/inst_fifo_gen/gconvfifo.rf/grf.rf/gntv_or_sync_fifo.gcx.clkx/gnxpm_cdc.gsync_stage[1].rd_stg_inst/Q_reg_reg[0]/D
                            (rising edge-triggered cell FDCE clocked by clk_out1_user_35t_clk_wiz_0_0  {rise@0.000ns fall@5.000ns period=10.000ns})
  Path Group:             clk_out1_user_35t_clk_wiz_0_0
  Path Type:              Setup (Max at Slow Process Corner)
  Requirement:            33.000ns  (MaxDelay Path 33.000ns)
  Data Path Delay:        1.114ns  (logic 0.518ns (46.519%)  route 0.596ns (53.481%))
  Logic Levels:           0  
  Timing Exception:       MaxDelay Path 33.000ns -datapath_only

    Location             Delay type                Incr(ns)  Path(ns)    Netlist Resource(s)
  -------------------------------------------------------------------    -------------------
    SLICE_X38Y7                                       0.000     0.000 r  dbg_hub/inst/BSCANID.u_xsdbm_id/CORE_XSDB.UUT_MASTER/U_ICON_INTERFACE/U_CMD6_WR/U_WR_FIFO/SUBCORE_FIFO.xsdbm_v3_0_0_wrfifo_inst/inst_fifo_gen/gconvfifo.rf/grf.rf/gntv_or_sync_fifo.gcx.clkx/gnxpm_cdc.wr_pntr_gc_reg[0]/C
    SLICE_X38Y7          FDCE (Prop_fdce_C_Q)         0.518     0.518 r  dbg_hub/inst/BSCANID.u_xsdbm_id/CORE_XSDB.UUT_MASTER/U_ICON_INTERFACE/U_CMD6_WR/U_WR_FIFO/SUBCORE_FIFO.xsdbm_v3_0_0_wrfifo_inst/inst_fifo_gen/gconvfifo.rf/grf.rf/gntv_or_sync_fifo.gcx.clkx/gnxpm_cdc.wr_pntr_gc_reg[0]/Q
                         net (fo=1, routed)           0.596     1.114    dbg_hub/inst/BSCANID.u_xsdbm_id/CORE_XSDB.UUT_MASTER/U_ICON_INTERFACE/U_CMD6_WR/U_WR_FIFO/SUBCORE_FIFO.xsdbm_v3_0_0_wrfifo_inst/inst_fifo_gen/gconvfifo.rf/grf.rf/gntv_or_sync_fifo.gcx.clkx/gnxpm_cdc.gsync_stage[1].rd_stg_inst/Q[0]
    SLICE_X36Y6          FDCE                                         r  dbg_hub/inst/BSCANID.u_xsdbm_id/CORE_XSDB.UUT_MASTER/U_ICON_INTERFACE/U_CMD6_WR/U_WR_FIFO/SUBCORE_FIFO.xsdbm_v3_0_0_wrfifo_inst/inst_fifo_gen/gconvfifo.rf/grf.rf/gntv_or_sync_fifo.gcx.clkx/gnxpm_cdc.gsync_stage[1].rd_stg_inst/Q_reg_reg[0]/D
  -------------------------------------------------------------------    -------------------

                         max delay                   33.000    33.000    
    SLICE_X36Y6          FDCE (Setup_fdce_C_D)       -0.095    32.905    dbg_hub/inst/BSCANID.u_xsdbm_id/CORE_XSDB.UUT_MASTER/U_ICON_INTERFACE/U_CMD6_WR/U_WR_FIFO/SUBCORE_FIFO.xsdbm_v3_0_0_wrfifo_inst/inst_fifo_gen/gconvfifo.rf/grf.rf/gntv_or_sync_fifo.gcx.clkx/gnxpm_cdc.gsync_stage[1].rd_stg_inst/Q_reg_reg[0]
  -------------------------------------------------------------------
                         required time                         32.905    
                         arrival time                          -1.114    
  -------------------------------------------------------------------
                         slack                                 31.791    

Slack (MET) :             31.900ns  (required time - arrival time)
  Source:                 dbg_hub/inst/BSCANID.u_xsdbm_id/CORE_XSDB.UUT_MASTER/U_ICON_INTERFACE/U_CMD6_RD/U_RD_FIFO/SUBCORE_FIFO.xsdbm_v3_0_0_rdfifo_inst/inst_fifo_gen/gconvfifo.rf/grf.rf/gntv_or_sync_fifo.gcx.clkx/gnxpm_cdc.rd_pntr_gc_reg[1]/C
                            (rising edge-triggered cell FDCE clocked by dbg_hub/inst/BSCANID.u_xsdbm_id/SWITCH_N_EXT_BSCAN.bscan_inst/SERIES7_BSCAN.bscan_inst/TCK  {rise@0.000ns fall@16.500ns period=33.000ns})
  Destination:            dbg_hub/inst/BSCANID.u_xsdbm_id/CORE_XSDB.UUT_MASTER/U_ICON_INTERFACE/U_CMD6_RD/U_RD_FIFO/SUBCORE_FIFO.xsdbm_v3_0_0_rdfifo_inst/inst_fifo_gen/gconvfifo.rf/grf.rf/gntv_or_sync_fifo.gcx.clkx/gnxpm_cdc.gsync_stage[1].wr_stg_inst/Q_reg_reg[1]/D
                            (rising edge-triggered cell FDCE clocked by clk_out1_user_35t_clk_wiz_0_0  {rise@0.000ns fall@5.000ns period=10.000ns})
  Path Group:             clk_out1_user_35t_clk_wiz_0_0
  Path Type:              Setup (Max at Slow Process Corner)
  Requirement:            33.000ns  (MaxDelay Path 33.000ns)
  Data Path Delay:        1.057ns  (logic 0.456ns (43.134%)  route 0.601ns (56.866%))
  Logic Levels:           0  
  Timing Exception:       MaxDelay Path 33.000ns -datapath_only

    Location             Delay type                Incr(ns)  Path(ns)    Netlist Resource(s)
  -------------------------------------------------------------------    -------------------
    SLICE_X45Y22                                      0.000     0.000 r  dbg_hub/inst/BSCANID.u_xsdbm_id/CORE_XSDB.UUT_MASTER/U_ICON_INTERFACE/U_CMD6_RD/U_RD_FIFO/SUBCORE_FIFO.xsdbm_v3_0_0_rdfifo_inst/inst_fifo_gen/gconvfifo.rf/grf.rf/gntv_or_sync_fifo.gcx.clkx/gnxpm_cdc.rd_pntr_gc_reg[1]/C
    SLICE_X45Y22         FDCE (Prop_fdce_C_Q)         0.456     0.456 r  dbg_hub/inst/BSCANID.u_xsdbm_id/CORE_XSDB.UUT_MASTER/U_ICON_INTERFACE/U_CMD6_RD/U_RD_FIFO/SUBCORE_FIFO.xsdbm_v3_0_0_rdfifo_inst/inst_fifo_gen/gconvfifo.rf/grf.rf/gntv_or_sync_fifo.gcx.clkx/gnxpm_cdc.rd_pntr_gc_reg[1]/Q
                         net (fo=1, routed)           0.601     1.057    dbg_hub/inst/BSCANID.u_xsdbm_id/CORE_XSDB.UUT_MASTER/U_ICON_INTERFACE/U_CMD6_RD/U_RD_FIFO/SUBCORE_FIFO.xsdbm_v3_0_0_rdfifo_inst/inst_fifo_gen/gconvfifo.rf/grf.rf/gntv_or_sync_fifo.gcx.clkx/gnxpm_cdc.gsync_stage[1].wr_stg_inst/Q[1]
    SLICE_X46Y21         FDCE                                         r  dbg_hub/inst/BSCANID.u_xsdbm_id/CORE_XSDB.UUT_MASTER/U_ICON_INTERFACE/U_CMD6_RD/U_RD_FIFO/SUBCORE_FIFO.xsdbm_v3_0_0_rdfifo_inst/inst_fifo_gen/gconvfifo.rf/grf.rf/gntv_or_sync_fifo.gcx.clkx/gnxpm_cdc.gsync_stage[1].wr_stg_inst/Q_reg_reg[1]/D
  -------------------------------------------------------------------    -------------------

                         max delay                   33.000    33.000    
    SLICE_X46Y21         FDCE (Setup_fdce_C_D)       -0.043    32.957    dbg_hub/inst/BSCANID.u_xsdbm_id/CORE_XSDB.UUT_MASTER/U_ICON_INTERFACE/U_CMD6_RD/U_RD_FIFO/SUBCORE_FIFO.xsdbm_v3_0_0_rdfifo_inst/inst_fifo_gen/gconvfifo.rf/grf.rf/gntv_or_sync_fifo.gcx.clkx/gnxpm_cdc.gsync_stage[1].wr_stg_inst/Q_reg_reg[1]
  -------------------------------------------------------------------
                         required time                         32.957    
                         arrival time                          -1.057    
  -------------------------------------------------------------------
                         slack                                 31.900    

Slack (MET) :             31.900ns  (required time - arrival time)
  Source:                 dbg_hub/inst/BSCANID.u_xsdbm_id/CORE_XSDB.UUT_MASTER/U_ICON_INTERFACE/U_CMD6_RD/U_RD_FIFO/SUBCORE_FIFO.xsdbm_v3_0_0_rdfifo_inst/inst_fifo_gen/gconvfifo.rf/grf.rf/gntv_or_sync_fifo.gcx.clkx/gnxpm_cdc.rd_pntr_gc_reg[2]/C
                            (rising edge-triggered cell FDCE clocked by dbg_hub/inst/BSCANID.u_xsdbm_id/SWITCH_N_EXT_BSCAN.bscan_inst/SERIES7_BSCAN.bscan_inst/TCK  {rise@0.000ns fall@16.500ns period=33.000ns})
  Destination:            dbg_hub/inst/BSCANID.u_xsdbm_id/CORE_XSDB.UUT_MASTER/U_ICON_INTERFACE/U_CMD6_RD/U_RD_FIFO/SUBCORE_FIFO.xsdbm_v3_0_0_rdfifo_inst/inst_fifo_gen/gconvfifo.rf/grf.rf/gntv_or_sync_fifo.gcx.clkx/gnxpm_cdc.gsync_stage[1].wr_stg_inst/Q_reg_reg[2]/D
                            (rising edge-triggered cell FDCE clocked by clk_out1_user_35t_clk_wiz_0_0  {rise@0.000ns fall@5.000ns period=10.000ns})
  Path Group:             clk_out1_user_35t_clk_wiz_0_0
  Path Type:              Setup (Max at Slow Process Corner)
  Requirement:            33.000ns  (MaxDelay Path 33.000ns)
  Data Path Delay:        1.055ns  (logic 0.456ns (43.237%)  route 0.599ns (56.763%))
  Logic Levels:           0  
  Timing Exception:       MaxDelay Path 33.000ns -datapath_only

    Location             Delay type                Incr(ns)  Path(ns)    Netlist Resource(s)
  -------------------------------------------------------------------    -------------------
    SLICE_X41Y22                                      0.000     0.000 r  dbg_hub/inst/BSCANID.u_xsdbm_id/CORE_XSDB.UUT_MASTER/U_ICON_INTERFACE/U_CMD6_RD/U_RD_FIFO/SUBCORE_FIFO.xsdbm_v3_0_0_rdfifo_inst/inst_fifo_gen/gconvfifo.rf/grf.rf/gntv_or_sync_fifo.gcx.clkx/gnxpm_cdc.rd_pntr_gc_reg[2]/C
    SLICE_X41Y22         FDCE (Prop_fdce_C_Q)         0.456     0.456 r  dbg_hub/inst/BSCANID.u_xsdbm_id/CORE_XSDB.UUT_MASTER/U_ICON_INTERFACE/U_CMD6_RD/U_RD_FIFO/SUBCORE_FIFO.xsdbm_v3_0_0_rdfifo_inst/inst_fifo_gen/gconvfifo.rf/grf.rf/gntv_or_sync_fifo.gcx.clkx/gnxpm_cdc.rd_pntr_gc_reg[2]/Q
                         net (fo=1, routed)           0.599     1.055    dbg_hub/inst/BSCANID.u_xsdbm_id/CORE_XSDB.UUT_MASTER/U_ICON_INTERFACE/U_CMD6_RD/U_RD_FIFO/SUBCORE_FIFO.xsdbm_v3_0_0_rdfifo_inst/inst_fifo_gen/gconvfifo.rf/grf.rf/gntv_or_sync_fifo.gcx.clkx/gnxpm_cdc.gsync_stage[1].wr_stg_inst/Q[2]
    SLICE_X46Y21         FDCE                                         r  dbg_hub/inst/BSCANID.u_xsdbm_id/CORE_XSDB.UUT_MASTER/U_ICON_INTERFACE/U_CMD6_RD/U_RD_FIFO/SUBCORE_FIFO.xsdbm_v3_0_0_rdfifo_inst/inst_fifo_gen/gconvfifo.rf/grf.rf/gntv_or_sync_fifo.gcx.clkx/gnxpm_cdc.gsync_stage[1].wr_stg_inst/Q_reg_reg[2]/D
  -------------------------------------------------------------------    -------------------

                         max delay                   33.000    33.000    
    SLICE_X46Y21         FDCE (Setup_fdce_C_D)       -0.045    32.955    dbg_hub/inst/BSCANID.u_xsdbm_id/CORE_XSDB.UUT_MASTER/U_ICON_INTERFACE/U_CMD6_RD/U_RD_FIFO/SUBCORE_FIFO.xsdbm_v3_0_0_rdfifo_inst/inst_fifo_gen/gconvfifo.rf/grf.rf/gntv_or_sync_fifo.gcx.clkx/gnxpm_cdc.gsync_stage[1].wr_stg_inst/Q_reg_reg[2]
  -------------------------------------------------------------------
                         required time                         32.955    
                         arrival time                          -1.055    
  -------------------------------------------------------------------
                         slack                                 31.900    

Slack (MET) :             32.007ns  (required time - arrival time)
  Source:                 dbg_hub/inst/BSCANID.u_xsdbm_id/CORE_XSDB.UUT_MASTER/U_ICON_INTERFACE/U_CMD6_WR/U_WR_FIFO/SUBCORE_FIFO.xsdbm_v3_0_0_wrfifo_inst/inst_fifo_gen/gconvfifo.rf/grf.rf/gntv_or_sync_fifo.gcx.clkx/gnxpm_cdc.wr_pntr_gc_reg[2]/C
                            (rising edge-triggered cell FDCE clocked by dbg_hub/inst/BSCANID.u_xsdbm_id/SWITCH_N_EXT_BSCAN.bscan_inst/SERIES7_BSCAN.bscan_inst/TCK  {rise@0.000ns fall@16.500ns period=33.000ns})
  Destination:            dbg_hub/inst/BSCANID.u_xsdbm_id/CORE_XSDB.UUT_MASTER/U_ICON_INTERFACE/U_CMD6_WR/U_WR_FIFO/SUBCORE_FIFO.xsdbm_v3_0_0_wrfifo_inst/inst_fifo_gen/gconvfifo.rf/grf.rf/gntv_or_sync_fifo.gcx.clkx/gnxpm_cdc.gsync_stage[1].rd_stg_inst/Q_reg_reg[2]/D
                            (rising edge-triggered cell FDCE clocked by clk_out1_user_35t_clk_wiz_0_0  {rise@0.000ns fall@5.000ns period=10.000ns})
  Path Group:             clk_out1_user_35t_clk_wiz_0_0
  Path Type:              Setup (Max at Slow Process Corner)
  Requirement:            33.000ns  (MaxDelay Path 33.000ns)
  Data Path Delay:        0.900ns  (logic 0.456ns (50.693%)  route 0.444ns (49.307%))
  Logic Levels:           0  
  Timing Exception:       MaxDelay Path 33.000ns -datapath_only

    Location             Delay type                Incr(ns)  Path(ns)    Netlist Resource(s)
  -------------------------------------------------------------------    -------------------
    SLICE_X36Y7                                       0.000     0.000 r  dbg_hub/inst/BSCANID.u_xsdbm_id/CORE_XSDB.UUT_MASTER/U_ICON_INTERFACE/U_CMD6_WR/U_WR_FIFO/SUBCORE_FIFO.xsdbm_v3_0_0_wrfifo_inst/inst_fifo_gen/gconvfifo.rf/grf.rf/gntv_or_sync_fifo.gcx.clkx/gnxpm_cdc.wr_pntr_gc_reg[2]/C
    SLICE_X36Y7          FDCE (Prop_fdce_C_Q)         0.456     0.456 r  dbg_hub/inst/BSCANID.u_xsdbm_id/CORE_XSDB.UUT_MASTER/U_ICON_INTERFACE/U_CMD6_WR/U_WR_FIFO/SUBCORE_FIFO.xsdbm_v3_0_0_wrfifo_inst/inst_fifo_gen/gconvfifo.rf/grf.rf/gntv_or_sync_fifo.gcx.clkx/gnxpm_cdc.wr_pntr_gc_reg[2]/Q
                         net (fo=1, routed)           0.444     0.900    dbg_hub/inst/BSCANID.u_xsdbm_id/CORE_XSDB.UUT_MASTER/U_ICON_INTERFACE/U_CMD6_WR/U_WR_FIFO/SUBCORE_FIFO.xsdbm_v3_0_0_wrfifo_inst/inst_fifo_gen/gconvfifo.rf/grf.rf/gntv_or_sync_fifo.gcx.clkx/gnxpm_cdc.gsync_stage[1].rd_stg_inst/Q[2]
    SLICE_X36Y6          FDCE                                         r  dbg_hub/inst/BSCANID.u_xsdbm_id/CORE_XSDB.UUT_MASTER/U_ICON_INTERFACE/U_CMD6_WR/U_WR_FIFO/SUBCORE_FIFO.xsdbm_v3_0_0_wrfifo_inst/inst_fifo_gen/gconvfifo.rf/grf.rf/gntv_or_sync_fifo.gcx.clkx/gnxpm_cdc.gsync_stage[1].rd_stg_inst/Q_reg_reg[2]/D
  -------------------------------------------------------------------    -------------------

                         max delay                   33.000    33.000    
    SLICE_X36Y6          FDCE (Setup_fdce_C_D)       -0.093    32.907    dbg_hub/inst/BSCANID.u_xsdbm_id/CORE_XSDB.UUT_MASTER/U_ICON_INTERFACE/U_CMD6_WR/U_WR_FIFO/SUBCORE_FIFO.xsdbm_v3_0_0_wrfifo_inst/inst_fifo_gen/gconvfifo.rf/grf.rf/gntv_or_sync_fifo.gcx.clkx/gnxpm_cdc.gsync_stage[1].rd_stg_inst/Q_reg_reg[2]
  -------------------------------------------------------------------
                         required time                         32.907    
                         arrival time                          -0.900    
  -------------------------------------------------------------------
                         slack                                 32.007    





---------------------------------------------------------------------------------------------------
Path Group:  **async_default**
From Clock:  clk_out1_user_35t_clk_wiz_0_0
  To Clock:  clk_out1_user_35t_clk_wiz_0_0

Setup :            0  Failing Endpoints,  Worst Slack        3.879ns,  Total Violation        0.000ns
Hold  :            0  Failing Endpoints,  Worst Slack        0.307ns,  Total Violation        0.000ns
---------------------------------------------------------------------------------------------------


Max Delay Paths
--------------------------------------------------------------------------------------
Slack (MET) :             3.879ns  (required time - arrival time)
  Source:                 user_35t_i/xadc_wiz_0/inst/SOFT_RESET_I/RESET_FLOPS[15].RST_FLOPS/C
                            (rising edge-triggered cell FDRE clocked by clk_out1_user_35t_clk_wiz_0_0  {rise@0.000ns fall@5.000ns period=10.000ns})
  Destination:            user_35t_i/xadc_wiz_0/inst/AXI_XADC_CORE_I/Inst_drp_arbiter/di_C_reg_reg[0]/CLR
                            (recovery check against rising-edge clock clk_out1_user_35t_clk_wiz_0_0  {rise@0.000ns fall@5.000ns period=10.000ns})
  Path Group:             **async_default**
  Path Type:              Recovery (Max at Slow Process Corner)
  Requirement:            10.000ns  (clk_out1_user_35t_clk_wiz_0_0 rise@10.000ns - clk_out1_user_35t_clk_wiz_0_0 rise@0.000ns)
  Data Path Delay:        5.438ns  (logic 0.718ns (13.204%)  route 4.720ns (86.796%))
  Logic Levels:           1  (LUT3=1)
  Clock Path Skew:        -0.036ns (DCD - SCD + CPR)
    Destination Clock Delay (DCD):    1.430ns = ( 11.430 - 10.000 ) 
    Source Clock Delay      (SCD):    1.558ns
    Clock Pessimism Removal (CPR):    0.092ns
  Clock Uncertainty:      0.243ns  ((TSJ^2 + DJ^2)^1/2) / 2 + PE
    Total System Jitter     (TSJ):    0.071ns
    Discrete Jitter          (DJ):    0.480ns
    Phase Error              (PE):    0.000ns

    Location             Delay type                Incr(ns)  Path(ns)    Netlist Resource(s)
  -------------------------------------------------------------------    -------------------
                         (clock clk_out1_user_35t_clk_wiz_0_0 rise edge)
                                                      0.000     0.000 r  
    BUFGCTRL_X0Y4        BUFG                         0.000     0.000 r  sys_clock_IBUF_BUFG_inst/O
                         net (fo=38, routed)          1.575     1.575    user_35t_i/clk_wiz_0/inst/clk_in1
    MMCME2_ADV_X1Y0      MMCME2_ADV (Prop_mmcme2_adv_CLKIN1_CLKOUT0)
                                                     -3.333    -1.757 r  user_35t_i/clk_wiz_0/inst/mmcm_adv_inst/CLKOUT0
                         net (fo=1, routed)           1.661    -0.096    user_35t_i/clk_wiz_0/inst/clk_out1_user_35t_clk_wiz_0_0
    BUFGCTRL_X0Y0        BUFG (Prop_bufg_I_O)         0.096    -0.000 r  user_35t_i/clk_wiz_0/inst/clkout1_buf/O
                         net (fo=25480, routed)       1.558     1.558    user_35t_i/xadc_wiz_0/inst/SOFT_RESET_I/s_axi_aclk
    SLICE_X49Y93         FDRE                                         r  user_35t_i/xadc_wiz_0/inst/SOFT_RESET_I/RESET_FLOPS[15].RST_FLOPS/C
  -------------------------------------------------------------------    -------------------
    SLICE_X49Y93         FDRE (Prop_fdre_C_Q)         0.419     1.977 f  user_35t_i/xadc_wiz_0/inst/SOFT_RESET_I/RESET_FLOPS[15].RST_FLOPS/Q
                         net (fo=5, routed)           0.842     2.819    user_35t_i/xadc_wiz_0/inst/AXI_XADC_CORE_I/Inst_drp_arbiter/FSM_sequential_state_reg[1]_0
    SLICE_X47Y91         LUT3 (Prop_lut3_I2_O)        0.299     3.118 f  user_35t_i/xadc_wiz_0/inst/AXI_XADC_CORE_I/Inst_drp_arbiter/FIFO18E1_inst_data_i_2/O
                         net (fo=106, routed)         3.878     6.996    user_35t_i/xadc_wiz_0/inst/AXI_XADC_CORE_I/Inst_drp_arbiter/AR[0]
    SLICE_X48Y80         FDCE                                         f  user_35t_i/xadc_wiz_0/inst/AXI_XADC_CORE_I/Inst_drp_arbiter/di_C_reg_reg[0]/CLR
  -------------------------------------------------------------------    -------------------

                         (clock clk_out1_user_35t_clk_wiz_0_0 rise edge)
                                                     10.000    10.000 r  
    BUFGCTRL_X0Y4        BUFG                         0.000    10.000 r  sys_clock_IBUF_BUFG_inst/O
                         net (fo=38, routed)          1.457    11.457    user_35t_i/clk_wiz_0/inst/clk_in1
    MMCME2_ADV_X1Y0      MMCME2_ADV (Prop_mmcme2_adv_CLKIN1_CLKOUT0)
                                                     -3.129     8.328 r  user_35t_i/clk_wiz_0/inst/mmcm_adv_inst/CLKOUT0
                         net (fo=1, routed)           1.581     9.909    user_35t_i/clk_wiz_0/inst/clk_out1_user_35t_clk_wiz_0_0
    BUFGCTRL_X0Y0        BUFG (Prop_bufg_I_O)         0.091    10.000 r  user_35t_i/clk_wiz_0/inst/clkout1_buf/O
                         net (fo=25480, routed)       1.430    11.430    user_35t_i/xadc_wiz_0/inst/AXI_XADC_CORE_I/Inst_drp_arbiter/s_axi_aclk
    SLICE_X48Y80         FDCE                                         r  user_35t_i/xadc_wiz_0/inst/AXI_XADC_CORE_I/Inst_drp_arbiter/di_C_reg_reg[0]/C
                         clock pessimism              0.092    11.522    
                         clock uncertainty           -0.243    11.279    
    SLICE_X48Y80         FDCE (Recov_fdce_C_CLR)     -0.405    10.874    user_35t_i/xadc_wiz_0/inst/AXI_XADC_CORE_I/Inst_drp_arbiter/di_C_reg_reg[0]
  -------------------------------------------------------------------
                         required time                         10.874    
                         arrival time                          -6.996    
  -------------------------------------------------------------------
                         slack                                  3.879    

Slack (MET) :             3.879ns  (required time - arrival time)
  Source:                 user_35t_i/xadc_wiz_0/inst/SOFT_RESET_I/RESET_FLOPS[15].RST_FLOPS/C
                            (rising edge-triggered cell FDRE clocked by clk_out1_user_35t_clk_wiz_0_0  {rise@0.000ns fall@5.000ns period=10.000ns})
  Destination:            user_35t_i/xadc_wiz_0/inst/AXI_XADC_CORE_I/Inst_drp_arbiter/dwe_C_reg_reg/CLR
                            (recovery check against rising-edge clock clk_out1_user_35t_clk_wiz_0_0  {rise@0.000ns fall@5.000ns period=10.000ns})
  Path Group:             **async_default**
  Path Type:              Recovery (Max at Slow Process Corner)
  Requirement:            10.000ns  (clk_out1_user_35t_clk_wiz_0_0 rise@10.000ns - clk_out1_user_35t_clk_wiz_0_0 rise@0.000ns)
  Data Path Delay:        5.438ns  (logic 0.718ns (13.204%)  route 4.720ns (86.796%))
  Logic Levels:           1  (LUT3=1)
  Clock Path Skew:        -0.036ns (DCD - SCD + CPR)
    Destination Clock Delay (DCD):    1.430ns = ( 11.430 - 10.000 ) 
    Source Clock Delay      (SCD):    1.558ns
    Clock Pessimism Removal (CPR):    0.092ns
  Clock Uncertainty:      0.243ns  ((TSJ^2 + DJ^2)^1/2) / 2 + PE
    Total System Jitter     (TSJ):    0.071ns
    Discrete Jitter          (DJ):    0.480ns
    Phase Error              (PE):    0.000ns

    Location             Delay type                Incr(ns)  Path(ns)    Netlist Resource(s)
  -------------------------------------------------------------------    -------------------
                         (clock clk_out1_user_35t_clk_wiz_0_0 rise edge)
                                                      0.000     0.000 r  
    BUFGCTRL_X0Y4        BUFG                         0.000     0.000 r  sys_clock_IBUF_BUFG_inst/O
                         net (fo=38, routed)          1.575     1.575    user_35t_i/clk_wiz_0/inst/clk_in1
    MMCME2_ADV_X1Y0      MMCME2_ADV (Prop_mmcme2_adv_CLKIN1_CLKOUT0)
                                                     -3.333    -1.757 r  user_35t_i/clk_wiz_0/inst/mmcm_adv_inst/CLKOUT0
                         net (fo=1, routed)           1.661    -0.096    user_35t_i/clk_wiz_0/inst/clk_out1_user_35t_clk_wiz_0_0
    BUFGCTRL_X0Y0        BUFG (Prop_bufg_I_O)         0.096    -0.000 r  user_35t_i/clk_wiz_0/inst/clkout1_buf/O
                         net (fo=25480, routed)       1.558     1.558    user_35t_i/xadc_wiz_0/inst/SOFT_RESET_I/s_axi_aclk
    SLICE_X49Y93         FDRE                                         r  user_35t_i/xadc_wiz_0/inst/SOFT_RESET_I/RESET_FLOPS[15].RST_FLOPS/C
  -------------------------------------------------------------------    -------------------
    SLICE_X49Y93         FDRE (Prop_fdre_C_Q)         0.419     1.977 f  user_35t_i/xadc_wiz_0/inst/SOFT_RESET_I/RESET_FLOPS[15].RST_FLOPS/Q
                         net (fo=5, routed)           0.842     2.819    user_35t_i/xadc_wiz_0/inst/AXI_XADC_CORE_I/Inst_drp_arbiter/FSM_sequential_state_reg[1]_0
    SLICE_X47Y91         LUT3 (Prop_lut3_I2_O)        0.299     3.118 f  user_35t_i/xadc_wiz_0/inst/AXI_XADC_CORE_I/Inst_drp_arbiter/FIFO18E1_inst_data_i_2/O
                         net (fo=106, routed)         3.878     6.996    user_35t_i/xadc_wiz_0/inst/AXI_XADC_CORE_I/Inst_drp_arbiter/AR[0]
    SLICE_X48Y80         FDCE                                         f  user_35t_i/xadc_wiz_0/inst/AXI_XADC_CORE_I/Inst_drp_arbiter/dwe_C_reg_reg/CLR
  -------------------------------------------------------------------    -------------------

                         (clock clk_out1_user_35t_clk_wiz_0_0 rise edge)
                                                     10.000    10.000 r  
    BUFGCTRL_X0Y4        BUFG                         0.000    10.000 r  sys_clock_IBUF_BUFG_inst/O
                         net (fo=38, routed)          1.457    11.457    user_35t_i/clk_wiz_0/inst/clk_in1
    MMCME2_ADV_X1Y0      MMCME2_ADV (Prop_mmcme2_adv_CLKIN1_CLKOUT0)
                                                     -3.129     8.328 r  user_35t_i/clk_wiz_0/inst/mmcm_adv_inst/CLKOUT0
                         net (fo=1, routed)           1.581     9.909    user_35t_i/clk_wiz_0/inst/clk_out1_user_35t_clk_wiz_0_0
    BUFGCTRL_X0Y0        BUFG (Prop_bufg_I_O)         0.091    10.000 r  user_35t_i/clk_wiz_0/inst/clkout1_buf/O
                         net (fo=25480, routed)       1.430    11.430    user_35t_i/xadc_wiz_0/inst/AXI_XADC_CORE_I/Inst_drp_arbiter/s_axi_aclk
    SLICE_X48Y80         FDCE                                         r  user_35t_i/xadc_wiz_0/inst/AXI_XADC_CORE_I/Inst_drp_arbiter/dwe_C_reg_reg/C
                         clock pessimism              0.092    11.522    
                         clock uncertainty           -0.243    11.279    
    SLICE_X48Y80         FDCE (Recov_fdce_C_CLR)     -0.405    10.874    user_35t_i/xadc_wiz_0/inst/AXI_XADC_CORE_I/Inst_drp_arbiter/dwe_C_reg_reg
  -------------------------------------------------------------------
                         required time                         10.874    
                         arrival time                          -6.996    
  -------------------------------------------------------------------
                         slack                                  3.879    

Slack (MET) :             3.883ns  (required time - arrival time)
  Source:                 user_35t_i/xadc_wiz_0/inst/SOFT_RESET_I/RESET_FLOPS[15].RST_FLOPS/C
                            (rising edge-triggered cell FDRE clocked by clk_out1_user_35t_clk_wiz_0_0  {rise@0.000ns fall@5.000ns period=10.000ns})
  Destination:            user_35t_i/xadc_wiz_0/inst/AXI_XADC_CORE_I/Inst_drp_arbiter/di_reg_reg[0]/CLR
                            (recovery check against rising-edge clock clk_out1_user_35t_clk_wiz_0_0  {rise@0.000ns fall@5.000ns period=10.000ns})
  Path Group:             **async_default**
  Path Type:              Recovery (Max at Slow Process Corner)
  Requirement:            10.000ns  (clk_out1_user_35t_clk_wiz_0_0 rise@10.000ns - clk_out1_user_35t_clk_wiz_0_0 rise@0.000ns)
  Data Path Delay:        5.433ns  (logic 0.718ns (13.214%)  route 4.715ns (86.786%))
  Logic Levels:           1  (LUT3=1)
  Clock Path Skew:        -0.036ns (DCD - SCD + CPR)
    Destination Clock Delay (DCD):    1.430ns = ( 11.430 - 10.000 ) 
    Source Clock Delay      (SCD):    1.558ns
    Clock Pessimism Removal (CPR):    0.092ns
  Clock Uncertainty:      0.243ns  ((TSJ^2 + DJ^2)^1/2) / 2 + PE
    Total System Jitter     (TSJ):    0.071ns
    Discrete Jitter          (DJ):    0.480ns
    Phase Error              (PE):    0.000ns

    Location             Delay type                Incr(ns)  Path(ns)    Netlist Resource(s)
  -------------------------------------------------------------------    -------------------
                         (clock clk_out1_user_35t_clk_wiz_0_0 rise edge)
                                                      0.000     0.000 r  
    BUFGCTRL_X0Y4        BUFG                         0.000     0.000 r  sys_clock_IBUF_BUFG_inst/O
                         net (fo=38, routed)          1.575     1.575    user_35t_i/clk_wiz_0/inst/clk_in1
    MMCME2_ADV_X1Y0      MMCME2_ADV (Prop_mmcme2_adv_CLKIN1_CLKOUT0)
                                                     -3.333    -1.757 r  user_35t_i/clk_wiz_0/inst/mmcm_adv_inst/CLKOUT0
                         net (fo=1, routed)           1.661    -0.096    user_35t_i/clk_wiz_0/inst/clk_out1_user_35t_clk_wiz_0_0
    BUFGCTRL_X0Y0        BUFG (Prop_bufg_I_O)         0.096    -0.000 r  user_35t_i/clk_wiz_0/inst/clkout1_buf/O
                         net (fo=25480, routed)       1.558     1.558    user_35t_i/xadc_wiz_0/inst/SOFT_RESET_I/s_axi_aclk
    SLICE_X49Y93         FDRE                                         r  user_35t_i/xadc_wiz_0/inst/SOFT_RESET_I/RESET_FLOPS[15].RST_FLOPS/C
  -------------------------------------------------------------------    -------------------
    SLICE_X49Y93         FDRE (Prop_fdre_C_Q)         0.419     1.977 f  user_35t_i/xadc_wiz_0/inst/SOFT_RESET_I/RESET_FLOPS[15].RST_FLOPS/Q
                         net (fo=5, routed)           0.842     2.819    user_35t_i/xadc_wiz_0/inst/AXI_XADC_CORE_I/Inst_drp_arbiter/FSM_sequential_state_reg[1]_0
    SLICE_X47Y91         LUT3 (Prop_lut3_I2_O)        0.299     3.118 f  user_35t_i/xadc_wiz_0/inst/AXI_XADC_CORE_I/Inst_drp_arbiter/FIFO18E1_inst_data_i_2/O
                         net (fo=106, routed)         3.874     6.991    user_35t_i/xadc_wiz_0/inst/AXI_XADC_CORE_I/Inst_drp_arbiter/AR[0]
    SLICE_X49Y80         FDCE                                         f  user_35t_i/xadc_wiz_0/inst/AXI_XADC_CORE_I/Inst_drp_arbiter/di_reg_reg[0]/CLR
  -------------------------------------------------------------------    -------------------

                         (clock clk_out1_user_35t_clk_wiz_0_0 rise edge)
                                                     10.000    10.000 r  
    BUFGCTRL_X0Y4        BUFG                         0.000    10.000 r  sys_clock_IBUF_BUFG_inst/O
                         net (fo=38, routed)          1.457    11.457    user_35t_i/clk_wiz_0/inst/clk_in1
    MMCME2_ADV_X1Y0      MMCME2_ADV (Prop_mmcme2_adv_CLKIN1_CLKOUT0)
                                                     -3.129     8.328 r  user_35t_i/clk_wiz_0/inst/mmcm_adv_inst/CLKOUT0
                         net (fo=1, routed)           1.581     9.909    user_35t_i/clk_wiz_0/inst/clk_out1_user_35t_clk_wiz_0_0
    BUFGCTRL_X0Y0        BUFG (Prop_bufg_I_O)         0.091    10.000 r  user_35t_i/clk_wiz_0/inst/clkout1_buf/O
                         net (fo=25480, routed)       1.430    11.430    user_35t_i/xadc_wiz_0/inst/AXI_XADC_CORE_I/Inst_drp_arbiter/s_axi_aclk
    SLICE_X49Y80         FDCE                                         r  user_35t_i/xadc_wiz_0/inst/AXI_XADC_CORE_I/Inst_drp_arbiter/di_reg_reg[0]/C
                         clock pessimism              0.092    11.522    
                         clock uncertainty           -0.243    11.279    
    SLICE_X49Y80         FDCE (Recov_fdce_C_CLR)     -0.405    10.874    user_35t_i/xadc_wiz_0/inst/AXI_XADC_CORE_I/Inst_drp_arbiter/di_reg_reg[0]
  -------------------------------------------------------------------
                         required time                         10.874    
                         arrival time                          -6.991    
  -------------------------------------------------------------------
                         slack                                  3.883    

Slack (MET) :             3.883ns  (required time - arrival time)
  Source:                 user_35t_i/xadc_wiz_0/inst/SOFT_RESET_I/RESET_FLOPS[15].RST_FLOPS/C
                            (rising edge-triggered cell FDRE clocked by clk_out1_user_35t_clk_wiz_0_0  {rise@0.000ns fall@5.000ns period=10.000ns})
  Destination:            user_35t_i/xadc_wiz_0/inst/AXI_XADC_CORE_I/Inst_drp_arbiter/di_reg_reg[13]/CLR
                            (recovery check against rising-edge clock clk_out1_user_35t_clk_wiz_0_0  {rise@0.000ns fall@5.000ns period=10.000ns})
  Path Group:             **async_default**
  Path Type:              Recovery (Max at Slow Process Corner)
  Requirement:            10.000ns  (clk_out1_user_35t_clk_wiz_0_0 rise@10.000ns - clk_out1_user_35t_clk_wiz_0_0 rise@0.000ns)
  Data Path Delay:        5.433ns  (logic 0.718ns (13.214%)  route 4.715ns (86.786%))
  Logic Levels:           1  (LUT3=1)
  Clock Path Skew:        -0.036ns (DCD - SCD + CPR)
    Destination Clock Delay (DCD):    1.430ns = ( 11.430 - 10.000 ) 
    Source Clock Delay      (SCD):    1.558ns
    Clock Pessimism Removal (CPR):    0.092ns
  Clock Uncertainty:      0.243ns  ((TSJ^2 + DJ^2)^1/2) / 2 + PE
    Total System Jitter     (TSJ):    0.071ns
    Discrete Jitter          (DJ):    0.480ns
    Phase Error              (PE):    0.000ns

    Location             Delay type                Incr(ns)  Path(ns)    Netlist Resource(s)
  -------------------------------------------------------------------    -------------------
                         (clock clk_out1_user_35t_clk_wiz_0_0 rise edge)
                                                      0.000     0.000 r  
    BUFGCTRL_X0Y4        BUFG                         0.000     0.000 r  sys_clock_IBUF_BUFG_inst/O
                         net (fo=38, routed)          1.575     1.575    user_35t_i/clk_wiz_0/inst/clk_in1
    MMCME2_ADV_X1Y0      MMCME2_ADV (Prop_mmcme2_adv_CLKIN1_CLKOUT0)
                                                     -3.333    -1.757 r  user_35t_i/clk_wiz_0/inst/mmcm_adv_inst/CLKOUT0
                         net (fo=1, routed)           1.661    -0.096    user_35t_i/clk_wiz_0/inst/clk_out1_user_35t_clk_wiz_0_0
    BUFGCTRL_X0Y0        BUFG (Prop_bufg_I_O)         0.096    -0.000 r  user_35t_i/clk_wiz_0/inst/clkout1_buf/O
                         net (fo=25480, routed)       1.558     1.558    user_35t_i/xadc_wiz_0/inst/SOFT_RESET_I/s_axi_aclk
    SLICE_X49Y93         FDRE                                         r  user_35t_i/xadc_wiz_0/inst/SOFT_RESET_I/RESET_FLOPS[15].RST_FLOPS/C
  -------------------------------------------------------------------    -------------------
    SLICE_X49Y93         FDRE (Prop_fdre_C_Q)         0.419     1.977 f  user_35t_i/xadc_wiz_0/inst/SOFT_RESET_I/RESET_FLOPS[15].RST_FLOPS/Q
                         net (fo=5, routed)           0.842     2.819    user_35t_i/xadc_wiz_0/inst/AXI_XADC_CORE_I/Inst_drp_arbiter/FSM_sequential_state_reg[1]_0
    SLICE_X47Y91         LUT3 (Prop_lut3_I2_O)        0.299     3.118 f  user_35t_i/xadc_wiz_0/inst/AXI_XADC_CORE_I/Inst_drp_arbiter/FIFO18E1_inst_data_i_2/O
                         net (fo=106, routed)         3.874     6.991    user_35t_i/xadc_wiz_0/inst/AXI_XADC_CORE_I/Inst_drp_arbiter/AR[0]
    SLICE_X49Y80         FDCE                                         f  user_35t_i/xadc_wiz_0/inst/AXI_XADC_CORE_I/Inst_drp_arbiter/di_reg_reg[13]/CLR
  -------------------------------------------------------------------    -------------------

                         (clock clk_out1_user_35t_clk_wiz_0_0 rise edge)
                                                     10.000    10.000 r  
    BUFGCTRL_X0Y4        BUFG                         0.000    10.000 r  sys_clock_IBUF_BUFG_inst/O
                         net (fo=38, routed)          1.457    11.457    user_35t_i/clk_wiz_0/inst/clk_in1
    MMCME2_ADV_X1Y0      MMCME2_ADV (Prop_mmcme2_adv_CLKIN1_CLKOUT0)
                                                     -3.129     8.328 r  user_35t_i/clk_wiz_0/inst/mmcm_adv_inst/CLKOUT0
                         net (fo=1, routed)           1.581     9.909    user_35t_i/clk_wiz_0/inst/clk_out1_user_35t_clk_wiz_0_0
    BUFGCTRL_X0Y0        BUFG (Prop_bufg_I_O)         0.091    10.000 r  user_35t_i/clk_wiz_0/inst/clkout1_buf/O
                         net (fo=25480, routed)       1.430    11.430    user_35t_i/xadc_wiz_0/inst/AXI_XADC_CORE_I/Inst_drp_arbiter/s_axi_aclk
    SLICE_X49Y80         FDCE                                         r  user_35t_i/xadc_wiz_0/inst/AXI_XADC_CORE_I/Inst_drp_arbiter/di_reg_reg[13]/C
                         clock pessimism              0.092    11.522    
                         clock uncertainty           -0.243    11.279    
    SLICE_X49Y80         FDCE (Recov_fdce_C_CLR)     -0.405    10.874    user_35t_i/xadc_wiz_0/inst/AXI_XADC_CORE_I/Inst_drp_arbiter/di_reg_reg[13]
  -------------------------------------------------------------------
                         required time                         10.874    
                         arrival time                          -6.991    
  -------------------------------------------------------------------
                         slack                                  3.883    

Slack (MET) :             3.883ns  (required time - arrival time)
  Source:                 user_35t_i/xadc_wiz_0/inst/SOFT_RESET_I/RESET_FLOPS[15].RST_FLOPS/C
                            (rising edge-triggered cell FDRE clocked by clk_out1_user_35t_clk_wiz_0_0  {rise@0.000ns fall@5.000ns period=10.000ns})
  Destination:            user_35t_i/xadc_wiz_0/inst/AXI_XADC_CORE_I/Inst_drp_arbiter/di_reg_reg[14]/CLR
                            (recovery check against rising-edge clock clk_out1_user_35t_clk_wiz_0_0  {rise@0.000ns fall@5.000ns period=10.000ns})
  Path Group:             **async_default**
  Path Type:              Recovery (Max at Slow Process Corner)
  Requirement:            10.000ns  (clk_out1_user_35t_clk_wiz_0_0 rise@10.000ns - clk_out1_user_35t_clk_wiz_0_0 rise@0.000ns)
  Data Path Delay:        5.433ns  (logic 0.718ns (13.214%)  route 4.715ns (86.786%))
  Logic Levels:           1  (LUT3=1)
  Clock Path Skew:        -0.036ns (DCD - SCD + CPR)
    Destination Clock Delay (DCD):    1.430ns = ( 11.430 - 10.000 ) 
    Source Clock Delay      (SCD):    1.558ns
    Clock Pessimism Removal (CPR):    0.092ns
  Clock Uncertainty:      0.243ns  ((TSJ^2 + DJ^2)^1/2) / 2 + PE
    Total System Jitter     (TSJ):    0.071ns
    Discrete Jitter          (DJ):    0.480ns
    Phase Error              (PE):    0.000ns

    Location             Delay type                Incr(ns)  Path(ns)    Netlist Resource(s)
  -------------------------------------------------------------------    -------------------
                         (clock clk_out1_user_35t_clk_wiz_0_0 rise edge)
                                                      0.000     0.000 r  
    BUFGCTRL_X0Y4        BUFG                         0.000     0.000 r  sys_clock_IBUF_BUFG_inst/O
                         net (fo=38, routed)          1.575     1.575    user_35t_i/clk_wiz_0/inst/clk_in1
    MMCME2_ADV_X1Y0      MMCME2_ADV (Prop_mmcme2_adv_CLKIN1_CLKOUT0)
                                                     -3.333    -1.757 r  user_35t_i/clk_wiz_0/inst/mmcm_adv_inst/CLKOUT0
                         net (fo=1, routed)           1.661    -0.096    user_35t_i/clk_wiz_0/inst/clk_out1_user_35t_clk_wiz_0_0
    BUFGCTRL_X0Y0        BUFG (Prop_bufg_I_O)         0.096    -0.000 r  user_35t_i/clk_wiz_0/inst/clkout1_buf/O
                         net (fo=25480, routed)       1.558     1.558    user_35t_i/xadc_wiz_0/inst/SOFT_RESET_I/s_axi_aclk
    SLICE_X49Y93         FDRE                                         r  user_35t_i/xadc_wiz_0/inst/SOFT_RESET_I/RESET_FLOPS[15].RST_FLOPS/C
  -------------------------------------------------------------------    -------------------
    SLICE_X49Y93         FDRE (Prop_fdre_C_Q)         0.419     1.977 f  user_35t_i/xadc_wiz_0/inst/SOFT_RESET_I/RESET_FLOPS[15].RST_FLOPS/Q
                         net (fo=5, routed)           0.842     2.819    user_35t_i/xadc_wiz_0/inst/AXI_XADC_CORE_I/Inst_drp_arbiter/FSM_sequential_state_reg[1]_0
    SLICE_X47Y91         LUT3 (Prop_lut3_I2_O)        0.299     3.118 f  user_35t_i/xadc_wiz_0/inst/AXI_XADC_CORE_I/Inst_drp_arbiter/FIFO18E1_inst_data_i_2/O
                         net (fo=106, routed)         3.874     6.991    user_35t_i/xadc_wiz_0/inst/AXI_XADC_CORE_I/Inst_drp_arbiter/AR[0]
    SLICE_X49Y80         FDCE                                         f  user_35t_i/xadc_wiz_0/inst/AXI_XADC_CORE_I/Inst_drp_arbiter/di_reg_reg[14]/CLR
  -------------------------------------------------------------------    -------------------

                         (clock clk_out1_user_35t_clk_wiz_0_0 rise edge)
                                                     10.000    10.000 r  
    BUFGCTRL_X0Y4        BUFG                         0.000    10.000 r  sys_clock_IBUF_BUFG_inst/O
                         net (fo=38, routed)          1.457    11.457    user_35t_i/clk_wiz_0/inst/clk_in1
    MMCME2_ADV_X1Y0      MMCME2_ADV (Prop_mmcme2_adv_CLKIN1_CLKOUT0)
                                                     -3.129     8.328 r  user_35t_i/clk_wiz_0/inst/mmcm_adv_inst/CLKOUT0
                         net (fo=1, routed)           1.581     9.909    user_35t_i/clk_wiz_0/inst/clk_out1_user_35t_clk_wiz_0_0
    BUFGCTRL_X0Y0        BUFG (Prop_bufg_I_O)         0.091    10.000 r  user_35t_i/clk_wiz_0/inst/clkout1_buf/O
                         net (fo=25480, routed)       1.430    11.430    user_35t_i/xadc_wiz_0/inst/AXI_XADC_CORE_I/Inst_drp_arbiter/s_axi_aclk
    SLICE_X49Y80         FDCE                                         r  user_35t_i/xadc_wiz_0/inst/AXI_XADC_CORE_I/Inst_drp_arbiter/di_reg_reg[14]/C
                         clock pessimism              0.092    11.522    
                         clock uncertainty           -0.243    11.279    
    SLICE_X49Y80         FDCE (Recov_fdce_C_CLR)     -0.405    10.874    user_35t_i/xadc_wiz_0/inst/AXI_XADC_CORE_I/Inst_drp_arbiter/di_reg_reg[14]
  -------------------------------------------------------------------
                         required time                         10.874    
                         arrival time                          -6.991    
  -------------------------------------------------------------------
                         slack                                  3.883    

Slack (MET) :             3.883ns  (required time - arrival time)
  Source:                 user_35t_i/xadc_wiz_0/inst/SOFT_RESET_I/RESET_FLOPS[15].RST_FLOPS/C
                            (rising edge-triggered cell FDRE clocked by clk_out1_user_35t_clk_wiz_0_0  {rise@0.000ns fall@5.000ns period=10.000ns})
  Destination:            user_35t_i/xadc_wiz_0/inst/AXI_XADC_CORE_I/Inst_drp_arbiter/di_reg_reg[1]/CLR
                            (recovery check against rising-edge clock clk_out1_user_35t_clk_wiz_0_0  {rise@0.000ns fall@5.000ns period=10.000ns})
  Path Group:             **async_default**
  Path Type:              Recovery (Max at Slow Process Corner)
  Requirement:            10.000ns  (clk_out1_user_35t_clk_wiz_0_0 rise@10.000ns - clk_out1_user_35t_clk_wiz_0_0 rise@0.000ns)
  Data Path Delay:        5.433ns  (logic 0.718ns (13.214%)  route 4.715ns (86.786%))
  Logic Levels:           1  (LUT3=1)
  Clock Path Skew:        -0.036ns (DCD - SCD + CPR)
    Destination Clock Delay (DCD):    1.430ns = ( 11.430 - 10.000 ) 
    Source Clock Delay      (SCD):    1.558ns
    Clock Pessimism Removal (CPR):    0.092ns
  Clock Uncertainty:      0.243ns  ((TSJ^2 + DJ^2)^1/2) / 2 + PE
    Total System Jitter     (TSJ):    0.071ns
    Discrete Jitter          (DJ):    0.480ns
    Phase Error              (PE):    0.000ns

    Location             Delay type                Incr(ns)  Path(ns)    Netlist Resource(s)
  -------------------------------------------------------------------    -------------------
                         (clock clk_out1_user_35t_clk_wiz_0_0 rise edge)
                                                      0.000     0.000 r  
    BUFGCTRL_X0Y4        BUFG                         0.000     0.000 r  sys_clock_IBUF_BUFG_inst/O
                         net (fo=38, routed)          1.575     1.575    user_35t_i/clk_wiz_0/inst/clk_in1
    MMCME2_ADV_X1Y0      MMCME2_ADV (Prop_mmcme2_adv_CLKIN1_CLKOUT0)
                                                     -3.333    -1.757 r  user_35t_i/clk_wiz_0/inst/mmcm_adv_inst/CLKOUT0
                         net (fo=1, routed)           1.661    -0.096    user_35t_i/clk_wiz_0/inst/clk_out1_user_35t_clk_wiz_0_0
    BUFGCTRL_X0Y0        BUFG (Prop_bufg_I_O)         0.096    -0.000 r  user_35t_i/clk_wiz_0/inst/clkout1_buf/O
                         net (fo=25480, routed)       1.558     1.558    user_35t_i/xadc_wiz_0/inst/SOFT_RESET_I/s_axi_aclk
    SLICE_X49Y93         FDRE                                         r  user_35t_i/xadc_wiz_0/inst/SOFT_RESET_I/RESET_FLOPS[15].RST_FLOPS/C
  -------------------------------------------------------------------    -------------------
    SLICE_X49Y93         FDRE (Prop_fdre_C_Q)         0.419     1.977 f  user_35t_i/xadc_wiz_0/inst/SOFT_RESET_I/RESET_FLOPS[15].RST_FLOPS/Q
                         net (fo=5, routed)           0.842     2.819    user_35t_i/xadc_wiz_0/inst/AXI_XADC_CORE_I/Inst_drp_arbiter/FSM_sequential_state_reg[1]_0
    SLICE_X47Y91         LUT3 (Prop_lut3_I2_O)        0.299     3.118 f  user_35t_i/xadc_wiz_0/inst/AXI_XADC_CORE_I/Inst_drp_arbiter/FIFO18E1_inst_data_i_2/O
                         net (fo=106, routed)         3.874     6.991    user_35t_i/xadc_wiz_0/inst/AXI_XADC_CORE_I/Inst_drp_arbiter/AR[0]
    SLICE_X49Y80         FDCE                                         f  user_35t_i/xadc_wiz_0/inst/AXI_XADC_CORE_I/Inst_drp_arbiter/di_reg_reg[1]/CLR
  -------------------------------------------------------------------    -------------------

                         (clock clk_out1_user_35t_clk_wiz_0_0 rise edge)
                                                     10.000    10.000 r  
    BUFGCTRL_X0Y4        BUFG                         0.000    10.000 r  sys_clock_IBUF_BUFG_inst/O
                         net (fo=38, routed)          1.457    11.457    user_35t_i/clk_wiz_0/inst/clk_in1
    MMCME2_ADV_X1Y0      MMCME2_ADV (Prop_mmcme2_adv_CLKIN1_CLKOUT0)
                                                     -3.129     8.328 r  user_35t_i/clk_wiz_0/inst/mmcm_adv_inst/CLKOUT0
                         net (fo=1, routed)           1.581     9.909    user_35t_i/clk_wiz_0/inst/clk_out1_user_35t_clk_wiz_0_0
    BUFGCTRL_X0Y0        BUFG (Prop_bufg_I_O)         0.091    10.000 r  user_35t_i/clk_wiz_0/inst/clkout1_buf/O
                         net (fo=25480, routed)       1.430    11.430    user_35t_i/xadc_wiz_0/inst/AXI_XADC_CORE_I/Inst_drp_arbiter/s_axi_aclk
    SLICE_X49Y80         FDCE                                         r  user_35t_i/xadc_wiz_0/inst/AXI_XADC_CORE_I/Inst_drp_arbiter/di_reg_reg[1]/C
                         clock pessimism              0.092    11.522    
                         clock uncertainty           -0.243    11.279    
    SLICE_X49Y80         FDCE (Recov_fdce_C_CLR)     -0.405    10.874    user_35t_i/xadc_wiz_0/inst/AXI_XADC_CORE_I/Inst_drp_arbiter/di_reg_reg[1]
  -------------------------------------------------------------------
                         required time                         10.874    
                         arrival time                          -6.991    
  -------------------------------------------------------------------
                         slack                                  3.883    

Slack (MET) :             3.883ns  (required time - arrival time)
  Source:                 user_35t_i/xadc_wiz_0/inst/SOFT_RESET_I/RESET_FLOPS[15].RST_FLOPS/C
                            (rising edge-triggered cell FDRE clocked by clk_out1_user_35t_clk_wiz_0_0  {rise@0.000ns fall@5.000ns period=10.000ns})
  Destination:            user_35t_i/xadc_wiz_0/inst/AXI_XADC_CORE_I/Inst_drp_arbiter/di_reg_reg[2]/CLR
                            (recovery check against rising-edge clock clk_out1_user_35t_clk_wiz_0_0  {rise@0.000ns fall@5.000ns period=10.000ns})
  Path Group:             **async_default**
  Path Type:              Recovery (Max at Slow Process Corner)
  Requirement:            10.000ns  (clk_out1_user_35t_clk_wiz_0_0 rise@10.000ns - clk_out1_user_35t_clk_wiz_0_0 rise@0.000ns)
  Data Path Delay:        5.433ns  (logic 0.718ns (13.214%)  route 4.715ns (86.786%))
  Logic Levels:           1  (LUT3=1)
  Clock Path Skew:        -0.036ns (DCD - SCD + CPR)
    Destination Clock Delay (DCD):    1.430ns = ( 11.430 - 10.000 ) 
    Source Clock Delay      (SCD):    1.558ns
    Clock Pessimism Removal (CPR):    0.092ns
  Clock Uncertainty:      0.243ns  ((TSJ^2 + DJ^2)^1/2) / 2 + PE
    Total System Jitter     (TSJ):    0.071ns
    Discrete Jitter          (DJ):    0.480ns
    Phase Error              (PE):    0.000ns

    Location             Delay type                Incr(ns)  Path(ns)    Netlist Resource(s)
  -------------------------------------------------------------------    -------------------
                         (clock clk_out1_user_35t_clk_wiz_0_0 rise edge)
                                                      0.000     0.000 r  
    BUFGCTRL_X0Y4        BUFG                         0.000     0.000 r  sys_clock_IBUF_BUFG_inst/O
                         net (fo=38, routed)          1.575     1.575    user_35t_i/clk_wiz_0/inst/clk_in1
    MMCME2_ADV_X1Y0      MMCME2_ADV (Prop_mmcme2_adv_CLKIN1_CLKOUT0)
                                                     -3.333    -1.757 r  user_35t_i/clk_wiz_0/inst/mmcm_adv_inst/CLKOUT0
                         net (fo=1, routed)           1.661    -0.096    user_35t_i/clk_wiz_0/inst/clk_out1_user_35t_clk_wiz_0_0
    BUFGCTRL_X0Y0        BUFG (Prop_bufg_I_O)         0.096    -0.000 r  user_35t_i/clk_wiz_0/inst/clkout1_buf/O
                         net (fo=25480, routed)       1.558     1.558    user_35t_i/xadc_wiz_0/inst/SOFT_RESET_I/s_axi_aclk
    SLICE_X49Y93         FDRE                                         r  user_35t_i/xadc_wiz_0/inst/SOFT_RESET_I/RESET_FLOPS[15].RST_FLOPS/C
  -------------------------------------------------------------------    -------------------
    SLICE_X49Y93         FDRE (Prop_fdre_C_Q)         0.419     1.977 f  user_35t_i/xadc_wiz_0/inst/SOFT_RESET_I/RESET_FLOPS[15].RST_FLOPS/Q
                         net (fo=5, routed)           0.842     2.819    user_35t_i/xadc_wiz_0/inst/AXI_XADC_CORE_I/Inst_drp_arbiter/FSM_sequential_state_reg[1]_0
    SLICE_X47Y91         LUT3 (Prop_lut3_I2_O)        0.299     3.118 f  user_35t_i/xadc_wiz_0/inst/AXI_XADC_CORE_I/Inst_drp_arbiter/FIFO18E1_inst_data_i_2/O
                         net (fo=106, routed)         3.874     6.991    user_35t_i/xadc_wiz_0/inst/AXI_XADC_CORE_I/Inst_drp_arbiter/AR[0]
    SLICE_X49Y80         FDCE                                         f  user_35t_i/xadc_wiz_0/inst/AXI_XADC_CORE_I/Inst_drp_arbiter/di_reg_reg[2]/CLR
  -------------------------------------------------------------------    -------------------

                         (clock clk_out1_user_35t_clk_wiz_0_0 rise edge)
                                                     10.000    10.000 r  
    BUFGCTRL_X0Y4        BUFG                         0.000    10.000 r  sys_clock_IBUF_BUFG_inst/O
                         net (fo=38, routed)          1.457    11.457    user_35t_i/clk_wiz_0/inst/clk_in1
    MMCME2_ADV_X1Y0      MMCME2_ADV (Prop_mmcme2_adv_CLKIN1_CLKOUT0)
                                                     -3.129     8.328 r  user_35t_i/clk_wiz_0/inst/mmcm_adv_inst/CLKOUT0
                         net (fo=1, routed)           1.581     9.909    user_35t_i/clk_wiz_0/inst/clk_out1_user_35t_clk_wiz_0_0
    BUFGCTRL_X0Y0        BUFG (Prop_bufg_I_O)         0.091    10.000 r  user_35t_i/clk_wiz_0/inst/clkout1_buf/O
                         net (fo=25480, routed)       1.430    11.430    user_35t_i/xadc_wiz_0/inst/AXI_XADC_CORE_I/Inst_drp_arbiter/s_axi_aclk
    SLICE_X49Y80         FDCE                                         r  user_35t_i/xadc_wiz_0/inst/AXI_XADC_CORE_I/Inst_drp_arbiter/di_reg_reg[2]/C
                         clock pessimism              0.092    11.522    
                         clock uncertainty           -0.243    11.279    
    SLICE_X49Y80         FDCE (Recov_fdce_C_CLR)     -0.405    10.874    user_35t_i/xadc_wiz_0/inst/AXI_XADC_CORE_I/Inst_drp_arbiter/di_reg_reg[2]
  -------------------------------------------------------------------
                         required time                         10.874    
                         arrival time                          -6.991    
  -------------------------------------------------------------------
                         slack                                  3.883    

Slack (MET) :             3.883ns  (required time - arrival time)
  Source:                 user_35t_i/xadc_wiz_0/inst/SOFT_RESET_I/RESET_FLOPS[15].RST_FLOPS/C
                            (rising edge-triggered cell FDRE clocked by clk_out1_user_35t_clk_wiz_0_0  {rise@0.000ns fall@5.000ns period=10.000ns})
  Destination:            user_35t_i/xadc_wiz_0/inst/AXI_XADC_CORE_I/Inst_drp_arbiter/dwe_reg_reg/CLR
                            (recovery check against rising-edge clock clk_out1_user_35t_clk_wiz_0_0  {rise@0.000ns fall@5.000ns period=10.000ns})
  Path Group:             **async_default**
  Path Type:              Recovery (Max at Slow Process Corner)
  Requirement:            10.000ns  (clk_out1_user_35t_clk_wiz_0_0 rise@10.000ns - clk_out1_user_35t_clk_wiz_0_0 rise@0.000ns)
  Data Path Delay:        5.433ns  (logic 0.718ns (13.214%)  route 4.715ns (86.786%))
  Logic Levels:           1  (LUT3=1)
  Clock Path Skew:        -0.036ns (DCD - SCD + CPR)
    Destination Clock Delay (DCD):    1.430ns = ( 11.430 - 10.000 ) 
    Source Clock Delay      (SCD):    1.558ns
    Clock Pessimism Removal (CPR):    0.092ns
  Clock Uncertainty:      0.243ns  ((TSJ^2 + DJ^2)^1/2) / 2 + PE
    Total System Jitter     (TSJ):    0.071ns
    Discrete Jitter          (DJ):    0.480ns
    Phase Error              (PE):    0.000ns

    Location             Delay type                Incr(ns)  Path(ns)    Netlist Resource(s)
  -------------------------------------------------------------------    -------------------
                         (clock clk_out1_user_35t_clk_wiz_0_0 rise edge)
                                                      0.000     0.000 r  
    BUFGCTRL_X0Y4        BUFG                         0.000     0.000 r  sys_clock_IBUF_BUFG_inst/O
                         net (fo=38, routed)          1.575     1.575    user_35t_i/clk_wiz_0/inst/clk_in1
    MMCME2_ADV_X1Y0      MMCME2_ADV (Prop_mmcme2_adv_CLKIN1_CLKOUT0)
                                                     -3.333    -1.757 r  user_35t_i/clk_wiz_0/inst/mmcm_adv_inst/CLKOUT0
                         net (fo=1, routed)           1.661    -0.096    user_35t_i/clk_wiz_0/inst/clk_out1_user_35t_clk_wiz_0_0
    BUFGCTRL_X0Y0        BUFG (Prop_bufg_I_O)         0.096    -0.000 r  user_35t_i/clk_wiz_0/inst/clkout1_buf/O
                         net (fo=25480, routed)       1.558     1.558    user_35t_i/xadc_wiz_0/inst/SOFT_RESET_I/s_axi_aclk
    SLICE_X49Y93         FDRE                                         r  user_35t_i/xadc_wiz_0/inst/SOFT_RESET_I/RESET_FLOPS[15].RST_FLOPS/C
  -------------------------------------------------------------------    -------------------
    SLICE_X49Y93         FDRE (Prop_fdre_C_Q)         0.419     1.977 f  user_35t_i/xadc_wiz_0/inst/SOFT_RESET_I/RESET_FLOPS[15].RST_FLOPS/Q
                         net (fo=5, routed)           0.842     2.819    user_35t_i/xadc_wiz_0/inst/AXI_XADC_CORE_I/Inst_drp_arbiter/FSM_sequential_state_reg[1]_0
    SLICE_X47Y91         LUT3 (Prop_lut3_I2_O)        0.299     3.118 f  user_35t_i/xadc_wiz_0/inst/AXI_XADC_CORE_I/Inst_drp_arbiter/FIFO18E1_inst_data_i_2/O
                         net (fo=106, routed)         3.874     6.991    user_35t_i/xadc_wiz_0/inst/AXI_XADC_CORE_I/Inst_drp_arbiter/AR[0]
    SLICE_X49Y80         FDCE                                         f  user_35t_i/xadc_wiz_0/inst/AXI_XADC_CORE_I/Inst_drp_arbiter/dwe_reg_reg/CLR
  -------------------------------------------------------------------    -------------------

                         (clock clk_out1_user_35t_clk_wiz_0_0 rise edge)
                                                     10.000    10.000 r  
    BUFGCTRL_X0Y4        BUFG                         0.000    10.000 r  sys_clock_IBUF_BUFG_inst/O
                         net (fo=38, routed)          1.457    11.457    user_35t_i/clk_wiz_0/inst/clk_in1
    MMCME2_ADV_X1Y0      MMCME2_ADV (Prop_mmcme2_adv_CLKIN1_CLKOUT0)
                                                     -3.129     8.328 r  user_35t_i/clk_wiz_0/inst/mmcm_adv_inst/CLKOUT0
                         net (fo=1, routed)           1.581     9.909    user_35t_i/clk_wiz_0/inst/clk_out1_user_35t_clk_wiz_0_0
    BUFGCTRL_X0Y0        BUFG (Prop_bufg_I_O)         0.091    10.000 r  user_35t_i/clk_wiz_0/inst/clkout1_buf/O
                         net (fo=25480, routed)       1.430    11.430    user_35t_i/xadc_wiz_0/inst/AXI_XADC_CORE_I/Inst_drp_arbiter/s_axi_aclk
    SLICE_X49Y80         FDCE                                         r  user_35t_i/xadc_wiz_0/inst/AXI_XADC_CORE_I/Inst_drp_arbiter/dwe_reg_reg/C
                         clock pessimism              0.092    11.522    
                         clock uncertainty           -0.243    11.279    
    SLICE_X49Y80         FDCE (Recov_fdce_C_CLR)     -0.405    10.874    user_35t_i/xadc_wiz_0/inst/AXI_XADC_CORE_I/Inst_drp_arbiter/dwe_reg_reg
  -------------------------------------------------------------------
                         required time                         10.874    
                         arrival time                          -6.991    
  -------------------------------------------------------------------
                         slack                                  3.883    

Slack (MET) :             3.936ns  (required time - arrival time)
  Source:                 user_35t_i/xadc_wiz_0/inst/SOFT_RESET_I/RESET_FLOPS[15].RST_FLOPS/C
                            (rising edge-triggered cell FDRE clocked by clk_out1_user_35t_clk_wiz_0_0  {rise@0.000ns fall@5.000ns period=10.000ns})
  Destination:            user_35t_i/xadc_wiz_0/inst/AXI_XADC_CORE_I/Inst_drp_arbiter/di_reg_reg[7]/CLR
                            (recovery check against rising-edge clock clk_out1_user_35t_clk_wiz_0_0  {rise@0.000ns fall@5.000ns period=10.000ns})
  Path Group:             **async_default**
  Path Type:              Recovery (Max at Slow Process Corner)
  Requirement:            10.000ns  (clk_out1_user_35t_clk_wiz_0_0 rise@10.000ns - clk_out1_user_35t_clk_wiz_0_0 rise@0.000ns)
  Data Path Delay:        5.365ns  (logic 0.718ns (13.384%)  route 4.647ns (86.616%))
  Logic Levels:           1  (LUT3=1)
  Clock Path Skew:        -0.052ns (DCD - SCD + CPR)
    Destination Clock Delay (DCD):    1.428ns = ( 11.428 - 10.000 ) 
    Source Clock Delay      (SCD):    1.558ns
    Clock Pessimism Removal (CPR):    0.078ns
  Clock Uncertainty:      0.243ns  ((TSJ^2 + DJ^2)^1/2) / 2 + PE
    Total System Jitter     (TSJ):    0.071ns
    Discrete Jitter          (DJ):    0.480ns
    Phase Error              (PE):    0.000ns

    Location             Delay type                Incr(ns)  Path(ns)    Netlist Resource(s)
  -------------------------------------------------------------------    -------------------
                         (clock clk_out1_user_35t_clk_wiz_0_0 rise edge)
                                                      0.000     0.000 r  
    BUFGCTRL_X0Y4        BUFG                         0.000     0.000 r  sys_clock_IBUF_BUFG_inst/O
                         net (fo=38, routed)          1.575     1.575    user_35t_i/clk_wiz_0/inst/clk_in1
    MMCME2_ADV_X1Y0      MMCME2_ADV (Prop_mmcme2_adv_CLKIN1_CLKOUT0)
                                                     -3.333    -1.757 r  user_35t_i/clk_wiz_0/inst/mmcm_adv_inst/CLKOUT0
                         net (fo=1, routed)           1.661    -0.096    user_35t_i/clk_wiz_0/inst/clk_out1_user_35t_clk_wiz_0_0
    BUFGCTRL_X0Y0        BUFG (Prop_bufg_I_O)         0.096    -0.000 r  user_35t_i/clk_wiz_0/inst/clkout1_buf/O
                         net (fo=25480, routed)       1.558     1.558    user_35t_i/xadc_wiz_0/inst/SOFT_RESET_I/s_axi_aclk
    SLICE_X49Y93         FDRE                                         r  user_35t_i/xadc_wiz_0/inst/SOFT_RESET_I/RESET_FLOPS[15].RST_FLOPS/C
  -------------------------------------------------------------------    -------------------
    SLICE_X49Y93         FDRE (Prop_fdre_C_Q)         0.419     1.977 f  user_35t_i/xadc_wiz_0/inst/SOFT_RESET_I/RESET_FLOPS[15].RST_FLOPS/Q
                         net (fo=5, routed)           0.842     2.819    user_35t_i/xadc_wiz_0/inst/AXI_XADC_CORE_I/Inst_drp_arbiter/FSM_sequential_state_reg[1]_0
    SLICE_X47Y91         LUT3 (Prop_lut3_I2_O)        0.299     3.118 f  user_35t_i/xadc_wiz_0/inst/AXI_XADC_CORE_I/Inst_drp_arbiter/FIFO18E1_inst_data_i_2/O
                         net (fo=106, routed)         3.805     6.923    user_35t_i/xadc_wiz_0/inst/AXI_XADC_CORE_I/Inst_drp_arbiter/AR[0]
    SLICE_X53Y77         FDCE                                         f  user_35t_i/xadc_wiz_0/inst/AXI_XADC_CORE_I/Inst_drp_arbiter/di_reg_reg[7]/CLR
  -------------------------------------------------------------------    -------------------

                         (clock clk_out1_user_35t_clk_wiz_0_0 rise edge)
                                                     10.000    10.000 r  
    BUFGCTRL_X0Y4        BUFG                         0.000    10.000 r  sys_clock_IBUF_BUFG_inst/O
                         net (fo=38, routed)          1.457    11.457    user_35t_i/clk_wiz_0/inst/clk_in1
    MMCME2_ADV_X1Y0      MMCME2_ADV (Prop_mmcme2_adv_CLKIN1_CLKOUT0)
                                                     -3.129     8.328 r  user_35t_i/clk_wiz_0/inst/mmcm_adv_inst/CLKOUT0
                         net (fo=1, routed)           1.581     9.909    user_35t_i/clk_wiz_0/inst/clk_out1_user_35t_clk_wiz_0_0
    BUFGCTRL_X0Y0        BUFG (Prop_bufg_I_O)         0.091    10.000 r  user_35t_i/clk_wiz_0/inst/clkout1_buf/O
                         net (fo=25480, routed)       1.428    11.428    user_35t_i/xadc_wiz_0/inst/AXI_XADC_CORE_I/Inst_drp_arbiter/s_axi_aclk
    SLICE_X53Y77         FDCE                                         r  user_35t_i/xadc_wiz_0/inst/AXI_XADC_CORE_I/Inst_drp_arbiter/di_reg_reg[7]/C
                         clock pessimism              0.078    11.506    
                         clock uncertainty           -0.243    11.263    
    SLICE_X53Y77         FDCE (Recov_fdce_C_CLR)     -0.405    10.858    user_35t_i/xadc_wiz_0/inst/AXI_XADC_CORE_I/Inst_drp_arbiter/di_reg_reg[7]
  -------------------------------------------------------------------
                         required time                         10.858    
                         arrival time                          -6.923    
  -------------------------------------------------------------------
                         slack                                  3.936    

Slack (MET) :             3.936ns  (required time - arrival time)
  Source:                 user_35t_i/xadc_wiz_0/inst/SOFT_RESET_I/RESET_FLOPS[15].RST_FLOPS/C
                            (rising edge-triggered cell FDRE clocked by clk_out1_user_35t_clk_wiz_0_0  {rise@0.000ns fall@5.000ns period=10.000ns})
  Destination:            user_35t_i/xadc_wiz_0/inst/AXI_XADC_CORE_I/Inst_drp_arbiter/di_reg_reg[8]/CLR
                            (recovery check against rising-edge clock clk_out1_user_35t_clk_wiz_0_0  {rise@0.000ns fall@5.000ns period=10.000ns})
  Path Group:             **async_default**
  Path Type:              Recovery (Max at Slow Process Corner)
  Requirement:            10.000ns  (clk_out1_user_35t_clk_wiz_0_0 rise@10.000ns - clk_out1_user_35t_clk_wiz_0_0 rise@0.000ns)
  Data Path Delay:        5.365ns  (logic 0.718ns (13.384%)  route 4.647ns (86.616%))
  Logic Levels:           1  (LUT3=1)
  Clock Path Skew:        -0.052ns (DCD - SCD + CPR)
    Destination Clock Delay (DCD):    1.428ns = ( 11.428 - 10.000 ) 
    Source Clock Delay      (SCD):    1.558ns
    Clock Pessimism Removal (CPR):    0.078ns
  Clock Uncertainty:      0.243ns  ((TSJ^2 + DJ^2)^1/2) / 2 + PE
    Total System Jitter     (TSJ):    0.071ns
    Discrete Jitter          (DJ):    0.480ns
    Phase Error              (PE):    0.000ns

    Location             Delay type                Incr(ns)  Path(ns)    Netlist Resource(s)
  -------------------------------------------------------------------    -------------------
                         (clock clk_out1_user_35t_clk_wiz_0_0 rise edge)
                                                      0.000     0.000 r  
    BUFGCTRL_X0Y4        BUFG                         0.000     0.000 r  sys_clock_IBUF_BUFG_inst/O
                         net (fo=38, routed)          1.575     1.575    user_35t_i/clk_wiz_0/inst/clk_in1
    MMCME2_ADV_X1Y0      MMCME2_ADV (Prop_mmcme2_adv_CLKIN1_CLKOUT0)
                                                     -3.333    -1.757 r  user_35t_i/clk_wiz_0/inst/mmcm_adv_inst/CLKOUT0
                         net (fo=1, routed)           1.661    -0.096    user_35t_i/clk_wiz_0/inst/clk_out1_user_35t_clk_wiz_0_0
    BUFGCTRL_X0Y0        BUFG (Prop_bufg_I_O)         0.096    -0.000 r  user_35t_i/clk_wiz_0/inst/clkout1_buf/O
                         net (fo=25480, routed)       1.558     1.558    user_35t_i/xadc_wiz_0/inst/SOFT_RESET_I/s_axi_aclk
    SLICE_X49Y93         FDRE                                         r  user_35t_i/xadc_wiz_0/inst/SOFT_RESET_I/RESET_FLOPS[15].RST_FLOPS/C
  -------------------------------------------------------------------    -------------------
    SLICE_X49Y93         FDRE (Prop_fdre_C_Q)         0.419     1.977 f  user_35t_i/xadc_wiz_0/inst/SOFT_RESET_I/RESET_FLOPS[15].RST_FLOPS/Q
                         net (fo=5, routed)           0.842     2.819    user_35t_i/xadc_wiz_0/inst/AXI_XADC_CORE_I/Inst_drp_arbiter/FSM_sequential_state_reg[1]_0
    SLICE_X47Y91         LUT3 (Prop_lut3_I2_O)        0.299     3.118 f  user_35t_i/xadc_wiz_0/inst/AXI_XADC_CORE_I/Inst_drp_arbiter/FIFO18E1_inst_data_i_2/O
                         net (fo=106, routed)         3.805     6.923    user_35t_i/xadc_wiz_0/inst/AXI_XADC_CORE_I/Inst_drp_arbiter/AR[0]
    SLICE_X53Y77         FDCE                                         f  user_35t_i/xadc_wiz_0/inst/AXI_XADC_CORE_I/Inst_drp_arbiter/di_reg_reg[8]/CLR
  -------------------------------------------------------------------    -------------------

                         (clock clk_out1_user_35t_clk_wiz_0_0 rise edge)
                                                     10.000    10.000 r  
    BUFGCTRL_X0Y4        BUFG                         0.000    10.000 r  sys_clock_IBUF_BUFG_inst/O
                         net (fo=38, routed)          1.457    11.457    user_35t_i/clk_wiz_0/inst/clk_in1
    MMCME2_ADV_X1Y0      MMCME2_ADV (Prop_mmcme2_adv_CLKIN1_CLKOUT0)
                                                     -3.129     8.328 r  user_35t_i/clk_wiz_0/inst/mmcm_adv_inst/CLKOUT0
                         net (fo=1, routed)           1.581     9.909    user_35t_i/clk_wiz_0/inst/clk_out1_user_35t_clk_wiz_0_0
    BUFGCTRL_X0Y0        BUFG (Prop_bufg_I_O)         0.091    10.000 r  user_35t_i/clk_wiz_0/inst/clkout1_buf/O
                         net (fo=25480, routed)       1.428    11.428    user_35t_i/xadc_wiz_0/inst/AXI_XADC_CORE_I/Inst_drp_arbiter/s_axi_aclk
    SLICE_X53Y77         FDCE                                         r  user_35t_i/xadc_wiz_0/inst/AXI_XADC_CORE_I/Inst_drp_arbiter/di_reg_reg[8]/C
                         clock pessimism              0.078    11.506    
                         clock uncertainty           -0.243    11.263    
    SLICE_X53Y77         FDCE (Recov_fdce_C_CLR)     -0.405    10.858    user_35t_i/xadc_wiz_0/inst/AXI_XADC_CORE_I/Inst_drp_arbiter/di_reg_reg[8]
  -------------------------------------------------------------------
                         required time                         10.858    
                         arrival time                          -6.923    
  -------------------------------------------------------------------
                         slack                                  3.936    





Min Delay Paths
--------------------------------------------------------------------------------------
Slack (MET) :             0.307ns  (arrival time - required time)
  Source:                 dbg_hub/inst/BSCANID.u_xsdbm_id/CORE_XSDB.UUT_MASTER/U_XSDB_BUS_CONTROLLER/clr_rd_req_reg/C
                            (rising edge-triggered cell FDCE clocked by clk_out1_user_35t_clk_wiz_0_0  {rise@0.000ns fall@5.000ns period=10.000ns})
  Destination:            dbg_hub/inst/BSCANID.u_xsdbm_id/CORE_XSDB.UUT_MASTER/U_XSDB_BUS_CONTROLLER/U_RD_REQ_FLAG/G_POS_EDGE.flag_reg/CLR
                            (removal check against rising-edge clock clk_out1_user_35t_clk_wiz_0_0  {rise@0.000ns fall@5.000ns period=10.000ns})
  Path Group:             **async_default**
  Path Type:              Removal (Min at Fast Process Corner)
  Requirement:            0.000ns  (clk_out1_user_35t_clk_wiz_0_0 rise@0.000ns - clk_out1_user_35t_clk_wiz_0_0 rise@0.000ns)
  Data Path Delay:        0.274ns  (logic 0.141ns (51.518%)  route 0.133ns (48.482%))
  Logic Levels:           0  
  Clock Path Skew:        0.034ns (DCD - SCD - CPR)
    Destination Clock Delay (DCD):    0.828ns
    Source Clock Delay      (SCD):    0.560ns
    Clock Pessimism Removal (CPR):    0.234ns

    Location             Delay type                Incr(ns)  Path(ns)    Netlist Resource(s)
  -------------------------------------------------------------------    -------------------
                         (clock clk_out1_user_35t_clk_wiz_0_0 rise edge)
                                                      0.000     0.000 r  
    BUFGCTRL_X0Y4        BUFG                         0.000     0.000 r  sys_clock_IBUF_BUFG_inst/O
                         net (fo=38, routed)          0.549     0.549    user_35t_i/clk_wiz_0/inst/clk_in1
    MMCME2_ADV_X1Y0      MMCME2_ADV (Prop_mmcme2_adv_CLKIN1_CLKOUT0)
                                                     -1.061    -0.512 r  user_35t_i/clk_wiz_0/inst/mmcm_adv_inst/CLKOUT0
                         net (fo=1, routed)           0.486    -0.026    user_35t_i/clk_wiz_0/inst/clk_out1_user_35t_clk_wiz_0_0
    BUFGCTRL_X0Y0        BUFG (Prop_bufg_I_O)         0.026     0.000 r  user_35t_i/clk_wiz_0/inst/clkout1_buf/O
                         net (fo=25480, routed)       0.560     0.560    dbg_hub/inst/BSCANID.u_xsdbm_id/CORE_XSDB.UUT_MASTER/U_XSDB_BUS_CONTROLLER/clk
    SLICE_X44Y14         FDCE                                         r  dbg_hub/inst/BSCANID.u_xsdbm_id/CORE_XSDB.UUT_MASTER/U_XSDB_BUS_CONTROLLER/clr_rd_req_reg/C
  -------------------------------------------------------------------    -------------------
    SLICE_X44Y14         FDCE (Prop_fdce_C_Q)         0.141     0.701 f  dbg_hub/inst/BSCANID.u_xsdbm_id/CORE_XSDB.UUT_MASTER/U_XSDB_BUS_CONTROLLER/clr_rd_req_reg/Q
                         net (fo=2, routed)           0.133     0.833    dbg_hub/inst/BSCANID.u_xsdbm_id/CORE_XSDB.UUT_MASTER/U_XSDB_BUS_CONTROLLER/U_RD_REQ_FLAG/clr_rd_req
    SLICE_X42Y14         FDCE                                         f  dbg_hub/inst/BSCANID.u_xsdbm_id/CORE_XSDB.UUT_MASTER/U_XSDB_BUS_CONTROLLER/U_RD_REQ_FLAG/G_POS_EDGE.flag_reg/CLR
  -------------------------------------------------------------------    -------------------

                         (clock clk_out1_user_35t_clk_wiz_0_0 rise edge)
                                                      0.000     0.000 r  
    BUFGCTRL_X0Y4        BUFG                         0.000     0.000 r  sys_clock_IBUF_BUFG_inst/O
                         net (fo=38, routed)          0.817     0.817    user_35t_i/clk_wiz_0/inst/clk_in1
    MMCME2_ADV_X1Y0      MMCME2_ADV (Prop_mmcme2_adv_CLKIN1_CLKOUT0)
                                                     -1.375    -0.559 r  user_35t_i/clk_wiz_0/inst/mmcm_adv_inst/CLKOUT0
                         net (fo=1, routed)           0.530    -0.029    user_35t_i/clk_wiz_0/inst/clk_out1_user_35t_clk_wiz_0_0
    BUFGCTRL_X0Y0        BUFG (Prop_bufg_I_O)         0.029     0.000 r  user_35t_i/clk_wiz_0/inst/clkout1_buf/O
                         net (fo=25480, routed)       0.828     0.828    dbg_hub/inst/BSCANID.u_xsdbm_id/CORE_XSDB.UUT_MASTER/U_XSDB_BUS_CONTROLLER/U_RD_REQ_FLAG/clk
    SLICE_X42Y14         FDCE                                         r  dbg_hub/inst/BSCANID.u_xsdbm_id/CORE_XSDB.UUT_MASTER/U_XSDB_BUS_CONTROLLER/U_RD_REQ_FLAG/G_POS_EDGE.flag_reg/C
                         clock pessimism             -0.234     0.594    
    SLICE_X42Y14         FDCE (Remov_fdce_C_CLR)     -0.067     0.527    dbg_hub/inst/BSCANID.u_xsdbm_id/CORE_XSDB.UUT_MASTER/U_XSDB_BUS_CONTROLLER/U_RD_REQ_FLAG/G_POS_EDGE.flag_reg
  -------------------------------------------------------------------
                         required time                         -0.527    
                         arrival time                           0.833    
  -------------------------------------------------------------------
                         slack                                  0.307    

Slack (MET) :             0.350ns  (arrival time - required time)
  Source:                 dbg_hub/inst/BSCANID.u_xsdbm_id/CORE_XSDB.UUT_MASTER/U_ICON_INTERFACE/U_CMD6_WR/U_WR_FIFO/SUBCORE_FIFO.xsdbm_v3_0_0_wrfifo_inst/inst_fifo_gen/gconvfifo.rf/grf.rf/rstblk/ngwrdrst.grst.g7serrst.rd_rst_reg_reg[2]/C
                            (rising edge-triggered cell FDPE clocked by clk_out1_user_35t_clk_wiz_0_0  {rise@0.000ns fall@5.000ns period=10.000ns})
  Destination:            dbg_hub/inst/BSCANID.u_xsdbm_id/CORE_XSDB.UUT_MASTER/U_ICON_INTERFACE/U_CMD6_WR/U_WR_FIFO/SUBCORE_FIFO.xsdbm_v3_0_0_wrfifo_inst/inst_fifo_gen/gconvfifo.rf/grf.rf/gntv_or_sync_fifo.gl0.rd/rpntr/gc0.count_d1_reg[2]/CLR
                            (removal check against rising-edge clock clk_out1_user_35t_clk_wiz_0_0  {rise@0.000ns fall@5.000ns period=10.000ns})
  Path Group:             **async_default**
  Path Type:              Removal (Min at Fast Process Corner)
  Requirement:            0.000ns  (clk_out1_user_35t_clk_wiz_0_0 rise@0.000ns - clk_out1_user_35t_clk_wiz_0_0 rise@0.000ns)
  Data Path Delay:        0.299ns  (logic 0.164ns (54.833%)  route 0.135ns (45.167%))
  Logic Levels:           0  
  Clock Path Skew:        0.016ns (DCD - SCD - CPR)
    Destination Clock Delay (DCD):    0.832ns
    Source Clock Delay      (SCD):    0.563ns
    Clock Pessimism Removal (CPR):    0.253ns

    Location             Delay type                Incr(ns)  Path(ns)    Netlist Resource(s)
  -------------------------------------------------------------------    -------------------
                         (clock clk_out1_user_35t_clk_wiz_0_0 rise edge)
                                                      0.000     0.000 r  
    BUFGCTRL_X0Y4        BUFG                         0.000     0.000 r  sys_clock_IBUF_BUFG_inst/O
                         net (fo=38, routed)          0.549     0.549    user_35t_i/clk_wiz_0/inst/clk_in1
    MMCME2_ADV_X1Y0      MMCME2_ADV (Prop_mmcme2_adv_CLKIN1_CLKOUT0)
                                                     -1.061    -0.512 r  user_35t_i/clk_wiz_0/inst/mmcm_adv_inst/CLKOUT0
                         net (fo=1, routed)           0.486    -0.026    user_35t_i/clk_wiz_0/inst/clk_out1_user_35t_clk_wiz_0_0
    BUFGCTRL_X0Y0        BUFG (Prop_bufg_I_O)         0.026     0.000 r  user_35t_i/clk_wiz_0/inst/clkout1_buf/O
                         net (fo=25480, routed)       0.563     0.563    dbg_hub/inst/BSCANID.u_xsdbm_id/CORE_XSDB.UUT_MASTER/U_ICON_INTERFACE/U_CMD6_WR/U_WR_FIFO/SUBCORE_FIFO.xsdbm_v3_0_0_wrfifo_inst/inst_fifo_gen/gconvfifo.rf/grf.rf/rstblk/rd_clk
    SLICE_X38Y5          FDPE                                         r  dbg_hub/inst/BSCANID.u_xsdbm_id/CORE_XSDB.UUT_MASTER/U_ICON_INTERFACE/U_CMD6_WR/U_WR_FIFO/SUBCORE_FIFO.xsdbm_v3_0_0_wrfifo_inst/inst_fifo_gen/gconvfifo.rf/grf.rf/rstblk/ngwrdrst.grst.g7serrst.rd_rst_reg_reg[2]/C
  -------------------------------------------------------------------    -------------------
    SLICE_X38Y5          FDPE (Prop_fdpe_C_Q)         0.164     0.727 f  dbg_hub/inst/BSCANID.u_xsdbm_id/CORE_XSDB.UUT_MASTER/U_ICON_INTERFACE/U_CMD6_WR/U_WR_FIFO/SUBCORE_FIFO.xsdbm_v3_0_0_wrfifo_inst/inst_fifo_gen/gconvfifo.rf/grf.rf/rstblk/ngwrdrst.grst.g7serrst.rd_rst_reg_reg[2]/Q
                         net (fo=10, routed)          0.135     0.862    dbg_hub/inst/BSCANID.u_xsdbm_id/CORE_XSDB.UUT_MASTER/U_ICON_INTERFACE/U_CMD6_WR/U_WR_FIFO/SUBCORE_FIFO.xsdbm_v3_0_0_wrfifo_inst/inst_fifo_gen/gconvfifo.rf/grf.rf/gntv_or_sync_fifo.gl0.rd/rpntr/AR[0]
    SLICE_X38Y6          FDCE                                         f  dbg_hub/inst/BSCANID.u_xsdbm_id/CORE_XSDB.UUT_MASTER/U_ICON_INTERFACE/U_CMD6_WR/U_WR_FIFO/SUBCORE_FIFO.xsdbm_v3_0_0_wrfifo_inst/inst_fifo_gen/gconvfifo.rf/grf.rf/gntv_or_sync_fifo.gl0.rd/rpntr/gc0.count_d1_reg[2]/CLR
  -------------------------------------------------------------------    -------------------

                         (clock clk_out1_user_35t_clk_wiz_0_0 rise edge)
                                                      0.000     0.000 r  
    BUFGCTRL_X0Y4        BUFG                         0.000     0.000 r  sys_clock_IBUF_BUFG_inst/O
                         net (fo=38, routed)          0.817     0.817    user_35t_i/clk_wiz_0/inst/clk_in1
    MMCME2_ADV_X1Y0      MMCME2_ADV (Prop_mmcme2_adv_CLKIN1_CLKOUT0)
                                                     -1.375    -0.559 r  user_35t_i/clk_wiz_0/inst/mmcm_adv_inst/CLKOUT0
                         net (fo=1, routed)           0.530    -0.029    user_35t_i/clk_wiz_0/inst/clk_out1_user_35t_clk_wiz_0_0
    BUFGCTRL_X0Y0        BUFG (Prop_bufg_I_O)         0.029     0.000 r  user_35t_i/clk_wiz_0/inst/clkout1_buf/O
                         net (fo=25480, routed)       0.832     0.832    dbg_hub/inst/BSCANID.u_xsdbm_id/CORE_XSDB.UUT_MASTER/U_ICON_INTERFACE/U_CMD6_WR/U_WR_FIFO/SUBCORE_FIFO.xsdbm_v3_0_0_wrfifo_inst/inst_fifo_gen/gconvfifo.rf/grf.rf/gntv_or_sync_fifo.gl0.rd/rpntr/rd_clk
    SLICE_X38Y6          FDCE                                         r  dbg_hub/inst/BSCANID.u_xsdbm_id/CORE_XSDB.UUT_MASTER/U_ICON_INTERFACE/U_CMD6_WR/U_WR_FIFO/SUBCORE_FIFO.xsdbm_v3_0_0_wrfifo_inst/inst_fifo_gen/gconvfifo.rf/grf.rf/gntv_or_sync_fifo.gl0.rd/rpntr/gc0.count_d1_reg[2]/C
                         clock pessimism             -0.253     0.579    
    SLICE_X38Y6          FDCE (Remov_fdce_C_CLR)     -0.067     0.512    dbg_hub/inst/BSCANID.u_xsdbm_id/CORE_XSDB.UUT_MASTER/U_ICON_INTERFACE/U_CMD6_WR/U_WR_FIFO/SUBCORE_FIFO.xsdbm_v3_0_0_wrfifo_inst/inst_fifo_gen/gconvfifo.rf/grf.rf/gntv_or_sync_fifo.gl0.rd/rpntr/gc0.count_d1_reg[2]
  -------------------------------------------------------------------
                         required time                         -0.512    
                         arrival time                           0.862    
  -------------------------------------------------------------------
                         slack                                  0.350    

Slack (MET) :             0.350ns  (arrival time - required time)
  Source:                 dbg_hub/inst/BSCANID.u_xsdbm_id/CORE_XSDB.UUT_MASTER/U_ICON_INTERFACE/U_CMD6_WR/U_WR_FIFO/SUBCORE_FIFO.xsdbm_v3_0_0_wrfifo_inst/inst_fifo_gen/gconvfifo.rf/grf.rf/rstblk/ngwrdrst.grst.g7serrst.rd_rst_reg_reg[2]/C
                            (rising edge-triggered cell FDPE clocked by clk_out1_user_35t_clk_wiz_0_0  {rise@0.000ns fall@5.000ns period=10.000ns})
  Destination:            dbg_hub/inst/BSCANID.u_xsdbm_id/CORE_XSDB.UUT_MASTER/U_ICON_INTERFACE/U_CMD6_WR/U_WR_FIFO/SUBCORE_FIFO.xsdbm_v3_0_0_wrfifo_inst/inst_fifo_gen/gconvfifo.rf/grf.rf/gntv_or_sync_fifo.gl0.rd/rpntr/gc0.count_d1_reg[3]/CLR
                            (removal check against rising-edge clock clk_out1_user_35t_clk_wiz_0_0  {rise@0.000ns fall@5.000ns period=10.000ns})
  Path Group:             **async_default**
  Path Type:              Removal (Min at Fast Process Corner)
  Requirement:            0.000ns  (clk_out1_user_35t_clk_wiz_0_0 rise@0.000ns - clk_out1_user_35t_clk_wiz_0_0 rise@0.000ns)
  Data Path Delay:        0.299ns  (logic 0.164ns (54.833%)  route 0.135ns (45.167%))
  Logic Levels:           0  
  Clock Path Skew:        0.016ns (DCD - SCD - CPR)
    Destination Clock Delay (DCD):    0.832ns
    Source Clock Delay      (SCD):    0.563ns
    Clock Pessimism Removal (CPR):    0.253ns

    Location             Delay type                Incr(ns)  Path(ns)    Netlist Resource(s)
  -------------------------------------------------------------------    -------------------
                         (clock clk_out1_user_35t_clk_wiz_0_0 rise edge)
                                                      0.000     0.000 r  
    BUFGCTRL_X0Y4        BUFG                         0.000     0.000 r  sys_clock_IBUF_BUFG_inst/O
                         net (fo=38, routed)          0.549     0.549    user_35t_i/clk_wiz_0/inst/clk_in1
    MMCME2_ADV_X1Y0      MMCME2_ADV (Prop_mmcme2_adv_CLKIN1_CLKOUT0)
                                                     -1.061    -0.512 r  user_35t_i/clk_wiz_0/inst/mmcm_adv_inst/CLKOUT0
                         net (fo=1, routed)           0.486    -0.026    user_35t_i/clk_wiz_0/inst/clk_out1_user_35t_clk_wiz_0_0
    BUFGCTRL_X0Y0        BUFG (Prop_bufg_I_O)         0.026     0.000 r  user_35t_i/clk_wiz_0/inst/clkout1_buf/O
                         net (fo=25480, routed)       0.563     0.563    dbg_hub/inst/BSCANID.u_xsdbm_id/CORE_XSDB.UUT_MASTER/U_ICON_INTERFACE/U_CMD6_WR/U_WR_FIFO/SUBCORE_FIFO.xsdbm_v3_0_0_wrfifo_inst/inst_fifo_gen/gconvfifo.rf/grf.rf/rstblk/rd_clk
    SLICE_X38Y5          FDPE                                         r  dbg_hub/inst/BSCANID.u_xsdbm_id/CORE_XSDB.UUT_MASTER/U_ICON_INTERFACE/U_CMD6_WR/U_WR_FIFO/SUBCORE_FIFO.xsdbm_v3_0_0_wrfifo_inst/inst_fifo_gen/gconvfifo.rf/grf.rf/rstblk/ngwrdrst.grst.g7serrst.rd_rst_reg_reg[2]/C
  -------------------------------------------------------------------    -------------------
    SLICE_X38Y5          FDPE (Prop_fdpe_C_Q)         0.164     0.727 f  dbg_hub/inst/BSCANID.u_xsdbm_id/CORE_XSDB.UUT_MASTER/U_ICON_INTERFACE/U_CMD6_WR/U_WR_FIFO/SUBCORE_FIFO.xsdbm_v3_0_0_wrfifo_inst/inst_fifo_gen/gconvfifo.rf/grf.rf/rstblk/ngwrdrst.grst.g7serrst.rd_rst_reg_reg[2]/Q
                         net (fo=10, routed)          0.135     0.862    dbg_hub/inst/BSCANID.u_xsdbm_id/CORE_XSDB.UUT_MASTER/U_ICON_INTERFACE/U_CMD6_WR/U_WR_FIFO/SUBCORE_FIFO.xsdbm_v3_0_0_wrfifo_inst/inst_fifo_gen/gconvfifo.rf/grf.rf/gntv_or_sync_fifo.gl0.rd/rpntr/AR[0]
    SLICE_X38Y6          FDCE                                         f  dbg_hub/inst/BSCANID.u_xsdbm_id/CORE_XSDB.UUT_MASTER/U_ICON_INTERFACE/U_CMD6_WR/U_WR_FIFO/SUBCORE_FIFO.xsdbm_v3_0_0_wrfifo_inst/inst_fifo_gen/gconvfifo.rf/grf.rf/gntv_or_sync_fifo.gl0.rd/rpntr/gc0.count_d1_reg[3]/CLR
  -------------------------------------------------------------------    -------------------

                         (clock clk_out1_user_35t_clk_wiz_0_0 rise edge)
                                                      0.000     0.000 r  
    BUFGCTRL_X0Y4        BUFG                         0.000     0.000 r  sys_clock_IBUF_BUFG_inst/O
                         net (fo=38, routed)          0.817     0.817    user_35t_i/clk_wiz_0/inst/clk_in1
    MMCME2_ADV_X1Y0      MMCME2_ADV (Prop_mmcme2_adv_CLKIN1_CLKOUT0)
                                                     -1.375    -0.559 r  user_35t_i/clk_wiz_0/inst/mmcm_adv_inst/CLKOUT0
                         net (fo=1, routed)           0.530    -0.029    user_35t_i/clk_wiz_0/inst/clk_out1_user_35t_clk_wiz_0_0
    BUFGCTRL_X0Y0        BUFG (Prop_bufg_I_O)         0.029     0.000 r  user_35t_i/clk_wiz_0/inst/clkout1_buf/O
                         net (fo=25480, routed)       0.832     0.832    dbg_hub/inst/BSCANID.u_xsdbm_id/CORE_XSDB.UUT_MASTER/U_ICON_INTERFACE/U_CMD6_WR/U_WR_FIFO/SUBCORE_FIFO.xsdbm_v3_0_0_wrfifo_inst/inst_fifo_gen/gconvfifo.rf/grf.rf/gntv_or_sync_fifo.gl0.rd/rpntr/rd_clk
    SLICE_X38Y6          FDCE                                         r  dbg_hub/inst/BSCANID.u_xsdbm_id/CORE_XSDB.UUT_MASTER/U_ICON_INTERFACE/U_CMD6_WR/U_WR_FIFO/SUBCORE_FIFO.xsdbm_v3_0_0_wrfifo_inst/inst_fifo_gen/gconvfifo.rf/grf.rf/gntv_or_sync_fifo.gl0.rd/rpntr/gc0.count_d1_reg[3]/C
                         clock pessimism             -0.253     0.579    
    SLICE_X38Y6          FDCE (Remov_fdce_C_CLR)     -0.067     0.512    dbg_hub/inst/BSCANID.u_xsdbm_id/CORE_XSDB.UUT_MASTER/U_ICON_INTERFACE/U_CMD6_WR/U_WR_FIFO/SUBCORE_FIFO.xsdbm_v3_0_0_wrfifo_inst/inst_fifo_gen/gconvfifo.rf/grf.rf/gntv_or_sync_fifo.gl0.rd/rpntr/gc0.count_d1_reg[3]
  -------------------------------------------------------------------
                         required time                         -0.512    
                         arrival time                           0.862    
  -------------------------------------------------------------------
                         slack                                  0.350    

Slack (MET) :             0.350ns  (arrival time - required time)
  Source:                 dbg_hub/inst/BSCANID.u_xsdbm_id/CORE_XSDB.UUT_MASTER/U_ICON_INTERFACE/U_CMD6_WR/U_WR_FIFO/SUBCORE_FIFO.xsdbm_v3_0_0_wrfifo_inst/inst_fifo_gen/gconvfifo.rf/grf.rf/rstblk/ngwrdrst.grst.g7serrst.rd_rst_reg_reg[2]/C
                            (rising edge-triggered cell FDPE clocked by clk_out1_user_35t_clk_wiz_0_0  {rise@0.000ns fall@5.000ns period=10.000ns})
  Destination:            dbg_hub/inst/BSCANID.u_xsdbm_id/CORE_XSDB.UUT_MASTER/U_ICON_INTERFACE/U_CMD6_WR/U_WR_FIFO/SUBCORE_FIFO.xsdbm_v3_0_0_wrfifo_inst/inst_fifo_gen/gconvfifo.rf/grf.rf/gntv_or_sync_fifo.gl0.rd/rpntr/gc0.count_reg[2]/CLR
                            (removal check against rising-edge clock clk_out1_user_35t_clk_wiz_0_0  {rise@0.000ns fall@5.000ns period=10.000ns})
  Path Group:             **async_default**
  Path Type:              Removal (Min at Fast Process Corner)
  Requirement:            0.000ns  (clk_out1_user_35t_clk_wiz_0_0 rise@0.000ns - clk_out1_user_35t_clk_wiz_0_0 rise@0.000ns)
  Data Path Delay:        0.299ns  (logic 0.164ns (54.833%)  route 0.135ns (45.167%))
  Logic Levels:           0  
  Clock Path Skew:        0.016ns (DCD - SCD - CPR)
    Destination Clock Delay (DCD):    0.832ns
    Source Clock Delay      (SCD):    0.563ns
    Clock Pessimism Removal (CPR):    0.253ns

    Location             Delay type                Incr(ns)  Path(ns)    Netlist Resource(s)
  -------------------------------------------------------------------    -------------------
                         (clock clk_out1_user_35t_clk_wiz_0_0 rise edge)
                                                      0.000     0.000 r  
    BUFGCTRL_X0Y4        BUFG                         0.000     0.000 r  sys_clock_IBUF_BUFG_inst/O
                         net (fo=38, routed)          0.549     0.549    user_35t_i/clk_wiz_0/inst/clk_in1
    MMCME2_ADV_X1Y0      MMCME2_ADV (Prop_mmcme2_adv_CLKIN1_CLKOUT0)
                                                     -1.061    -0.512 r  user_35t_i/clk_wiz_0/inst/mmcm_adv_inst/CLKOUT0
                         net (fo=1, routed)           0.486    -0.026    user_35t_i/clk_wiz_0/inst/clk_out1_user_35t_clk_wiz_0_0
    BUFGCTRL_X0Y0        BUFG (Prop_bufg_I_O)         0.026     0.000 r  user_35t_i/clk_wiz_0/inst/clkout1_buf/O
                         net (fo=25480, routed)       0.563     0.563    dbg_hub/inst/BSCANID.u_xsdbm_id/CORE_XSDB.UUT_MASTER/U_ICON_INTERFACE/U_CMD6_WR/U_WR_FIFO/SUBCORE_FIFO.xsdbm_v3_0_0_wrfifo_inst/inst_fifo_gen/gconvfifo.rf/grf.rf/rstblk/rd_clk
    SLICE_X38Y5          FDPE                                         r  dbg_hub/inst/BSCANID.u_xsdbm_id/CORE_XSDB.UUT_MASTER/U_ICON_INTERFACE/U_CMD6_WR/U_WR_FIFO/SUBCORE_FIFO.xsdbm_v3_0_0_wrfifo_inst/inst_fifo_gen/gconvfifo.rf/grf.rf/rstblk/ngwrdrst.grst.g7serrst.rd_rst_reg_reg[2]/C
  -------------------------------------------------------------------    -------------------
    SLICE_X38Y5          FDPE (Prop_fdpe_C_Q)         0.164     0.727 f  dbg_hub/inst/BSCANID.u_xsdbm_id/CORE_XSDB.UUT_MASTER/U_ICON_INTERFACE/U_CMD6_WR/U_WR_FIFO/SUBCORE_FIFO.xsdbm_v3_0_0_wrfifo_inst/inst_fifo_gen/gconvfifo.rf/grf.rf/rstblk/ngwrdrst.grst.g7serrst.rd_rst_reg_reg[2]/Q
                         net (fo=10, routed)          0.135     0.862    dbg_hub/inst/BSCANID.u_xsdbm_id/CORE_XSDB.UUT_MASTER/U_ICON_INTERFACE/U_CMD6_WR/U_WR_FIFO/SUBCORE_FIFO.xsdbm_v3_0_0_wrfifo_inst/inst_fifo_gen/gconvfifo.rf/grf.rf/gntv_or_sync_fifo.gl0.rd/rpntr/AR[0]
    SLICE_X38Y6          FDCE                                         f  dbg_hub/inst/BSCANID.u_xsdbm_id/CORE_XSDB.UUT_MASTER/U_ICON_INTERFACE/U_CMD6_WR/U_WR_FIFO/SUBCORE_FIFO.xsdbm_v3_0_0_wrfifo_inst/inst_fifo_gen/gconvfifo.rf/grf.rf/gntv_or_sync_fifo.gl0.rd/rpntr/gc0.count_reg[2]/CLR
  -------------------------------------------------------------------    -------------------

                         (clock clk_out1_user_35t_clk_wiz_0_0 rise edge)
                                                      0.000     0.000 r  
    BUFGCTRL_X0Y4        BUFG                         0.000     0.000 r  sys_clock_IBUF_BUFG_inst/O
                         net (fo=38, routed)          0.817     0.817    user_35t_i/clk_wiz_0/inst/clk_in1
    MMCME2_ADV_X1Y0      MMCME2_ADV (Prop_mmcme2_adv_CLKIN1_CLKOUT0)
                                                     -1.375    -0.559 r  user_35t_i/clk_wiz_0/inst/mmcm_adv_inst/CLKOUT0
                         net (fo=1, routed)           0.530    -0.029    user_35t_i/clk_wiz_0/inst/clk_out1_user_35t_clk_wiz_0_0
    BUFGCTRL_X0Y0        BUFG (Prop_bufg_I_O)         0.029     0.000 r  user_35t_i/clk_wiz_0/inst/clkout1_buf/O
                         net (fo=25480, routed)       0.832     0.832    dbg_hub/inst/BSCANID.u_xsdbm_id/CORE_XSDB.UUT_MASTER/U_ICON_INTERFACE/U_CMD6_WR/U_WR_FIFO/SUBCORE_FIFO.xsdbm_v3_0_0_wrfifo_inst/inst_fifo_gen/gconvfifo.rf/grf.rf/gntv_or_sync_fifo.gl0.rd/rpntr/rd_clk
    SLICE_X38Y6          FDCE                                         r  dbg_hub/inst/BSCANID.u_xsdbm_id/CORE_XSDB.UUT_MASTER/U_ICON_INTERFACE/U_CMD6_WR/U_WR_FIFO/SUBCORE_FIFO.xsdbm_v3_0_0_wrfifo_inst/inst_fifo_gen/gconvfifo.rf/grf.rf/gntv_or_sync_fifo.gl0.rd/rpntr/gc0.count_reg[2]/C
                         clock pessimism             -0.253     0.579    
    SLICE_X38Y6          FDCE (Remov_fdce_C_CLR)     -0.067     0.512    dbg_hub/inst/BSCANID.u_xsdbm_id/CORE_XSDB.UUT_MASTER/U_ICON_INTERFACE/U_CMD6_WR/U_WR_FIFO/SUBCORE_FIFO.xsdbm_v3_0_0_wrfifo_inst/inst_fifo_gen/gconvfifo.rf/grf.rf/gntv_or_sync_fifo.gl0.rd/rpntr/gc0.count_reg[2]
  -------------------------------------------------------------------
                         required time                         -0.512    
                         arrival time                           0.862    
  -------------------------------------------------------------------
                         slack                                  0.350    

Slack (MET) :             0.350ns  (arrival time - required time)
  Source:                 dbg_hub/inst/BSCANID.u_xsdbm_id/CORE_XSDB.UUT_MASTER/U_ICON_INTERFACE/U_CMD6_WR/U_WR_FIFO/SUBCORE_FIFO.xsdbm_v3_0_0_wrfifo_inst/inst_fifo_gen/gconvfifo.rf/grf.rf/rstblk/ngwrdrst.grst.g7serrst.rd_rst_reg_reg[2]/C
                            (rising edge-triggered cell FDPE clocked by clk_out1_user_35t_clk_wiz_0_0  {rise@0.000ns fall@5.000ns period=10.000ns})
  Destination:            dbg_hub/inst/BSCANID.u_xsdbm_id/CORE_XSDB.UUT_MASTER/U_ICON_INTERFACE/U_CMD6_WR/U_WR_FIFO/SUBCORE_FIFO.xsdbm_v3_0_0_wrfifo_inst/inst_fifo_gen/gconvfifo.rf/grf.rf/gntv_or_sync_fifo.gl0.rd/rpntr/gc0.count_reg[3]/CLR
                            (removal check against rising-edge clock clk_out1_user_35t_clk_wiz_0_0  {rise@0.000ns fall@5.000ns period=10.000ns})
  Path Group:             **async_default**
  Path Type:              Removal (Min at Fast Process Corner)
  Requirement:            0.000ns  (clk_out1_user_35t_clk_wiz_0_0 rise@0.000ns - clk_out1_user_35t_clk_wiz_0_0 rise@0.000ns)
  Data Path Delay:        0.299ns  (logic 0.164ns (54.833%)  route 0.135ns (45.167%))
  Logic Levels:           0  
  Clock Path Skew:        0.016ns (DCD - SCD - CPR)
    Destination Clock Delay (DCD):    0.832ns
    Source Clock Delay      (SCD):    0.563ns
    Clock Pessimism Removal (CPR):    0.253ns

    Location             Delay type                Incr(ns)  Path(ns)    Netlist Resource(s)
  -------------------------------------------------------------------    -------------------
                         (clock clk_out1_user_35t_clk_wiz_0_0 rise edge)
                                                      0.000     0.000 r  
    BUFGCTRL_X0Y4        BUFG                         0.000     0.000 r  sys_clock_IBUF_BUFG_inst/O
                         net (fo=38, routed)          0.549     0.549    user_35t_i/clk_wiz_0/inst/clk_in1
    MMCME2_ADV_X1Y0      MMCME2_ADV (Prop_mmcme2_adv_CLKIN1_CLKOUT0)
                                                     -1.061    -0.512 r  user_35t_i/clk_wiz_0/inst/mmcm_adv_inst/CLKOUT0
                         net (fo=1, routed)           0.486    -0.026    user_35t_i/clk_wiz_0/inst/clk_out1_user_35t_clk_wiz_0_0
    BUFGCTRL_X0Y0        BUFG (Prop_bufg_I_O)         0.026     0.000 r  user_35t_i/clk_wiz_0/inst/clkout1_buf/O
                         net (fo=25480, routed)       0.563     0.563    dbg_hub/inst/BSCANID.u_xsdbm_id/CORE_XSDB.UUT_MASTER/U_ICON_INTERFACE/U_CMD6_WR/U_WR_FIFO/SUBCORE_FIFO.xsdbm_v3_0_0_wrfifo_inst/inst_fifo_gen/gconvfifo.rf/grf.rf/rstblk/rd_clk
    SLICE_X38Y5          FDPE                                         r  dbg_hub/inst/BSCANID.u_xsdbm_id/CORE_XSDB.UUT_MASTER/U_ICON_INTERFACE/U_CMD6_WR/U_WR_FIFO/SUBCORE_FIFO.xsdbm_v3_0_0_wrfifo_inst/inst_fifo_gen/gconvfifo.rf/grf.rf/rstblk/ngwrdrst.grst.g7serrst.rd_rst_reg_reg[2]/C
  -------------------------------------------------------------------    -------------------
    SLICE_X38Y5          FDPE (Prop_fdpe_C_Q)         0.164     0.727 f  dbg_hub/inst/BSCANID.u_xsdbm_id/CORE_XSDB.UUT_MASTER/U_ICON_INTERFACE/U_CMD6_WR/U_WR_FIFO/SUBCORE_FIFO.xsdbm_v3_0_0_wrfifo_inst/inst_fifo_gen/gconvfifo.rf/grf.rf/rstblk/ngwrdrst.grst.g7serrst.rd_rst_reg_reg[2]/Q
                         net (fo=10, routed)          0.135     0.862    dbg_hub/inst/BSCANID.u_xsdbm_id/CORE_XSDB.UUT_MASTER/U_ICON_INTERFACE/U_CMD6_WR/U_WR_FIFO/SUBCORE_FIFO.xsdbm_v3_0_0_wrfifo_inst/inst_fifo_gen/gconvfifo.rf/grf.rf/gntv_or_sync_fifo.gl0.rd/rpntr/AR[0]
    SLICE_X38Y6          FDCE                                         f  dbg_hub/inst/BSCANID.u_xsdbm_id/CORE_XSDB.UUT_MASTER/U_ICON_INTERFACE/U_CMD6_WR/U_WR_FIFO/SUBCORE_FIFO.xsdbm_v3_0_0_wrfifo_inst/inst_fifo_gen/gconvfifo.rf/grf.rf/gntv_or_sync_fifo.gl0.rd/rpntr/gc0.count_reg[3]/CLR
  -------------------------------------------------------------------    -------------------

                         (clock clk_out1_user_35t_clk_wiz_0_0 rise edge)
                                                      0.000     0.000 r  
    BUFGCTRL_X0Y4        BUFG                         0.000     0.000 r  sys_clock_IBUF_BUFG_inst/O
                         net (fo=38, routed)          0.817     0.817    user_35t_i/clk_wiz_0/inst/clk_in1
    MMCME2_ADV_X1Y0      MMCME2_ADV (Prop_mmcme2_adv_CLKIN1_CLKOUT0)
                                                     -1.375    -0.559 r  user_35t_i/clk_wiz_0/inst/mmcm_adv_inst/CLKOUT0
                         net (fo=1, routed)           0.530    -0.029    user_35t_i/clk_wiz_0/inst/clk_out1_user_35t_clk_wiz_0_0
    BUFGCTRL_X0Y0        BUFG (Prop_bufg_I_O)         0.029     0.000 r  user_35t_i/clk_wiz_0/inst/clkout1_buf/O
                         net (fo=25480, routed)       0.832     0.832    dbg_hub/inst/BSCANID.u_xsdbm_id/CORE_XSDB.UUT_MASTER/U_ICON_INTERFACE/U_CMD6_WR/U_WR_FIFO/SUBCORE_FIFO.xsdbm_v3_0_0_wrfifo_inst/inst_fifo_gen/gconvfifo.rf/grf.rf/gntv_or_sync_fifo.gl0.rd/rpntr/rd_clk
    SLICE_X38Y6          FDCE                                         r  dbg_hub/inst/BSCANID.u_xsdbm_id/CORE_XSDB.UUT_MASTER/U_ICON_INTERFACE/U_CMD6_WR/U_WR_FIFO/SUBCORE_FIFO.xsdbm_v3_0_0_wrfifo_inst/inst_fifo_gen/gconvfifo.rf/grf.rf/gntv_or_sync_fifo.gl0.rd/rpntr/gc0.count_reg[3]/C
                         clock pessimism             -0.253     0.579    
    SLICE_X38Y6          FDCE (Remov_fdce_C_CLR)     -0.067     0.512    dbg_hub/inst/BSCANID.u_xsdbm_id/CORE_XSDB.UUT_MASTER/U_ICON_INTERFACE/U_CMD6_WR/U_WR_FIFO/SUBCORE_FIFO.xsdbm_v3_0_0_wrfifo_inst/inst_fifo_gen/gconvfifo.rf/grf.rf/gntv_or_sync_fifo.gl0.rd/rpntr/gc0.count_reg[3]
  -------------------------------------------------------------------
                         required time                         -0.512    
                         arrival time                           0.862    
  -------------------------------------------------------------------
                         slack                                  0.350    

Slack (MET) :             0.375ns  (arrival time - required time)
  Source:                 dbg_hub/inst/BSCANID.u_xsdbm_id/CORE_XSDB.UUT_MASTER/U_ICON_INTERFACE/U_CMD6_WR/U_WR_FIFO/SUBCORE_FIFO.xsdbm_v3_0_0_wrfifo_inst/inst_fifo_gen/gconvfifo.rf/grf.rf/rstblk/ngwrdrst.grst.g7serrst.rd_rst_reg_reg[2]/C
                            (rising edge-triggered cell FDPE clocked by clk_out1_user_35t_clk_wiz_0_0  {rise@0.000ns fall@5.000ns period=10.000ns})
  Destination:            dbg_hub/inst/BSCANID.u_xsdbm_id/CORE_XSDB.UUT_MASTER/U_ICON_INTERFACE/U_CMD6_WR/U_WR_FIFO/SUBCORE_FIFO.xsdbm_v3_0_0_wrfifo_inst/inst_fifo_gen/gconvfifo.rf/grf.rf/gntv_or_sync_fifo.gl0.rd/rpntr/gc0.count_d1_reg[0]/CLR
                            (removal check against rising-edge clock clk_out1_user_35t_clk_wiz_0_0  {rise@0.000ns fall@5.000ns period=10.000ns})
  Path Group:             **async_default**
  Path Type:              Removal (Min at Fast Process Corner)
  Requirement:            0.000ns  (clk_out1_user_35t_clk_wiz_0_0 rise@0.000ns - clk_out1_user_35t_clk_wiz_0_0 rise@0.000ns)
  Data Path Delay:        0.299ns  (logic 0.164ns (54.833%)  route 0.135ns (45.167%))
  Logic Levels:           0  
  Clock Path Skew:        0.016ns (DCD - SCD - CPR)
    Destination Clock Delay (DCD):    0.832ns
    Source Clock Delay      (SCD):    0.563ns
    Clock Pessimism Removal (CPR):    0.253ns

    Location             Delay type                Incr(ns)  Path(ns)    Netlist Resource(s)
  -------------------------------------------------------------------    -------------------
                         (clock clk_out1_user_35t_clk_wiz_0_0 rise edge)
                                                      0.000     0.000 r  
    BUFGCTRL_X0Y4        BUFG                         0.000     0.000 r  sys_clock_IBUF_BUFG_inst/O
                         net (fo=38, routed)          0.549     0.549    user_35t_i/clk_wiz_0/inst/clk_in1
    MMCME2_ADV_X1Y0      MMCME2_ADV (Prop_mmcme2_adv_CLKIN1_CLKOUT0)
                                                     -1.061    -0.512 r  user_35t_i/clk_wiz_0/inst/mmcm_adv_inst/CLKOUT0
                         net (fo=1, routed)           0.486    -0.026    user_35t_i/clk_wiz_0/inst/clk_out1_user_35t_clk_wiz_0_0
    BUFGCTRL_X0Y0        BUFG (Prop_bufg_I_O)         0.026     0.000 r  user_35t_i/clk_wiz_0/inst/clkout1_buf/O
                         net (fo=25480, routed)       0.563     0.563    dbg_hub/inst/BSCANID.u_xsdbm_id/CORE_XSDB.UUT_MASTER/U_ICON_INTERFACE/U_CMD6_WR/U_WR_FIFO/SUBCORE_FIFO.xsdbm_v3_0_0_wrfifo_inst/inst_fifo_gen/gconvfifo.rf/grf.rf/rstblk/rd_clk
    SLICE_X38Y5          FDPE                                         r  dbg_hub/inst/BSCANID.u_xsdbm_id/CORE_XSDB.UUT_MASTER/U_ICON_INTERFACE/U_CMD6_WR/U_WR_FIFO/SUBCORE_FIFO.xsdbm_v3_0_0_wrfifo_inst/inst_fifo_gen/gconvfifo.rf/grf.rf/rstblk/ngwrdrst.grst.g7serrst.rd_rst_reg_reg[2]/C
  -------------------------------------------------------------------    -------------------
    SLICE_X38Y5          FDPE (Prop_fdpe_C_Q)         0.164     0.727 f  dbg_hub/inst/BSCANID.u_xsdbm_id/CORE_XSDB.UUT_MASTER/U_ICON_INTERFACE/U_CMD6_WR/U_WR_FIFO/SUBCORE_FIFO.xsdbm_v3_0_0_wrfifo_inst/inst_fifo_gen/gconvfifo.rf/grf.rf/rstblk/ngwrdrst.grst.g7serrst.rd_rst_reg_reg[2]/Q
                         net (fo=10, routed)          0.135     0.862    dbg_hub/inst/BSCANID.u_xsdbm_id/CORE_XSDB.UUT_MASTER/U_ICON_INTERFACE/U_CMD6_WR/U_WR_FIFO/SUBCORE_FIFO.xsdbm_v3_0_0_wrfifo_inst/inst_fifo_gen/gconvfifo.rf/grf.rf/gntv_or_sync_fifo.gl0.rd/rpntr/AR[0]
    SLICE_X39Y6          FDCE                                         f  dbg_hub/inst/BSCANID.u_xsdbm_id/CORE_XSDB.UUT_MASTER/U_ICON_INTERFACE/U_CMD6_WR/U_WR_FIFO/SUBCORE_FIFO.xsdbm_v3_0_0_wrfifo_inst/inst_fifo_gen/gconvfifo.rf/grf.rf/gntv_or_sync_fifo.gl0.rd/rpntr/gc0.count_d1_reg[0]/CLR
  -------------------------------------------------------------------    -------------------

                         (clock clk_out1_user_35t_clk_wiz_0_0 rise edge)
                                                      0.000     0.000 r  
    BUFGCTRL_X0Y4        BUFG                         0.000     0.000 r  sys_clock_IBUF_BUFG_inst/O
                         net (fo=38, routed)          0.817     0.817    user_35t_i/clk_wiz_0/inst/clk_in1
    MMCME2_ADV_X1Y0      MMCME2_ADV (Prop_mmcme2_adv_CLKIN1_CLKOUT0)
                                                     -1.375    -0.559 r  user_35t_i/clk_wiz_0/inst/mmcm_adv_inst/CLKOUT0
                         net (fo=1, routed)           0.530    -0.029    user_35t_i/clk_wiz_0/inst/clk_out1_user_35t_clk_wiz_0_0
    BUFGCTRL_X0Y0        BUFG (Prop_bufg_I_O)         0.029     0.000 r  user_35t_i/clk_wiz_0/inst/clkout1_buf/O
                         net (fo=25480, routed)       0.832     0.832    dbg_hub/inst/BSCANID.u_xsdbm_id/CORE_XSDB.UUT_MASTER/U_ICON_INTERFACE/U_CMD6_WR/U_WR_FIFO/SUBCORE_FIFO.xsdbm_v3_0_0_wrfifo_inst/inst_fifo_gen/gconvfifo.rf/grf.rf/gntv_or_sync_fifo.gl0.rd/rpntr/rd_clk
    SLICE_X39Y6          FDCE                                         r  dbg_hub/inst/BSCANID.u_xsdbm_id/CORE_XSDB.UUT_MASTER/U_ICON_INTERFACE/U_CMD6_WR/U_WR_FIFO/SUBCORE_FIFO.xsdbm_v3_0_0_wrfifo_inst/inst_fifo_gen/gconvfifo.rf/grf.rf/gntv_or_sync_fifo.gl0.rd/rpntr/gc0.count_d1_reg[0]/C
                         clock pessimism             -0.253     0.579    
    SLICE_X39Y6          FDCE (Remov_fdce_C_CLR)     -0.092     0.487    dbg_hub/inst/BSCANID.u_xsdbm_id/CORE_XSDB.UUT_MASTER/U_ICON_INTERFACE/U_CMD6_WR/U_WR_FIFO/SUBCORE_FIFO.xsdbm_v3_0_0_wrfifo_inst/inst_fifo_gen/gconvfifo.rf/grf.rf/gntv_or_sync_fifo.gl0.rd/rpntr/gc0.count_d1_reg[0]
  -------------------------------------------------------------------
                         required time                         -0.487    
                         arrival time                           0.862    
  -------------------------------------------------------------------
                         slack                                  0.375    

Slack (MET) :             0.375ns  (arrival time - required time)
  Source:                 dbg_hub/inst/BSCANID.u_xsdbm_id/CORE_XSDB.UUT_MASTER/U_ICON_INTERFACE/U_CMD6_WR/U_WR_FIFO/SUBCORE_FIFO.xsdbm_v3_0_0_wrfifo_inst/inst_fifo_gen/gconvfifo.rf/grf.rf/rstblk/ngwrdrst.grst.g7serrst.rd_rst_reg_reg[2]/C
                            (rising edge-triggered cell FDPE clocked by clk_out1_user_35t_clk_wiz_0_0  {rise@0.000ns fall@5.000ns period=10.000ns})
  Destination:            dbg_hub/inst/BSCANID.u_xsdbm_id/CORE_XSDB.UUT_MASTER/U_ICON_INTERFACE/U_CMD6_WR/U_WR_FIFO/SUBCORE_FIFO.xsdbm_v3_0_0_wrfifo_inst/inst_fifo_gen/gconvfifo.rf/grf.rf/gntv_or_sync_fifo.gl0.rd/rpntr/gc0.count_d1_reg[1]/CLR
                            (removal check against rising-edge clock clk_out1_user_35t_clk_wiz_0_0  {rise@0.000ns fall@5.000ns period=10.000ns})
  Path Group:             **async_default**
  Path Type:              Removal (Min at Fast Process Corner)
  Requirement:            0.000ns  (clk_out1_user_35t_clk_wiz_0_0 rise@0.000ns - clk_out1_user_35t_clk_wiz_0_0 rise@0.000ns)
  Data Path Delay:        0.299ns  (logic 0.164ns (54.833%)  route 0.135ns (45.167%))
  Logic Levels:           0  
  Clock Path Skew:        0.016ns (DCD - SCD - CPR)
    Destination Clock Delay (DCD):    0.832ns
    Source Clock Delay      (SCD):    0.563ns
    Clock Pessimism Removal (CPR):    0.253ns

    Location             Delay type                Incr(ns)  Path(ns)    Netlist Resource(s)
  -------------------------------------------------------------------    -------------------
                         (clock clk_out1_user_35t_clk_wiz_0_0 rise edge)
                                                      0.000     0.000 r  
    BUFGCTRL_X0Y4        BUFG                         0.000     0.000 r  sys_clock_IBUF_BUFG_inst/O
                         net (fo=38, routed)          0.549     0.549    user_35t_i/clk_wiz_0/inst/clk_in1
    MMCME2_ADV_X1Y0      MMCME2_ADV (Prop_mmcme2_adv_CLKIN1_CLKOUT0)
                                                     -1.061    -0.512 r  user_35t_i/clk_wiz_0/inst/mmcm_adv_inst/CLKOUT0
                         net (fo=1, routed)           0.486    -0.026    user_35t_i/clk_wiz_0/inst/clk_out1_user_35t_clk_wiz_0_0
    BUFGCTRL_X0Y0        BUFG (Prop_bufg_I_O)         0.026     0.000 r  user_35t_i/clk_wiz_0/inst/clkout1_buf/O
                         net (fo=25480, routed)       0.563     0.563    dbg_hub/inst/BSCANID.u_xsdbm_id/CORE_XSDB.UUT_MASTER/U_ICON_INTERFACE/U_CMD6_WR/U_WR_FIFO/SUBCORE_FIFO.xsdbm_v3_0_0_wrfifo_inst/inst_fifo_gen/gconvfifo.rf/grf.rf/rstblk/rd_clk
    SLICE_X38Y5          FDPE                                         r  dbg_hub/inst/BSCANID.u_xsdbm_id/CORE_XSDB.UUT_MASTER/U_ICON_INTERFACE/U_CMD6_WR/U_WR_FIFO/SUBCORE_FIFO.xsdbm_v3_0_0_wrfifo_inst/inst_fifo_gen/gconvfifo.rf/grf.rf/rstblk/ngwrdrst.grst.g7serrst.rd_rst_reg_reg[2]/C
  -------------------------------------------------------------------    -------------------
    SLICE_X38Y5          FDPE (Prop_fdpe_C_Q)         0.164     0.727 f  dbg_hub/inst/BSCANID.u_xsdbm_id/CORE_XSDB.UUT_MASTER/U_ICON_INTERFACE/U_CMD6_WR/U_WR_FIFO/SUBCORE_FIFO.xsdbm_v3_0_0_wrfifo_inst/inst_fifo_gen/gconvfifo.rf/grf.rf/rstblk/ngwrdrst.grst.g7serrst.rd_rst_reg_reg[2]/Q
                         net (fo=10, routed)          0.135     0.862    dbg_hub/inst/BSCANID.u_xsdbm_id/CORE_XSDB.UUT_MASTER/U_ICON_INTERFACE/U_CMD6_WR/U_WR_FIFO/SUBCORE_FIFO.xsdbm_v3_0_0_wrfifo_inst/inst_fifo_gen/gconvfifo.rf/grf.rf/gntv_or_sync_fifo.gl0.rd/rpntr/AR[0]
    SLICE_X39Y6          FDCE                                         f  dbg_hub/inst/BSCANID.u_xsdbm_id/CORE_XSDB.UUT_MASTER/U_ICON_INTERFACE/U_CMD6_WR/U_WR_FIFO/SUBCORE_FIFO.xsdbm_v3_0_0_wrfifo_inst/inst_fifo_gen/gconvfifo.rf/grf.rf/gntv_or_sync_fifo.gl0.rd/rpntr/gc0.count_d1_reg[1]/CLR
  -------------------------------------------------------------------    -------------------

                         (clock clk_out1_user_35t_clk_wiz_0_0 rise edge)
                                                      0.000     0.000 r  
    BUFGCTRL_X0Y4        BUFG                         0.000     0.000 r  sys_clock_IBUF_BUFG_inst/O
                         net (fo=38, routed)          0.817     0.817    user_35t_i/clk_wiz_0/inst/clk_in1
    MMCME2_ADV_X1Y0      MMCME2_ADV (Prop_mmcme2_adv_CLKIN1_CLKOUT0)
                                                     -1.375    -0.559 r  user_35t_i/clk_wiz_0/inst/mmcm_adv_inst/CLKOUT0
                         net (fo=1, routed)           0.530    -0.029    user_35t_i/clk_wiz_0/inst/clk_out1_user_35t_clk_wiz_0_0
    BUFGCTRL_X0Y0        BUFG (Prop_bufg_I_O)         0.029     0.000 r  user_35t_i/clk_wiz_0/inst/clkout1_buf/O
                         net (fo=25480, routed)       0.832     0.832    dbg_hub/inst/BSCANID.u_xsdbm_id/CORE_XSDB.UUT_MASTER/U_ICON_INTERFACE/U_CMD6_WR/U_WR_FIFO/SUBCORE_FIFO.xsdbm_v3_0_0_wrfifo_inst/inst_fifo_gen/gconvfifo.rf/grf.rf/gntv_or_sync_fifo.gl0.rd/rpntr/rd_clk
    SLICE_X39Y6          FDCE                                         r  dbg_hub/inst/BSCANID.u_xsdbm_id/CORE_XSDB.UUT_MASTER/U_ICON_INTERFACE/U_CMD6_WR/U_WR_FIFO/SUBCORE_FIFO.xsdbm_v3_0_0_wrfifo_inst/inst_fifo_gen/gconvfifo.rf/grf.rf/gntv_or_sync_fifo.gl0.rd/rpntr/gc0.count_d1_reg[1]/C
                         clock pessimism             -0.253     0.579    
    SLICE_X39Y6          FDCE (Remov_fdce_C_CLR)     -0.092     0.487    dbg_hub/inst/BSCANID.u_xsdbm_id/CORE_XSDB.UUT_MASTER/U_ICON_INTERFACE/U_CMD6_WR/U_WR_FIFO/SUBCORE_FIFO.xsdbm_v3_0_0_wrfifo_inst/inst_fifo_gen/gconvfifo.rf/grf.rf/gntv_or_sync_fifo.gl0.rd/rpntr/gc0.count_d1_reg[1]
  -------------------------------------------------------------------
                         required time                         -0.487    
                         arrival time                           0.862    
  -------------------------------------------------------------------
                         slack                                  0.375    

Slack (MET) :             0.375ns  (arrival time - required time)
  Source:                 dbg_hub/inst/BSCANID.u_xsdbm_id/CORE_XSDB.UUT_MASTER/U_ICON_INTERFACE/U_CMD6_WR/U_WR_FIFO/SUBCORE_FIFO.xsdbm_v3_0_0_wrfifo_inst/inst_fifo_gen/gconvfifo.rf/grf.rf/rstblk/ngwrdrst.grst.g7serrst.rd_rst_reg_reg[2]/C
                            (rising edge-triggered cell FDPE clocked by clk_out1_user_35t_clk_wiz_0_0  {rise@0.000ns fall@5.000ns period=10.000ns})
  Destination:            dbg_hub/inst/BSCANID.u_xsdbm_id/CORE_XSDB.UUT_MASTER/U_ICON_INTERFACE/U_CMD6_WR/U_WR_FIFO/SUBCORE_FIFO.xsdbm_v3_0_0_wrfifo_inst/inst_fifo_gen/gconvfifo.rf/grf.rf/gntv_or_sync_fifo.gl0.rd/rpntr/gc0.count_reg[1]/CLR
                            (removal check against rising-edge clock clk_out1_user_35t_clk_wiz_0_0  {rise@0.000ns fall@5.000ns period=10.000ns})
  Path Group:             **async_default**
  Path Type:              Removal (Min at Fast Process Corner)
  Requirement:            0.000ns  (clk_out1_user_35t_clk_wiz_0_0 rise@0.000ns - clk_out1_user_35t_clk_wiz_0_0 rise@0.000ns)
  Data Path Delay:        0.299ns  (logic 0.164ns (54.833%)  route 0.135ns (45.167%))
  Logic Levels:           0  
  Clock Path Skew:        0.016ns (DCD - SCD - CPR)
    Destination Clock Delay (DCD):    0.832ns
    Source Clock Delay      (SCD):    0.563ns
    Clock Pessimism Removal (CPR):    0.253ns

    Location             Delay type                Incr(ns)  Path(ns)    Netlist Resource(s)
  -------------------------------------------------------------------    -------------------
                         (clock clk_out1_user_35t_clk_wiz_0_0 rise edge)
                                                      0.000     0.000 r  
    BUFGCTRL_X0Y4        BUFG                         0.000     0.000 r  sys_clock_IBUF_BUFG_inst/O
                         net (fo=38, routed)          0.549     0.549    user_35t_i/clk_wiz_0/inst/clk_in1
    MMCME2_ADV_X1Y0      MMCME2_ADV (Prop_mmcme2_adv_CLKIN1_CLKOUT0)
                                                     -1.061    -0.512 r  user_35t_i/clk_wiz_0/inst/mmcm_adv_inst/CLKOUT0
                         net (fo=1, routed)           0.486    -0.026    user_35t_i/clk_wiz_0/inst/clk_out1_user_35t_clk_wiz_0_0
    BUFGCTRL_X0Y0        BUFG (Prop_bufg_I_O)         0.026     0.000 r  user_35t_i/clk_wiz_0/inst/clkout1_buf/O
                         net (fo=25480, routed)       0.563     0.563    dbg_hub/inst/BSCANID.u_xsdbm_id/CORE_XSDB.UUT_MASTER/U_ICON_INTERFACE/U_CMD6_WR/U_WR_FIFO/SUBCORE_FIFO.xsdbm_v3_0_0_wrfifo_inst/inst_fifo_gen/gconvfifo.rf/grf.rf/rstblk/rd_clk
    SLICE_X38Y5          FDPE                                         r  dbg_hub/inst/BSCANID.u_xsdbm_id/CORE_XSDB.UUT_MASTER/U_ICON_INTERFACE/U_CMD6_WR/U_WR_FIFO/SUBCORE_FIFO.xsdbm_v3_0_0_wrfifo_inst/inst_fifo_gen/gconvfifo.rf/grf.rf/rstblk/ngwrdrst.grst.g7serrst.rd_rst_reg_reg[2]/C
  -------------------------------------------------------------------    -------------------
    SLICE_X38Y5          FDPE (Prop_fdpe_C_Q)         0.164     0.727 f  dbg_hub/inst/BSCANID.u_xsdbm_id/CORE_XSDB.UUT_MASTER/U_ICON_INTERFACE/U_CMD6_WR/U_WR_FIFO/SUBCORE_FIFO.xsdbm_v3_0_0_wrfifo_inst/inst_fifo_gen/gconvfifo.rf/grf.rf/rstblk/ngwrdrst.grst.g7serrst.rd_rst_reg_reg[2]/Q
                         net (fo=10, routed)          0.135     0.862    dbg_hub/inst/BSCANID.u_xsdbm_id/CORE_XSDB.UUT_MASTER/U_ICON_INTERFACE/U_CMD6_WR/U_WR_FIFO/SUBCORE_FIFO.xsdbm_v3_0_0_wrfifo_inst/inst_fifo_gen/gconvfifo.rf/grf.rf/gntv_or_sync_fifo.gl0.rd/rpntr/AR[0]
    SLICE_X39Y6          FDCE                                         f  dbg_hub/inst/BSCANID.u_xsdbm_id/CORE_XSDB.UUT_MASTER/U_ICON_INTERFACE/U_CMD6_WR/U_WR_FIFO/SUBCORE_FIFO.xsdbm_v3_0_0_wrfifo_inst/inst_fifo_gen/gconvfifo.rf/grf.rf/gntv_or_sync_fifo.gl0.rd/rpntr/gc0.count_reg[1]/CLR
  -------------------------------------------------------------------    -------------------

                         (clock clk_out1_user_35t_clk_wiz_0_0 rise edge)
                                                      0.000     0.000 r  
    BUFGCTRL_X0Y4        BUFG                         0.000     0.000 r  sys_clock_IBUF_BUFG_inst/O
                         net (fo=38, routed)          0.817     0.817    user_35t_i/clk_wiz_0/inst/clk_in1
    MMCME2_ADV_X1Y0      MMCME2_ADV (Prop_mmcme2_adv_CLKIN1_CLKOUT0)
                                                     -1.375    -0.559 r  user_35t_i/clk_wiz_0/inst/mmcm_adv_inst/CLKOUT0
                         net (fo=1, routed)           0.530    -0.029    user_35t_i/clk_wiz_0/inst/clk_out1_user_35t_clk_wiz_0_0
    BUFGCTRL_X0Y0        BUFG (Prop_bufg_I_O)         0.029     0.000 r  user_35t_i/clk_wiz_0/inst/clkout1_buf/O
                         net (fo=25480, routed)       0.832     0.832    dbg_hub/inst/BSCANID.u_xsdbm_id/CORE_XSDB.UUT_MASTER/U_ICON_INTERFACE/U_CMD6_WR/U_WR_FIFO/SUBCORE_FIFO.xsdbm_v3_0_0_wrfifo_inst/inst_fifo_gen/gconvfifo.rf/grf.rf/gntv_or_sync_fifo.gl0.rd/rpntr/rd_clk
    SLICE_X39Y6          FDCE                                         r  dbg_hub/inst/BSCANID.u_xsdbm_id/CORE_XSDB.UUT_MASTER/U_ICON_INTERFACE/U_CMD6_WR/U_WR_FIFO/SUBCORE_FIFO.xsdbm_v3_0_0_wrfifo_inst/inst_fifo_gen/gconvfifo.rf/grf.rf/gntv_or_sync_fifo.gl0.rd/rpntr/gc0.count_reg[1]/C
                         clock pessimism             -0.253     0.579    
    SLICE_X39Y6          FDCE (Remov_fdce_C_CLR)     -0.092     0.487    dbg_hub/inst/BSCANID.u_xsdbm_id/CORE_XSDB.UUT_MASTER/U_ICON_INTERFACE/U_CMD6_WR/U_WR_FIFO/SUBCORE_FIFO.xsdbm_v3_0_0_wrfifo_inst/inst_fifo_gen/gconvfifo.rf/grf.rf/gntv_or_sync_fifo.gl0.rd/rpntr/gc0.count_reg[1]
  -------------------------------------------------------------------
                         required time                         -0.487    
                         arrival time                           0.862    
  -------------------------------------------------------------------
                         slack                                  0.375    

Slack (MET) :             0.378ns  (arrival time - required time)
  Source:                 dbg_hub/inst/BSCANID.u_xsdbm_id/CORE_XSDB.UUT_MASTER/U_ICON_INTERFACE/U_CMD6_WR/U_WR_FIFO/SUBCORE_FIFO.xsdbm_v3_0_0_wrfifo_inst/inst_fifo_gen/gconvfifo.rf/grf.rf/rstblk/ngwrdrst.grst.g7serrst.rd_rst_reg_reg[2]/C
                            (rising edge-triggered cell FDPE clocked by clk_out1_user_35t_clk_wiz_0_0  {rise@0.000ns fall@5.000ns period=10.000ns})
  Destination:            dbg_hub/inst/BSCANID.u_xsdbm_id/CORE_XSDB.UUT_MASTER/U_ICON_INTERFACE/U_CMD6_WR/U_WR_FIFO/SUBCORE_FIFO.xsdbm_v3_0_0_wrfifo_inst/inst_fifo_gen/gconvfifo.rf/grf.rf/gntv_or_sync_fifo.gl0.rd/rpntr/gc0.count_reg[0]/PRE
                            (removal check against rising-edge clock clk_out1_user_35t_clk_wiz_0_0  {rise@0.000ns fall@5.000ns period=10.000ns})
  Path Group:             **async_default**
  Path Type:              Removal (Min at Fast Process Corner)
  Requirement:            0.000ns  (clk_out1_user_35t_clk_wiz_0_0 rise@0.000ns - clk_out1_user_35t_clk_wiz_0_0 rise@0.000ns)
  Data Path Delay:        0.299ns  (logic 0.164ns (54.833%)  route 0.135ns (45.167%))
  Logic Levels:           0  
  Clock Path Skew:        0.016ns (DCD - SCD - CPR)
    Destination Clock Delay (DCD):    0.832ns
    Source Clock Delay      (SCD):    0.563ns
    Clock Pessimism Removal (CPR):    0.253ns

    Location             Delay type                Incr(ns)  Path(ns)    Netlist Resource(s)
  -------------------------------------------------------------------    -------------------
                         (clock clk_out1_user_35t_clk_wiz_0_0 rise edge)
                                                      0.000     0.000 r  
    BUFGCTRL_X0Y4        BUFG                         0.000     0.000 r  sys_clock_IBUF_BUFG_inst/O
                         net (fo=38, routed)          0.549     0.549    user_35t_i/clk_wiz_0/inst/clk_in1
    MMCME2_ADV_X1Y0      MMCME2_ADV (Prop_mmcme2_adv_CLKIN1_CLKOUT0)
                                                     -1.061    -0.512 r  user_35t_i/clk_wiz_0/inst/mmcm_adv_inst/CLKOUT0
                         net (fo=1, routed)           0.486    -0.026    user_35t_i/clk_wiz_0/inst/clk_out1_user_35t_clk_wiz_0_0
    BUFGCTRL_X0Y0        BUFG (Prop_bufg_I_O)         0.026     0.000 r  user_35t_i/clk_wiz_0/inst/clkout1_buf/O
                         net (fo=25480, routed)       0.563     0.563    dbg_hub/inst/BSCANID.u_xsdbm_id/CORE_XSDB.UUT_MASTER/U_ICON_INTERFACE/U_CMD6_WR/U_WR_FIFO/SUBCORE_FIFO.xsdbm_v3_0_0_wrfifo_inst/inst_fifo_gen/gconvfifo.rf/grf.rf/rstblk/rd_clk
    SLICE_X38Y5          FDPE                                         r  dbg_hub/inst/BSCANID.u_xsdbm_id/CORE_XSDB.UUT_MASTER/U_ICON_INTERFACE/U_CMD6_WR/U_WR_FIFO/SUBCORE_FIFO.xsdbm_v3_0_0_wrfifo_inst/inst_fifo_gen/gconvfifo.rf/grf.rf/rstblk/ngwrdrst.grst.g7serrst.rd_rst_reg_reg[2]/C
  -------------------------------------------------------------------    -------------------
    SLICE_X38Y5          FDPE (Prop_fdpe_C_Q)         0.164     0.727 f  dbg_hub/inst/BSCANID.u_xsdbm_id/CORE_XSDB.UUT_MASTER/U_ICON_INTERFACE/U_CMD6_WR/U_WR_FIFO/SUBCORE_FIFO.xsdbm_v3_0_0_wrfifo_inst/inst_fifo_gen/gconvfifo.rf/grf.rf/rstblk/ngwrdrst.grst.g7serrst.rd_rst_reg_reg[2]/Q
                         net (fo=10, routed)          0.135     0.862    dbg_hub/inst/BSCANID.u_xsdbm_id/CORE_XSDB.UUT_MASTER/U_ICON_INTERFACE/U_CMD6_WR/U_WR_FIFO/SUBCORE_FIFO.xsdbm_v3_0_0_wrfifo_inst/inst_fifo_gen/gconvfifo.rf/grf.rf/gntv_or_sync_fifo.gl0.rd/rpntr/AR[0]
    SLICE_X39Y6          FDPE                                         f  dbg_hub/inst/BSCANID.u_xsdbm_id/CORE_XSDB.UUT_MASTER/U_ICON_INTERFACE/U_CMD6_WR/U_WR_FIFO/SUBCORE_FIFO.xsdbm_v3_0_0_wrfifo_inst/inst_fifo_gen/gconvfifo.rf/grf.rf/gntv_or_sync_fifo.gl0.rd/rpntr/gc0.count_reg[0]/PRE
  -------------------------------------------------------------------    -------------------

                         (clock clk_out1_user_35t_clk_wiz_0_0 rise edge)
                                                      0.000     0.000 r  
    BUFGCTRL_X0Y4        BUFG                         0.000     0.000 r  sys_clock_IBUF_BUFG_inst/O
                         net (fo=38, routed)          0.817     0.817    user_35t_i/clk_wiz_0/inst/clk_in1
    MMCME2_ADV_X1Y0      MMCME2_ADV (Prop_mmcme2_adv_CLKIN1_CLKOUT0)
                                                     -1.375    -0.559 r  user_35t_i/clk_wiz_0/inst/mmcm_adv_inst/CLKOUT0
                         net (fo=1, routed)           0.530    -0.029    user_35t_i/clk_wiz_0/inst/clk_out1_user_35t_clk_wiz_0_0
    BUFGCTRL_X0Y0        BUFG (Prop_bufg_I_O)         0.029     0.000 r  user_35t_i/clk_wiz_0/inst/clkout1_buf/O
                         net (fo=25480, routed)       0.832     0.832    dbg_hub/inst/BSCANID.u_xsdbm_id/CORE_XSDB.UUT_MASTER/U_ICON_INTERFACE/U_CMD6_WR/U_WR_FIFO/SUBCORE_FIFO.xsdbm_v3_0_0_wrfifo_inst/inst_fifo_gen/gconvfifo.rf/grf.rf/gntv_or_sync_fifo.gl0.rd/rpntr/rd_clk
    SLICE_X39Y6          FDPE                                         r  dbg_hub/inst/BSCANID.u_xsdbm_id/CORE_XSDB.UUT_MASTER/U_ICON_INTERFACE/U_CMD6_WR/U_WR_FIFO/SUBCORE_FIFO.xsdbm_v3_0_0_wrfifo_inst/inst_fifo_gen/gconvfifo.rf/grf.rf/gntv_or_sync_fifo.gl0.rd/rpntr/gc0.count_reg[0]/C
                         clock pessimism             -0.253     0.579    
    SLICE_X39Y6          FDPE (Remov_fdpe_C_PRE)     -0.095     0.484    dbg_hub/inst/BSCANID.u_xsdbm_id/CORE_XSDB.UUT_MASTER/U_ICON_INTERFACE/U_CMD6_WR/U_WR_FIFO/SUBCORE_FIFO.xsdbm_v3_0_0_wrfifo_inst/inst_fifo_gen/gconvfifo.rf/grf.rf/gntv_or_sync_fifo.gl0.rd/rpntr/gc0.count_reg[0]
  -------------------------------------------------------------------
                         required time                         -0.484    
                         arrival time                           0.862    
  -------------------------------------------------------------------
                         slack                                  0.378    

Slack (MET) :             0.418ns  (arrival time - required time)
  Source:                 dbg_hub/inst/BSCANID.u_xsdbm_id/CORE_XSDB.UUT_MASTER/U_ICON_INTERFACE/U_CMD6_RD/U_RD_FIFO/SUBCORE_FIFO.xsdbm_v3_0_0_rdfifo_inst/inst_fifo_gen/gconvfifo.rf/grf.rf/rstblk/ngwrdrst.grst.g7serrst.wr_rst_reg_reg[1]/C
                            (rising edge-triggered cell FDPE clocked by clk_out1_user_35t_clk_wiz_0_0  {rise@0.000ns fall@5.000ns period=10.000ns})
  Destination:            dbg_hub/inst/BSCANID.u_xsdbm_id/CORE_XSDB.UUT_MASTER/U_ICON_INTERFACE/U_CMD6_RD/U_RD_FIFO/SUBCORE_FIFO.xsdbm_v3_0_0_rdfifo_inst/inst_fifo_gen/gconvfifo.rf/grf.rf/gntv_or_sync_fifo.gl0.wr/wpntr/gic0.gc0.count_d1_reg[2]/CLR
                            (removal check against rising-edge clock clk_out1_user_35t_clk_wiz_0_0  {rise@0.000ns fall@5.000ns period=10.000ns})
  Path Group:             **async_default**
  Path Type:              Removal (Min at Fast Process Corner)
  Requirement:            0.000ns  (clk_out1_user_35t_clk_wiz_0_0 rise@0.000ns - clk_out1_user_35t_clk_wiz_0_0 rise@0.000ns)
  Data Path Delay:        0.339ns  (logic 0.141ns (41.576%)  route 0.198ns (58.424%))
  Logic Levels:           0  
  Clock Path Skew:        0.013ns (DCD - SCD - CPR)
    Destination Clock Delay (DCD):    0.823ns
    Source Clock Delay      (SCD):    0.556ns
    Clock Pessimism Removal (CPR):    0.254ns

    Location             Delay type                Incr(ns)  Path(ns)    Netlist Resource(s)
  -------------------------------------------------------------------    -------------------
                         (clock clk_out1_user_35t_clk_wiz_0_0 rise edge)
                                                      0.000     0.000 r  
    BUFGCTRL_X0Y4        BUFG                         0.000     0.000 r  sys_clock_IBUF_BUFG_inst/O
                         net (fo=38, routed)          0.549     0.549    user_35t_i/clk_wiz_0/inst/clk_in1
    MMCME2_ADV_X1Y0      MMCME2_ADV (Prop_mmcme2_adv_CLKIN1_CLKOUT0)
                                                     -1.061    -0.512 r  user_35t_i/clk_wiz_0/inst/mmcm_adv_inst/CLKOUT0
                         net (fo=1, routed)           0.486    -0.026    user_35t_i/clk_wiz_0/inst/clk_out1_user_35t_clk_wiz_0_0
    BUFGCTRL_X0Y0        BUFG (Prop_bufg_I_O)         0.026     0.000 r  user_35t_i/clk_wiz_0/inst/clkout1_buf/O
                         net (fo=25480, routed)       0.556     0.556    dbg_hub/inst/BSCANID.u_xsdbm_id/CORE_XSDB.UUT_MASTER/U_ICON_INTERFACE/U_CMD6_RD/U_RD_FIFO/SUBCORE_FIFO.xsdbm_v3_0_0_rdfifo_inst/inst_fifo_gen/gconvfifo.rf/grf.rf/rstblk/wr_clk
    SLICE_X44Y19         FDPE                                         r  dbg_hub/inst/BSCANID.u_xsdbm_id/CORE_XSDB.UUT_MASTER/U_ICON_INTERFACE/U_CMD6_RD/U_RD_FIFO/SUBCORE_FIFO.xsdbm_v3_0_0_rdfifo_inst/inst_fifo_gen/gconvfifo.rf/grf.rf/rstblk/ngwrdrst.grst.g7serrst.wr_rst_reg_reg[1]/C
  -------------------------------------------------------------------    -------------------
    SLICE_X44Y19         FDPE (Prop_fdpe_C_Q)         0.141     0.697 f  dbg_hub/inst/BSCANID.u_xsdbm_id/CORE_XSDB.UUT_MASTER/U_ICON_INTERFACE/U_CMD6_RD/U_RD_FIFO/SUBCORE_FIFO.xsdbm_v3_0_0_rdfifo_inst/inst_fifo_gen/gconvfifo.rf/grf.rf/rstblk/ngwrdrst.grst.g7serrst.wr_rst_reg_reg[1]/Q
                         net (fo=12, routed)          0.198     0.895    dbg_hub/inst/BSCANID.u_xsdbm_id/CORE_XSDB.UUT_MASTER/U_ICON_INTERFACE/U_CMD6_RD/U_RD_FIFO/SUBCORE_FIFO.xsdbm_v3_0_0_rdfifo_inst/inst_fifo_gen/gconvfifo.rf/grf.rf/gntv_or_sync_fifo.gl0.wr/wpntr/gic0.gc0.count_reg[0]_0[0]
    SLICE_X45Y20         FDCE                                         f  dbg_hub/inst/BSCANID.u_xsdbm_id/CORE_XSDB.UUT_MASTER/U_ICON_INTERFACE/U_CMD6_RD/U_RD_FIFO/SUBCORE_FIFO.xsdbm_v3_0_0_rdfifo_inst/inst_fifo_gen/gconvfifo.rf/grf.rf/gntv_or_sync_fifo.gl0.wr/wpntr/gic0.gc0.count_d1_reg[2]/CLR
  -------------------------------------------------------------------    -------------------

                         (clock clk_out1_user_35t_clk_wiz_0_0 rise edge)
                                                      0.000     0.000 r  
    BUFGCTRL_X0Y4        BUFG                         0.000     0.000 r  sys_clock_IBUF_BUFG_inst/O
                         net (fo=38, routed)          0.817     0.817    user_35t_i/clk_wiz_0/inst/clk_in1
    MMCME2_ADV_X1Y0      MMCME2_ADV (Prop_mmcme2_adv_CLKIN1_CLKOUT0)
                                                     -1.375    -0.559 r  user_35t_i/clk_wiz_0/inst/mmcm_adv_inst/CLKOUT0
                         net (fo=1, routed)           0.530    -0.029    user_35t_i/clk_wiz_0/inst/clk_out1_user_35t_clk_wiz_0_0
    BUFGCTRL_X0Y0        BUFG (Prop_bufg_I_O)         0.029     0.000 r  user_35t_i/clk_wiz_0/inst/clkout1_buf/O
                         net (fo=25480, routed)       0.823     0.823    dbg_hub/inst/BSCANID.u_xsdbm_id/CORE_XSDB.UUT_MASTER/U_ICON_INTERFACE/U_CMD6_RD/U_RD_FIFO/SUBCORE_FIFO.xsdbm_v3_0_0_rdfifo_inst/inst_fifo_gen/gconvfifo.rf/grf.rf/gntv_or_sync_fifo.gl0.wr/wpntr/wr_clk
    SLICE_X45Y20         FDCE                                         r  dbg_hub/inst/BSCANID.u_xsdbm_id/CORE_XSDB.UUT_MASTER/U_ICON_INTERFACE/U_CMD6_RD/U_RD_FIFO/SUBCORE_FIFO.xsdbm_v3_0_0_rdfifo_inst/inst_fifo_gen/gconvfifo.rf/grf.rf/gntv_or_sync_fifo.gl0.wr/wpntr/gic0.gc0.count_d1_reg[2]/C
                         clock pessimism             -0.254     0.569    
    SLICE_X45Y20         FDCE (Remov_fdce_C_CLR)     -0.092     0.477    dbg_hub/inst/BSCANID.u_xsdbm_id/CORE_XSDB.UUT_MASTER/U_ICON_INTERFACE/U_CMD6_RD/U_RD_FIFO/SUBCORE_FIFO.xsdbm_v3_0_0_rdfifo_inst/inst_fifo_gen/gconvfifo.rf/grf.rf/gntv_or_sync_fifo.gl0.wr/wpntr/gic0.gc0.count_d1_reg[2]
  -------------------------------------------------------------------
                         required time                         -0.477    
                         arrival time                           0.895    
  -------------------------------------------------------------------
                         slack                                  0.418    





---------------------------------------------------------------------------------------------------
Path Group:  **async_default**
From Clock:  dbg_hub/inst/BSCANID.u_xsdbm_id/SWITCH_N_EXT_BSCAN.bscan_inst/SERIES7_BSCAN.bscan_inst/TCK
  To Clock:  dbg_hub/inst/BSCANID.u_xsdbm_id/SWITCH_N_EXT_BSCAN.bscan_inst/SERIES7_BSCAN.bscan_inst/TCK

Setup :            0  Failing Endpoints,  Worst Slack       27.548ns,  Total Violation        0.000ns
Hold  :            0  Failing Endpoints,  Worst Slack        0.333ns,  Total Violation        0.000ns
---------------------------------------------------------------------------------------------------


Max Delay Paths
--------------------------------------------------------------------------------------
Slack (MET) :             27.548ns  (required time - arrival time)
  Source:                 dbg_hub/inst/BSCANID.u_xsdbm_id/SWITCH_N_EXT_BSCAN.bscan_switch/state_reg[1]/C
                            (rising edge-triggered cell FDRE clocked by dbg_hub/inst/BSCANID.u_xsdbm_id/SWITCH_N_EXT_BSCAN.bscan_inst/SERIES7_BSCAN.bscan_inst/TCK  {rise@0.000ns fall@16.500ns period=33.000ns})
  Destination:            dbg_hub/inst/BSCANID.u_xsdbm_id/CORE_XSDB.U_ICON/U_CMD/iTARGET_reg[15]/CLR
                            (recovery check against rising-edge clock dbg_hub/inst/BSCANID.u_xsdbm_id/SWITCH_N_EXT_BSCAN.bscan_inst/SERIES7_BSCAN.bscan_inst/TCK  {rise@0.000ns fall@16.500ns period=33.000ns})
  Path Group:             **async_default**
  Path Type:              Recovery (Max at Slow Process Corner)
  Requirement:            33.000ns  (dbg_hub/inst/BSCANID.u_xsdbm_id/SWITCH_N_EXT_BSCAN.bscan_inst/SERIES7_BSCAN.bscan_inst/TCK rise@33.000ns - dbg_hub/inst/BSCANID.u_xsdbm_id/SWITCH_N_EXT_BSCAN.bscan_inst/SERIES7_BSCAN.bscan_inst/TCK rise@0.000ns)
  Data Path Delay:        4.832ns  (logic 0.934ns (19.328%)  route 3.898ns (80.672%))
  Logic Levels:           2  (LUT1=1 LUT4=1)
  Clock Path Skew:        -0.179ns (DCD - SCD + CPR)
    Destination Clock Delay (DCD):    3.132ns = ( 36.132 - 33.000 ) 
    Source Clock Delay      (SCD):    3.585ns
    Clock Pessimism Removal (CPR):    0.274ns
  Clock Uncertainty:      0.035ns  ((TSJ^2 + TIJ^2)^1/2 + DJ) / 2 + PE
    Total System Jitter     (TSJ):    0.071ns
    Total Input Jitter      (TIJ):    0.000ns
    Discrete Jitter          (DJ):    0.000ns
    Phase Error              (PE):    0.000ns

    Location             Delay type                Incr(ns)  Path(ns)    Netlist Resource(s)
  -------------------------------------------------------------------    -------------------
                         (clock dbg_hub/inst/BSCANID.u_xsdbm_id/SWITCH_N_EXT_BSCAN.bscan_inst/SERIES7_BSCAN.bscan_inst/TCK rise edge)
                                                      0.000     0.000 r  
    BSCAN_X0Y0           BSCANE2                      0.000     0.000 r  dbg_hub/inst/BSCANID.u_xsdbm_id/SWITCH_N_EXT_BSCAN.bscan_inst/SERIES7_BSCAN.bscan_inst/TCK
                         net (fo=1, routed)           1.854     1.854    dbg_hub/inst/BSCANID.u_xsdbm_id/tck_bs
    BUFGCTRL_X0Y1        BUFG (Prop_bufg_I_O)         0.096     1.950 r  dbg_hub/inst/BSCANID.u_xsdbm_id/SWITCH_N_EXT_BSCAN.u_bufg_icon_tck/O
                         net (fo=494, routed)         1.635     3.585    dbg_hub/inst/BSCANID.u_xsdbm_id/SWITCH_N_EXT_BSCAN.bscan_switch/s_bscan_tck
    SLICE_X7Y4           FDRE                                         r  dbg_hub/inst/BSCANID.u_xsdbm_id/SWITCH_N_EXT_BSCAN.bscan_switch/state_reg[1]/C
  -------------------------------------------------------------------    -------------------
    SLICE_X7Y4           FDRE (Prop_fdre_C_Q)         0.456     4.041 f  dbg_hub/inst/BSCANID.u_xsdbm_id/SWITCH_N_EXT_BSCAN.bscan_switch/state_reg[1]/Q
                         net (fo=50, routed)          1.716     5.758    dbg_hub/inst/BSCANID.u_xsdbm_id/SWITCH_N_EXT_BSCAN.bscan_switch/state[1]
    SLICE_X7Y3           LUT4 (Prop_lut4_I0_O)        0.152     5.910 r  dbg_hub/inst/BSCANID.u_xsdbm_id/SWITCH_N_EXT_BSCAN.bscan_switch/m_bscan_sel[0]_INST_0/O
                         net (fo=2, routed)           1.169     7.078    dbg_hub/inst/BSCANID.u_xsdbm_id/CORE_XSDB.U_ICON/U_CMD/iTARGET_reg[6]_0
    SLICE_X37Y3          LUT1 (Prop_lut1_I0_O)        0.326     7.404 f  dbg_hub/inst/BSCANID.u_xsdbm_id/CORE_XSDB.U_ICON/U_CMD/iTARGET[15]_i_2/O
                         net (fo=10, routed)          1.013     8.418    dbg_hub/inst/BSCANID.u_xsdbm_id/CORE_XSDB.U_ICON/U_CMD/iSEL_n
    SLICE_X40Y1          FDCE                                         f  dbg_hub/inst/BSCANID.u_xsdbm_id/CORE_XSDB.U_ICON/U_CMD/iTARGET_reg[15]/CLR
  -------------------------------------------------------------------    -------------------

                         (clock dbg_hub/inst/BSCANID.u_xsdbm_id/SWITCH_N_EXT_BSCAN.bscan_inst/SERIES7_BSCAN.bscan_inst/TCK rise edge)
                                                     33.000    33.000 r  
    BSCAN_X0Y0           BSCANE2                      0.000    33.000 r  dbg_hub/inst/BSCANID.u_xsdbm_id/SWITCH_N_EXT_BSCAN.bscan_inst/SERIES7_BSCAN.bscan_inst/TCK
                         net (fo=1, routed)           1.593    34.593    dbg_hub/inst/BSCANID.u_xsdbm_id/tck_bs
    BUFGCTRL_X0Y1        BUFG (Prop_bufg_I_O)         0.091    34.684 r  dbg_hub/inst/BSCANID.u_xsdbm_id/SWITCH_N_EXT_BSCAN.u_bufg_icon_tck/O
                         net (fo=494, routed)         1.448    36.132    dbg_hub/inst/BSCANID.u_xsdbm_id/CORE_XSDB.U_ICON/U_CMD/m_bscan_tck[0]
    SLICE_X40Y1          FDCE                                         r  dbg_hub/inst/BSCANID.u_xsdbm_id/CORE_XSDB.U_ICON/U_CMD/iTARGET_reg[15]/C
                         clock pessimism              0.274    36.406    
                         clock uncertainty           -0.035    36.371    
    SLICE_X40Y1          FDCE (Recov_fdce_C_CLR)     -0.405    35.966    dbg_hub/inst/BSCANID.u_xsdbm_id/CORE_XSDB.U_ICON/U_CMD/iTARGET_reg[15]
  -------------------------------------------------------------------
                         required time                         35.966    
                         arrival time                          -8.418    
  -------------------------------------------------------------------
                         slack                                 27.548    

Slack (MET) :             27.853ns  (required time - arrival time)
  Source:                 dbg_hub/inst/BSCANID.u_xsdbm_id/SWITCH_N_EXT_BSCAN.bscan_switch/state_reg[1]/C
                            (rising edge-triggered cell FDRE clocked by dbg_hub/inst/BSCANID.u_xsdbm_id/SWITCH_N_EXT_BSCAN.bscan_inst/SERIES7_BSCAN.bscan_inst/TCK  {rise@0.000ns fall@16.500ns period=33.000ns})
  Destination:            dbg_hub/inst/BSCANID.u_xsdbm_id/CORE_XSDB.U_ICON/U_CMD/iTARGET_reg[10]/CLR
                            (recovery check against rising-edge clock dbg_hub/inst/BSCANID.u_xsdbm_id/SWITCH_N_EXT_BSCAN.bscan_inst/SERIES7_BSCAN.bscan_inst/TCK  {rise@0.000ns fall@16.500ns period=33.000ns})
  Path Group:             **async_default**
  Path Type:              Recovery (Max at Slow Process Corner)
  Requirement:            33.000ns  (dbg_hub/inst/BSCANID.u_xsdbm_id/SWITCH_N_EXT_BSCAN.bscan_inst/SERIES7_BSCAN.bscan_inst/TCK rise@33.000ns - dbg_hub/inst/BSCANID.u_xsdbm_id/SWITCH_N_EXT_BSCAN.bscan_inst/SERIES7_BSCAN.bscan_inst/TCK rise@0.000ns)
  Data Path Delay:        4.526ns  (logic 0.934ns (20.638%)  route 3.592ns (79.362%))
  Logic Levels:           2  (LUT1=1 LUT4=1)
  Clock Path Skew:        -0.181ns (DCD - SCD + CPR)
    Destination Clock Delay (DCD):    3.130ns = ( 36.130 - 33.000 ) 
    Source Clock Delay      (SCD):    3.585ns
    Clock Pessimism Removal (CPR):    0.274ns
  Clock Uncertainty:      0.035ns  ((TSJ^2 + TIJ^2)^1/2 + DJ) / 2 + PE
    Total System Jitter     (TSJ):    0.071ns
    Total Input Jitter      (TIJ):    0.000ns
    Discrete Jitter          (DJ):    0.000ns
    Phase Error              (PE):    0.000ns

    Location             Delay type                Incr(ns)  Path(ns)    Netlist Resource(s)
  -------------------------------------------------------------------    -------------------
                         (clock dbg_hub/inst/BSCANID.u_xsdbm_id/SWITCH_N_EXT_BSCAN.bscan_inst/SERIES7_BSCAN.bscan_inst/TCK rise edge)
                                                      0.000     0.000 r  
    BSCAN_X0Y0           BSCANE2                      0.000     0.000 r  dbg_hub/inst/BSCANID.u_xsdbm_id/SWITCH_N_EXT_BSCAN.bscan_inst/SERIES7_BSCAN.bscan_inst/TCK
                         net (fo=1, routed)           1.854     1.854    dbg_hub/inst/BSCANID.u_xsdbm_id/tck_bs
    BUFGCTRL_X0Y1        BUFG (Prop_bufg_I_O)         0.096     1.950 r  dbg_hub/inst/BSCANID.u_xsdbm_id/SWITCH_N_EXT_BSCAN.u_bufg_icon_tck/O
                         net (fo=494, routed)         1.635     3.585    dbg_hub/inst/BSCANID.u_xsdbm_id/SWITCH_N_EXT_BSCAN.bscan_switch/s_bscan_tck
    SLICE_X7Y4           FDRE                                         r  dbg_hub/inst/BSCANID.u_xsdbm_id/SWITCH_N_EXT_BSCAN.bscan_switch/state_reg[1]/C
  -------------------------------------------------------------------    -------------------
    SLICE_X7Y4           FDRE (Prop_fdre_C_Q)         0.456     4.041 f  dbg_hub/inst/BSCANID.u_xsdbm_id/SWITCH_N_EXT_BSCAN.bscan_switch/state_reg[1]/Q
                         net (fo=50, routed)          1.716     5.758    dbg_hub/inst/BSCANID.u_xsdbm_id/SWITCH_N_EXT_BSCAN.bscan_switch/state[1]
    SLICE_X7Y3           LUT4 (Prop_lut4_I0_O)        0.152     5.910 r  dbg_hub/inst/BSCANID.u_xsdbm_id/SWITCH_N_EXT_BSCAN.bscan_switch/m_bscan_sel[0]_INST_0/O
                         net (fo=2, routed)           1.169     7.078    dbg_hub/inst/BSCANID.u_xsdbm_id/CORE_XSDB.U_ICON/U_CMD/iTARGET_reg[6]_0
    SLICE_X37Y3          LUT1 (Prop_lut1_I0_O)        0.326     7.404 f  dbg_hub/inst/BSCANID.u_xsdbm_id/CORE_XSDB.U_ICON/U_CMD/iTARGET[15]_i_2/O
                         net (fo=10, routed)          0.706     8.111    dbg_hub/inst/BSCANID.u_xsdbm_id/CORE_XSDB.U_ICON/U_CMD/iSEL_n
    SLICE_X39Y1          FDCE                                         f  dbg_hub/inst/BSCANID.u_xsdbm_id/CORE_XSDB.U_ICON/U_CMD/iTARGET_reg[10]/CLR
  -------------------------------------------------------------------    -------------------

                         (clock dbg_hub/inst/BSCANID.u_xsdbm_id/SWITCH_N_EXT_BSCAN.bscan_inst/SERIES7_BSCAN.bscan_inst/TCK rise edge)
                                                     33.000    33.000 r  
    BSCAN_X0Y0           BSCANE2                      0.000    33.000 r  dbg_hub/inst/BSCANID.u_xsdbm_id/SWITCH_N_EXT_BSCAN.bscan_inst/SERIES7_BSCAN.bscan_inst/TCK
                         net (fo=1, routed)           1.593    34.593    dbg_hub/inst/BSCANID.u_xsdbm_id/tck_bs
    BUFGCTRL_X0Y1        BUFG (Prop_bufg_I_O)         0.091    34.684 r  dbg_hub/inst/BSCANID.u_xsdbm_id/SWITCH_N_EXT_BSCAN.u_bufg_icon_tck/O
                         net (fo=494, routed)         1.446    36.130    dbg_hub/inst/BSCANID.u_xsdbm_id/CORE_XSDB.U_ICON/U_CMD/m_bscan_tck[0]
    SLICE_X39Y1          FDCE                                         r  dbg_hub/inst/BSCANID.u_xsdbm_id/CORE_XSDB.U_ICON/U_CMD/iTARGET_reg[10]/C
                         clock pessimism              0.274    36.404    
                         clock uncertainty           -0.035    36.369    
    SLICE_X39Y1          FDCE (Recov_fdce_C_CLR)     -0.405    35.964    dbg_hub/inst/BSCANID.u_xsdbm_id/CORE_XSDB.U_ICON/U_CMD/iTARGET_reg[10]
  -------------------------------------------------------------------
                         required time                         35.964    
                         arrival time                          -8.111    
  -------------------------------------------------------------------
                         slack                                 27.853    

Slack (MET) :             27.853ns  (required time - arrival time)
  Source:                 dbg_hub/inst/BSCANID.u_xsdbm_id/SWITCH_N_EXT_BSCAN.bscan_switch/state_reg[1]/C
                            (rising edge-triggered cell FDRE clocked by dbg_hub/inst/BSCANID.u_xsdbm_id/SWITCH_N_EXT_BSCAN.bscan_inst/SERIES7_BSCAN.bscan_inst/TCK  {rise@0.000ns fall@16.500ns period=33.000ns})
  Destination:            dbg_hub/inst/BSCANID.u_xsdbm_id/CORE_XSDB.U_ICON/U_CMD/iTARGET_reg[11]/CLR
                            (recovery check against rising-edge clock dbg_hub/inst/BSCANID.u_xsdbm_id/SWITCH_N_EXT_BSCAN.bscan_inst/SERIES7_BSCAN.bscan_inst/TCK  {rise@0.000ns fall@16.500ns period=33.000ns})
  Path Group:             **async_default**
  Path Type:              Recovery (Max at Slow Process Corner)
  Requirement:            33.000ns  (dbg_hub/inst/BSCANID.u_xsdbm_id/SWITCH_N_EXT_BSCAN.bscan_inst/SERIES7_BSCAN.bscan_inst/TCK rise@33.000ns - dbg_hub/inst/BSCANID.u_xsdbm_id/SWITCH_N_EXT_BSCAN.bscan_inst/SERIES7_BSCAN.bscan_inst/TCK rise@0.000ns)
  Data Path Delay:        4.526ns  (logic 0.934ns (20.638%)  route 3.592ns (79.362%))
  Logic Levels:           2  (LUT1=1 LUT4=1)
  Clock Path Skew:        -0.181ns (DCD - SCD + CPR)
    Destination Clock Delay (DCD):    3.130ns = ( 36.130 - 33.000 ) 
    Source Clock Delay      (SCD):    3.585ns
    Clock Pessimism Removal (CPR):    0.274ns
  Clock Uncertainty:      0.035ns  ((TSJ^2 + TIJ^2)^1/2 + DJ) / 2 + PE
    Total System Jitter     (TSJ):    0.071ns
    Total Input Jitter      (TIJ):    0.000ns
    Discrete Jitter          (DJ):    0.000ns
    Phase Error              (PE):    0.000ns

    Location             Delay type                Incr(ns)  Path(ns)    Netlist Resource(s)
  -------------------------------------------------------------------    -------------------
                         (clock dbg_hub/inst/BSCANID.u_xsdbm_id/SWITCH_N_EXT_BSCAN.bscan_inst/SERIES7_BSCAN.bscan_inst/TCK rise edge)
                                                      0.000     0.000 r  
    BSCAN_X0Y0           BSCANE2                      0.000     0.000 r  dbg_hub/inst/BSCANID.u_xsdbm_id/SWITCH_N_EXT_BSCAN.bscan_inst/SERIES7_BSCAN.bscan_inst/TCK
                         net (fo=1, routed)           1.854     1.854    dbg_hub/inst/BSCANID.u_xsdbm_id/tck_bs
    BUFGCTRL_X0Y1        BUFG (Prop_bufg_I_O)         0.096     1.950 r  dbg_hub/inst/BSCANID.u_xsdbm_id/SWITCH_N_EXT_BSCAN.u_bufg_icon_tck/O
                         net (fo=494, routed)         1.635     3.585    dbg_hub/inst/BSCANID.u_xsdbm_id/SWITCH_N_EXT_BSCAN.bscan_switch/s_bscan_tck
    SLICE_X7Y4           FDRE                                         r  dbg_hub/inst/BSCANID.u_xsdbm_id/SWITCH_N_EXT_BSCAN.bscan_switch/state_reg[1]/C
  -------------------------------------------------------------------    -------------------
    SLICE_X7Y4           FDRE (Prop_fdre_C_Q)         0.456     4.041 f  dbg_hub/inst/BSCANID.u_xsdbm_id/SWITCH_N_EXT_BSCAN.bscan_switch/state_reg[1]/Q
                         net (fo=50, routed)          1.716     5.758    dbg_hub/inst/BSCANID.u_xsdbm_id/SWITCH_N_EXT_BSCAN.bscan_switch/state[1]
    SLICE_X7Y3           LUT4 (Prop_lut4_I0_O)        0.152     5.910 r  dbg_hub/inst/BSCANID.u_xsdbm_id/SWITCH_N_EXT_BSCAN.bscan_switch/m_bscan_sel[0]_INST_0/O
                         net (fo=2, routed)           1.169     7.078    dbg_hub/inst/BSCANID.u_xsdbm_id/CORE_XSDB.U_ICON/U_CMD/iTARGET_reg[6]_0
    SLICE_X37Y3          LUT1 (Prop_lut1_I0_O)        0.326     7.404 f  dbg_hub/inst/BSCANID.u_xsdbm_id/CORE_XSDB.U_ICON/U_CMD/iTARGET[15]_i_2/O
                         net (fo=10, routed)          0.706     8.111    dbg_hub/inst/BSCANID.u_xsdbm_id/CORE_XSDB.U_ICON/U_CMD/iSEL_n
    SLICE_X39Y1          FDCE                                         f  dbg_hub/inst/BSCANID.u_xsdbm_id/CORE_XSDB.U_ICON/U_CMD/iTARGET_reg[11]/CLR
  -------------------------------------------------------------------    -------------------

                         (clock dbg_hub/inst/BSCANID.u_xsdbm_id/SWITCH_N_EXT_BSCAN.bscan_inst/SERIES7_BSCAN.bscan_inst/TCK rise edge)
                                                     33.000    33.000 r  
    BSCAN_X0Y0           BSCANE2                      0.000    33.000 r  dbg_hub/inst/BSCANID.u_xsdbm_id/SWITCH_N_EXT_BSCAN.bscan_inst/SERIES7_BSCAN.bscan_inst/TCK
                         net (fo=1, routed)           1.593    34.593    dbg_hub/inst/BSCANID.u_xsdbm_id/tck_bs
    BUFGCTRL_X0Y1        BUFG (Prop_bufg_I_O)         0.091    34.684 r  dbg_hub/inst/BSCANID.u_xsdbm_id/SWITCH_N_EXT_BSCAN.u_bufg_icon_tck/O
                         net (fo=494, routed)         1.446    36.130    dbg_hub/inst/BSCANID.u_xsdbm_id/CORE_XSDB.U_ICON/U_CMD/m_bscan_tck[0]
    SLICE_X39Y1          FDCE                                         r  dbg_hub/inst/BSCANID.u_xsdbm_id/CORE_XSDB.U_ICON/U_CMD/iTARGET_reg[11]/C
                         clock pessimism              0.274    36.404    
                         clock uncertainty           -0.035    36.369    
    SLICE_X39Y1          FDCE (Recov_fdce_C_CLR)     -0.405    35.964    dbg_hub/inst/BSCANID.u_xsdbm_id/CORE_XSDB.U_ICON/U_CMD/iTARGET_reg[11]
  -------------------------------------------------------------------
                         required time                         35.964    
                         arrival time                          -8.111    
  -------------------------------------------------------------------
                         slack                                 27.853    

Slack (MET) :             27.853ns  (required time - arrival time)
  Source:                 dbg_hub/inst/BSCANID.u_xsdbm_id/SWITCH_N_EXT_BSCAN.bscan_switch/state_reg[1]/C
                            (rising edge-triggered cell FDRE clocked by dbg_hub/inst/BSCANID.u_xsdbm_id/SWITCH_N_EXT_BSCAN.bscan_inst/SERIES7_BSCAN.bscan_inst/TCK  {rise@0.000ns fall@16.500ns period=33.000ns})
  Destination:            dbg_hub/inst/BSCANID.u_xsdbm_id/CORE_XSDB.U_ICON/U_CMD/iTARGET_reg[12]/CLR
                            (recovery check against rising-edge clock dbg_hub/inst/BSCANID.u_xsdbm_id/SWITCH_N_EXT_BSCAN.bscan_inst/SERIES7_BSCAN.bscan_inst/TCK  {rise@0.000ns fall@16.500ns period=33.000ns})
  Path Group:             **async_default**
  Path Type:              Recovery (Max at Slow Process Corner)
  Requirement:            33.000ns  (dbg_hub/inst/BSCANID.u_xsdbm_id/SWITCH_N_EXT_BSCAN.bscan_inst/SERIES7_BSCAN.bscan_inst/TCK rise@33.000ns - dbg_hub/inst/BSCANID.u_xsdbm_id/SWITCH_N_EXT_BSCAN.bscan_inst/SERIES7_BSCAN.bscan_inst/TCK rise@0.000ns)
  Data Path Delay:        4.526ns  (logic 0.934ns (20.638%)  route 3.592ns (79.362%))
  Logic Levels:           2  (LUT1=1 LUT4=1)
  Clock Path Skew:        -0.181ns (DCD - SCD + CPR)
    Destination Clock Delay (DCD):    3.130ns = ( 36.130 - 33.000 ) 
    Source Clock Delay      (SCD):    3.585ns
    Clock Pessimism Removal (CPR):    0.274ns
  Clock Uncertainty:      0.035ns  ((TSJ^2 + TIJ^2)^1/2 + DJ) / 2 + PE
    Total System Jitter     (TSJ):    0.071ns
    Total Input Jitter      (TIJ):    0.000ns
    Discrete Jitter          (DJ):    0.000ns
    Phase Error              (PE):    0.000ns

    Location             Delay type                Incr(ns)  Path(ns)    Netlist Resource(s)
  -------------------------------------------------------------------    -------------------
                         (clock dbg_hub/inst/BSCANID.u_xsdbm_id/SWITCH_N_EXT_BSCAN.bscan_inst/SERIES7_BSCAN.bscan_inst/TCK rise edge)
                                                      0.000     0.000 r  
    BSCAN_X0Y0           BSCANE2                      0.000     0.000 r  dbg_hub/inst/BSCANID.u_xsdbm_id/SWITCH_N_EXT_BSCAN.bscan_inst/SERIES7_BSCAN.bscan_inst/TCK
                         net (fo=1, routed)           1.854     1.854    dbg_hub/inst/BSCANID.u_xsdbm_id/tck_bs
    BUFGCTRL_X0Y1        BUFG (Prop_bufg_I_O)         0.096     1.950 r  dbg_hub/inst/BSCANID.u_xsdbm_id/SWITCH_N_EXT_BSCAN.u_bufg_icon_tck/O
                         net (fo=494, routed)         1.635     3.585    dbg_hub/inst/BSCANID.u_xsdbm_id/SWITCH_N_EXT_BSCAN.bscan_switch/s_bscan_tck
    SLICE_X7Y4           FDRE                                         r  dbg_hub/inst/BSCANID.u_xsdbm_id/SWITCH_N_EXT_BSCAN.bscan_switch/state_reg[1]/C
  -------------------------------------------------------------------    -------------------
    SLICE_X7Y4           FDRE (Prop_fdre_C_Q)         0.456     4.041 f  dbg_hub/inst/BSCANID.u_xsdbm_id/SWITCH_N_EXT_BSCAN.bscan_switch/state_reg[1]/Q
                         net (fo=50, routed)          1.716     5.758    dbg_hub/inst/BSCANID.u_xsdbm_id/SWITCH_N_EXT_BSCAN.bscan_switch/state[1]
    SLICE_X7Y3           LUT4 (Prop_lut4_I0_O)        0.152     5.910 r  dbg_hub/inst/BSCANID.u_xsdbm_id/SWITCH_N_EXT_BSCAN.bscan_switch/m_bscan_sel[0]_INST_0/O
                         net (fo=2, routed)           1.169     7.078    dbg_hub/inst/BSCANID.u_xsdbm_id/CORE_XSDB.U_ICON/U_CMD/iTARGET_reg[6]_0
    SLICE_X37Y3          LUT1 (Prop_lut1_I0_O)        0.326     7.404 f  dbg_hub/inst/BSCANID.u_xsdbm_id/CORE_XSDB.U_ICON/U_CMD/iTARGET[15]_i_2/O
                         net (fo=10, routed)          0.706     8.111    dbg_hub/inst/BSCANID.u_xsdbm_id/CORE_XSDB.U_ICON/U_CMD/iSEL_n
    SLICE_X39Y1          FDCE                                         f  dbg_hub/inst/BSCANID.u_xsdbm_id/CORE_XSDB.U_ICON/U_CMD/iTARGET_reg[12]/CLR
  -------------------------------------------------------------------    -------------------

                         (clock dbg_hub/inst/BSCANID.u_xsdbm_id/SWITCH_N_EXT_BSCAN.bscan_inst/SERIES7_BSCAN.bscan_inst/TCK rise edge)
                                                     33.000    33.000 r  
    BSCAN_X0Y0           BSCANE2                      0.000    33.000 r  dbg_hub/inst/BSCANID.u_xsdbm_id/SWITCH_N_EXT_BSCAN.bscan_inst/SERIES7_BSCAN.bscan_inst/TCK
                         net (fo=1, routed)           1.593    34.593    dbg_hub/inst/BSCANID.u_xsdbm_id/tck_bs
    BUFGCTRL_X0Y1        BUFG (Prop_bufg_I_O)         0.091    34.684 r  dbg_hub/inst/BSCANID.u_xsdbm_id/SWITCH_N_EXT_BSCAN.u_bufg_icon_tck/O
                         net (fo=494, routed)         1.446    36.130    dbg_hub/inst/BSCANID.u_xsdbm_id/CORE_XSDB.U_ICON/U_CMD/m_bscan_tck[0]
    SLICE_X39Y1          FDCE                                         r  dbg_hub/inst/BSCANID.u_xsdbm_id/CORE_XSDB.U_ICON/U_CMD/iTARGET_reg[12]/C
                         clock pessimism              0.274    36.404    
                         clock uncertainty           -0.035    36.369    
    SLICE_X39Y1          FDCE (Recov_fdce_C_CLR)     -0.405    35.964    dbg_hub/inst/BSCANID.u_xsdbm_id/CORE_XSDB.U_ICON/U_CMD/iTARGET_reg[12]
  -------------------------------------------------------------------
                         required time                         35.964    
                         arrival time                          -8.111    
  -------------------------------------------------------------------
                         slack                                 27.853    

Slack (MET) :             27.853ns  (required time - arrival time)
  Source:                 dbg_hub/inst/BSCANID.u_xsdbm_id/SWITCH_N_EXT_BSCAN.bscan_switch/state_reg[1]/C
                            (rising edge-triggered cell FDRE clocked by dbg_hub/inst/BSCANID.u_xsdbm_id/SWITCH_N_EXT_BSCAN.bscan_inst/SERIES7_BSCAN.bscan_inst/TCK  {rise@0.000ns fall@16.500ns period=33.000ns})
  Destination:            dbg_hub/inst/BSCANID.u_xsdbm_id/CORE_XSDB.U_ICON/U_CMD/iTARGET_reg[6]/CLR
                            (recovery check against rising-edge clock dbg_hub/inst/BSCANID.u_xsdbm_id/SWITCH_N_EXT_BSCAN.bscan_inst/SERIES7_BSCAN.bscan_inst/TCK  {rise@0.000ns fall@16.500ns period=33.000ns})
  Path Group:             **async_default**
  Path Type:              Recovery (Max at Slow Process Corner)
  Requirement:            33.000ns  (dbg_hub/inst/BSCANID.u_xsdbm_id/SWITCH_N_EXT_BSCAN.bscan_inst/SERIES7_BSCAN.bscan_inst/TCK rise@33.000ns - dbg_hub/inst/BSCANID.u_xsdbm_id/SWITCH_N_EXT_BSCAN.bscan_inst/SERIES7_BSCAN.bscan_inst/TCK rise@0.000ns)
  Data Path Delay:        4.526ns  (logic 0.934ns (20.638%)  route 3.592ns (79.362%))
  Logic Levels:           2  (LUT1=1 LUT4=1)
  Clock Path Skew:        -0.181ns (DCD - SCD + CPR)
    Destination Clock Delay (DCD):    3.130ns = ( 36.130 - 33.000 ) 
    Source Clock Delay      (SCD):    3.585ns
    Clock Pessimism Removal (CPR):    0.274ns
  Clock Uncertainty:      0.035ns  ((TSJ^2 + TIJ^2)^1/2 + DJ) / 2 + PE
    Total System Jitter     (TSJ):    0.071ns
    Total Input Jitter      (TIJ):    0.000ns
    Discrete Jitter          (DJ):    0.000ns
    Phase Error              (PE):    0.000ns

    Location             Delay type                Incr(ns)  Path(ns)    Netlist Resource(s)
  -------------------------------------------------------------------    -------------------
                         (clock dbg_hub/inst/BSCANID.u_xsdbm_id/SWITCH_N_EXT_BSCAN.bscan_inst/SERIES7_BSCAN.bscan_inst/TCK rise edge)
                                                      0.000     0.000 r  
    BSCAN_X0Y0           BSCANE2                      0.000     0.000 r  dbg_hub/inst/BSCANID.u_xsdbm_id/SWITCH_N_EXT_BSCAN.bscan_inst/SERIES7_BSCAN.bscan_inst/TCK
                         net (fo=1, routed)           1.854     1.854    dbg_hub/inst/BSCANID.u_xsdbm_id/tck_bs
    BUFGCTRL_X0Y1        BUFG (Prop_bufg_I_O)         0.096     1.950 r  dbg_hub/inst/BSCANID.u_xsdbm_id/SWITCH_N_EXT_BSCAN.u_bufg_icon_tck/O
                         net (fo=494, routed)         1.635     3.585    dbg_hub/inst/BSCANID.u_xsdbm_id/SWITCH_N_EXT_BSCAN.bscan_switch/s_bscan_tck
    SLICE_X7Y4           FDRE                                         r  dbg_hub/inst/BSCANID.u_xsdbm_id/SWITCH_N_EXT_BSCAN.bscan_switch/state_reg[1]/C
  -------------------------------------------------------------------    -------------------
    SLICE_X7Y4           FDRE (Prop_fdre_C_Q)         0.456     4.041 f  dbg_hub/inst/BSCANID.u_xsdbm_id/SWITCH_N_EXT_BSCAN.bscan_switch/state_reg[1]/Q
                         net (fo=50, routed)          1.716     5.758    dbg_hub/inst/BSCANID.u_xsdbm_id/SWITCH_N_EXT_BSCAN.bscan_switch/state[1]
    SLICE_X7Y3           LUT4 (Prop_lut4_I0_O)        0.152     5.910 r  dbg_hub/inst/BSCANID.u_xsdbm_id/SWITCH_N_EXT_BSCAN.bscan_switch/m_bscan_sel[0]_INST_0/O
                         net (fo=2, routed)           1.169     7.078    dbg_hub/inst/BSCANID.u_xsdbm_id/CORE_XSDB.U_ICON/U_CMD/iTARGET_reg[6]_0
    SLICE_X37Y3          LUT1 (Prop_lut1_I0_O)        0.326     7.404 f  dbg_hub/inst/BSCANID.u_xsdbm_id/CORE_XSDB.U_ICON/U_CMD/iTARGET[15]_i_2/O
                         net (fo=10, routed)          0.706     8.111    dbg_hub/inst/BSCANID.u_xsdbm_id/CORE_XSDB.U_ICON/U_CMD/iSEL_n
    SLICE_X39Y1          FDCE                                         f  dbg_hub/inst/BSCANID.u_xsdbm_id/CORE_XSDB.U_ICON/U_CMD/iTARGET_reg[6]/CLR
  -------------------------------------------------------------------    -------------------

                         (clock dbg_hub/inst/BSCANID.u_xsdbm_id/SWITCH_N_EXT_BSCAN.bscan_inst/SERIES7_BSCAN.bscan_inst/TCK rise edge)
                                                     33.000    33.000 r  
    BSCAN_X0Y0           BSCANE2                      0.000    33.000 r  dbg_hub/inst/BSCANID.u_xsdbm_id/SWITCH_N_EXT_BSCAN.bscan_inst/SERIES7_BSCAN.bscan_inst/TCK
                         net (fo=1, routed)           1.593    34.593    dbg_hub/inst/BSCANID.u_xsdbm_id/tck_bs
    BUFGCTRL_X0Y1        BUFG (Prop_bufg_I_O)         0.091    34.684 r  dbg_hub/inst/BSCANID.u_xsdbm_id/SWITCH_N_EXT_BSCAN.u_bufg_icon_tck/O
                         net (fo=494, routed)         1.446    36.130    dbg_hub/inst/BSCANID.u_xsdbm_id/CORE_XSDB.U_ICON/U_CMD/m_bscan_tck[0]
    SLICE_X39Y1          FDCE                                         r  dbg_hub/inst/BSCANID.u_xsdbm_id/CORE_XSDB.U_ICON/U_CMD/iTARGET_reg[6]/C
                         clock pessimism              0.274    36.404    
                         clock uncertainty           -0.035    36.369    
    SLICE_X39Y1          FDCE (Recov_fdce_C_CLR)     -0.405    35.964    dbg_hub/inst/BSCANID.u_xsdbm_id/CORE_XSDB.U_ICON/U_CMD/iTARGET_reg[6]
  -------------------------------------------------------------------
                         required time                         35.964    
                         arrival time                          -8.111    
  -------------------------------------------------------------------
                         slack                                 27.853    

Slack (MET) :             27.853ns  (required time - arrival time)
  Source:                 dbg_hub/inst/BSCANID.u_xsdbm_id/SWITCH_N_EXT_BSCAN.bscan_switch/state_reg[1]/C
                            (rising edge-triggered cell FDRE clocked by dbg_hub/inst/BSCANID.u_xsdbm_id/SWITCH_N_EXT_BSCAN.bscan_inst/SERIES7_BSCAN.bscan_inst/TCK  {rise@0.000ns fall@16.500ns period=33.000ns})
  Destination:            dbg_hub/inst/BSCANID.u_xsdbm_id/CORE_XSDB.U_ICON/U_CMD/iTARGET_reg[9]/CLR
                            (recovery check against rising-edge clock dbg_hub/inst/BSCANID.u_xsdbm_id/SWITCH_N_EXT_BSCAN.bscan_inst/SERIES7_BSCAN.bscan_inst/TCK  {rise@0.000ns fall@16.500ns period=33.000ns})
  Path Group:             **async_default**
  Path Type:              Recovery (Max at Slow Process Corner)
  Requirement:            33.000ns  (dbg_hub/inst/BSCANID.u_xsdbm_id/SWITCH_N_EXT_BSCAN.bscan_inst/SERIES7_BSCAN.bscan_inst/TCK rise@33.000ns - dbg_hub/inst/BSCANID.u_xsdbm_id/SWITCH_N_EXT_BSCAN.bscan_inst/SERIES7_BSCAN.bscan_inst/TCK rise@0.000ns)
  Data Path Delay:        4.526ns  (logic 0.934ns (20.638%)  route 3.592ns (79.362%))
  Logic Levels:           2  (LUT1=1 LUT4=1)
  Clock Path Skew:        -0.181ns (DCD - SCD + CPR)
    Destination Clock Delay (DCD):    3.130ns = ( 36.130 - 33.000 ) 
    Source Clock Delay      (SCD):    3.585ns
    Clock Pessimism Removal (CPR):    0.274ns
  Clock Uncertainty:      0.035ns  ((TSJ^2 + TIJ^2)^1/2 + DJ) / 2 + PE
    Total System Jitter     (TSJ):    0.071ns
    Total Input Jitter      (TIJ):    0.000ns
    Discrete Jitter          (DJ):    0.000ns
    Phase Error              (PE):    0.000ns

    Location             Delay type                Incr(ns)  Path(ns)    Netlist Resource(s)
  -------------------------------------------------------------------    -------------------
                         (clock dbg_hub/inst/BSCANID.u_xsdbm_id/SWITCH_N_EXT_BSCAN.bscan_inst/SERIES7_BSCAN.bscan_inst/TCK rise edge)
                                                      0.000     0.000 r  
    BSCAN_X0Y0           BSCANE2                      0.000     0.000 r  dbg_hub/inst/BSCANID.u_xsdbm_id/SWITCH_N_EXT_BSCAN.bscan_inst/SERIES7_BSCAN.bscan_inst/TCK
                         net (fo=1, routed)           1.854     1.854    dbg_hub/inst/BSCANID.u_xsdbm_id/tck_bs
    BUFGCTRL_X0Y1        BUFG (Prop_bufg_I_O)         0.096     1.950 r  dbg_hub/inst/BSCANID.u_xsdbm_id/SWITCH_N_EXT_BSCAN.u_bufg_icon_tck/O
                         net (fo=494, routed)         1.635     3.585    dbg_hub/inst/BSCANID.u_xsdbm_id/SWITCH_N_EXT_BSCAN.bscan_switch/s_bscan_tck
    SLICE_X7Y4           FDRE                                         r  dbg_hub/inst/BSCANID.u_xsdbm_id/SWITCH_N_EXT_BSCAN.bscan_switch/state_reg[1]/C
  -------------------------------------------------------------------    -------------------
    SLICE_X7Y4           FDRE (Prop_fdre_C_Q)         0.456     4.041 f  dbg_hub/inst/BSCANID.u_xsdbm_id/SWITCH_N_EXT_BSCAN.bscan_switch/state_reg[1]/Q
                         net (fo=50, routed)          1.716     5.758    dbg_hub/inst/BSCANID.u_xsdbm_id/SWITCH_N_EXT_BSCAN.bscan_switch/state[1]
    SLICE_X7Y3           LUT4 (Prop_lut4_I0_O)        0.152     5.910 r  dbg_hub/inst/BSCANID.u_xsdbm_id/SWITCH_N_EXT_BSCAN.bscan_switch/m_bscan_sel[0]_INST_0/O
                         net (fo=2, routed)           1.169     7.078    dbg_hub/inst/BSCANID.u_xsdbm_id/CORE_XSDB.U_ICON/U_CMD/iTARGET_reg[6]_0
    SLICE_X37Y3          LUT1 (Prop_lut1_I0_O)        0.326     7.404 f  dbg_hub/inst/BSCANID.u_xsdbm_id/CORE_XSDB.U_ICON/U_CMD/iTARGET[15]_i_2/O
                         net (fo=10, routed)          0.706     8.111    dbg_hub/inst/BSCANID.u_xsdbm_id/CORE_XSDB.U_ICON/U_CMD/iSEL_n
    SLICE_X39Y1          FDCE                                         f  dbg_hub/inst/BSCANID.u_xsdbm_id/CORE_XSDB.U_ICON/U_CMD/iTARGET_reg[9]/CLR
  -------------------------------------------------------------------    -------------------

                         (clock dbg_hub/inst/BSCANID.u_xsdbm_id/SWITCH_N_EXT_BSCAN.bscan_inst/SERIES7_BSCAN.bscan_inst/TCK rise edge)
                                                     33.000    33.000 r  
    BSCAN_X0Y0           BSCANE2                      0.000    33.000 r  dbg_hub/inst/BSCANID.u_xsdbm_id/SWITCH_N_EXT_BSCAN.bscan_inst/SERIES7_BSCAN.bscan_inst/TCK
                         net (fo=1, routed)           1.593    34.593    dbg_hub/inst/BSCANID.u_xsdbm_id/tck_bs
    BUFGCTRL_X0Y1        BUFG (Prop_bufg_I_O)         0.091    34.684 r  dbg_hub/inst/BSCANID.u_xsdbm_id/SWITCH_N_EXT_BSCAN.u_bufg_icon_tck/O
                         net (fo=494, routed)         1.446    36.130    dbg_hub/inst/BSCANID.u_xsdbm_id/CORE_XSDB.U_ICON/U_CMD/m_bscan_tck[0]
    SLICE_X39Y1          FDCE                                         r  dbg_hub/inst/BSCANID.u_xsdbm_id/CORE_XSDB.U_ICON/U_CMD/iTARGET_reg[9]/C
                         clock pessimism              0.274    36.404    
                         clock uncertainty           -0.035    36.369    
    SLICE_X39Y1          FDCE (Recov_fdce_C_CLR)     -0.405    35.964    dbg_hub/inst/BSCANID.u_xsdbm_id/CORE_XSDB.U_ICON/U_CMD/iTARGET_reg[9]
  -------------------------------------------------------------------
                         required time                         35.964    
                         arrival time                          -8.111    
  -------------------------------------------------------------------
                         slack                                 27.853    

Slack (MET) :             27.939ns  (required time - arrival time)
  Source:                 dbg_hub/inst/BSCANID.u_xsdbm_id/SWITCH_N_EXT_BSCAN.bscan_switch/state_reg[1]/C
                            (rising edge-triggered cell FDRE clocked by dbg_hub/inst/BSCANID.u_xsdbm_id/SWITCH_N_EXT_BSCAN.bscan_inst/SERIES7_BSCAN.bscan_inst/TCK  {rise@0.000ns fall@16.500ns period=33.000ns})
  Destination:            dbg_hub/inst/BSCANID.u_xsdbm_id/CORE_XSDB.U_ICON/U_CMD/iTARGET_reg[13]/CLR
                            (recovery check against rising-edge clock dbg_hub/inst/BSCANID.u_xsdbm_id/SWITCH_N_EXT_BSCAN.bscan_inst/SERIES7_BSCAN.bscan_inst/TCK  {rise@0.000ns fall@16.500ns period=33.000ns})
  Path Group:             **async_default**
  Path Type:              Recovery (Max at Slow Process Corner)
  Requirement:            33.000ns  (dbg_hub/inst/BSCANID.u_xsdbm_id/SWITCH_N_EXT_BSCAN.bscan_inst/SERIES7_BSCAN.bscan_inst/TCK rise@33.000ns - dbg_hub/inst/BSCANID.u_xsdbm_id/SWITCH_N_EXT_BSCAN.bscan_inst/SERIES7_BSCAN.bscan_inst/TCK rise@0.000ns)
  Data Path Delay:        4.526ns  (logic 0.934ns (20.638%)  route 3.592ns (79.362%))
  Logic Levels:           2  (LUT1=1 LUT4=1)
  Clock Path Skew:        -0.181ns (DCD - SCD + CPR)
    Destination Clock Delay (DCD):    3.130ns = ( 36.130 - 33.000 ) 
    Source Clock Delay      (SCD):    3.585ns
    Clock Pessimism Removal (CPR):    0.274ns
  Clock Uncertainty:      0.035ns  ((TSJ^2 + TIJ^2)^1/2 + DJ) / 2 + PE
    Total System Jitter     (TSJ):    0.071ns
    Total Input Jitter      (TIJ):    0.000ns
    Discrete Jitter          (DJ):    0.000ns
    Phase Error              (PE):    0.000ns

    Location             Delay type                Incr(ns)  Path(ns)    Netlist Resource(s)
  -------------------------------------------------------------------    -------------------
                         (clock dbg_hub/inst/BSCANID.u_xsdbm_id/SWITCH_N_EXT_BSCAN.bscan_inst/SERIES7_BSCAN.bscan_inst/TCK rise edge)
                                                      0.000     0.000 r  
    BSCAN_X0Y0           BSCANE2                      0.000     0.000 r  dbg_hub/inst/BSCANID.u_xsdbm_id/SWITCH_N_EXT_BSCAN.bscan_inst/SERIES7_BSCAN.bscan_inst/TCK
                         net (fo=1, routed)           1.854     1.854    dbg_hub/inst/BSCANID.u_xsdbm_id/tck_bs
    BUFGCTRL_X0Y1        BUFG (Prop_bufg_I_O)         0.096     1.950 r  dbg_hub/inst/BSCANID.u_xsdbm_id/SWITCH_N_EXT_BSCAN.u_bufg_icon_tck/O
                         net (fo=494, routed)         1.635     3.585    dbg_hub/inst/BSCANID.u_xsdbm_id/SWITCH_N_EXT_BSCAN.bscan_switch/s_bscan_tck
    SLICE_X7Y4           FDRE                                         r  dbg_hub/inst/BSCANID.u_xsdbm_id/SWITCH_N_EXT_BSCAN.bscan_switch/state_reg[1]/C
  -------------------------------------------------------------------    -------------------
    SLICE_X7Y4           FDRE (Prop_fdre_C_Q)         0.456     4.041 f  dbg_hub/inst/BSCANID.u_xsdbm_id/SWITCH_N_EXT_BSCAN.bscan_switch/state_reg[1]/Q
                         net (fo=50, routed)          1.716     5.758    dbg_hub/inst/BSCANID.u_xsdbm_id/SWITCH_N_EXT_BSCAN.bscan_switch/state[1]
    SLICE_X7Y3           LUT4 (Prop_lut4_I0_O)        0.152     5.910 r  dbg_hub/inst/BSCANID.u_xsdbm_id/SWITCH_N_EXT_BSCAN.bscan_switch/m_bscan_sel[0]_INST_0/O
                         net (fo=2, routed)           1.169     7.078    dbg_hub/inst/BSCANID.u_xsdbm_id/CORE_XSDB.U_ICON/U_CMD/iTARGET_reg[6]_0
    SLICE_X37Y3          LUT1 (Prop_lut1_I0_O)        0.326     7.404 f  dbg_hub/inst/BSCANID.u_xsdbm_id/CORE_XSDB.U_ICON/U_CMD/iTARGET[15]_i_2/O
                         net (fo=10, routed)          0.706     8.111    dbg_hub/inst/BSCANID.u_xsdbm_id/CORE_XSDB.U_ICON/U_CMD/iSEL_n
    SLICE_X38Y1          FDCE                                         f  dbg_hub/inst/BSCANID.u_xsdbm_id/CORE_XSDB.U_ICON/U_CMD/iTARGET_reg[13]/CLR
  -------------------------------------------------------------------    -------------------

                         (clock dbg_hub/inst/BSCANID.u_xsdbm_id/SWITCH_N_EXT_BSCAN.bscan_inst/SERIES7_BSCAN.bscan_inst/TCK rise edge)
                                                     33.000    33.000 r  
    BSCAN_X0Y0           BSCANE2                      0.000    33.000 r  dbg_hub/inst/BSCANID.u_xsdbm_id/SWITCH_N_EXT_BSCAN.bscan_inst/SERIES7_BSCAN.bscan_inst/TCK
                         net (fo=1, routed)           1.593    34.593    dbg_hub/inst/BSCANID.u_xsdbm_id/tck_bs
    BUFGCTRL_X0Y1        BUFG (Prop_bufg_I_O)         0.091    34.684 r  dbg_hub/inst/BSCANID.u_xsdbm_id/SWITCH_N_EXT_BSCAN.u_bufg_icon_tck/O
                         net (fo=494, routed)         1.446    36.130    dbg_hub/inst/BSCANID.u_xsdbm_id/CORE_XSDB.U_ICON/U_CMD/m_bscan_tck[0]
    SLICE_X38Y1          FDCE                                         r  dbg_hub/inst/BSCANID.u_xsdbm_id/CORE_XSDB.U_ICON/U_CMD/iTARGET_reg[13]/C
                         clock pessimism              0.274    36.404    
                         clock uncertainty           -0.035    36.369    
    SLICE_X38Y1          FDCE (Recov_fdce_C_CLR)     -0.319    36.050    dbg_hub/inst/BSCANID.u_xsdbm_id/CORE_XSDB.U_ICON/U_CMD/iTARGET_reg[13]
  -------------------------------------------------------------------
                         required time                         36.050    
                         arrival time                          -8.111    
  -------------------------------------------------------------------
                         slack                                 27.939    

Slack (MET) :             27.939ns  (required time - arrival time)
  Source:                 dbg_hub/inst/BSCANID.u_xsdbm_id/SWITCH_N_EXT_BSCAN.bscan_switch/state_reg[1]/C
                            (rising edge-triggered cell FDRE clocked by dbg_hub/inst/BSCANID.u_xsdbm_id/SWITCH_N_EXT_BSCAN.bscan_inst/SERIES7_BSCAN.bscan_inst/TCK  {rise@0.000ns fall@16.500ns period=33.000ns})
  Destination:            dbg_hub/inst/BSCANID.u_xsdbm_id/CORE_XSDB.U_ICON/U_CMD/iTARGET_reg[14]/CLR
                            (recovery check against rising-edge clock dbg_hub/inst/BSCANID.u_xsdbm_id/SWITCH_N_EXT_BSCAN.bscan_inst/SERIES7_BSCAN.bscan_inst/TCK  {rise@0.000ns fall@16.500ns period=33.000ns})
  Path Group:             **async_default**
  Path Type:              Recovery (Max at Slow Process Corner)
  Requirement:            33.000ns  (dbg_hub/inst/BSCANID.u_xsdbm_id/SWITCH_N_EXT_BSCAN.bscan_inst/SERIES7_BSCAN.bscan_inst/TCK rise@33.000ns - dbg_hub/inst/BSCANID.u_xsdbm_id/SWITCH_N_EXT_BSCAN.bscan_inst/SERIES7_BSCAN.bscan_inst/TCK rise@0.000ns)
  Data Path Delay:        4.526ns  (logic 0.934ns (20.638%)  route 3.592ns (79.362%))
  Logic Levels:           2  (LUT1=1 LUT4=1)
  Clock Path Skew:        -0.181ns (DCD - SCD + CPR)
    Destination Clock Delay (DCD):    3.130ns = ( 36.130 - 33.000 ) 
    Source Clock Delay      (SCD):    3.585ns
    Clock Pessimism Removal (CPR):    0.274ns
  Clock Uncertainty:      0.035ns  ((TSJ^2 + TIJ^2)^1/2 + DJ) / 2 + PE
    Total System Jitter     (TSJ):    0.071ns
    Total Input Jitter      (TIJ):    0.000ns
    Discrete Jitter          (DJ):    0.000ns
    Phase Error              (PE):    0.000ns

    Location             Delay type                Incr(ns)  Path(ns)    Netlist Resource(s)
  -------------------------------------------------------------------    -------------------
                         (clock dbg_hub/inst/BSCANID.u_xsdbm_id/SWITCH_N_EXT_BSCAN.bscan_inst/SERIES7_BSCAN.bscan_inst/TCK rise edge)
                                                      0.000     0.000 r  
    BSCAN_X0Y0           BSCANE2                      0.000     0.000 r  dbg_hub/inst/BSCANID.u_xsdbm_id/SWITCH_N_EXT_BSCAN.bscan_inst/SERIES7_BSCAN.bscan_inst/TCK
                         net (fo=1, routed)           1.854     1.854    dbg_hub/inst/BSCANID.u_xsdbm_id/tck_bs
    BUFGCTRL_X0Y1        BUFG (Prop_bufg_I_O)         0.096     1.950 r  dbg_hub/inst/BSCANID.u_xsdbm_id/SWITCH_N_EXT_BSCAN.u_bufg_icon_tck/O
                         net (fo=494, routed)         1.635     3.585    dbg_hub/inst/BSCANID.u_xsdbm_id/SWITCH_N_EXT_BSCAN.bscan_switch/s_bscan_tck
    SLICE_X7Y4           FDRE                                         r  dbg_hub/inst/BSCANID.u_xsdbm_id/SWITCH_N_EXT_BSCAN.bscan_switch/state_reg[1]/C
  -------------------------------------------------------------------    -------------------
    SLICE_X7Y4           FDRE (Prop_fdre_C_Q)         0.456     4.041 f  dbg_hub/inst/BSCANID.u_xsdbm_id/SWITCH_N_EXT_BSCAN.bscan_switch/state_reg[1]/Q
                         net (fo=50, routed)          1.716     5.758    dbg_hub/inst/BSCANID.u_xsdbm_id/SWITCH_N_EXT_BSCAN.bscan_switch/state[1]
    SLICE_X7Y3           LUT4 (Prop_lut4_I0_O)        0.152     5.910 r  dbg_hub/inst/BSCANID.u_xsdbm_id/SWITCH_N_EXT_BSCAN.bscan_switch/m_bscan_sel[0]_INST_0/O
                         net (fo=2, routed)           1.169     7.078    dbg_hub/inst/BSCANID.u_xsdbm_id/CORE_XSDB.U_ICON/U_CMD/iTARGET_reg[6]_0
    SLICE_X37Y3          LUT1 (Prop_lut1_I0_O)        0.326     7.404 f  dbg_hub/inst/BSCANID.u_xsdbm_id/CORE_XSDB.U_ICON/U_CMD/iTARGET[15]_i_2/O
                         net (fo=10, routed)          0.706     8.111    dbg_hub/inst/BSCANID.u_xsdbm_id/CORE_XSDB.U_ICON/U_CMD/iSEL_n
    SLICE_X38Y1          FDCE                                         f  dbg_hub/inst/BSCANID.u_xsdbm_id/CORE_XSDB.U_ICON/U_CMD/iTARGET_reg[14]/CLR
  -------------------------------------------------------------------    -------------------

                         (clock dbg_hub/inst/BSCANID.u_xsdbm_id/SWITCH_N_EXT_BSCAN.bscan_inst/SERIES7_BSCAN.bscan_inst/TCK rise edge)
                                                     33.000    33.000 r  
    BSCAN_X0Y0           BSCANE2                      0.000    33.000 r  dbg_hub/inst/BSCANID.u_xsdbm_id/SWITCH_N_EXT_BSCAN.bscan_inst/SERIES7_BSCAN.bscan_inst/TCK
                         net (fo=1, routed)           1.593    34.593    dbg_hub/inst/BSCANID.u_xsdbm_id/tck_bs
    BUFGCTRL_X0Y1        BUFG (Prop_bufg_I_O)         0.091    34.684 r  dbg_hub/inst/BSCANID.u_xsdbm_id/SWITCH_N_EXT_BSCAN.u_bufg_icon_tck/O
                         net (fo=494, routed)         1.446    36.130    dbg_hub/inst/BSCANID.u_xsdbm_id/CORE_XSDB.U_ICON/U_CMD/m_bscan_tck[0]
    SLICE_X38Y1          FDCE                                         r  dbg_hub/inst/BSCANID.u_xsdbm_id/CORE_XSDB.U_ICON/U_CMD/iTARGET_reg[14]/C
                         clock pessimism              0.274    36.404    
                         clock uncertainty           -0.035    36.369    
    SLICE_X38Y1          FDCE (Recov_fdce_C_CLR)     -0.319    36.050    dbg_hub/inst/BSCANID.u_xsdbm_id/CORE_XSDB.U_ICON/U_CMD/iTARGET_reg[14]
  -------------------------------------------------------------------
                         required time                         36.050    
                         arrival time                          -8.111    
  -------------------------------------------------------------------
                         slack                                 27.939    

Slack (MET) :             27.939ns  (required time - arrival time)
  Source:                 dbg_hub/inst/BSCANID.u_xsdbm_id/SWITCH_N_EXT_BSCAN.bscan_switch/state_reg[1]/C
                            (rising edge-triggered cell FDRE clocked by dbg_hub/inst/BSCANID.u_xsdbm_id/SWITCH_N_EXT_BSCAN.bscan_inst/SERIES7_BSCAN.bscan_inst/TCK  {rise@0.000ns fall@16.500ns period=33.000ns})
  Destination:            dbg_hub/inst/BSCANID.u_xsdbm_id/CORE_XSDB.U_ICON/U_CMD/iTARGET_reg[7]/CLR
                            (recovery check against rising-edge clock dbg_hub/inst/BSCANID.u_xsdbm_id/SWITCH_N_EXT_BSCAN.bscan_inst/SERIES7_BSCAN.bscan_inst/TCK  {rise@0.000ns fall@16.500ns period=33.000ns})
  Path Group:             **async_default**
  Path Type:              Recovery (Max at Slow Process Corner)
  Requirement:            33.000ns  (dbg_hub/inst/BSCANID.u_xsdbm_id/SWITCH_N_EXT_BSCAN.bscan_inst/SERIES7_BSCAN.bscan_inst/TCK rise@33.000ns - dbg_hub/inst/BSCANID.u_xsdbm_id/SWITCH_N_EXT_BSCAN.bscan_inst/SERIES7_BSCAN.bscan_inst/TCK rise@0.000ns)
  Data Path Delay:        4.526ns  (logic 0.934ns (20.638%)  route 3.592ns (79.362%))
  Logic Levels:           2  (LUT1=1 LUT4=1)
  Clock Path Skew:        -0.181ns (DCD - SCD + CPR)
    Destination Clock Delay (DCD):    3.130ns = ( 36.130 - 33.000 ) 
    Source Clock Delay      (SCD):    3.585ns
    Clock Pessimism Removal (CPR):    0.274ns
  Clock Uncertainty:      0.035ns  ((TSJ^2 + TIJ^2)^1/2 + DJ) / 2 + PE
    Total System Jitter     (TSJ):    0.071ns
    Total Input Jitter      (TIJ):    0.000ns
    Discrete Jitter          (DJ):    0.000ns
    Phase Error              (PE):    0.000ns

    Location             Delay type                Incr(ns)  Path(ns)    Netlist Resource(s)
  -------------------------------------------------------------------    -------------------
                         (clock dbg_hub/inst/BSCANID.u_xsdbm_id/SWITCH_N_EXT_BSCAN.bscan_inst/SERIES7_BSCAN.bscan_inst/TCK rise edge)
                                                      0.000     0.000 r  
    BSCAN_X0Y0           BSCANE2                      0.000     0.000 r  dbg_hub/inst/BSCANID.u_xsdbm_id/SWITCH_N_EXT_BSCAN.bscan_inst/SERIES7_BSCAN.bscan_inst/TCK
                         net (fo=1, routed)           1.854     1.854    dbg_hub/inst/BSCANID.u_xsdbm_id/tck_bs
    BUFGCTRL_X0Y1        BUFG (Prop_bufg_I_O)         0.096     1.950 r  dbg_hub/inst/BSCANID.u_xsdbm_id/SWITCH_N_EXT_BSCAN.u_bufg_icon_tck/O
                         net (fo=494, routed)         1.635     3.585    dbg_hub/inst/BSCANID.u_xsdbm_id/SWITCH_N_EXT_BSCAN.bscan_switch/s_bscan_tck
    SLICE_X7Y4           FDRE                                         r  dbg_hub/inst/BSCANID.u_xsdbm_id/SWITCH_N_EXT_BSCAN.bscan_switch/state_reg[1]/C
  -------------------------------------------------------------------    -------------------
    SLICE_X7Y4           FDRE (Prop_fdre_C_Q)         0.456     4.041 f  dbg_hub/inst/BSCANID.u_xsdbm_id/SWITCH_N_EXT_BSCAN.bscan_switch/state_reg[1]/Q
                         net (fo=50, routed)          1.716     5.758    dbg_hub/inst/BSCANID.u_xsdbm_id/SWITCH_N_EXT_BSCAN.bscan_switch/state[1]
    SLICE_X7Y3           LUT4 (Prop_lut4_I0_O)        0.152     5.910 r  dbg_hub/inst/BSCANID.u_xsdbm_id/SWITCH_N_EXT_BSCAN.bscan_switch/m_bscan_sel[0]_INST_0/O
                         net (fo=2, routed)           1.169     7.078    dbg_hub/inst/BSCANID.u_xsdbm_id/CORE_XSDB.U_ICON/U_CMD/iTARGET_reg[6]_0
    SLICE_X37Y3          LUT1 (Prop_lut1_I0_O)        0.326     7.404 f  dbg_hub/inst/BSCANID.u_xsdbm_id/CORE_XSDB.U_ICON/U_CMD/iTARGET[15]_i_2/O
                         net (fo=10, routed)          0.706     8.111    dbg_hub/inst/BSCANID.u_xsdbm_id/CORE_XSDB.U_ICON/U_CMD/iSEL_n
    SLICE_X38Y1          FDCE                                         f  dbg_hub/inst/BSCANID.u_xsdbm_id/CORE_XSDB.U_ICON/U_CMD/iTARGET_reg[7]/CLR
  -------------------------------------------------------------------    -------------------

                         (clock dbg_hub/inst/BSCANID.u_xsdbm_id/SWITCH_N_EXT_BSCAN.bscan_inst/SERIES7_BSCAN.bscan_inst/TCK rise edge)
                                                     33.000    33.000 r  
    BSCAN_X0Y0           BSCANE2                      0.000    33.000 r  dbg_hub/inst/BSCANID.u_xsdbm_id/SWITCH_N_EXT_BSCAN.bscan_inst/SERIES7_BSCAN.bscan_inst/TCK
                         net (fo=1, routed)           1.593    34.593    dbg_hub/inst/BSCANID.u_xsdbm_id/tck_bs
    BUFGCTRL_X0Y1        BUFG (Prop_bufg_I_O)         0.091    34.684 r  dbg_hub/inst/BSCANID.u_xsdbm_id/SWITCH_N_EXT_BSCAN.u_bufg_icon_tck/O
                         net (fo=494, routed)         1.446    36.130    dbg_hub/inst/BSCANID.u_xsdbm_id/CORE_XSDB.U_ICON/U_CMD/m_bscan_tck[0]
    SLICE_X38Y1          FDCE                                         r  dbg_hub/inst/BSCANID.u_xsdbm_id/CORE_XSDB.U_ICON/U_CMD/iTARGET_reg[7]/C
                         clock pessimism              0.274    36.404    
                         clock uncertainty           -0.035    36.369    
    SLICE_X38Y1          FDCE (Recov_fdce_C_CLR)     -0.319    36.050    dbg_hub/inst/BSCANID.u_xsdbm_id/CORE_XSDB.U_ICON/U_CMD/iTARGET_reg[7]
  -------------------------------------------------------------------
                         required time                         36.050    
                         arrival time                          -8.111    
  -------------------------------------------------------------------
                         slack                                 27.939    

Slack (MET) :             27.939ns  (required time - arrival time)
  Source:                 dbg_hub/inst/BSCANID.u_xsdbm_id/SWITCH_N_EXT_BSCAN.bscan_switch/state_reg[1]/C
                            (rising edge-triggered cell FDRE clocked by dbg_hub/inst/BSCANID.u_xsdbm_id/SWITCH_N_EXT_BSCAN.bscan_inst/SERIES7_BSCAN.bscan_inst/TCK  {rise@0.000ns fall@16.500ns period=33.000ns})
  Destination:            dbg_hub/inst/BSCANID.u_xsdbm_id/CORE_XSDB.U_ICON/U_CMD/iTARGET_reg[8]/CLR
                            (recovery check against rising-edge clock dbg_hub/inst/BSCANID.u_xsdbm_id/SWITCH_N_EXT_BSCAN.bscan_inst/SERIES7_BSCAN.bscan_inst/TCK  {rise@0.000ns fall@16.500ns period=33.000ns})
  Path Group:             **async_default**
  Path Type:              Recovery (Max at Slow Process Corner)
  Requirement:            33.000ns  (dbg_hub/inst/BSCANID.u_xsdbm_id/SWITCH_N_EXT_BSCAN.bscan_inst/SERIES7_BSCAN.bscan_inst/TCK rise@33.000ns - dbg_hub/inst/BSCANID.u_xsdbm_id/SWITCH_N_EXT_BSCAN.bscan_inst/SERIES7_BSCAN.bscan_inst/TCK rise@0.000ns)
  Data Path Delay:        4.526ns  (logic 0.934ns (20.638%)  route 3.592ns (79.362%))
  Logic Levels:           2  (LUT1=1 LUT4=1)
  Clock Path Skew:        -0.181ns (DCD - SCD + CPR)
    Destination Clock Delay (DCD):    3.130ns = ( 36.130 - 33.000 ) 
    Source Clock Delay      (SCD):    3.585ns
    Clock Pessimism Removal (CPR):    0.274ns
  Clock Uncertainty:      0.035ns  ((TSJ^2 + TIJ^2)^1/2 + DJ) / 2 + PE
    Total System Jitter     (TSJ):    0.071ns
    Total Input Jitter      (TIJ):    0.000ns
    Discrete Jitter          (DJ):    0.000ns
    Phase Error              (PE):    0.000ns

    Location             Delay type                Incr(ns)  Path(ns)    Netlist Resource(s)
  -------------------------------------------------------------------    -------------------
                         (clock dbg_hub/inst/BSCANID.u_xsdbm_id/SWITCH_N_EXT_BSCAN.bscan_inst/SERIES7_BSCAN.bscan_inst/TCK rise edge)
                                                      0.000     0.000 r  
    BSCAN_X0Y0           BSCANE2                      0.000     0.000 r  dbg_hub/inst/BSCANID.u_xsdbm_id/SWITCH_N_EXT_BSCAN.bscan_inst/SERIES7_BSCAN.bscan_inst/TCK
                         net (fo=1, routed)           1.854     1.854    dbg_hub/inst/BSCANID.u_xsdbm_id/tck_bs
    BUFGCTRL_X0Y1        BUFG (Prop_bufg_I_O)         0.096     1.950 r  dbg_hub/inst/BSCANID.u_xsdbm_id/SWITCH_N_EXT_BSCAN.u_bufg_icon_tck/O
                         net (fo=494, routed)         1.635     3.585    dbg_hub/inst/BSCANID.u_xsdbm_id/SWITCH_N_EXT_BSCAN.bscan_switch/s_bscan_tck
    SLICE_X7Y4           FDRE                                         r  dbg_hub/inst/BSCANID.u_xsdbm_id/SWITCH_N_EXT_BSCAN.bscan_switch/state_reg[1]/C
  -------------------------------------------------------------------    -------------------
    SLICE_X7Y4           FDRE (Prop_fdre_C_Q)         0.456     4.041 f  dbg_hub/inst/BSCANID.u_xsdbm_id/SWITCH_N_EXT_BSCAN.bscan_switch/state_reg[1]/Q
                         net (fo=50, routed)          1.716     5.758    dbg_hub/inst/BSCANID.u_xsdbm_id/SWITCH_N_EXT_BSCAN.bscan_switch/state[1]
    SLICE_X7Y3           LUT4 (Prop_lut4_I0_O)        0.152     5.910 r  dbg_hub/inst/BSCANID.u_xsdbm_id/SWITCH_N_EXT_BSCAN.bscan_switch/m_bscan_sel[0]_INST_0/O
                         net (fo=2, routed)           1.169     7.078    dbg_hub/inst/BSCANID.u_xsdbm_id/CORE_XSDB.U_ICON/U_CMD/iTARGET_reg[6]_0
    SLICE_X37Y3          LUT1 (Prop_lut1_I0_O)        0.326     7.404 f  dbg_hub/inst/BSCANID.u_xsdbm_id/CORE_XSDB.U_ICON/U_CMD/iTARGET[15]_i_2/O
                         net (fo=10, routed)          0.706     8.111    dbg_hub/inst/BSCANID.u_xsdbm_id/CORE_XSDB.U_ICON/U_CMD/iSEL_n
    SLICE_X38Y1          FDCE                                         f  dbg_hub/inst/BSCANID.u_xsdbm_id/CORE_XSDB.U_ICON/U_CMD/iTARGET_reg[8]/CLR
  -------------------------------------------------------------------    -------------------

                         (clock dbg_hub/inst/BSCANID.u_xsdbm_id/SWITCH_N_EXT_BSCAN.bscan_inst/SERIES7_BSCAN.bscan_inst/TCK rise edge)
                                                     33.000    33.000 r  
    BSCAN_X0Y0           BSCANE2                      0.000    33.000 r  dbg_hub/inst/BSCANID.u_xsdbm_id/SWITCH_N_EXT_BSCAN.bscan_inst/SERIES7_BSCAN.bscan_inst/TCK
                         net (fo=1, routed)           1.593    34.593    dbg_hub/inst/BSCANID.u_xsdbm_id/tck_bs
    BUFGCTRL_X0Y1        BUFG (Prop_bufg_I_O)         0.091    34.684 r  dbg_hub/inst/BSCANID.u_xsdbm_id/SWITCH_N_EXT_BSCAN.u_bufg_icon_tck/O
                         net (fo=494, routed)         1.446    36.130    dbg_hub/inst/BSCANID.u_xsdbm_id/CORE_XSDB.U_ICON/U_CMD/m_bscan_tck[0]
    SLICE_X38Y1          FDCE                                         r  dbg_hub/inst/BSCANID.u_xsdbm_id/CORE_XSDB.U_ICON/U_CMD/iTARGET_reg[8]/C
                         clock pessimism              0.274    36.404    
                         clock uncertainty           -0.035    36.369    
    SLICE_X38Y1          FDCE (Recov_fdce_C_CLR)     -0.319    36.050    dbg_hub/inst/BSCANID.u_xsdbm_id/CORE_XSDB.U_ICON/U_CMD/iTARGET_reg[8]
  -------------------------------------------------------------------
                         required time                         36.050    
                         arrival time                          -8.111    
  -------------------------------------------------------------------
                         slack                                 27.939    





Min Delay Paths
--------------------------------------------------------------------------------------
Slack (MET) :             0.333ns  (arrival time - required time)
  Source:                 dbg_hub/inst/BSCANID.u_xsdbm_id/CORE_XSDB.UUT_MASTER/U_ICON_INTERFACE/U_CMD6_RD/U_RD_FIFO/SUBCORE_FIFO.xsdbm_v3_0_0_rdfifo_inst/inst_fifo_gen/gconvfifo.rf/grf.rf/rstblk/ngwrdrst.grst.g7serrst.rd_rst_reg_reg[1]/C
                            (rising edge-triggered cell FDPE clocked by dbg_hub/inst/BSCANID.u_xsdbm_id/SWITCH_N_EXT_BSCAN.bscan_inst/SERIES7_BSCAN.bscan_inst/TCK  {rise@0.000ns fall@16.500ns period=33.000ns})
  Destination:            dbg_hub/inst/BSCANID.u_xsdbm_id/CORE_XSDB.UUT_MASTER/U_ICON_INTERFACE/U_CMD6_RD/U_RD_FIFO/SUBCORE_FIFO.xsdbm_v3_0_0_rdfifo_inst/inst_fifo_gen/gconvfifo.rf/grf.rf/gntv_or_sync_fifo.gcx.clkx/gnxpm_cdc.rd_pntr_gc_reg[0]/CLR
                            (removal check against rising-edge clock dbg_hub/inst/BSCANID.u_xsdbm_id/SWITCH_N_EXT_BSCAN.bscan_inst/SERIES7_BSCAN.bscan_inst/TCK  {rise@0.000ns fall@16.500ns period=33.000ns})
  Path Group:             **async_default**
  Path Type:              Removal (Min at Fast Process Corner)
  Requirement:            0.000ns  (dbg_hub/inst/BSCANID.u_xsdbm_id/SWITCH_N_EXT_BSCAN.bscan_inst/SERIES7_BSCAN.bscan_inst/TCK rise@0.000ns - dbg_hub/inst/BSCANID.u_xsdbm_id/SWITCH_N_EXT_BSCAN.bscan_inst/SERIES7_BSCAN.bscan_inst/TCK rise@0.000ns)
  Data Path Delay:        0.274ns  (logic 0.141ns (51.420%)  route 0.133ns (48.580%))
  Logic Levels:           0  
  Clock Path Skew:        0.033ns (DCD - SCD - CPR)
    Destination Clock Delay (DCD):    1.706ns
    Source Clock Delay      (SCD):    1.320ns
    Clock Pessimism Removal (CPR):    0.353ns

    Location             Delay type                Incr(ns)  Path(ns)    Netlist Resource(s)
  -------------------------------------------------------------------    -------------------
                         (clock dbg_hub/inst/BSCANID.u_xsdbm_id/SWITCH_N_EXT_BSCAN.bscan_inst/SERIES7_BSCAN.bscan_inst/TCK rise edge)
                                                      0.000     0.000 r  
    BSCAN_X0Y0           BSCANE2                      0.000     0.000 r  dbg_hub/inst/BSCANID.u_xsdbm_id/SWITCH_N_EXT_BSCAN.bscan_inst/SERIES7_BSCAN.bscan_inst/TCK
                         net (fo=1, routed)           0.742     0.742    dbg_hub/inst/BSCANID.u_xsdbm_id/tck_bs
    BUFGCTRL_X0Y1        BUFG (Prop_bufg_I_O)         0.026     0.768 r  dbg_hub/inst/BSCANID.u_xsdbm_id/SWITCH_N_EXT_BSCAN.u_bufg_icon_tck/O
                         net (fo=494, routed)         0.553     1.320    dbg_hub/inst/BSCANID.u_xsdbm_id/CORE_XSDB.UUT_MASTER/U_ICON_INTERFACE/U_CMD6_RD/U_RD_FIFO/SUBCORE_FIFO.xsdbm_v3_0_0_rdfifo_inst/inst_fifo_gen/gconvfifo.rf/grf.rf/rstblk/rd_clk
    SLICE_X39Y22         FDPE                                         r  dbg_hub/inst/BSCANID.u_xsdbm_id/CORE_XSDB.UUT_MASTER/U_ICON_INTERFACE/U_CMD6_RD/U_RD_FIFO/SUBCORE_FIFO.xsdbm_v3_0_0_rdfifo_inst/inst_fifo_gen/gconvfifo.rf/grf.rf/rstblk/ngwrdrst.grst.g7serrst.rd_rst_reg_reg[1]/C
  -------------------------------------------------------------------    -------------------
    SLICE_X39Y22         FDPE (Prop_fdpe_C_Q)         0.141     1.461 f  dbg_hub/inst/BSCANID.u_xsdbm_id/CORE_XSDB.UUT_MASTER/U_ICON_INTERFACE/U_CMD6_RD/U_RD_FIFO/SUBCORE_FIFO.xsdbm_v3_0_0_rdfifo_inst/inst_fifo_gen/gconvfifo.rf/grf.rf/rstblk/ngwrdrst.grst.g7serrst.rd_rst_reg_reg[1]/Q
                         net (fo=16, routed)          0.133     1.595    dbg_hub/inst/BSCANID.u_xsdbm_id/CORE_XSDB.UUT_MASTER/U_ICON_INTERFACE/U_CMD6_RD/U_RD_FIFO/SUBCORE_FIFO.xsdbm_v3_0_0_rdfifo_inst/inst_fifo_gen/gconvfifo.rf/grf.rf/gntv_or_sync_fifo.gcx.clkx/Q_reg_reg[0][0]
    SLICE_X41Y22         FDCE                                         f  dbg_hub/inst/BSCANID.u_xsdbm_id/CORE_XSDB.UUT_MASTER/U_ICON_INTERFACE/U_CMD6_RD/U_RD_FIFO/SUBCORE_FIFO.xsdbm_v3_0_0_rdfifo_inst/inst_fifo_gen/gconvfifo.rf/grf.rf/gntv_or_sync_fifo.gcx.clkx/gnxpm_cdc.rd_pntr_gc_reg[0]/CLR
  -------------------------------------------------------------------    -------------------

                         (clock dbg_hub/inst/BSCANID.u_xsdbm_id/SWITCH_N_EXT_BSCAN.bscan_inst/SERIES7_BSCAN.bscan_inst/TCK rise edge)
                                                      0.000     0.000 r  
    BSCAN_X0Y0           BSCANE2                      0.000     0.000 r  dbg_hub/inst/BSCANID.u_xsdbm_id/SWITCH_N_EXT_BSCAN.bscan_inst/SERIES7_BSCAN.bscan_inst/TCK
                         net (fo=1, routed)           0.858     0.858    dbg_hub/inst/BSCANID.u_xsdbm_id/tck_bs
    BUFGCTRL_X0Y1        BUFG (Prop_bufg_I_O)         0.029     0.887 r  dbg_hub/inst/BSCANID.u_xsdbm_id/SWITCH_N_EXT_BSCAN.u_bufg_icon_tck/O
                         net (fo=494, routed)         0.820     1.706    dbg_hub/inst/BSCANID.u_xsdbm_id/CORE_XSDB.UUT_MASTER/U_ICON_INTERFACE/U_CMD6_RD/U_RD_FIFO/SUBCORE_FIFO.xsdbm_v3_0_0_rdfifo_inst/inst_fifo_gen/gconvfifo.rf/grf.rf/gntv_or_sync_fifo.gcx.clkx/rd_clk
    SLICE_X41Y22         FDCE                                         r  dbg_hub/inst/BSCANID.u_xsdbm_id/CORE_XSDB.UUT_MASTER/U_ICON_INTERFACE/U_CMD6_RD/U_RD_FIFO/SUBCORE_FIFO.xsdbm_v3_0_0_rdfifo_inst/inst_fifo_gen/gconvfifo.rf/grf.rf/gntv_or_sync_fifo.gcx.clkx/gnxpm_cdc.rd_pntr_gc_reg[0]/C
                         clock pessimism             -0.353     1.353    
    SLICE_X41Y22         FDCE (Remov_fdce_C_CLR)     -0.092     1.261    dbg_hub/inst/BSCANID.u_xsdbm_id/CORE_XSDB.UUT_MASTER/U_ICON_INTERFACE/U_CMD6_RD/U_RD_FIFO/SUBCORE_FIFO.xsdbm_v3_0_0_rdfifo_inst/inst_fifo_gen/gconvfifo.rf/grf.rf/gntv_or_sync_fifo.gcx.clkx/gnxpm_cdc.rd_pntr_gc_reg[0]
  -------------------------------------------------------------------
                         required time                         -1.261    
                         arrival time                           1.595    
  -------------------------------------------------------------------
                         slack                                  0.333    

Slack (MET) :             0.333ns  (arrival time - required time)
  Source:                 dbg_hub/inst/BSCANID.u_xsdbm_id/CORE_XSDB.UUT_MASTER/U_ICON_INTERFACE/U_CMD6_RD/U_RD_FIFO/SUBCORE_FIFO.xsdbm_v3_0_0_rdfifo_inst/inst_fifo_gen/gconvfifo.rf/grf.rf/rstblk/ngwrdrst.grst.g7serrst.rd_rst_reg_reg[1]/C
                            (rising edge-triggered cell FDPE clocked by dbg_hub/inst/BSCANID.u_xsdbm_id/SWITCH_N_EXT_BSCAN.bscan_inst/SERIES7_BSCAN.bscan_inst/TCK  {rise@0.000ns fall@16.500ns period=33.000ns})
  Destination:            dbg_hub/inst/BSCANID.u_xsdbm_id/CORE_XSDB.UUT_MASTER/U_ICON_INTERFACE/U_CMD6_RD/U_RD_FIFO/SUBCORE_FIFO.xsdbm_v3_0_0_rdfifo_inst/inst_fifo_gen/gconvfifo.rf/grf.rf/gntv_or_sync_fifo.gcx.clkx/gnxpm_cdc.rd_pntr_gc_reg[2]/CLR
                            (removal check against rising-edge clock dbg_hub/inst/BSCANID.u_xsdbm_id/SWITCH_N_EXT_BSCAN.bscan_inst/SERIES7_BSCAN.bscan_inst/TCK  {rise@0.000ns fall@16.500ns period=33.000ns})
  Path Group:             **async_default**
  Path Type:              Removal (Min at Fast Process Corner)
  Requirement:            0.000ns  (dbg_hub/inst/BSCANID.u_xsdbm_id/SWITCH_N_EXT_BSCAN.bscan_inst/SERIES7_BSCAN.bscan_inst/TCK rise@0.000ns - dbg_hub/inst/BSCANID.u_xsdbm_id/SWITCH_N_EXT_BSCAN.bscan_inst/SERIES7_BSCAN.bscan_inst/TCK rise@0.000ns)
  Data Path Delay:        0.274ns  (logic 0.141ns (51.420%)  route 0.133ns (48.580%))
  Logic Levels:           0  
  Clock Path Skew:        0.033ns (DCD - SCD - CPR)
    Destination Clock Delay (DCD):    1.706ns
    Source Clock Delay      (SCD):    1.320ns
    Clock Pessimism Removal (CPR):    0.353ns

    Location             Delay type                Incr(ns)  Path(ns)    Netlist Resource(s)
  -------------------------------------------------------------------    -------------------
                         (clock dbg_hub/inst/BSCANID.u_xsdbm_id/SWITCH_N_EXT_BSCAN.bscan_inst/SERIES7_BSCAN.bscan_inst/TCK rise edge)
                                                      0.000     0.000 r  
    BSCAN_X0Y0           BSCANE2                      0.000     0.000 r  dbg_hub/inst/BSCANID.u_xsdbm_id/SWITCH_N_EXT_BSCAN.bscan_inst/SERIES7_BSCAN.bscan_inst/TCK
                         net (fo=1, routed)           0.742     0.742    dbg_hub/inst/BSCANID.u_xsdbm_id/tck_bs
    BUFGCTRL_X0Y1        BUFG (Prop_bufg_I_O)         0.026     0.768 r  dbg_hub/inst/BSCANID.u_xsdbm_id/SWITCH_N_EXT_BSCAN.u_bufg_icon_tck/O
                         net (fo=494, routed)         0.553     1.320    dbg_hub/inst/BSCANID.u_xsdbm_id/CORE_XSDB.UUT_MASTER/U_ICON_INTERFACE/U_CMD6_RD/U_RD_FIFO/SUBCORE_FIFO.xsdbm_v3_0_0_rdfifo_inst/inst_fifo_gen/gconvfifo.rf/grf.rf/rstblk/rd_clk
    SLICE_X39Y22         FDPE                                         r  dbg_hub/inst/BSCANID.u_xsdbm_id/CORE_XSDB.UUT_MASTER/U_ICON_INTERFACE/U_CMD6_RD/U_RD_FIFO/SUBCORE_FIFO.xsdbm_v3_0_0_rdfifo_inst/inst_fifo_gen/gconvfifo.rf/grf.rf/rstblk/ngwrdrst.grst.g7serrst.rd_rst_reg_reg[1]/C
  -------------------------------------------------------------------    -------------------
    SLICE_X39Y22         FDPE (Prop_fdpe_C_Q)         0.141     1.461 f  dbg_hub/inst/BSCANID.u_xsdbm_id/CORE_XSDB.UUT_MASTER/U_ICON_INTERFACE/U_CMD6_RD/U_RD_FIFO/SUBCORE_FIFO.xsdbm_v3_0_0_rdfifo_inst/inst_fifo_gen/gconvfifo.rf/grf.rf/rstblk/ngwrdrst.grst.g7serrst.rd_rst_reg_reg[1]/Q
                         net (fo=16, routed)          0.133     1.595    dbg_hub/inst/BSCANID.u_xsdbm_id/CORE_XSDB.UUT_MASTER/U_ICON_INTERFACE/U_CMD6_RD/U_RD_FIFO/SUBCORE_FIFO.xsdbm_v3_0_0_rdfifo_inst/inst_fifo_gen/gconvfifo.rf/grf.rf/gntv_or_sync_fifo.gcx.clkx/Q_reg_reg[0][0]
    SLICE_X41Y22         FDCE                                         f  dbg_hub/inst/BSCANID.u_xsdbm_id/CORE_XSDB.UUT_MASTER/U_ICON_INTERFACE/U_CMD6_RD/U_RD_FIFO/SUBCORE_FIFO.xsdbm_v3_0_0_rdfifo_inst/inst_fifo_gen/gconvfifo.rf/grf.rf/gntv_or_sync_fifo.gcx.clkx/gnxpm_cdc.rd_pntr_gc_reg[2]/CLR
  -------------------------------------------------------------------    -------------------

                         (clock dbg_hub/inst/BSCANID.u_xsdbm_id/SWITCH_N_EXT_BSCAN.bscan_inst/SERIES7_BSCAN.bscan_inst/TCK rise edge)
                                                      0.000     0.000 r  
    BSCAN_X0Y0           BSCANE2                      0.000     0.000 r  dbg_hub/inst/BSCANID.u_xsdbm_id/SWITCH_N_EXT_BSCAN.bscan_inst/SERIES7_BSCAN.bscan_inst/TCK
                         net (fo=1, routed)           0.858     0.858    dbg_hub/inst/BSCANID.u_xsdbm_id/tck_bs
    BUFGCTRL_X0Y1        BUFG (Prop_bufg_I_O)         0.029     0.887 r  dbg_hub/inst/BSCANID.u_xsdbm_id/SWITCH_N_EXT_BSCAN.u_bufg_icon_tck/O
                         net (fo=494, routed)         0.820     1.706    dbg_hub/inst/BSCANID.u_xsdbm_id/CORE_XSDB.UUT_MASTER/U_ICON_INTERFACE/U_CMD6_RD/U_RD_FIFO/SUBCORE_FIFO.xsdbm_v3_0_0_rdfifo_inst/inst_fifo_gen/gconvfifo.rf/grf.rf/gntv_or_sync_fifo.gcx.clkx/rd_clk
    SLICE_X41Y22         FDCE                                         r  dbg_hub/inst/BSCANID.u_xsdbm_id/CORE_XSDB.UUT_MASTER/U_ICON_INTERFACE/U_CMD6_RD/U_RD_FIFO/SUBCORE_FIFO.xsdbm_v3_0_0_rdfifo_inst/inst_fifo_gen/gconvfifo.rf/grf.rf/gntv_or_sync_fifo.gcx.clkx/gnxpm_cdc.rd_pntr_gc_reg[2]/C
                         clock pessimism             -0.353     1.353    
    SLICE_X41Y22         FDCE (Remov_fdce_C_CLR)     -0.092     1.261    dbg_hub/inst/BSCANID.u_xsdbm_id/CORE_XSDB.UUT_MASTER/U_ICON_INTERFACE/U_CMD6_RD/U_RD_FIFO/SUBCORE_FIFO.xsdbm_v3_0_0_rdfifo_inst/inst_fifo_gen/gconvfifo.rf/grf.rf/gntv_or_sync_fifo.gcx.clkx/gnxpm_cdc.rd_pntr_gc_reg[2]
  -------------------------------------------------------------------
                         required time                         -1.261    
                         arrival time                           1.595    
  -------------------------------------------------------------------
                         slack                                  0.333    

Slack (MET) :             0.333ns  (arrival time - required time)
  Source:                 dbg_hub/inst/BSCANID.u_xsdbm_id/CORE_XSDB.UUT_MASTER/U_ICON_INTERFACE/U_CMD6_RD/U_RD_FIFO/SUBCORE_FIFO.xsdbm_v3_0_0_rdfifo_inst/inst_fifo_gen/gconvfifo.rf/grf.rf/rstblk/ngwrdrst.grst.g7serrst.rd_rst_reg_reg[1]/C
                            (rising edge-triggered cell FDPE clocked by dbg_hub/inst/BSCANID.u_xsdbm_id/SWITCH_N_EXT_BSCAN.bscan_inst/SERIES7_BSCAN.bscan_inst/TCK  {rise@0.000ns fall@16.500ns period=33.000ns})
  Destination:            dbg_hub/inst/BSCANID.u_xsdbm_id/CORE_XSDB.UUT_MASTER/U_ICON_INTERFACE/U_CMD6_RD/U_RD_FIFO/SUBCORE_FIFO.xsdbm_v3_0_0_rdfifo_inst/inst_fifo_gen/gconvfifo.rf/grf.rf/gntv_or_sync_fifo.gcx.clkx/gnxpm_cdc.wr_pntr_bin_reg[2]/CLR
                            (removal check against rising-edge clock dbg_hub/inst/BSCANID.u_xsdbm_id/SWITCH_N_EXT_BSCAN.bscan_inst/SERIES7_BSCAN.bscan_inst/TCK  {rise@0.000ns fall@16.500ns period=33.000ns})
  Path Group:             **async_default**
  Path Type:              Removal (Min at Fast Process Corner)
  Requirement:            0.000ns  (dbg_hub/inst/BSCANID.u_xsdbm_id/SWITCH_N_EXT_BSCAN.bscan_inst/SERIES7_BSCAN.bscan_inst/TCK rise@0.000ns - dbg_hub/inst/BSCANID.u_xsdbm_id/SWITCH_N_EXT_BSCAN.bscan_inst/SERIES7_BSCAN.bscan_inst/TCK rise@0.000ns)
  Data Path Delay:        0.274ns  (logic 0.141ns (51.420%)  route 0.133ns (48.580%))
  Logic Levels:           0  
  Clock Path Skew:        0.033ns (DCD - SCD - CPR)
    Destination Clock Delay (DCD):    1.706ns
    Source Clock Delay      (SCD):    1.320ns
    Clock Pessimism Removal (CPR):    0.353ns

    Location             Delay type                Incr(ns)  Path(ns)    Netlist Resource(s)
  -------------------------------------------------------------------    -------------------
                         (clock dbg_hub/inst/BSCANID.u_xsdbm_id/SWITCH_N_EXT_BSCAN.bscan_inst/SERIES7_BSCAN.bscan_inst/TCK rise edge)
                                                      0.000     0.000 r  
    BSCAN_X0Y0           BSCANE2                      0.000     0.000 r  dbg_hub/inst/BSCANID.u_xsdbm_id/SWITCH_N_EXT_BSCAN.bscan_inst/SERIES7_BSCAN.bscan_inst/TCK
                         net (fo=1, routed)           0.742     0.742    dbg_hub/inst/BSCANID.u_xsdbm_id/tck_bs
    BUFGCTRL_X0Y1        BUFG (Prop_bufg_I_O)         0.026     0.768 r  dbg_hub/inst/BSCANID.u_xsdbm_id/SWITCH_N_EXT_BSCAN.u_bufg_icon_tck/O
                         net (fo=494, routed)         0.553     1.320    dbg_hub/inst/BSCANID.u_xsdbm_id/CORE_XSDB.UUT_MASTER/U_ICON_INTERFACE/U_CMD6_RD/U_RD_FIFO/SUBCORE_FIFO.xsdbm_v3_0_0_rdfifo_inst/inst_fifo_gen/gconvfifo.rf/grf.rf/rstblk/rd_clk
    SLICE_X39Y22         FDPE                                         r  dbg_hub/inst/BSCANID.u_xsdbm_id/CORE_XSDB.UUT_MASTER/U_ICON_INTERFACE/U_CMD6_RD/U_RD_FIFO/SUBCORE_FIFO.xsdbm_v3_0_0_rdfifo_inst/inst_fifo_gen/gconvfifo.rf/grf.rf/rstblk/ngwrdrst.grst.g7serrst.rd_rst_reg_reg[1]/C
  -------------------------------------------------------------------    -------------------
    SLICE_X39Y22         FDPE (Prop_fdpe_C_Q)         0.141     1.461 f  dbg_hub/inst/BSCANID.u_xsdbm_id/CORE_XSDB.UUT_MASTER/U_ICON_INTERFACE/U_CMD6_RD/U_RD_FIFO/SUBCORE_FIFO.xsdbm_v3_0_0_rdfifo_inst/inst_fifo_gen/gconvfifo.rf/grf.rf/rstblk/ngwrdrst.grst.g7serrst.rd_rst_reg_reg[1]/Q
                         net (fo=16, routed)          0.133     1.595    dbg_hub/inst/BSCANID.u_xsdbm_id/CORE_XSDB.UUT_MASTER/U_ICON_INTERFACE/U_CMD6_RD/U_RD_FIFO/SUBCORE_FIFO.xsdbm_v3_0_0_rdfifo_inst/inst_fifo_gen/gconvfifo.rf/grf.rf/gntv_or_sync_fifo.gcx.clkx/Q_reg_reg[0][0]
    SLICE_X41Y22         FDCE                                         f  dbg_hub/inst/BSCANID.u_xsdbm_id/CORE_XSDB.UUT_MASTER/U_ICON_INTERFACE/U_CMD6_RD/U_RD_FIFO/SUBCORE_FIFO.xsdbm_v3_0_0_rdfifo_inst/inst_fifo_gen/gconvfifo.rf/grf.rf/gntv_or_sync_fifo.gcx.clkx/gnxpm_cdc.wr_pntr_bin_reg[2]/CLR
  -------------------------------------------------------------------    -------------------

                         (clock dbg_hub/inst/BSCANID.u_xsdbm_id/SWITCH_N_EXT_BSCAN.bscan_inst/SERIES7_BSCAN.bscan_inst/TCK rise edge)
                                                      0.000     0.000 r  
    BSCAN_X0Y0           BSCANE2                      0.000     0.000 r  dbg_hub/inst/BSCANID.u_xsdbm_id/SWITCH_N_EXT_BSCAN.bscan_inst/SERIES7_BSCAN.bscan_inst/TCK
                         net (fo=1, routed)           0.858     0.858    dbg_hub/inst/BSCANID.u_xsdbm_id/tck_bs
    BUFGCTRL_X0Y1        BUFG (Prop_bufg_I_O)         0.029     0.887 r  dbg_hub/inst/BSCANID.u_xsdbm_id/SWITCH_N_EXT_BSCAN.u_bufg_icon_tck/O
                         net (fo=494, routed)         0.820     1.706    dbg_hub/inst/BSCANID.u_xsdbm_id/CORE_XSDB.UUT_MASTER/U_ICON_INTERFACE/U_CMD6_RD/U_RD_FIFO/SUBCORE_FIFO.xsdbm_v3_0_0_rdfifo_inst/inst_fifo_gen/gconvfifo.rf/grf.rf/gntv_or_sync_fifo.gcx.clkx/rd_clk
    SLICE_X41Y22         FDCE                                         r  dbg_hub/inst/BSCANID.u_xsdbm_id/CORE_XSDB.UUT_MASTER/U_ICON_INTERFACE/U_CMD6_RD/U_RD_FIFO/SUBCORE_FIFO.xsdbm_v3_0_0_rdfifo_inst/inst_fifo_gen/gconvfifo.rf/grf.rf/gntv_or_sync_fifo.gcx.clkx/gnxpm_cdc.wr_pntr_bin_reg[2]/C
                         clock pessimism             -0.353     1.353    
    SLICE_X41Y22         FDCE (Remov_fdce_C_CLR)     -0.092     1.261    dbg_hub/inst/BSCANID.u_xsdbm_id/CORE_XSDB.UUT_MASTER/U_ICON_INTERFACE/U_CMD6_RD/U_RD_FIFO/SUBCORE_FIFO.xsdbm_v3_0_0_rdfifo_inst/inst_fifo_gen/gconvfifo.rf/grf.rf/gntv_or_sync_fifo.gcx.clkx/gnxpm_cdc.wr_pntr_bin_reg[2]
  -------------------------------------------------------------------
                         required time                         -1.261    
                         arrival time                           1.595    
  -------------------------------------------------------------------
                         slack                                  0.333    

Slack (MET) :             0.333ns  (arrival time - required time)
  Source:                 dbg_hub/inst/BSCANID.u_xsdbm_id/CORE_XSDB.UUT_MASTER/U_ICON_INTERFACE/U_CMD6_RD/U_RD_FIFO/SUBCORE_FIFO.xsdbm_v3_0_0_rdfifo_inst/inst_fifo_gen/gconvfifo.rf/grf.rf/rstblk/ngwrdrst.grst.g7serrst.rd_rst_reg_reg[1]/C
                            (rising edge-triggered cell FDPE clocked by dbg_hub/inst/BSCANID.u_xsdbm_id/SWITCH_N_EXT_BSCAN.bscan_inst/SERIES7_BSCAN.bscan_inst/TCK  {rise@0.000ns fall@16.500ns period=33.000ns})
  Destination:            dbg_hub/inst/BSCANID.u_xsdbm_id/CORE_XSDB.UUT_MASTER/U_ICON_INTERFACE/U_CMD6_RD/U_RD_FIFO/SUBCORE_FIFO.xsdbm_v3_0_0_rdfifo_inst/inst_fifo_gen/gconvfifo.rf/grf.rf/gntv_or_sync_fifo.gcx.clkx/gnxpm_cdc.wr_pntr_bin_reg[3]/CLR
                            (removal check against rising-edge clock dbg_hub/inst/BSCANID.u_xsdbm_id/SWITCH_N_EXT_BSCAN.bscan_inst/SERIES7_BSCAN.bscan_inst/TCK  {rise@0.000ns fall@16.500ns period=33.000ns})
  Path Group:             **async_default**
  Path Type:              Removal (Min at Fast Process Corner)
  Requirement:            0.000ns  (dbg_hub/inst/BSCANID.u_xsdbm_id/SWITCH_N_EXT_BSCAN.bscan_inst/SERIES7_BSCAN.bscan_inst/TCK rise@0.000ns - dbg_hub/inst/BSCANID.u_xsdbm_id/SWITCH_N_EXT_BSCAN.bscan_inst/SERIES7_BSCAN.bscan_inst/TCK rise@0.000ns)
  Data Path Delay:        0.274ns  (logic 0.141ns (51.420%)  route 0.133ns (48.580%))
  Logic Levels:           0  
  Clock Path Skew:        0.033ns (DCD - SCD - CPR)
    Destination Clock Delay (DCD):    1.706ns
    Source Clock Delay      (SCD):    1.320ns
    Clock Pessimism Removal (CPR):    0.353ns

    Location             Delay type                Incr(ns)  Path(ns)    Netlist Resource(s)
  -------------------------------------------------------------------    -------------------
                         (clock dbg_hub/inst/BSCANID.u_xsdbm_id/SWITCH_N_EXT_BSCAN.bscan_inst/SERIES7_BSCAN.bscan_inst/TCK rise edge)
                                                      0.000     0.000 r  
    BSCAN_X0Y0           BSCANE2                      0.000     0.000 r  dbg_hub/inst/BSCANID.u_xsdbm_id/SWITCH_N_EXT_BSCAN.bscan_inst/SERIES7_BSCAN.bscan_inst/TCK
                         net (fo=1, routed)           0.742     0.742    dbg_hub/inst/BSCANID.u_xsdbm_id/tck_bs
    BUFGCTRL_X0Y1        BUFG (Prop_bufg_I_O)         0.026     0.768 r  dbg_hub/inst/BSCANID.u_xsdbm_id/SWITCH_N_EXT_BSCAN.u_bufg_icon_tck/O
                         net (fo=494, routed)         0.553     1.320    dbg_hub/inst/BSCANID.u_xsdbm_id/CORE_XSDB.UUT_MASTER/U_ICON_INTERFACE/U_CMD6_RD/U_RD_FIFO/SUBCORE_FIFO.xsdbm_v3_0_0_rdfifo_inst/inst_fifo_gen/gconvfifo.rf/grf.rf/rstblk/rd_clk
    SLICE_X39Y22         FDPE                                         r  dbg_hub/inst/BSCANID.u_xsdbm_id/CORE_XSDB.UUT_MASTER/U_ICON_INTERFACE/U_CMD6_RD/U_RD_FIFO/SUBCORE_FIFO.xsdbm_v3_0_0_rdfifo_inst/inst_fifo_gen/gconvfifo.rf/grf.rf/rstblk/ngwrdrst.grst.g7serrst.rd_rst_reg_reg[1]/C
  -------------------------------------------------------------------    -------------------
    SLICE_X39Y22         FDPE (Prop_fdpe_C_Q)         0.141     1.461 f  dbg_hub/inst/BSCANID.u_xsdbm_id/CORE_XSDB.UUT_MASTER/U_ICON_INTERFACE/U_CMD6_RD/U_RD_FIFO/SUBCORE_FIFO.xsdbm_v3_0_0_rdfifo_inst/inst_fifo_gen/gconvfifo.rf/grf.rf/rstblk/ngwrdrst.grst.g7serrst.rd_rst_reg_reg[1]/Q
                         net (fo=16, routed)          0.133     1.595    dbg_hub/inst/BSCANID.u_xsdbm_id/CORE_XSDB.UUT_MASTER/U_ICON_INTERFACE/U_CMD6_RD/U_RD_FIFO/SUBCORE_FIFO.xsdbm_v3_0_0_rdfifo_inst/inst_fifo_gen/gconvfifo.rf/grf.rf/gntv_or_sync_fifo.gcx.clkx/Q_reg_reg[0][0]
    SLICE_X41Y22         FDCE                                         f  dbg_hub/inst/BSCANID.u_xsdbm_id/CORE_XSDB.UUT_MASTER/U_ICON_INTERFACE/U_CMD6_RD/U_RD_FIFO/SUBCORE_FIFO.xsdbm_v3_0_0_rdfifo_inst/inst_fifo_gen/gconvfifo.rf/grf.rf/gntv_or_sync_fifo.gcx.clkx/gnxpm_cdc.wr_pntr_bin_reg[3]/CLR
  -------------------------------------------------------------------    -------------------

                         (clock dbg_hub/inst/BSCANID.u_xsdbm_id/SWITCH_N_EXT_BSCAN.bscan_inst/SERIES7_BSCAN.bscan_inst/TCK rise edge)
                                                      0.000     0.000 r  
    BSCAN_X0Y0           BSCANE2                      0.000     0.000 r  dbg_hub/inst/BSCANID.u_xsdbm_id/SWITCH_N_EXT_BSCAN.bscan_inst/SERIES7_BSCAN.bscan_inst/TCK
                         net (fo=1, routed)           0.858     0.858    dbg_hub/inst/BSCANID.u_xsdbm_id/tck_bs
    BUFGCTRL_X0Y1        BUFG (Prop_bufg_I_O)         0.029     0.887 r  dbg_hub/inst/BSCANID.u_xsdbm_id/SWITCH_N_EXT_BSCAN.u_bufg_icon_tck/O
                         net (fo=494, routed)         0.820     1.706    dbg_hub/inst/BSCANID.u_xsdbm_id/CORE_XSDB.UUT_MASTER/U_ICON_INTERFACE/U_CMD6_RD/U_RD_FIFO/SUBCORE_FIFO.xsdbm_v3_0_0_rdfifo_inst/inst_fifo_gen/gconvfifo.rf/grf.rf/gntv_or_sync_fifo.gcx.clkx/rd_clk
    SLICE_X41Y22         FDCE                                         r  dbg_hub/inst/BSCANID.u_xsdbm_id/CORE_XSDB.UUT_MASTER/U_ICON_INTERFACE/U_CMD6_RD/U_RD_FIFO/SUBCORE_FIFO.xsdbm_v3_0_0_rdfifo_inst/inst_fifo_gen/gconvfifo.rf/grf.rf/gntv_or_sync_fifo.gcx.clkx/gnxpm_cdc.wr_pntr_bin_reg[3]/C
                         clock pessimism             -0.353     1.353    
    SLICE_X41Y22         FDCE (Remov_fdce_C_CLR)     -0.092     1.261    dbg_hub/inst/BSCANID.u_xsdbm_id/CORE_XSDB.UUT_MASTER/U_ICON_INTERFACE/U_CMD6_RD/U_RD_FIFO/SUBCORE_FIFO.xsdbm_v3_0_0_rdfifo_inst/inst_fifo_gen/gconvfifo.rf/grf.rf/gntv_or_sync_fifo.gcx.clkx/gnxpm_cdc.wr_pntr_bin_reg[3]
  -------------------------------------------------------------------
                         required time                         -1.261    
                         arrival time                           1.595    
  -------------------------------------------------------------------
                         slack                                  0.333    

Slack (MET) :             0.378ns  (arrival time - required time)
  Source:                 dbg_hub/inst/BSCANID.u_xsdbm_id/CORE_XSDB.UUT_MASTER/U_ICON_INTERFACE/U_CMD6_RD/U_RD_FIFO/SUBCORE_FIFO.xsdbm_v3_0_0_rdfifo_inst/inst_fifo_gen/gconvfifo.rf/grf.rf/rstblk/ngwrdrst.grst.g7serrst.rst_rd_reg2_reg/C
                            (rising edge-triggered cell FDPE clocked by dbg_hub/inst/BSCANID.u_xsdbm_id/SWITCH_N_EXT_BSCAN.bscan_inst/SERIES7_BSCAN.bscan_inst/TCK  {rise@0.000ns fall@16.500ns period=33.000ns})
  Destination:            dbg_hub/inst/BSCANID.u_xsdbm_id/CORE_XSDB.UUT_MASTER/U_ICON_INTERFACE/U_CMD6_RD/U_RD_FIFO/SUBCORE_FIFO.xsdbm_v3_0_0_rdfifo_inst/inst_fifo_gen/gconvfifo.rf/grf.rf/rstblk/ngwrdrst.grst.g7serrst.rd_rst_asreg_reg/PRE
                            (removal check against rising-edge clock dbg_hub/inst/BSCANID.u_xsdbm_id/SWITCH_N_EXT_BSCAN.bscan_inst/SERIES7_BSCAN.bscan_inst/TCK  {rise@0.000ns fall@16.500ns period=33.000ns})
  Path Group:             **async_default**
  Path Type:              Removal (Min at Fast Process Corner)
  Requirement:            0.000ns  (dbg_hub/inst/BSCANID.u_xsdbm_id/SWITCH_N_EXT_BSCAN.bscan_inst/SERIES7_BSCAN.bscan_inst/TCK rise@0.000ns - dbg_hub/inst/BSCANID.u_xsdbm_id/SWITCH_N_EXT_BSCAN.bscan_inst/SERIES7_BSCAN.bscan_inst/TCK rise@0.000ns)
  Data Path Delay:        0.267ns  (logic 0.148ns (55.433%)  route 0.119ns (44.567%))
  Logic Levels:           0  
  Clock Path Skew:        0.013ns (DCD - SCD - CPR)
    Destination Clock Delay (DCD):    1.709ns
    Source Clock Delay      (SCD):    1.323ns
    Clock Pessimism Removal (CPR):    0.373ns

    Location             Delay type                Incr(ns)  Path(ns)    Netlist Resource(s)
  -------------------------------------------------------------------    -------------------
                         (clock dbg_hub/inst/BSCANID.u_xsdbm_id/SWITCH_N_EXT_BSCAN.bscan_inst/SERIES7_BSCAN.bscan_inst/TCK rise edge)
                                                      0.000     0.000 r  
    BSCAN_X0Y0           BSCANE2                      0.000     0.000 r  dbg_hub/inst/BSCANID.u_xsdbm_id/SWITCH_N_EXT_BSCAN.bscan_inst/SERIES7_BSCAN.bscan_inst/TCK
                         net (fo=1, routed)           0.742     0.742    dbg_hub/inst/BSCANID.u_xsdbm_id/tck_bs
    BUFGCTRL_X0Y1        BUFG (Prop_bufg_I_O)         0.026     0.768 r  dbg_hub/inst/BSCANID.u_xsdbm_id/SWITCH_N_EXT_BSCAN.u_bufg_icon_tck/O
                         net (fo=494, routed)         0.556     1.323    dbg_hub/inst/BSCANID.u_xsdbm_id/CORE_XSDB.UUT_MASTER/U_ICON_INTERFACE/U_CMD6_RD/U_RD_FIFO/SUBCORE_FIFO.xsdbm_v3_0_0_rdfifo_inst/inst_fifo_gen/gconvfifo.rf/grf.rf/rstblk/rd_clk
    SLICE_X42Y18         FDPE                                         r  dbg_hub/inst/BSCANID.u_xsdbm_id/CORE_XSDB.UUT_MASTER/U_ICON_INTERFACE/U_CMD6_RD/U_RD_FIFO/SUBCORE_FIFO.xsdbm_v3_0_0_rdfifo_inst/inst_fifo_gen/gconvfifo.rf/grf.rf/rstblk/ngwrdrst.grst.g7serrst.rst_rd_reg2_reg/C
  -------------------------------------------------------------------    -------------------
    SLICE_X42Y18         FDPE (Prop_fdpe_C_Q)         0.148     1.471 f  dbg_hub/inst/BSCANID.u_xsdbm_id/CORE_XSDB.UUT_MASTER/U_ICON_INTERFACE/U_CMD6_RD/U_RD_FIFO/SUBCORE_FIFO.xsdbm_v3_0_0_rdfifo_inst/inst_fifo_gen/gconvfifo.rf/grf.rf/rstblk/ngwrdrst.grst.g7serrst.rst_rd_reg2_reg/Q
                         net (fo=1, routed)           0.119     1.590    dbg_hub/inst/BSCANID.u_xsdbm_id/CORE_XSDB.UUT_MASTER/U_ICON_INTERFACE/U_CMD6_RD/U_RD_FIFO/SUBCORE_FIFO.xsdbm_v3_0_0_rdfifo_inst/inst_fifo_gen/gconvfifo.rf/grf.rf/rstblk/rst_rd_reg2
    SLICE_X42Y19         FDPE                                         f  dbg_hub/inst/BSCANID.u_xsdbm_id/CORE_XSDB.UUT_MASTER/U_ICON_INTERFACE/U_CMD6_RD/U_RD_FIFO/SUBCORE_FIFO.xsdbm_v3_0_0_rdfifo_inst/inst_fifo_gen/gconvfifo.rf/grf.rf/rstblk/ngwrdrst.grst.g7serrst.rd_rst_asreg_reg/PRE
  -------------------------------------------------------------------    -------------------

                         (clock dbg_hub/inst/BSCANID.u_xsdbm_id/SWITCH_N_EXT_BSCAN.bscan_inst/SERIES7_BSCAN.bscan_inst/TCK rise edge)
                                                      0.000     0.000 r  
    BSCAN_X0Y0           BSCANE2                      0.000     0.000 r  dbg_hub/inst/BSCANID.u_xsdbm_id/SWITCH_N_EXT_BSCAN.bscan_inst/SERIES7_BSCAN.bscan_inst/TCK
                         net (fo=1, routed)           0.858     0.858    dbg_hub/inst/BSCANID.u_xsdbm_id/tck_bs
    BUFGCTRL_X0Y1        BUFG (Prop_bufg_I_O)         0.029     0.887 r  dbg_hub/inst/BSCANID.u_xsdbm_id/SWITCH_N_EXT_BSCAN.u_bufg_icon_tck/O
                         net (fo=494, routed)         0.823     1.709    dbg_hub/inst/BSCANID.u_xsdbm_id/CORE_XSDB.UUT_MASTER/U_ICON_INTERFACE/U_CMD6_RD/U_RD_FIFO/SUBCORE_FIFO.xsdbm_v3_0_0_rdfifo_inst/inst_fifo_gen/gconvfifo.rf/grf.rf/rstblk/rd_clk
    SLICE_X42Y19         FDPE                                         r  dbg_hub/inst/BSCANID.u_xsdbm_id/CORE_XSDB.UUT_MASTER/U_ICON_INTERFACE/U_CMD6_RD/U_RD_FIFO/SUBCORE_FIFO.xsdbm_v3_0_0_rdfifo_inst/inst_fifo_gen/gconvfifo.rf/grf.rf/rstblk/ngwrdrst.grst.g7serrst.rd_rst_asreg_reg/C
                         clock pessimism             -0.373     1.336    
    SLICE_X42Y19         FDPE (Remov_fdpe_C_PRE)     -0.124     1.212    dbg_hub/inst/BSCANID.u_xsdbm_id/CORE_XSDB.UUT_MASTER/U_ICON_INTERFACE/U_CMD6_RD/U_RD_FIFO/SUBCORE_FIFO.xsdbm_v3_0_0_rdfifo_inst/inst_fifo_gen/gconvfifo.rf/grf.rf/rstblk/ngwrdrst.grst.g7serrst.rd_rst_asreg_reg
  -------------------------------------------------------------------
                         required time                         -1.212    
                         arrival time                           1.590    
  -------------------------------------------------------------------
                         slack                                  0.378    

Slack (MET) :             0.383ns  (arrival time - required time)
  Source:                 dbg_hub/inst/BSCANID.u_xsdbm_id/CORE_XSDB.UUT_MASTER/U_ICON_INTERFACE/wrdata_rst_reg/C
                            (rising edge-triggered cell FDRE clocked by dbg_hub/inst/BSCANID.u_xsdbm_id/SWITCH_N_EXT_BSCAN.bscan_inst/SERIES7_BSCAN.bscan_inst/TCK  {rise@0.000ns fall@16.500ns period=33.000ns})
  Destination:            dbg_hub/inst/BSCANID.u_xsdbm_id/CORE_XSDB.UUT_MASTER/U_ICON_INTERFACE/U_CMD6_WR/U_WR_FIFO/SUBCORE_FIFO.xsdbm_v3_0_0_wrfifo_inst/inst_fifo_gen/gconvfifo.rf/grf.rf/rstblk/ngwrdrst.grst.g7serrst.rst_wr_reg1_reg/PRE
                            (removal check against rising-edge clock dbg_hub/inst/BSCANID.u_xsdbm_id/SWITCH_N_EXT_BSCAN.bscan_inst/SERIES7_BSCAN.bscan_inst/TCK  {rise@0.000ns fall@16.500ns period=33.000ns})
  Path Group:             **async_default**
  Path Type:              Removal (Min at Fast Process Corner)
  Requirement:            0.000ns  (dbg_hub/inst/BSCANID.u_xsdbm_id/SWITCH_N_EXT_BSCAN.bscan_inst/SERIES7_BSCAN.bscan_inst/TCK rise@0.000ns - dbg_hub/inst/BSCANID.u_xsdbm_id/SWITCH_N_EXT_BSCAN.bscan_inst/SERIES7_BSCAN.bscan_inst/TCK rise@0.000ns)
  Data Path Delay:        0.304ns  (logic 0.164ns (53.958%)  route 0.140ns (46.042%))
  Logic Levels:           0  
  Clock Path Skew:        0.016ns (DCD - SCD - CPR)
    Destination Clock Delay (DCD):    1.718ns
    Source Clock Delay      (SCD):    1.330ns
    Clock Pessimism Removal (CPR):    0.372ns

    Location             Delay type                Incr(ns)  Path(ns)    Netlist Resource(s)
  -------------------------------------------------------------------    -------------------
                         (clock dbg_hub/inst/BSCANID.u_xsdbm_id/SWITCH_N_EXT_BSCAN.bscan_inst/SERIES7_BSCAN.bscan_inst/TCK rise edge)
                                                      0.000     0.000 r  
    BSCAN_X0Y0           BSCANE2                      0.000     0.000 r  dbg_hub/inst/BSCANID.u_xsdbm_id/SWITCH_N_EXT_BSCAN.bscan_inst/SERIES7_BSCAN.bscan_inst/TCK
                         net (fo=1, routed)           0.742     0.742    dbg_hub/inst/BSCANID.u_xsdbm_id/tck_bs
    BUFGCTRL_X0Y1        BUFG (Prop_bufg_I_O)         0.026     0.768 r  dbg_hub/inst/BSCANID.u_xsdbm_id/SWITCH_N_EXT_BSCAN.u_bufg_icon_tck/O
                         net (fo=494, routed)         0.563     1.330    dbg_hub/inst/BSCANID.u_xsdbm_id/CORE_XSDB.UUT_MASTER/U_ICON_INTERFACE/m_bscan_tck[0]
    SLICE_X38Y4          FDRE                                         r  dbg_hub/inst/BSCANID.u_xsdbm_id/CORE_XSDB.UUT_MASTER/U_ICON_INTERFACE/wrdata_rst_reg/C
  -------------------------------------------------------------------    -------------------
    SLICE_X38Y4          FDRE (Prop_fdre_C_Q)         0.164     1.494 f  dbg_hub/inst/BSCANID.u_xsdbm_id/CORE_XSDB.UUT_MASTER/U_ICON_INTERFACE/wrdata_rst_reg/Q
                         net (fo=20, routed)          0.140     1.634    dbg_hub/inst/BSCANID.u_xsdbm_id/CORE_XSDB.UUT_MASTER/U_ICON_INTERFACE/U_CMD6_WR/U_WR_FIFO/SUBCORE_FIFO.xsdbm_v3_0_0_wrfifo_inst/inst_fifo_gen/gconvfifo.rf/grf.rf/rstblk/rst
    SLICE_X39Y5          FDPE                                         f  dbg_hub/inst/BSCANID.u_xsdbm_id/CORE_XSDB.UUT_MASTER/U_ICON_INTERFACE/U_CMD6_WR/U_WR_FIFO/SUBCORE_FIFO.xsdbm_v3_0_0_wrfifo_inst/inst_fifo_gen/gconvfifo.rf/grf.rf/rstblk/ngwrdrst.grst.g7serrst.rst_wr_reg1_reg/PRE
  -------------------------------------------------------------------    -------------------

                         (clock dbg_hub/inst/BSCANID.u_xsdbm_id/SWITCH_N_EXT_BSCAN.bscan_inst/SERIES7_BSCAN.bscan_inst/TCK rise edge)
                                                      0.000     0.000 r  
    BSCAN_X0Y0           BSCANE2                      0.000     0.000 r  dbg_hub/inst/BSCANID.u_xsdbm_id/SWITCH_N_EXT_BSCAN.bscan_inst/SERIES7_BSCAN.bscan_inst/TCK
                         net (fo=1, routed)           0.858     0.858    dbg_hub/inst/BSCANID.u_xsdbm_id/tck_bs
    BUFGCTRL_X0Y1        BUFG (Prop_bufg_I_O)         0.029     0.887 r  dbg_hub/inst/BSCANID.u_xsdbm_id/SWITCH_N_EXT_BSCAN.u_bufg_icon_tck/O
                         net (fo=494, routed)         0.832     1.718    dbg_hub/inst/BSCANID.u_xsdbm_id/CORE_XSDB.UUT_MASTER/U_ICON_INTERFACE/U_CMD6_WR/U_WR_FIFO/SUBCORE_FIFO.xsdbm_v3_0_0_wrfifo_inst/inst_fifo_gen/gconvfifo.rf/grf.rf/rstblk/wr_clk
    SLICE_X39Y5          FDPE                                         r  dbg_hub/inst/BSCANID.u_xsdbm_id/CORE_XSDB.UUT_MASTER/U_ICON_INTERFACE/U_CMD6_WR/U_WR_FIFO/SUBCORE_FIFO.xsdbm_v3_0_0_wrfifo_inst/inst_fifo_gen/gconvfifo.rf/grf.rf/rstblk/ngwrdrst.grst.g7serrst.rst_wr_reg1_reg/C
                         clock pessimism             -0.372     1.346    
    SLICE_X39Y5          FDPE (Remov_fdpe_C_PRE)     -0.095     1.251    dbg_hub/inst/BSCANID.u_xsdbm_id/CORE_XSDB.UUT_MASTER/U_ICON_INTERFACE/U_CMD6_WR/U_WR_FIFO/SUBCORE_FIFO.xsdbm_v3_0_0_wrfifo_inst/inst_fifo_gen/gconvfifo.rf/grf.rf/rstblk/ngwrdrst.grst.g7serrst.rst_wr_reg1_reg
  -------------------------------------------------------------------
                         required time                         -1.251    
                         arrival time                           1.634    
  -------------------------------------------------------------------
                         slack                                  0.383    

Slack (MET) :             0.383ns  (arrival time - required time)
  Source:                 dbg_hub/inst/BSCANID.u_xsdbm_id/CORE_XSDB.UUT_MASTER/U_ICON_INTERFACE/wrdata_rst_reg/C
                            (rising edge-triggered cell FDRE clocked by dbg_hub/inst/BSCANID.u_xsdbm_id/SWITCH_N_EXT_BSCAN.bscan_inst/SERIES7_BSCAN.bscan_inst/TCK  {rise@0.000ns fall@16.500ns period=33.000ns})
  Destination:            dbg_hub/inst/BSCANID.u_xsdbm_id/CORE_XSDB.UUT_MASTER/U_ICON_INTERFACE/U_CMD6_WR/U_WR_FIFO/SUBCORE_FIFO.xsdbm_v3_0_0_wrfifo_inst/inst_fifo_gen/gconvfifo.rf/grf.rf/rstblk/ngwrdrst.grst.g7serrst.rst_wr_reg2_reg/PRE
                            (removal check against rising-edge clock dbg_hub/inst/BSCANID.u_xsdbm_id/SWITCH_N_EXT_BSCAN.bscan_inst/SERIES7_BSCAN.bscan_inst/TCK  {rise@0.000ns fall@16.500ns period=33.000ns})
  Path Group:             **async_default**
  Path Type:              Removal (Min at Fast Process Corner)
  Requirement:            0.000ns  (dbg_hub/inst/BSCANID.u_xsdbm_id/SWITCH_N_EXT_BSCAN.bscan_inst/SERIES7_BSCAN.bscan_inst/TCK rise@0.000ns - dbg_hub/inst/BSCANID.u_xsdbm_id/SWITCH_N_EXT_BSCAN.bscan_inst/SERIES7_BSCAN.bscan_inst/TCK rise@0.000ns)
  Data Path Delay:        0.304ns  (logic 0.164ns (53.958%)  route 0.140ns (46.042%))
  Logic Levels:           0  
  Clock Path Skew:        0.016ns (DCD - SCD - CPR)
    Destination Clock Delay (DCD):    1.718ns
    Source Clock Delay      (SCD):    1.330ns
    Clock Pessimism Removal (CPR):    0.372ns

    Location             Delay type                Incr(ns)  Path(ns)    Netlist Resource(s)
  -------------------------------------------------------------------    -------------------
                         (clock dbg_hub/inst/BSCANID.u_xsdbm_id/SWITCH_N_EXT_BSCAN.bscan_inst/SERIES7_BSCAN.bscan_inst/TCK rise edge)
                                                      0.000     0.000 r  
    BSCAN_X0Y0           BSCANE2                      0.000     0.000 r  dbg_hub/inst/BSCANID.u_xsdbm_id/SWITCH_N_EXT_BSCAN.bscan_inst/SERIES7_BSCAN.bscan_inst/TCK
                         net (fo=1, routed)           0.742     0.742    dbg_hub/inst/BSCANID.u_xsdbm_id/tck_bs
    BUFGCTRL_X0Y1        BUFG (Prop_bufg_I_O)         0.026     0.768 r  dbg_hub/inst/BSCANID.u_xsdbm_id/SWITCH_N_EXT_BSCAN.u_bufg_icon_tck/O
                         net (fo=494, routed)         0.563     1.330    dbg_hub/inst/BSCANID.u_xsdbm_id/CORE_XSDB.UUT_MASTER/U_ICON_INTERFACE/m_bscan_tck[0]
    SLICE_X38Y4          FDRE                                         r  dbg_hub/inst/BSCANID.u_xsdbm_id/CORE_XSDB.UUT_MASTER/U_ICON_INTERFACE/wrdata_rst_reg/C
  -------------------------------------------------------------------    -------------------
    SLICE_X38Y4          FDRE (Prop_fdre_C_Q)         0.164     1.494 f  dbg_hub/inst/BSCANID.u_xsdbm_id/CORE_XSDB.UUT_MASTER/U_ICON_INTERFACE/wrdata_rst_reg/Q
                         net (fo=20, routed)          0.140     1.634    dbg_hub/inst/BSCANID.u_xsdbm_id/CORE_XSDB.UUT_MASTER/U_ICON_INTERFACE/U_CMD6_WR/U_WR_FIFO/SUBCORE_FIFO.xsdbm_v3_0_0_wrfifo_inst/inst_fifo_gen/gconvfifo.rf/grf.rf/rstblk/rst
    SLICE_X39Y5          FDPE                                         f  dbg_hub/inst/BSCANID.u_xsdbm_id/CORE_XSDB.UUT_MASTER/U_ICON_INTERFACE/U_CMD6_WR/U_WR_FIFO/SUBCORE_FIFO.xsdbm_v3_0_0_wrfifo_inst/inst_fifo_gen/gconvfifo.rf/grf.rf/rstblk/ngwrdrst.grst.g7serrst.rst_wr_reg2_reg/PRE
  -------------------------------------------------------------------    -------------------

                         (clock dbg_hub/inst/BSCANID.u_xsdbm_id/SWITCH_N_EXT_BSCAN.bscan_inst/SERIES7_BSCAN.bscan_inst/TCK rise edge)
                                                      0.000     0.000 r  
    BSCAN_X0Y0           BSCANE2                      0.000     0.000 r  dbg_hub/inst/BSCANID.u_xsdbm_id/SWITCH_N_EXT_BSCAN.bscan_inst/SERIES7_BSCAN.bscan_inst/TCK
                         net (fo=1, routed)           0.858     0.858    dbg_hub/inst/BSCANID.u_xsdbm_id/tck_bs
    BUFGCTRL_X0Y1        BUFG (Prop_bufg_I_O)         0.029     0.887 r  dbg_hub/inst/BSCANID.u_xsdbm_id/SWITCH_N_EXT_BSCAN.u_bufg_icon_tck/O
                         net (fo=494, routed)         0.832     1.718    dbg_hub/inst/BSCANID.u_xsdbm_id/CORE_XSDB.UUT_MASTER/U_ICON_INTERFACE/U_CMD6_WR/U_WR_FIFO/SUBCORE_FIFO.xsdbm_v3_0_0_wrfifo_inst/inst_fifo_gen/gconvfifo.rf/grf.rf/rstblk/wr_clk
    SLICE_X39Y5          FDPE                                         r  dbg_hub/inst/BSCANID.u_xsdbm_id/CORE_XSDB.UUT_MASTER/U_ICON_INTERFACE/U_CMD6_WR/U_WR_FIFO/SUBCORE_FIFO.xsdbm_v3_0_0_wrfifo_inst/inst_fifo_gen/gconvfifo.rf/grf.rf/rstblk/ngwrdrst.grst.g7serrst.rst_wr_reg2_reg/C
                         clock pessimism             -0.372     1.346    
    SLICE_X39Y5          FDPE (Remov_fdpe_C_PRE)     -0.095     1.251    dbg_hub/inst/BSCANID.u_xsdbm_id/CORE_XSDB.UUT_MASTER/U_ICON_INTERFACE/U_CMD6_WR/U_WR_FIFO/SUBCORE_FIFO.xsdbm_v3_0_0_wrfifo_inst/inst_fifo_gen/gconvfifo.rf/grf.rf/rstblk/ngwrdrst.grst.g7serrst.rst_wr_reg2_reg
  -------------------------------------------------------------------
                         required time                         -1.251    
                         arrival time                           1.634    
  -------------------------------------------------------------------
                         slack                                  0.383    

Slack (MET) :             0.390ns  (arrival time - required time)
  Source:                 dbg_hub/inst/BSCANID.u_xsdbm_id/CORE_XSDB.UUT_MASTER/U_ICON_INTERFACE/U_CMD6_RD/U_RD_FIFO/SUBCORE_FIFO.xsdbm_v3_0_0_rdfifo_inst/inst_fifo_gen/gconvfifo.rf/grf.rf/rstblk/ngwrdrst.grst.g7serrst.rd_rst_reg_reg[2]/C
                            (rising edge-triggered cell FDPE clocked by dbg_hub/inst/BSCANID.u_xsdbm_id/SWITCH_N_EXT_BSCAN.bscan_inst/SERIES7_BSCAN.bscan_inst/TCK  {rise@0.000ns fall@16.500ns period=33.000ns})
  Destination:            dbg_hub/inst/BSCANID.u_xsdbm_id/CORE_XSDB.UUT_MASTER/U_ICON_INTERFACE/U_CMD6_RD/U_RD_FIFO/SUBCORE_FIFO.xsdbm_v3_0_0_rdfifo_inst/inst_fifo_gen/gconvfifo.rf/grf.rf/gntv_or_sync_fifo.gl0.rd/gr1.gr1_int.rfwft/gpregsm1.curr_fwft_state_reg[0]/CLR
                            (removal check against rising-edge clock dbg_hub/inst/BSCANID.u_xsdbm_id/SWITCH_N_EXT_BSCAN.bscan_inst/SERIES7_BSCAN.bscan_inst/TCK  {rise@0.000ns fall@16.500ns period=33.000ns})
  Path Group:             **async_default**
  Path Type:              Removal (Min at Fast Process Corner)
  Requirement:            0.000ns  (dbg_hub/inst/BSCANID.u_xsdbm_id/SWITCH_N_EXT_BSCAN.bscan_inst/SERIES7_BSCAN.bscan_inst/TCK rise@0.000ns - dbg_hub/inst/BSCANID.u_xsdbm_id/SWITCH_N_EXT_BSCAN.bscan_inst/SERIES7_BSCAN.bscan_inst/TCK rise@0.000ns)
  Data Path Delay:        0.331ns  (logic 0.141ns (42.608%)  route 0.190ns (57.392%))
  Logic Levels:           0  
  Clock Path Skew:        0.033ns (DCD - SCD - CPR)
    Destination Clock Delay (DCD):    1.706ns
    Source Clock Delay      (SCD):    1.320ns
    Clock Pessimism Removal (CPR):    0.353ns

    Location             Delay type                Incr(ns)  Path(ns)    Netlist Resource(s)
  -------------------------------------------------------------------    -------------------
                         (clock dbg_hub/inst/BSCANID.u_xsdbm_id/SWITCH_N_EXT_BSCAN.bscan_inst/SERIES7_BSCAN.bscan_inst/TCK rise edge)
                                                      0.000     0.000 r  
    BSCAN_X0Y0           BSCANE2                      0.000     0.000 r  dbg_hub/inst/BSCANID.u_xsdbm_id/SWITCH_N_EXT_BSCAN.bscan_inst/SERIES7_BSCAN.bscan_inst/TCK
                         net (fo=1, routed)           0.742     0.742    dbg_hub/inst/BSCANID.u_xsdbm_id/tck_bs
    BUFGCTRL_X0Y1        BUFG (Prop_bufg_I_O)         0.026     0.768 r  dbg_hub/inst/BSCANID.u_xsdbm_id/SWITCH_N_EXT_BSCAN.u_bufg_icon_tck/O
                         net (fo=494, routed)         0.553     1.320    dbg_hub/inst/BSCANID.u_xsdbm_id/CORE_XSDB.UUT_MASTER/U_ICON_INTERFACE/U_CMD6_RD/U_RD_FIFO/SUBCORE_FIFO.xsdbm_v3_0_0_rdfifo_inst/inst_fifo_gen/gconvfifo.rf/grf.rf/rstblk/rd_clk
    SLICE_X39Y22         FDPE                                         r  dbg_hub/inst/BSCANID.u_xsdbm_id/CORE_XSDB.UUT_MASTER/U_ICON_INTERFACE/U_CMD6_RD/U_RD_FIFO/SUBCORE_FIFO.xsdbm_v3_0_0_rdfifo_inst/inst_fifo_gen/gconvfifo.rf/grf.rf/rstblk/ngwrdrst.grst.g7serrst.rd_rst_reg_reg[2]/C
  -------------------------------------------------------------------    -------------------
    SLICE_X39Y22         FDPE (Prop_fdpe_C_Q)         0.141     1.461 f  dbg_hub/inst/BSCANID.u_xsdbm_id/CORE_XSDB.UUT_MASTER/U_ICON_INTERFACE/U_CMD6_RD/U_RD_FIFO/SUBCORE_FIFO.xsdbm_v3_0_0_rdfifo_inst/inst_fifo_gen/gconvfifo.rf/grf.rf/rstblk/ngwrdrst.grst.g7serrst.rd_rst_reg_reg[2]/Q
                         net (fo=18, routed)          0.190     1.651    dbg_hub/inst/BSCANID.u_xsdbm_id/CORE_XSDB.UUT_MASTER/U_ICON_INTERFACE/U_CMD6_RD/U_RD_FIFO/SUBCORE_FIFO.xsdbm_v3_0_0_rdfifo_inst/inst_fifo_gen/gconvfifo.rf/grf.rf/gntv_or_sync_fifo.gl0.rd/gr1.gr1_int.rfwft/out[1]
    SLICE_X40Y22         FDCE                                         f  dbg_hub/inst/BSCANID.u_xsdbm_id/CORE_XSDB.UUT_MASTER/U_ICON_INTERFACE/U_CMD6_RD/U_RD_FIFO/SUBCORE_FIFO.xsdbm_v3_0_0_rdfifo_inst/inst_fifo_gen/gconvfifo.rf/grf.rf/gntv_or_sync_fifo.gl0.rd/gr1.gr1_int.rfwft/gpregsm1.curr_fwft_state_reg[0]/CLR
  -------------------------------------------------------------------    -------------------

                         (clock dbg_hub/inst/BSCANID.u_xsdbm_id/SWITCH_N_EXT_BSCAN.bscan_inst/SERIES7_BSCAN.bscan_inst/TCK rise edge)
                                                      0.000     0.000 r  
    BSCAN_X0Y0           BSCANE2                      0.000     0.000 r  dbg_hub/inst/BSCANID.u_xsdbm_id/SWITCH_N_EXT_BSCAN.bscan_inst/SERIES7_BSCAN.bscan_inst/TCK
                         net (fo=1, routed)           0.858     0.858    dbg_hub/inst/BSCANID.u_xsdbm_id/tck_bs
    BUFGCTRL_X0Y1        BUFG (Prop_bufg_I_O)         0.029     0.887 r  dbg_hub/inst/BSCANID.u_xsdbm_id/SWITCH_N_EXT_BSCAN.u_bufg_icon_tck/O
                         net (fo=494, routed)         0.820     1.706    dbg_hub/inst/BSCANID.u_xsdbm_id/CORE_XSDB.UUT_MASTER/U_ICON_INTERFACE/U_CMD6_RD/U_RD_FIFO/SUBCORE_FIFO.xsdbm_v3_0_0_rdfifo_inst/inst_fifo_gen/gconvfifo.rf/grf.rf/gntv_or_sync_fifo.gl0.rd/gr1.gr1_int.rfwft/rd_clk
    SLICE_X40Y22         FDCE                                         r  dbg_hub/inst/BSCANID.u_xsdbm_id/CORE_XSDB.UUT_MASTER/U_ICON_INTERFACE/U_CMD6_RD/U_RD_FIFO/SUBCORE_FIFO.xsdbm_v3_0_0_rdfifo_inst/inst_fifo_gen/gconvfifo.rf/grf.rf/gntv_or_sync_fifo.gl0.rd/gr1.gr1_int.rfwft/gpregsm1.curr_fwft_state_reg[0]/C
                         clock pessimism             -0.353     1.353    
    SLICE_X40Y22         FDCE (Remov_fdce_C_CLR)     -0.092     1.261    dbg_hub/inst/BSCANID.u_xsdbm_id/CORE_XSDB.UUT_MASTER/U_ICON_INTERFACE/U_CMD6_RD/U_RD_FIFO/SUBCORE_FIFO.xsdbm_v3_0_0_rdfifo_inst/inst_fifo_gen/gconvfifo.rf/grf.rf/gntv_or_sync_fifo.gl0.rd/gr1.gr1_int.rfwft/gpregsm1.curr_fwft_state_reg[0]
  -------------------------------------------------------------------
                         required time                         -1.261    
                         arrival time                           1.651    
  -------------------------------------------------------------------
                         slack                                  0.390    

Slack (MET) :             0.390ns  (arrival time - required time)
  Source:                 dbg_hub/inst/BSCANID.u_xsdbm_id/CORE_XSDB.UUT_MASTER/U_ICON_INTERFACE/U_CMD6_RD/U_RD_FIFO/SUBCORE_FIFO.xsdbm_v3_0_0_rdfifo_inst/inst_fifo_gen/gconvfifo.rf/grf.rf/rstblk/ngwrdrst.grst.g7serrst.rd_rst_reg_reg[2]/C
                            (rising edge-triggered cell FDPE clocked by dbg_hub/inst/BSCANID.u_xsdbm_id/SWITCH_N_EXT_BSCAN.bscan_inst/SERIES7_BSCAN.bscan_inst/TCK  {rise@0.000ns fall@16.500ns period=33.000ns})
  Destination:            dbg_hub/inst/BSCANID.u_xsdbm_id/CORE_XSDB.UUT_MASTER/U_ICON_INTERFACE/U_CMD6_RD/U_RD_FIFO/SUBCORE_FIFO.xsdbm_v3_0_0_rdfifo_inst/inst_fifo_gen/gconvfifo.rf/grf.rf/gntv_or_sync_fifo.gl0.rd/gr1.gr1_int.rfwft/gpregsm1.curr_fwft_state_reg[1]/CLR
                            (removal check against rising-edge clock dbg_hub/inst/BSCANID.u_xsdbm_id/SWITCH_N_EXT_BSCAN.bscan_inst/SERIES7_BSCAN.bscan_inst/TCK  {rise@0.000ns fall@16.500ns period=33.000ns})
  Path Group:             **async_default**
  Path Type:              Removal (Min at Fast Process Corner)
  Requirement:            0.000ns  (dbg_hub/inst/BSCANID.u_xsdbm_id/SWITCH_N_EXT_BSCAN.bscan_inst/SERIES7_BSCAN.bscan_inst/TCK rise@0.000ns - dbg_hub/inst/BSCANID.u_xsdbm_id/SWITCH_N_EXT_BSCAN.bscan_inst/SERIES7_BSCAN.bscan_inst/TCK rise@0.000ns)
  Data Path Delay:        0.331ns  (logic 0.141ns (42.608%)  route 0.190ns (57.392%))
  Logic Levels:           0  
  Clock Path Skew:        0.033ns (DCD - SCD - CPR)
    Destination Clock Delay (DCD):    1.706ns
    Source Clock Delay      (SCD):    1.320ns
    Clock Pessimism Removal (CPR):    0.353ns

    Location             Delay type                Incr(ns)  Path(ns)    Netlist Resource(s)
  -------------------------------------------------------------------    -------------------
                         (clock dbg_hub/inst/BSCANID.u_xsdbm_id/SWITCH_N_EXT_BSCAN.bscan_inst/SERIES7_BSCAN.bscan_inst/TCK rise edge)
                                                      0.000     0.000 r  
    BSCAN_X0Y0           BSCANE2                      0.000     0.000 r  dbg_hub/inst/BSCANID.u_xsdbm_id/SWITCH_N_EXT_BSCAN.bscan_inst/SERIES7_BSCAN.bscan_inst/TCK
                         net (fo=1, routed)           0.742     0.742    dbg_hub/inst/BSCANID.u_xsdbm_id/tck_bs
    BUFGCTRL_X0Y1        BUFG (Prop_bufg_I_O)         0.026     0.768 r  dbg_hub/inst/BSCANID.u_xsdbm_id/SWITCH_N_EXT_BSCAN.u_bufg_icon_tck/O
                         net (fo=494, routed)         0.553     1.320    dbg_hub/inst/BSCANID.u_xsdbm_id/CORE_XSDB.UUT_MASTER/U_ICON_INTERFACE/U_CMD6_RD/U_RD_FIFO/SUBCORE_FIFO.xsdbm_v3_0_0_rdfifo_inst/inst_fifo_gen/gconvfifo.rf/grf.rf/rstblk/rd_clk
    SLICE_X39Y22         FDPE                                         r  dbg_hub/inst/BSCANID.u_xsdbm_id/CORE_XSDB.UUT_MASTER/U_ICON_INTERFACE/U_CMD6_RD/U_RD_FIFO/SUBCORE_FIFO.xsdbm_v3_0_0_rdfifo_inst/inst_fifo_gen/gconvfifo.rf/grf.rf/rstblk/ngwrdrst.grst.g7serrst.rd_rst_reg_reg[2]/C
  -------------------------------------------------------------------    -------------------
    SLICE_X39Y22         FDPE (Prop_fdpe_C_Q)         0.141     1.461 f  dbg_hub/inst/BSCANID.u_xsdbm_id/CORE_XSDB.UUT_MASTER/U_ICON_INTERFACE/U_CMD6_RD/U_RD_FIFO/SUBCORE_FIFO.xsdbm_v3_0_0_rdfifo_inst/inst_fifo_gen/gconvfifo.rf/grf.rf/rstblk/ngwrdrst.grst.g7serrst.rd_rst_reg_reg[2]/Q
                         net (fo=18, routed)          0.190     1.651    dbg_hub/inst/BSCANID.u_xsdbm_id/CORE_XSDB.UUT_MASTER/U_ICON_INTERFACE/U_CMD6_RD/U_RD_FIFO/SUBCORE_FIFO.xsdbm_v3_0_0_rdfifo_inst/inst_fifo_gen/gconvfifo.rf/grf.rf/gntv_or_sync_fifo.gl0.rd/gr1.gr1_int.rfwft/out[1]
    SLICE_X40Y22         FDCE                                         f  dbg_hub/inst/BSCANID.u_xsdbm_id/CORE_XSDB.UUT_MASTER/U_ICON_INTERFACE/U_CMD6_RD/U_RD_FIFO/SUBCORE_FIFO.xsdbm_v3_0_0_rdfifo_inst/inst_fifo_gen/gconvfifo.rf/grf.rf/gntv_or_sync_fifo.gl0.rd/gr1.gr1_int.rfwft/gpregsm1.curr_fwft_state_reg[1]/CLR
  -------------------------------------------------------------------    -------------------

                         (clock dbg_hub/inst/BSCANID.u_xsdbm_id/SWITCH_N_EXT_BSCAN.bscan_inst/SERIES7_BSCAN.bscan_inst/TCK rise edge)
                                                      0.000     0.000 r  
    BSCAN_X0Y0           BSCANE2                      0.000     0.000 r  dbg_hub/inst/BSCANID.u_xsdbm_id/SWITCH_N_EXT_BSCAN.bscan_inst/SERIES7_BSCAN.bscan_inst/TCK
                         net (fo=1, routed)           0.858     0.858    dbg_hub/inst/BSCANID.u_xsdbm_id/tck_bs
    BUFGCTRL_X0Y1        BUFG (Prop_bufg_I_O)         0.029     0.887 r  dbg_hub/inst/BSCANID.u_xsdbm_id/SWITCH_N_EXT_BSCAN.u_bufg_icon_tck/O
                         net (fo=494, routed)         0.820     1.706    dbg_hub/inst/BSCANID.u_xsdbm_id/CORE_XSDB.UUT_MASTER/U_ICON_INTERFACE/U_CMD6_RD/U_RD_FIFO/SUBCORE_FIFO.xsdbm_v3_0_0_rdfifo_inst/inst_fifo_gen/gconvfifo.rf/grf.rf/gntv_or_sync_fifo.gl0.rd/gr1.gr1_int.rfwft/rd_clk
    SLICE_X40Y22         FDCE                                         r  dbg_hub/inst/BSCANID.u_xsdbm_id/CORE_XSDB.UUT_MASTER/U_ICON_INTERFACE/U_CMD6_RD/U_RD_FIFO/SUBCORE_FIFO.xsdbm_v3_0_0_rdfifo_inst/inst_fifo_gen/gconvfifo.rf/grf.rf/gntv_or_sync_fifo.gl0.rd/gr1.gr1_int.rfwft/gpregsm1.curr_fwft_state_reg[1]/C
                         clock pessimism             -0.353     1.353    
    SLICE_X40Y22         FDCE (Remov_fdce_C_CLR)     -0.092     1.261    dbg_hub/inst/BSCANID.u_xsdbm_id/CORE_XSDB.UUT_MASTER/U_ICON_INTERFACE/U_CMD6_RD/U_RD_FIFO/SUBCORE_FIFO.xsdbm_v3_0_0_rdfifo_inst/inst_fifo_gen/gconvfifo.rf/grf.rf/gntv_or_sync_fifo.gl0.rd/gr1.gr1_int.rfwft/gpregsm1.curr_fwft_state_reg[1]
  -------------------------------------------------------------------
                         required time                         -1.261    
                         arrival time                           1.651    
  -------------------------------------------------------------------
                         slack                                  0.390    

Slack (MET) :             0.393ns  (arrival time - required time)
  Source:                 dbg_hub/inst/BSCANID.u_xsdbm_id/CORE_XSDB.UUT_MASTER/U_ICON_INTERFACE/U_CMD6_RD/U_RD_FIFO/SUBCORE_FIFO.xsdbm_v3_0_0_rdfifo_inst/inst_fifo_gen/gconvfifo.rf/grf.rf/rstblk/ngwrdrst.grst.g7serrst.rd_rst_reg_reg[2]/C
                            (rising edge-triggered cell FDPE clocked by dbg_hub/inst/BSCANID.u_xsdbm_id/SWITCH_N_EXT_BSCAN.bscan_inst/SERIES7_BSCAN.bscan_inst/TCK  {rise@0.000ns fall@16.500ns period=33.000ns})
  Destination:            dbg_hub/inst/BSCANID.u_xsdbm_id/CORE_XSDB.UUT_MASTER/U_ICON_INTERFACE/U_CMD6_RD/U_RD_FIFO/SUBCORE_FIFO.xsdbm_v3_0_0_rdfifo_inst/inst_fifo_gen/gconvfifo.rf/grf.rf/gntv_or_sync_fifo.gl0.rd/gras.rsts/ram_empty_fb_i_reg/PRE
                            (removal check against rising-edge clock dbg_hub/inst/BSCANID.u_xsdbm_id/SWITCH_N_EXT_BSCAN.bscan_inst/SERIES7_BSCAN.bscan_inst/TCK  {rise@0.000ns fall@16.500ns period=33.000ns})
  Path Group:             **async_default**
  Path Type:              Removal (Min at Fast Process Corner)
  Requirement:            0.000ns  (dbg_hub/inst/BSCANID.u_xsdbm_id/SWITCH_N_EXT_BSCAN.bscan_inst/SERIES7_BSCAN.bscan_inst/TCK rise@0.000ns - dbg_hub/inst/BSCANID.u_xsdbm_id/SWITCH_N_EXT_BSCAN.bscan_inst/SERIES7_BSCAN.bscan_inst/TCK rise@0.000ns)
  Data Path Delay:        0.331ns  (logic 0.141ns (42.608%)  route 0.190ns (57.392%))
  Logic Levels:           0  
  Clock Path Skew:        0.033ns (DCD - SCD - CPR)
    Destination Clock Delay (DCD):    1.706ns
    Source Clock Delay      (SCD):    1.320ns
    Clock Pessimism Removal (CPR):    0.353ns

    Location             Delay type                Incr(ns)  Path(ns)    Netlist Resource(s)
  -------------------------------------------------------------------    -------------------
                         (clock dbg_hub/inst/BSCANID.u_xsdbm_id/SWITCH_N_EXT_BSCAN.bscan_inst/SERIES7_BSCAN.bscan_inst/TCK rise edge)
                                                      0.000     0.000 r  
    BSCAN_X0Y0           BSCANE2                      0.000     0.000 r  dbg_hub/inst/BSCANID.u_xsdbm_id/SWITCH_N_EXT_BSCAN.bscan_inst/SERIES7_BSCAN.bscan_inst/TCK
                         net (fo=1, routed)           0.742     0.742    dbg_hub/inst/BSCANID.u_xsdbm_id/tck_bs
    BUFGCTRL_X0Y1        BUFG (Prop_bufg_I_O)         0.026     0.768 r  dbg_hub/inst/BSCANID.u_xsdbm_id/SWITCH_N_EXT_BSCAN.u_bufg_icon_tck/O
                         net (fo=494, routed)         0.553     1.320    dbg_hub/inst/BSCANID.u_xsdbm_id/CORE_XSDB.UUT_MASTER/U_ICON_INTERFACE/U_CMD6_RD/U_RD_FIFO/SUBCORE_FIFO.xsdbm_v3_0_0_rdfifo_inst/inst_fifo_gen/gconvfifo.rf/grf.rf/rstblk/rd_clk
    SLICE_X39Y22         FDPE                                         r  dbg_hub/inst/BSCANID.u_xsdbm_id/CORE_XSDB.UUT_MASTER/U_ICON_INTERFACE/U_CMD6_RD/U_RD_FIFO/SUBCORE_FIFO.xsdbm_v3_0_0_rdfifo_inst/inst_fifo_gen/gconvfifo.rf/grf.rf/rstblk/ngwrdrst.grst.g7serrst.rd_rst_reg_reg[2]/C
  -------------------------------------------------------------------    -------------------
    SLICE_X39Y22         FDPE (Prop_fdpe_C_Q)         0.141     1.461 f  dbg_hub/inst/BSCANID.u_xsdbm_id/CORE_XSDB.UUT_MASTER/U_ICON_INTERFACE/U_CMD6_RD/U_RD_FIFO/SUBCORE_FIFO.xsdbm_v3_0_0_rdfifo_inst/inst_fifo_gen/gconvfifo.rf/grf.rf/rstblk/ngwrdrst.grst.g7serrst.rd_rst_reg_reg[2]/Q
                         net (fo=18, routed)          0.190     1.651    dbg_hub/inst/BSCANID.u_xsdbm_id/CORE_XSDB.UUT_MASTER/U_ICON_INTERFACE/U_CMD6_RD/U_RD_FIFO/SUBCORE_FIFO.xsdbm_v3_0_0_rdfifo_inst/inst_fifo_gen/gconvfifo.rf/grf.rf/gntv_or_sync_fifo.gl0.rd/gras.rsts/ram_empty_fb_i_reg_0[0]
    SLICE_X40Y22         FDPE                                         f  dbg_hub/inst/BSCANID.u_xsdbm_id/CORE_XSDB.UUT_MASTER/U_ICON_INTERFACE/U_CMD6_RD/U_RD_FIFO/SUBCORE_FIFO.xsdbm_v3_0_0_rdfifo_inst/inst_fifo_gen/gconvfifo.rf/grf.rf/gntv_or_sync_fifo.gl0.rd/gras.rsts/ram_empty_fb_i_reg/PRE
  -------------------------------------------------------------------    -------------------

                         (clock dbg_hub/inst/BSCANID.u_xsdbm_id/SWITCH_N_EXT_BSCAN.bscan_inst/SERIES7_BSCAN.bscan_inst/TCK rise edge)
                                                      0.000     0.000 r  
    BSCAN_X0Y0           BSCANE2                      0.000     0.000 r  dbg_hub/inst/BSCANID.u_xsdbm_id/SWITCH_N_EXT_BSCAN.bscan_inst/SERIES7_BSCAN.bscan_inst/TCK
                         net (fo=1, routed)           0.858     0.858    dbg_hub/inst/BSCANID.u_xsdbm_id/tck_bs
    BUFGCTRL_X0Y1        BUFG (Prop_bufg_I_O)         0.029     0.887 r  dbg_hub/inst/BSCANID.u_xsdbm_id/SWITCH_N_EXT_BSCAN.u_bufg_icon_tck/O
                         net (fo=494, routed)         0.820     1.706    dbg_hub/inst/BSCANID.u_xsdbm_id/CORE_XSDB.UUT_MASTER/U_ICON_INTERFACE/U_CMD6_RD/U_RD_FIFO/SUBCORE_FIFO.xsdbm_v3_0_0_rdfifo_inst/inst_fifo_gen/gconvfifo.rf/grf.rf/gntv_or_sync_fifo.gl0.rd/gras.rsts/rd_clk
    SLICE_X40Y22         FDPE                                         r  dbg_hub/inst/BSCANID.u_xsdbm_id/CORE_XSDB.UUT_MASTER/U_ICON_INTERFACE/U_CMD6_RD/U_RD_FIFO/SUBCORE_FIFO.xsdbm_v3_0_0_rdfifo_inst/inst_fifo_gen/gconvfifo.rf/grf.rf/gntv_or_sync_fifo.gl0.rd/gras.rsts/ram_empty_fb_i_reg/C
                         clock pessimism             -0.353     1.353    
    SLICE_X40Y22         FDPE (Remov_fdpe_C_PRE)     -0.095     1.258    dbg_hub/inst/BSCANID.u_xsdbm_id/CORE_XSDB.UUT_MASTER/U_ICON_INTERFACE/U_CMD6_RD/U_RD_FIFO/SUBCORE_FIFO.xsdbm_v3_0_0_rdfifo_inst/inst_fifo_gen/gconvfifo.rf/grf.rf/gntv_or_sync_fifo.gl0.rd/gras.rsts/ram_empty_fb_i_reg
  -------------------------------------------------------------------
                         required time                         -1.258    
                         arrival time                           1.651    
  -------------------------------------------------------------------
                         slack                                  0.393    





