TRACE::2025-08-14.13:51:58::SCWPlatform::Trying to open the hw design at C:/Users/ilpes/Desktop/Antenne_e_clocks/McDMA_workspace/McDMA_bsp/hw/McDMA_v0.xsa
TRACE::2025-08-14.13:51:58::SCWPlatform::DSA given C:/Users/ilpes/Desktop/Antenne_e_clocks/McDMA_workspace/McDMA_bsp/hw/McDMA_v0.xsa
TRACE::2025-08-14.13:51:58::SCWPlatform::DSA absoulate path C:/Users/ilpes/Desktop/Antenne_e_clocks/McDMA_workspace/McDMA_bsp/hw/McDMA_v0.xsa
TRACE::2025-08-14.13:52:01::SCWPlatform::DSA directory C:/Users/ilpes/Desktop/Antenne_e_clocks/McDMA_workspace/McDMA_bsp/hw
TRACE::2025-08-14.13:52:01::SCWPlatform:: Platform Path C:/Users/ilpes/Desktop/Antenne_e_clocks/McDMA_workspace/McDMA_bsp/hw/McDMA_v0.xsa
TRACE::2025-08-14.13:52:01::SCWPlatform:: Unique name xilinx:cmod_a7-35t::0.0
TRACE::2025-08-14.13:52:01::SCWPlatform::Do not have an existing db opened. 
TRACE::2025-08-14.13:52:01::SCWPlatform::Opened new HwDB with name user_35t_wrapper_0
TRACE::2025-08-14.13:52:01::SCWWriter::formatted JSON is {
	"platformName":	"McDMA_bsp",
	"sprVersion":	"2.0",
	"mode":	"gui",
	"dsaType":	"Fixed",
	"platformDesc":	"McDMA_bsp",
	"platHandOff":	"C:/Users/ilpes/Desktop/INSEGNAMENTO/Didattica2023/McDMA/McDMA/McDMA_v0.xsa",
	"platIntHandOff":	"<platformDir>/hw/McDMA_v0.xsa",
	"deviceType":	"FPGA",
	"platIsPrebuiltAutogen":	"false",
	"platIsNoBootBsp":	"false",
	"hasFsblMakeHasChanges":	"false",
	"hasPmufwMakeHasChanges":	"false",
	"platPreBuiltFlag":	false,
	"platformSamplesDir":	""
}
TRACE::2025-08-14.13:52:01::SCWWriter::formatted JSON is {
	"platformName":	"McDMA_bsp",
	"sprVersion":	"2.0",
	"mode":	"gui",
	"dsaType":	"Fixed",
	"platformDesc":	"McDMA_bsp",
	"platHandOff":	"C:/Users/ilpes/Desktop/INSEGNAMENTO/Didattica2023/McDMA/McDMA/McDMA_v0.xsa",
	"platIntHandOff":	"<platformDir>/hw/McDMA_v0.xsa",
	"deviceType":	"FPGA",
	"platIsPrebuiltAutogen":	"false",
	"platIsNoBootBsp":	"false",
	"hasFsblMakeHasChanges":	"false",
	"hasPmufwMakeHasChanges":	"false",
	"platPreBuiltFlag":	false,
	"platformSamplesDir":	"",
	"platActiveSys":	"McDMA_bsp",
	"systems":	[{
			"systemName":	"McDMA_bsp",
			"systemDesc":	"McDMA_bsp",
			"sysIsBootAutoGen":	"true",
			"systemDispName":	"McDMA_bsp"
		}]
}
TRACE::2025-08-14.13:52:01::SCWPlatform::Boot application domains not present, creating them
TRACE::2025-08-14.13:52:01::SCWPlatform::Pure FPGA device, no boot application will be created.
TRACE::2025-08-14.13:52:01::SCWWriter::formatted JSON is {
	"platformName":	"McDMA_bsp",
	"sprVersion":	"2.0",
	"mode":	"gui",
	"dsaType":	"Fixed",
	"platformDesc":	"McDMA_bsp",
	"platHandOff":	"C:/Users/ilpes/Desktop/INSEGNAMENTO/Didattica2023/McDMA/McDMA/McDMA_v0.xsa",
	"platIntHandOff":	"<platformDir>/hw/McDMA_v0.xsa",
	"deviceType":	"FPGA",
	"platIsPrebuiltAutogen":	"false",
	"platIsNoBootBsp":	"false",
	"hasFsblMakeHasChanges":	"false",
	"hasPmufwMakeHasChanges":	"false",
	"platPreBuiltFlag":	false,
	"platformSamplesDir":	"",
	"platActiveSys":	"McDMA_bsp",
	"systems":	[{
			"systemName":	"McDMA_bsp",
			"systemDesc":	"McDMA_bsp",
			"sysIsBootAutoGen":	"true",
			"systemDispName":	"McDMA_bsp"
		}]
}
TRACE::2025-08-14.13:52:01::SCWPlatform::Trying to open the hw design at C:/Users/ilpes/Desktop/Antenne_e_clocks/McDMA_workspace/McDMA_bsp/hw/McDMA_v0.xsa
TRACE::2025-08-14.13:52:01::SCWPlatform::DSA given C:/Users/ilpes/Desktop/Antenne_e_clocks/McDMA_workspace/McDMA_bsp/hw/McDMA_v0.xsa
TRACE::2025-08-14.13:52:01::SCWPlatform::DSA absoulate path C:/Users/ilpes/Desktop/Antenne_e_clocks/McDMA_workspace/McDMA_bsp/hw/McDMA_v0.xsa
TRACE::2025-08-14.13:52:01::SCWPlatform::DSA directory C:/Users/ilpes/Desktop/Antenne_e_clocks/McDMA_workspace/McDMA_bsp/hw
TRACE::2025-08-14.13:52:01::SCWPlatform:: Platform Path C:/Users/ilpes/Desktop/Antenne_e_clocks/McDMA_workspace/McDMA_bsp/hw/McDMA_v0.xsa
TRACE::2025-08-14.13:52:01::SCWPlatform:: Unique name xilinx:cmod_a7-35t::0.0
TRACE::2025-08-14.13:52:01::SCWPlatform::Trying to set the existing hwdb with name user_35t_wrapper_0
TRACE::2025-08-14.13:52:01::SCWPlatform::Opened existing hwdb user_35t_wrapper_0
TRACE::2025-08-14.13:52:01::SCWPlatform::Found the Hw Db part of the input DSA
TRACE::2025-08-14.13:52:01::SCWDomain::checking for install qemu data   : 
TRACE::2025-08-14.13:52:01::SCWPlatform::Trying to open the hw design at C:/Users/ilpes/Desktop/Antenne_e_clocks/McDMA_workspace/McDMA_bsp/hw/McDMA_v0.xsa
TRACE::2025-08-14.13:52:01::SCWPlatform::DSA given C:/Users/ilpes/Desktop/Antenne_e_clocks/McDMA_workspace/McDMA_bsp/hw/McDMA_v0.xsa
TRACE::2025-08-14.13:52:01::SCWPlatform::DSA absoulate path C:/Users/ilpes/Desktop/Antenne_e_clocks/McDMA_workspace/McDMA_bsp/hw/McDMA_v0.xsa
TRACE::2025-08-14.13:52:01::SCWPlatform::DSA directory C:/Users/ilpes/Desktop/Antenne_e_clocks/McDMA_workspace/McDMA_bsp/hw
TRACE::2025-08-14.13:52:01::SCWPlatform:: Platform Path C:/Users/ilpes/Desktop/Antenne_e_clocks/McDMA_workspace/McDMA_bsp/hw/McDMA_v0.xsa
TRACE::2025-08-14.13:52:01::SCWPlatform:: Unique name xilinx:cmod_a7-35t::0.0
TRACE::2025-08-14.13:52:01::SCWPlatform::Trying to set the existing hwdb with name user_35t_wrapper_0
TRACE::2025-08-14.13:52:01::SCWPlatform::Opened existing hwdb user_35t_wrapper_0
TRACE::2025-08-14.13:52:01::SCWPlatform::Found the Hw Db part of the input DSA
TRACE::2025-08-14.13:52:01::SCWPlatform::Trying to open the hw design at C:/Users/ilpes/Desktop/Antenne_e_clocks/McDMA_workspace/McDMA_bsp/hw/McDMA_v0.xsa
TRACE::2025-08-14.13:52:01::SCWPlatform::DSA given C:/Users/ilpes/Desktop/Antenne_e_clocks/McDMA_workspace/McDMA_bsp/hw/McDMA_v0.xsa
TRACE::2025-08-14.13:52:01::SCWPlatform::DSA absoulate path C:/Users/ilpes/Desktop/Antenne_e_clocks/McDMA_workspace/McDMA_bsp/hw/McDMA_v0.xsa
TRACE::2025-08-14.13:52:01::SCWPlatform::DSA directory C:/Users/ilpes/Desktop/Antenne_e_clocks/McDMA_workspace/McDMA_bsp/hw
TRACE::2025-08-14.13:52:01::SCWPlatform:: Platform Path C:/Users/ilpes/Desktop/Antenne_e_clocks/McDMA_workspace/McDMA_bsp/hw/McDMA_v0.xsa
TRACE::2025-08-14.13:52:01::SCWPlatform:: Unique name xilinx:cmod_a7-35t::0.0
TRACE::2025-08-14.13:52:01::SCWPlatform::Trying to set the existing hwdb with name user_35t_wrapper_0
TRACE::2025-08-14.13:52:01::SCWPlatform::Opened existing hwdb user_35t_wrapper_0
TRACE::2025-08-14.13:52:01::SCWPlatform::Found the Hw Db part of the input DSA
TRACE::2025-08-14.13:52:01::SCWPlatform::Trying to open the hw design at C:/Users/ilpes/Desktop/Antenne_e_clocks/McDMA_workspace/McDMA_bsp/hw/McDMA_v0.xsa
TRACE::2025-08-14.13:52:01::SCWPlatform::DSA given C:/Users/ilpes/Desktop/Antenne_e_clocks/McDMA_workspace/McDMA_bsp/hw/McDMA_v0.xsa
TRACE::2025-08-14.13:52:01::SCWPlatform::DSA absoulate path C:/Users/ilpes/Desktop/Antenne_e_clocks/McDMA_workspace/McDMA_bsp/hw/McDMA_v0.xsa
TRACE::2025-08-14.13:52:01::SCWPlatform::DSA directory C:/Users/ilpes/Desktop/Antenne_e_clocks/McDMA_workspace/McDMA_bsp/hw
TRACE::2025-08-14.13:52:01::SCWPlatform:: Platform Path C:/Users/ilpes/Desktop/Antenne_e_clocks/McDMA_workspace/McDMA_bsp/hw/McDMA_v0.xsa
TRACE::2025-08-14.13:52:01::SCWPlatform:: Unique name xilinx:cmod_a7-35t::0.0
TRACE::2025-08-14.13:52:01::SCWPlatform::Trying to set the existing hwdb with name user_35t_wrapper_0
TRACE::2025-08-14.13:52:01::SCWPlatform::Opened existing hwdb user_35t_wrapper_0
TRACE::2025-08-14.13:52:01::SCWPlatform::Found the Hw Db part of the input DSA
TRACE::2025-08-14.13:52:01::SCWMssOS::Checking the sw design at  C:/Users/ilpes/Desktop/Antenne_e_clocks/McDMA_workspace/McDMA_bsp/microblaze_0/standalone_domain/bsp/system.mss
TRACE::2025-08-14.13:52:01::SCWMssOS::DEBUG:  swdes dump  
TRACE::2025-08-14.13:52:01::SCWMssOS::No sw design opened at  C:/Users/ilpes/Desktop/Antenne_e_clocks/McDMA_workspace/McDMA_bsp/microblaze_0/standalone_domain/bsp/system.mss
TRACE::2025-08-14.13:52:01::SCWMssOS::mss does not exists at C:/Users/ilpes/Desktop/Antenne_e_clocks/McDMA_workspace/McDMA_bsp/microblaze_0/standalone_domain/bsp/system.mss
TRACE::2025-08-14.13:52:01::SCWMssOS::Creating sw design at  C:/Users/ilpes/Desktop/Antenne_e_clocks/McDMA_workspace/McDMA_bsp/microblaze_0/standalone_domain/bsp/system.mss
TRACE::2025-08-14.13:52:01::SCWMssOS::Adding the swdes entry, created swdb C:/Users/ilpes/Desktop/Antenne_e_clocks/McDMA_workspace/McDMA_bsp/microblaze_0/standalone_domain/bsp/system.mss with des name C:/Users/ilpes/Desktop/Antenne_e_clocks/McDMA_workspace/McDMA_bsp/microblaze_0/standalone_domain/bsp/system.mss
TRACE::2025-08-14.13:52:01::SCWMssOS::updating the scw layer changes to swdes at   C:/Users/ilpes/Desktop/Antenne_e_clocks/McDMA_workspace/McDMA_bsp/microblaze_0/standalone_domain/bsp/system.mss
TRACE::2025-08-14.13:52:01::SCWMssOS::Writing mss at C:/Users/ilpes/Desktop/Antenne_e_clocks/McDMA_workspace/McDMA_bsp/microblaze_0/standalone_domain/bsp/system.mss
TRACE::2025-08-14.13:52:01::SCWMssOS::Completed writing the mss file at C:/Users/ilpes/Desktop/Antenne_e_clocks/McDMA_workspace/McDMA_bsp/microblaze_0/standalone_domain/bsp
TRACE::2025-08-14.13:52:01::SCWMssOS::Picking up changes from newly written mss file into SCW Layer. 
TRACE::2025-08-14.13:52:01::SCWMssOS::Updated the changes from newly written mss file into SCW Layer. 
TRACE::2025-08-14.13:52:01::SCWMssOS::Completed writing the mss file at C:/Users/ilpes/Desktop/Antenne_e_clocks/McDMA_workspace/McDMA_bsp/microblaze_0/standalone_domain/bsp
TRACE::2025-08-14.13:52:01::SCWMssOS::Forcing BSP Sources regeneration.
TRACE::2025-08-14.13:52:14::SCWMssOS::Saving the mss changes C:/Users/ilpes/Desktop/Antenne_e_clocks/McDMA_workspace/McDMA_bsp/microblaze_0/standalone_domain/bsp/system.mss
TRACE::2025-08-14.13:52:14::SCWMssOS::Found a swdesign opened with the mssfile.
TRACE::2025-08-14.13:52:14::SCWMssOS::Running validate of swdbs.
KEYINFO::2025-08-14.13:52:14::SCWMssOS::Could not open the swdb for C:/Users/ilpes/Desktop/Antenne_e_clocks/McDMA_workspace/McDMA_bsp/microblaze_0/standalone_domain/bsp/system.mss
KEYINFO::2025-08-14.13:52:14::SCWMssOS::Could not open the sw design at  C:/Users/ilpes/Desktop/Antenne_e_clocks/McDMA_workspace/McDMA_bsp/microblaze_0/standalone_domain/bsp/system.mss
ERROR: [Hsi 55-1558] Software Design C:/Users/ilpes/Desktop/Antenne_e_clocks/McDMA_workspace/McDMA_bsp/microblaze_0/standalone_domain/bsp/system.mss is not found

TRACE::2025-08-14.13:52:14::SCWMssOS::Cleared the swdb table entry
TRACE::2025-08-14.13:52:14::SCWMssOS::Adding the swdes entry, mss present, able to open swdb C:/Users/ilpes/Desktop/Antenne_e_clocks/McDMA_workspace/McDMA_bsp/microblaze_0/standalone_domain/bsp/system.mss with des name system
TRACE::2025-08-14.13:52:14::SCWMssOS::Writing the mss file completed C:/Users/ilpes/Desktop/Antenne_e_clocks/McDMA_workspace/McDMA_bsp/microblaze_0/standalone_domain/bsp/system.mss
TRACE::2025-08-14.13:52:14::SCWMssOS::Commit changes completed.
TRACE::2025-08-14.13:52:14::SCWPlatform::Trying to open the hw design at C:/Users/ilpes/Desktop/Antenne_e_clocks/McDMA_workspace/McDMA_bsp/hw/McDMA_v0.xsa
TRACE::2025-08-14.13:52:14::SCWPlatform::DSA given C:/Users/ilpes/Desktop/Antenne_e_clocks/McDMA_workspace/McDMA_bsp/hw/McDMA_v0.xsa
TRACE::2025-08-14.13:52:14::SCWPlatform::DSA absoulate path C:/Users/ilpes/Desktop/Antenne_e_clocks/McDMA_workspace/McDMA_bsp/hw/McDMA_v0.xsa
TRACE::2025-08-14.13:52:14::SCWPlatform::DSA directory C:/Users/ilpes/Desktop/Antenne_e_clocks/McDMA_workspace/McDMA_bsp/hw
TRACE::2025-08-14.13:52:14::SCWPlatform:: Platform Path C:/Users/ilpes/Desktop/Antenne_e_clocks/McDMA_workspace/McDMA_bsp/hw/McDMA_v0.xsa
TRACE::2025-08-14.13:52:14::SCWPlatform:: Unique name xilinx:cmod_a7-35t::0.0
TRACE::2025-08-14.13:52:14::SCWPlatform::Trying to set the existing hwdb with name user_35t_wrapper_0
TRACE::2025-08-14.13:52:14::SCWPlatform::Opened existing hwdb user_35t_wrapper_0
TRACE::2025-08-14.13:52:14::SCWPlatform::Found the Hw Db part of the input DSA
TRACE::2025-08-14.13:52:14::SCWMssOS::Checking the sw design at  C:/Users/ilpes/Desktop/Antenne_e_clocks/McDMA_workspace/McDMA_bsp/microblaze_0/standalone_domain/bsp/system.mss
TRACE::2025-08-14.13:52:14::SCWMssOS::DEBUG:  swdes dump  C:/Users/ilpes/Desktop/Antenne_e_clocks/McDMA_workspace/McDMA_bsp/microblaze_0/standalone_domain/bsp/system.mss|system||

TRACE::2025-08-14.13:52:14::SCWMssOS::Sw design exists and opened at  C:/Users/ilpes/Desktop/Antenne_e_clocks/McDMA_workspace/McDMA_bsp/microblaze_0/standalone_domain/bsp/system.mss
TRACE::2025-08-14.13:52:14::SCWPlatform::Trying to open the hw design at C:/Users/ilpes/Desktop/Antenne_e_clocks/McDMA_workspace/McDMA_bsp/hw/McDMA_v0.xsa
TRACE::2025-08-14.13:52:14::SCWPlatform::DSA given C:/Users/ilpes/Desktop/Antenne_e_clocks/McDMA_workspace/McDMA_bsp/hw/McDMA_v0.xsa
TRACE::2025-08-14.13:52:14::SCWPlatform::DSA absoulate path C:/Users/ilpes/Desktop/Antenne_e_clocks/McDMA_workspace/McDMA_bsp/hw/McDMA_v0.xsa
TRACE::2025-08-14.13:52:14::SCWPlatform::DSA directory C:/Users/ilpes/Desktop/Antenne_e_clocks/McDMA_workspace/McDMA_bsp/hw
TRACE::2025-08-14.13:52:14::SCWPlatform:: Platform Path C:/Users/ilpes/Desktop/Antenne_e_clocks/McDMA_workspace/McDMA_bsp/hw/McDMA_v0.xsa
TRACE::2025-08-14.13:52:14::SCWPlatform:: Unique name xilinx:cmod_a7-35t::0.0
TRACE::2025-08-14.13:52:14::SCWPlatform::Trying to set the existing hwdb with name user_35t_wrapper_0
TRACE::2025-08-14.13:52:14::SCWPlatform::Opened existing hwdb user_35t_wrapper_0
TRACE::2025-08-14.13:52:14::SCWPlatform::Found the Hw Db part of the input DSA
TRACE::2025-08-14.13:52:14::SCWMssOS::Checking the sw design at  C:/Users/ilpes/Desktop/Antenne_e_clocks/McDMA_workspace/McDMA_bsp/microblaze_0/standalone_domain/bsp/system.mss
TRACE::2025-08-14.13:52:14::SCWMssOS::DEBUG:  swdes dump  C:/Users/ilpes/Desktop/Antenne_e_clocks/McDMA_workspace/McDMA_bsp/microblaze_0/standalone_domain/bsp/system.mss|system||

TRACE::2025-08-14.13:52:14::SCWMssOS::Sw design exists and opened at  C:/Users/ilpes/Desktop/Antenne_e_clocks/McDMA_workspace/McDMA_bsp/microblaze_0/standalone_domain/bsp/system.mss
TRACE::2025-08-14.13:52:14::SCWPlatform::Trying to open the hw design at C:/Users/ilpes/Desktop/Antenne_e_clocks/McDMA_workspace/McDMA_bsp/hw/McDMA_v0.xsa
TRACE::2025-08-14.13:52:14::SCWPlatform::DSA given C:/Users/ilpes/Desktop/Antenne_e_clocks/McDMA_workspace/McDMA_bsp/hw/McDMA_v0.xsa
TRACE::2025-08-14.13:52:14::SCWPlatform::DSA absoulate path C:/Users/ilpes/Desktop/Antenne_e_clocks/McDMA_workspace/McDMA_bsp/hw/McDMA_v0.xsa
TRACE::2025-08-14.13:52:14::SCWPlatform::DSA directory C:/Users/ilpes/Desktop/Antenne_e_clocks/McDMA_workspace/McDMA_bsp/hw
TRACE::2025-08-14.13:52:14::SCWPlatform:: Platform Path C:/Users/ilpes/Desktop/Antenne_e_clocks/McDMA_workspace/McDMA_bsp/hw/McDMA_v0.xsa
TRACE::2025-08-14.13:52:14::SCWPlatform:: Unique name xilinx:cmod_a7-35t::0.0
TRACE::2025-08-14.13:52:14::SCWPlatform::Trying to set the existing hwdb with name user_35t_wrapper_0
TRACE::2025-08-14.13:52:14::SCWPlatform::Opened existing hwdb user_35t_wrapper_0
TRACE::2025-08-14.13:52:14::SCWPlatform::Found the Hw Db part of the input DSA
TRACE::2025-08-14.13:52:14::SCWMssOS::Checking the sw design at  C:/Users/ilpes/Desktop/Antenne_e_clocks/McDMA_workspace/McDMA_bsp/microblaze_0/standalone_domain/bsp/system.mss
TRACE::2025-08-14.13:52:14::SCWMssOS::DEBUG:  swdes dump  C:/Users/ilpes/Desktop/Antenne_e_clocks/McDMA_workspace/McDMA_bsp/microblaze_0/standalone_domain/bsp/system.mss|system||

TRACE::2025-08-14.13:52:14::SCWMssOS::Sw design exists and opened at  C:/Users/ilpes/Desktop/Antenne_e_clocks/McDMA_workspace/McDMA_bsp/microblaze_0/standalone_domain/bsp/system.mss
TRACE::2025-08-14.13:52:14::SCWWriter::formatted JSON is {
	"platformName":	"McDMA_bsp",
	"sprVersion":	"2.0",
	"mode":	"gui",
	"dsaType":	"Fixed",
	"platformDesc":	"McDMA_bsp",
	"platHandOff":	"C:/Users/ilpes/Desktop/INSEGNAMENTO/Didattica2023/McDMA/McDMA/McDMA_v0.xsa",
	"platIntHandOff":	"<platformDir>/hw/McDMA_v0.xsa",
	"deviceType":	"FPGA",
	"platIsPrebuiltAutogen":	"false",
	"platIsNoBootBsp":	"false",
	"hasFsblMakeHasChanges":	"false",
	"hasPmufwMakeHasChanges":	"false",
	"platPreBuiltFlag":	false,
	"platformSamplesDir":	"",
	"platActiveSys":	"McDMA_bsp",
	"systems":	[{
			"systemName":	"McDMA_bsp",
			"systemDesc":	"McDMA_bsp",
			"sysIsBootAutoGen":	"true",
			"systemDispName":	"McDMA_bsp",
			"sysActiveDom":	"standalone_domain",
			"sysDefaultDom":	"standalone_domain",
			"domains":	[{
					"domainName":	"standalone_domain",
					"domainDispName":	"standalone_domain",
					"domainDesc":	"standalone_domain",
					"processors":	"microblaze_0",
					"os":	"standalone",
					"sdxOs":	"standalone",
					"debugEnable":	"False",
					"domRuntimes":	["cpp"],
					"swRepo":	"",
					"mssOsVer":	"7.3",
					"mssFile":	"",
					"md5Digest":	"8f3aac6672cf48153379f1996b94c556",
					"compatibleApp":	"",
					"domType":	"mssDomain",
					"arch":	"32-bit",
					"appSettings":	{
						"appCompilerFlags":	"",
						"appLinkerFlags":	""
					},
					"addedLibs":	[],
					"libOptions":	{
						"libsContainingOptions":	[]
					},
					"prebuiltLibs":	{
						"prebuiltIncPath":	[],
						"prebuiltLibPath":	[]
					},
					"isolation":	{
					}
				}]
		}]
}
LOG::2025-08-14.13:52:14::SCWPlatform::Started generating the artifacts platform McDMA_bsp
TRACE::2025-08-14.13:52:14::SCWPlatform::Sanity checking of platform is completed
LOG::2025-08-14.13:52:14::SCWPlatform::Started generating the artifacts for system configuration McDMA_bsp
LOG::2025-08-14.13:52:14::SCWSystem::Checking the domain standalone_domain
LOG::2025-08-14.13:52:14::SCWSystem::Not a boot domain 
LOG::2025-08-14.13:52:14::SCWSystem::Started Processing the domain standalone_domain
TRACE::2025-08-14.13:52:14::SCWDomain::Generating domain artifcats
TRACE::2025-08-14.13:52:14::SCWMssOS::Generating standalone artifcats
TRACE::2025-08-14.13:52:14::SCWMssOS:: Copying the user libraries. 
TRACE::2025-08-14.13:52:14::SCWPlatform::Trying to open the hw design at C:/Users/ilpes/Desktop/Antenne_e_clocks/McDMA_workspace/McDMA_bsp/hw/McDMA_v0.xsa
TRACE::2025-08-14.13:52:14::SCWPlatform::DSA given C:/Users/ilpes/Desktop/Antenne_e_clocks/McDMA_workspace/McDMA_bsp/hw/McDMA_v0.xsa
TRACE::2025-08-14.13:52:14::SCWPlatform::DSA absoulate path C:/Users/ilpes/Desktop/Antenne_e_clocks/McDMA_workspace/McDMA_bsp/hw/McDMA_v0.xsa
TRACE::2025-08-14.13:52:14::SCWPlatform::DSA directory C:/Users/ilpes/Desktop/Antenne_e_clocks/McDMA_workspace/McDMA_bsp/hw
TRACE::2025-08-14.13:52:14::SCWPlatform:: Platform Path C:/Users/ilpes/Desktop/Antenne_e_clocks/McDMA_workspace/McDMA_bsp/hw/McDMA_v0.xsa
TRACE::2025-08-14.13:52:14::SCWPlatform:: Unique name xilinx:cmod_a7-35t::0.0
TRACE::2025-08-14.13:52:14::SCWPlatform::Trying to set the existing hwdb with name user_35t_wrapper_0
TRACE::2025-08-14.13:52:14::SCWPlatform::Opened existing hwdb user_35t_wrapper_0
TRACE::2025-08-14.13:52:14::SCWPlatform::Found the Hw Db part of the input DSA
TRACE::2025-08-14.13:52:14::SCWMssOS::Checking the sw design at  C:/Users/ilpes/Desktop/Antenne_e_clocks/McDMA_workspace/McDMA_bsp/microblaze_0/standalone_domain/bsp/system.mss
TRACE::2025-08-14.13:52:14::SCWMssOS::DEBUG:  swdes dump  C:/Users/ilpes/Desktop/Antenne_e_clocks/McDMA_workspace/McDMA_bsp/microblaze_0/standalone_domain/bsp/system.mss|system||

TRACE::2025-08-14.13:52:14::SCWMssOS::Sw design exists and opened at  C:/Users/ilpes/Desktop/Antenne_e_clocks/McDMA_workspace/McDMA_bsp/microblaze_0/standalone_domain/bsp/system.mss
TRACE::2025-08-14.13:52:14::SCWMssOS::Completed writing the mss file at C:/Users/ilpes/Desktop/Antenne_e_clocks/McDMA_workspace/McDMA_bsp/microblaze_0/standalone_domain/bsp
TRACE::2025-08-14.13:52:14::SCWMssOS::Mss edits present, copying mssfile into export location C:/Users/ilpes/Desktop/Antenne_e_clocks/McDMA_workspace/McDMA_bsp/microblaze_0/standalone_domain/bsp/system.mss
TRACE::2025-08-14.13:52:14::SCWMssOS::bsp generated is upto date with the mss file. Skipping bsp generation.
TRACE::2025-08-14.13:52:14::SCWMssOS::BSP is already built. skipping the bsp build ... 
TRACE::2025-08-14.13:52:14::SCWDomain::Skipping the build for domain :  standalone_domain
TRACE::2025-08-14.13:52:14::SCWMssOS::skipping the bsp build ... 
TRACE::2025-08-14.13:52:14::SCWMssOS::Copying to export directory.
TRACE::2025-08-14.13:52:14::SCWMssOS:: Checking if to create the Supporting Applications
TRACE::2025-08-14.13:52:14::SCWMssOS:: No Linux domain exists, trying to generate FSBL 
LOG::2025-08-14.13:52:14::SCWSystem::Completed Processing the domain standalone_domain
LOG::2025-08-14.13:52:14::SCWSystem::Completed Processing the sysconfig McDMA_bsp
LOG::2025-08-14.13:52:14::SCWPlatform::Completed generating the artifacts for system configuration McDMA_bsp
TRACE::2025-08-14.13:52:14::SCWPlatform::Started preparing the platform 
TRACE::2025-08-14.13:52:14::SCWSystem::Writing the bif file for system config McDMA_bsp
TRACE::2025-08-14.13:52:14::SCWSystem::dir created 
TRACE::2025-08-14.13:52:14::SCWSystem::Writing the bif 
TRACE::2025-08-14.13:52:14::SCWPlatform::Started writing the spfm file 
TRACE::2025-08-14.13:52:14::SCWPlatform::Started writing the xpfm file 
TRACE::2025-08-14.13:52:14::SCWPlatform::Completed generating the platform
TRACE::2025-08-14.13:52:14::SCWMssOS::Saving the mss changes C:/Users/ilpes/Desktop/Antenne_e_clocks/McDMA_workspace/McDMA_bsp/microblaze_0/standalone_domain/bsp/system.mss
TRACE::2025-08-14.13:52:14::SCWMssOS::Found a swdesign opened with the mssfile.
TRACE::2025-08-14.13:52:14::SCWMssOS::Completed writemss as part of save.
TRACE::2025-08-14.13:52:14::SCWMssOS::Commit changes completed.
TRACE::2025-08-14.13:52:14::SCWPlatform::Trying to open the hw design at C:/Users/ilpes/Desktop/Antenne_e_clocks/McDMA_workspace/McDMA_bsp/hw/McDMA_v0.xsa
TRACE::2025-08-14.13:52:14::SCWPlatform::DSA given C:/Users/ilpes/Desktop/Antenne_e_clocks/McDMA_workspace/McDMA_bsp/hw/McDMA_v0.xsa
TRACE::2025-08-14.13:52:14::SCWPlatform::DSA absoulate path C:/Users/ilpes/Desktop/Antenne_e_clocks/McDMA_workspace/McDMA_bsp/hw/McDMA_v0.xsa
TRACE::2025-08-14.13:52:14::SCWPlatform::DSA directory C:/Users/ilpes/Desktop/Antenne_e_clocks/McDMA_workspace/McDMA_bsp/hw
TRACE::2025-08-14.13:52:14::SCWPlatform:: Platform Path C:/Users/ilpes/Desktop/Antenne_e_clocks/McDMA_workspace/McDMA_bsp/hw/McDMA_v0.xsa
TRACE::2025-08-14.13:52:14::SCWPlatform:: Unique name xilinx:cmod_a7-35t::0.0
TRACE::2025-08-14.13:52:14::SCWPlatform::Trying to set the existing hwdb with name user_35t_wrapper_0
TRACE::2025-08-14.13:52:14::SCWPlatform::Opened existing hwdb user_35t_wrapper_0
TRACE::2025-08-14.13:52:14::SCWPlatform::Found the Hw Db part of the input DSA
TRACE::2025-08-14.13:52:14::SCWMssOS::Checking the sw design at  C:/Users/ilpes/Desktop/Antenne_e_clocks/McDMA_workspace/McDMA_bsp/microblaze_0/standalone_domain/bsp/system.mss
TRACE::2025-08-14.13:52:15::SCWMssOS::DEBUG:  swdes dump  C:/Users/ilpes/Desktop/Antenne_e_clocks/McDMA_workspace/McDMA_bsp/microblaze_0/standalone_domain/bsp/system.mss|system||

TRACE::2025-08-14.13:52:15::SCWMssOS::Sw design exists and opened at  C:/Users/ilpes/Desktop/Antenne_e_clocks/McDMA_workspace/McDMA_bsp/microblaze_0/standalone_domain/bsp/system.mss
TRACE::2025-08-14.13:52:15::SCWPlatform::Trying to open the hw design at C:/Users/ilpes/Desktop/Antenne_e_clocks/McDMA_workspace/McDMA_bsp/hw/McDMA_v0.xsa
TRACE::2025-08-14.13:52:15::SCWPlatform::DSA given C:/Users/ilpes/Desktop/Antenne_e_clocks/McDMA_workspace/McDMA_bsp/hw/McDMA_v0.xsa
TRACE::2025-08-14.13:52:15::SCWPlatform::DSA absoulate path C:/Users/ilpes/Desktop/Antenne_e_clocks/McDMA_workspace/McDMA_bsp/hw/McDMA_v0.xsa
TRACE::2025-08-14.13:52:15::SCWPlatform::DSA directory C:/Users/ilpes/Desktop/Antenne_e_clocks/McDMA_workspace/McDMA_bsp/hw
TRACE::2025-08-14.13:52:15::SCWPlatform:: Platform Path C:/Users/ilpes/Desktop/Antenne_e_clocks/McDMA_workspace/McDMA_bsp/hw/McDMA_v0.xsa
TRACE::2025-08-14.13:52:15::SCWPlatform:: Unique name xilinx:cmod_a7-35t::0.0
TRACE::2025-08-14.13:52:15::SCWPlatform::Trying to set the existing hwdb with name user_35t_wrapper_0
TRACE::2025-08-14.13:52:15::SCWPlatform::Opened existing hwdb user_35t_wrapper_0
TRACE::2025-08-14.13:52:15::SCWPlatform::Found the Hw Db part of the input DSA
TRACE::2025-08-14.13:52:15::SCWMssOS::Checking the sw design at  C:/Users/ilpes/Desktop/Antenne_e_clocks/McDMA_workspace/McDMA_bsp/microblaze_0/standalone_domain/bsp/system.mss
TRACE::2025-08-14.13:52:15::SCWMssOS::DEBUG:  swdes dump  C:/Users/ilpes/Desktop/Antenne_e_clocks/McDMA_workspace/McDMA_bsp/microblaze_0/standalone_domain/bsp/system.mss|system||

TRACE::2025-08-14.13:52:15::SCWMssOS::Sw design exists and opened at  C:/Users/ilpes/Desktop/Antenne_e_clocks/McDMA_workspace/McDMA_bsp/microblaze_0/standalone_domain/bsp/system.mss
TRACE::2025-08-14.13:52:15::SCWPlatform::Trying to open the hw design at C:/Users/ilpes/Desktop/Antenne_e_clocks/McDMA_workspace/McDMA_bsp/hw/McDMA_v0.xsa
TRACE::2025-08-14.13:52:15::SCWPlatform::DSA given C:/Users/ilpes/Desktop/Antenne_e_clocks/McDMA_workspace/McDMA_bsp/hw/McDMA_v0.xsa
TRACE::2025-08-14.13:52:15::SCWPlatform::DSA absoulate path C:/Users/ilpes/Desktop/Antenne_e_clocks/McDMA_workspace/McDMA_bsp/hw/McDMA_v0.xsa
TRACE::2025-08-14.13:52:15::SCWPlatform::DSA directory C:/Users/ilpes/Desktop/Antenne_e_clocks/McDMA_workspace/McDMA_bsp/hw
TRACE::2025-08-14.13:52:15::SCWPlatform:: Platform Path C:/Users/ilpes/Desktop/Antenne_e_clocks/McDMA_workspace/McDMA_bsp/hw/McDMA_v0.xsa
TRACE::2025-08-14.13:52:15::SCWPlatform:: Unique name xilinx:cmod_a7-35t::0.0
TRACE::2025-08-14.13:52:15::SCWPlatform::Trying to set the existing hwdb with name user_35t_wrapper_0
TRACE::2025-08-14.13:52:15::SCWPlatform::Opened existing hwdb user_35t_wrapper_0
TRACE::2025-08-14.13:52:15::SCWPlatform::Found the Hw Db part of the input DSA
TRACE::2025-08-14.13:52:15::SCWMssOS::Checking the sw design at  C:/Users/ilpes/Desktop/Antenne_e_clocks/McDMA_workspace/McDMA_bsp/microblaze_0/standalone_domain/bsp/system.mss
TRACE::2025-08-14.13:52:15::SCWMssOS::DEBUG:  swdes dump  C:/Users/ilpes/Desktop/Antenne_e_clocks/McDMA_workspace/McDMA_bsp/microblaze_0/standalone_domain/bsp/system.mss|system||

TRACE::2025-08-14.13:52:15::SCWMssOS::Sw design exists and opened at  C:/Users/ilpes/Desktop/Antenne_e_clocks/McDMA_workspace/McDMA_bsp/microblaze_0/standalone_domain/bsp/system.mss
TRACE::2025-08-14.13:52:15::SCWWriter::formatted JSON is {
	"platformName":	"McDMA_bsp",
	"sprVersion":	"2.0",
	"mode":	"gui",
	"dsaType":	"Fixed",
	"platformDesc":	"McDMA_bsp",
	"platHandOff":	"C:/Users/ilpes/Desktop/INSEGNAMENTO/Didattica2023/McDMA/McDMA/McDMA_v0.xsa",
	"platIntHandOff":	"<platformDir>/hw/McDMA_v0.xsa",
	"deviceType":	"FPGA",
	"platIsPrebuiltAutogen":	"false",
	"platIsNoBootBsp":	"false",
	"hasFsblMakeHasChanges":	"false",
	"hasPmufwMakeHasChanges":	"false",
	"platPreBuiltFlag":	false,
	"platformSamplesDir":	"",
	"platActiveSys":	"McDMA_bsp",
	"systems":	[{
			"systemName":	"McDMA_bsp",
			"systemDesc":	"McDMA_bsp",
			"sysIsBootAutoGen":	"true",
			"systemDispName":	"McDMA_bsp",
			"sysActiveDom":	"standalone_domain",
			"sysDefaultDom":	"standalone_domain",
			"domains":	[{
					"domainName":	"standalone_domain",
					"domainDispName":	"standalone_domain",
					"domainDesc":	"standalone_domain",
					"processors":	"microblaze_0",
					"os":	"standalone",
					"sdxOs":	"standalone",
					"debugEnable":	"False",
					"domRuntimes":	["cpp"],
					"swRepo":	"",
					"mssOsVer":	"7.3",
					"mssFile":	"",
					"md5Digest":	"8f3aac6672cf48153379f1996b94c556",
					"compatibleApp":	"",
					"domType":	"mssDomain",
					"arch":	"32-bit",
					"appSettings":	{
						"appCompilerFlags":	"",
						"appLinkerFlags":	""
					},
					"addedLibs":	[],
					"libOptions":	{
						"libsContainingOptions":	[]
					},
					"prebuiltLibs":	{
						"prebuiltIncPath":	[],
						"prebuiltLibPath":	[]
					},
					"isolation":	{
					}
				}]
		}]
}
KEYINFO::2025-08-14.13:52:15::SCWPlatform::updated the xpfm file.
TRACE::2025-08-14.13:52:15::SCWPlatform::Trying to open the hw design at C:/Users/ilpes/Desktop/Antenne_e_clocks/McDMA_workspace/McDMA_bsp/hw/McDMA_v0.xsa
TRACE::2025-08-14.13:52:15::SCWPlatform::DSA given C:/Users/ilpes/Desktop/Antenne_e_clocks/McDMA_workspace/McDMA_bsp/hw/McDMA_v0.xsa
TRACE::2025-08-14.13:52:15::SCWPlatform::DSA absoulate path C:/Users/ilpes/Desktop/Antenne_e_clocks/McDMA_workspace/McDMA_bsp/hw/McDMA_v0.xsa
TRACE::2025-08-14.13:52:15::SCWPlatform::DSA directory C:/Users/ilpes/Desktop/Antenne_e_clocks/McDMA_workspace/McDMA_bsp/hw
TRACE::2025-08-14.13:52:15::SCWPlatform:: Platform Path C:/Users/ilpes/Desktop/Antenne_e_clocks/McDMA_workspace/McDMA_bsp/hw/McDMA_v0.xsa
TRACE::2025-08-14.13:52:15::SCWPlatform:: Unique name xilinx:cmod_a7-35t::0.0
TRACE::2025-08-14.13:52:15::SCWPlatform::Trying to set the existing hwdb with name user_35t_wrapper_0
TRACE::2025-08-14.13:52:15::SCWPlatform::Opened existing hwdb user_35t_wrapper_0
TRACE::2025-08-14.13:52:15::SCWPlatform::Found the Hw Db part of the input DSA
TRACE::2025-08-14.13:52:15::SCWMssOS::Checking the sw design at  C:/Users/ilpes/Desktop/Antenne_e_clocks/McDMA_workspace/McDMA_bsp/microblaze_0/standalone_domain/bsp/system.mss
TRACE::2025-08-14.13:52:15::SCWMssOS::DEBUG:  swdes dump  C:/Users/ilpes/Desktop/Antenne_e_clocks/McDMA_workspace/McDMA_bsp/microblaze_0/standalone_domain/bsp/system.mss|system||

TRACE::2025-08-14.13:52:15::SCWMssOS::Sw design exists and opened at  C:/Users/ilpes/Desktop/Antenne_e_clocks/McDMA_workspace/McDMA_bsp/microblaze_0/standalone_domain/bsp/system.mss
TRACE::2025-08-14.13:52:15::SCWMssOS::Saving the mss changes C:/Users/ilpes/Desktop/Antenne_e_clocks/McDMA_workspace/McDMA_bsp/microblaze_0/standalone_domain/bsp/system.mss
TRACE::2025-08-14.13:52:15::SCWMssOS::Found a swdesign opened with the mssfile.
TRACE::2025-08-14.13:52:15::SCWMssOS::Completed writemss as part of save.
TRACE::2025-08-14.13:52:15::SCWMssOS::Commit changes completed.
TRACE::2025-08-14.13:52:15::SCWPlatform::Trying to open the hw design at C:/Users/ilpes/Desktop/Antenne_e_clocks/McDMA_workspace/McDMA_bsp/hw/McDMA_v0.xsa
TRACE::2025-08-14.13:52:15::SCWPlatform::DSA given C:/Users/ilpes/Desktop/Antenne_e_clocks/McDMA_workspace/McDMA_bsp/hw/McDMA_v0.xsa
TRACE::2025-08-14.13:52:15::SCWPlatform::DSA absoulate path C:/Users/ilpes/Desktop/Antenne_e_clocks/McDMA_workspace/McDMA_bsp/hw/McDMA_v0.xsa
TRACE::2025-08-14.13:52:15::SCWPlatform::DSA directory C:/Users/ilpes/Desktop/Antenne_e_clocks/McDMA_workspace/McDMA_bsp/hw
TRACE::2025-08-14.13:52:15::SCWPlatform:: Platform Path C:/Users/ilpes/Desktop/Antenne_e_clocks/McDMA_workspace/McDMA_bsp/hw/McDMA_v0.xsa
TRACE::2025-08-14.13:52:15::SCWPlatform:: Unique name xilinx:cmod_a7-35t::0.0
TRACE::2025-08-14.13:52:15::SCWPlatform::Trying to set the existing hwdb with name user_35t_wrapper_0
TRACE::2025-08-14.13:52:15::SCWPlatform::Opened existing hwdb user_35t_wrapper_0
TRACE::2025-08-14.13:52:15::SCWPlatform::Found the Hw Db part of the input DSA
TRACE::2025-08-14.13:52:15::SCWMssOS::Checking the sw design at  C:/Users/ilpes/Desktop/Antenne_e_clocks/McDMA_workspace/McDMA_bsp/microblaze_0/standalone_domain/bsp/system.mss
TRACE::2025-08-14.13:52:15::SCWMssOS::DEBUG:  swdes dump  C:/Users/ilpes/Desktop/Antenne_e_clocks/McDMA_workspace/McDMA_bsp/microblaze_0/standalone_domain/bsp/system.mss|system||

TRACE::2025-08-14.13:52:15::SCWMssOS::Sw design exists and opened at  C:/Users/ilpes/Desktop/Antenne_e_clocks/McDMA_workspace/McDMA_bsp/microblaze_0/standalone_domain/bsp/system.mss
TRACE::2025-08-14.13:52:15::SCWPlatform::Trying to open the hw design at C:/Users/ilpes/Desktop/Antenne_e_clocks/McDMA_workspace/McDMA_bsp/hw/McDMA_v0.xsa
TRACE::2025-08-14.13:52:15::SCWPlatform::DSA given C:/Users/ilpes/Desktop/Antenne_e_clocks/McDMA_workspace/McDMA_bsp/hw/McDMA_v0.xsa
TRACE::2025-08-14.13:52:15::SCWPlatform::DSA absoulate path C:/Users/ilpes/Desktop/Antenne_e_clocks/McDMA_workspace/McDMA_bsp/hw/McDMA_v0.xsa
TRACE::2025-08-14.13:52:15::SCWPlatform::DSA directory C:/Users/ilpes/Desktop/Antenne_e_clocks/McDMA_workspace/McDMA_bsp/hw
TRACE::2025-08-14.13:52:15::SCWPlatform:: Platform Path C:/Users/ilpes/Desktop/Antenne_e_clocks/McDMA_workspace/McDMA_bsp/hw/McDMA_v0.xsa
TRACE::2025-08-14.13:52:15::SCWPlatform:: Unique name xilinx:cmod_a7-35t::0.0
TRACE::2025-08-14.13:52:15::SCWPlatform::Trying to set the existing hwdb with name user_35t_wrapper_0
TRACE::2025-08-14.13:52:15::SCWPlatform::Opened existing hwdb user_35t_wrapper_0
TRACE::2025-08-14.13:52:15::SCWPlatform::Found the Hw Db part of the input DSA
TRACE::2025-08-14.13:52:15::SCWMssOS::Checking the sw design at  C:/Users/ilpes/Desktop/Antenne_e_clocks/McDMA_workspace/McDMA_bsp/microblaze_0/standalone_domain/bsp/system.mss
TRACE::2025-08-14.13:52:15::SCWMssOS::DEBUG:  swdes dump  C:/Users/ilpes/Desktop/Antenne_e_clocks/McDMA_workspace/McDMA_bsp/microblaze_0/standalone_domain/bsp/system.mss|system||

TRACE::2025-08-14.13:52:15::SCWMssOS::Sw design exists and opened at  C:/Users/ilpes/Desktop/Antenne_e_clocks/McDMA_workspace/McDMA_bsp/microblaze_0/standalone_domain/bsp/system.mss
TRACE::2025-08-14.13:52:15::SCWPlatform::Trying to open the hw design at C:/Users/ilpes/Desktop/Antenne_e_clocks/McDMA_workspace/McDMA_bsp/hw/McDMA_v0.xsa
TRACE::2025-08-14.13:52:15::SCWPlatform::DSA given C:/Users/ilpes/Desktop/Antenne_e_clocks/McDMA_workspace/McDMA_bsp/hw/McDMA_v0.xsa
TRACE::2025-08-14.13:52:15::SCWPlatform::DSA absoulate path C:/Users/ilpes/Desktop/Antenne_e_clocks/McDMA_workspace/McDMA_bsp/hw/McDMA_v0.xsa
TRACE::2025-08-14.13:52:15::SCWPlatform::DSA directory C:/Users/ilpes/Desktop/Antenne_e_clocks/McDMA_workspace/McDMA_bsp/hw
TRACE::2025-08-14.13:52:15::SCWPlatform:: Platform Path C:/Users/ilpes/Desktop/Antenne_e_clocks/McDMA_workspace/McDMA_bsp/hw/McDMA_v0.xsa
TRACE::2025-08-14.13:52:15::SCWPlatform:: Unique name xilinx:cmod_a7-35t::0.0
TRACE::2025-08-14.13:52:15::SCWPlatform::Trying to set the existing hwdb with name user_35t_wrapper_0
TRACE::2025-08-14.13:52:15::SCWPlatform::Opened existing hwdb user_35t_wrapper_0
TRACE::2025-08-14.13:52:15::SCWPlatform::Found the Hw Db part of the input DSA
TRACE::2025-08-14.13:52:15::SCWMssOS::Checking the sw design at  C:/Users/ilpes/Desktop/Antenne_e_clocks/McDMA_workspace/McDMA_bsp/microblaze_0/standalone_domain/bsp/system.mss
TRACE::2025-08-14.13:52:15::SCWMssOS::DEBUG:  swdes dump  C:/Users/ilpes/Desktop/Antenne_e_clocks/McDMA_workspace/McDMA_bsp/microblaze_0/standalone_domain/bsp/system.mss|system||

TRACE::2025-08-14.13:52:15::SCWMssOS::Sw design exists and opened at  C:/Users/ilpes/Desktop/Antenne_e_clocks/McDMA_workspace/McDMA_bsp/microblaze_0/standalone_domain/bsp/system.mss
TRACE::2025-08-14.13:52:15::SCWWriter::formatted JSON is {
	"platformName":	"McDMA_bsp",
	"sprVersion":	"2.0",
	"mode":	"gui",
	"dsaType":	"Fixed",
	"platformDesc":	"McDMA_bsp",
	"platHandOff":	"C:/Users/ilpes/Desktop/INSEGNAMENTO/Didattica2023/McDMA/McDMA/McDMA_v0.xsa",
	"platIntHandOff":	"<platformDir>/hw/McDMA_v0.xsa",
	"deviceType":	"FPGA",
	"platIsPrebuiltAutogen":	"false",
	"platIsNoBootBsp":	"false",
	"hasFsblMakeHasChanges":	"false",
	"hasPmufwMakeHasChanges":	"false",
	"platPreBuiltFlag":	false,
	"platformSamplesDir":	"",
	"platActiveSys":	"McDMA_bsp",
	"systems":	[{
			"systemName":	"McDMA_bsp",
			"systemDesc":	"McDMA_bsp",
			"sysIsBootAutoGen":	"true",
			"systemDispName":	"McDMA_bsp",
			"sysActiveDom":	"standalone_domain",
			"sysDefaultDom":	"standalone_domain",
			"domains":	[{
					"domainName":	"standalone_domain",
					"domainDispName":	"standalone_domain",
					"domainDesc":	"standalone_domain",
					"processors":	"microblaze_0",
					"os":	"standalone",
					"sdxOs":	"standalone",
					"debugEnable":	"False",
					"domRuntimes":	["cpp"],
					"swRepo":	"",
					"mssOsVer":	"7.3",
					"mssFile":	"",
					"md5Digest":	"8f3aac6672cf48153379f1996b94c556",
					"compatibleApp":	"",
					"domType":	"mssDomain",
					"arch":	"32-bit",
					"appSettings":	{
						"appCompilerFlags":	"",
						"appLinkerFlags":	""
					},
					"addedLibs":	[],
					"libOptions":	{
						"libsContainingOptions":	[]
					},
					"prebuiltLibs":	{
						"prebuiltIncPath":	[],
						"prebuiltLibPath":	[]
					},
					"isolation":	{
					}
				}]
		}]
}
TRACE::2025-08-14.13:52:15::SCWPlatform::Trying to open the hw design at C:/Users/ilpes/Desktop/Antenne_e_clocks/McDMA_workspace/McDMA_bsp/hw/McDMA_v0.xsa
TRACE::2025-08-14.13:52:15::SCWPlatform::DSA given C:/Users/ilpes/Desktop/Antenne_e_clocks/McDMA_workspace/McDMA_bsp/hw/McDMA_v0.xsa
TRACE::2025-08-14.13:52:15::SCWPlatform::DSA absoulate path C:/Users/ilpes/Desktop/Antenne_e_clocks/McDMA_workspace/McDMA_bsp/hw/McDMA_v0.xsa
TRACE::2025-08-14.13:52:15::SCWPlatform::DSA directory C:/Users/ilpes/Desktop/Antenne_e_clocks/McDMA_workspace/McDMA_bsp/hw
TRACE::2025-08-14.13:52:15::SCWPlatform:: Platform Path C:/Users/ilpes/Desktop/Antenne_e_clocks/McDMA_workspace/McDMA_bsp/hw/McDMA_v0.xsa
TRACE::2025-08-14.13:52:15::SCWPlatform:: Unique name xilinx:cmod_a7-35t::0.0
TRACE::2025-08-14.13:52:15::SCWPlatform::Trying to set the existing hwdb with name user_35t_wrapper_0
TRACE::2025-08-14.13:52:15::SCWPlatform::Opened existing hwdb user_35t_wrapper_0
TRACE::2025-08-14.13:52:15::SCWPlatform::Found the Hw Db part of the input DSA
TRACE::2025-08-14.13:52:15::SCWMssOS::Checking the sw design at  C:/Users/ilpes/Desktop/Antenne_e_clocks/McDMA_workspace/McDMA_bsp/microblaze_0/standalone_domain/bsp/system.mss
TRACE::2025-08-14.13:52:15::SCWMssOS::DEBUG:  swdes dump  C:/Users/ilpes/Desktop/Antenne_e_clocks/McDMA_workspace/McDMA_bsp/microblaze_0/standalone_domain/bsp/system.mss|system||

TRACE::2025-08-14.13:52:15::SCWMssOS::Sw design exists and opened at  C:/Users/ilpes/Desktop/Antenne_e_clocks/McDMA_workspace/McDMA_bsp/microblaze_0/standalone_domain/bsp/system.mss
TRACE::2025-08-14.13:52:15::SCWPlatform::Trying to open the hw design at C:/Users/ilpes/Desktop/Antenne_e_clocks/McDMA_workspace/McDMA_bsp/hw/McDMA_v0.xsa
TRACE::2025-08-14.13:52:15::SCWPlatform::DSA given C:/Users/ilpes/Desktop/Antenne_e_clocks/McDMA_workspace/McDMA_bsp/hw/McDMA_v0.xsa
TRACE::2025-08-14.13:52:15::SCWPlatform::DSA absoulate path C:/Users/ilpes/Desktop/Antenne_e_clocks/McDMA_workspace/McDMA_bsp/hw/McDMA_v0.xsa
TRACE::2025-08-14.13:52:15::SCWPlatform::DSA directory C:/Users/ilpes/Desktop/Antenne_e_clocks/McDMA_workspace/McDMA_bsp/hw
TRACE::2025-08-14.13:52:15::SCWPlatform:: Platform Path C:/Users/ilpes/Desktop/Antenne_e_clocks/McDMA_workspace/McDMA_bsp/hw/McDMA_v0.xsa
TRACE::2025-08-14.13:52:15::SCWPlatform:: Unique name xilinx:cmod_a7-35t::0.0
TRACE::2025-08-14.13:52:15::SCWPlatform::Trying to set the existing hwdb with name user_35t_wrapper_0
TRACE::2025-08-14.13:52:15::SCWPlatform::Opened existing hwdb user_35t_wrapper_0
TRACE::2025-08-14.13:52:15::SCWPlatform::Found the Hw Db part of the input DSA
TRACE::2025-08-14.13:52:15::SCWMssOS::Checking the sw design at  C:/Users/ilpes/Desktop/Antenne_e_clocks/McDMA_workspace/McDMA_bsp/microblaze_0/standalone_domain/bsp/system.mss
TRACE::2025-08-14.13:52:15::SCWMssOS::DEBUG:  swdes dump  C:/Users/ilpes/Desktop/Antenne_e_clocks/McDMA_workspace/McDMA_bsp/microblaze_0/standalone_domain/bsp/system.mss|system||

TRACE::2025-08-14.13:52:15::SCWMssOS::Sw design exists and opened at  C:/Users/ilpes/Desktop/Antenne_e_clocks/McDMA_workspace/McDMA_bsp/microblaze_0/standalone_domain/bsp/system.mss
TRACE::2025-08-14.13:52:15::SCWPlatform::Trying to open the hw design at C:/Users/ilpes/Desktop/Antenne_e_clocks/McDMA_workspace/McDMA_bsp/hw/McDMA_v0.xsa
TRACE::2025-08-14.13:52:15::SCWPlatform::DSA given C:/Users/ilpes/Desktop/Antenne_e_clocks/McDMA_workspace/McDMA_bsp/hw/McDMA_v0.xsa
TRACE::2025-08-14.13:52:15::SCWPlatform::DSA absoulate path C:/Users/ilpes/Desktop/Antenne_e_clocks/McDMA_workspace/McDMA_bsp/hw/McDMA_v0.xsa
TRACE::2025-08-14.13:52:15::SCWPlatform::DSA directory C:/Users/ilpes/Desktop/Antenne_e_clocks/McDMA_workspace/McDMA_bsp/hw
TRACE::2025-08-14.13:52:15::SCWPlatform:: Platform Path C:/Users/ilpes/Desktop/Antenne_e_clocks/McDMA_workspace/McDMA_bsp/hw/McDMA_v0.xsa
TRACE::2025-08-14.13:52:15::SCWPlatform:: Unique name xilinx:cmod_a7-35t::0.0
TRACE::2025-08-14.13:52:15::SCWPlatform::Trying to set the existing hwdb with name user_35t_wrapper_0
TRACE::2025-08-14.13:52:15::SCWPlatform::Opened existing hwdb user_35t_wrapper_0
TRACE::2025-08-14.13:52:15::SCWPlatform::Found the Hw Db part of the input DSA
TRACE::2025-08-14.13:52:15::SCWMssOS::Checking the sw design at  C:/Users/ilpes/Desktop/Antenne_e_clocks/McDMA_workspace/McDMA_bsp/microblaze_0/standalone_domain/bsp/system.mss
TRACE::2025-08-14.13:52:15::SCWMssOS::DEBUG:  swdes dump  C:/Users/ilpes/Desktop/Antenne_e_clocks/McDMA_workspace/McDMA_bsp/microblaze_0/standalone_domain/bsp/system.mss|system||

TRACE::2025-08-14.13:52:15::SCWMssOS::Sw design exists and opened at  C:/Users/ilpes/Desktop/Antenne_e_clocks/McDMA_workspace/McDMA_bsp/microblaze_0/standalone_domain/bsp/system.mss
TRACE::2025-08-14.13:52:15::SCWMssOS::Saving the mss changes C:/Users/ilpes/Desktop/Antenne_e_clocks/McDMA_workspace/McDMA_bsp/microblaze_0/standalone_domain/bsp/system.mss
TRACE::2025-08-14.13:52:15::SCWMssOS::Found a swdesign opened with the mssfile.
TRACE::2025-08-14.13:52:15::SCWMssOS::Completed writemss as part of save.
TRACE::2025-08-14.13:52:15::SCWMssOS::Commit changes completed.
TRACE::2025-08-14.13:52:15::SCWPlatform::Trying to open the hw design at C:/Users/ilpes/Desktop/Antenne_e_clocks/McDMA_workspace/McDMA_bsp/hw/McDMA_v0.xsa
TRACE::2025-08-14.13:52:15::SCWPlatform::DSA given C:/Users/ilpes/Desktop/Antenne_e_clocks/McDMA_workspace/McDMA_bsp/hw/McDMA_v0.xsa
TRACE::2025-08-14.13:52:15::SCWPlatform::DSA absoulate path C:/Users/ilpes/Desktop/Antenne_e_clocks/McDMA_workspace/McDMA_bsp/hw/McDMA_v0.xsa
TRACE::2025-08-14.13:52:15::SCWPlatform::DSA directory C:/Users/ilpes/Desktop/Antenne_e_clocks/McDMA_workspace/McDMA_bsp/hw
TRACE::2025-08-14.13:52:15::SCWPlatform:: Platform Path C:/Users/ilpes/Desktop/Antenne_e_clocks/McDMA_workspace/McDMA_bsp/hw/McDMA_v0.xsa
TRACE::2025-08-14.13:52:15::SCWPlatform:: Unique name xilinx:cmod_a7-35t::0.0
TRACE::2025-08-14.13:52:15::SCWPlatform::Trying to set the existing hwdb with name user_35t_wrapper_0
TRACE::2025-08-14.13:52:15::SCWPlatform::Opened existing hwdb user_35t_wrapper_0
TRACE::2025-08-14.13:52:15::SCWPlatform::Found the Hw Db part of the input DSA
TRACE::2025-08-14.13:52:15::SCWMssOS::Checking the sw design at  C:/Users/ilpes/Desktop/Antenne_e_clocks/McDMA_workspace/McDMA_bsp/microblaze_0/standalone_domain/bsp/system.mss
TRACE::2025-08-14.13:52:15::SCWMssOS::DEBUG:  swdes dump  C:/Users/ilpes/Desktop/Antenne_e_clocks/McDMA_workspace/McDMA_bsp/microblaze_0/standalone_domain/bsp/system.mss|system||

TRACE::2025-08-14.13:52:15::SCWMssOS::Sw design exists and opened at  C:/Users/ilpes/Desktop/Antenne_e_clocks/McDMA_workspace/McDMA_bsp/microblaze_0/standalone_domain/bsp/system.mss
TRACE::2025-08-14.13:52:15::SCWPlatform::Trying to open the hw design at C:/Users/ilpes/Desktop/Antenne_e_clocks/McDMA_workspace/McDMA_bsp/hw/McDMA_v0.xsa
TRACE::2025-08-14.13:52:15::SCWPlatform::DSA given C:/Users/ilpes/Desktop/Antenne_e_clocks/McDMA_workspace/McDMA_bsp/hw/McDMA_v0.xsa
TRACE::2025-08-14.13:52:15::SCWPlatform::DSA absoulate path C:/Users/ilpes/Desktop/Antenne_e_clocks/McDMA_workspace/McDMA_bsp/hw/McDMA_v0.xsa
TRACE::2025-08-14.13:52:15::SCWPlatform::DSA directory C:/Users/ilpes/Desktop/Antenne_e_clocks/McDMA_workspace/McDMA_bsp/hw
TRACE::2025-08-14.13:52:15::SCWPlatform:: Platform Path C:/Users/ilpes/Desktop/Antenne_e_clocks/McDMA_workspace/McDMA_bsp/hw/McDMA_v0.xsa
TRACE::2025-08-14.13:52:15::SCWPlatform:: Unique name xilinx:cmod_a7-35t::0.0
TRACE::2025-08-14.13:52:15::SCWPlatform::Trying to set the existing hwdb with name user_35t_wrapper_0
TRACE::2025-08-14.13:52:15::SCWPlatform::Opened existing hwdb user_35t_wrapper_0
TRACE::2025-08-14.13:52:15::SCWPlatform::Found the Hw Db part of the input DSA
TRACE::2025-08-14.13:52:15::SCWMssOS::Checking the sw design at  C:/Users/ilpes/Desktop/Antenne_e_clocks/McDMA_workspace/McDMA_bsp/microblaze_0/standalone_domain/bsp/system.mss
TRACE::2025-08-14.13:52:15::SCWMssOS::DEBUG:  swdes dump  C:/Users/ilpes/Desktop/Antenne_e_clocks/McDMA_workspace/McDMA_bsp/microblaze_0/standalone_domain/bsp/system.mss|system||

TRACE::2025-08-14.13:52:15::SCWMssOS::Sw design exists and opened at  C:/Users/ilpes/Desktop/Antenne_e_clocks/McDMA_workspace/McDMA_bsp/microblaze_0/standalone_domain/bsp/system.mss
TRACE::2025-08-14.13:52:15::SCWPlatform::Trying to open the hw design at C:/Users/ilpes/Desktop/Antenne_e_clocks/McDMA_workspace/McDMA_bsp/hw/McDMA_v0.xsa
TRACE::2025-08-14.13:52:15::SCWPlatform::DSA given C:/Users/ilpes/Desktop/Antenne_e_clocks/McDMA_workspace/McDMA_bsp/hw/McDMA_v0.xsa
TRACE::2025-08-14.13:52:15::SCWPlatform::DSA absoulate path C:/Users/ilpes/Desktop/Antenne_e_clocks/McDMA_workspace/McDMA_bsp/hw/McDMA_v0.xsa
TRACE::2025-08-14.13:52:15::SCWPlatform::DSA directory C:/Users/ilpes/Desktop/Antenne_e_clocks/McDMA_workspace/McDMA_bsp/hw
TRACE::2025-08-14.13:52:15::SCWPlatform:: Platform Path C:/Users/ilpes/Desktop/Antenne_e_clocks/McDMA_workspace/McDMA_bsp/hw/McDMA_v0.xsa
TRACE::2025-08-14.13:52:15::SCWPlatform:: Unique name xilinx:cmod_a7-35t::0.0
TRACE::2025-08-14.13:52:15::SCWPlatform::Trying to set the existing hwdb with name user_35t_wrapper_0
TRACE::2025-08-14.13:52:15::SCWPlatform::Opened existing hwdb user_35t_wrapper_0
TRACE::2025-08-14.13:52:15::SCWPlatform::Found the Hw Db part of the input DSA
TRACE::2025-08-14.13:52:15::SCWMssOS::Checking the sw design at  C:/Users/ilpes/Desktop/Antenne_e_clocks/McDMA_workspace/McDMA_bsp/microblaze_0/standalone_domain/bsp/system.mss
TRACE::2025-08-14.13:52:15::SCWMssOS::DEBUG:  swdes dump  C:/Users/ilpes/Desktop/Antenne_e_clocks/McDMA_workspace/McDMA_bsp/microblaze_0/standalone_domain/bsp/system.mss|system||

TRACE::2025-08-14.13:52:15::SCWMssOS::Sw design exists and opened at  C:/Users/ilpes/Desktop/Antenne_e_clocks/McDMA_workspace/McDMA_bsp/microblaze_0/standalone_domain/bsp/system.mss
TRACE::2025-08-14.13:52:15::SCWWriter::formatted JSON is {
	"platformName":	"McDMA_bsp",
	"sprVersion":	"2.0",
	"mode":	"gui",
	"dsaType":	"Fixed",
	"platformDesc":	"McDMA_bsp",
	"platHandOff":	"C:/Users/ilpes/Desktop/INSEGNAMENTO/Didattica2023/McDMA/McDMA/McDMA_v0.xsa",
	"platIntHandOff":	"<platformDir>/hw/McDMA_v0.xsa",
	"deviceType":	"FPGA",
	"platIsPrebuiltAutogen":	"false",
	"platIsNoBootBsp":	"false",
	"hasFsblMakeHasChanges":	"false",
	"hasPmufwMakeHasChanges":	"false",
	"platPreBuiltFlag":	false,
	"platformSamplesDir":	"",
	"platActiveSys":	"McDMA_bsp",
	"systems":	[{
			"systemName":	"McDMA_bsp",
			"systemDesc":	"McDMA_bsp",
			"sysIsBootAutoGen":	"true",
			"systemDispName":	"McDMA_bsp",
			"sysActiveDom":	"standalone_domain",
			"sysDefaultDom":	"standalone_domain",
			"domains":	[{
					"domainName":	"standalone_domain",
					"domainDispName":	"standalone on microblaze_0",
					"domainDesc":	"standalone_domain",
					"processors":	"microblaze_0",
					"os":	"standalone",
					"sdxOs":	"standalone",
					"debugEnable":	"False",
					"domRuntimes":	["cpp"],
					"swRepo":	"",
					"mssOsVer":	"7.3",
					"mssFile":	"",
					"md5Digest":	"8f3aac6672cf48153379f1996b94c556",
					"compatibleApp":	"",
					"domType":	"mssDomain",
					"arch":	"32-bit",
					"appSettings":	{
						"appCompilerFlags":	"",
						"appLinkerFlags":	""
					},
					"addedLibs":	[],
					"libOptions":	{
						"libsContainingOptions":	[]
					},
					"prebuiltLibs":	{
						"prebuiltIncPath":	[],
						"prebuiltLibPath":	[]
					},
					"isolation":	{
					}
				}]
		}]
}
TRACE::2025-08-14.13:52:15::SCWMssOS::Saving the mss changes C:/Users/ilpes/Desktop/Antenne_e_clocks/McDMA_workspace/McDMA_bsp/microblaze_0/standalone_domain/bsp/system.mss
TRACE::2025-08-14.13:52:15::SCWMssOS::Found a swdesign opened with the mssfile.
TRACE::2025-08-14.13:52:15::SCWMssOS::Completed writemss as part of save.
TRACE::2025-08-14.13:52:15::SCWMssOS::Commit changes completed.
TRACE::2025-08-14.13:52:15::SCWPlatform::Trying to open the hw design at C:/Users/ilpes/Desktop/Antenne_e_clocks/McDMA_workspace/McDMA_bsp/hw/McDMA_v0.xsa
TRACE::2025-08-14.13:52:15::SCWPlatform::DSA given C:/Users/ilpes/Desktop/Antenne_e_clocks/McDMA_workspace/McDMA_bsp/hw/McDMA_v0.xsa
TRACE::2025-08-14.13:52:15::SCWPlatform::DSA absoulate path C:/Users/ilpes/Desktop/Antenne_e_clocks/McDMA_workspace/McDMA_bsp/hw/McDMA_v0.xsa
TRACE::2025-08-14.13:52:15::SCWPlatform::DSA directory C:/Users/ilpes/Desktop/Antenne_e_clocks/McDMA_workspace/McDMA_bsp/hw
TRACE::2025-08-14.13:52:16::SCWPlatform:: Platform Path C:/Users/ilpes/Desktop/Antenne_e_clocks/McDMA_workspace/McDMA_bsp/hw/McDMA_v0.xsa
TRACE::2025-08-14.13:52:16::SCWPlatform:: Unique name xilinx:cmod_a7-35t::0.0
TRACE::2025-08-14.13:52:16::SCWPlatform::Trying to set the existing hwdb with name user_35t_wrapper_0
TRACE::2025-08-14.13:52:16::SCWPlatform::Opened existing hwdb user_35t_wrapper_0
TRACE::2025-08-14.13:52:16::SCWPlatform::Found the Hw Db part of the input DSA
TRACE::2025-08-14.13:52:16::SCWMssOS::Checking the sw design at  C:/Users/ilpes/Desktop/Antenne_e_clocks/McDMA_workspace/McDMA_bsp/microblaze_0/standalone_domain/bsp/system.mss
TRACE::2025-08-14.13:52:16::SCWMssOS::DEBUG:  swdes dump  C:/Users/ilpes/Desktop/Antenne_e_clocks/McDMA_workspace/McDMA_bsp/microblaze_0/standalone_domain/bsp/system.mss|system||

TRACE::2025-08-14.13:52:16::SCWMssOS::Sw design exists and opened at  C:/Users/ilpes/Desktop/Antenne_e_clocks/McDMA_workspace/McDMA_bsp/microblaze_0/standalone_domain/bsp/system.mss
TRACE::2025-08-14.13:52:16::SCWPlatform::Trying to open the hw design at C:/Users/ilpes/Desktop/Antenne_e_clocks/McDMA_workspace/McDMA_bsp/hw/McDMA_v0.xsa
TRACE::2025-08-14.13:52:16::SCWPlatform::DSA given C:/Users/ilpes/Desktop/Antenne_e_clocks/McDMA_workspace/McDMA_bsp/hw/McDMA_v0.xsa
TRACE::2025-08-14.13:52:16::SCWPlatform::DSA absoulate path C:/Users/ilpes/Desktop/Antenne_e_clocks/McDMA_workspace/McDMA_bsp/hw/McDMA_v0.xsa
TRACE::2025-08-14.13:52:16::SCWPlatform::DSA directory C:/Users/ilpes/Desktop/Antenne_e_clocks/McDMA_workspace/McDMA_bsp/hw
TRACE::2025-08-14.13:52:16::SCWPlatform:: Platform Path C:/Users/ilpes/Desktop/Antenne_e_clocks/McDMA_workspace/McDMA_bsp/hw/McDMA_v0.xsa
TRACE::2025-08-14.13:52:16::SCWPlatform:: Unique name xilinx:cmod_a7-35t::0.0
TRACE::2025-08-14.13:52:16::SCWPlatform::Trying to set the existing hwdb with name user_35t_wrapper_0
TRACE::2025-08-14.13:52:16::SCWPlatform::Opened existing hwdb user_35t_wrapper_0
TRACE::2025-08-14.13:52:16::SCWPlatform::Found the Hw Db part of the input DSA
TRACE::2025-08-14.13:52:16::SCWMssOS::Checking the sw design at  C:/Users/ilpes/Desktop/Antenne_e_clocks/McDMA_workspace/McDMA_bsp/microblaze_0/standalone_domain/bsp/system.mss
TRACE::2025-08-14.13:52:16::SCWMssOS::DEBUG:  swdes dump  C:/Users/ilpes/Desktop/Antenne_e_clocks/McDMA_workspace/McDMA_bsp/microblaze_0/standalone_domain/bsp/system.mss|system||

TRACE::2025-08-14.13:52:16::SCWMssOS::Sw design exists and opened at  C:/Users/ilpes/Desktop/Antenne_e_clocks/McDMA_workspace/McDMA_bsp/microblaze_0/standalone_domain/bsp/system.mss
TRACE::2025-08-14.13:52:16::SCWPlatform::Trying to open the hw design at C:/Users/ilpes/Desktop/Antenne_e_clocks/McDMA_workspace/McDMA_bsp/hw/McDMA_v0.xsa
TRACE::2025-08-14.13:52:16::SCWPlatform::DSA given C:/Users/ilpes/Desktop/Antenne_e_clocks/McDMA_workspace/McDMA_bsp/hw/McDMA_v0.xsa
TRACE::2025-08-14.13:52:16::SCWPlatform::DSA absoulate path C:/Users/ilpes/Desktop/Antenne_e_clocks/McDMA_workspace/McDMA_bsp/hw/McDMA_v0.xsa
TRACE::2025-08-14.13:52:16::SCWPlatform::DSA directory C:/Users/ilpes/Desktop/Antenne_e_clocks/McDMA_workspace/McDMA_bsp/hw
TRACE::2025-08-14.13:52:16::SCWPlatform:: Platform Path C:/Users/ilpes/Desktop/Antenne_e_clocks/McDMA_workspace/McDMA_bsp/hw/McDMA_v0.xsa
TRACE::2025-08-14.13:52:16::SCWPlatform:: Unique name xilinx:cmod_a7-35t::0.0
TRACE::2025-08-14.13:52:16::SCWPlatform::Trying to set the existing hwdb with name user_35t_wrapper_0
TRACE::2025-08-14.13:52:16::SCWPlatform::Opened existing hwdb user_35t_wrapper_0
TRACE::2025-08-14.13:52:16::SCWPlatform::Found the Hw Db part of the input DSA
TRACE::2025-08-14.13:52:16::SCWMssOS::Checking the sw design at  C:/Users/ilpes/Desktop/Antenne_e_clocks/McDMA_workspace/McDMA_bsp/microblaze_0/standalone_domain/bsp/system.mss
TRACE::2025-08-14.13:52:16::SCWMssOS::DEBUG:  swdes dump  C:/Users/ilpes/Desktop/Antenne_e_clocks/McDMA_workspace/McDMA_bsp/microblaze_0/standalone_domain/bsp/system.mss|system||

TRACE::2025-08-14.13:52:16::SCWMssOS::Sw design exists and opened at  C:/Users/ilpes/Desktop/Antenne_e_clocks/McDMA_workspace/McDMA_bsp/microblaze_0/standalone_domain/bsp/system.mss
TRACE::2025-08-14.13:52:16::SCWWriter::formatted JSON is {
	"platformName":	"McDMA_bsp",
	"sprVersion":	"2.0",
	"mode":	"gui",
	"dsaType":	"Fixed",
	"platformDesc":	"McDMA_bsp",
	"platHandOff":	"C:/Users/ilpes/Desktop/INSEGNAMENTO/Didattica2023/McDMA/McDMA/McDMA_v0.xsa",
	"platIntHandOff":	"<platformDir>/hw/McDMA_v0.xsa",
	"deviceType":	"FPGA",
	"platIsPrebuiltAutogen":	"false",
	"platIsNoBootBsp":	"false",
	"hasFsblMakeHasChanges":	"false",
	"hasPmufwMakeHasChanges":	"false",
	"platPreBuiltFlag":	false,
	"platformSamplesDir":	"",
	"platActiveSys":	"McDMA_bsp",
	"systems":	[{
			"systemName":	"McDMA_bsp",
			"systemDesc":	"McDMA_bsp",
			"sysIsBootAutoGen":	"true",
			"systemDispName":	"McDMA_bsp",
			"sysActiveDom":	"standalone_domain",
			"sysDefaultDom":	"standalone_domain",
			"domains":	[{
					"domainName":	"standalone_domain",
					"domainDispName":	"standalone on microblaze_0",
					"domainDesc":	"standalone_domain",
					"processors":	"microblaze_0",
					"os":	"standalone",
					"sdxOs":	"standalone",
					"debugEnable":	"False",
					"domRuntimes":	["cpp"],
					"swRepo":	"",
					"mssOsVer":	"7.3",
					"mssFile":	"",
					"md5Digest":	"8f3aac6672cf48153379f1996b94c556",
					"compatibleApp":	"",
					"domType":	"mssDomain",
					"arch":	"32-bit",
					"appSettings":	{
						"appCompilerFlags":	"",
						"appLinkerFlags":	""
					},
					"addedLibs":	[],
					"libOptions":	{
						"libsContainingOptions":	[]
					},
					"prebuiltLibs":	{
						"prebuiltIncPath":	[],
						"prebuiltLibPath":	[]
					},
					"isolation":	{
					}
				}]
		}]
}
TRACE::2025-08-14.13:52:17::SCWPlatform::Clearing the existing platform
TRACE::2025-08-14.13:52:17::SCWSystem::Clearing the existing sysconfig
TRACE::2025-08-14.13:52:17::SCWMssOS::Removing the swdes entry for  C:/Users/ilpes/Desktop/Antenne_e_clocks/McDMA_workspace/McDMA_bsp/microblaze_0/standalone_domain/bsp/system.mss
TRACE::2025-08-14.13:52:17::SCWSystem::Clearing the domains completed.
TRACE::2025-08-14.13:52:17::SCWPlatform::Clearing the opened hw db.
TRACE::2025-08-14.13:52:17::SCWPlatform::DSA given C:/Users/ilpes/Desktop/Antenne_e_clocks/McDMA_workspace/McDMA_bsp/hw/McDMA_v0.xsa
TRACE::2025-08-14.13:52:17::SCWPlatform::DSA absoulate path C:/Users/ilpes/Desktop/Antenne_e_clocks/McDMA_workspace/McDMA_bsp/hw/McDMA_v0.xsa
TRACE::2025-08-14.13:52:17::SCWPlatform:: Platform location is C:/Users/ilpes/Desktop/Antenne_e_clocks/McDMA_workspace/McDMA_bsp/hw
TRACE::2025-08-14.13:52:17::SCWPlatform:: Platform Path C:/Users/ilpes/Desktop/Antenne_e_clocks/McDMA_workspace/McDMA_bsp/hw/McDMA_v0.xsa
TRACE::2025-08-14.13:52:17::SCWPlatform:: Unique name xilinx:cmod_a7-35t::0.0
TRACE::2025-08-14.13:52:17::SCWPlatform::Removing the HwDB with name C:/Users/ilpes/Desktop/Antenne_e_clocks/McDMA_workspace/McDMA_bsp/hw/McDMA_v0.xsa
TRACE::2025-08-14.13:52:17::SCWPlatform::Trying to open the hw design at C:/Users/ilpes/Desktop/Antenne_e_clocks/McDMA_workspace/McDMA_bsp/hw/McDMA_v0.xsa
TRACE::2025-08-14.13:52:17::SCWPlatform::DSA given C:/Users/ilpes/Desktop/Antenne_e_clocks/McDMA_workspace/McDMA_bsp/hw/McDMA_v0.xsa
TRACE::2025-08-14.13:52:17::SCWPlatform::DSA absoulate path C:/Users/ilpes/Desktop/Antenne_e_clocks/McDMA_workspace/McDMA_bsp/hw/McDMA_v0.xsa
TRACE::2025-08-14.13:52:17::SCWPlatform::DSA directory C:/Users/ilpes/Desktop/Antenne_e_clocks/McDMA_workspace/McDMA_bsp/hw
TRACE::2025-08-14.13:52:17::SCWPlatform:: Platform Path C:/Users/ilpes/Desktop/Antenne_e_clocks/McDMA_workspace/McDMA_bsp/hw/McDMA_v0.xsa
TRACE::2025-08-14.13:52:17::SCWPlatform:: Unique name xilinx:cmod_a7-35t::0.0
TRACE::2025-08-14.13:52:17::SCWPlatform::Do not have an existing db opened. 
TRACE::2025-08-14.13:52:19::SCWPlatform::Opened new HwDB with name user_35t_wrapper_1
TRACE::2025-08-14.13:52:19::SCWReader::Active system found as  McDMA_bsp
TRACE::2025-08-14.13:52:19::SCWReader::Handling sysconfig McDMA_bsp
TRACE::2025-08-14.13:52:19::SCWDomain::checking for install qemu data   : 
TRACE::2025-08-14.13:52:19::SCWPlatform::Trying to open the hw design at C:/Users/ilpes/Desktop/Antenne_e_clocks/McDMA_workspace/McDMA_bsp/hw/McDMA_v0.xsa
TRACE::2025-08-14.13:52:19::SCWPlatform::DSA given C:/Users/ilpes/Desktop/Antenne_e_clocks/McDMA_workspace/McDMA_bsp/hw/McDMA_v0.xsa
TRACE::2025-08-14.13:52:19::SCWPlatform::DSA absoulate path C:/Users/ilpes/Desktop/Antenne_e_clocks/McDMA_workspace/McDMA_bsp/hw/McDMA_v0.xsa
TRACE::2025-08-14.13:52:19::SCWPlatform::DSA directory C:/Users/ilpes/Desktop/Antenne_e_clocks/McDMA_workspace/McDMA_bsp/hw
TRACE::2025-08-14.13:52:19::SCWPlatform:: Platform Path C:/Users/ilpes/Desktop/Antenne_e_clocks/McDMA_workspace/McDMA_bsp/hw/McDMA_v0.xsa
TRACE::2025-08-14.13:52:19::SCWPlatform:: Unique name xilinx:cmod_a7-35t::0.0
TRACE::2025-08-14.13:52:19::SCWPlatform::Trying to set the existing hwdb with name user_35t_wrapper_1
TRACE::2025-08-14.13:52:19::SCWPlatform::Opened existing hwdb user_35t_wrapper_1
TRACE::2025-08-14.13:52:19::SCWPlatform::Found the Hw Db part of the input DSA
TRACE::2025-08-14.13:52:19::SCWPlatform::Trying to open the hw design at C:/Users/ilpes/Desktop/Antenne_e_clocks/McDMA_workspace/McDMA_bsp/hw/McDMA_v0.xsa
TRACE::2025-08-14.13:52:19::SCWPlatform::DSA given C:/Users/ilpes/Desktop/Antenne_e_clocks/McDMA_workspace/McDMA_bsp/hw/McDMA_v0.xsa
TRACE::2025-08-14.13:52:19::SCWPlatform::DSA absoulate path C:/Users/ilpes/Desktop/Antenne_e_clocks/McDMA_workspace/McDMA_bsp/hw/McDMA_v0.xsa
TRACE::2025-08-14.13:52:19::SCWPlatform::DSA directory C:/Users/ilpes/Desktop/Antenne_e_clocks/McDMA_workspace/McDMA_bsp/hw
TRACE::2025-08-14.13:52:19::SCWPlatform:: Platform Path C:/Users/ilpes/Desktop/Antenne_e_clocks/McDMA_workspace/McDMA_bsp/hw/McDMA_v0.xsa
TRACE::2025-08-14.13:52:19::SCWPlatform:: Unique name xilinx:cmod_a7-35t::0.0
TRACE::2025-08-14.13:52:19::SCWPlatform::Trying to set the existing hwdb with name user_35t_wrapper_1
TRACE::2025-08-14.13:52:19::SCWPlatform::Opened existing hwdb user_35t_wrapper_1
TRACE::2025-08-14.13:52:19::SCWPlatform::Found the Hw Db part of the input DSA
TRACE::2025-08-14.13:52:19::SCWPlatform::Trying to open the hw design at C:/Users/ilpes/Desktop/Antenne_e_clocks/McDMA_workspace/McDMA_bsp/hw/McDMA_v0.xsa
TRACE::2025-08-14.13:52:19::SCWPlatform::DSA given C:/Users/ilpes/Desktop/Antenne_e_clocks/McDMA_workspace/McDMA_bsp/hw/McDMA_v0.xsa
TRACE::2025-08-14.13:52:19::SCWPlatform::DSA absoulate path C:/Users/ilpes/Desktop/Antenne_e_clocks/McDMA_workspace/McDMA_bsp/hw/McDMA_v0.xsa
TRACE::2025-08-14.13:52:19::SCWPlatform::DSA directory C:/Users/ilpes/Desktop/Antenne_e_clocks/McDMA_workspace/McDMA_bsp/hw
TRACE::2025-08-14.13:52:19::SCWPlatform:: Platform Path C:/Users/ilpes/Desktop/Antenne_e_clocks/McDMA_workspace/McDMA_bsp/hw/McDMA_v0.xsa
TRACE::2025-08-14.13:52:19::SCWPlatform:: Unique name xilinx:cmod_a7-35t::0.0
TRACE::2025-08-14.13:52:19::SCWPlatform::Trying to set the existing hwdb with name user_35t_wrapper_1
TRACE::2025-08-14.13:52:19::SCWPlatform::Opened existing hwdb user_35t_wrapper_1
TRACE::2025-08-14.13:52:19::SCWPlatform::Found the Hw Db part of the input DSA
TRACE::2025-08-14.13:52:19::SCWPlatform::Trying to open the hw design at C:/Users/ilpes/Desktop/Antenne_e_clocks/McDMA_workspace/McDMA_bsp/hw/McDMA_v0.xsa
TRACE::2025-08-14.13:52:19::SCWPlatform::DSA given C:/Users/ilpes/Desktop/Antenne_e_clocks/McDMA_workspace/McDMA_bsp/hw/McDMA_v0.xsa
TRACE::2025-08-14.13:52:19::SCWPlatform::DSA absoulate path C:/Users/ilpes/Desktop/Antenne_e_clocks/McDMA_workspace/McDMA_bsp/hw/McDMA_v0.xsa
TRACE::2025-08-14.13:52:19::SCWPlatform::DSA directory C:/Users/ilpes/Desktop/Antenne_e_clocks/McDMA_workspace/McDMA_bsp/hw
TRACE::2025-08-14.13:52:19::SCWPlatform:: Platform Path C:/Users/ilpes/Desktop/Antenne_e_clocks/McDMA_workspace/McDMA_bsp/hw/McDMA_v0.xsa
TRACE::2025-08-14.13:52:20::SCWPlatform:: Unique name xilinx:cmod_a7-35t::0.0
TRACE::2025-08-14.13:52:20::SCWPlatform::Trying to set the existing hwdb with name user_35t_wrapper_1
TRACE::2025-08-14.13:52:20::SCWPlatform::Opened existing hwdb user_35t_wrapper_1
TRACE::2025-08-14.13:52:20::SCWPlatform::Found the Hw Db part of the input DSA
TRACE::2025-08-14.13:52:20::SCWMssOS::Checking the sw design at  C:/Users/ilpes/Desktop/Antenne_e_clocks/McDMA_workspace/McDMA_bsp/microblaze_0/standalone_domain/bsp/system.mss
TRACE::2025-08-14.13:52:20::SCWMssOS::DEBUG:  swdes dump  
TRACE::2025-08-14.13:52:20::SCWMssOS::No sw design opened at  C:/Users/ilpes/Desktop/Antenne_e_clocks/McDMA_workspace/McDMA_bsp/microblaze_0/standalone_domain/bsp/system.mss
TRACE::2025-08-14.13:52:20::SCWMssOS::mss exists loading the mss file  C:/Users/ilpes/Desktop/Antenne_e_clocks/McDMA_workspace/McDMA_bsp/microblaze_0/standalone_domain/bsp/system.mss
TRACE::2025-08-14.13:52:20::SCWMssOS::Opened the sw design from mss  C:/Users/ilpes/Desktop/Antenne_e_clocks/McDMA_workspace/McDMA_bsp/microblaze_0/standalone_domain/bsp/system.mss
TRACE::2025-08-14.13:52:20::SCWMssOS::Adding the swdes entry C:/Users/ilpes/Desktop/Antenne_e_clocks/McDMA_workspace/McDMA_bsp/microblaze_0/standalone_domain/bsp/system.mss with des name system
TRACE::2025-08-14.13:52:20::SCWMssOS::updating the scw layer about changes
TRACE::2025-08-14.13:52:20::SCWMssOS::Opened the sw design.  C:/Users/ilpes/Desktop/Antenne_e_clocks/McDMA_workspace/McDMA_bsp/microblaze_0/standalone_domain/bsp/system.mss
TRACE::2025-08-14.13:52:20::SCWMssOS::Saving the mss changes C:/Users/ilpes/Desktop/Antenne_e_clocks/McDMA_workspace/McDMA_bsp/microblaze_0/standalone_domain/bsp/system.mss
TRACE::2025-08-14.13:52:20::SCWMssOS::Found a swdesign opened with the mssfile.
TRACE::2025-08-14.13:52:20::SCWMssOS::Completed writemss as part of save.
TRACE::2025-08-14.13:52:20::SCWMssOS::Commit changes completed.
TRACE::2025-08-14.13:52:20::SCWReader::Adding prebuilt librarypaths as   
TRACE::2025-08-14.13:52:20::SCWReader::Adding prebuilt incpaths  as   
TRACE::2025-08-14.13:52:20::SCWPlatform::Trying to open the hw design at C:/Users/ilpes/Desktop/Antenne_e_clocks/McDMA_workspace/McDMA_bsp/hw/McDMA_v0.xsa
TRACE::2025-08-14.13:52:20::SCWPlatform::DSA given C:/Users/ilpes/Desktop/Antenne_e_clocks/McDMA_workspace/McDMA_bsp/hw/McDMA_v0.xsa
TRACE::2025-08-14.13:52:20::SCWPlatform::DSA absoulate path C:/Users/ilpes/Desktop/Antenne_e_clocks/McDMA_workspace/McDMA_bsp/hw/McDMA_v0.xsa
TRACE::2025-08-14.13:52:20::SCWPlatform::DSA directory C:/Users/ilpes/Desktop/Antenne_e_clocks/McDMA_workspace/McDMA_bsp/hw
TRACE::2025-08-14.13:52:20::SCWPlatform:: Platform Path C:/Users/ilpes/Desktop/Antenne_e_clocks/McDMA_workspace/McDMA_bsp/hw/McDMA_v0.xsa
TRACE::2025-08-14.13:52:20::SCWPlatform:: Unique name xilinx:cmod_a7-35t::0.0
TRACE::2025-08-14.13:52:20::SCWPlatform::Trying to set the existing hwdb with name user_35t_wrapper_1
TRACE::2025-08-14.13:52:20::SCWPlatform::Opened existing hwdb user_35t_wrapper_1
TRACE::2025-08-14.13:52:20::SCWPlatform::Found the Hw Db part of the input DSA
TRACE::2025-08-14.13:52:20::SCWMssOS::Checking the sw design at  C:/Users/ilpes/Desktop/Antenne_e_clocks/McDMA_workspace/McDMA_bsp/microblaze_0/standalone_domain/bsp/system.mss
TRACE::2025-08-14.13:52:20::SCWMssOS::DEBUG:  swdes dump  C:/Users/ilpes/Desktop/Antenne_e_clocks/McDMA_workspace/McDMA_bsp/microblaze_0/standalone_domain/bsp/system.mss|system||

TRACE::2025-08-14.13:52:20::SCWMssOS::Sw design exists and opened at  C:/Users/ilpes/Desktop/Antenne_e_clocks/McDMA_workspace/McDMA_bsp/microblaze_0/standalone_domain/bsp/system.mss
TRACE::2025-08-14.13:52:20::SCWReader::No isolation master present  
LOG::2025-08-14.13:54:42::SCWPlatform::Started generating the artifacts platform McDMA_bsp
TRACE::2025-08-14.13:54:42::SCWPlatform::Sanity checking of platform is completed
LOG::2025-08-14.13:54:42::SCWPlatform::Started generating the artifacts for system configuration McDMA_bsp
LOG::2025-08-14.13:54:42::SCWSystem::Checking the domain standalone_domain
LOG::2025-08-14.13:54:42::SCWSystem::Not a boot domain 
LOG::2025-08-14.13:54:42::SCWSystem::Started Processing the domain standalone_domain
TRACE::2025-08-14.13:54:42::SCWDomain::Generating domain artifcats
TRACE::2025-08-14.13:54:42::SCWMssOS::Generating standalone artifcats
TRACE::2025-08-14.13:54:42::SCWMssOS:: Copying the user libraries. 
TRACE::2025-08-14.13:54:42::SCWPlatform::Trying to open the hw design at C:/Users/ilpes/Desktop/Antenne_e_clocks/McDMA_workspace/McDMA_bsp/hw/McDMA_v0.xsa
TRACE::2025-08-14.13:54:42::SCWPlatform::DSA given C:/Users/ilpes/Desktop/Antenne_e_clocks/McDMA_workspace/McDMA_bsp/hw/McDMA_v0.xsa
TRACE::2025-08-14.13:54:42::SCWPlatform::DSA absoulate path C:/Users/ilpes/Desktop/Antenne_e_clocks/McDMA_workspace/McDMA_bsp/hw/McDMA_v0.xsa
TRACE::2025-08-14.13:54:42::SCWPlatform::DSA directory C:/Users/ilpes/Desktop/Antenne_e_clocks/McDMA_workspace/McDMA_bsp/hw
TRACE::2025-08-14.13:54:42::SCWPlatform:: Platform Path C:/Users/ilpes/Desktop/Antenne_e_clocks/McDMA_workspace/McDMA_bsp/hw/McDMA_v0.xsa
TRACE::2025-08-14.13:54:42::SCWPlatform:: Unique name xilinx:cmod_a7-35t::0.0
TRACE::2025-08-14.13:54:42::SCWPlatform::Trying to set the existing hwdb with name user_35t_wrapper_1
TRACE::2025-08-14.13:54:42::SCWPlatform::Opened existing hwdb user_35t_wrapper_1
TRACE::2025-08-14.13:54:42::SCWPlatform::Found the Hw Db part of the input DSA
TRACE::2025-08-14.13:54:42::SCWMssOS::Checking the sw design at  C:/Users/ilpes/Desktop/Antenne_e_clocks/McDMA_workspace/McDMA_bsp/microblaze_0/standalone_domain/bsp/system.mss
TRACE::2025-08-14.13:54:42::SCWMssOS::DEBUG:  swdes dump  C:/Users/ilpes/Desktop/Antenne_e_clocks/McDMA_workspace/McDMA_bsp/microblaze_0/standalone_domain/bsp/system.mss|system||

TRACE::2025-08-14.13:54:42::SCWMssOS::Sw design exists and opened at  C:/Users/ilpes/Desktop/Antenne_e_clocks/McDMA_workspace/McDMA_bsp/microblaze_0/standalone_domain/bsp/system.mss
TRACE::2025-08-14.13:54:42::SCWMssOS::Completed writing the mss file at C:/Users/ilpes/Desktop/Antenne_e_clocks/McDMA_workspace/McDMA_bsp/microblaze_0/standalone_domain/bsp
TRACE::2025-08-14.13:54:42::SCWMssOS::Mss edits present, copying mssfile into export location C:/Users/ilpes/Desktop/Antenne_e_clocks/McDMA_workspace/McDMA_bsp/microblaze_0/standalone_domain/bsp/system.mss
TRACE::2025-08-14.13:54:42::SCWMssOS::bsp generated is upto date with the mss file. Skipping bsp generation.
TRACE::2025-08-14.13:54:42::SCWMssOS::BSP is already built. skipping the bsp build ... 
TRACE::2025-08-14.13:54:42::SCWDomain::Building the domain as part of full build :  standalone_domain
TRACE::2025-08-14.13:54:42::SCWMssOS::doing bsp build ... 
TRACE::2025-08-14.13:54:42::SCWMssOS::System Command Ran  C: & cd  C:/Users/ilpes/Desktop/Antenne_e_clocks/McDMA_workspace/McDMA_bsp/microblaze_0/standalone_domain/bsp & make 
TRACE::2025-08-14.13:54:42::SCWMssOS::make --no-print-directory seq_libs

TRACE::2025-08-14.13:54:42::SCWMssOS::'Finished building libraries sequentially.'

TRACE::2025-08-14.13:54:42::SCWMssOS::make -j --no-print-directory par_libs

TRACE::2025-08-14.13:54:42::SCWMssOS::"Running Make include in microblaze_0/libsrc/axidma_v9_12/src"

TRACE::2025-08-14.13:54:42::SCWMssOS::make -C microblaze_0/libsrc/axidma_v9_12/src -s include  "SHELL=CMD" "COMPILER=mb-gcc" "ASSEMBLER=mb-as" "ARCHIVER=mb-ar" "COMP
TRACE::2025-08-14.13:54:42::SCWMssOS::ILER_FLAGS=  -O2 -c -mcpu=v11.0 -mlittle-endian -mno-xl-soft-div -mno-xl-soft-mul -mxl-barrel-shift -mxl-pattern-compare" "EXTR
TRACE::2025-08-14.13:54:42::SCWMssOS::A_COMPILER_FLAGS=-g -ffunction-sections -fdata-sections -Wall -Wextra"

TRACE::2025-08-14.13:54:42::SCWMssOS::"Running Make include in microblaze_0/libsrc/bram_v4_5/src"

TRACE::2025-08-14.13:54:42::SCWMssOS::make -C microblaze_0/libsrc/bram_v4_5/src -s include  "SHELL=CMD" "COMPILER=mb-gcc" "ASSEMBLER=mb-as" "ARCHIVER=mb-ar" "COMPILE
TRACE::2025-08-14.13:54:42::SCWMssOS::R_FLAGS=  -O2 -c -mcpu=v11.0 -mlittle-endian -mno-xl-soft-div -mno-xl-soft-mul -mxl-barrel-shift -mxl-pattern-compare" "EXTRA_C
TRACE::2025-08-14.13:54:42::SCWMssOS::OMPILER_FLAGS=-g -ffunction-sections -fdata-sections -Wall -Wextra"

TRACE::2025-08-14.13:54:42::SCWMssOS::"Running Make include in microblaze_0/libsrc/cpu_v2_12/src"

TRACE::2025-08-14.13:54:42::SCWMssOS::make -C microblaze_0/libsrc/cpu_v2_12/src -s include  "SHELL=CMD" "COMPILER=mb-gcc" "ASSEMBLER=mb-as" "ARCHIVER=mb-ar" "COMPILE
TRACE::2025-08-14.13:54:42::SCWMssOS::R_FLAGS=  -O2 -c -mcpu=v11.0 -mlittle-endian -mno-xl-soft-div -mno-xl-soft-mul -mxl-barrel-shift -mxl-pattern-compare" "EXTRA_C
TRACE::2025-08-14.13:54:42::SCWMssOS::OMPILER_FLAGS=-g -ffunction-sections -fdata-sections -Wall -Wextra"

TRACE::2025-08-14.13:54:42::SCWMssOS::"Running Make include in microblaze_0/libsrc/gpio_v4_7/src"

TRACE::2025-08-14.13:54:42::SCWMssOS::"Running Make include in microblaze_0/libsrc/iic_v3_7/src"

TRACE::2025-08-14.13:54:42::SCWMssOS::make -C microblaze_0/libsrc/gpio_v4_7/src -s include  "SHELL=CMD" "COMPILER=mb-gcc" "ASSEMBLER=mb-as" "ARCHIVER=mb-ar" "COMPILE
TRACE::2025-08-14.13:54:42::SCWMssOS::R_FLAGS=  -O2 -c -mcpu=v11.0 -mlittle-endian -mno-xl-soft-div -mno-xl-soft-mul -mxl-barrel-shift -mxl-pattern-compare" "EXTRA_C
TRACE::2025-08-14.13:54:42::SCWMssOS::OMPILER_FLAGS=-g -ffunction-sections -fdata-sections -Wall -Wextra"

TRACE::2025-08-14.13:54:42::SCWMssOS::make -C microblaze_0/libsrc/iic_v3_7/src -s include  "SHELL=CMD" "COMPILER=mb-gcc" "ASSEMBLER=mb-as" "ARCHIVER=mb-ar" "COMPILER
TRACE::2025-08-14.13:54:42::SCWMssOS::_FLAGS=  -O2 -c -mcpu=v11.0 -mlittle-endian -mno-xl-soft-div -mno-xl-soft-mul -mxl-barrel-shift -mxl-pattern-compare" "EXTRA_CO
TRACE::2025-08-14.13:54:42::SCWMssOS::MPILER_FLAGS=-g -ffunction-sections -fdata-sections -Wall -Wextra"

TRACE::2025-08-14.13:54:43::SCWMssOS::"Running Make include in microblaze_0/libsrc/intc_v3_12/src"

TRACE::2025-08-14.13:54:43::SCWMssOS::make -C microblaze_0/libsrc/intc_v3_12/src -s include  "SHELL=CMD" "COMPILER=mb-gcc" "ASSEMBLER=mb-as" "ARCHIVER=mb-ar" "COMPIL
TRACE::2025-08-14.13:54:43::SCWMssOS::ER_FLAGS=  -O2 -c -mcpu=v11.0 -mlittle-endian -mno-xl-soft-div -mno-xl-soft-mul -mxl-barrel-shift -mxl-pattern-compare" "EXTRA_
TRACE::2025-08-14.13:54:43::SCWMssOS::COMPILER_FLAGS=-g -ffunction-sections -fdata-sections -Wall -Wextra"

TRACE::2025-08-14.13:54:43::SCWMssOS::"Running Make include in microblaze_0/libsrc/spi_v4_7/src"

TRACE::2025-08-14.13:54:43::SCWMssOS::make -C microblaze_0/libsrc/spi_v4_7/src -s include  "SHELL=CMD" "COMPILER=mb-gcc" "ASSEMBLER=mb-as" "ARCHIVER=mb-ar" "COMPILER
TRACE::2025-08-14.13:54:43::SCWMssOS::_FLAGS=  -O2 -c -mcpu=v11.0 -mlittle-endian -mno-xl-soft-div -mno-xl-soft-mul -mxl-barrel-shift -mxl-pattern-compare" "EXTRA_CO
TRACE::2025-08-14.13:54:43::SCWMssOS::MPILER_FLAGS=-g -ffunction-sections -fdata-sections -Wall -Wextra"

TRACE::2025-08-14.13:54:43::SCWMssOS::"Running Make include in microblaze_0/libsrc/standalone_v7_3/src"

TRACE::2025-08-14.13:54:43::SCWMssOS::make -C microblaze_0/libsrc/standalone_v7_3/src -s include  "SHELL=CMD" "COMPILER=mb-gcc" "ASSEMBLER=mb-as" "ARCHIVER=mb-ar" "C
TRACE::2025-08-14.13:54:43::SCWMssOS::OMPILER_FLAGS=  -O2 -c -mcpu=v11.0 -mlittle-endian -mno-xl-soft-div -mno-xl-soft-mul -mxl-barrel-shift -mxl-pattern-compare" "E
TRACE::2025-08-14.13:54:43::SCWMssOS::XTRA_COMPILER_FLAGS=-g -ffunction-sections -fdata-sections -Wall -Wextra"

TRACE::2025-08-14.13:54:43::SCWMssOS::"Running Make include in microblaze_0/libsrc/sysmon_v7_7/src"

TRACE::2025-08-14.13:54:43::SCWMssOS::make -C microblaze_0/libsrc/sysmon_v7_7/src -s include  "SHELL=CMD" "COMPILER=mb-gcc" "ASSEMBLER=mb-as" "ARCHIVER=mb-ar" "COMPI
TRACE::2025-08-14.13:54:43::SCWMssOS::LER_FLAGS=  -O2 -c -mcpu=v11.0 -mlittle-endian -mno-xl-soft-div -mno-xl-soft-mul -mxl-barrel-shift -mxl-pattern-compare" "EXTRA
TRACE::2025-08-14.13:54:43::SCWMssOS::_COMPILER_FLAGS=-g -ffunction-sections -fdata-sections -Wall -Wextra"

TRACE::2025-08-14.13:54:43::SCWMssOS::"Running Make include in microblaze_0/libsrc/tmrctr_v4_7/src"

TRACE::2025-08-14.13:54:43::SCWMssOS::"Running Make include in microblaze_0/libsrc/uartlite_v3_5/src"

TRACE::2025-08-14.13:54:43::SCWMssOS::make -C microblaze_0/libsrc/tmrctr_v4_7/src -s include  "SHELL=CMD" "COMPILER=mb-gcc" "ASSEMBLER=mb-as" "ARCHIVER=mb-ar" "COMPI
TRACE::2025-08-14.13:54:43::SCWMssOS::LER_FLAGS=  -O2 -c -mcpu=v11.0 -mlittle-endian -mno-xl-soft-div -mno-xl-soft-mul -mxl-barrel-shift -mxl-pattern-compare" "EXTRA
TRACE::2025-08-14.13:54:43::SCWMssOS::_COMPILER_FLAGS=-g -ffunction-sections -fdata-sections -Wall -Wextra"

TRACE::2025-08-14.13:54:43::SCWMssOS::make -C microblaze_0/libsrc/uartlite_v3_5/src -s include  "SHELL=CMD" "COMPILER=mb-gcc" "ASSEMBLER=mb-as" "ARCHIVER=mb-ar" "COM
TRACE::2025-08-14.13:54:43::SCWMssOS::PILER_FLAGS=  -O2 -c -mcpu=v11.0 -mlittle-endian -mno-xl-soft-div -mno-xl-soft-mul -mxl-barrel-shift -mxl-pattern-compare" "EXT
TRACE::2025-08-14.13:54:43::SCWMssOS::RA_COMPILER_FLAGS=-g -ffunction-sections -fdata-sections -Wall -Wextra"

TRACE::2025-08-14.13:54:44::SCWMssOS::"Running Make libs in microblaze_0/libsrc/axidma_v9_12/src"

TRACE::2025-08-14.13:54:44::SCWMssOS::make -C microblaze_0/libsrc/axidma_v9_12/src -s libs  "SHELL=CMD" "COMPILER=mb-gcc" "ASSEMBLER=mb-as" "ARCHIVER=mb-ar" "COMPILE
TRACE::2025-08-14.13:54:44::SCWMssOS::R_FLAGS=  -O2 -c -mcpu=v11.0 -mlittle-endian -mno-xl-soft-div -mno-xl-soft-mul -mxl-barrel-shift -mxl-pattern-compare" "EXTRA_C
TRACE::2025-08-14.13:54:44::SCWMssOS::OMPILER_FLAGS=-g -ffunction-sections -fdata-sections -Wall -Wextra"

TRACE::2025-08-14.13:54:44::SCWMssOS::"Running Make libs in microblaze_0/libsrc/bram_v4_5/src"

TRACE::2025-08-14.13:54:44::SCWMssOS::make -C microblaze_0/libsrc/bram_v4_5/src -s libs  "SHELL=CMD" "COMPILER=mb-gcc" "ASSEMBLER=mb-as" "ARCHIVER=mb-ar" "COMPILER_F
TRACE::2025-08-14.13:54:44::SCWMssOS::LAGS=  -O2 -c -mcpu=v11.0 -mlittle-endian -mno-xl-soft-div -mno-xl-soft-mul -mxl-barrel-shift -mxl-pattern-compare" "EXTRA_COMP
TRACE::2025-08-14.13:54:44::SCWMssOS::ILER_FLAGS=-g -ffunction-sections -fdata-sections -Wall -Wextra"

TRACE::2025-08-14.13:54:44::SCWMssOS::"Running Make libs in microblaze_0/libsrc/cpu_v2_12/src"

TRACE::2025-08-14.13:54:45::SCWMssOS::make -C microblaze_0/libsrc/cpu_v2_12/src -s libs  "SHELL=CMD" "COMPILER=mb-gcc" "ASSEMBLER=mb-as" "ARCHIVER=mb-ar" "COMPILER_F
TRACE::2025-08-14.13:54:45::SCWMssOS::LAGS=  -O2 -c -mcpu=v11.0 -mlittle-endian -mno-xl-soft-div -mno-xl-soft-mul -mxl-barrel-shift -mxl-pattern-compare" "EXTRA_COMP
TRACE::2025-08-14.13:54:45::SCWMssOS::ILER_FLAGS=-g -ffunction-sections -fdata-sections -Wall -Wextra"

TRACE::2025-08-14.13:54:45::SCWMssOS::"Running Make libs in microblaze_0/libsrc/gpio_v4_7/src"

TRACE::2025-08-14.13:54:45::SCWMssOS::"Running Make libs in microblaze_0/libsrc/iic_v3_7/src"

TRACE::2025-08-14.13:54:45::SCWMssOS::make -C microblaze_0/libsrc/gpio_v4_7/src -s libs  "SHELL=CMD" "COMPILER=mb-gcc" "ASSEMBLER=mb-as" "ARCHIVER=mb-ar" "COMPILER_F
TRACE::2025-08-14.13:54:45::SCWMssOS::LAGS=  -O2 -c -mcpu=v11.0 -mlittle-endian -mno-xl-soft-div -mno-xl-soft-mul -mxl-barrel-shift -mxl-pattern-compare" "EXTRA_COMP
TRACE::2025-08-14.13:54:45::SCWMssOS::ILER_FLAGS=-g -ffunction-sections -fdata-sections -Wall -Wextra"

TRACE::2025-08-14.13:54:45::SCWMssOS::make -C microblaze_0/libsrc/iic_v3_7/src -s libs  "SHELL=CMD" "COMPILER=mb-gcc" "ASSEMBLER=mb-as" "ARCHIVER=mb-ar" "COMPILER_FL
TRACE::2025-08-14.13:54:45::SCWMssOS::AGS=  -O2 -c -mcpu=v11.0 -mlittle-endian -mno-xl-soft-div -mno-xl-soft-mul -mxl-barrel-shift -mxl-pattern-compare" "EXTRA_COMPI
TRACE::2025-08-14.13:54:45::SCWMssOS::LER_FLAGS=-g -ffunction-sections -fdata-sections -Wall -Wextra"

TRACE::2025-08-14.13:54:45::SCWMssOS::"Running Make libs in microblaze_0/libsrc/intc_v3_12/src"

TRACE::2025-08-14.13:54:45::SCWMssOS::"Running Make libs in microblaze_0/libsrc/spi_v4_7/src"

TRACE::2025-08-14.13:54:45::SCWMssOS::make -C microblaze_0/libsrc/intc_v3_12/src -s libs  "SHELL=CMD" "COMPILER=mb-gcc" "ASSEMBLER=mb-as" "ARCHIVER=mb-ar" "COMPILER_
TRACE::2025-08-14.13:54:45::SCWMssOS::FLAGS=  -O2 -c -mcpu=v11.0 -mlittle-endian -mno-xl-soft-div -mno-xl-soft-mul -mxl-barrel-shift -mxl-pattern-compare" "EXTRA_COM
TRACE::2025-08-14.13:54:45::SCWMssOS::PILER_FLAGS=-g -ffunction-sections -fdata-sections -Wall -Wextra"

TRACE::2025-08-14.13:54:45::SCWMssOS::make -C microblaze_0/libsrc/spi_v4_7/src -s libs  "SHELL=CMD" "COMPILER=mb-gcc" "ASSEMBLER=mb-as" "ARCHIVER=mb-ar" "COMPILER_FL
TRACE::2025-08-14.13:54:45::SCWMssOS::AGS=  -O2 -c -mcpu=v11.0 -mlittle-endian -mno-xl-soft-div -mno-xl-soft-mul -mxl-barrel-shift -mxl-pattern-compare" "EXTRA_COMPI
TRACE::2025-08-14.13:54:45::SCWMssOS::LER_FLAGS=-g -ffunction-sections -fdata-sections -Wall -Wextra"

TRACE::2025-08-14.13:54:46::SCWMssOS::"Running Make libs in microblaze_0/libsrc/sysmon_v7_7/src"

TRACE::2025-08-14.13:54:46::SCWMssOS::"Running Make libs in microblaze_0/libsrc/standalone_v7_3/src"

TRACE::2025-08-14.13:54:46::SCWMssOS::make -C microblaze_0/libsrc/sysmon_v7_7/src -s libs  "SHELL=CMD" "COMPILER=mb-gcc" "ASSEMBLER=mb-as" "ARCHIVER=mb-ar" "COMPILER
TRACE::2025-08-14.13:54:46::SCWMssOS::_FLAGS=  -O2 -c -mcpu=v11.0 -mlittle-endian -mno-xl-soft-div -mno-xl-soft-mul -mxl-barrel-shift -mxl-pattern-compare" "EXTRA_CO
TRACE::2025-08-14.13:54:46::SCWMssOS::MPILER_FLAGS=-g -ffunction-sections -fdata-sections -Wall -Wextra"

TRACE::2025-08-14.13:54:46::SCWMssOS::make -C microblaze_0/libsrc/standalone_v7_3/src -s libs  "SHELL=CMD" "COMPILER=mb-gcc" "ASSEMBLER=mb-as" "ARCHIVER=mb-ar" "COMP
TRACE::2025-08-14.13:54:46::SCWMssOS::ILER_FLAGS=  -O2 -c -mcpu=v11.0 -mlittle-endian -mno-xl-soft-div -mno-xl-soft-mul -mxl-barrel-shift -mxl-pattern-compare" "EXTR
TRACE::2025-08-14.13:54:46::SCWMssOS::A_COMPILER_FLAGS=-g -ffunction-sections -fdata-sections -Wall -Wextra"

TRACE::2025-08-14.13:54:46::SCWMssOS::"Running Make libs in microblaze_0/libsrc/tmrctr_v4_7/src"

TRACE::2025-08-14.13:54:46::SCWMssOS::"Running Make libs in microblaze_0/libsrc/uartlite_v3_5/src"

TRACE::2025-08-14.13:54:46::SCWMssOS::make -C microblaze_0/libsrc/uartlite_v3_5/src -s libs  "SHELL=CMD" "COMPILER=mb-gcc" "ASSEMBLER=mb-as" "ARCHIVER=mb-ar" "COMPIL
TRACE::2025-08-14.13:54:46::SCWMssOS::ER_FLAGS=  -O2 -c -mcpu=v11.0 -mlittle-endian -mno-xl-soft-div -mno-xl-soft-mul -mxl-barrel-shift -mxl-pattern-compare" "EXTRA_
TRACE::2025-08-14.13:54:46::SCWMssOS::COMPILER_FLAGS=-g -ffunction-sections -fdata-sections -Wall -Wextra"

TRACE::2025-08-14.13:54:47::SCWMssOS::make -C microblaze_0/libsrc/tmrctr_v4_7/src -s libs  "SHELL=CMD" "COMPILER=mb-gcc" "ASSEMBLER=mb-as" "ARCHIVER=mb-ar" "COMPILER
TRACE::2025-08-14.13:54:47::SCWMssOS::_FLAGS=  -O2 -c -mcpu=v11.0 -mlittle-endian -mno-xl-soft-div -mno-xl-soft-mul -mxl-barrel-shift -mxl-pattern-compare" "EXTRA_CO
TRACE::2025-08-14.13:54:47::SCWMssOS::MPILER_FLAGS=-g -ffunction-sections -fdata-sections -Wall -Wextra"

TRACE::2025-08-14.13:54:52::SCWMssOS::"DEBUG NON_LTO_OBJECTS is ../../../lib/microblaze_interrupt_handler.o"

TRACE::2025-08-14.13:54:53::SCWMssOS::'Finished building libraries parallelly.'

TRACE::2025-08-14.13:54:53::SCWMssOS::make --no-print-directory archive

TRACE::2025-08-14.13:54:53::SCWMssOS::mb-ar -r  microblaze_0/lib/libxil.a microblaze_0/lib/xtmrctr_l.o microblaze_0/lib/xplatform_info.o microblaze_0/lib/xtmrctr_opt
TRACE::2025-08-14.13:54:53::SCWMssOS::ions.o microblaze_0/lib/microblaze_disable_exceptions.o microblaze_0/lib/print.o microblaze_0/lib/xspi_options.o microblaze_0/l
TRACE::2025-08-14.13:54:53::SCWMssOS::ib/xil_testio.o microblaze_0/lib/microblaze_disable_dcache.o microblaze_0/lib/microblaze_flush_dcache_range.o microblaze_0/lib/
TRACE::2025-08-14.13:54:53::SCWMssOS::xspi_g.o microblaze_0/lib/microblaze_flush_cache_ext.o microblaze_0/lib/xspi.o microblaze_0/lib/xspi_sinit.o microblaze_0/lib/i
TRACE::2025-08-14.13:54:53::SCWMssOS::nbyte.o microblaze_0/lib/xil_misc_psreset_api.o microblaze_0/lib/xspi_selftest.o microblaze_0/lib/xsysmon_g.o microblaze_0/lib/
TRACE::2025-08-14.13:54:53::SCWMssOS::xil_cache.o microblaze_0/lib/xil_util.o microblaze_0/lib/xiic_g.o microblaze_0/lib/xiic_multi_master.o microblaze_0/lib/xiic_si
TRACE::2025-08-14.13:54:53::SCWMssOS::nit.o microblaze_0/lib/microblaze_exception_handler.o microblaze_0/lib/xbram_g.o microblaze_0/lib/xbram_sinit.o microblaze_0/li
TRACE::2025-08-14.13:54:53::SCWMssOS::b/microblaze_scrub.o microblaze_0/lib/xtmrctr_intr.o microblaze_0/lib/microblaze_invalidate_dcache.o microblaze_0/lib/microblaz
TRACE::2025-08-14.13:54:53::SCWMssOS::e_disable_interrupts.o microblaze_0/lib/xbram_selftest.o microblaze_0/lib/microblaze_interrupt_handler.o microblaze_0/lib/micro
TRACE::2025-08-14.13:54:53::SCWMssOS::blaze_disable_icache.o microblaze_0/lib/xaxidma_sinit.o microblaze_0/lib/xsysmon_intr.o microblaze_0/lib/xgpio_g.o microblaze_0
TRACE::2025-08-14.13:54:53::SCWMssOS::/lib/xuartlite_g.o microblaze_0/lib/xtmrctr_stats.o microblaze_0/lib/xaxidma_selftest.o microblaze_0/lib/xiic_master.o microbla
TRACE::2025-08-14.13:54:53::SCWMssOS::ze_0/lib/xspi_stats.o microblaze_0/lib/xuartlite_intr.o microblaze_0/lib/microblaze_flush_cache_ext_range.o microblaze_0/lib/xa
TRACE::2025-08-14.13:54:53::SCWMssOS::xidma_bd.o microblaze_0/lib/xiic_intr.o microblaze_0/lib/xbram_intr.o microblaze_0/lib/xil_sleepcommon.o microblaze_0/lib/xil_p
TRACE::2025-08-14.13:54:53::SCWMssOS::rintf.o microblaze_0/lib/xintc_g.o microblaze_0/lib/xintc_selftest.o microblaze_0/lib/xintc_l.o microblaze_0/lib/outbyte.o micr
TRACE::2025-08-14.13:54:53::SCWMssOS::oblaze_0/lib/xgpio_extra.o microblaze_0/lib/xgpio_intr.o microblaze_0/lib/xiic_slave.o microblaze_0/lib/microblaze_invalidate_d
TRACE::2025-08-14.13:54:53::SCWMssOS::cache_range.o microblaze_0/lib/xil_testmem.o microblaze_0/lib/microblaze_invalidate_cache_ext.o microblaze_0/lib/microblaze_sle
TRACE::2025-08-14.13:54:53::SCWMssOS::ep.o microblaze_0/lib/xuartlite_sinit.o microblaze_0/lib/hw_exception_handler.o microblaze_0/lib/xtmrctr.o microblaze_0/lib/xin
TRACE::2025-08-14.13:54:53::SCWMssOS::tc_options.o microblaze_0/lib/xuartlite_selftest.o microblaze_0/lib/xgpio_sinit.o microblaze_0/lib/xuartlite.o microblaze_0/lib
TRACE::2025-08-14.13:54:53::SCWMssOS::/microblaze_update_dcache.o microblaze_0/lib/xaxidma_g.o microblaze_0/lib/xil_testcache.o microblaze_0/lib/microblaze_selftest.
TRACE::2025-08-14.13:54:53::SCWMssOS::o microblaze_0/lib/microblaze_interrupts_g.o microblaze_0/lib/microblaze_enable_exceptions.o microblaze_0/lib/xil_mem.o microbl
TRACE::2025-08-14.13:54:53::SCWMssOS::aze_0/lib/xsysmon_sinit.o microblaze_0/lib/xtmrctr_g.o microblaze_0/lib/microblaze_enable_dcache.o microblaze_0/lib/xiic_l.o mi
TRACE::2025-08-14.13:54:53::SCWMssOS::croblaze_0/lib/_exit.o microblaze_0/lib/microblaze_invalidate_icache_range.o microblaze_0/lib/xtmrctr_selftest.o microblaze_0/l
TRACE::2025-08-14.13:54:53::SCWMssOS::ib/xgpio.o microblaze_0/lib/microblaze_init_dcache_range.o microblaze_0/lib/microblaze_invalidate_icache.o microblaze_0/lib/xax
TRACE::2025-08-14.13:54:53::SCWMssOS::idma.o microblaze_0/lib/errno.o microblaze_0/lib/xiic_dyn_master.o microblaze_0/lib/xintc.o microblaze_0/lib/xuartlite_stats.o 
TRACE::2025-08-14.13:54:53::SCWMssOS::microblaze_0/lib/microblaze_invalidate_cache_ext_range.o microblaze_0/lib/xintc_intr.o microblaze_0/lib/xil_exception.o microbl
TRACE::2025-08-14.13:54:53::SCWMssOS::aze_0/lib/pvr.o microblaze_0/lib/xbram.o microblaze_0/lib/xiic_options.o microblaze_0/lib/microblaze_update_icache.o microblaze
TRACE::2025-08-14.13:54:53::SCWMssOS::_0/lib/microblaze_flush_dcache.o microblaze_0/lib/xil_clocking.o microblaze_0/lib/xil_assert.o microblaze_0/lib/xiic_stats.o mi
TRACE::2025-08-14.13:54:53::SCWMssOS::croblaze_0/lib/microblaze_enable_interrupts.o microblaze_0/lib/xio.o microblaze_0/lib/microblaze_enable_icache.o microblaze_0/l
TRACE::2025-08-14.13:54:53::SCWMssOS::ib/xiic.o microblaze_0/lib/xsysmon.o microblaze_0/lib/microblaze_init_icache_range.o microblaze_0/lib/xaxidma_bdring.o microbla
TRACE::2025-08-14.13:54:53::SCWMssOS::ze_0/lib/xuartlite_l.o microblaze_0/lib/xtmrctr_sinit.o microblaze_0/lib/xiic_selftest.o microblaze_0/lib/xsysmon_selftest.o mi
TRACE::2025-08-14.13:54:53::SCWMssOS::croblaze_0/lib/fcntl.o microblaze_0/lib/xgpio_selftest.o

TRACE::2025-08-14.13:54:54::SCWMssOS::'Finished building libraries'

TRACE::2025-08-14.13:54:55::SCWMssOS::Copying to export directory.
TRACE::2025-08-14.13:54:57::SCWMssOS:: Checking if to create the Supporting Applications
TRACE::2025-08-14.13:54:57::SCWMssOS:: No Linux domain exists, trying to generate FSBL 
LOG::2025-08-14.13:54:57::SCWSystem::Completed Processing the domain standalone_domain
LOG::2025-08-14.13:54:57::SCWSystem::Completed Processing the sysconfig McDMA_bsp
LOG::2025-08-14.13:54:57::SCWPlatform::Completed generating the artifacts for system configuration McDMA_bsp
TRACE::2025-08-14.13:54:57::SCWPlatform::Started preparing the platform 
TRACE::2025-08-14.13:54:57::SCWSystem::Writing the bif file for system config McDMA_bsp
TRACE::2025-08-14.13:54:57::SCWSystem::dir created 
TRACE::2025-08-14.13:54:57::SCWSystem::Writing the bif 
TRACE::2025-08-14.13:54:57::SCWPlatform::Started writing the spfm file 
TRACE::2025-08-14.13:54:57::SCWPlatform::Started writing the xpfm file 
TRACE::2025-08-14.13:54:58::SCWPlatform::Completed generating the platform
TRACE::2025-08-14.13:54:58::SCWMssOS::Saving the mss changes C:/Users/ilpes/Desktop/Antenne_e_clocks/McDMA_workspace/McDMA_bsp/microblaze_0/standalone_domain/bsp/system.mss
TRACE::2025-08-14.13:54:58::SCWMssOS::Found a swdesign opened with the mssfile.
TRACE::2025-08-14.13:54:58::SCWMssOS::Completed writemss as part of save.
TRACE::2025-08-14.13:54:58::SCWMssOS::Commit changes completed.
TRACE::2025-08-14.13:54:58::SCWPlatform::Trying to open the hw design at C:/Users/ilpes/Desktop/Antenne_e_clocks/McDMA_workspace/McDMA_bsp/hw/McDMA_v0.xsa
TRACE::2025-08-14.13:54:58::SCWPlatform::DSA given C:/Users/ilpes/Desktop/Antenne_e_clocks/McDMA_workspace/McDMA_bsp/hw/McDMA_v0.xsa
TRACE::2025-08-14.13:54:58::SCWPlatform::DSA absoulate path C:/Users/ilpes/Desktop/Antenne_e_clocks/McDMA_workspace/McDMA_bsp/hw/McDMA_v0.xsa
TRACE::2025-08-14.13:54:58::SCWPlatform::DSA directory C:/Users/ilpes/Desktop/Antenne_e_clocks/McDMA_workspace/McDMA_bsp/hw
TRACE::2025-08-14.13:54:58::SCWPlatform:: Platform Path C:/Users/ilpes/Desktop/Antenne_e_clocks/McDMA_workspace/McDMA_bsp/hw/McDMA_v0.xsa
TRACE::2025-08-14.13:54:58::SCWPlatform:: Unique name xilinx:cmod_a7-35t::0.0
TRACE::2025-08-14.13:54:58::SCWPlatform::Trying to set the existing hwdb with name user_35t_wrapper_1
TRACE::2025-08-14.13:54:58::SCWPlatform::Opened existing hwdb user_35t_wrapper_1
TRACE::2025-08-14.13:54:58::SCWPlatform::Found the Hw Db part of the input DSA
TRACE::2025-08-14.13:54:58::SCWMssOS::Checking the sw design at  C:/Users/ilpes/Desktop/Antenne_e_clocks/McDMA_workspace/McDMA_bsp/microblaze_0/standalone_domain/bsp/system.mss
TRACE::2025-08-14.13:54:58::SCWMssOS::DEBUG:  swdes dump  C:/Users/ilpes/Desktop/Antenne_e_clocks/McDMA_workspace/McDMA_bsp/microblaze_0/standalone_domain/bsp/system.mss|system||

TRACE::2025-08-14.13:54:58::SCWMssOS::Sw design exists and opened at  C:/Users/ilpes/Desktop/Antenne_e_clocks/McDMA_workspace/McDMA_bsp/microblaze_0/standalone_domain/bsp/system.mss
TRACE::2025-08-14.13:54:58::SCWWriter::formatted JSON is {
	"platformName":	"McDMA_bsp",
	"sprVersion":	"2.0",
	"mode":	"gui",
	"dsaType":	"Fixed",
	"platformDesc":	"McDMA_bsp",
	"platHandOff":	"C:/Users/ilpes/Desktop/INSEGNAMENTO/Didattica2023/McDMA/McDMA/McDMA_v0.xsa",
	"platIntHandOff":	"<platformDir>/hw/McDMA_v0.xsa",
	"deviceType":	"FPGA",
	"platIsPrebuiltAutogen":	"false",
	"platIsNoBootBsp":	"false",
	"hasFsblMakeHasChanges":	"false",
	"hasPmufwMakeHasChanges":	"false",
	"platPreBuiltFlag":	false,
	"platformSamplesDir":	"",
	"platActiveSys":	"McDMA_bsp",
	"systems":	[{
			"systemName":	"McDMA_bsp",
			"systemDesc":	"McDMA_bsp",
			"sysIsBootAutoGen":	"true",
			"systemDispName":	"McDMA_bsp",
			"sysActiveDom":	"standalone_domain",
			"sysDefaultDom":	"standalone_domain",
			"domains":	[{
					"domainName":	"standalone_domain",
					"domainDispName":	"standalone on microblaze_0",
					"domainDesc":	"standalone_domain",
					"processors":	"microblaze_0",
					"os":	"standalone",
					"sdxOs":	"standalone",
					"debugEnable":	"False",
					"domRuntimes":	["cpp"],
					"swRepo":	"",
					"mssOsVer":	"7.3",
					"mssFile":	"",
					"md5Digest":	"8f3aac6672cf48153379f1996b94c556",
					"compatibleApp":	"",
					"domType":	"mssDomain",
					"arch":	"32-bit",
					"appSettings":	{
						"appCompilerFlags":	"",
						"appLinkerFlags":	""
					},
					"addedLibs":	[],
					"libOptions":	{
						"libsContainingOptions":	[]
					},
					"prebuiltLibs":	{
						"prebuiltIncPath":	[],
						"prebuiltLibPath":	[]
					},
					"isolation":	{
					}
				}]
		}]
}
KEYINFO::2025-08-14.13:54:58::SCWPlatform::updated the xpfm file.
TRACE::2025-08-14.13:54:58::SCWPlatform::Trying to open the hw design at C:/Users/ilpes/Desktop/Antenne_e_clocks/McDMA_workspace/McDMA_bsp/hw/McDMA_v0.xsa
TRACE::2025-08-14.13:54:58::SCWPlatform::DSA given C:/Users/ilpes/Desktop/Antenne_e_clocks/McDMA_workspace/McDMA_bsp/hw/McDMA_v0.xsa
TRACE::2025-08-14.13:54:58::SCWPlatform::DSA absoulate path C:/Users/ilpes/Desktop/Antenne_e_clocks/McDMA_workspace/McDMA_bsp/hw/McDMA_v0.xsa
TRACE::2025-08-14.13:54:58::SCWPlatform::DSA directory C:/Users/ilpes/Desktop/Antenne_e_clocks/McDMA_workspace/McDMA_bsp/hw
TRACE::2025-08-14.13:54:58::SCWPlatform:: Platform Path C:/Users/ilpes/Desktop/Antenne_e_clocks/McDMA_workspace/McDMA_bsp/hw/McDMA_v0.xsa
TRACE::2025-08-14.13:54:58::SCWPlatform:: Unique name xilinx:cmod_a7-35t::0.0
TRACE::2025-08-14.13:54:58::SCWPlatform::Trying to set the existing hwdb with name user_35t_wrapper_1
TRACE::2025-08-14.13:54:58::SCWPlatform::Opened existing hwdb user_35t_wrapper_1
TRACE::2025-08-14.13:54:58::SCWPlatform::Found the Hw Db part of the input DSA
TRACE::2025-08-14.13:54:58::SCWMssOS::Checking the sw design at  C:/Users/ilpes/Desktop/Antenne_e_clocks/McDMA_workspace/McDMA_bsp/microblaze_0/standalone_domain/bsp/system.mss
TRACE::2025-08-14.13:54:58::SCWMssOS::DEBUG:  swdes dump  C:/Users/ilpes/Desktop/Antenne_e_clocks/McDMA_workspace/McDMA_bsp/microblaze_0/standalone_domain/bsp/system.mss|system||

TRACE::2025-08-14.13:54:58::SCWMssOS::Sw design exists and opened at  C:/Users/ilpes/Desktop/Antenne_e_clocks/McDMA_workspace/McDMA_bsp/microblaze_0/standalone_domain/bsp/system.mss
TRACE::2025-08-14.15:10:25::SCWPlatform::Trying to open the hw design at C:/Users/ilpes/Desktop/Antenne_e_clocks/McDMA_workspace/McDMA_bsp/hw/McDMA_v0.xsa
TRACE::2025-08-14.15:10:25::SCWPlatform::DSA given C:/Users/ilpes/Desktop/Antenne_e_clocks/McDMA_workspace/McDMA_bsp/hw/McDMA_v0.xsa
TRACE::2025-08-14.15:10:25::SCWPlatform::DSA absoulate path C:/Users/ilpes/Desktop/Antenne_e_clocks/McDMA_workspace/McDMA_bsp/hw/McDMA_v0.xsa
TRACE::2025-08-14.15:10:27::SCWPlatform::DSA directory C:/Users/ilpes/Desktop/Antenne_e_clocks/McDMA_workspace/McDMA_bsp/hw
TRACE::2025-08-14.15:10:27::SCWPlatform:: Platform Path C:/Users/ilpes/Desktop/Antenne_e_clocks/McDMA_workspace/McDMA_bsp/hw/McDMA_v0.xsa
TRACE::2025-08-14.15:10:27::SCWPlatform:: Unique name xilinx:cmod_a7-35t::0.0
TRACE::2025-08-14.15:10:27::SCWPlatform::Do not have an existing db opened. 
TRACE::2025-08-14.15:10:27::SCWPlatform::Opened new HwDB with name user_35t_wrapper_1
TRACE::2025-08-14.15:10:27::SCWReader::Active system found as  McDMA_bsp
TRACE::2025-08-14.15:10:27::SCWReader::Handling sysconfig McDMA_bsp
TRACE::2025-08-14.15:10:27::SCWDomain::checking for install qemu data   : 
TRACE::2025-08-14.15:10:27::SCWPlatform::Trying to open the hw design at C:/Users/ilpes/Desktop/Antenne_e_clocks/McDMA_workspace/McDMA_bsp/hw/McDMA_v0.xsa
TRACE::2025-08-14.15:10:27::SCWPlatform::DSA given C:/Users/ilpes/Desktop/Antenne_e_clocks/McDMA_workspace/McDMA_bsp/hw/McDMA_v0.xsa
TRACE::2025-08-14.15:10:27::SCWPlatform::DSA absoulate path C:/Users/ilpes/Desktop/Antenne_e_clocks/McDMA_workspace/McDMA_bsp/hw/McDMA_v0.xsa
TRACE::2025-08-14.15:10:27::SCWPlatform::DSA directory C:/Users/ilpes/Desktop/Antenne_e_clocks/McDMA_workspace/McDMA_bsp/hw
TRACE::2025-08-14.15:10:27::SCWPlatform:: Platform Path C:/Users/ilpes/Desktop/Antenne_e_clocks/McDMA_workspace/McDMA_bsp/hw/McDMA_v0.xsa
TRACE::2025-08-14.15:10:27::SCWPlatform:: Unique name xilinx:cmod_a7-35t::0.0
TRACE::2025-08-14.15:10:27::SCWPlatform::Trying to set the existing hwdb with name user_35t_wrapper_1
TRACE::2025-08-14.15:10:27::SCWPlatform::Opened existing hwdb user_35t_wrapper_1
TRACE::2025-08-14.15:10:27::SCWPlatform::Found the Hw Db part of the input DSA
TRACE::2025-08-14.15:10:27::SCWPlatform::Trying to open the hw design at C:/Users/ilpes/Desktop/Antenne_e_clocks/McDMA_workspace/McDMA_bsp/hw/McDMA_v0.xsa
TRACE::2025-08-14.15:10:27::SCWPlatform::DSA given C:/Users/ilpes/Desktop/Antenne_e_clocks/McDMA_workspace/McDMA_bsp/hw/McDMA_v0.xsa
TRACE::2025-08-14.15:10:27::SCWPlatform::DSA absoulate path C:/Users/ilpes/Desktop/Antenne_e_clocks/McDMA_workspace/McDMA_bsp/hw/McDMA_v0.xsa
TRACE::2025-08-14.15:10:27::SCWPlatform::DSA directory C:/Users/ilpes/Desktop/Antenne_e_clocks/McDMA_workspace/McDMA_bsp/hw
TRACE::2025-08-14.15:10:27::SCWPlatform:: Platform Path C:/Users/ilpes/Desktop/Antenne_e_clocks/McDMA_workspace/McDMA_bsp/hw/McDMA_v0.xsa
TRACE::2025-08-14.15:10:27::SCWPlatform:: Unique name xilinx:cmod_a7-35t::0.0
TRACE::2025-08-14.15:10:27::SCWPlatform::Trying to set the existing hwdb with name user_35t_wrapper_1
TRACE::2025-08-14.15:10:27::SCWPlatform::Opened existing hwdb user_35t_wrapper_1
TRACE::2025-08-14.15:10:27::SCWPlatform::Found the Hw Db part of the input DSA
TRACE::2025-08-14.15:10:27::SCWPlatform::Trying to open the hw design at C:/Users/ilpes/Desktop/Antenne_e_clocks/McDMA_workspace/McDMA_bsp/hw/McDMA_v0.xsa
TRACE::2025-08-14.15:10:27::SCWPlatform::DSA given C:/Users/ilpes/Desktop/Antenne_e_clocks/McDMA_workspace/McDMA_bsp/hw/McDMA_v0.xsa
TRACE::2025-08-14.15:10:27::SCWPlatform::DSA absoulate path C:/Users/ilpes/Desktop/Antenne_e_clocks/McDMA_workspace/McDMA_bsp/hw/McDMA_v0.xsa
TRACE::2025-08-14.15:10:27::SCWPlatform::DSA directory C:/Users/ilpes/Desktop/Antenne_e_clocks/McDMA_workspace/McDMA_bsp/hw
TRACE::2025-08-14.15:10:27::SCWPlatform:: Platform Path C:/Users/ilpes/Desktop/Antenne_e_clocks/McDMA_workspace/McDMA_bsp/hw/McDMA_v0.xsa
TRACE::2025-08-14.15:10:27::SCWPlatform:: Unique name xilinx:cmod_a7-35t::0.0
TRACE::2025-08-14.15:10:27::SCWPlatform::Trying to set the existing hwdb with name user_35t_wrapper_1
TRACE::2025-08-14.15:10:27::SCWPlatform::Opened existing hwdb user_35t_wrapper_1
TRACE::2025-08-14.15:10:27::SCWPlatform::Found the Hw Db part of the input DSA
TRACE::2025-08-14.15:10:27::SCWPlatform::Trying to open the hw design at C:/Users/ilpes/Desktop/Antenne_e_clocks/McDMA_workspace/McDMA_bsp/hw/McDMA_v0.xsa
TRACE::2025-08-14.15:10:27::SCWPlatform::DSA given C:/Users/ilpes/Desktop/Antenne_e_clocks/McDMA_workspace/McDMA_bsp/hw/McDMA_v0.xsa
TRACE::2025-08-14.15:10:27::SCWPlatform::DSA absoulate path C:/Users/ilpes/Desktop/Antenne_e_clocks/McDMA_workspace/McDMA_bsp/hw/McDMA_v0.xsa
TRACE::2025-08-14.15:10:27::SCWPlatform::DSA directory C:/Users/ilpes/Desktop/Antenne_e_clocks/McDMA_workspace/McDMA_bsp/hw
TRACE::2025-08-14.15:10:27::SCWPlatform:: Platform Path C:/Users/ilpes/Desktop/Antenne_e_clocks/McDMA_workspace/McDMA_bsp/hw/McDMA_v0.xsa
TRACE::2025-08-14.15:10:27::SCWPlatform:: Unique name xilinx:cmod_a7-35t::0.0
TRACE::2025-08-14.15:10:27::SCWPlatform::Trying to set the existing hwdb with name user_35t_wrapper_1
TRACE::2025-08-14.15:10:27::SCWPlatform::Opened existing hwdb user_35t_wrapper_1
TRACE::2025-08-14.15:10:27::SCWPlatform::Found the Hw Db part of the input DSA
TRACE::2025-08-14.15:10:27::SCWMssOS::Checking the sw design at  C:/Users/ilpes/Desktop/Antenne_e_clocks/McDMA_workspace/McDMA_bsp/microblaze_0/standalone_domain/bsp/system.mss
TRACE::2025-08-14.15:10:27::SCWMssOS::DEBUG:  swdes dump  
TRACE::2025-08-14.15:10:27::SCWMssOS::No sw design opened at  C:/Users/ilpes/Desktop/Antenne_e_clocks/McDMA_workspace/McDMA_bsp/microblaze_0/standalone_domain/bsp/system.mss
TRACE::2025-08-14.15:10:27::SCWMssOS::mss exists loading the mss file  C:/Users/ilpes/Desktop/Antenne_e_clocks/McDMA_workspace/McDMA_bsp/microblaze_0/standalone_domain/bsp/system.mss
TRACE::2025-08-14.15:10:27::SCWMssOS::Opened the sw design from mss  C:/Users/ilpes/Desktop/Antenne_e_clocks/McDMA_workspace/McDMA_bsp/microblaze_0/standalone_domain/bsp/system.mss
TRACE::2025-08-14.15:10:27::SCWMssOS::Adding the swdes entry C:/Users/ilpes/Desktop/Antenne_e_clocks/McDMA_workspace/McDMA_bsp/microblaze_0/standalone_domain/bsp/system.mss with des name system
TRACE::2025-08-14.15:10:27::SCWMssOS::updating the scw layer about changes
TRACE::2025-08-14.15:10:27::SCWMssOS::Opened the sw design.  C:/Users/ilpes/Desktop/Antenne_e_clocks/McDMA_workspace/McDMA_bsp/microblaze_0/standalone_domain/bsp/system.mss
TRACE::2025-08-14.15:10:27::SCWMssOS::Saving the mss changes C:/Users/ilpes/Desktop/Antenne_e_clocks/McDMA_workspace/McDMA_bsp/microblaze_0/standalone_domain/bsp/system.mss
TRACE::2025-08-14.15:10:27::SCWMssOS::Found a swdesign opened with the mssfile.
TRACE::2025-08-14.15:10:27::SCWMssOS::Completed writemss as part of save.
TRACE::2025-08-14.15:10:27::SCWMssOS::Commit changes completed.
TRACE::2025-08-14.15:10:27::SCWReader::Adding prebuilt librarypaths as   
TRACE::2025-08-14.15:10:27::SCWReader::Adding prebuilt incpaths  as   
TRACE::2025-08-14.15:10:27::SCWPlatform::Trying to open the hw design at C:/Users/ilpes/Desktop/Antenne_e_clocks/McDMA_workspace/McDMA_bsp/hw/McDMA_v0.xsa
TRACE::2025-08-14.15:10:27::SCWPlatform::DSA given C:/Users/ilpes/Desktop/Antenne_e_clocks/McDMA_workspace/McDMA_bsp/hw/McDMA_v0.xsa
TRACE::2025-08-14.15:10:27::SCWPlatform::DSA absoulate path C:/Users/ilpes/Desktop/Antenne_e_clocks/McDMA_workspace/McDMA_bsp/hw/McDMA_v0.xsa
TRACE::2025-08-14.15:10:27::SCWPlatform::DSA directory C:/Users/ilpes/Desktop/Antenne_e_clocks/McDMA_workspace/McDMA_bsp/hw
TRACE::2025-08-14.15:10:27::SCWPlatform:: Platform Path C:/Users/ilpes/Desktop/Antenne_e_clocks/McDMA_workspace/McDMA_bsp/hw/McDMA_v0.xsa
TRACE::2025-08-14.15:10:27::SCWPlatform:: Unique name xilinx:cmod_a7-35t::0.0
TRACE::2025-08-14.15:10:27::SCWPlatform::Trying to set the existing hwdb with name user_35t_wrapper_1
TRACE::2025-08-14.15:10:27::SCWPlatform::Opened existing hwdb user_35t_wrapper_1
TRACE::2025-08-14.15:10:27::SCWPlatform::Found the Hw Db part of the input DSA
TRACE::2025-08-14.15:10:27::SCWMssOS::Checking the sw design at  C:/Users/ilpes/Desktop/Antenne_e_clocks/McDMA_workspace/McDMA_bsp/microblaze_0/standalone_domain/bsp/system.mss
TRACE::2025-08-14.15:10:27::SCWMssOS::DEBUG:  swdes dump  C:/Users/ilpes/Desktop/Antenne_e_clocks/McDMA_workspace/McDMA_bsp/microblaze_0/standalone_domain/bsp/system.mss|system||

TRACE::2025-08-14.15:10:27::SCWMssOS::Sw design exists and opened at  C:/Users/ilpes/Desktop/Antenne_e_clocks/McDMA_workspace/McDMA_bsp/microblaze_0/standalone_domain/bsp/system.mss
TRACE::2025-08-14.15:10:27::SCWReader::No isolation master present  
LOG::2025-08-14.15:10:27::SCWPlatform::Started generating the artifacts platform McDMA_bsp
TRACE::2025-08-14.15:10:27::SCWPlatform::Sanity checking of platform is completed
LOG::2025-08-14.15:10:28::SCWPlatform::Started generating the artifacts for system configuration McDMA_bsp
LOG::2025-08-14.15:10:28::SCWSystem::Checking the domain standalone_domain
LOG::2025-08-14.15:10:28::SCWSystem::Not a boot domain 
LOG::2025-08-14.15:10:28::SCWSystem::Started Processing the domain standalone_domain
TRACE::2025-08-14.15:10:28::SCWDomain::Generating domain artifcats
TRACE::2025-08-14.15:10:28::SCWMssOS::Generating standalone artifcats
TRACE::2025-08-14.15:10:28::SCWMssOS:: Copying the user libraries. 
TRACE::2025-08-14.15:10:28::SCWPlatform::Trying to open the hw design at C:/Users/ilpes/Desktop/Antenne_e_clocks/McDMA_workspace/McDMA_bsp/hw/McDMA_v0.xsa
TRACE::2025-08-14.15:10:28::SCWPlatform::DSA given C:/Users/ilpes/Desktop/Antenne_e_clocks/McDMA_workspace/McDMA_bsp/hw/McDMA_v0.xsa
TRACE::2025-08-14.15:10:28::SCWPlatform::DSA absoulate path C:/Users/ilpes/Desktop/Antenne_e_clocks/McDMA_workspace/McDMA_bsp/hw/McDMA_v0.xsa
TRACE::2025-08-14.15:10:28::SCWPlatform::DSA directory C:/Users/ilpes/Desktop/Antenne_e_clocks/McDMA_workspace/McDMA_bsp/hw
TRACE::2025-08-14.15:10:28::SCWPlatform:: Platform Path C:/Users/ilpes/Desktop/Antenne_e_clocks/McDMA_workspace/McDMA_bsp/hw/McDMA_v0.xsa
TRACE::2025-08-14.15:10:28::SCWPlatform:: Unique name xilinx:cmod_a7-35t::0.0
TRACE::2025-08-14.15:10:28::SCWPlatform::Trying to set the existing hwdb with name user_35t_wrapper_1
TRACE::2025-08-14.15:10:28::SCWPlatform::Opened existing hwdb user_35t_wrapper_1
TRACE::2025-08-14.15:10:28::SCWPlatform::Found the Hw Db part of the input DSA
TRACE::2025-08-14.15:10:28::SCWMssOS::Checking the sw design at  C:/Users/ilpes/Desktop/Antenne_e_clocks/McDMA_workspace/McDMA_bsp/microblaze_0/standalone_domain/bsp/system.mss
TRACE::2025-08-14.15:10:28::SCWMssOS::DEBUG:  swdes dump  C:/Users/ilpes/Desktop/Antenne_e_clocks/McDMA_workspace/McDMA_bsp/microblaze_0/standalone_domain/bsp/system.mss|system||

TRACE::2025-08-14.15:10:28::SCWMssOS::Sw design exists and opened at  C:/Users/ilpes/Desktop/Antenne_e_clocks/McDMA_workspace/McDMA_bsp/microblaze_0/standalone_domain/bsp/system.mss
TRACE::2025-08-14.15:10:28::SCWMssOS::Completed writing the mss file at C:/Users/ilpes/Desktop/Antenne_e_clocks/McDMA_workspace/McDMA_bsp/microblaze_0/standalone_domain/bsp
TRACE::2025-08-14.15:10:28::SCWMssOS::Mss edits present, copying mssfile into export location C:/Users/ilpes/Desktop/Antenne_e_clocks/McDMA_workspace/McDMA_bsp/microblaze_0/standalone_domain/bsp/system.mss
TRACE::2025-08-14.15:10:28::SCWMssOS::bsp generated is upto date with the mss file. Skipping bsp generation.
TRACE::2025-08-14.15:10:28::SCWMssOS::BSP is already built. skipping the bsp build ... 
TRACE::2025-08-14.15:10:28::SCWDomain::Building the domain as part of full build :  standalone_domain
TRACE::2025-08-14.15:10:28::SCWMssOS::doing bsp build ... 
TRACE::2025-08-14.15:10:28::SCWMssOS::System Command Ran  C: & cd  C:/Users/ilpes/Desktop/Antenne_e_clocks/McDMA_workspace/McDMA_bsp/microblaze_0/standalone_domain/bsp & make 
TRACE::2025-08-14.15:10:28::SCWMssOS::make --no-print-directory seq_libs

TRACE::2025-08-14.15:10:28::SCWMssOS::'Finished building libraries sequentially.'

TRACE::2025-08-14.15:10:28::SCWMssOS::make -j --no-print-directory par_libs

TRACE::2025-08-14.15:10:28::SCWMssOS::"Running Make include in microblaze_0/libsrc/axidma_v9_12/src"

TRACE::2025-08-14.15:10:28::SCWMssOS::make -C microblaze_0/libsrc/axidma_v9_12/src -s include  "SHELL=CMD" "COMPILER=mb-gcc" "ASSEMBLER=mb-as" "ARCHIVER=mb-ar" "COMP
TRACE::2025-08-14.15:10:28::SCWMssOS::ILER_FLAGS=  -O2 -c -mcpu=v11.0 -mlittle-endian -mno-xl-soft-div -mno-xl-soft-mul -mxl-barrel-shift -mxl-pattern-compare" "EXTR
TRACE::2025-08-14.15:10:28::SCWMssOS::A_COMPILER_FLAGS=-g -ffunction-sections -fdata-sections -Wall -Wextra"

TRACE::2025-08-14.15:10:28::SCWMssOS::"Running Make include in microblaze_0/libsrc/bram_v4_5/src"

TRACE::2025-08-14.15:10:28::SCWMssOS::make -C microblaze_0/libsrc/bram_v4_5/src -s include  "SHELL=CMD" "COMPILER=mb-gcc" "ASSEMBLER=mb-as" "ARCHIVER=mb-ar" "COMPILE
TRACE::2025-08-14.15:10:28::SCWMssOS::R_FLAGS=  -O2 -c -mcpu=v11.0 -mlittle-endian -mno-xl-soft-div -mno-xl-soft-mul -mxl-barrel-shift -mxl-pattern-compare" "EXTRA_C
TRACE::2025-08-14.15:10:28::SCWMssOS::OMPILER_FLAGS=-g -ffunction-sections -fdata-sections -Wall -Wextra"

TRACE::2025-08-14.15:10:28::SCWMssOS::"Running Make include in microblaze_0/libsrc/cpu_v2_12/src"

TRACE::2025-08-14.15:10:28::SCWMssOS::make -C microblaze_0/libsrc/cpu_v2_12/src -s include  "SHELL=CMD" "COMPILER=mb-gcc" "ASSEMBLER=mb-as" "ARCHIVER=mb-ar" "COMPILE
TRACE::2025-08-14.15:10:28::SCWMssOS::R_FLAGS=  -O2 -c -mcpu=v11.0 -mlittle-endian -mno-xl-soft-div -mno-xl-soft-mul -mxl-barrel-shift -mxl-pattern-compare" "EXTRA_C
TRACE::2025-08-14.15:10:28::SCWMssOS::OMPILER_FLAGS=-g -ffunction-sections -fdata-sections -Wall -Wextra"

TRACE::2025-08-14.15:10:28::SCWMssOS::"Running Make include in microblaze_0/libsrc/gpio_v4_7/src"

TRACE::2025-08-14.15:10:28::SCWMssOS::make -C microblaze_0/libsrc/gpio_v4_7/src -s include  "SHELL=CMD" "COMPILER=mb-gcc" "ASSEMBLER=mb-as" "ARCHIVER=mb-ar" "COMPILE
TRACE::2025-08-14.15:10:28::SCWMssOS::R_FLAGS=  -O2 -c -mcpu=v11.0 -mlittle-endian -mno-xl-soft-div -mno-xl-soft-mul -mxl-barrel-shift -mxl-pattern-compare" "EXTRA_C
TRACE::2025-08-14.15:10:28::SCWMssOS::OMPILER_FLAGS=-g -ffunction-sections -fdata-sections -Wall -Wextra"

TRACE::2025-08-14.15:10:28::SCWMssOS::"Running Make include in microblaze_0/libsrc/iic_v3_7/src"

TRACE::2025-08-14.15:10:28::SCWMssOS::make -C microblaze_0/libsrc/iic_v3_7/src -s include  "SHELL=CMD" "COMPILER=mb-gcc" "ASSEMBLER=mb-as" "ARCHIVER=mb-ar" "COMPILER
TRACE::2025-08-14.15:10:28::SCWMssOS::_FLAGS=  -O2 -c -mcpu=v11.0 -mlittle-endian -mno-xl-soft-div -mno-xl-soft-mul -mxl-barrel-shift -mxl-pattern-compare" "EXTRA_CO
TRACE::2025-08-14.15:10:28::SCWMssOS::MPILER_FLAGS=-g -ffunction-sections -fdata-sections -Wall -Wextra"

TRACE::2025-08-14.15:10:28::SCWMssOS::"Running Make include in microblaze_0/libsrc/intc_v3_12/src"

TRACE::2025-08-14.15:10:28::SCWMssOS::make -C microblaze_0/libsrc/intc_v3_12/src -s include  "SHELL=CMD" "COMPILER=mb-gcc" "ASSEMBLER=mb-as" "ARCHIVER=mb-ar" "COMPIL
TRACE::2025-08-14.15:10:28::SCWMssOS::ER_FLAGS=  -O2 -c -mcpu=v11.0 -mlittle-endian -mno-xl-soft-div -mno-xl-soft-mul -mxl-barrel-shift -mxl-pattern-compare" "EXTRA_
TRACE::2025-08-14.15:10:28::SCWMssOS::COMPILER_FLAGS=-g -ffunction-sections -fdata-sections -Wall -Wextra"

TRACE::2025-08-14.15:10:28::SCWMssOS::"Running Make include in microblaze_0/libsrc/spi_v4_7/src"

TRACE::2025-08-14.15:10:28::SCWMssOS::make -C microblaze_0/libsrc/spi_v4_7/src -s include  "SHELL=CMD" "COMPILER=mb-gcc" "ASSEMBLER=mb-as" "ARCHIVER=mb-ar" "COMPILER
TRACE::2025-08-14.15:10:28::SCWMssOS::_FLAGS=  -O2 -c -mcpu=v11.0 -mlittle-endian -mno-xl-soft-div -mno-xl-soft-mul -mxl-barrel-shift -mxl-pattern-compare" "EXTRA_CO
TRACE::2025-08-14.15:10:28::SCWMssOS::MPILER_FLAGS=-g -ffunction-sections -fdata-sections -Wall -Wextra"

TRACE::2025-08-14.15:10:28::SCWMssOS::"Running Make include in microblaze_0/libsrc/standalone_v7_3/src"

TRACE::2025-08-14.15:10:28::SCWMssOS::make -C microblaze_0/libsrc/standalone_v7_3/src -s include  "SHELL=CMD" "COMPILER=mb-gcc" "ASSEMBLER=mb-as" "ARCHIVER=mb-ar" "C
TRACE::2025-08-14.15:10:28::SCWMssOS::OMPILER_FLAGS=  -O2 -c -mcpu=v11.0 -mlittle-endian -mno-xl-soft-div -mno-xl-soft-mul -mxl-barrel-shift -mxl-pattern-compare" "E
TRACE::2025-08-14.15:10:28::SCWMssOS::XTRA_COMPILER_FLAGS=-g -ffunction-sections -fdata-sections -Wall -Wextra"

TRACE::2025-08-14.15:10:28::SCWMssOS::"Running Make include in microblaze_0/libsrc/sysmon_v7_7/src"

TRACE::2025-08-14.15:10:28::SCWMssOS::make -C microblaze_0/libsrc/sysmon_v7_7/src -s include  "SHELL=CMD" "COMPILER=mb-gcc" "ASSEMBLER=mb-as" "ARCHIVER=mb-ar" "COMPI
TRACE::2025-08-14.15:10:28::SCWMssOS::LER_FLAGS=  -O2 -c -mcpu=v11.0 -mlittle-endian -mno-xl-soft-div -mno-xl-soft-mul -mxl-barrel-shift -mxl-pattern-compare" "EXTRA
TRACE::2025-08-14.15:10:28::SCWMssOS::_COMPILER_FLAGS=-g -ffunction-sections -fdata-sections -Wall -Wextra"

TRACE::2025-08-14.15:10:28::SCWMssOS::"Running Make include in microblaze_0/libsrc/tmrctr_v4_7/src"

TRACE::2025-08-14.15:10:28::SCWMssOS::make -C microblaze_0/libsrc/tmrctr_v4_7/src -s include  "SHELL=CMD" "COMPILER=mb-gcc" "ASSEMBLER=mb-as" "ARCHIVER=mb-ar" "COMPI
TRACE::2025-08-14.15:10:28::SCWMssOS::LER_FLAGS=  -O2 -c -mcpu=v11.0 -mlittle-endian -mno-xl-soft-div -mno-xl-soft-mul -mxl-barrel-shift -mxl-pattern-compare" "EXTRA
TRACE::2025-08-14.15:10:28::SCWMssOS::_COMPILER_FLAGS=-g -ffunction-sections -fdata-sections -Wall -Wextra"

TRACE::2025-08-14.15:10:28::SCWMssOS::"Running Make include in microblaze_0/libsrc/uartlite_v3_5/src"

TRACE::2025-08-14.15:10:28::SCWMssOS::make -C microblaze_0/libsrc/uartlite_v3_5/src -s include  "SHELL=CMD" "COMPILER=mb-gcc" "ASSEMBLER=mb-as" "ARCHIVER=mb-ar" "COM
TRACE::2025-08-14.15:10:28::SCWMssOS::PILER_FLAGS=  -O2 -c -mcpu=v11.0 -mlittle-endian -mno-xl-soft-div -mno-xl-soft-mul -mxl-barrel-shift -mxl-pattern-compare" "EXT
TRACE::2025-08-14.15:10:28::SCWMssOS::RA_COMPILER_FLAGS=-g -ffunction-sections -fdata-sections -Wall -Wextra"

TRACE::2025-08-14.15:10:29::SCWMssOS::"Running Make libs in microblaze_0/libsrc/axidma_v9_12/src"

TRACE::2025-08-14.15:10:29::SCWMssOS::make -C microblaze_0/libsrc/axidma_v9_12/src -s libs  "SHELL=CMD" "COMPILER=mb-gcc" "ASSEMBLER=mb-as" "ARCHIVER=mb-ar" "COMPILE
TRACE::2025-08-14.15:10:29::SCWMssOS::R_FLAGS=  -O2 -c -mcpu=v11.0 -mlittle-endian -mno-xl-soft-div -mno-xl-soft-mul -mxl-barrel-shift -mxl-pattern-compare" "EXTRA_C
TRACE::2025-08-14.15:10:29::SCWMssOS::OMPILER_FLAGS=-g -ffunction-sections -fdata-sections -Wall -Wextra"

TRACE::2025-08-14.15:10:29::SCWMssOS::"Running Make libs in microblaze_0/libsrc/bram_v4_5/src"

TRACE::2025-08-14.15:10:29::SCWMssOS::make -C microblaze_0/libsrc/bram_v4_5/src -s libs  "SHELL=CMD" "COMPILER=mb-gcc" "ASSEMBLER=mb-as" "ARCHIVER=mb-ar" "COMPILER_F
TRACE::2025-08-14.15:10:29::SCWMssOS::LAGS=  -O2 -c -mcpu=v11.0 -mlittle-endian -mno-xl-soft-div -mno-xl-soft-mul -mxl-barrel-shift -mxl-pattern-compare" "EXTRA_COMP
TRACE::2025-08-14.15:10:29::SCWMssOS::ILER_FLAGS=-g -ffunction-sections -fdata-sections -Wall -Wextra"

TRACE::2025-08-14.15:10:29::SCWMssOS::"Running Make libs in microblaze_0/libsrc/cpu_v2_12/src"

TRACE::2025-08-14.15:10:29::SCWMssOS::make -C microblaze_0/libsrc/cpu_v2_12/src -s libs  "SHELL=CMD" "COMPILER=mb-gcc" "ASSEMBLER=mb-as" "ARCHIVER=mb-ar" "COMPILER_F
TRACE::2025-08-14.15:10:29::SCWMssOS::LAGS=  -O2 -c -mcpu=v11.0 -mlittle-endian -mno-xl-soft-div -mno-xl-soft-mul -mxl-barrel-shift -mxl-pattern-compare" "EXTRA_COMP
TRACE::2025-08-14.15:10:29::SCWMssOS::ILER_FLAGS=-g -ffunction-sections -fdata-sections -Wall -Wextra"

TRACE::2025-08-14.15:10:29::SCWMssOS::"Running Make libs in microblaze_0/libsrc/gpio_v4_7/src"

TRACE::2025-08-14.15:10:29::SCWMssOS::make -C microblaze_0/libsrc/gpio_v4_7/src -s libs  "SHELL=CMD" "COMPILER=mb-gcc" "ASSEMBLER=mb-as" "ARCHIVER=mb-ar" "COMPILER_F
TRACE::2025-08-14.15:10:29::SCWMssOS::LAGS=  -O2 -c -mcpu=v11.0 -mlittle-endian -mno-xl-soft-div -mno-xl-soft-mul -mxl-barrel-shift -mxl-pattern-compare" "EXTRA_COMP
TRACE::2025-08-14.15:10:29::SCWMssOS::ILER_FLAGS=-g -ffunction-sections -fdata-sections -Wall -Wextra"

TRACE::2025-08-14.15:10:29::SCWMssOS::"Running Make libs in microblaze_0/libsrc/iic_v3_7/src"

TRACE::2025-08-14.15:10:29::SCWMssOS::make -C microblaze_0/libsrc/iic_v3_7/src -s libs  "SHELL=CMD" "COMPILER=mb-gcc" "ASSEMBLER=mb-as" "ARCHIVER=mb-ar" "COMPILER_FL
TRACE::2025-08-14.15:10:29::SCWMssOS::AGS=  -O2 -c -mcpu=v11.0 -mlittle-endian -mno-xl-soft-div -mno-xl-soft-mul -mxl-barrel-shift -mxl-pattern-compare" "EXTRA_COMPI
TRACE::2025-08-14.15:10:29::SCWMssOS::LER_FLAGS=-g -ffunction-sections -fdata-sections -Wall -Wextra"

TRACE::2025-08-14.15:10:29::SCWMssOS::"Running Make libs in microblaze_0/libsrc/intc_v3_12/src"

TRACE::2025-08-14.15:10:29::SCWMssOS::make -C microblaze_0/libsrc/intc_v3_12/src -s libs  "SHELL=CMD" "COMPILER=mb-gcc" "ASSEMBLER=mb-as" "ARCHIVER=mb-ar" "COMPILER_
TRACE::2025-08-14.15:10:29::SCWMssOS::FLAGS=  -O2 -c -mcpu=v11.0 -mlittle-endian -mno-xl-soft-div -mno-xl-soft-mul -mxl-barrel-shift -mxl-pattern-compare" "EXTRA_COM
TRACE::2025-08-14.15:10:29::SCWMssOS::PILER_FLAGS=-g -ffunction-sections -fdata-sections -Wall -Wextra"

TRACE::2025-08-14.15:10:29::SCWMssOS::"Running Make libs in microblaze_0/libsrc/spi_v4_7/src"

TRACE::2025-08-14.15:10:29::SCWMssOS::make -C microblaze_0/libsrc/spi_v4_7/src -s libs  "SHELL=CMD" "COMPILER=mb-gcc" "ASSEMBLER=mb-as" "ARCHIVER=mb-ar" "COMPILER_FL
TRACE::2025-08-14.15:10:29::SCWMssOS::AGS=  -O2 -c -mcpu=v11.0 -mlittle-endian -mno-xl-soft-div -mno-xl-soft-mul -mxl-barrel-shift -mxl-pattern-compare" "EXTRA_COMPI
TRACE::2025-08-14.15:10:29::SCWMssOS::LER_FLAGS=-g -ffunction-sections -fdata-sections -Wall -Wextra"

TRACE::2025-08-14.15:10:29::SCWMssOS::"Running Make libs in microblaze_0/libsrc/standalone_v7_3/src"

TRACE::2025-08-14.15:10:29::SCWMssOS::make -C microblaze_0/libsrc/standalone_v7_3/src -s libs  "SHELL=CMD" "COMPILER=mb-gcc" "ASSEMBLER=mb-as" "ARCHIVER=mb-ar" "COMP
TRACE::2025-08-14.15:10:29::SCWMssOS::ILER_FLAGS=  -O2 -c -mcpu=v11.0 -mlittle-endian -mno-xl-soft-div -mno-xl-soft-mul -mxl-barrel-shift -mxl-pattern-compare" "EXTR
TRACE::2025-08-14.15:10:29::SCWMssOS::A_COMPILER_FLAGS=-g -ffunction-sections -fdata-sections -Wall -Wextra"

TRACE::2025-08-14.15:10:29::SCWMssOS::"Running Make libs in microblaze_0/libsrc/sysmon_v7_7/src"

TRACE::2025-08-14.15:10:29::SCWMssOS::make -C microblaze_0/libsrc/sysmon_v7_7/src -s libs  "SHELL=CMD" "COMPILER=mb-gcc" "ASSEMBLER=mb-as" "ARCHIVER=mb-ar" "COMPILER
TRACE::2025-08-14.15:10:29::SCWMssOS::_FLAGS=  -O2 -c -mcpu=v11.0 -mlittle-endian -mno-xl-soft-div -mno-xl-soft-mul -mxl-barrel-shift -mxl-pattern-compare" "EXTRA_CO
TRACE::2025-08-14.15:10:29::SCWMssOS::MPILER_FLAGS=-g -ffunction-sections -fdata-sections -Wall -Wextra"

TRACE::2025-08-14.15:10:29::SCWMssOS::"Running Make libs in microblaze_0/libsrc/tmrctr_v4_7/src"

TRACE::2025-08-14.15:10:29::SCWMssOS::make -C microblaze_0/libsrc/tmrctr_v4_7/src -s libs  "SHELL=CMD" "COMPILER=mb-gcc" "ASSEMBLER=mb-as" "ARCHIVER=mb-ar" "COMPILER
TRACE::2025-08-14.15:10:29::SCWMssOS::_FLAGS=  -O2 -c -mcpu=v11.0 -mlittle-endian -mno-xl-soft-div -mno-xl-soft-mul -mxl-barrel-shift -mxl-pattern-compare" "EXTRA_CO
TRACE::2025-08-14.15:10:29::SCWMssOS::MPILER_FLAGS=-g -ffunction-sections -fdata-sections -Wall -Wextra"

TRACE::2025-08-14.15:10:29::SCWMssOS::"Running Make libs in microblaze_0/libsrc/uartlite_v3_5/src"

TRACE::2025-08-14.15:10:29::SCWMssOS::make -C microblaze_0/libsrc/uartlite_v3_5/src -s libs  "SHELL=CMD" "COMPILER=mb-gcc" "ASSEMBLER=mb-as" "ARCHIVER=mb-ar" "COMPIL
TRACE::2025-08-14.15:10:29::SCWMssOS::ER_FLAGS=  -O2 -c -mcpu=v11.0 -mlittle-endian -mno-xl-soft-div -mno-xl-soft-mul -mxl-barrel-shift -mxl-pattern-compare" "EXTRA_
TRACE::2025-08-14.15:10:29::SCWMssOS::COMPILER_FLAGS=-g -ffunction-sections -fdata-sections -Wall -Wextra"

TRACE::2025-08-14.15:10:29::SCWMssOS::'Finished building libraries parallelly.'

TRACE::2025-08-14.15:10:29::SCWMssOS::make --no-print-directory archive

TRACE::2025-08-14.15:10:29::SCWMssOS::mb-ar -r  microblaze_0/lib/libxil.a microblaze_0/lib/xtmrctr_l.o microblaze_0/lib/xplatform_info.o microblaze_0/lib/xtmrctr_opt
TRACE::2025-08-14.15:10:29::SCWMssOS::ions.o microblaze_0/lib/microblaze_disable_exceptions.o microblaze_0/lib/print.o microblaze_0/lib/xspi_options.o microblaze_0/l
TRACE::2025-08-14.15:10:29::SCWMssOS::ib/xil_testio.o microblaze_0/lib/microblaze_disable_dcache.o microblaze_0/lib/microblaze_flush_dcache_range.o microblaze_0/lib/
TRACE::2025-08-14.15:10:29::SCWMssOS::xspi_g.o microblaze_0/lib/microblaze_flush_cache_ext.o microblaze_0/lib/xspi.o microblaze_0/lib/xspi_sinit.o microblaze_0/lib/i
TRACE::2025-08-14.15:10:29::SCWMssOS::nbyte.o microblaze_0/lib/xil_misc_psreset_api.o microblaze_0/lib/xspi_selftest.o microblaze_0/lib/xsysmon_g.o microblaze_0/lib/
TRACE::2025-08-14.15:10:29::SCWMssOS::xil_cache.o microblaze_0/lib/xil_util.o microblaze_0/lib/xiic_g.o microblaze_0/lib/xiic_multi_master.o microblaze_0/lib/xiic_si
TRACE::2025-08-14.15:10:29::SCWMssOS::nit.o microblaze_0/lib/microblaze_exception_handler.o microblaze_0/lib/xbram_g.o microblaze_0/lib/xbram_sinit.o microblaze_0/li
TRACE::2025-08-14.15:10:29::SCWMssOS::b/microblaze_scrub.o microblaze_0/lib/xtmrctr_intr.o microblaze_0/lib/microblaze_invalidate_dcache.o microblaze_0/lib/microblaz
TRACE::2025-08-14.15:10:29::SCWMssOS::e_disable_interrupts.o microblaze_0/lib/xbram_selftest.o microblaze_0/lib/microblaze_interrupt_handler.o microblaze_0/lib/micro
TRACE::2025-08-14.15:10:29::SCWMssOS::blaze_disable_icache.o microblaze_0/lib/xaxidma_sinit.o microblaze_0/lib/xsysmon_intr.o microblaze_0/lib/xgpio_g.o microblaze_0
TRACE::2025-08-14.15:10:29::SCWMssOS::/lib/xuartlite_g.o microblaze_0/lib/xtmrctr_stats.o microblaze_0/lib/xaxidma_selftest.o microblaze_0/lib/xiic_master.o microbla
TRACE::2025-08-14.15:10:29::SCWMssOS::ze_0/lib/xspi_stats.o microblaze_0/lib/xuartlite_intr.o microblaze_0/lib/microblaze_flush_cache_ext_range.o microblaze_0/lib/xa
TRACE::2025-08-14.15:10:29::SCWMssOS::xidma_bd.o microblaze_0/lib/xiic_intr.o microblaze_0/lib/xbram_intr.o microblaze_0/lib/xil_sleepcommon.o microblaze_0/lib/xil_p
TRACE::2025-08-14.15:10:29::SCWMssOS::rintf.o microblaze_0/lib/xintc_g.o microblaze_0/lib/xintc_selftest.o microblaze_0/lib/xintc_l.o microblaze_0/lib/outbyte.o micr
TRACE::2025-08-14.15:10:29::SCWMssOS::oblaze_0/lib/xgpio_extra.o microblaze_0/lib/xgpio_intr.o microblaze_0/lib/xiic_slave.o microblaze_0/lib/microblaze_invalidate_d
TRACE::2025-08-14.15:10:29::SCWMssOS::cache_range.o microblaze_0/lib/xil_testmem.o microblaze_0/lib/microblaze_invalidate_cache_ext.o microblaze_0/lib/microblaze_sle
TRACE::2025-08-14.15:10:29::SCWMssOS::ep.o microblaze_0/lib/xuartlite_sinit.o microblaze_0/lib/hw_exception_handler.o microblaze_0/lib/xtmrctr.o microblaze_0/lib/xin
TRACE::2025-08-14.15:10:29::SCWMssOS::tc_options.o microblaze_0/lib/xuartlite_selftest.o microblaze_0/lib/xgpio_sinit.o microblaze_0/lib/xuartlite.o microblaze_0/lib
TRACE::2025-08-14.15:10:29::SCWMssOS::/microblaze_update_dcache.o microblaze_0/lib/xaxidma_g.o microblaze_0/lib/xil_testcache.o microblaze_0/lib/microblaze_selftest.
TRACE::2025-08-14.15:10:29::SCWMssOS::o microblaze_0/lib/microblaze_interrupts_g.o microblaze_0/lib/microblaze_enable_exceptions.o microblaze_0/lib/xil_mem.o microbl
TRACE::2025-08-14.15:10:29::SCWMssOS::aze_0/lib/xsysmon_sinit.o microblaze_0/lib/xtmrctr_g.o microblaze_0/lib/microblaze_enable_dcache.o microblaze_0/lib/xiic_l.o mi
TRACE::2025-08-14.15:10:29::SCWMssOS::croblaze_0/lib/_exit.o microblaze_0/lib/microblaze_invalidate_icache_range.o microblaze_0/lib/xtmrctr_selftest.o microblaze_0/l
TRACE::2025-08-14.15:10:29::SCWMssOS::ib/xgpio.o microblaze_0/lib/microblaze_init_dcache_range.o microblaze_0/lib/microblaze_invalidate_icache.o microblaze_0/lib/xax
TRACE::2025-08-14.15:10:29::SCWMssOS::idma.o microblaze_0/lib/errno.o microblaze_0/lib/xiic_dyn_master.o microblaze_0/lib/xintc.o microblaze_0/lib/xuartlite_stats.o 
TRACE::2025-08-14.15:10:29::SCWMssOS::microblaze_0/lib/microblaze_invalidate_cache_ext_range.o microblaze_0/lib/xintc_intr.o microblaze_0/lib/xil_exception.o microbl
TRACE::2025-08-14.15:10:29::SCWMssOS::aze_0/lib/pvr.o microblaze_0/lib/xbram.o microblaze_0/lib/xiic_options.o microblaze_0/lib/microblaze_update_icache.o microblaze
TRACE::2025-08-14.15:10:29::SCWMssOS::_0/lib/microblaze_flush_dcache.o microblaze_0/lib/xil_clocking.o microblaze_0/lib/xil_assert.o microblaze_0/lib/xiic_stats.o mi
TRACE::2025-08-14.15:10:29::SCWMssOS::croblaze_0/lib/microblaze_enable_interrupts.o microblaze_0/lib/xio.o microblaze_0/lib/microblaze_enable_icache.o microblaze_0/l
TRACE::2025-08-14.15:10:29::SCWMssOS::ib/xiic.o microblaze_0/lib/xsysmon.o microblaze_0/lib/microblaze_init_icache_range.o microblaze_0/lib/xaxidma_bdring.o microbla
TRACE::2025-08-14.15:10:29::SCWMssOS::ze_0/lib/xuartlite_l.o microblaze_0/lib/xtmrctr_sinit.o microblaze_0/lib/xiic_selftest.o microblaze_0/lib/xsysmon_selftest.o mi
TRACE::2025-08-14.15:10:29::SCWMssOS::croblaze_0/lib/fcntl.o microblaze_0/lib/xgpio_selftest.o

TRACE::2025-08-14.15:10:30::SCWMssOS::'Finished building libraries'

TRACE::2025-08-14.15:10:30::SCWMssOS::Copying to export directory.
TRACE::2025-08-14.15:10:30::SCWMssOS:: Checking if to create the Supporting Applications
TRACE::2025-08-14.15:10:30::SCWMssOS:: No Linux domain exists, trying to generate FSBL 
LOG::2025-08-14.15:10:30::SCWSystem::Completed Processing the domain standalone_domain
LOG::2025-08-14.15:10:30::SCWSystem::Completed Processing the sysconfig McDMA_bsp
LOG::2025-08-14.15:10:30::SCWPlatform::Completed generating the artifacts for system configuration McDMA_bsp
TRACE::2025-08-14.15:10:30::SCWPlatform::Started preparing the platform 
TRACE::2025-08-14.15:10:30::SCWSystem::Writing the bif file for system config McDMA_bsp
TRACE::2025-08-14.15:10:30::SCWSystem::dir created 
TRACE::2025-08-14.15:10:30::SCWSystem::Writing the bif 
TRACE::2025-08-14.15:10:30::SCWPlatform::Started writing the spfm file 
TRACE::2025-08-14.15:10:30::SCWPlatform::Started writing the xpfm file 
TRACE::2025-08-14.15:10:30::SCWPlatform::Completed generating the platform
TRACE::2025-08-14.15:10:30::SCWMssOS::Saving the mss changes C:/Users/ilpes/Desktop/Antenne_e_clocks/McDMA_workspace/McDMA_bsp/microblaze_0/standalone_domain/bsp/system.mss
TRACE::2025-08-14.15:10:30::SCWMssOS::Found a swdesign opened with the mssfile.
TRACE::2025-08-14.15:10:30::SCWMssOS::Completed writemss as part of save.
TRACE::2025-08-14.15:10:30::SCWMssOS::Commit changes completed.
TRACE::2025-08-14.15:10:30::SCWPlatform::Trying to open the hw design at C:/Users/ilpes/Desktop/Antenne_e_clocks/McDMA_workspace/McDMA_bsp/hw/McDMA_v0.xsa
TRACE::2025-08-14.15:10:30::SCWPlatform::DSA given C:/Users/ilpes/Desktop/Antenne_e_clocks/McDMA_workspace/McDMA_bsp/hw/McDMA_v0.xsa
TRACE::2025-08-14.15:10:30::SCWPlatform::DSA absoulate path C:/Users/ilpes/Desktop/Antenne_e_clocks/McDMA_workspace/McDMA_bsp/hw/McDMA_v0.xsa
TRACE::2025-08-14.15:10:30::SCWPlatform::DSA directory C:/Users/ilpes/Desktop/Antenne_e_clocks/McDMA_workspace/McDMA_bsp/hw
TRACE::2025-08-14.15:10:30::SCWPlatform:: Platform Path C:/Users/ilpes/Desktop/Antenne_e_clocks/McDMA_workspace/McDMA_bsp/hw/McDMA_v0.xsa
TRACE::2025-08-14.15:10:30::SCWPlatform:: Unique name xilinx:cmod_a7-35t::0.0
TRACE::2025-08-14.15:10:30::SCWPlatform::Trying to set the existing hwdb with name user_35t_wrapper_1
TRACE::2025-08-14.15:10:30::SCWPlatform::Opened existing hwdb user_35t_wrapper_1
TRACE::2025-08-14.15:10:30::SCWPlatform::Found the Hw Db part of the input DSA
TRACE::2025-08-14.15:10:30::SCWMssOS::Checking the sw design at  C:/Users/ilpes/Desktop/Antenne_e_clocks/McDMA_workspace/McDMA_bsp/microblaze_0/standalone_domain/bsp/system.mss
TRACE::2025-08-14.15:10:30::SCWMssOS::DEBUG:  swdes dump  C:/Users/ilpes/Desktop/Antenne_e_clocks/McDMA_workspace/McDMA_bsp/microblaze_0/standalone_domain/bsp/system.mss|system||

TRACE::2025-08-14.15:10:30::SCWMssOS::Sw design exists and opened at  C:/Users/ilpes/Desktop/Antenne_e_clocks/McDMA_workspace/McDMA_bsp/microblaze_0/standalone_domain/bsp/system.mss
TRACE::2025-08-14.15:10:30::SCWWriter::formatted JSON is {
	"platformName":	"McDMA_bsp",
	"sprVersion":	"2.0",
	"mode":	"gui",
	"dsaType":	"Fixed",
	"platformDesc":	"McDMA_bsp",
	"platHandOff":	"C:/Users/ilpes/Desktop/INSEGNAMENTO/Didattica2023/McDMA/McDMA/McDMA_v0.xsa",
	"platIntHandOff":	"<platformDir>/hw/McDMA_v0.xsa",
	"deviceType":	"FPGA",
	"platIsPrebuiltAutogen":	"false",
	"platIsNoBootBsp":	"false",
	"hasFsblMakeHasChanges":	"false",
	"hasPmufwMakeHasChanges":	"false",
	"platPreBuiltFlag":	false,
	"platformSamplesDir":	"",
	"platActiveSys":	"McDMA_bsp",
	"systems":	[{
			"systemName":	"McDMA_bsp",
			"systemDesc":	"McDMA_bsp",
			"sysIsBootAutoGen":	"true",
			"systemDispName":	"McDMA_bsp",
			"sysActiveDom":	"standalone_domain",
			"sysDefaultDom":	"standalone_domain",
			"domains":	[{
					"domainName":	"standalone_domain",
					"domainDispName":	"standalone on microblaze_0",
					"domainDesc":	"standalone_domain",
					"processors":	"microblaze_0",
					"os":	"standalone",
					"sdxOs":	"standalone",
					"debugEnable":	"False",
					"domRuntimes":	["cpp"],
					"swRepo":	"",
					"mssOsVer":	"7.3",
					"mssFile":	"",
					"md5Digest":	"8f3aac6672cf48153379f1996b94c556",
					"compatibleApp":	"",
					"domType":	"mssDomain",
					"arch":	"32-bit",
					"appSettings":	{
						"appCompilerFlags":	"",
						"appLinkerFlags":	""
					},
					"addedLibs":	[],
					"libOptions":	{
						"libsContainingOptions":	[]
					},
					"prebuiltLibs":	{
						"prebuiltIncPath":	[],
						"prebuiltLibPath":	[]
					},
					"isolation":	{
					}
				}]
		}]
}
KEYINFO::2025-08-14.15:10:30::SCWPlatform::updated the xpfm file.
TRACE::2025-08-14.15:10:30::SCWPlatform::Trying to open the hw design at C:/Users/ilpes/Desktop/Antenne_e_clocks/McDMA_workspace/McDMA_bsp/hw/McDMA_v0.xsa
TRACE::2025-08-14.15:10:30::SCWPlatform::DSA given C:/Users/ilpes/Desktop/Antenne_e_clocks/McDMA_workspace/McDMA_bsp/hw/McDMA_v0.xsa
TRACE::2025-08-14.15:10:30::SCWPlatform::DSA absoulate path C:/Users/ilpes/Desktop/Antenne_e_clocks/McDMA_workspace/McDMA_bsp/hw/McDMA_v0.xsa
TRACE::2025-08-14.15:10:30::SCWPlatform::DSA directory C:/Users/ilpes/Desktop/Antenne_e_clocks/McDMA_workspace/McDMA_bsp/hw
TRACE::2025-08-14.15:10:30::SCWPlatform:: Platform Path C:/Users/ilpes/Desktop/Antenne_e_clocks/McDMA_workspace/McDMA_bsp/hw/McDMA_v0.xsa
TRACE::2025-08-14.15:10:30::SCWPlatform:: Unique name xilinx:cmod_a7-35t::0.0
TRACE::2025-08-14.15:10:30::SCWPlatform::Trying to set the existing hwdb with name user_35t_wrapper_1
TRACE::2025-08-14.15:10:30::SCWPlatform::Opened existing hwdb user_35t_wrapper_1
TRACE::2025-08-14.15:10:30::SCWPlatform::Found the Hw Db part of the input DSA
TRACE::2025-08-14.15:10:30::SCWMssOS::Checking the sw design at  C:/Users/ilpes/Desktop/Antenne_e_clocks/McDMA_workspace/McDMA_bsp/microblaze_0/standalone_domain/bsp/system.mss
TRACE::2025-08-14.15:10:30::SCWMssOS::DEBUG:  swdes dump  C:/Users/ilpes/Desktop/Antenne_e_clocks/McDMA_workspace/McDMA_bsp/microblaze_0/standalone_domain/bsp/system.mss|system||

TRACE::2025-08-14.15:10:30::SCWMssOS::Sw design exists and opened at  C:/Users/ilpes/Desktop/Antenne_e_clocks/McDMA_workspace/McDMA_bsp/microblaze_0/standalone_domain/bsp/system.mss
TRACE::2025-08-15.08:56:23::SCWPlatform::Trying to open the hw design at C:/Users/ilpes/Desktop/Antenne_e_clocks/McDMA_workspace/McDMA_bsp/hw/McDMA_v0.xsa
TRACE::2025-08-15.08:56:23::SCWPlatform::DSA given C:/Users/ilpes/Desktop/Antenne_e_clocks/McDMA_workspace/McDMA_bsp/hw/McDMA_v0.xsa
TRACE::2025-08-15.08:56:23::SCWPlatform::DSA absoulate path C:/Users/ilpes/Desktop/Antenne_e_clocks/McDMA_workspace/McDMA_bsp/hw/McDMA_v0.xsa
TRACE::2025-08-15.08:56:23::SCWPlatform::DSA directory C:/Users/ilpes/Desktop/Antenne_e_clocks/McDMA_workspace/McDMA_bsp/hw
TRACE::2025-08-15.08:56:23::SCWPlatform:: Platform Path C:/Users/ilpes/Desktop/Antenne_e_clocks/McDMA_workspace/McDMA_bsp/hw/McDMA_v0.xsa
TRACE::2025-08-15.08:56:23::SCWPlatform:: Unique name xilinx:cmod_a7-35t::0.0
TRACE::2025-08-15.08:56:23::SCWPlatform::Do not have an existing db opened. 
TRACE::2025-08-15.08:56:23::SCWPlatform::Opened new HwDB with name user_35t_wrapper_2
TRACE::2025-08-15.08:56:23::SCWReader::Active system found as  McDMA_bsp
TRACE::2025-08-15.08:56:23::SCWReader::Handling sysconfig McDMA_bsp
TRACE::2025-08-15.08:56:23::SCWDomain::checking for install qemu data   : 
TRACE::2025-08-15.08:56:23::SCWPlatform::Trying to open the hw design at C:/Users/ilpes/Desktop/Antenne_e_clocks/McDMA_workspace/McDMA_bsp/hw/McDMA_v0.xsa
TRACE::2025-08-15.08:56:23::SCWPlatform::DSA given C:/Users/ilpes/Desktop/Antenne_e_clocks/McDMA_workspace/McDMA_bsp/hw/McDMA_v0.xsa
TRACE::2025-08-15.08:56:23::SCWPlatform::DSA absoulate path C:/Users/ilpes/Desktop/Antenne_e_clocks/McDMA_workspace/McDMA_bsp/hw/McDMA_v0.xsa
TRACE::2025-08-15.08:56:23::SCWPlatform::DSA directory C:/Users/ilpes/Desktop/Antenne_e_clocks/McDMA_workspace/McDMA_bsp/hw
TRACE::2025-08-15.08:56:23::SCWPlatform:: Platform Path C:/Users/ilpes/Desktop/Antenne_e_clocks/McDMA_workspace/McDMA_bsp/hw/McDMA_v0.xsa
TRACE::2025-08-15.08:56:23::SCWPlatform:: Unique name xilinx:cmod_a7-35t::0.0
TRACE::2025-08-15.08:56:23::SCWPlatform::Trying to set the existing hwdb with name user_35t_wrapper_2
TRACE::2025-08-15.08:56:23::SCWPlatform::Opened existing hwdb user_35t_wrapper_2
TRACE::2025-08-15.08:56:23::SCWPlatform::Found the Hw Db part of the input DSA
TRACE::2025-08-15.08:56:23::SCWPlatform::Trying to open the hw design at C:/Users/ilpes/Desktop/Antenne_e_clocks/McDMA_workspace/McDMA_bsp/hw/McDMA_v0.xsa
TRACE::2025-08-15.08:56:23::SCWPlatform::DSA given C:/Users/ilpes/Desktop/Antenne_e_clocks/McDMA_workspace/McDMA_bsp/hw/McDMA_v0.xsa
TRACE::2025-08-15.08:56:23::SCWPlatform::DSA absoulate path C:/Users/ilpes/Desktop/Antenne_e_clocks/McDMA_workspace/McDMA_bsp/hw/McDMA_v0.xsa
TRACE::2025-08-15.08:56:23::SCWPlatform::DSA directory C:/Users/ilpes/Desktop/Antenne_e_clocks/McDMA_workspace/McDMA_bsp/hw
TRACE::2025-08-15.08:56:24::SCWPlatform:: Platform Path C:/Users/ilpes/Desktop/Antenne_e_clocks/McDMA_workspace/McDMA_bsp/hw/McDMA_v0.xsa
TRACE::2025-08-15.08:56:24::SCWPlatform:: Unique name xilinx:cmod_a7-35t::0.0
TRACE::2025-08-15.08:56:24::SCWPlatform::Trying to set the existing hwdb with name user_35t_wrapper_2
TRACE::2025-08-15.08:56:24::SCWPlatform::Opened existing hwdb user_35t_wrapper_2
TRACE::2025-08-15.08:56:24::SCWPlatform::Found the Hw Db part of the input DSA
TRACE::2025-08-15.08:56:24::SCWPlatform::Trying to open the hw design at C:/Users/ilpes/Desktop/Antenne_e_clocks/McDMA_workspace/McDMA_bsp/hw/McDMA_v0.xsa
TRACE::2025-08-15.08:56:24::SCWPlatform::DSA given C:/Users/ilpes/Desktop/Antenne_e_clocks/McDMA_workspace/McDMA_bsp/hw/McDMA_v0.xsa
TRACE::2025-08-15.08:56:24::SCWPlatform::DSA absoulate path C:/Users/ilpes/Desktop/Antenne_e_clocks/McDMA_workspace/McDMA_bsp/hw/McDMA_v0.xsa
TRACE::2025-08-15.08:56:24::SCWPlatform::DSA directory C:/Users/ilpes/Desktop/Antenne_e_clocks/McDMA_workspace/McDMA_bsp/hw
TRACE::2025-08-15.08:56:24::SCWPlatform:: Platform Path C:/Users/ilpes/Desktop/Antenne_e_clocks/McDMA_workspace/McDMA_bsp/hw/McDMA_v0.xsa
TRACE::2025-08-15.08:56:24::SCWPlatform:: Unique name xilinx:cmod_a7-35t::0.0
TRACE::2025-08-15.08:56:24::SCWPlatform::Trying to set the existing hwdb with name user_35t_wrapper_2
TRACE::2025-08-15.08:56:24::SCWPlatform::Opened existing hwdb user_35t_wrapper_2
TRACE::2025-08-15.08:56:24::SCWPlatform::Found the Hw Db part of the input DSA
TRACE::2025-08-15.08:56:24::SCWPlatform::Trying to open the hw design at C:/Users/ilpes/Desktop/Antenne_e_clocks/McDMA_workspace/McDMA_bsp/hw/McDMA_v0.xsa
TRACE::2025-08-15.08:56:24::SCWPlatform::DSA given C:/Users/ilpes/Desktop/Antenne_e_clocks/McDMA_workspace/McDMA_bsp/hw/McDMA_v0.xsa
TRACE::2025-08-15.08:56:24::SCWPlatform::DSA absoulate path C:/Users/ilpes/Desktop/Antenne_e_clocks/McDMA_workspace/McDMA_bsp/hw/McDMA_v0.xsa
TRACE::2025-08-15.08:56:24::SCWPlatform::DSA directory C:/Users/ilpes/Desktop/Antenne_e_clocks/McDMA_workspace/McDMA_bsp/hw
TRACE::2025-08-15.08:56:24::SCWPlatform:: Platform Path C:/Users/ilpes/Desktop/Antenne_e_clocks/McDMA_workspace/McDMA_bsp/hw/McDMA_v0.xsa
TRACE::2025-08-15.08:56:24::SCWPlatform:: Unique name xilinx:cmod_a7-35t::0.0
TRACE::2025-08-15.08:56:24::SCWPlatform::Trying to set the existing hwdb with name user_35t_wrapper_2
TRACE::2025-08-15.08:56:24::SCWPlatform::Opened existing hwdb user_35t_wrapper_2
TRACE::2025-08-15.08:56:24::SCWPlatform::Found the Hw Db part of the input DSA
TRACE::2025-08-15.08:56:24::SCWMssOS::Checking the sw design at  C:/Users/ilpes/Desktop/Antenne_e_clocks/McDMA_workspace/McDMA_bsp/microblaze_0/standalone_domain/bsp/system.mss
TRACE::2025-08-15.08:56:24::SCWMssOS::DEBUG:  swdes dump  C:/Users/ilpes/Desktop/Antenne_e_clocks/McDMA_workspace/MCDMA_ila_bsp/microblaze_0/standalone_domain/bsp/system.mss|system||

TRACE::2025-08-15.08:56:24::SCWMssOS::No sw design opened at  C:/Users/ilpes/Desktop/Antenne_e_clocks/McDMA_workspace/McDMA_bsp/microblaze_0/standalone_domain/bsp/system.mss
TRACE::2025-08-15.08:56:24::SCWMssOS::mss exists loading the mss file  C:/Users/ilpes/Desktop/Antenne_e_clocks/McDMA_workspace/McDMA_bsp/microblaze_0/standalone_domain/bsp/system.mss
TRACE::2025-08-15.08:56:24::SCWMssOS::Opened the sw design from mss  C:/Users/ilpes/Desktop/Antenne_e_clocks/McDMA_workspace/McDMA_bsp/microblaze_0/standalone_domain/bsp/system.mss
TRACE::2025-08-15.08:56:24::SCWMssOS::Adding the swdes entry C:/Users/ilpes/Desktop/Antenne_e_clocks/McDMA_workspace/McDMA_bsp/microblaze_0/standalone_domain/bsp/system.mss with des name system_0
TRACE::2025-08-15.08:56:24::SCWMssOS::updating the scw layer about changes
TRACE::2025-08-15.08:56:24::SCWMssOS::Opened the sw design.  C:/Users/ilpes/Desktop/Antenne_e_clocks/McDMA_workspace/McDMA_bsp/microblaze_0/standalone_domain/bsp/system.mss
TRACE::2025-08-15.08:56:24::SCWMssOS::Saving the mss changes C:/Users/ilpes/Desktop/Antenne_e_clocks/McDMA_workspace/McDMA_bsp/microblaze_0/standalone_domain/bsp/system.mss
TRACE::2025-08-15.08:56:24::SCWMssOS::Found a swdesign opened with the mssfile.
TRACE::2025-08-15.08:56:24::SCWMssOS::Completed writemss as part of save.
TRACE::2025-08-15.08:56:24::SCWMssOS::Commit changes completed.
TRACE::2025-08-15.08:56:24::SCWReader::Adding prebuilt librarypaths as   
TRACE::2025-08-15.08:56:24::SCWReader::Adding prebuilt incpaths  as   
TRACE::2025-08-15.08:56:24::SCWPlatform::Trying to open the hw design at C:/Users/ilpes/Desktop/Antenne_e_clocks/McDMA_workspace/McDMA_bsp/hw/McDMA_v0.xsa
TRACE::2025-08-15.08:56:24::SCWPlatform::DSA given C:/Users/ilpes/Desktop/Antenne_e_clocks/McDMA_workspace/McDMA_bsp/hw/McDMA_v0.xsa
TRACE::2025-08-15.08:56:24::SCWPlatform::DSA absoulate path C:/Users/ilpes/Desktop/Antenne_e_clocks/McDMA_workspace/McDMA_bsp/hw/McDMA_v0.xsa
TRACE::2025-08-15.08:56:24::SCWPlatform::DSA directory C:/Users/ilpes/Desktop/Antenne_e_clocks/McDMA_workspace/McDMA_bsp/hw
TRACE::2025-08-15.08:56:24::SCWPlatform:: Platform Path C:/Users/ilpes/Desktop/Antenne_e_clocks/McDMA_workspace/McDMA_bsp/hw/McDMA_v0.xsa
TRACE::2025-08-15.08:56:24::SCWPlatform:: Unique name xilinx:cmod_a7-35t::0.0
TRACE::2025-08-15.08:56:24::SCWPlatform::Trying to set the existing hwdb with name user_35t_wrapper_2
TRACE::2025-08-15.08:56:24::SCWPlatform::Opened existing hwdb user_35t_wrapper_2
TRACE::2025-08-15.08:56:24::SCWPlatform::Found the Hw Db part of the input DSA
TRACE::2025-08-15.08:56:24::SCWMssOS::Checking the sw design at  C:/Users/ilpes/Desktop/Antenne_e_clocks/McDMA_workspace/McDMA_bsp/microblaze_0/standalone_domain/bsp/system.mss
TRACE::2025-08-15.08:56:24::SCWMssOS::DEBUG:  swdes dump  C:/Users/ilpes/Desktop/Antenne_e_clocks/McDMA_workspace/MCDMA_ila_bsp/microblaze_0/standalone_domain/bsp/system.mss|system||
C:/Users/ilpes/Desktop/Antenne_e_clocks/McDMA_workspace/McDMA_bsp/microblaze_0/standalone_domain/bsp/system.mss|system_0||

TRACE::2025-08-15.08:56:24::SCWMssOS::Sw design exists and opened at  C:/Users/ilpes/Desktop/Antenne_e_clocks/McDMA_workspace/McDMA_bsp/microblaze_0/standalone_domain/bsp/system.mss
TRACE::2025-08-15.08:56:24::SCWReader::No isolation master present  
TRACE::2025-08-15.08:56:24::SCWPlatform::Trying to open the hw design at C:/Users/ilpes/Desktop/Antenne_e_clocks/McDMA_workspace/McDMA_bsp/hw/McDMA_v0.xsa
TRACE::2025-08-15.08:56:24::SCWPlatform::DSA given C:/Users/ilpes/Desktop/Antenne_e_clocks/McDMA_workspace/McDMA_bsp/hw/McDMA_v0.xsa
TRACE::2025-08-15.08:56:24::SCWPlatform::DSA absoulate path C:/Users/ilpes/Desktop/Antenne_e_clocks/McDMA_workspace/McDMA_bsp/hw/McDMA_v0.xsa
TRACE::2025-08-15.08:56:24::SCWPlatform::DSA directory C:/Users/ilpes/Desktop/Antenne_e_clocks/McDMA_workspace/McDMA_bsp/hw
TRACE::2025-08-15.08:56:24::SCWPlatform:: Platform Path C:/Users/ilpes/Desktop/Antenne_e_clocks/McDMA_workspace/McDMA_bsp/hw/McDMA_v0.xsa
TRACE::2025-08-15.08:56:24::SCWPlatform:: Unique name xilinx:cmod_a7-35t::0.0
TRACE::2025-08-15.08:56:24::SCWPlatform::Trying to set the existing hwdb with name user_35t_wrapper_2
TRACE::2025-08-15.08:56:24::SCWPlatform::Opened existing hwdb user_35t_wrapper_2
TRACE::2025-08-15.08:56:24::SCWPlatform::Found the Hw Db part of the input DSA
TRACE::2025-08-15.08:56:24::SCWMssOS::Checking the sw design at  C:/Users/ilpes/Desktop/Antenne_e_clocks/McDMA_workspace/McDMA_bsp/microblaze_0/standalone_domain/bsp/system.mss
TRACE::2025-08-15.08:56:24::SCWMssOS::DEBUG:  swdes dump  C:/Users/ilpes/Desktop/Antenne_e_clocks/McDMA_workspace/MCDMA_ila_bsp/microblaze_0/standalone_domain/bsp/system.mss|system||
C:/Users/ilpes/Desktop/Antenne_e_clocks/McDMA_workspace/McDMA_bsp/microblaze_0/standalone_domain/bsp/system.mss|system_0||

TRACE::2025-08-15.08:56:24::SCWMssOS::Sw design exists and opened at  C:/Users/ilpes/Desktop/Antenne_e_clocks/McDMA_workspace/McDMA_bsp/microblaze_0/standalone_domain/bsp/system.mss
TRACE::2025-08-15.08:56:25::SCWMssOS::In reload Mss file.
TRACE::2025-08-15.08:56:25::SCWPlatform::Trying to open the hw design at C:/Users/ilpes/Desktop/Antenne_e_clocks/McDMA_workspace/McDMA_bsp/hw/McDMA_v0.xsa
TRACE::2025-08-15.08:56:25::SCWPlatform::DSA given C:/Users/ilpes/Desktop/Antenne_e_clocks/McDMA_workspace/McDMA_bsp/hw/McDMA_v0.xsa
TRACE::2025-08-15.08:56:25::SCWPlatform::DSA absoulate path C:/Users/ilpes/Desktop/Antenne_e_clocks/McDMA_workspace/McDMA_bsp/hw/McDMA_v0.xsa
TRACE::2025-08-15.08:56:25::SCWPlatform::DSA directory C:/Users/ilpes/Desktop/Antenne_e_clocks/McDMA_workspace/McDMA_bsp/hw
TRACE::2025-08-15.08:56:25::SCWPlatform:: Platform Path C:/Users/ilpes/Desktop/Antenne_e_clocks/McDMA_workspace/McDMA_bsp/hw/McDMA_v0.xsa
TRACE::2025-08-15.08:56:25::SCWPlatform:: Unique name xilinx:cmod_a7-35t::0.0
TRACE::2025-08-15.08:56:25::SCWPlatform::Trying to set the existing hwdb with name user_35t_wrapper_2
TRACE::2025-08-15.08:56:25::SCWPlatform::Opened existing hwdb user_35t_wrapper_2
TRACE::2025-08-15.08:56:25::SCWPlatform::Found the Hw Db part of the input DSA
TRACE::2025-08-15.08:56:25::SCWMssOS::Checking the sw design at  C:/Users/ilpes/Desktop/Antenne_e_clocks/McDMA_workspace/McDMA_bsp/microblaze_0/standalone_domain/bsp/system.mss
TRACE::2025-08-15.08:56:25::SCWMssOS::DEBUG:  swdes dump  C:/Users/ilpes/Desktop/Antenne_e_clocks/McDMA_workspace/MCDMA_ila_bsp/microblaze_0/standalone_domain/bsp/system.mss|system||
C:/Users/ilpes/Desktop/Antenne_e_clocks/McDMA_workspace/McDMA_bsp/microblaze_0/standalone_domain/bsp/system.mss|system_0||

KEYINFO::2025-08-15.08:56:25::SCWMssOS::Could not open the swdb for system_0
KEYINFO::2025-08-15.08:56:25::SCWMssOS::Could not open the sw design at  system_0
ERROR: [Hsi 55-1558] Software Design system_0 is not found

TRACE::2025-08-15.08:56:25::SCWMssOS::Cleared the swdb table entry
TRACE::2025-08-15.08:56:25::SCWMssOS::No sw design opened at  C:/Users/ilpes/Desktop/Antenne_e_clocks/McDMA_workspace/McDMA_bsp/microblaze_0/standalone_domain/bsp/system.mss
TRACE::2025-08-15.08:56:25::SCWMssOS::mss exists loading the mss file  C:/Users/ilpes/Desktop/Antenne_e_clocks/McDMA_workspace/McDMA_bsp/microblaze_0/standalone_domain/bsp/system.mss
TRACE::2025-08-15.08:56:25::SCWMssOS::Opened the sw design from mss  C:/Users/ilpes/Desktop/Antenne_e_clocks/McDMA_workspace/McDMA_bsp/microblaze_0/standalone_domain/bsp/system.mss
TRACE::2025-08-15.08:56:25::SCWMssOS::Adding the swdes entry C:/Users/ilpes/Desktop/Antenne_e_clocks/McDMA_workspace/McDMA_bsp/microblaze_0/standalone_domain/bsp/system.mss with des name system_0
TRACE::2025-08-15.08:56:25::SCWMssOS::updating the scw layer about changes
TRACE::2025-08-15.08:56:25::SCWMssOS::Opened the sw design.  C:/Users/ilpes/Desktop/Antenne_e_clocks/McDMA_workspace/McDMA_bsp/microblaze_0/standalone_domain/bsp/system.mss
TRACE::2025-08-15.08:56:25::SCWMssOS::Saving the mss changes C:/Users/ilpes/Desktop/Antenne_e_clocks/McDMA_workspace/McDMA_bsp/microblaze_0/standalone_domain/bsp/system.mss
TRACE::2025-08-15.08:56:25::SCWMssOS::Found a swdesign opened with the mssfile.
TRACE::2025-08-15.08:56:25::SCWMssOS::Completed writemss as part of save.
TRACE::2025-08-15.08:56:25::SCWMssOS::Commit changes completed.
TRACE::2025-08-15.08:56:25::SCWPlatform::Trying to open the hw design at C:/Users/ilpes/Desktop/Antenne_e_clocks/McDMA_workspace/McDMA_bsp/hw/McDMA_v0.xsa
TRACE::2025-08-15.08:56:25::SCWPlatform::DSA given C:/Users/ilpes/Desktop/Antenne_e_clocks/McDMA_workspace/McDMA_bsp/hw/McDMA_v0.xsa
TRACE::2025-08-15.08:56:25::SCWPlatform::DSA absoulate path C:/Users/ilpes/Desktop/Antenne_e_clocks/McDMA_workspace/McDMA_bsp/hw/McDMA_v0.xsa
TRACE::2025-08-15.08:56:25::SCWPlatform::DSA directory C:/Users/ilpes/Desktop/Antenne_e_clocks/McDMA_workspace/McDMA_bsp/hw
TRACE::2025-08-15.08:56:25::SCWPlatform:: Platform Path C:/Users/ilpes/Desktop/Antenne_e_clocks/McDMA_workspace/McDMA_bsp/hw/McDMA_v0.xsa
TRACE::2025-08-15.08:56:25::SCWPlatform:: Unique name xilinx:cmod_a7-35t::0.0
TRACE::2025-08-15.08:56:25::SCWPlatform::Trying to set the existing hwdb with name user_35t_wrapper_2
TRACE::2025-08-15.08:56:25::SCWPlatform::Opened existing hwdb user_35t_wrapper_2
TRACE::2025-08-15.08:56:25::SCWPlatform::Found the Hw Db part of the input DSA
TRACE::2025-08-15.08:56:25::SCWMssOS::Checking the sw design at  C:/Users/ilpes/Desktop/Antenne_e_clocks/McDMA_workspace/McDMA_bsp/microblaze_0/standalone_domain/bsp/system.mss
TRACE::2025-08-15.08:56:25::SCWMssOS::DEBUG:  swdes dump  C:/Users/ilpes/Desktop/Antenne_e_clocks/McDMA_workspace/MCDMA_ila_bsp/microblaze_0/standalone_domain/bsp/system.mss|system||
C:/Users/ilpes/Desktop/Antenne_e_clocks/McDMA_workspace/McDMA_bsp/microblaze_0/standalone_domain/bsp/system.mss|system_0||

TRACE::2025-08-15.08:56:25::SCWMssOS::Sw design exists and opened at  C:/Users/ilpes/Desktop/Antenne_e_clocks/McDMA_workspace/McDMA_bsp/microblaze_0/standalone_domain/bsp/system.mss
TRACE::2025-08-15.08:56:25::SCWMssOS::Removing the swdes entry for  C:/Users/ilpes/Desktop/Antenne_e_clocks/McDMA_workspace/McDMA_bsp/microblaze_0/standalone_domain/bsp/system.mss
TRACE::2025-08-15.08:56:30::SCWPlatform::Trying to open the hw design at C:/Users/ilpes/Desktop/Antenne_e_clocks/McDMA_workspace/McDMA_bsp/hw/McDMA_v0.xsa
TRACE::2025-08-15.08:56:30::SCWPlatform::DSA given C:/Users/ilpes/Desktop/Antenne_e_clocks/McDMA_workspace/McDMA_bsp/hw/McDMA_v0.xsa
TRACE::2025-08-15.08:56:30::SCWPlatform::DSA absoulate path C:/Users/ilpes/Desktop/Antenne_e_clocks/McDMA_workspace/McDMA_bsp/hw/McDMA_v0.xsa
TRACE::2025-08-15.08:56:30::SCWPlatform::DSA directory C:/Users/ilpes/Desktop/Antenne_e_clocks/McDMA_workspace/McDMA_bsp/hw
TRACE::2025-08-15.08:56:30::SCWPlatform:: Platform Path C:/Users/ilpes/Desktop/Antenne_e_clocks/McDMA_workspace/McDMA_bsp/hw/McDMA_v0.xsa
TRACE::2025-08-15.08:56:30::SCWPlatform:: Unique name xilinx:cmod_a7-35t::0.0
TRACE::2025-08-15.08:56:30::SCWPlatform::Trying to set the existing hwdb with name user_35t_wrapper_2
TRACE::2025-08-15.08:56:30::SCWPlatform::Opened existing hwdb user_35t_wrapper_2
TRACE::2025-08-15.08:56:30::SCWPlatform::Found the Hw Db part of the input DSA
TRACE::2025-08-15.08:56:30::SCWMssOS::Checking the sw design at  C:/Users/ilpes/Desktop/Antenne_e_clocks/McDMA_workspace/McDMA_bsp/microblaze_0/standalone_domain/bsp/system.mss
TRACE::2025-08-15.08:56:30::SCWMssOS::DEBUG:  swdes dump  C:/Users/ilpes/Desktop/Antenne_e_clocks/McDMA_workspace/MCDMA_ila_bsp/microblaze_0/standalone_domain/bsp/system.mss|system||

TRACE::2025-08-15.08:56:30::SCWMssOS::No sw design opened at  C:/Users/ilpes/Desktop/Antenne_e_clocks/McDMA_workspace/McDMA_bsp/microblaze_0/standalone_domain/bsp/system.mss
TRACE::2025-08-15.08:56:30::SCWMssOS::mss exists loading the mss file  C:/Users/ilpes/Desktop/Antenne_e_clocks/McDMA_workspace/McDMA_bsp/microblaze_0/standalone_domain/bsp/system.mss
TRACE::2025-08-15.08:56:30::SCWMssOS::Opened the sw design from mss  C:/Users/ilpes/Desktop/Antenne_e_clocks/McDMA_workspace/McDMA_bsp/microblaze_0/standalone_domain/bsp/system.mss
TRACE::2025-08-15.08:56:30::SCWMssOS::Adding the swdes entry C:/Users/ilpes/Desktop/Antenne_e_clocks/McDMA_workspace/McDMA_bsp/microblaze_0/standalone_domain/bsp/system.mss with des name system_0
TRACE::2025-08-15.08:56:30::SCWMssOS::updating the scw layer about changes
TRACE::2025-08-15.08:56:30::SCWMssOS::Opened the sw design.  C:/Users/ilpes/Desktop/Antenne_e_clocks/McDMA_workspace/McDMA_bsp/microblaze_0/standalone_domain/bsp/system.mss
TRACE::2025-08-15.08:56:33::SCWMssOS::In reload Mss file.
TRACE::2025-08-15.08:56:33::SCWPlatform::Trying to open the hw design at C:/Users/ilpes/Desktop/Antenne_e_clocks/McDMA_workspace/McDMA_bsp/hw/McDMA_v0.xsa
TRACE::2025-08-15.08:56:33::SCWPlatform::DSA given C:/Users/ilpes/Desktop/Antenne_e_clocks/McDMA_workspace/McDMA_bsp/hw/McDMA_v0.xsa
TRACE::2025-08-15.08:56:33::SCWPlatform::DSA absoulate path C:/Users/ilpes/Desktop/Antenne_e_clocks/McDMA_workspace/McDMA_bsp/hw/McDMA_v0.xsa
TRACE::2025-08-15.08:56:33::SCWPlatform::DSA directory C:/Users/ilpes/Desktop/Antenne_e_clocks/McDMA_workspace/McDMA_bsp/hw
TRACE::2025-08-15.08:56:33::SCWPlatform:: Platform Path C:/Users/ilpes/Desktop/Antenne_e_clocks/McDMA_workspace/McDMA_bsp/hw/McDMA_v0.xsa
TRACE::2025-08-15.08:56:33::SCWPlatform:: Unique name xilinx:cmod_a7-35t::0.0
TRACE::2025-08-15.08:56:33::SCWPlatform::Trying to set the existing hwdb with name user_35t_wrapper_2
TRACE::2025-08-15.08:56:33::SCWPlatform::Opened existing hwdb user_35t_wrapper_2
TRACE::2025-08-15.08:56:33::SCWPlatform::Found the Hw Db part of the input DSA
TRACE::2025-08-15.08:56:33::SCWMssOS::Checking the sw design at  C:/Users/ilpes/Desktop/Antenne_e_clocks/McDMA_workspace/McDMA_bsp/microblaze_0/standalone_domain/bsp/system.mss
TRACE::2025-08-15.08:56:33::SCWMssOS::DEBUG:  swdes dump  C:/Users/ilpes/Desktop/Antenne_e_clocks/McDMA_workspace/MCDMA_ila_bsp/microblaze_0/standalone_domain/bsp/system.mss|system||
C:/Users/ilpes/Desktop/Antenne_e_clocks/McDMA_workspace/McDMA_bsp/microblaze_0/standalone_domain/bsp/system.mss|system_0||

KEYINFO::2025-08-15.08:56:33::SCWMssOS::Could not open the swdb for system_0
KEYINFO::2025-08-15.08:56:33::SCWMssOS::Could not open the sw design at  system_0
ERROR: [Hsi 55-1558] Software Design system_0 is not found

TRACE::2025-08-15.08:56:33::SCWMssOS::Cleared the swdb table entry
TRACE::2025-08-15.08:56:33::SCWMssOS::No sw design opened at  C:/Users/ilpes/Desktop/Antenne_e_clocks/McDMA_workspace/McDMA_bsp/microblaze_0/standalone_domain/bsp/system.mss
TRACE::2025-08-15.08:56:33::SCWMssOS::mss exists loading the mss file  C:/Users/ilpes/Desktop/Antenne_e_clocks/McDMA_workspace/McDMA_bsp/microblaze_0/standalone_domain/bsp/system.mss
TRACE::2025-08-15.08:56:33::SCWMssOS::Opened the sw design from mss  C:/Users/ilpes/Desktop/Antenne_e_clocks/McDMA_workspace/McDMA_bsp/microblaze_0/standalone_domain/bsp/system.mss
TRACE::2025-08-15.08:56:33::SCWMssOS::Adding the swdes entry C:/Users/ilpes/Desktop/Antenne_e_clocks/McDMA_workspace/McDMA_bsp/microblaze_0/standalone_domain/bsp/system.mss with des name system_0
TRACE::2025-08-15.08:56:33::SCWMssOS::updating the scw layer about changes
TRACE::2025-08-15.08:56:33::SCWMssOS::Opened the sw design.  C:/Users/ilpes/Desktop/Antenne_e_clocks/McDMA_workspace/McDMA_bsp/microblaze_0/standalone_domain/bsp/system.mss
TRACE::2025-08-15.08:56:33::SCWMssOS::Saving the mss changes C:/Users/ilpes/Desktop/Antenne_e_clocks/McDMA_workspace/McDMA_bsp/microblaze_0/standalone_domain/bsp/system.mss
TRACE::2025-08-15.08:56:33::SCWMssOS::Found a swdesign opened with the mssfile.
TRACE::2025-08-15.08:56:33::SCWMssOS::Completed writemss as part of save.
TRACE::2025-08-15.08:56:33::SCWMssOS::Commit changes completed.
TRACE::2025-08-15.08:56:33::SCWPlatform::Trying to open the hw design at C:/Users/ilpes/Desktop/Antenne_e_clocks/McDMA_workspace/McDMA_bsp/hw/McDMA_v0.xsa
TRACE::2025-08-15.08:56:33::SCWPlatform::DSA given C:/Users/ilpes/Desktop/Antenne_e_clocks/McDMA_workspace/McDMA_bsp/hw/McDMA_v0.xsa
TRACE::2025-08-15.08:56:33::SCWPlatform::DSA absoulate path C:/Users/ilpes/Desktop/Antenne_e_clocks/McDMA_workspace/McDMA_bsp/hw/McDMA_v0.xsa
TRACE::2025-08-15.08:56:33::SCWPlatform::DSA directory C:/Users/ilpes/Desktop/Antenne_e_clocks/McDMA_workspace/McDMA_bsp/hw
TRACE::2025-08-15.08:56:33::SCWPlatform:: Platform Path C:/Users/ilpes/Desktop/Antenne_e_clocks/McDMA_workspace/McDMA_bsp/hw/McDMA_v0.xsa
TRACE::2025-08-15.08:56:33::SCWPlatform:: Unique name xilinx:cmod_a7-35t::0.0
TRACE::2025-08-15.08:56:33::SCWPlatform::Trying to set the existing hwdb with name user_35t_wrapper_2
TRACE::2025-08-15.08:56:33::SCWPlatform::Opened existing hwdb user_35t_wrapper_2
TRACE::2025-08-15.08:56:33::SCWPlatform::Found the Hw Db part of the input DSA
TRACE::2025-08-15.08:56:33::SCWMssOS::Checking the sw design at  C:/Users/ilpes/Desktop/Antenne_e_clocks/McDMA_workspace/McDMA_bsp/microblaze_0/standalone_domain/bsp/system.mss
TRACE::2025-08-15.08:56:33::SCWMssOS::DEBUG:  swdes dump  C:/Users/ilpes/Desktop/Antenne_e_clocks/McDMA_workspace/MCDMA_ila_bsp/microblaze_0/standalone_domain/bsp/system.mss|system||
C:/Users/ilpes/Desktop/Antenne_e_clocks/McDMA_workspace/McDMA_bsp/microblaze_0/standalone_domain/bsp/system.mss|system_0||

TRACE::2025-08-15.08:56:33::SCWMssOS::Sw design exists and opened at  C:/Users/ilpes/Desktop/Antenne_e_clocks/McDMA_workspace/McDMA_bsp/microblaze_0/standalone_domain/bsp/system.mss
TRACE::2025-08-15.08:56:33::SCWMssOS::Removing the swdes entry for  C:/Users/ilpes/Desktop/Antenne_e_clocks/McDMA_workspace/McDMA_bsp/microblaze_0/standalone_domain/bsp/system.mss
LOG::2025-08-15.09:05:11::SCWPlatform::Started generating the artifacts platform McDMA_bsp
TRACE::2025-08-15.09:05:11::SCWPlatform::Sanity checking of platform is completed
LOG::2025-08-15.09:05:11::SCWPlatform::Started generating the artifacts for system configuration McDMA_bsp
LOG::2025-08-15.09:05:11::SCWSystem::Checking the domain standalone_domain
LOG::2025-08-15.09:05:11::SCWSystem::Not a boot domain 
LOG::2025-08-15.09:05:11::SCWSystem::Started Processing the domain standalone_domain
TRACE::2025-08-15.09:05:11::SCWDomain::Generating domain artifcats
TRACE::2025-08-15.09:05:11::SCWMssOS::Generating standalone artifcats
TRACE::2025-08-15.09:05:11::SCWMssOS:: Copying the user libraries. 
TRACE::2025-08-15.09:05:11::SCWPlatform::Trying to open the hw design at C:/Users/ilpes/Desktop/Antenne_e_clocks/McDMA_workspace/McDMA_bsp/hw/McDMA_v0.xsa
TRACE::2025-08-15.09:05:11::SCWPlatform::DSA given C:/Users/ilpes/Desktop/Antenne_e_clocks/McDMA_workspace/McDMA_bsp/hw/McDMA_v0.xsa
TRACE::2025-08-15.09:05:11::SCWPlatform::DSA absoulate path C:/Users/ilpes/Desktop/Antenne_e_clocks/McDMA_workspace/McDMA_bsp/hw/McDMA_v0.xsa
TRACE::2025-08-15.09:05:11::SCWPlatform::DSA directory C:/Users/ilpes/Desktop/Antenne_e_clocks/McDMA_workspace/McDMA_bsp/hw
TRACE::2025-08-15.09:05:11::SCWPlatform:: Platform Path C:/Users/ilpes/Desktop/Antenne_e_clocks/McDMA_workspace/McDMA_bsp/hw/McDMA_v0.xsa
TRACE::2025-08-15.09:05:11::SCWPlatform:: Unique name xilinx:cmod_a7-35t::0.0
TRACE::2025-08-15.09:05:11::SCWPlatform::Trying to set the existing hwdb with name user_35t_wrapper_2
TRACE::2025-08-15.09:05:11::SCWPlatform::Opened existing hwdb user_35t_wrapper_2
TRACE::2025-08-15.09:05:11::SCWPlatform::Found the Hw Db part of the input DSA
TRACE::2025-08-15.09:05:11::SCWMssOS::Checking the sw design at  C:/Users/ilpes/Desktop/Antenne_e_clocks/McDMA_workspace/McDMA_bsp/microblaze_0/standalone_domain/bsp/system.mss
TRACE::2025-08-15.09:05:11::SCWMssOS::DEBUG:  swdes dump  C:/Users/ilpes/Desktop/Antenne_e_clocks/McDMA_workspace/MCDMA_ila_bsp/microblaze_0/standalone_domain/bsp/system.mss|system||

TRACE::2025-08-15.09:05:11::SCWMssOS::No sw design opened at  C:/Users/ilpes/Desktop/Antenne_e_clocks/McDMA_workspace/McDMA_bsp/microblaze_0/standalone_domain/bsp/system.mss
TRACE::2025-08-15.09:05:11::SCWMssOS::mss exists loading the mss file  C:/Users/ilpes/Desktop/Antenne_e_clocks/McDMA_workspace/McDMA_bsp/microblaze_0/standalone_domain/bsp/system.mss
TRACE::2025-08-15.09:05:11::SCWMssOS::Opened the sw design from mss  C:/Users/ilpes/Desktop/Antenne_e_clocks/McDMA_workspace/McDMA_bsp/microblaze_0/standalone_domain/bsp/system.mss
TRACE::2025-08-15.09:05:11::SCWMssOS::Adding the swdes entry C:/Users/ilpes/Desktop/Antenne_e_clocks/McDMA_workspace/McDMA_bsp/microblaze_0/standalone_domain/bsp/system.mss with des name system_0
TRACE::2025-08-15.09:05:11::SCWMssOS::updating the scw layer about changes
TRACE::2025-08-15.09:05:11::SCWMssOS::Opened the sw design.  C:/Users/ilpes/Desktop/Antenne_e_clocks/McDMA_workspace/McDMA_bsp/microblaze_0/standalone_domain/bsp/system.mss
TRACE::2025-08-15.09:05:11::SCWMssOS::Completed writing the mss file at C:/Users/ilpes/Desktop/Antenne_e_clocks/McDMA_workspace/McDMA_bsp/microblaze_0/standalone_domain/bsp
TRACE::2025-08-15.09:05:11::SCWMssOS::Mss edits present, copying mssfile into export location C:/Users/ilpes/Desktop/Antenne_e_clocks/McDMA_workspace/McDMA_bsp/microblaze_0/standalone_domain/bsp/system.mss
TRACE::2025-08-15.09:05:11::SCWMssOS::bsp generated is upto date with the mss file. Skipping bsp generation.
TRACE::2025-08-15.09:05:11::SCWMssOS::BSP is already built. skipping the bsp build ... 
TRACE::2025-08-15.09:05:11::SCWDomain::Building the domain as part of full build :  standalone_domain
TRACE::2025-08-15.09:05:11::SCWMssOS::doing bsp build ... 
TRACE::2025-08-15.09:05:11::SCWMssOS::System Command Ran  C: & cd  C:/Users/ilpes/Desktop/Antenne_e_clocks/McDMA_workspace/McDMA_bsp/microblaze_0/standalone_domain/bsp & make 
TRACE::2025-08-15.09:05:11::SCWMssOS::make --no-print-directory seq_libs

TRACE::2025-08-15.09:05:11::SCWMssOS::'Finished building libraries sequentially.'

TRACE::2025-08-15.09:05:11::SCWMssOS::make -j --no-print-directory par_libs

TRACE::2025-08-15.09:05:11::SCWMssOS::"Running Make include in microblaze_0/libsrc/axidma_v9_12/src"

TRACE::2025-08-15.09:05:12::SCWMssOS::make -C microblaze_0/libsrc/axidma_v9_12/src -s include  "SHELL=CMD" "COMPILER=mb-gcc" "ASSEMBLER=mb-as" "ARCHIVER=mb-ar" "COMP
TRACE::2025-08-15.09:05:12::SCWMssOS::ILER_FLAGS=  -O2 -c -mcpu=v11.0 -mlittle-endian -mno-xl-soft-div -mno-xl-soft-mul -mxl-barrel-shift -mxl-pattern-compare" "EXTR
TRACE::2025-08-15.09:05:12::SCWMssOS::A_COMPILER_FLAGS=-g -ffunction-sections -fdata-sections -Wall -Wextra"

TRACE::2025-08-15.09:05:12::SCWMssOS::"Running Make include in microblaze_0/libsrc/bram_v4_5/src"

TRACE::2025-08-15.09:05:12::SCWMssOS::make -C microblaze_0/libsrc/bram_v4_5/src -s include  "SHELL=CMD" "COMPILER=mb-gcc" "ASSEMBLER=mb-as" "ARCHIVER=mb-ar" "COMPILE
TRACE::2025-08-15.09:05:12::SCWMssOS::R_FLAGS=  -O2 -c -mcpu=v11.0 -mlittle-endian -mno-xl-soft-div -mno-xl-soft-mul -mxl-barrel-shift -mxl-pattern-compare" "EXTRA_C
TRACE::2025-08-15.09:05:12::SCWMssOS::OMPILER_FLAGS=-g -ffunction-sections -fdata-sections -Wall -Wextra"

TRACE::2025-08-15.09:05:12::SCWMssOS::"Running Make include in microblaze_0/libsrc/cpu_v2_12/src"

TRACE::2025-08-15.09:05:12::SCWMssOS::make -C microblaze_0/libsrc/cpu_v2_12/src -s include  "SHELL=CMD" "COMPILER=mb-gcc" "ASSEMBLER=mb-as" "ARCHIVER=mb-ar" "COMPILE
TRACE::2025-08-15.09:05:12::SCWMssOS::R_FLAGS=  -O2 -c -mcpu=v11.0 -mlittle-endian -mno-xl-soft-div -mno-xl-soft-mul -mxl-barrel-shift -mxl-pattern-compare" "EXTRA_C
TRACE::2025-08-15.09:05:12::SCWMssOS::OMPILER_FLAGS=-g -ffunction-sections -fdata-sections -Wall -Wextra"

TRACE::2025-08-15.09:05:12::SCWMssOS::"Running Make include in microblaze_0/libsrc/gpio_v4_7/src"

TRACE::2025-08-15.09:05:12::SCWMssOS::make -C microblaze_0/libsrc/gpio_v4_7/src -s include  "SHELL=CMD" "COMPILER=mb-gcc" "ASSEMBLER=mb-as" "ARCHIVER=mb-ar" "COMPILE
TRACE::2025-08-15.09:05:12::SCWMssOS::R_FLAGS=  -O2 -c -mcpu=v11.0 -mlittle-endian -mno-xl-soft-div -mno-xl-soft-mul -mxl-barrel-shift -mxl-pattern-compare" "EXTRA_C
TRACE::2025-08-15.09:05:12::SCWMssOS::OMPILER_FLAGS=-g -ffunction-sections -fdata-sections -Wall -Wextra"

TRACE::2025-08-15.09:05:12::SCWMssOS::"Running Make include in microblaze_0/libsrc/iic_v3_7/src"

TRACE::2025-08-15.09:05:12::SCWMssOS::make -C microblaze_0/libsrc/iic_v3_7/src -s include  "SHELL=CMD" "COMPILER=mb-gcc" "ASSEMBLER=mb-as" "ARCHIVER=mb-ar" "COMPILER
TRACE::2025-08-15.09:05:12::SCWMssOS::_FLAGS=  -O2 -c -mcpu=v11.0 -mlittle-endian -mno-xl-soft-div -mno-xl-soft-mul -mxl-barrel-shift -mxl-pattern-compare" "EXTRA_CO
TRACE::2025-08-15.09:05:12::SCWMssOS::MPILER_FLAGS=-g -ffunction-sections -fdata-sections -Wall -Wextra"

TRACE::2025-08-15.09:05:12::SCWMssOS::"Running Make include in microblaze_0/libsrc/intc_v3_12/src"

TRACE::2025-08-15.09:05:12::SCWMssOS::make -C microblaze_0/libsrc/intc_v3_12/src -s include  "SHELL=CMD" "COMPILER=mb-gcc" "ASSEMBLER=mb-as" "ARCHIVER=mb-ar" "COMPIL
TRACE::2025-08-15.09:05:12::SCWMssOS::ER_FLAGS=  -O2 -c -mcpu=v11.0 -mlittle-endian -mno-xl-soft-div -mno-xl-soft-mul -mxl-barrel-shift -mxl-pattern-compare" "EXTRA_
TRACE::2025-08-15.09:05:12::SCWMssOS::COMPILER_FLAGS=-g -ffunction-sections -fdata-sections -Wall -Wextra"

TRACE::2025-08-15.09:05:12::SCWMssOS::"Running Make include in microblaze_0/libsrc/spi_v4_7/src"

TRACE::2025-08-15.09:05:12::SCWMssOS::make -C microblaze_0/libsrc/spi_v4_7/src -s include  "SHELL=CMD" "COMPILER=mb-gcc" "ASSEMBLER=mb-as" "ARCHIVER=mb-ar" "COMPILER
TRACE::2025-08-15.09:05:12::SCWMssOS::_FLAGS=  -O2 -c -mcpu=v11.0 -mlittle-endian -mno-xl-soft-div -mno-xl-soft-mul -mxl-barrel-shift -mxl-pattern-compare" "EXTRA_CO
TRACE::2025-08-15.09:05:12::SCWMssOS::MPILER_FLAGS=-g -ffunction-sections -fdata-sections -Wall -Wextra"

TRACE::2025-08-15.09:05:12::SCWMssOS::"Running Make include in microblaze_0/libsrc/standalone_v7_3/src"

TRACE::2025-08-15.09:05:12::SCWMssOS::make -C microblaze_0/libsrc/standalone_v7_3/src -s include  "SHELL=CMD" "COMPILER=mb-gcc" "ASSEMBLER=mb-as" "ARCHIVER=mb-ar" "C
TRACE::2025-08-15.09:05:12::SCWMssOS::OMPILER_FLAGS=  -O2 -c -mcpu=v11.0 -mlittle-endian -mno-xl-soft-div -mno-xl-soft-mul -mxl-barrel-shift -mxl-pattern-compare" "E
TRACE::2025-08-15.09:05:12::SCWMssOS::XTRA_COMPILER_FLAGS=-g -ffunction-sections -fdata-sections -Wall -Wextra"

TRACE::2025-08-15.09:05:12::SCWMssOS::"Running Make include in microblaze_0/libsrc/sysmon_v7_7/src"

TRACE::2025-08-15.09:05:12::SCWMssOS::make -C microblaze_0/libsrc/sysmon_v7_7/src -s include  "SHELL=CMD" "COMPILER=mb-gcc" "ASSEMBLER=mb-as" "ARCHIVER=mb-ar" "COMPI
TRACE::2025-08-15.09:05:12::SCWMssOS::LER_FLAGS=  -O2 -c -mcpu=v11.0 -mlittle-endian -mno-xl-soft-div -mno-xl-soft-mul -mxl-barrel-shift -mxl-pattern-compare" "EXTRA
TRACE::2025-08-15.09:05:12::SCWMssOS::_COMPILER_FLAGS=-g -ffunction-sections -fdata-sections -Wall -Wextra"

TRACE::2025-08-15.09:05:12::SCWMssOS::"Running Make include in microblaze_0/libsrc/tmrctr_v4_7/src"

TRACE::2025-08-15.09:05:12::SCWMssOS::make -C microblaze_0/libsrc/tmrctr_v4_7/src -s include  "SHELL=CMD" "COMPILER=mb-gcc" "ASSEMBLER=mb-as" "ARCHIVER=mb-ar" "COMPI
TRACE::2025-08-15.09:05:12::SCWMssOS::LER_FLAGS=  -O2 -c -mcpu=v11.0 -mlittle-endian -mno-xl-soft-div -mno-xl-soft-mul -mxl-barrel-shift -mxl-pattern-compare" "EXTRA
TRACE::2025-08-15.09:05:12::SCWMssOS::_COMPILER_FLAGS=-g -ffunction-sections -fdata-sections -Wall -Wextra"

TRACE::2025-08-15.09:05:12::SCWMssOS::"Running Make include in microblaze_0/libsrc/uartlite_v3_5/src"

TRACE::2025-08-15.09:05:12::SCWMssOS::make -C microblaze_0/libsrc/uartlite_v3_5/src -s include  "SHELL=CMD" "COMPILER=mb-gcc" "ASSEMBLER=mb-as" "ARCHIVER=mb-ar" "COM
TRACE::2025-08-15.09:05:12::SCWMssOS::PILER_FLAGS=  -O2 -c -mcpu=v11.0 -mlittle-endian -mno-xl-soft-div -mno-xl-soft-mul -mxl-barrel-shift -mxl-pattern-compare" "EXT
TRACE::2025-08-15.09:05:12::SCWMssOS::RA_COMPILER_FLAGS=-g -ffunction-sections -fdata-sections -Wall -Wextra"

TRACE::2025-08-15.09:05:13::SCWMssOS::"Running Make libs in microblaze_0/libsrc/axidma_v9_12/src"

TRACE::2025-08-15.09:05:13::SCWMssOS::make -C microblaze_0/libsrc/axidma_v9_12/src -s libs  "SHELL=CMD" "COMPILER=mb-gcc" "ASSEMBLER=mb-as" "ARCHIVER=mb-ar" "COMPILE
TRACE::2025-08-15.09:05:13::SCWMssOS::R_FLAGS=  -O2 -c -mcpu=v11.0 -mlittle-endian -mno-xl-soft-div -mno-xl-soft-mul -mxl-barrel-shift -mxl-pattern-compare" "EXTRA_C
TRACE::2025-08-15.09:05:13::SCWMssOS::OMPILER_FLAGS=-g -ffunction-sections -fdata-sections -Wall -Wextra"

TRACE::2025-08-15.09:05:13::SCWMssOS::"Running Make libs in microblaze_0/libsrc/bram_v4_5/src"

TRACE::2025-08-15.09:05:13::SCWMssOS::make -C microblaze_0/libsrc/bram_v4_5/src -s libs  "SHELL=CMD" "COMPILER=mb-gcc" "ASSEMBLER=mb-as" "ARCHIVER=mb-ar" "COMPILER_F
TRACE::2025-08-15.09:05:13::SCWMssOS::LAGS=  -O2 -c -mcpu=v11.0 -mlittle-endian -mno-xl-soft-div -mno-xl-soft-mul -mxl-barrel-shift -mxl-pattern-compare" "EXTRA_COMP
TRACE::2025-08-15.09:05:13::SCWMssOS::ILER_FLAGS=-g -ffunction-sections -fdata-sections -Wall -Wextra"

TRACE::2025-08-15.09:05:13::SCWMssOS::"Running Make libs in microblaze_0/libsrc/cpu_v2_12/src"

TRACE::2025-08-15.09:05:13::SCWMssOS::make -C microblaze_0/libsrc/cpu_v2_12/src -s libs  "SHELL=CMD" "COMPILER=mb-gcc" "ASSEMBLER=mb-as" "ARCHIVER=mb-ar" "COMPILER_F
TRACE::2025-08-15.09:05:13::SCWMssOS::LAGS=  -O2 -c -mcpu=v11.0 -mlittle-endian -mno-xl-soft-div -mno-xl-soft-mul -mxl-barrel-shift -mxl-pattern-compare" "EXTRA_COMP
TRACE::2025-08-15.09:05:13::SCWMssOS::ILER_FLAGS=-g -ffunction-sections -fdata-sections -Wall -Wextra"

TRACE::2025-08-15.09:05:13::SCWMssOS::"Running Make libs in microblaze_0/libsrc/gpio_v4_7/src"

TRACE::2025-08-15.09:05:14::SCWMssOS::make -C microblaze_0/libsrc/gpio_v4_7/src -s libs  "SHELL=CMD" "COMPILER=mb-gcc" "ASSEMBLER=mb-as" "ARCHIVER=mb-ar" "COMPILER_F
TRACE::2025-08-15.09:05:14::SCWMssOS::LAGS=  -O2 -c -mcpu=v11.0 -mlittle-endian -mno-xl-soft-div -mno-xl-soft-mul -mxl-barrel-shift -mxl-pattern-compare" "EXTRA_COMP
TRACE::2025-08-15.09:05:14::SCWMssOS::ILER_FLAGS=-g -ffunction-sections -fdata-sections -Wall -Wextra"

TRACE::2025-08-15.09:05:14::SCWMssOS::"Running Make libs in microblaze_0/libsrc/iic_v3_7/src"

TRACE::2025-08-15.09:05:14::SCWMssOS::make -C microblaze_0/libsrc/iic_v3_7/src -s libs  "SHELL=CMD" "COMPILER=mb-gcc" "ASSEMBLER=mb-as" "ARCHIVER=mb-ar" "COMPILER_FL
TRACE::2025-08-15.09:05:14::SCWMssOS::AGS=  -O2 -c -mcpu=v11.0 -mlittle-endian -mno-xl-soft-div -mno-xl-soft-mul -mxl-barrel-shift -mxl-pattern-compare" "EXTRA_COMPI
TRACE::2025-08-15.09:05:14::SCWMssOS::LER_FLAGS=-g -ffunction-sections -fdata-sections -Wall -Wextra"

TRACE::2025-08-15.09:05:14::SCWMssOS::"Running Make libs in microblaze_0/libsrc/intc_v3_12/src"

TRACE::2025-08-15.09:05:14::SCWMssOS::make -C microblaze_0/libsrc/intc_v3_12/src -s libs  "SHELL=CMD" "COMPILER=mb-gcc" "ASSEMBLER=mb-as" "ARCHIVER=mb-ar" "COMPILER_
TRACE::2025-08-15.09:05:14::SCWMssOS::FLAGS=  -O2 -c -mcpu=v11.0 -mlittle-endian -mno-xl-soft-div -mno-xl-soft-mul -mxl-barrel-shift -mxl-pattern-compare" "EXTRA_COM
TRACE::2025-08-15.09:05:14::SCWMssOS::PILER_FLAGS=-g -ffunction-sections -fdata-sections -Wall -Wextra"

TRACE::2025-08-15.09:05:14::SCWMssOS::"Running Make libs in microblaze_0/libsrc/spi_v4_7/src"

TRACE::2025-08-15.09:05:14::SCWMssOS::make -C microblaze_0/libsrc/spi_v4_7/src -s libs  "SHELL=CMD" "COMPILER=mb-gcc" "ASSEMBLER=mb-as" "ARCHIVER=mb-ar" "COMPILER_FL
TRACE::2025-08-15.09:05:14::SCWMssOS::AGS=  -O2 -c -mcpu=v11.0 -mlittle-endian -mno-xl-soft-div -mno-xl-soft-mul -mxl-barrel-shift -mxl-pattern-compare" "EXTRA_COMPI
TRACE::2025-08-15.09:05:14::SCWMssOS::LER_FLAGS=-g -ffunction-sections -fdata-sections -Wall -Wextra"

TRACE::2025-08-15.09:05:14::SCWMssOS::"Running Make libs in microblaze_0/libsrc/standalone_v7_3/src"

TRACE::2025-08-15.09:05:14::SCWMssOS::make -C microblaze_0/libsrc/standalone_v7_3/src -s libs  "SHELL=CMD" "COMPILER=mb-gcc" "ASSEMBLER=mb-as" "ARCHIVER=mb-ar" "COMP
TRACE::2025-08-15.09:05:14::SCWMssOS::ILER_FLAGS=  -O2 -c -mcpu=v11.0 -mlittle-endian -mno-xl-soft-div -mno-xl-soft-mul -mxl-barrel-shift -mxl-pattern-compare" "EXTR
TRACE::2025-08-15.09:05:14::SCWMssOS::A_COMPILER_FLAGS=-g -ffunction-sections -fdata-sections -Wall -Wextra"

TRACE::2025-08-15.09:05:14::SCWMssOS::"Running Make libs in microblaze_0/libsrc/sysmon_v7_7/src"

TRACE::2025-08-15.09:05:14::SCWMssOS::make -C microblaze_0/libsrc/sysmon_v7_7/src -s libs  "SHELL=CMD" "COMPILER=mb-gcc" "ASSEMBLER=mb-as" "ARCHIVER=mb-ar" "COMPILER
TRACE::2025-08-15.09:05:14::SCWMssOS::_FLAGS=  -O2 -c -mcpu=v11.0 -mlittle-endian -mno-xl-soft-div -mno-xl-soft-mul -mxl-barrel-shift -mxl-pattern-compare" "EXTRA_CO
TRACE::2025-08-15.09:05:14::SCWMssOS::MPILER_FLAGS=-g -ffunction-sections -fdata-sections -Wall -Wextra"

TRACE::2025-08-15.09:05:14::SCWMssOS::"Running Make libs in microblaze_0/libsrc/tmrctr_v4_7/src"

TRACE::2025-08-15.09:05:14::SCWMssOS::make -C microblaze_0/libsrc/tmrctr_v4_7/src -s libs  "SHELL=CMD" "COMPILER=mb-gcc" "ASSEMBLER=mb-as" "ARCHIVER=mb-ar" "COMPILER
TRACE::2025-08-15.09:05:14::SCWMssOS::_FLAGS=  -O2 -c -mcpu=v11.0 -mlittle-endian -mno-xl-soft-div -mno-xl-soft-mul -mxl-barrel-shift -mxl-pattern-compare" "EXTRA_CO
TRACE::2025-08-15.09:05:14::SCWMssOS::MPILER_FLAGS=-g -ffunction-sections -fdata-sections -Wall -Wextra"

TRACE::2025-08-15.09:05:14::SCWMssOS::"Running Make libs in microblaze_0/libsrc/uartlite_v3_5/src"

TRACE::2025-08-15.09:05:14::SCWMssOS::make -C microblaze_0/libsrc/uartlite_v3_5/src -s libs  "SHELL=CMD" "COMPILER=mb-gcc" "ASSEMBLER=mb-as" "ARCHIVER=mb-ar" "COMPIL
TRACE::2025-08-15.09:05:14::SCWMssOS::ER_FLAGS=  -O2 -c -mcpu=v11.0 -mlittle-endian -mno-xl-soft-div -mno-xl-soft-mul -mxl-barrel-shift -mxl-pattern-compare" "EXTRA_
TRACE::2025-08-15.09:05:14::SCWMssOS::COMPILER_FLAGS=-g -ffunction-sections -fdata-sections -Wall -Wextra"

TRACE::2025-08-15.09:05:14::SCWMssOS::'Finished building libraries parallelly.'

TRACE::2025-08-15.09:05:14::SCWMssOS::make --no-print-directory archive

TRACE::2025-08-15.09:05:14::SCWMssOS::mb-ar -r  microblaze_0/lib/libxil.a microblaze_0/lib/xtmrctr_l.o microblaze_0/lib/xplatform_info.o microblaze_0/lib/xtmrctr_opt
TRACE::2025-08-15.09:05:14::SCWMssOS::ions.o microblaze_0/lib/microblaze_disable_exceptions.o microblaze_0/lib/print.o microblaze_0/lib/xspi_options.o microblaze_0/l
TRACE::2025-08-15.09:05:14::SCWMssOS::ib/xil_testio.o microblaze_0/lib/microblaze_disable_dcache.o microblaze_0/lib/microblaze_flush_dcache_range.o microblaze_0/lib/
TRACE::2025-08-15.09:05:14::SCWMssOS::xspi_g.o microblaze_0/lib/microblaze_flush_cache_ext.o microblaze_0/lib/xspi.o microblaze_0/lib/xspi_sinit.o microblaze_0/lib/i
TRACE::2025-08-15.09:05:14::SCWMssOS::nbyte.o microblaze_0/lib/xil_misc_psreset_api.o microblaze_0/lib/xspi_selftest.o microblaze_0/lib/xsysmon_g.o microblaze_0/lib/
TRACE::2025-08-15.09:05:14::SCWMssOS::xil_cache.o microblaze_0/lib/xil_util.o microblaze_0/lib/xiic_g.o microblaze_0/lib/xiic_multi_master.o microblaze_0/lib/xiic_si
TRACE::2025-08-15.09:05:14::SCWMssOS::nit.o microblaze_0/lib/microblaze_exception_handler.o microblaze_0/lib/xbram_g.o microblaze_0/lib/xbram_sinit.o microblaze_0/li
TRACE::2025-08-15.09:05:14::SCWMssOS::b/microblaze_scrub.o microblaze_0/lib/xtmrctr_intr.o microblaze_0/lib/microblaze_invalidate_dcache.o microblaze_0/lib/microblaz
TRACE::2025-08-15.09:05:14::SCWMssOS::e_disable_interrupts.o microblaze_0/lib/xbram_selftest.o microblaze_0/lib/microblaze_interrupt_handler.o microblaze_0/lib/micro
TRACE::2025-08-15.09:05:14::SCWMssOS::blaze_disable_icache.o microblaze_0/lib/xaxidma_sinit.o microblaze_0/lib/xsysmon_intr.o microblaze_0/lib/xgpio_g.o microblaze_0
TRACE::2025-08-15.09:05:14::SCWMssOS::/lib/xuartlite_g.o microblaze_0/lib/xtmrctr_stats.o microblaze_0/lib/xaxidma_selftest.o microblaze_0/lib/xiic_master.o microbla
TRACE::2025-08-15.09:05:14::SCWMssOS::ze_0/lib/xspi_stats.o microblaze_0/lib/xuartlite_intr.o microblaze_0/lib/microblaze_flush_cache_ext_range.o microblaze_0/lib/xa
TRACE::2025-08-15.09:05:14::SCWMssOS::xidma_bd.o microblaze_0/lib/xiic_intr.o microblaze_0/lib/xbram_intr.o microblaze_0/lib/xil_sleepcommon.o microblaze_0/lib/xil_p
TRACE::2025-08-15.09:05:14::SCWMssOS::rintf.o microblaze_0/lib/xintc_g.o microblaze_0/lib/xintc_selftest.o microblaze_0/lib/xintc_l.o microblaze_0/lib/outbyte.o micr
TRACE::2025-08-15.09:05:14::SCWMssOS::oblaze_0/lib/xgpio_extra.o microblaze_0/lib/xgpio_intr.o microblaze_0/lib/xiic_slave.o microblaze_0/lib/microblaze_invalidate_d
TRACE::2025-08-15.09:05:14::SCWMssOS::cache_range.o microblaze_0/lib/xil_testmem.o microblaze_0/lib/microblaze_invalidate_cache_ext.o microblaze_0/lib/microblaze_sle
TRACE::2025-08-15.09:05:14::SCWMssOS::ep.o microblaze_0/lib/xuartlite_sinit.o microblaze_0/lib/hw_exception_handler.o microblaze_0/lib/xtmrctr.o microblaze_0/lib/xin
TRACE::2025-08-15.09:05:14::SCWMssOS::tc_options.o microblaze_0/lib/xuartlite_selftest.o microblaze_0/lib/xgpio_sinit.o microblaze_0/lib/xuartlite.o microblaze_0/lib
TRACE::2025-08-15.09:05:14::SCWMssOS::/microblaze_update_dcache.o microblaze_0/lib/xaxidma_g.o microblaze_0/lib/xil_testcache.o microblaze_0/lib/microblaze_selftest.
TRACE::2025-08-15.09:05:14::SCWMssOS::o microblaze_0/lib/microblaze_interrupts_g.o microblaze_0/lib/microblaze_enable_exceptions.o microblaze_0/lib/xil_mem.o microbl
TRACE::2025-08-15.09:05:14::SCWMssOS::aze_0/lib/xsysmon_sinit.o microblaze_0/lib/xtmrctr_g.o microblaze_0/lib/microblaze_enable_dcache.o microblaze_0/lib/xiic_l.o mi
TRACE::2025-08-15.09:05:14::SCWMssOS::croblaze_0/lib/_exit.o microblaze_0/lib/microblaze_invalidate_icache_range.o microblaze_0/lib/xtmrctr_selftest.o microblaze_0/l
TRACE::2025-08-15.09:05:14::SCWMssOS::ib/xgpio.o microblaze_0/lib/microblaze_init_dcache_range.o microblaze_0/lib/microblaze_invalidate_icache.o microblaze_0/lib/xax
TRACE::2025-08-15.09:05:14::SCWMssOS::idma.o microblaze_0/lib/errno.o microblaze_0/lib/xiic_dyn_master.o microblaze_0/lib/xintc.o microblaze_0/lib/xuartlite_stats.o 
TRACE::2025-08-15.09:05:14::SCWMssOS::microblaze_0/lib/microblaze_invalidate_cache_ext_range.o microblaze_0/lib/xintc_intr.o microblaze_0/lib/xil_exception.o microbl
TRACE::2025-08-15.09:05:14::SCWMssOS::aze_0/lib/pvr.o microblaze_0/lib/xbram.o microblaze_0/lib/xiic_options.o microblaze_0/lib/microblaze_update_icache.o microblaze
TRACE::2025-08-15.09:05:14::SCWMssOS::_0/lib/microblaze_flush_dcache.o microblaze_0/lib/xil_clocking.o microblaze_0/lib/xil_assert.o microblaze_0/lib/xiic_stats.o mi
TRACE::2025-08-15.09:05:14::SCWMssOS::croblaze_0/lib/microblaze_enable_interrupts.o microblaze_0/lib/xio.o microblaze_0/lib/microblaze_enable_icache.o microblaze_0/l
TRACE::2025-08-15.09:05:14::SCWMssOS::ib/xiic.o microblaze_0/lib/xsysmon.o microblaze_0/lib/microblaze_init_icache_range.o microblaze_0/lib/xaxidma_bdring.o microbla
TRACE::2025-08-15.09:05:14::SCWMssOS::ze_0/lib/xuartlite_l.o microblaze_0/lib/xtmrctr_sinit.o microblaze_0/lib/xiic_selftest.o microblaze_0/lib/xsysmon_selftest.o mi
TRACE::2025-08-15.09:05:14::SCWMssOS::croblaze_0/lib/fcntl.o microblaze_0/lib/xgpio_selftest.o

TRACE::2025-08-15.09:05:16::SCWMssOS::'Finished building libraries'

TRACE::2025-08-15.09:05:17::SCWMssOS::Copying to export directory.
TRACE::2025-08-15.09:05:17::SCWMssOS:: Checking if to create the Supporting Applications
TRACE::2025-08-15.09:05:17::SCWMssOS:: No Linux domain exists, trying to generate FSBL 
LOG::2025-08-15.09:05:17::SCWSystem::Completed Processing the domain standalone_domain
LOG::2025-08-15.09:05:17::SCWSystem::Completed Processing the sysconfig McDMA_bsp
LOG::2025-08-15.09:05:17::SCWPlatform::Completed generating the artifacts for system configuration McDMA_bsp
TRACE::2025-08-15.09:05:17::SCWPlatform::Started preparing the platform 
TRACE::2025-08-15.09:05:17::SCWSystem::Writing the bif file for system config McDMA_bsp
TRACE::2025-08-15.09:05:17::SCWSystem::dir created 
TRACE::2025-08-15.09:05:17::SCWSystem::Writing the bif 
TRACE::2025-08-15.09:05:17::SCWPlatform::Started writing the spfm file 
TRACE::2025-08-15.09:05:17::SCWPlatform::Started writing the xpfm file 
TRACE::2025-08-15.09:05:17::SCWPlatform::Completed generating the platform
TRACE::2025-08-15.09:05:17::SCWMssOS::Saving the mss changes C:/Users/ilpes/Desktop/Antenne_e_clocks/McDMA_workspace/McDMA_bsp/microblaze_0/standalone_domain/bsp/system.mss
TRACE::2025-08-15.09:05:17::SCWMssOS::Found a swdesign opened with the mssfile.
TRACE::2025-08-15.09:05:17::SCWMssOS::Completed writemss as part of save.
TRACE::2025-08-15.09:05:17::SCWMssOS::Commit changes completed.
TRACE::2025-08-15.09:05:17::SCWPlatform::Trying to open the hw design at C:/Users/ilpes/Desktop/Antenne_e_clocks/McDMA_workspace/McDMA_bsp/hw/McDMA_v0.xsa
TRACE::2025-08-15.09:05:17::SCWPlatform::DSA given C:/Users/ilpes/Desktop/Antenne_e_clocks/McDMA_workspace/McDMA_bsp/hw/McDMA_v0.xsa
TRACE::2025-08-15.09:05:17::SCWPlatform::DSA absoulate path C:/Users/ilpes/Desktop/Antenne_e_clocks/McDMA_workspace/McDMA_bsp/hw/McDMA_v0.xsa
TRACE::2025-08-15.09:05:17::SCWPlatform::DSA directory C:/Users/ilpes/Desktop/Antenne_e_clocks/McDMA_workspace/McDMA_bsp/hw
TRACE::2025-08-15.09:05:17::SCWPlatform:: Platform Path C:/Users/ilpes/Desktop/Antenne_e_clocks/McDMA_workspace/McDMA_bsp/hw/McDMA_v0.xsa
TRACE::2025-08-15.09:05:17::SCWPlatform:: Unique name xilinx:cmod_a7-35t::0.0
TRACE::2025-08-15.09:05:17::SCWPlatform::Trying to set the existing hwdb with name user_35t_wrapper_2
TRACE::2025-08-15.09:05:17::SCWPlatform::Opened existing hwdb user_35t_wrapper_2
TRACE::2025-08-15.09:05:17::SCWPlatform::Found the Hw Db part of the input DSA
TRACE::2025-08-15.09:05:17::SCWMssOS::Checking the sw design at  C:/Users/ilpes/Desktop/Antenne_e_clocks/McDMA_workspace/McDMA_bsp/microblaze_0/standalone_domain/bsp/system.mss
TRACE::2025-08-15.09:05:17::SCWMssOS::DEBUG:  swdes dump  C:/Users/ilpes/Desktop/Antenne_e_clocks/McDMA_workspace/MCDMA_ila_bsp/microblaze_0/standalone_domain/bsp/system.mss|system||
C:/Users/ilpes/Desktop/Antenne_e_clocks/McDMA_workspace/McDMA_bsp/microblaze_0/standalone_domain/bsp/system.mss|system_0||

TRACE::2025-08-15.09:05:17::SCWMssOS::Sw design exists and opened at  C:/Users/ilpes/Desktop/Antenne_e_clocks/McDMA_workspace/McDMA_bsp/microblaze_0/standalone_domain/bsp/system.mss
TRACE::2025-08-15.09:05:17::SCWWriter::formatted JSON is {
	"platformName":	"McDMA_bsp",
	"sprVersion":	"2.0",
	"mode":	"gui",
	"dsaType":	"Fixed",
	"platformDesc":	"McDMA_bsp",
	"platHandOff":	"C:/Users/ilpes/Desktop/INSEGNAMENTO/Didattica2023/McDMA/McDMA/McDMA_v0.xsa",
	"platIntHandOff":	"<platformDir>/hw/McDMA_v0.xsa",
	"deviceType":	"FPGA",
	"platIsPrebuiltAutogen":	"false",
	"platIsNoBootBsp":	"false",
	"hasFsblMakeHasChanges":	"false",
	"hasPmufwMakeHasChanges":	"false",
	"platPreBuiltFlag":	false,
	"platformSamplesDir":	"",
	"platActiveSys":	"McDMA_bsp",
	"systems":	[{
			"systemName":	"McDMA_bsp",
			"systemDesc":	"McDMA_bsp",
			"sysIsBootAutoGen":	"true",
			"systemDispName":	"McDMA_bsp",
			"sysActiveDom":	"standalone_domain",
			"sysDefaultDom":	"standalone_domain",
			"domains":	[{
					"domainName":	"standalone_domain",
					"domainDispName":	"standalone on microblaze_0",
					"domainDesc":	"standalone_domain",
					"processors":	"microblaze_0",
					"os":	"standalone",
					"sdxOs":	"standalone",
					"debugEnable":	"False",
					"domRuntimes":	["cpp"],
					"swRepo":	"",
					"mssOsVer":	"7.3",
					"mssFile":	"",
					"md5Digest":	"8f3aac6672cf48153379f1996b94c556",
					"compatibleApp":	"",
					"domType":	"mssDomain",
					"arch":	"32-bit",
					"appSettings":	{
						"appCompilerFlags":	"",
						"appLinkerFlags":	""
					},
					"addedLibs":	[],
					"libOptions":	{
						"libsContainingOptions":	[]
					},
					"prebuiltLibs":	{
						"prebuiltIncPath":	[],
						"prebuiltLibPath":	[]
					},
					"isolation":	{
					}
				}]
		}]
}
KEYINFO::2025-08-15.09:05:17::SCWPlatform::updated the xpfm file.
TRACE::2025-08-15.09:05:17::SCWPlatform::Trying to open the hw design at C:/Users/ilpes/Desktop/Antenne_e_clocks/McDMA_workspace/McDMA_bsp/hw/McDMA_v0.xsa
TRACE::2025-08-15.09:05:17::SCWPlatform::DSA given C:/Users/ilpes/Desktop/Antenne_e_clocks/McDMA_workspace/McDMA_bsp/hw/McDMA_v0.xsa
TRACE::2025-08-15.09:05:17::SCWPlatform::DSA absoulate path C:/Users/ilpes/Desktop/Antenne_e_clocks/McDMA_workspace/McDMA_bsp/hw/McDMA_v0.xsa
TRACE::2025-08-15.09:05:17::SCWPlatform::DSA directory C:/Users/ilpes/Desktop/Antenne_e_clocks/McDMA_workspace/McDMA_bsp/hw
TRACE::2025-08-15.09:05:17::SCWPlatform:: Platform Path C:/Users/ilpes/Desktop/Antenne_e_clocks/McDMA_workspace/McDMA_bsp/hw/McDMA_v0.xsa
TRACE::2025-08-15.09:05:17::SCWPlatform:: Unique name xilinx:cmod_a7-35t::0.0
TRACE::2025-08-15.09:05:17::SCWPlatform::Trying to set the existing hwdb with name user_35t_wrapper_2
TRACE::2025-08-15.09:05:17::SCWPlatform::Opened existing hwdb user_35t_wrapper_2
TRACE::2025-08-15.09:05:17::SCWPlatform::Found the Hw Db part of the input DSA
TRACE::2025-08-15.09:05:17::SCWMssOS::Checking the sw design at  C:/Users/ilpes/Desktop/Antenne_e_clocks/McDMA_workspace/McDMA_bsp/microblaze_0/standalone_domain/bsp/system.mss
TRACE::2025-08-15.09:05:17::SCWMssOS::DEBUG:  swdes dump  C:/Users/ilpes/Desktop/Antenne_e_clocks/McDMA_workspace/MCDMA_ila_bsp/microblaze_0/standalone_domain/bsp/system.mss|system||
C:/Users/ilpes/Desktop/Antenne_e_clocks/McDMA_workspace/McDMA_bsp/microblaze_0/standalone_domain/bsp/system.mss|system_0||

TRACE::2025-08-15.09:05:17::SCWMssOS::Sw design exists and opened at  C:/Users/ilpes/Desktop/Antenne_e_clocks/McDMA_workspace/McDMA_bsp/microblaze_0/standalone_domain/bsp/system.mss
TRACE::2025-08-18.12:57:50::SCWPlatform::Trying to open the hw design at C:/Users/ilpes/Desktop/Antenne_e_clocks/McDMA_workspace/McDMA_bsp/hw/McDMA_v0.xsa
TRACE::2025-08-18.12:57:50::SCWPlatform::DSA given C:/Users/ilpes/Desktop/Antenne_e_clocks/McDMA_workspace/McDMA_bsp/hw/McDMA_v0.xsa
TRACE::2025-08-18.12:57:50::SCWPlatform::DSA absoulate path C:/Users/ilpes/Desktop/Antenne_e_clocks/McDMA_workspace/McDMA_bsp/hw/McDMA_v0.xsa
TRACE::2025-08-18.12:57:50::SCWPlatform::DSA directory C:/Users/ilpes/Desktop/Antenne_e_clocks/McDMA_workspace/McDMA_bsp/hw
TRACE::2025-08-18.12:57:50::SCWPlatform:: Platform Path C:/Users/ilpes/Desktop/Antenne_e_clocks/McDMA_workspace/McDMA_bsp/hw/McDMA_v0.xsa
TRACE::2025-08-18.12:57:50::SCWPlatform:: Unique name xilinx:cmod_a7-35t::0.0
TRACE::2025-08-18.12:57:50::SCWPlatform::Do not have an existing db opened. 
TRACE::2025-08-18.12:57:50::SCWPlatform::Opened new HwDB with name user_35t_wrapper_7
TRACE::2025-08-18.12:57:50::SCWReader::Active system found as  McDMA_bsp
TRACE::2025-08-18.12:57:50::SCWReader::Handling sysconfig McDMA_bsp
TRACE::2025-08-18.12:57:50::SCWDomain::checking for install qemu data   : 
TRACE::2025-08-18.12:57:50::SCWPlatform::Trying to open the hw design at C:/Users/ilpes/Desktop/Antenne_e_clocks/McDMA_workspace/McDMA_bsp/hw/McDMA_v0.xsa
TRACE::2025-08-18.12:57:50::SCWPlatform::DSA given C:/Users/ilpes/Desktop/Antenne_e_clocks/McDMA_workspace/McDMA_bsp/hw/McDMA_v0.xsa
TRACE::2025-08-18.12:57:50::SCWPlatform::DSA absoulate path C:/Users/ilpes/Desktop/Antenne_e_clocks/McDMA_workspace/McDMA_bsp/hw/McDMA_v0.xsa
TRACE::2025-08-18.12:57:50::SCWPlatform::DSA directory C:/Users/ilpes/Desktop/Antenne_e_clocks/McDMA_workspace/McDMA_bsp/hw
TRACE::2025-08-18.12:57:50::SCWPlatform:: Platform Path C:/Users/ilpes/Desktop/Antenne_e_clocks/McDMA_workspace/McDMA_bsp/hw/McDMA_v0.xsa
TRACE::2025-08-18.12:57:50::SCWPlatform:: Unique name xilinx:cmod_a7-35t::0.0
TRACE::2025-08-18.12:57:50::SCWPlatform::Trying to set the existing hwdb with name user_35t_wrapper_7
TRACE::2025-08-18.12:57:50::SCWPlatform::Opened existing hwdb user_35t_wrapper_7
TRACE::2025-08-18.12:57:50::SCWPlatform::Found the Hw Db part of the input DSA
TRACE::2025-08-18.12:57:50::SCWPlatform::Trying to open the hw design at C:/Users/ilpes/Desktop/Antenne_e_clocks/McDMA_workspace/McDMA_bsp/hw/McDMA_v0.xsa
TRACE::2025-08-18.12:57:50::SCWPlatform::DSA given C:/Users/ilpes/Desktop/Antenne_e_clocks/McDMA_workspace/McDMA_bsp/hw/McDMA_v0.xsa
TRACE::2025-08-18.12:57:50::SCWPlatform::DSA absoulate path C:/Users/ilpes/Desktop/Antenne_e_clocks/McDMA_workspace/McDMA_bsp/hw/McDMA_v0.xsa
TRACE::2025-08-18.12:57:50::SCWPlatform::DSA directory C:/Users/ilpes/Desktop/Antenne_e_clocks/McDMA_workspace/McDMA_bsp/hw
TRACE::2025-08-18.12:57:50::SCWPlatform:: Platform Path C:/Users/ilpes/Desktop/Antenne_e_clocks/McDMA_workspace/McDMA_bsp/hw/McDMA_v0.xsa
TRACE::2025-08-18.12:57:50::SCWPlatform:: Unique name xilinx:cmod_a7-35t::0.0
TRACE::2025-08-18.12:57:50::SCWPlatform::Trying to set the existing hwdb with name user_35t_wrapper_7
TRACE::2025-08-18.12:57:50::SCWPlatform::Opened existing hwdb user_35t_wrapper_7
TRACE::2025-08-18.12:57:50::SCWPlatform::Found the Hw Db part of the input DSA
TRACE::2025-08-18.12:57:50::SCWPlatform::Trying to open the hw design at C:/Users/ilpes/Desktop/Antenne_e_clocks/McDMA_workspace/McDMA_bsp/hw/McDMA_v0.xsa
TRACE::2025-08-18.12:57:50::SCWPlatform::DSA given C:/Users/ilpes/Desktop/Antenne_e_clocks/McDMA_workspace/McDMA_bsp/hw/McDMA_v0.xsa
TRACE::2025-08-18.12:57:50::SCWPlatform::DSA absoulate path C:/Users/ilpes/Desktop/Antenne_e_clocks/McDMA_workspace/McDMA_bsp/hw/McDMA_v0.xsa
TRACE::2025-08-18.12:57:50::SCWPlatform::DSA directory C:/Users/ilpes/Desktop/Antenne_e_clocks/McDMA_workspace/McDMA_bsp/hw
TRACE::2025-08-18.12:57:50::SCWPlatform:: Platform Path C:/Users/ilpes/Desktop/Antenne_e_clocks/McDMA_workspace/McDMA_bsp/hw/McDMA_v0.xsa
TRACE::2025-08-18.12:57:50::SCWPlatform:: Unique name xilinx:cmod_a7-35t::0.0
TRACE::2025-08-18.12:57:50::SCWPlatform::Trying to set the existing hwdb with name user_35t_wrapper_7
TRACE::2025-08-18.12:57:50::SCWPlatform::Opened existing hwdb user_35t_wrapper_7
TRACE::2025-08-18.12:57:50::SCWPlatform::Found the Hw Db part of the input DSA
TRACE::2025-08-18.12:57:50::SCWPlatform::Trying to open the hw design at C:/Users/ilpes/Desktop/Antenne_e_clocks/McDMA_workspace/McDMA_bsp/hw/McDMA_v0.xsa
TRACE::2025-08-18.12:57:50::SCWPlatform::DSA given C:/Users/ilpes/Desktop/Antenne_e_clocks/McDMA_workspace/McDMA_bsp/hw/McDMA_v0.xsa
TRACE::2025-08-18.12:57:50::SCWPlatform::DSA absoulate path C:/Users/ilpes/Desktop/Antenne_e_clocks/McDMA_workspace/McDMA_bsp/hw/McDMA_v0.xsa
TRACE::2025-08-18.12:57:50::SCWPlatform::DSA directory C:/Users/ilpes/Desktop/Antenne_e_clocks/McDMA_workspace/McDMA_bsp/hw
TRACE::2025-08-18.12:57:50::SCWPlatform:: Platform Path C:/Users/ilpes/Desktop/Antenne_e_clocks/McDMA_workspace/McDMA_bsp/hw/McDMA_v0.xsa
TRACE::2025-08-18.12:57:50::SCWPlatform:: Unique name xilinx:cmod_a7-35t::0.0
TRACE::2025-08-18.12:57:50::SCWPlatform::Trying to set the existing hwdb with name user_35t_wrapper_7
TRACE::2025-08-18.12:57:50::SCWPlatform::Opened existing hwdb user_35t_wrapper_7
TRACE::2025-08-18.12:57:50::SCWPlatform::Found the Hw Db part of the input DSA
TRACE::2025-08-18.12:57:50::SCWMssOS::Checking the sw design at  C:/Users/ilpes/Desktop/Antenne_e_clocks/McDMA_workspace/McDMA_bsp/microblaze_0/standalone_domain/bsp/system.mss
TRACE::2025-08-18.12:57:50::SCWMssOS::DEBUG:  swdes dump  C:/Users/ilpes/Desktop/Antenne_e_clocks/McDMA_workspace/MCDMA_ila_bsp/microblaze_0/standalone_domain/bsp/system.mss|system_0||
C:/Users/ilpes/Desktop/Antenne_e_clocks/McDMA_workspace/McDMA_v2_bootloop/microblaze_0/standalone_domain/bsp/system.mss|system||

TRACE::2025-08-18.12:57:50::SCWMssOS::No sw design opened at  C:/Users/ilpes/Desktop/Antenne_e_clocks/McDMA_workspace/McDMA_bsp/microblaze_0/standalone_domain/bsp/system.mss
TRACE::2025-08-18.12:57:50::SCWMssOS::mss exists loading the mss file  C:/Users/ilpes/Desktop/Antenne_e_clocks/McDMA_workspace/McDMA_bsp/microblaze_0/standalone_domain/bsp/system.mss
TRACE::2025-08-18.12:57:50::SCWMssOS::Opened the sw design from mss  C:/Users/ilpes/Desktop/Antenne_e_clocks/McDMA_workspace/McDMA_bsp/microblaze_0/standalone_domain/bsp/system.mss
TRACE::2025-08-18.12:57:50::SCWMssOS::Adding the swdes entry C:/Users/ilpes/Desktop/Antenne_e_clocks/McDMA_workspace/McDMA_bsp/microblaze_0/standalone_domain/bsp/system.mss with des name system_1
TRACE::2025-08-18.12:57:50::SCWMssOS::updating the scw layer about changes
TRACE::2025-08-18.12:57:50::SCWMssOS::Opened the sw design.  C:/Users/ilpes/Desktop/Antenne_e_clocks/McDMA_workspace/McDMA_bsp/microblaze_0/standalone_domain/bsp/system.mss
TRACE::2025-08-18.12:57:50::SCWMssOS::Saving the mss changes C:/Users/ilpes/Desktop/Antenne_e_clocks/McDMA_workspace/McDMA_bsp/microblaze_0/standalone_domain/bsp/system.mss
TRACE::2025-08-18.12:57:50::SCWMssOS::Found a swdesign opened with the mssfile.
TRACE::2025-08-18.12:57:50::SCWMssOS::Completed writemss as part of save.
TRACE::2025-08-18.12:57:50::SCWMssOS::Commit changes completed.
TRACE::2025-08-18.12:57:50::SCWReader::Adding prebuilt librarypaths as   
TRACE::2025-08-18.12:57:50::SCWReader::Adding prebuilt incpaths  as   
TRACE::2025-08-18.12:57:50::SCWPlatform::Trying to open the hw design at C:/Users/ilpes/Desktop/Antenne_e_clocks/McDMA_workspace/McDMA_bsp/hw/McDMA_v0.xsa
TRACE::2025-08-18.12:57:50::SCWPlatform::DSA given C:/Users/ilpes/Desktop/Antenne_e_clocks/McDMA_workspace/McDMA_bsp/hw/McDMA_v0.xsa
TRACE::2025-08-18.12:57:50::SCWPlatform::DSA absoulate path C:/Users/ilpes/Desktop/Antenne_e_clocks/McDMA_workspace/McDMA_bsp/hw/McDMA_v0.xsa
TRACE::2025-08-18.12:57:50::SCWPlatform::DSA directory C:/Users/ilpes/Desktop/Antenne_e_clocks/McDMA_workspace/McDMA_bsp/hw
TRACE::2025-08-18.12:57:50::SCWPlatform:: Platform Path C:/Users/ilpes/Desktop/Antenne_e_clocks/McDMA_workspace/McDMA_bsp/hw/McDMA_v0.xsa
TRACE::2025-08-18.12:57:50::SCWPlatform:: Unique name xilinx:cmod_a7-35t::0.0
TRACE::2025-08-18.12:57:50::SCWPlatform::Trying to set the existing hwdb with name user_35t_wrapper_7
TRACE::2025-08-18.12:57:50::SCWPlatform::Opened existing hwdb user_35t_wrapper_7
TRACE::2025-08-18.12:57:50::SCWPlatform::Found the Hw Db part of the input DSA
TRACE::2025-08-18.12:57:50::SCWMssOS::Checking the sw design at  C:/Users/ilpes/Desktop/Antenne_e_clocks/McDMA_workspace/McDMA_bsp/microblaze_0/standalone_domain/bsp/system.mss
TRACE::2025-08-18.12:57:50::SCWMssOS::DEBUG:  swdes dump  C:/Users/ilpes/Desktop/Antenne_e_clocks/McDMA_workspace/MCDMA_ila_bsp/microblaze_0/standalone_domain/bsp/system.mss|system_0||
C:/Users/ilpes/Desktop/Antenne_e_clocks/McDMA_workspace/McDMA_bsp/microblaze_0/standalone_domain/bsp/system.mss|system_1||
C:/Users/ilpes/Desktop/Antenne_e_clocks/McDMA_workspace/McDMA_v2_bootloop/microblaze_0/standalone_domain/bsp/system.mss|system||

TRACE::2025-08-18.12:57:50::SCWMssOS::Sw design exists and opened at  C:/Users/ilpes/Desktop/Antenne_e_clocks/McDMA_workspace/McDMA_bsp/microblaze_0/standalone_domain/bsp/system.mss
TRACE::2025-08-18.12:57:50::SCWReader::No isolation master present  
LOG::2025-08-18.12:57:50::SCWPlatform::Started generating the artifacts platform McDMA_bsp
TRACE::2025-08-18.12:57:50::SCWPlatform::Sanity checking of platform is completed
LOG::2025-08-18.12:57:50::SCWPlatform::Started generating the artifacts for system configuration McDMA_bsp
LOG::2025-08-18.12:57:50::SCWSystem::Checking the domain standalone_domain
LOG::2025-08-18.12:57:50::SCWSystem::Not a boot domain 
LOG::2025-08-18.12:57:50::SCWSystem::Started Processing the domain standalone_domain
TRACE::2025-08-18.12:57:50::SCWDomain::Generating domain artifcats
TRACE::2025-08-18.12:57:50::SCWMssOS::Generating standalone artifcats
TRACE::2025-08-18.12:57:50::SCWMssOS:: Copying the user libraries. 
TRACE::2025-08-18.12:57:50::SCWPlatform::Trying to open the hw design at C:/Users/ilpes/Desktop/Antenne_e_clocks/McDMA_workspace/McDMA_bsp/hw/McDMA_v0.xsa
TRACE::2025-08-18.12:57:50::SCWPlatform::DSA given C:/Users/ilpes/Desktop/Antenne_e_clocks/McDMA_workspace/McDMA_bsp/hw/McDMA_v0.xsa
TRACE::2025-08-18.12:57:50::SCWPlatform::DSA absoulate path C:/Users/ilpes/Desktop/Antenne_e_clocks/McDMA_workspace/McDMA_bsp/hw/McDMA_v0.xsa
TRACE::2025-08-18.12:57:50::SCWPlatform::DSA directory C:/Users/ilpes/Desktop/Antenne_e_clocks/McDMA_workspace/McDMA_bsp/hw
TRACE::2025-08-18.12:57:50::SCWPlatform:: Platform Path C:/Users/ilpes/Desktop/Antenne_e_clocks/McDMA_workspace/McDMA_bsp/hw/McDMA_v0.xsa
TRACE::2025-08-18.12:57:50::SCWPlatform:: Unique name xilinx:cmod_a7-35t::0.0
TRACE::2025-08-18.12:57:50::SCWPlatform::Trying to set the existing hwdb with name user_35t_wrapper_7
TRACE::2025-08-18.12:57:50::SCWPlatform::Opened existing hwdb user_35t_wrapper_7
TRACE::2025-08-18.12:57:50::SCWPlatform::Found the Hw Db part of the input DSA
TRACE::2025-08-18.12:57:50::SCWMssOS::Checking the sw design at  C:/Users/ilpes/Desktop/Antenne_e_clocks/McDMA_workspace/McDMA_bsp/microblaze_0/standalone_domain/bsp/system.mss
TRACE::2025-08-18.12:57:50::SCWMssOS::DEBUG:  swdes dump  C:/Users/ilpes/Desktop/Antenne_e_clocks/McDMA_workspace/MCDMA_ila_bsp/microblaze_0/standalone_domain/bsp/system.mss|system_0||
C:/Users/ilpes/Desktop/Antenne_e_clocks/McDMA_workspace/McDMA_bsp/microblaze_0/standalone_domain/bsp/system.mss|system_1||
C:/Users/ilpes/Desktop/Antenne_e_clocks/McDMA_workspace/McDMA_v2_bootloop/microblaze_0/standalone_domain/bsp/system.mss|system||

TRACE::2025-08-18.12:57:50::SCWMssOS::Sw design exists and opened at  C:/Users/ilpes/Desktop/Antenne_e_clocks/McDMA_workspace/McDMA_bsp/microblaze_0/standalone_domain/bsp/system.mss
TRACE::2025-08-18.12:57:50::SCWMssOS::Completed writing the mss file at C:/Users/ilpes/Desktop/Antenne_e_clocks/McDMA_workspace/McDMA_bsp/microblaze_0/standalone_domain/bsp
TRACE::2025-08-18.12:57:50::SCWMssOS::Mss edits present, copying mssfile into export location C:/Users/ilpes/Desktop/Antenne_e_clocks/McDMA_workspace/McDMA_bsp/microblaze_0/standalone_domain/bsp/system.mss
TRACE::2025-08-18.12:57:50::SCWMssOS::bsp generated is upto date with the mss file. Skipping bsp generation.
TRACE::2025-08-18.12:57:50::SCWMssOS::BSP is already built. skipping the bsp build ... 
TRACE::2025-08-18.12:57:50::SCWDomain::Building the domain as part of full build :  standalone_domain
TRACE::2025-08-18.12:57:50::SCWMssOS::doing bsp build ... 
TRACE::2025-08-18.12:57:50::SCWMssOS::System Command Ran  C: & cd  C:/Users/ilpes/Desktop/Antenne_e_clocks/McDMA_workspace/McDMA_bsp/microblaze_0/standalone_domain/bsp & make 
TRACE::2025-08-18.12:57:50::SCWMssOS::make --no-print-directory seq_libs

TRACE::2025-08-18.12:57:50::SCWMssOS::'Finished building libraries sequentially.'

TRACE::2025-08-18.12:57:50::SCWMssOS::make -j --no-print-directory par_libs

TRACE::2025-08-18.12:57:50::SCWMssOS::"Running Make include in microblaze_0/libsrc/axidma_v9_12/src"

TRACE::2025-08-18.12:57:50::SCWMssOS::make -C microblaze_0/libsrc/axidma_v9_12/src -s include  "SHELL=CMD" "COMPILER=mb-gcc" "ASSEMBLER=mb-as" "ARCHIVER=mb-ar" "COMP
TRACE::2025-08-18.12:57:50::SCWMssOS::ILER_FLAGS=  -O2 -c -mcpu=v11.0 -mlittle-endian -mno-xl-soft-div -mno-xl-soft-mul -mxl-barrel-shift -mxl-pattern-compare" "EXTR
TRACE::2025-08-18.12:57:50::SCWMssOS::A_COMPILER_FLAGS=-g -ffunction-sections -fdata-sections -Wall -Wextra"

TRACE::2025-08-18.12:57:50::SCWMssOS::"Running Make include in microblaze_0/libsrc/bram_v4_5/src"

TRACE::2025-08-18.12:57:50::SCWMssOS::make -C microblaze_0/libsrc/bram_v4_5/src -s include  "SHELL=CMD" "COMPILER=mb-gcc" "ASSEMBLER=mb-as" "ARCHIVER=mb-ar" "COMPILE
TRACE::2025-08-18.12:57:50::SCWMssOS::R_FLAGS=  -O2 -c -mcpu=v11.0 -mlittle-endian -mno-xl-soft-div -mno-xl-soft-mul -mxl-barrel-shift -mxl-pattern-compare" "EXTRA_C
TRACE::2025-08-18.12:57:50::SCWMssOS::OMPILER_FLAGS=-g -ffunction-sections -fdata-sections -Wall -Wextra"

TRACE::2025-08-18.12:57:50::SCWMssOS::"Running Make include in microblaze_0/libsrc/cpu_v2_12/src"

TRACE::2025-08-18.12:57:50::SCWMssOS::make -C microblaze_0/libsrc/cpu_v2_12/src -s include  "SHELL=CMD" "COMPILER=mb-gcc" "ASSEMBLER=mb-as" "ARCHIVER=mb-ar" "COMPILE
TRACE::2025-08-18.12:57:50::SCWMssOS::R_FLAGS=  -O2 -c -mcpu=v11.0 -mlittle-endian -mno-xl-soft-div -mno-xl-soft-mul -mxl-barrel-shift -mxl-pattern-compare" "EXTRA_C
TRACE::2025-08-18.12:57:50::SCWMssOS::OMPILER_FLAGS=-g -ffunction-sections -fdata-sections -Wall -Wextra"

TRACE::2025-08-18.12:57:50::SCWMssOS::"Running Make include in microblaze_0/libsrc/gpio_v4_7/src"

TRACE::2025-08-18.12:57:50::SCWMssOS::make -C microblaze_0/libsrc/gpio_v4_7/src -s include  "SHELL=CMD" "COMPILER=mb-gcc" "ASSEMBLER=mb-as" "ARCHIVER=mb-ar" "COMPILE
TRACE::2025-08-18.12:57:50::SCWMssOS::R_FLAGS=  -O2 -c -mcpu=v11.0 -mlittle-endian -mno-xl-soft-div -mno-xl-soft-mul -mxl-barrel-shift -mxl-pattern-compare" "EXTRA_C
TRACE::2025-08-18.12:57:50::SCWMssOS::OMPILER_FLAGS=-g -ffunction-sections -fdata-sections -Wall -Wextra"

TRACE::2025-08-18.12:57:50::SCWMssOS::"Running Make include in microblaze_0/libsrc/iic_v3_7/src"

TRACE::2025-08-18.12:57:50::SCWMssOS::make -C microblaze_0/libsrc/iic_v3_7/src -s include  "SHELL=CMD" "COMPILER=mb-gcc" "ASSEMBLER=mb-as" "ARCHIVER=mb-ar" "COMPILER
TRACE::2025-08-18.12:57:50::SCWMssOS::_FLAGS=  -O2 -c -mcpu=v11.0 -mlittle-endian -mno-xl-soft-div -mno-xl-soft-mul -mxl-barrel-shift -mxl-pattern-compare" "EXTRA_CO
TRACE::2025-08-18.12:57:50::SCWMssOS::MPILER_FLAGS=-g -ffunction-sections -fdata-sections -Wall -Wextra"

TRACE::2025-08-18.12:57:50::SCWMssOS::"Running Make include in microblaze_0/libsrc/intc_v3_12/src"

TRACE::2025-08-18.12:57:50::SCWMssOS::make -C microblaze_0/libsrc/intc_v3_12/src -s include  "SHELL=CMD" "COMPILER=mb-gcc" "ASSEMBLER=mb-as" "ARCHIVER=mb-ar" "COMPIL
TRACE::2025-08-18.12:57:50::SCWMssOS::ER_FLAGS=  -O2 -c -mcpu=v11.0 -mlittle-endian -mno-xl-soft-div -mno-xl-soft-mul -mxl-barrel-shift -mxl-pattern-compare" "EXTRA_
TRACE::2025-08-18.12:57:50::SCWMssOS::COMPILER_FLAGS=-g -ffunction-sections -fdata-sections -Wall -Wextra"

TRACE::2025-08-18.12:57:50::SCWMssOS::"Running Make include in microblaze_0/libsrc/spi_v4_7/src"

TRACE::2025-08-18.12:57:51::SCWMssOS::make -C microblaze_0/libsrc/spi_v4_7/src -s include  "SHELL=CMD" "COMPILER=mb-gcc" "ASSEMBLER=mb-as" "ARCHIVER=mb-ar" "COMPILER
TRACE::2025-08-18.12:57:51::SCWMssOS::_FLAGS=  -O2 -c -mcpu=v11.0 -mlittle-endian -mno-xl-soft-div -mno-xl-soft-mul -mxl-barrel-shift -mxl-pattern-compare" "EXTRA_CO
TRACE::2025-08-18.12:57:51::SCWMssOS::MPILER_FLAGS=-g -ffunction-sections -fdata-sections -Wall -Wextra"

TRACE::2025-08-18.12:57:51::SCWMssOS::"Running Make include in microblaze_0/libsrc/standalone_v7_3/src"

TRACE::2025-08-18.12:57:51::SCWMssOS::make -C microblaze_0/libsrc/standalone_v7_3/src -s include  "SHELL=CMD" "COMPILER=mb-gcc" "ASSEMBLER=mb-as" "ARCHIVER=mb-ar" "C
TRACE::2025-08-18.12:57:51::SCWMssOS::OMPILER_FLAGS=  -O2 -c -mcpu=v11.0 -mlittle-endian -mno-xl-soft-div -mno-xl-soft-mul -mxl-barrel-shift -mxl-pattern-compare" "E
TRACE::2025-08-18.12:57:51::SCWMssOS::XTRA_COMPILER_FLAGS=-g -ffunction-sections -fdata-sections -Wall -Wextra"

TRACE::2025-08-18.12:57:51::SCWMssOS::"Running Make include in microblaze_0/libsrc/sysmon_v7_7/src"

TRACE::2025-08-18.12:57:51::SCWMssOS::make -C microblaze_0/libsrc/sysmon_v7_7/src -s include  "SHELL=CMD" "COMPILER=mb-gcc" "ASSEMBLER=mb-as" "ARCHIVER=mb-ar" "COMPI
TRACE::2025-08-18.12:57:51::SCWMssOS::LER_FLAGS=  -O2 -c -mcpu=v11.0 -mlittle-endian -mno-xl-soft-div -mno-xl-soft-mul -mxl-barrel-shift -mxl-pattern-compare" "EXTRA
TRACE::2025-08-18.12:57:51::SCWMssOS::_COMPILER_FLAGS=-g -ffunction-sections -fdata-sections -Wall -Wextra"

TRACE::2025-08-18.12:57:51::SCWMssOS::"Running Make include in microblaze_0/libsrc/tmrctr_v4_7/src"

TRACE::2025-08-18.12:57:51::SCWMssOS::make -C microblaze_0/libsrc/tmrctr_v4_7/src -s include  "SHELL=CMD" "COMPILER=mb-gcc" "ASSEMBLER=mb-as" "ARCHIVER=mb-ar" "COMPI
TRACE::2025-08-18.12:57:51::SCWMssOS::LER_FLAGS=  -O2 -c -mcpu=v11.0 -mlittle-endian -mno-xl-soft-div -mno-xl-soft-mul -mxl-barrel-shift -mxl-pattern-compare" "EXTRA
TRACE::2025-08-18.12:57:51::SCWMssOS::_COMPILER_FLAGS=-g -ffunction-sections -fdata-sections -Wall -Wextra"

TRACE::2025-08-18.12:57:51::SCWMssOS::"Running Make include in microblaze_0/libsrc/uartlite_v3_5/src"

TRACE::2025-08-18.12:57:51::SCWMssOS::make -C microblaze_0/libsrc/uartlite_v3_5/src -s include  "SHELL=CMD" "COMPILER=mb-gcc" "ASSEMBLER=mb-as" "ARCHIVER=mb-ar" "COM
TRACE::2025-08-18.12:57:51::SCWMssOS::PILER_FLAGS=  -O2 -c -mcpu=v11.0 -mlittle-endian -mno-xl-soft-div -mno-xl-soft-mul -mxl-barrel-shift -mxl-pattern-compare" "EXT
TRACE::2025-08-18.12:57:51::SCWMssOS::RA_COMPILER_FLAGS=-g -ffunction-sections -fdata-sections -Wall -Wextra"

TRACE::2025-08-18.12:57:51::SCWMssOS::"Running Make libs in microblaze_0/libsrc/axidma_v9_12/src"

TRACE::2025-08-18.12:57:51::SCWMssOS::make -C microblaze_0/libsrc/axidma_v9_12/src -s libs  "SHELL=CMD" "COMPILER=mb-gcc" "ASSEMBLER=mb-as" "ARCHIVER=mb-ar" "COMPILE
TRACE::2025-08-18.12:57:51::SCWMssOS::R_FLAGS=  -O2 -c -mcpu=v11.0 -mlittle-endian -mno-xl-soft-div -mno-xl-soft-mul -mxl-barrel-shift -mxl-pattern-compare" "EXTRA_C
TRACE::2025-08-18.12:57:51::SCWMssOS::OMPILER_FLAGS=-g -ffunction-sections -fdata-sections -Wall -Wextra"

TRACE::2025-08-18.12:57:51::SCWMssOS::"Running Make libs in microblaze_0/libsrc/bram_v4_5/src"

TRACE::2025-08-18.12:57:51::SCWMssOS::make -C microblaze_0/libsrc/bram_v4_5/src -s libs  "SHELL=CMD" "COMPILER=mb-gcc" "ASSEMBLER=mb-as" "ARCHIVER=mb-ar" "COMPILER_F
TRACE::2025-08-18.12:57:51::SCWMssOS::LAGS=  -O2 -c -mcpu=v11.0 -mlittle-endian -mno-xl-soft-div -mno-xl-soft-mul -mxl-barrel-shift -mxl-pattern-compare" "EXTRA_COMP
TRACE::2025-08-18.12:57:51::SCWMssOS::ILER_FLAGS=-g -ffunction-sections -fdata-sections -Wall -Wextra"

TRACE::2025-08-18.12:57:51::SCWMssOS::"Running Make libs in microblaze_0/libsrc/cpu_v2_12/src"

TRACE::2025-08-18.12:57:51::SCWMssOS::make -C microblaze_0/libsrc/cpu_v2_12/src -s libs  "SHELL=CMD" "COMPILER=mb-gcc" "ASSEMBLER=mb-as" "ARCHIVER=mb-ar" "COMPILER_F
TRACE::2025-08-18.12:57:51::SCWMssOS::LAGS=  -O2 -c -mcpu=v11.0 -mlittle-endian -mno-xl-soft-div -mno-xl-soft-mul -mxl-barrel-shift -mxl-pattern-compare" "EXTRA_COMP
TRACE::2025-08-18.12:57:51::SCWMssOS::ILER_FLAGS=-g -ffunction-sections -fdata-sections -Wall -Wextra"

TRACE::2025-08-18.12:57:51::SCWMssOS::"Running Make libs in microblaze_0/libsrc/gpio_v4_7/src"

TRACE::2025-08-18.12:57:51::SCWMssOS::make -C microblaze_0/libsrc/gpio_v4_7/src -s libs  "SHELL=CMD" "COMPILER=mb-gcc" "ASSEMBLER=mb-as" "ARCHIVER=mb-ar" "COMPILER_F
TRACE::2025-08-18.12:57:51::SCWMssOS::LAGS=  -O2 -c -mcpu=v11.0 -mlittle-endian -mno-xl-soft-div -mno-xl-soft-mul -mxl-barrel-shift -mxl-pattern-compare" "EXTRA_COMP
TRACE::2025-08-18.12:57:51::SCWMssOS::ILER_FLAGS=-g -ffunction-sections -fdata-sections -Wall -Wextra"

TRACE::2025-08-18.12:57:51::SCWMssOS::"Running Make libs in microblaze_0/libsrc/iic_v3_7/src"

TRACE::2025-08-18.12:57:51::SCWMssOS::make -C microblaze_0/libsrc/iic_v3_7/src -s libs  "SHELL=CMD" "COMPILER=mb-gcc" "ASSEMBLER=mb-as" "ARCHIVER=mb-ar" "COMPILER_FL
TRACE::2025-08-18.12:57:51::SCWMssOS::AGS=  -O2 -c -mcpu=v11.0 -mlittle-endian -mno-xl-soft-div -mno-xl-soft-mul -mxl-barrel-shift -mxl-pattern-compare" "EXTRA_COMPI
TRACE::2025-08-18.12:57:51::SCWMssOS::LER_FLAGS=-g -ffunction-sections -fdata-sections -Wall -Wextra"

TRACE::2025-08-18.12:57:51::SCWMssOS::"Running Make libs in microblaze_0/libsrc/intc_v3_12/src"

TRACE::2025-08-18.12:57:52::SCWMssOS::make -C microblaze_0/libsrc/intc_v3_12/src -s libs  "SHELL=CMD" "COMPILER=mb-gcc" "ASSEMBLER=mb-as" "ARCHIVER=mb-ar" "COMPILER_
TRACE::2025-08-18.12:57:52::SCWMssOS::FLAGS=  -O2 -c -mcpu=v11.0 -mlittle-endian -mno-xl-soft-div -mno-xl-soft-mul -mxl-barrel-shift -mxl-pattern-compare" "EXTRA_COM
TRACE::2025-08-18.12:57:52::SCWMssOS::PILER_FLAGS=-g -ffunction-sections -fdata-sections -Wall -Wextra"

TRACE::2025-08-18.12:57:52::SCWMssOS::"Running Make libs in microblaze_0/libsrc/spi_v4_7/src"

TRACE::2025-08-18.12:57:52::SCWMssOS::make -C microblaze_0/libsrc/spi_v4_7/src -s libs  "SHELL=CMD" "COMPILER=mb-gcc" "ASSEMBLER=mb-as" "ARCHIVER=mb-ar" "COMPILER_FL
TRACE::2025-08-18.12:57:52::SCWMssOS::AGS=  -O2 -c -mcpu=v11.0 -mlittle-endian -mno-xl-soft-div -mno-xl-soft-mul -mxl-barrel-shift -mxl-pattern-compare" "EXTRA_COMPI
TRACE::2025-08-18.12:57:52::SCWMssOS::LER_FLAGS=-g -ffunction-sections -fdata-sections -Wall -Wextra"

TRACE::2025-08-18.12:57:52::SCWMssOS::"Running Make libs in microblaze_0/libsrc/standalone_v7_3/src"

TRACE::2025-08-18.12:57:52::SCWMssOS::make -C microblaze_0/libsrc/standalone_v7_3/src -s libs  "SHELL=CMD" "COMPILER=mb-gcc" "ASSEMBLER=mb-as" "ARCHIVER=mb-ar" "COMP
TRACE::2025-08-18.12:57:52::SCWMssOS::ILER_FLAGS=  -O2 -c -mcpu=v11.0 -mlittle-endian -mno-xl-soft-div -mno-xl-soft-mul -mxl-barrel-shift -mxl-pattern-compare" "EXTR
TRACE::2025-08-18.12:57:52::SCWMssOS::A_COMPILER_FLAGS=-g -ffunction-sections -fdata-sections -Wall -Wextra"

TRACE::2025-08-18.12:57:52::SCWMssOS::"Running Make libs in microblaze_0/libsrc/sysmon_v7_7/src"

TRACE::2025-08-18.12:57:52::SCWMssOS::make -C microblaze_0/libsrc/sysmon_v7_7/src -s libs  "SHELL=CMD" "COMPILER=mb-gcc" "ASSEMBLER=mb-as" "ARCHIVER=mb-ar" "COMPILER
TRACE::2025-08-18.12:57:52::SCWMssOS::_FLAGS=  -O2 -c -mcpu=v11.0 -mlittle-endian -mno-xl-soft-div -mno-xl-soft-mul -mxl-barrel-shift -mxl-pattern-compare" "EXTRA_CO
TRACE::2025-08-18.12:57:52::SCWMssOS::MPILER_FLAGS=-g -ffunction-sections -fdata-sections -Wall -Wextra"

TRACE::2025-08-18.12:57:52::SCWMssOS::"Running Make libs in microblaze_0/libsrc/tmrctr_v4_7/src"

TRACE::2025-08-18.12:57:52::SCWMssOS::make -C microblaze_0/libsrc/tmrctr_v4_7/src -s libs  "SHELL=CMD" "COMPILER=mb-gcc" "ASSEMBLER=mb-as" "ARCHIVER=mb-ar" "COMPILER
TRACE::2025-08-18.12:57:52::SCWMssOS::_FLAGS=  -O2 -c -mcpu=v11.0 -mlittle-endian -mno-xl-soft-div -mno-xl-soft-mul -mxl-barrel-shift -mxl-pattern-compare" "EXTRA_CO
TRACE::2025-08-18.12:57:52::SCWMssOS::MPILER_FLAGS=-g -ffunction-sections -fdata-sections -Wall -Wextra"

TRACE::2025-08-18.12:57:52::SCWMssOS::"Running Make libs in microblaze_0/libsrc/uartlite_v3_5/src"

TRACE::2025-08-18.12:57:52::SCWMssOS::make -C microblaze_0/libsrc/uartlite_v3_5/src -s libs  "SHELL=CMD" "COMPILER=mb-gcc" "ASSEMBLER=mb-as" "ARCHIVER=mb-ar" "COMPIL
TRACE::2025-08-18.12:57:52::SCWMssOS::ER_FLAGS=  -O2 -c -mcpu=v11.0 -mlittle-endian -mno-xl-soft-div -mno-xl-soft-mul -mxl-barrel-shift -mxl-pattern-compare" "EXTRA_
TRACE::2025-08-18.12:57:52::SCWMssOS::COMPILER_FLAGS=-g -ffunction-sections -fdata-sections -Wall -Wextra"

TRACE::2025-08-18.12:57:52::SCWMssOS::'Finished building libraries parallelly.'

TRACE::2025-08-18.12:57:52::SCWMssOS::make --no-print-directory archive

TRACE::2025-08-18.12:57:52::SCWMssOS::mb-ar -r  microblaze_0/lib/libxil.a microblaze_0/lib/xtmrctr_l.o microblaze_0/lib/xplatform_info.o microblaze_0/lib/xtmrctr_opt
TRACE::2025-08-18.12:57:52::SCWMssOS::ions.o microblaze_0/lib/microblaze_disable_exceptions.o microblaze_0/lib/print.o microblaze_0/lib/xspi_options.o microblaze_0/l
TRACE::2025-08-18.12:57:52::SCWMssOS::ib/xil_testio.o microblaze_0/lib/microblaze_disable_dcache.o microblaze_0/lib/microblaze_flush_dcache_range.o microblaze_0/lib/
TRACE::2025-08-18.12:57:52::SCWMssOS::xspi_g.o microblaze_0/lib/microblaze_flush_cache_ext.o microblaze_0/lib/xspi.o microblaze_0/lib/xspi_sinit.o microblaze_0/lib/i
TRACE::2025-08-18.12:57:52::SCWMssOS::nbyte.o microblaze_0/lib/xil_misc_psreset_api.o microblaze_0/lib/xspi_selftest.o microblaze_0/lib/xsysmon_g.o microblaze_0/lib/
TRACE::2025-08-18.12:57:52::SCWMssOS::xil_cache.o microblaze_0/lib/xil_util.o microblaze_0/lib/xiic_g.o microblaze_0/lib/xiic_multi_master.o microblaze_0/lib/xiic_si
TRACE::2025-08-18.12:57:52::SCWMssOS::nit.o microblaze_0/lib/microblaze_exception_handler.o microblaze_0/lib/xbram_g.o microblaze_0/lib/xbram_sinit.o microblaze_0/li
TRACE::2025-08-18.12:57:52::SCWMssOS::b/microblaze_scrub.o microblaze_0/lib/xtmrctr_intr.o microblaze_0/lib/microblaze_invalidate_dcache.o microblaze_0/lib/microblaz
TRACE::2025-08-18.12:57:52::SCWMssOS::e_disable_interrupts.o microblaze_0/lib/xbram_selftest.o microblaze_0/lib/microblaze_interrupt_handler.o microblaze_0/lib/micro
TRACE::2025-08-18.12:57:52::SCWMssOS::blaze_disable_icache.o microblaze_0/lib/xaxidma_sinit.o microblaze_0/lib/xsysmon_intr.o microblaze_0/lib/xgpio_g.o microblaze_0
TRACE::2025-08-18.12:57:52::SCWMssOS::/lib/xuartlite_g.o microblaze_0/lib/xtmrctr_stats.o microblaze_0/lib/xaxidma_selftest.o microblaze_0/lib/xiic_master.o microbla
TRACE::2025-08-18.12:57:52::SCWMssOS::ze_0/lib/xspi_stats.o microblaze_0/lib/xuartlite_intr.o microblaze_0/lib/microblaze_flush_cache_ext_range.o microblaze_0/lib/xa
TRACE::2025-08-18.12:57:52::SCWMssOS::xidma_bd.o microblaze_0/lib/xiic_intr.o microblaze_0/lib/xbram_intr.o microblaze_0/lib/xil_sleepcommon.o microblaze_0/lib/xil_p
TRACE::2025-08-18.12:57:52::SCWMssOS::rintf.o microblaze_0/lib/xintc_g.o microblaze_0/lib/xintc_selftest.o microblaze_0/lib/xintc_l.o microblaze_0/lib/outbyte.o micr
TRACE::2025-08-18.12:57:52::SCWMssOS::oblaze_0/lib/xgpio_extra.o microblaze_0/lib/xgpio_intr.o microblaze_0/lib/xiic_slave.o microblaze_0/lib/microblaze_invalidate_d
TRACE::2025-08-18.12:57:52::SCWMssOS::cache_range.o microblaze_0/lib/xil_testmem.o microblaze_0/lib/microblaze_invalidate_cache_ext.o microblaze_0/lib/microblaze_sle
TRACE::2025-08-18.12:57:52::SCWMssOS::ep.o microblaze_0/lib/xuartlite_sinit.o microblaze_0/lib/hw_exception_handler.o microblaze_0/lib/xtmrctr.o microblaze_0/lib/xin
TRACE::2025-08-18.12:57:52::SCWMssOS::tc_options.o microblaze_0/lib/xuartlite_selftest.o microblaze_0/lib/xgpio_sinit.o microblaze_0/lib/xuartlite.o microblaze_0/lib
TRACE::2025-08-18.12:57:52::SCWMssOS::/microblaze_update_dcache.o microblaze_0/lib/xaxidma_g.o microblaze_0/lib/xil_testcache.o microblaze_0/lib/microblaze_selftest.
TRACE::2025-08-18.12:57:52::SCWMssOS::o microblaze_0/lib/microblaze_interrupts_g.o microblaze_0/lib/microblaze_enable_exceptions.o microblaze_0/lib/xil_mem.o microbl
TRACE::2025-08-18.12:57:52::SCWMssOS::aze_0/lib/xsysmon_sinit.o microblaze_0/lib/xtmrctr_g.o microblaze_0/lib/microblaze_enable_dcache.o microblaze_0/lib/xiic_l.o mi
TRACE::2025-08-18.12:57:52::SCWMssOS::croblaze_0/lib/_exit.o microblaze_0/lib/microblaze_invalidate_icache_range.o microblaze_0/lib/xtmrctr_selftest.o microblaze_0/l
TRACE::2025-08-18.12:57:52::SCWMssOS::ib/xgpio.o microblaze_0/lib/microblaze_init_dcache_range.o microblaze_0/lib/microblaze_invalidate_icache.o microblaze_0/lib/xax
TRACE::2025-08-18.12:57:52::SCWMssOS::idma.o microblaze_0/lib/errno.o microblaze_0/lib/xiic_dyn_master.o microblaze_0/lib/xintc.o microblaze_0/lib/xuartlite_stats.o 
TRACE::2025-08-18.12:57:52::SCWMssOS::microblaze_0/lib/microblaze_invalidate_cache_ext_range.o microblaze_0/lib/xintc_intr.o microblaze_0/lib/xil_exception.o microbl
TRACE::2025-08-18.12:57:52::SCWMssOS::aze_0/lib/pvr.o microblaze_0/lib/xbram.o microblaze_0/lib/xiic_options.o microblaze_0/lib/microblaze_update_icache.o microblaze
TRACE::2025-08-18.12:57:52::SCWMssOS::_0/lib/microblaze_flush_dcache.o microblaze_0/lib/xil_clocking.o microblaze_0/lib/xil_assert.o microblaze_0/lib/xiic_stats.o mi
TRACE::2025-08-18.12:57:52::SCWMssOS::croblaze_0/lib/microblaze_enable_interrupts.o microblaze_0/lib/xio.o microblaze_0/lib/microblaze_enable_icache.o microblaze_0/l
TRACE::2025-08-18.12:57:52::SCWMssOS::ib/xiic.o microblaze_0/lib/xsysmon.o microblaze_0/lib/microblaze_init_icache_range.o microblaze_0/lib/xaxidma_bdring.o microbla
TRACE::2025-08-18.12:57:52::SCWMssOS::ze_0/lib/xuartlite_l.o microblaze_0/lib/xtmrctr_sinit.o microblaze_0/lib/xiic_selftest.o microblaze_0/lib/xsysmon_selftest.o mi
TRACE::2025-08-18.12:57:52::SCWMssOS::croblaze_0/lib/fcntl.o microblaze_0/lib/xgpio_selftest.o

TRACE::2025-08-18.12:57:53::SCWMssOS::'Finished building libraries'

TRACE::2025-08-18.12:57:54::SCWMssOS::Copying to export directory.
TRACE::2025-08-18.12:57:54::SCWMssOS:: Checking if to create the Supporting Applications
TRACE::2025-08-18.12:57:54::SCWMssOS:: No Linux domain exists, trying to generate FSBL 
LOG::2025-08-18.12:57:54::SCWSystem::Completed Processing the domain standalone_domain
LOG::2025-08-18.12:57:54::SCWSystem::Completed Processing the sysconfig McDMA_bsp
LOG::2025-08-18.12:57:54::SCWPlatform::Completed generating the artifacts for system configuration McDMA_bsp
TRACE::2025-08-18.12:57:54::SCWPlatform::Started preparing the platform 
TRACE::2025-08-18.12:57:54::SCWSystem::Writing the bif file for system config McDMA_bsp
TRACE::2025-08-18.12:57:54::SCWSystem::dir created 
TRACE::2025-08-18.12:57:54::SCWSystem::Writing the bif 
TRACE::2025-08-18.12:57:54::SCWPlatform::Started writing the spfm file 
TRACE::2025-08-18.12:57:54::SCWPlatform::Started writing the xpfm file 
TRACE::2025-08-18.12:57:54::SCWPlatform::Completed generating the platform
TRACE::2025-08-18.12:57:54::SCWMssOS::Saving the mss changes C:/Users/ilpes/Desktop/Antenne_e_clocks/McDMA_workspace/McDMA_bsp/microblaze_0/standalone_domain/bsp/system.mss
TRACE::2025-08-18.12:57:54::SCWMssOS::Found a swdesign opened with the mssfile.
TRACE::2025-08-18.12:57:54::SCWMssOS::Completed writemss as part of save.
TRACE::2025-08-18.12:57:54::SCWMssOS::Commit changes completed.
TRACE::2025-08-18.12:57:54::SCWPlatform::Trying to open the hw design at C:/Users/ilpes/Desktop/Antenne_e_clocks/McDMA_workspace/McDMA_bsp/hw/McDMA_v0.xsa
TRACE::2025-08-18.12:57:54::SCWPlatform::DSA given C:/Users/ilpes/Desktop/Antenne_e_clocks/McDMA_workspace/McDMA_bsp/hw/McDMA_v0.xsa
TRACE::2025-08-18.12:57:54::SCWPlatform::DSA absoulate path C:/Users/ilpes/Desktop/Antenne_e_clocks/McDMA_workspace/McDMA_bsp/hw/McDMA_v0.xsa
TRACE::2025-08-18.12:57:54::SCWPlatform::DSA directory C:/Users/ilpes/Desktop/Antenne_e_clocks/McDMA_workspace/McDMA_bsp/hw
TRACE::2025-08-18.12:57:54::SCWPlatform:: Platform Path C:/Users/ilpes/Desktop/Antenne_e_clocks/McDMA_workspace/McDMA_bsp/hw/McDMA_v0.xsa
TRACE::2025-08-18.12:57:54::SCWPlatform:: Unique name xilinx:cmod_a7-35t::0.0
TRACE::2025-08-18.12:57:54::SCWPlatform::Trying to set the existing hwdb with name user_35t_wrapper_7
TRACE::2025-08-18.12:57:54::SCWPlatform::Opened existing hwdb user_35t_wrapper_7
TRACE::2025-08-18.12:57:54::SCWPlatform::Found the Hw Db part of the input DSA
TRACE::2025-08-18.12:57:54::SCWMssOS::Checking the sw design at  C:/Users/ilpes/Desktop/Antenne_e_clocks/McDMA_workspace/McDMA_bsp/microblaze_0/standalone_domain/bsp/system.mss
TRACE::2025-08-18.12:57:54::SCWMssOS::DEBUG:  swdes dump  C:/Users/ilpes/Desktop/Antenne_e_clocks/McDMA_workspace/MCDMA_ila_bsp/microblaze_0/standalone_domain/bsp/system.mss|system_0||
C:/Users/ilpes/Desktop/Antenne_e_clocks/McDMA_workspace/McDMA_bsp/microblaze_0/standalone_domain/bsp/system.mss|system_1||
C:/Users/ilpes/Desktop/Antenne_e_clocks/McDMA_workspace/McDMA_v2_bootloop/microblaze_0/standalone_domain/bsp/system.mss|system||

TRACE::2025-08-18.12:57:54::SCWMssOS::Sw design exists and opened at  C:/Users/ilpes/Desktop/Antenne_e_clocks/McDMA_workspace/McDMA_bsp/microblaze_0/standalone_domain/bsp/system.mss
TRACE::2025-08-18.12:57:54::SCWWriter::formatted JSON is {
	"platformName":	"McDMA_bsp",
	"sprVersion":	"2.0",
	"mode":	"gui",
	"dsaType":	"Fixed",
	"platformDesc":	"McDMA_bsp",
	"platHandOff":	"C:/Users/ilpes/Desktop/INSEGNAMENTO/Didattica2023/McDMA/McDMA/McDMA_v0.xsa",
	"platIntHandOff":	"<platformDir>/hw/McDMA_v0.xsa",
	"deviceType":	"FPGA",
	"platIsPrebuiltAutogen":	"false",
	"platIsNoBootBsp":	"false",
	"hasFsblMakeHasChanges":	"false",
	"hasPmufwMakeHasChanges":	"false",
	"platPreBuiltFlag":	false,
	"platformSamplesDir":	"",
	"platActiveSys":	"McDMA_bsp",
	"systems":	[{
			"systemName":	"McDMA_bsp",
			"systemDesc":	"McDMA_bsp",
			"sysIsBootAutoGen":	"true",
			"systemDispName":	"McDMA_bsp",
			"sysActiveDom":	"standalone_domain",
			"sysDefaultDom":	"standalone_domain",
			"domains":	[{
					"domainName":	"standalone_domain",
					"domainDispName":	"standalone on microblaze_0",
					"domainDesc":	"standalone_domain",
					"processors":	"microblaze_0",
					"os":	"standalone",
					"sdxOs":	"standalone",
					"debugEnable":	"False",
					"domRuntimes":	["cpp"],
					"swRepo":	"",
					"mssOsVer":	"7.3",
					"mssFile":	"",
					"md5Digest":	"8f3aac6672cf48153379f1996b94c556",
					"compatibleApp":	"",
					"domType":	"mssDomain",
					"arch":	"32-bit",
					"appSettings":	{
						"appCompilerFlags":	"",
						"appLinkerFlags":	""
					},
					"addedLibs":	[],
					"libOptions":	{
						"libsContainingOptions":	[]
					},
					"prebuiltLibs":	{
						"prebuiltIncPath":	[],
						"prebuiltLibPath":	[]
					},
					"isolation":	{
					}
				}]
		}]
}
KEYINFO::2025-08-18.12:57:54::SCWPlatform::updated the xpfm file.
TRACE::2025-08-18.12:57:54::SCWPlatform::Trying to open the hw design at C:/Users/ilpes/Desktop/Antenne_e_clocks/McDMA_workspace/McDMA_bsp/hw/McDMA_v0.xsa
TRACE::2025-08-18.12:57:54::SCWPlatform::DSA given C:/Users/ilpes/Desktop/Antenne_e_clocks/McDMA_workspace/McDMA_bsp/hw/McDMA_v0.xsa
TRACE::2025-08-18.12:57:54::SCWPlatform::DSA absoulate path C:/Users/ilpes/Desktop/Antenne_e_clocks/McDMA_workspace/McDMA_bsp/hw/McDMA_v0.xsa
TRACE::2025-08-18.12:57:54::SCWPlatform::DSA directory C:/Users/ilpes/Desktop/Antenne_e_clocks/McDMA_workspace/McDMA_bsp/hw
TRACE::2025-08-18.12:57:54::SCWPlatform:: Platform Path C:/Users/ilpes/Desktop/Antenne_e_clocks/McDMA_workspace/McDMA_bsp/hw/McDMA_v0.xsa
TRACE::2025-08-18.12:57:54::SCWPlatform:: Unique name xilinx:cmod_a7-35t::0.0
TRACE::2025-08-18.12:57:54::SCWPlatform::Trying to set the existing hwdb with name user_35t_wrapper_7
TRACE::2025-08-18.12:57:54::SCWPlatform::Opened existing hwdb user_35t_wrapper_7
TRACE::2025-08-18.12:57:54::SCWPlatform::Found the Hw Db part of the input DSA
TRACE::2025-08-18.12:57:54::SCWMssOS::Checking the sw design at  C:/Users/ilpes/Desktop/Antenne_e_clocks/McDMA_workspace/McDMA_bsp/microblaze_0/standalone_domain/bsp/system.mss
TRACE::2025-08-18.12:57:54::SCWMssOS::DEBUG:  swdes dump  C:/Users/ilpes/Desktop/Antenne_e_clocks/McDMA_workspace/MCDMA_ila_bsp/microblaze_0/standalone_domain/bsp/system.mss|system_0||
C:/Users/ilpes/Desktop/Antenne_e_clocks/McDMA_workspace/McDMA_bsp/microblaze_0/standalone_domain/bsp/system.mss|system_1||
C:/Users/ilpes/Desktop/Antenne_e_clocks/McDMA_workspace/McDMA_v2_bootloop/microblaze_0/standalone_domain/bsp/system.mss|system||

TRACE::2025-08-18.12:57:54::SCWMssOS::Sw design exists and opened at  C:/Users/ilpes/Desktop/Antenne_e_clocks/McDMA_workspace/McDMA_bsp/microblaze_0/standalone_domain/bsp/system.mss
