Copyright 1986-2020 Xilinx, Inc. All Rights Reserved.
-----------------------------------------------------------------------------------------------------------------------------------------------------------------------------------------------------
| Tool Version : Vivado v.2020.2 (win64) Build 3064766 Wed Nov 18 09:12:45 MST 2020
| Date         : Sat Feb 14 23:50:08 2026
| Host         : LAPTOP-IMI5H5SA running 64-bit major release  (build 9200)
| Command      : report_timing_summary -max_paths 10 -file TDCchannel_timing_summary_routed.rpt -pb TDCchannel_timing_summary_routed.pb -rpx TDCchannel_timing_summary_routed.rpx -warn_on_violation
| Design       : TDCchannel
| Device       : 7a35t-cpg236
| Speed File   : -1  PRODUCTION 1.23 2018-06-13
-----------------------------------------------------------------------------------------------------------------------------------------------------------------------------------------------------

Timing Summary Report

------------------------------------------------------------------------------------------------
| Timer Settings
| --------------
------------------------------------------------------------------------------------------------

  Enable Multi Corner Analysis               :  Yes
  Enable Pessimism Removal                   :  Yes
  Pessimism Removal Resolution               :  Nearest Common Node
  Enable Input Delay Default Clock           :  No
  Enable Preset / Clear Arcs                 :  No
  Disable Flight Delays                      :  No
  Ignore I/O Paths                           :  No
  Timing Early Launch at Borrowing Latches   :  No
  Borrow Time for Max Delay Exceptions       :  Yes
  Merge Timing Exceptions                    :  Yes

  Corner  Analyze    Analyze    
  Name    Max Paths  Min Paths  
  ------  ---------  ---------  
  Slow    Yes        Yes        
  Fast    Yes        Yes        



check_timing report

Table of Contents
-----------------
1. checking no_clock (1)
2. checking constant_clock (0)
3. checking pulse_width_clock (0)
4. checking unconstrained_internal_endpoints (1)
5. checking no_input_delay (2)
6. checking no_output_delay (13)
7. checking multiple_clock (0)
8. checking generated_clocks (0)
9. checking loops (0)
10. checking partial_input_delay (0)
11. checking partial_output_delay (0)
12. checking latch_loops (0)

1. checking no_clock (1)
------------------------
 There is 1 register/latch pin with no clock driven by root clock pin: trigger_out_reg/Q (HIGH)


2. checking constant_clock (0)
------------------------------
 There are 0 register/latch pins with constant_clock.


3. checking pulse_width_clock (0)
---------------------------------
 There are 0 register/latch pins which need pulse_width check


4. checking unconstrained_internal_endpoints (1)
------------------------------------------------
 There is 1 pin that is not constrained for maximum delay. (HIGH)

 There are 0 pins that are not constrained for maximum delay due to constant clock.


5. checking no_input_delay (2)
------------------------------
 There are 2 input ports with no input delay specified. (HIGH)

 There are 0 input ports with no input delay but user has a false path constraint.


6. checking no_output_delay (13)
--------------------------------
 There are 13 ports with no output delay specified. (HIGH)

 There are 0 ports with no output delay but user has a false path constraint

 There are 0 ports with no output delay but with a timing clock defined on it or propagating through it


7. checking multiple_clock (0)
------------------------------
 There are 0 register/latch pins with multiple clocks.


8. checking generated_clocks (0)
--------------------------------
 There are 0 generated clocks that are not connected to a clock source.


9. checking loops (0)
---------------------
 There are 0 combinational loops in the design.


10. checking partial_input_delay (0)
------------------------------------
 There are 0 input ports with partial input delay specified.


11. checking partial_output_delay (0)
-------------------------------------
 There are 0 ports with partial output delay specified.


12. checking latch_loops (0)
----------------------------
 There are 0 combinational latch loops in the design through latch input



------------------------------------------------------------------------------------------------
| Design Timing Summary
| ---------------------
------------------------------------------------------------------------------------------------

    WNS(ns)      TNS(ns)  TNS Failing Endpoints  TNS Total Endpoints      WHS(ns)      THS(ns)  THS Failing Endpoints  THS Total Endpoints     WPWS(ns)     TPWS(ns)  TPWS Failing Endpoints  TPWS Total Endpoints  
    -------      -------  ---------------------  -------------------      -------      -------  ---------------------  -------------------     --------     --------  ----------------------  --------------------  
     -2.113      -13.377                     12                  320        0.036        0.000                      0                  320        2.353        0.000                       0                   324  


Timing constraints are not met.


------------------------------------------------------------------------------------------------
| Clock Summary
| -------------
------------------------------------------------------------------------------------------------

Clock              Waveform(ns)         Period(ns)      Frequency(MHz)
-----              ------------         ----------      --------------
plla/inst/clk_in1  {0.000 41.666}       83.333          12.000          
  clk_out1_PLL_A   {0.000 3.333}        6.667           150.001         
  clkfbout_PLL_A   {0.000 41.666}       83.333          12.000          
pllb/inst/clk_in1  {0.000 41.666}       83.333          12.000          
  clk_out1_PLL_B   {0.000 49.983}       99.967          10.003          
  clkfbout_PLL_B   {0.000 41.666}       83.333          12.000          
sys_clk_pin        {0.000 41.660}       83.330          12.000          


------------------------------------------------------------------------------------------------
| Intra Clock Table
| -----------------
------------------------------------------------------------------------------------------------

Clock                  WNS(ns)      TNS(ns)  TNS Failing Endpoints  TNS Total Endpoints      WHS(ns)      THS(ns)  THS Failing Endpoints  THS Total Endpoints     WPWS(ns)     TPWS(ns)  TPWS Failing Endpoints  TPWS Total Endpoints  
-----                  -------      -------  ---------------------  -------------------      -------      -------  ---------------------  -------------------     --------     --------  ----------------------  --------------------  
plla/inst/clk_in1                                                                                                                                                   16.667        0.000                       0                     1  
  clk_out1_PLL_A         2.376        0.000                      0                  175        0.178        0.000                      0                  175        2.353        0.000                       0                   237  
  clkfbout_PLL_A                                                                                                                                                    16.667        0.000                       0                     3  
pllb/inst/clk_in1                                                                                                                                                   16.667        0.000                       0                     1  
  clk_out1_PLL_B        93.490        0.000                      0                   64        0.280        0.000                      0                   64       49.483        0.000                       0                    35  
  clkfbout_PLL_B                                                                                                                                                    16.667        0.000                       0                     3  
sys_clk_pin             76.733        0.000                      0                   81        0.150        0.000                      0                   81       41.160        0.000                       0                    44  


------------------------------------------------------------------------------------------------
| Inter Clock Table
| -----------------
------------------------------------------------------------------------------------------------

From Clock      To Clock            WNS(ns)      TNS(ns)  TNS Failing Endpoints  TNS Total Endpoints      WHS(ns)      THS(ns)  THS Failing Endpoints  THS Total Endpoints  
----------      --------            -------      -------  ---------------------  -------------------      -------      -------  ---------------------  -------------------  
clk_out1_PLL_A  sys_clk_pin          -2.113      -13.377                     12                   12        0.036        0.000                      0                   12  


------------------------------------------------------------------------------------------------
| Other Path Groups Table
| -----------------------
------------------------------------------------------------------------------------------------

Path Group    From Clock    To Clock          WNS(ns)      TNS(ns)  TNS Failing Endpoints  TNS Total Endpoints      WHS(ns)      THS(ns)  THS Failing Endpoints  THS Total Endpoints  
----------    ----------    --------          -------      -------  ---------------------  -------------------      -------      -------  ---------------------  -------------------  


------------------------------------------------------------------------------------------------
| Timing Details
| --------------
------------------------------------------------------------------------------------------------


---------------------------------------------------------------------------------------------------
From Clock:  plla/inst/clk_in1
  To Clock:  plla/inst/clk_in1

Setup :           NA  Failing Endpoints,  Worst Slack           NA  ,  Total Violation           NA
Hold  :           NA  Failing Endpoints,  Worst Slack           NA  ,  Total Violation           NA
PW    :            0  Failing Endpoints,  Worst Slack       16.667ns,  Total Violation        0.000ns
---------------------------------------------------------------------------------------------------


Pulse Width Checks
--------------------------------------------------------------------------------------
Clock Name:         plla/inst/clk_in1
Waveform(ns):       { 0.000 41.667 }
Period(ns):         83.333
Sources:            { plla/inst/clk_in1 }

Check Type        Corner  Lib Pin            Reference Pin  Required(ns)  Actual(ns)  Slack(ns)  Location         Pin
Min Period        n/a     MMCME2_ADV/CLKIN1  n/a            1.249         83.333      82.084     MMCME2_ADV_X0Y0  plla/inst/mmcm_adv_inst/CLKIN1
Max Period        n/a     MMCME2_ADV/CLKIN1  n/a            100.000       83.333      16.667     MMCME2_ADV_X0Y0  plla/inst/mmcm_adv_inst/CLKIN1
Low Pulse Width   Slow    MMCME2_ADV/CLKIN1  n/a            10.000        41.666      31.666     MMCME2_ADV_X0Y0  plla/inst/mmcm_adv_inst/CLKIN1
Low Pulse Width   Fast    MMCME2_ADV/CLKIN1  n/a            10.000        41.667      31.667     MMCME2_ADV_X0Y0  plla/inst/mmcm_adv_inst/CLKIN1
High Pulse Width  Slow    MMCME2_ADV/CLKIN1  n/a            10.000        41.666      31.666     MMCME2_ADV_X0Y0  plla/inst/mmcm_adv_inst/CLKIN1
High Pulse Width  Fast    MMCME2_ADV/CLKIN1  n/a            10.000        41.666      31.666     MMCME2_ADV_X0Y0  plla/inst/mmcm_adv_inst/CLKIN1



---------------------------------------------------------------------------------------------------
From Clock:  clk_out1_PLL_A
  To Clock:  clk_out1_PLL_A

Setup :            0  Failing Endpoints,  Worst Slack        2.376ns,  Total Violation        0.000ns
Hold  :            0  Failing Endpoints,  Worst Slack        0.178ns,  Total Violation        0.000ns
PW    :            0  Failing Endpoints,  Worst Slack        2.353ns,  Total Violation        0.000ns
---------------------------------------------------------------------------------------------------


Max Delay Paths
--------------------------------------------------------------------------------------
Slack (MET) :             2.376ns  (required time - arrival time)
  Source:                 counter_TDC/count_reg[8]/C
                            (rising edge-triggered cell FDRE clocked by clk_out1_PLL_A  {rise@0.000ns fall@3.333ns period=6.667ns})
  Destination:            counter_TDC/count_reg[21]/D
                            (rising edge-triggered cell FDRE clocked by clk_out1_PLL_A  {rise@0.000ns fall@3.333ns period=6.667ns})
  Path Group:             clk_out1_PLL_A
  Path Type:              Setup (Max at Slow Process Corner)
  Requirement:            6.667ns  (clk_out1_PLL_A rise@6.667ns - clk_out1_PLL_A rise@0.000ns)
  Data Path Delay:        4.145ns  (logic 1.712ns (41.298%)  route 2.433ns (58.702%))
  Logic Levels:           4  (CARRY4=4)
  Clock Path Skew:        -0.023ns (DCD - SCD + CPR)
    Destination Clock Delay (DCD):    1.442ns = ( 8.108 - 6.667 ) 
    Source Clock Delay      (SCD):    1.556ns
    Clock Pessimism Removal (CPR):    0.091ns
  Clock Uncertainty:      0.231ns  ((TSJ^2 + DJ^2)^1/2) / 2 + PE
    Total System Jitter     (TSJ):    0.071ns
    Discrete Jitter          (DJ):    0.457ns
    Phase Error              (PE):    0.000ns

    Location             Delay type                Incr(ns)  Path(ns)    Netlist Resource(s)
  -------------------------------------------------------------------    -------------------
                         (clock clk_out1_PLL_A rise edge)
                                                      0.000     0.000 r  
    BUFGCTRL_X0Y1        BUFG                         0.000     0.000 r  clk_IBUF_BUFG_inst/O
                         net (fo=45, routed)          1.574     1.574    plla/inst/clk_in1
    MMCME2_ADV_X0Y0      MMCME2_ADV (Prop_mmcme2_adv_CLKIN1_CLKOUT0)
                                                     -3.337    -1.762 r  plla/inst/mmcm_adv_inst/CLKOUT0
                         net (fo=1, routed)           1.666    -0.096    plla/inst/clk_out1_PLL_A
    BUFGCTRL_X0Y0        BUFG (Prop_bufg_I_O)         0.096     0.000 r  plla/inst/clkout1_buf/O
                         net (fo=235, routed)         1.556     1.556    counter_TDC/clk_out1
    SLICE_X56Y88         FDRE                                         r  counter_TDC/count_reg[8]/C
  -------------------------------------------------------------------    -------------------
    SLICE_X56Y88         FDRE (Prop_fdre_C_Q)         0.518     2.074 r  counter_TDC/count_reg[8]/Q
                         net (fo=2, routed)           2.433     4.507    counter_TDC/count_reg[8]
    SLICE_X56Y88         CARRY4 (Prop_carry4_S[0]_CO[3])
                                                      0.637     5.144 r  counter_TDC/count_reg[8]_i_1/CO[3]
                         net (fo=1, routed)           0.000     5.144    counter_TDC/count_reg[8]_i_1_n_0
    SLICE_X56Y89         CARRY4 (Prop_carry4_CI_CO[3])
                                                      0.117     5.261 r  counter_TDC/count_reg[12]_i_1/CO[3]
                         net (fo=1, routed)           0.000     5.261    counter_TDC/count_reg[12]_i_1_n_0
    SLICE_X56Y90         CARRY4 (Prop_carry4_CI_CO[3])
                                                      0.117     5.378 r  counter_TDC/count_reg[16]_i_1/CO[3]
                         net (fo=1, routed)           0.000     5.378    counter_TDC/count_reg[16]_i_1_n_0
    SLICE_X56Y91         CARRY4 (Prop_carry4_CI_O[1])
                                                      0.323     5.701 r  counter_TDC/count_reg[20]_i_1/O[1]
                         net (fo=1, routed)           0.000     5.701    counter_TDC/count_reg[20]_i_1_n_6
    SLICE_X56Y91         FDRE                                         r  counter_TDC/count_reg[21]/D
  -------------------------------------------------------------------    -------------------

                         (clock clk_out1_PLL_A rise edge)
                                                      6.667     6.667 r  
    BUFGCTRL_X0Y1        BUFG                         0.000     6.667 r  clk_IBUF_BUFG_inst/O
                         net (fo=45, routed)          1.455     8.122    plla/inst/clk_in1
    MMCME2_ADV_X0Y0      MMCME2_ADV (Prop_mmcme2_adv_CLKIN1_CLKOUT0)
                                                     -3.133     4.989 r  plla/inst/mmcm_adv_inst/CLKOUT0
                         net (fo=1, routed)           1.587     6.576    plla/inst/clk_out1_PLL_A
    BUFGCTRL_X0Y0        BUFG (Prop_bufg_I_O)         0.091     6.667 r  plla/inst/clkout1_buf/O
                         net (fo=235, routed)         1.442     8.108    counter_TDC/clk_out1
    SLICE_X56Y91         FDRE                                         r  counter_TDC/count_reg[21]/C
                         clock pessimism              0.091     8.200    
                         clock uncertainty           -0.231     7.968    
    SLICE_X56Y91         FDRE (Setup_fdre_C_D)        0.109     8.077    counter_TDC/count_reg[21]
  -------------------------------------------------------------------
                         required time                          8.077    
                         arrival time                          -5.701    
  -------------------------------------------------------------------
                         slack                                  2.376    

Slack (MET) :             2.384ns  (required time - arrival time)
  Source:                 counter_TDC/count_reg[8]/C
                            (rising edge-triggered cell FDRE clocked by clk_out1_PLL_A  {rise@0.000ns fall@3.333ns period=6.667ns})
  Destination:            counter_TDC/count_reg[23]/D
                            (rising edge-triggered cell FDRE clocked by clk_out1_PLL_A  {rise@0.000ns fall@3.333ns period=6.667ns})
  Path Group:             clk_out1_PLL_A
  Path Type:              Setup (Max at Slow Process Corner)
  Requirement:            6.667ns  (clk_out1_PLL_A rise@6.667ns - clk_out1_PLL_A rise@0.000ns)
  Data Path Delay:        4.137ns  (logic 1.704ns (41.185%)  route 2.433ns (58.815%))
  Logic Levels:           4  (CARRY4=4)
  Clock Path Skew:        -0.023ns (DCD - SCD + CPR)
    Destination Clock Delay (DCD):    1.442ns = ( 8.108 - 6.667 ) 
    Source Clock Delay      (SCD):    1.556ns
    Clock Pessimism Removal (CPR):    0.091ns
  Clock Uncertainty:      0.231ns  ((TSJ^2 + DJ^2)^1/2) / 2 + PE
    Total System Jitter     (TSJ):    0.071ns
    Discrete Jitter          (DJ):    0.457ns
    Phase Error              (PE):    0.000ns

    Location             Delay type                Incr(ns)  Path(ns)    Netlist Resource(s)
  -------------------------------------------------------------------    -------------------
                         (clock clk_out1_PLL_A rise edge)
                                                      0.000     0.000 r  
    BUFGCTRL_X0Y1        BUFG                         0.000     0.000 r  clk_IBUF_BUFG_inst/O
                         net (fo=45, routed)          1.574     1.574    plla/inst/clk_in1
    MMCME2_ADV_X0Y0      MMCME2_ADV (Prop_mmcme2_adv_CLKIN1_CLKOUT0)
                                                     -3.337    -1.762 r  plla/inst/mmcm_adv_inst/CLKOUT0
                         net (fo=1, routed)           1.666    -0.096    plla/inst/clk_out1_PLL_A
    BUFGCTRL_X0Y0        BUFG (Prop_bufg_I_O)         0.096     0.000 r  plla/inst/clkout1_buf/O
                         net (fo=235, routed)         1.556     1.556    counter_TDC/clk_out1
    SLICE_X56Y88         FDRE                                         r  counter_TDC/count_reg[8]/C
  -------------------------------------------------------------------    -------------------
    SLICE_X56Y88         FDRE (Prop_fdre_C_Q)         0.518     2.074 r  counter_TDC/count_reg[8]/Q
                         net (fo=2, routed)           2.433     4.507    counter_TDC/count_reg[8]
    SLICE_X56Y88         CARRY4 (Prop_carry4_S[0]_CO[3])
                                                      0.637     5.144 r  counter_TDC/count_reg[8]_i_1/CO[3]
                         net (fo=1, routed)           0.000     5.144    counter_TDC/count_reg[8]_i_1_n_0
    SLICE_X56Y89         CARRY4 (Prop_carry4_CI_CO[3])
                                                      0.117     5.261 r  counter_TDC/count_reg[12]_i_1/CO[3]
                         net (fo=1, routed)           0.000     5.261    counter_TDC/count_reg[12]_i_1_n_0
    SLICE_X56Y90         CARRY4 (Prop_carry4_CI_CO[3])
                                                      0.117     5.378 r  counter_TDC/count_reg[16]_i_1/CO[3]
                         net (fo=1, routed)           0.000     5.378    counter_TDC/count_reg[16]_i_1_n_0
    SLICE_X56Y91         CARRY4 (Prop_carry4_CI_O[3])
                                                      0.315     5.693 r  counter_TDC/count_reg[20]_i_1/O[3]
                         net (fo=1, routed)           0.000     5.693    counter_TDC/count_reg[20]_i_1_n_4
    SLICE_X56Y91         FDRE                                         r  counter_TDC/count_reg[23]/D
  -------------------------------------------------------------------    -------------------

                         (clock clk_out1_PLL_A rise edge)
                                                      6.667     6.667 r  
    BUFGCTRL_X0Y1        BUFG                         0.000     6.667 r  clk_IBUF_BUFG_inst/O
                         net (fo=45, routed)          1.455     8.122    plla/inst/clk_in1
    MMCME2_ADV_X0Y0      MMCME2_ADV (Prop_mmcme2_adv_CLKIN1_CLKOUT0)
                                                     -3.133     4.989 r  plla/inst/mmcm_adv_inst/CLKOUT0
                         net (fo=1, routed)           1.587     6.576    plla/inst/clk_out1_PLL_A
    BUFGCTRL_X0Y0        BUFG (Prop_bufg_I_O)         0.091     6.667 r  plla/inst/clkout1_buf/O
                         net (fo=235, routed)         1.442     8.108    counter_TDC/clk_out1
    SLICE_X56Y91         FDRE                                         r  counter_TDC/count_reg[23]/C
                         clock pessimism              0.091     8.200    
                         clock uncertainty           -0.231     7.968    
    SLICE_X56Y91         FDRE (Setup_fdre_C_D)        0.109     8.077    counter_TDC/count_reg[23]
  -------------------------------------------------------------------
                         required time                          8.077    
                         arrival time                          -5.693    
  -------------------------------------------------------------------
                         slack                                  2.384    

Slack (MET) :             2.460ns  (required time - arrival time)
  Source:                 counter_TDC/count_reg[8]/C
                            (rising edge-triggered cell FDRE clocked by clk_out1_PLL_A  {rise@0.000ns fall@3.333ns period=6.667ns})
  Destination:            counter_TDC/count_reg[22]/D
                            (rising edge-triggered cell FDRE clocked by clk_out1_PLL_A  {rise@0.000ns fall@3.333ns period=6.667ns})
  Path Group:             clk_out1_PLL_A
  Path Type:              Setup (Max at Slow Process Corner)
  Requirement:            6.667ns  (clk_out1_PLL_A rise@6.667ns - clk_out1_PLL_A rise@0.000ns)
  Data Path Delay:        4.061ns  (logic 1.628ns (40.084%)  route 2.433ns (59.916%))
  Logic Levels:           4  (CARRY4=4)
  Clock Path Skew:        -0.023ns (DCD - SCD + CPR)
    Destination Clock Delay (DCD):    1.442ns = ( 8.108 - 6.667 ) 
    Source Clock Delay      (SCD):    1.556ns
    Clock Pessimism Removal (CPR):    0.091ns
  Clock Uncertainty:      0.231ns  ((TSJ^2 + DJ^2)^1/2) / 2 + PE
    Total System Jitter     (TSJ):    0.071ns
    Discrete Jitter          (DJ):    0.457ns
    Phase Error              (PE):    0.000ns

    Location             Delay type                Incr(ns)  Path(ns)    Netlist Resource(s)
  -------------------------------------------------------------------    -------------------
                         (clock clk_out1_PLL_A rise edge)
                                                      0.000     0.000 r  
    BUFGCTRL_X0Y1        BUFG                         0.000     0.000 r  clk_IBUF_BUFG_inst/O
                         net (fo=45, routed)          1.574     1.574    plla/inst/clk_in1
    MMCME2_ADV_X0Y0      MMCME2_ADV (Prop_mmcme2_adv_CLKIN1_CLKOUT0)
                                                     -3.337    -1.762 r  plla/inst/mmcm_adv_inst/CLKOUT0
                         net (fo=1, routed)           1.666    -0.096    plla/inst/clk_out1_PLL_A
    BUFGCTRL_X0Y0        BUFG (Prop_bufg_I_O)         0.096     0.000 r  plla/inst/clkout1_buf/O
                         net (fo=235, routed)         1.556     1.556    counter_TDC/clk_out1
    SLICE_X56Y88         FDRE                                         r  counter_TDC/count_reg[8]/C
  -------------------------------------------------------------------    -------------------
    SLICE_X56Y88         FDRE (Prop_fdre_C_Q)         0.518     2.074 r  counter_TDC/count_reg[8]/Q
                         net (fo=2, routed)           2.433     4.507    counter_TDC/count_reg[8]
    SLICE_X56Y88         CARRY4 (Prop_carry4_S[0]_CO[3])
                                                      0.637     5.144 r  counter_TDC/count_reg[8]_i_1/CO[3]
                         net (fo=1, routed)           0.000     5.144    counter_TDC/count_reg[8]_i_1_n_0
    SLICE_X56Y89         CARRY4 (Prop_carry4_CI_CO[3])
                                                      0.117     5.261 r  counter_TDC/count_reg[12]_i_1/CO[3]
                         net (fo=1, routed)           0.000     5.261    counter_TDC/count_reg[12]_i_1_n_0
    SLICE_X56Y90         CARRY4 (Prop_carry4_CI_CO[3])
                                                      0.117     5.378 r  counter_TDC/count_reg[16]_i_1/CO[3]
                         net (fo=1, routed)           0.000     5.378    counter_TDC/count_reg[16]_i_1_n_0
    SLICE_X56Y91         CARRY4 (Prop_carry4_CI_O[2])
                                                      0.239     5.617 r  counter_TDC/count_reg[20]_i_1/O[2]
                         net (fo=1, routed)           0.000     5.617    counter_TDC/count_reg[20]_i_1_n_5
    SLICE_X56Y91         FDRE                                         r  counter_TDC/count_reg[22]/D
  -------------------------------------------------------------------    -------------------

                         (clock clk_out1_PLL_A rise edge)
                                                      6.667     6.667 r  
    BUFGCTRL_X0Y1        BUFG                         0.000     6.667 r  clk_IBUF_BUFG_inst/O
                         net (fo=45, routed)          1.455     8.122    plla/inst/clk_in1
    MMCME2_ADV_X0Y0      MMCME2_ADV (Prop_mmcme2_adv_CLKIN1_CLKOUT0)
                                                     -3.133     4.989 r  plla/inst/mmcm_adv_inst/CLKOUT0
                         net (fo=1, routed)           1.587     6.576    plla/inst/clk_out1_PLL_A
    BUFGCTRL_X0Y0        BUFG (Prop_bufg_I_O)         0.091     6.667 r  plla/inst/clkout1_buf/O
                         net (fo=235, routed)         1.442     8.108    counter_TDC/clk_out1
    SLICE_X56Y91         FDRE                                         r  counter_TDC/count_reg[22]/C
                         clock pessimism              0.091     8.200    
                         clock uncertainty           -0.231     7.968    
    SLICE_X56Y91         FDRE (Setup_fdre_C_D)        0.109     8.077    counter_TDC/count_reg[22]
  -------------------------------------------------------------------
                         required time                          8.077    
                         arrival time                          -5.617    
  -------------------------------------------------------------------
                         slack                                  2.460    

Slack (MET) :             2.480ns  (required time - arrival time)
  Source:                 counter_TDC/count_reg[8]/C
                            (rising edge-triggered cell FDRE clocked by clk_out1_PLL_A  {rise@0.000ns fall@3.333ns period=6.667ns})
  Destination:            counter_TDC/count_reg[20]/D
                            (rising edge-triggered cell FDRE clocked by clk_out1_PLL_A  {rise@0.000ns fall@3.333ns period=6.667ns})
  Path Group:             clk_out1_PLL_A
  Path Type:              Setup (Max at Slow Process Corner)
  Requirement:            6.667ns  (clk_out1_PLL_A rise@6.667ns - clk_out1_PLL_A rise@0.000ns)
  Data Path Delay:        4.041ns  (logic 1.608ns (39.787%)  route 2.433ns (60.213%))
  Logic Levels:           4  (CARRY4=4)
  Clock Path Skew:        -0.023ns (DCD - SCD + CPR)
    Destination Clock Delay (DCD):    1.442ns = ( 8.108 - 6.667 ) 
    Source Clock Delay      (SCD):    1.556ns
    Clock Pessimism Removal (CPR):    0.091ns
  Clock Uncertainty:      0.231ns  ((TSJ^2 + DJ^2)^1/2) / 2 + PE
    Total System Jitter     (TSJ):    0.071ns
    Discrete Jitter          (DJ):    0.457ns
    Phase Error              (PE):    0.000ns

    Location             Delay type                Incr(ns)  Path(ns)    Netlist Resource(s)
  -------------------------------------------------------------------    -------------------
                         (clock clk_out1_PLL_A rise edge)
                                                      0.000     0.000 r  
    BUFGCTRL_X0Y1        BUFG                         0.000     0.000 r  clk_IBUF_BUFG_inst/O
                         net (fo=45, routed)          1.574     1.574    plla/inst/clk_in1
    MMCME2_ADV_X0Y0      MMCME2_ADV (Prop_mmcme2_adv_CLKIN1_CLKOUT0)
                                                     -3.337    -1.762 r  plla/inst/mmcm_adv_inst/CLKOUT0
                         net (fo=1, routed)           1.666    -0.096    plla/inst/clk_out1_PLL_A
    BUFGCTRL_X0Y0        BUFG (Prop_bufg_I_O)         0.096     0.000 r  plla/inst/clkout1_buf/O
                         net (fo=235, routed)         1.556     1.556    counter_TDC/clk_out1
    SLICE_X56Y88         FDRE                                         r  counter_TDC/count_reg[8]/C
  -------------------------------------------------------------------    -------------------
    SLICE_X56Y88         FDRE (Prop_fdre_C_Q)         0.518     2.074 r  counter_TDC/count_reg[8]/Q
                         net (fo=2, routed)           2.433     4.507    counter_TDC/count_reg[8]
    SLICE_X56Y88         CARRY4 (Prop_carry4_S[0]_CO[3])
                                                      0.637     5.144 r  counter_TDC/count_reg[8]_i_1/CO[3]
                         net (fo=1, routed)           0.000     5.144    counter_TDC/count_reg[8]_i_1_n_0
    SLICE_X56Y89         CARRY4 (Prop_carry4_CI_CO[3])
                                                      0.117     5.261 r  counter_TDC/count_reg[12]_i_1/CO[3]
                         net (fo=1, routed)           0.000     5.261    counter_TDC/count_reg[12]_i_1_n_0
    SLICE_X56Y90         CARRY4 (Prop_carry4_CI_CO[3])
                                                      0.117     5.378 r  counter_TDC/count_reg[16]_i_1/CO[3]
                         net (fo=1, routed)           0.000     5.378    counter_TDC/count_reg[16]_i_1_n_0
    SLICE_X56Y91         CARRY4 (Prop_carry4_CI_O[0])
                                                      0.219     5.597 r  counter_TDC/count_reg[20]_i_1/O[0]
                         net (fo=1, routed)           0.000     5.597    counter_TDC/count_reg[20]_i_1_n_7
    SLICE_X56Y91         FDRE                                         r  counter_TDC/count_reg[20]/D
  -------------------------------------------------------------------    -------------------

                         (clock clk_out1_PLL_A rise edge)
                                                      6.667     6.667 r  
    BUFGCTRL_X0Y1        BUFG                         0.000     6.667 r  clk_IBUF_BUFG_inst/O
                         net (fo=45, routed)          1.455     8.122    plla/inst/clk_in1
    MMCME2_ADV_X0Y0      MMCME2_ADV (Prop_mmcme2_adv_CLKIN1_CLKOUT0)
                                                     -3.133     4.989 r  plla/inst/mmcm_adv_inst/CLKOUT0
                         net (fo=1, routed)           1.587     6.576    plla/inst/clk_out1_PLL_A
    BUFGCTRL_X0Y0        BUFG (Prop_bufg_I_O)         0.091     6.667 r  plla/inst/clkout1_buf/O
                         net (fo=235, routed)         1.442     8.108    counter_TDC/clk_out1
    SLICE_X56Y91         FDRE                                         r  counter_TDC/count_reg[20]/C
                         clock pessimism              0.091     8.200    
                         clock uncertainty           -0.231     7.968    
    SLICE_X56Y91         FDRE (Setup_fdre_C_D)        0.109     8.077    counter_TDC/count_reg[20]
  -------------------------------------------------------------------
                         required time                          8.077    
                         arrival time                          -5.597    
  -------------------------------------------------------------------
                         slack                                  2.480    

Slack (MET) :             2.492ns  (required time - arrival time)
  Source:                 counter_TDC/count_reg[8]/C
                            (rising edge-triggered cell FDRE clocked by clk_out1_PLL_A  {rise@0.000ns fall@3.333ns period=6.667ns})
  Destination:            counter_TDC/count_reg[17]/D
                            (rising edge-triggered cell FDRE clocked by clk_out1_PLL_A  {rise@0.000ns fall@3.333ns period=6.667ns})
  Path Group:             clk_out1_PLL_A
  Path Type:              Setup (Max at Slow Process Corner)
  Requirement:            6.667ns  (clk_out1_PLL_A rise@6.667ns - clk_out1_PLL_A rise@0.000ns)
  Data Path Delay:        4.028ns  (logic 1.595ns (39.593%)  route 2.433ns (60.407%))
  Logic Levels:           3  (CARRY4=3)
  Clock Path Skew:        -0.024ns (DCD - SCD + CPR)
    Destination Clock Delay (DCD):    1.441ns = ( 8.107 - 6.667 ) 
    Source Clock Delay      (SCD):    1.556ns
    Clock Pessimism Removal (CPR):    0.091ns
  Clock Uncertainty:      0.231ns  ((TSJ^2 + DJ^2)^1/2) / 2 + PE
    Total System Jitter     (TSJ):    0.071ns
    Discrete Jitter          (DJ):    0.457ns
    Phase Error              (PE):    0.000ns

    Location             Delay type                Incr(ns)  Path(ns)    Netlist Resource(s)
  -------------------------------------------------------------------    -------------------
                         (clock clk_out1_PLL_A rise edge)
                                                      0.000     0.000 r  
    BUFGCTRL_X0Y1        BUFG                         0.000     0.000 r  clk_IBUF_BUFG_inst/O
                         net (fo=45, routed)          1.574     1.574    plla/inst/clk_in1
    MMCME2_ADV_X0Y0      MMCME2_ADV (Prop_mmcme2_adv_CLKIN1_CLKOUT0)
                                                     -3.337    -1.762 r  plla/inst/mmcm_adv_inst/CLKOUT0
                         net (fo=1, routed)           1.666    -0.096    plla/inst/clk_out1_PLL_A
    BUFGCTRL_X0Y0        BUFG (Prop_bufg_I_O)         0.096     0.000 r  plla/inst/clkout1_buf/O
                         net (fo=235, routed)         1.556     1.556    counter_TDC/clk_out1
    SLICE_X56Y88         FDRE                                         r  counter_TDC/count_reg[8]/C
  -------------------------------------------------------------------    -------------------
    SLICE_X56Y88         FDRE (Prop_fdre_C_Q)         0.518     2.074 r  counter_TDC/count_reg[8]/Q
                         net (fo=2, routed)           2.433     4.507    counter_TDC/count_reg[8]
    SLICE_X56Y88         CARRY4 (Prop_carry4_S[0]_CO[3])
                                                      0.637     5.144 r  counter_TDC/count_reg[8]_i_1/CO[3]
                         net (fo=1, routed)           0.000     5.144    counter_TDC/count_reg[8]_i_1_n_0
    SLICE_X56Y89         CARRY4 (Prop_carry4_CI_CO[3])
                                                      0.117     5.261 r  counter_TDC/count_reg[12]_i_1/CO[3]
                         net (fo=1, routed)           0.000     5.261    counter_TDC/count_reg[12]_i_1_n_0
    SLICE_X56Y90         CARRY4 (Prop_carry4_CI_O[1])
                                                      0.323     5.584 r  counter_TDC/count_reg[16]_i_1/O[1]
                         net (fo=1, routed)           0.000     5.584    counter_TDC/count_reg[16]_i_1_n_6
    SLICE_X56Y90         FDRE                                         r  counter_TDC/count_reg[17]/D
  -------------------------------------------------------------------    -------------------

                         (clock clk_out1_PLL_A rise edge)
                                                      6.667     6.667 r  
    BUFGCTRL_X0Y1        BUFG                         0.000     6.667 r  clk_IBUF_BUFG_inst/O
                         net (fo=45, routed)          1.455     8.122    plla/inst/clk_in1
    MMCME2_ADV_X0Y0      MMCME2_ADV (Prop_mmcme2_adv_CLKIN1_CLKOUT0)
                                                     -3.133     4.989 r  plla/inst/mmcm_adv_inst/CLKOUT0
                         net (fo=1, routed)           1.587     6.576    plla/inst/clk_out1_PLL_A
    BUFGCTRL_X0Y0        BUFG (Prop_bufg_I_O)         0.091     6.667 r  plla/inst/clkout1_buf/O
                         net (fo=235, routed)         1.441     8.107    counter_TDC/clk_out1
    SLICE_X56Y90         FDRE                                         r  counter_TDC/count_reg[17]/C
                         clock pessimism              0.091     8.199    
                         clock uncertainty           -0.231     7.967    
    SLICE_X56Y90         FDRE (Setup_fdre_C_D)        0.109     8.076    counter_TDC/count_reg[17]
  -------------------------------------------------------------------
                         required time                          8.076    
                         arrival time                          -5.584    
  -------------------------------------------------------------------
                         slack                                  2.492    

Slack (MET) :             2.500ns  (required time - arrival time)
  Source:                 counter_TDC/count_reg[8]/C
                            (rising edge-triggered cell FDRE clocked by clk_out1_PLL_A  {rise@0.000ns fall@3.333ns period=6.667ns})
  Destination:            counter_TDC/count_reg[19]/D
                            (rising edge-triggered cell FDRE clocked by clk_out1_PLL_A  {rise@0.000ns fall@3.333ns period=6.667ns})
  Path Group:             clk_out1_PLL_A
  Path Type:              Setup (Max at Slow Process Corner)
  Requirement:            6.667ns  (clk_out1_PLL_A rise@6.667ns - clk_out1_PLL_A rise@0.000ns)
  Data Path Delay:        4.020ns  (logic 1.587ns (39.473%)  route 2.433ns (60.527%))
  Logic Levels:           3  (CARRY4=3)
  Clock Path Skew:        -0.024ns (DCD - SCD + CPR)
    Destination Clock Delay (DCD):    1.441ns = ( 8.107 - 6.667 ) 
    Source Clock Delay      (SCD):    1.556ns
    Clock Pessimism Removal (CPR):    0.091ns
  Clock Uncertainty:      0.231ns  ((TSJ^2 + DJ^2)^1/2) / 2 + PE
    Total System Jitter     (TSJ):    0.071ns
    Discrete Jitter          (DJ):    0.457ns
    Phase Error              (PE):    0.000ns

    Location             Delay type                Incr(ns)  Path(ns)    Netlist Resource(s)
  -------------------------------------------------------------------    -------------------
                         (clock clk_out1_PLL_A rise edge)
                                                      0.000     0.000 r  
    BUFGCTRL_X0Y1        BUFG                         0.000     0.000 r  clk_IBUF_BUFG_inst/O
                         net (fo=45, routed)          1.574     1.574    plla/inst/clk_in1
    MMCME2_ADV_X0Y0      MMCME2_ADV (Prop_mmcme2_adv_CLKIN1_CLKOUT0)
                                                     -3.337    -1.762 r  plla/inst/mmcm_adv_inst/CLKOUT0
                         net (fo=1, routed)           1.666    -0.096    plla/inst/clk_out1_PLL_A
    BUFGCTRL_X0Y0        BUFG (Prop_bufg_I_O)         0.096     0.000 r  plla/inst/clkout1_buf/O
                         net (fo=235, routed)         1.556     1.556    counter_TDC/clk_out1
    SLICE_X56Y88         FDRE                                         r  counter_TDC/count_reg[8]/C
  -------------------------------------------------------------------    -------------------
    SLICE_X56Y88         FDRE (Prop_fdre_C_Q)         0.518     2.074 r  counter_TDC/count_reg[8]/Q
                         net (fo=2, routed)           2.433     4.507    counter_TDC/count_reg[8]
    SLICE_X56Y88         CARRY4 (Prop_carry4_S[0]_CO[3])
                                                      0.637     5.144 r  counter_TDC/count_reg[8]_i_1/CO[3]
                         net (fo=1, routed)           0.000     5.144    counter_TDC/count_reg[8]_i_1_n_0
    SLICE_X56Y89         CARRY4 (Prop_carry4_CI_CO[3])
                                                      0.117     5.261 r  counter_TDC/count_reg[12]_i_1/CO[3]
                         net (fo=1, routed)           0.000     5.261    counter_TDC/count_reg[12]_i_1_n_0
    SLICE_X56Y90         CARRY4 (Prop_carry4_CI_O[3])
                                                      0.315     5.576 r  counter_TDC/count_reg[16]_i_1/O[3]
                         net (fo=1, routed)           0.000     5.576    counter_TDC/count_reg[16]_i_1_n_4
    SLICE_X56Y90         FDRE                                         r  counter_TDC/count_reg[19]/D
  -------------------------------------------------------------------    -------------------

                         (clock clk_out1_PLL_A rise edge)
                                                      6.667     6.667 r  
    BUFGCTRL_X0Y1        BUFG                         0.000     6.667 r  clk_IBUF_BUFG_inst/O
                         net (fo=45, routed)          1.455     8.122    plla/inst/clk_in1
    MMCME2_ADV_X0Y0      MMCME2_ADV (Prop_mmcme2_adv_CLKIN1_CLKOUT0)
                                                     -3.133     4.989 r  plla/inst/mmcm_adv_inst/CLKOUT0
                         net (fo=1, routed)           1.587     6.576    plla/inst/clk_out1_PLL_A
    BUFGCTRL_X0Y0        BUFG (Prop_bufg_I_O)         0.091     6.667 r  plla/inst/clkout1_buf/O
                         net (fo=235, routed)         1.441     8.107    counter_TDC/clk_out1
    SLICE_X56Y90         FDRE                                         r  counter_TDC/count_reg[19]/C
                         clock pessimism              0.091     8.199    
                         clock uncertainty           -0.231     7.967    
    SLICE_X56Y90         FDRE (Setup_fdre_C_D)        0.109     8.076    counter_TDC/count_reg[19]
  -------------------------------------------------------------------
                         required time                          8.076    
                         arrival time                          -5.576    
  -------------------------------------------------------------------
                         slack                                  2.500    

Slack (MET) :             2.576ns  (required time - arrival time)
  Source:                 counter_TDC/count_reg[8]/C
                            (rising edge-triggered cell FDRE clocked by clk_out1_PLL_A  {rise@0.000ns fall@3.333ns period=6.667ns})
  Destination:            counter_TDC/count_reg[18]/D
                            (rising edge-triggered cell FDRE clocked by clk_out1_PLL_A  {rise@0.000ns fall@3.333ns period=6.667ns})
  Path Group:             clk_out1_PLL_A
  Path Type:              Setup (Max at Slow Process Corner)
  Requirement:            6.667ns  (clk_out1_PLL_A rise@6.667ns - clk_out1_PLL_A rise@0.000ns)
  Data Path Delay:        3.944ns  (logic 1.511ns (38.307%)  route 2.433ns (61.693%))
  Logic Levels:           3  (CARRY4=3)
  Clock Path Skew:        -0.024ns (DCD - SCD + CPR)
    Destination Clock Delay (DCD):    1.441ns = ( 8.107 - 6.667 ) 
    Source Clock Delay      (SCD):    1.556ns
    Clock Pessimism Removal (CPR):    0.091ns
  Clock Uncertainty:      0.231ns  ((TSJ^2 + DJ^2)^1/2) / 2 + PE
    Total System Jitter     (TSJ):    0.071ns
    Discrete Jitter          (DJ):    0.457ns
    Phase Error              (PE):    0.000ns

    Location             Delay type                Incr(ns)  Path(ns)    Netlist Resource(s)
  -------------------------------------------------------------------    -------------------
                         (clock clk_out1_PLL_A rise edge)
                                                      0.000     0.000 r  
    BUFGCTRL_X0Y1        BUFG                         0.000     0.000 r  clk_IBUF_BUFG_inst/O
                         net (fo=45, routed)          1.574     1.574    plla/inst/clk_in1
    MMCME2_ADV_X0Y0      MMCME2_ADV (Prop_mmcme2_adv_CLKIN1_CLKOUT0)
                                                     -3.337    -1.762 r  plla/inst/mmcm_adv_inst/CLKOUT0
                         net (fo=1, routed)           1.666    -0.096    plla/inst/clk_out1_PLL_A
    BUFGCTRL_X0Y0        BUFG (Prop_bufg_I_O)         0.096     0.000 r  plla/inst/clkout1_buf/O
                         net (fo=235, routed)         1.556     1.556    counter_TDC/clk_out1
    SLICE_X56Y88         FDRE                                         r  counter_TDC/count_reg[8]/C
  -------------------------------------------------------------------    -------------------
    SLICE_X56Y88         FDRE (Prop_fdre_C_Q)         0.518     2.074 r  counter_TDC/count_reg[8]/Q
                         net (fo=2, routed)           2.433     4.507    counter_TDC/count_reg[8]
    SLICE_X56Y88         CARRY4 (Prop_carry4_S[0]_CO[3])
                                                      0.637     5.144 r  counter_TDC/count_reg[8]_i_1/CO[3]
                         net (fo=1, routed)           0.000     5.144    counter_TDC/count_reg[8]_i_1_n_0
    SLICE_X56Y89         CARRY4 (Prop_carry4_CI_CO[3])
                                                      0.117     5.261 r  counter_TDC/count_reg[12]_i_1/CO[3]
                         net (fo=1, routed)           0.000     5.261    counter_TDC/count_reg[12]_i_1_n_0
    SLICE_X56Y90         CARRY4 (Prop_carry4_CI_O[2])
                                                      0.239     5.500 r  counter_TDC/count_reg[16]_i_1/O[2]
                         net (fo=1, routed)           0.000     5.500    counter_TDC/count_reg[16]_i_1_n_5
    SLICE_X56Y90         FDRE                                         r  counter_TDC/count_reg[18]/D
  -------------------------------------------------------------------    -------------------

                         (clock clk_out1_PLL_A rise edge)
                                                      6.667     6.667 r  
    BUFGCTRL_X0Y1        BUFG                         0.000     6.667 r  clk_IBUF_BUFG_inst/O
                         net (fo=45, routed)          1.455     8.122    plla/inst/clk_in1
    MMCME2_ADV_X0Y0      MMCME2_ADV (Prop_mmcme2_adv_CLKIN1_CLKOUT0)
                                                     -3.133     4.989 r  plla/inst/mmcm_adv_inst/CLKOUT0
                         net (fo=1, routed)           1.587     6.576    plla/inst/clk_out1_PLL_A
    BUFGCTRL_X0Y0        BUFG (Prop_bufg_I_O)         0.091     6.667 r  plla/inst/clkout1_buf/O
                         net (fo=235, routed)         1.441     8.107    counter_TDC/clk_out1
    SLICE_X56Y90         FDRE                                         r  counter_TDC/count_reg[18]/C
                         clock pessimism              0.091     8.199    
                         clock uncertainty           -0.231     7.967    
    SLICE_X56Y90         FDRE (Setup_fdre_C_D)        0.109     8.076    counter_TDC/count_reg[18]
  -------------------------------------------------------------------
                         required time                          8.076    
                         arrival time                          -5.500    
  -------------------------------------------------------------------
                         slack                                  2.576    

Slack (MET) :             2.596ns  (required time - arrival time)
  Source:                 counter_TDC/count_reg[8]/C
                            (rising edge-triggered cell FDRE clocked by clk_out1_PLL_A  {rise@0.000ns fall@3.333ns period=6.667ns})
  Destination:            counter_TDC/count_reg[16]/D
                            (rising edge-triggered cell FDRE clocked by clk_out1_PLL_A  {rise@0.000ns fall@3.333ns period=6.667ns})
  Path Group:             clk_out1_PLL_A
  Path Type:              Setup (Max at Slow Process Corner)
  Requirement:            6.667ns  (clk_out1_PLL_A rise@6.667ns - clk_out1_PLL_A rise@0.000ns)
  Data Path Delay:        3.924ns  (logic 1.491ns (37.992%)  route 2.433ns (62.008%))
  Logic Levels:           3  (CARRY4=3)
  Clock Path Skew:        -0.024ns (DCD - SCD + CPR)
    Destination Clock Delay (DCD):    1.441ns = ( 8.107 - 6.667 ) 
    Source Clock Delay      (SCD):    1.556ns
    Clock Pessimism Removal (CPR):    0.091ns
  Clock Uncertainty:      0.231ns  ((TSJ^2 + DJ^2)^1/2) / 2 + PE
    Total System Jitter     (TSJ):    0.071ns
    Discrete Jitter          (DJ):    0.457ns
    Phase Error              (PE):    0.000ns

    Location             Delay type                Incr(ns)  Path(ns)    Netlist Resource(s)
  -------------------------------------------------------------------    -------------------
                         (clock clk_out1_PLL_A rise edge)
                                                      0.000     0.000 r  
    BUFGCTRL_X0Y1        BUFG                         0.000     0.000 r  clk_IBUF_BUFG_inst/O
                         net (fo=45, routed)          1.574     1.574    plla/inst/clk_in1
    MMCME2_ADV_X0Y0      MMCME2_ADV (Prop_mmcme2_adv_CLKIN1_CLKOUT0)
                                                     -3.337    -1.762 r  plla/inst/mmcm_adv_inst/CLKOUT0
                         net (fo=1, routed)           1.666    -0.096    plla/inst/clk_out1_PLL_A
    BUFGCTRL_X0Y0        BUFG (Prop_bufg_I_O)         0.096     0.000 r  plla/inst/clkout1_buf/O
                         net (fo=235, routed)         1.556     1.556    counter_TDC/clk_out1
    SLICE_X56Y88         FDRE                                         r  counter_TDC/count_reg[8]/C
  -------------------------------------------------------------------    -------------------
    SLICE_X56Y88         FDRE (Prop_fdre_C_Q)         0.518     2.074 r  counter_TDC/count_reg[8]/Q
                         net (fo=2, routed)           2.433     4.507    counter_TDC/count_reg[8]
    SLICE_X56Y88         CARRY4 (Prop_carry4_S[0]_CO[3])
                                                      0.637     5.144 r  counter_TDC/count_reg[8]_i_1/CO[3]
                         net (fo=1, routed)           0.000     5.144    counter_TDC/count_reg[8]_i_1_n_0
    SLICE_X56Y89         CARRY4 (Prop_carry4_CI_CO[3])
                                                      0.117     5.261 r  counter_TDC/count_reg[12]_i_1/CO[3]
                         net (fo=1, routed)           0.000     5.261    counter_TDC/count_reg[12]_i_1_n_0
    SLICE_X56Y90         CARRY4 (Prop_carry4_CI_O[0])
                                                      0.219     5.480 r  counter_TDC/count_reg[16]_i_1/O[0]
                         net (fo=1, routed)           0.000     5.480    counter_TDC/count_reg[16]_i_1_n_7
    SLICE_X56Y90         FDRE                                         r  counter_TDC/count_reg[16]/D
  -------------------------------------------------------------------    -------------------

                         (clock clk_out1_PLL_A rise edge)
                                                      6.667     6.667 r  
    BUFGCTRL_X0Y1        BUFG                         0.000     6.667 r  clk_IBUF_BUFG_inst/O
                         net (fo=45, routed)          1.455     8.122    plla/inst/clk_in1
    MMCME2_ADV_X0Y0      MMCME2_ADV (Prop_mmcme2_adv_CLKIN1_CLKOUT0)
                                                     -3.133     4.989 r  plla/inst/mmcm_adv_inst/CLKOUT0
                         net (fo=1, routed)           1.587     6.576    plla/inst/clk_out1_PLL_A
    BUFGCTRL_X0Y0        BUFG (Prop_bufg_I_O)         0.091     6.667 r  plla/inst/clkout1_buf/O
                         net (fo=235, routed)         1.441     8.107    counter_TDC/clk_out1
    SLICE_X56Y90         FDRE                                         r  counter_TDC/count_reg[16]/C
                         clock pessimism              0.091     8.199    
                         clock uncertainty           -0.231     7.967    
    SLICE_X56Y90         FDRE (Setup_fdre_C_D)        0.109     8.076    counter_TDC/count_reg[16]
  -------------------------------------------------------------------
                         required time                          8.076    
                         arrival time                          -5.480    
  -------------------------------------------------------------------
                         slack                                  2.596    

Slack (MET) :             2.609ns  (required time - arrival time)
  Source:                 counter_TDC/count_reg[8]/C
                            (rising edge-triggered cell FDRE clocked by clk_out1_PLL_A  {rise@0.000ns fall@3.333ns period=6.667ns})
  Destination:            counter_TDC/count_reg[13]/D
                            (rising edge-triggered cell FDRE clocked by clk_out1_PLL_A  {rise@0.000ns fall@3.333ns period=6.667ns})
  Path Group:             clk_out1_PLL_A
  Path Type:              Setup (Max at Slow Process Corner)
  Requirement:            6.667ns  (clk_out1_PLL_A rise@6.667ns - clk_out1_PLL_A rise@0.000ns)
  Data Path Delay:        3.911ns  (logic 1.478ns (37.786%)  route 2.433ns (62.214%))
  Logic Levels:           2  (CARRY4=2)
  Clock Path Skew:        -0.024ns (DCD - SCD + CPR)
    Destination Clock Delay (DCD):    1.441ns = ( 8.107 - 6.667 ) 
    Source Clock Delay      (SCD):    1.556ns
    Clock Pessimism Removal (CPR):    0.091ns
  Clock Uncertainty:      0.231ns  ((TSJ^2 + DJ^2)^1/2) / 2 + PE
    Total System Jitter     (TSJ):    0.071ns
    Discrete Jitter          (DJ):    0.457ns
    Phase Error              (PE):    0.000ns

    Location             Delay type                Incr(ns)  Path(ns)    Netlist Resource(s)
  -------------------------------------------------------------------    -------------------
                         (clock clk_out1_PLL_A rise edge)
                                                      0.000     0.000 r  
    BUFGCTRL_X0Y1        BUFG                         0.000     0.000 r  clk_IBUF_BUFG_inst/O
                         net (fo=45, routed)          1.574     1.574    plla/inst/clk_in1
    MMCME2_ADV_X0Y0      MMCME2_ADV (Prop_mmcme2_adv_CLKIN1_CLKOUT0)
                                                     -3.337    -1.762 r  plla/inst/mmcm_adv_inst/CLKOUT0
                         net (fo=1, routed)           1.666    -0.096    plla/inst/clk_out1_PLL_A
    BUFGCTRL_X0Y0        BUFG (Prop_bufg_I_O)         0.096     0.000 r  plla/inst/clkout1_buf/O
                         net (fo=235, routed)         1.556     1.556    counter_TDC/clk_out1
    SLICE_X56Y88         FDRE                                         r  counter_TDC/count_reg[8]/C
  -------------------------------------------------------------------    -------------------
    SLICE_X56Y88         FDRE (Prop_fdre_C_Q)         0.518     2.074 r  counter_TDC/count_reg[8]/Q
                         net (fo=2, routed)           2.433     4.507    counter_TDC/count_reg[8]
    SLICE_X56Y88         CARRY4 (Prop_carry4_S[0]_CO[3])
                                                      0.637     5.144 r  counter_TDC/count_reg[8]_i_1/CO[3]
                         net (fo=1, routed)           0.000     5.144    counter_TDC/count_reg[8]_i_1_n_0
    SLICE_X56Y89         CARRY4 (Prop_carry4_CI_O[1])
                                                      0.323     5.467 r  counter_TDC/count_reg[12]_i_1/O[1]
                         net (fo=1, routed)           0.000     5.467    counter_TDC/count_reg[12]_i_1_n_6
    SLICE_X56Y89         FDRE                                         r  counter_TDC/count_reg[13]/D
  -------------------------------------------------------------------    -------------------

                         (clock clk_out1_PLL_A rise edge)
                                                      6.667     6.667 r  
    BUFGCTRL_X0Y1        BUFG                         0.000     6.667 r  clk_IBUF_BUFG_inst/O
                         net (fo=45, routed)          1.455     8.122    plla/inst/clk_in1
    MMCME2_ADV_X0Y0      MMCME2_ADV (Prop_mmcme2_adv_CLKIN1_CLKOUT0)
                                                     -3.133     4.989 r  plla/inst/mmcm_adv_inst/CLKOUT0
                         net (fo=1, routed)           1.587     6.576    plla/inst/clk_out1_PLL_A
    BUFGCTRL_X0Y0        BUFG (Prop_bufg_I_O)         0.091     6.667 r  plla/inst/clkout1_buf/O
                         net (fo=235, routed)         1.441     8.107    counter_TDC/clk_out1
    SLICE_X56Y89         FDRE                                         r  counter_TDC/count_reg[13]/C
                         clock pessimism              0.091     8.199    
                         clock uncertainty           -0.231     7.967    
    SLICE_X56Y89         FDRE (Setup_fdre_C_D)        0.109     8.076    counter_TDC/count_reg[13]
  -------------------------------------------------------------------
                         required time                          8.076    
                         arrival time                          -5.467    
  -------------------------------------------------------------------
                         slack                                  2.609    

Slack (MET) :             2.617ns  (required time - arrival time)
  Source:                 counter_TDC/count_reg[8]/C
                            (rising edge-triggered cell FDRE clocked by clk_out1_PLL_A  {rise@0.000ns fall@3.333ns period=6.667ns})
  Destination:            counter_TDC/count_reg[15]/D
                            (rising edge-triggered cell FDRE clocked by clk_out1_PLL_A  {rise@0.000ns fall@3.333ns period=6.667ns})
  Path Group:             clk_out1_PLL_A
  Path Type:              Setup (Max at Slow Process Corner)
  Requirement:            6.667ns  (clk_out1_PLL_A rise@6.667ns - clk_out1_PLL_A rise@0.000ns)
  Data Path Delay:        3.903ns  (logic 1.470ns (37.659%)  route 2.433ns (62.341%))
  Logic Levels:           2  (CARRY4=2)
  Clock Path Skew:        -0.024ns (DCD - SCD + CPR)
    Destination Clock Delay (DCD):    1.441ns = ( 8.107 - 6.667 ) 
    Source Clock Delay      (SCD):    1.556ns
    Clock Pessimism Removal (CPR):    0.091ns
  Clock Uncertainty:      0.231ns  ((TSJ^2 + DJ^2)^1/2) / 2 + PE
    Total System Jitter     (TSJ):    0.071ns
    Discrete Jitter          (DJ):    0.457ns
    Phase Error              (PE):    0.000ns

    Location             Delay type                Incr(ns)  Path(ns)    Netlist Resource(s)
  -------------------------------------------------------------------    -------------------
                         (clock clk_out1_PLL_A rise edge)
                                                      0.000     0.000 r  
    BUFGCTRL_X0Y1        BUFG                         0.000     0.000 r  clk_IBUF_BUFG_inst/O
                         net (fo=45, routed)          1.574     1.574    plla/inst/clk_in1
    MMCME2_ADV_X0Y0      MMCME2_ADV (Prop_mmcme2_adv_CLKIN1_CLKOUT0)
                                                     -3.337    -1.762 r  plla/inst/mmcm_adv_inst/CLKOUT0
                         net (fo=1, routed)           1.666    -0.096    plla/inst/clk_out1_PLL_A
    BUFGCTRL_X0Y0        BUFG (Prop_bufg_I_O)         0.096     0.000 r  plla/inst/clkout1_buf/O
                         net (fo=235, routed)         1.556     1.556    counter_TDC/clk_out1
    SLICE_X56Y88         FDRE                                         r  counter_TDC/count_reg[8]/C
  -------------------------------------------------------------------    -------------------
    SLICE_X56Y88         FDRE (Prop_fdre_C_Q)         0.518     2.074 r  counter_TDC/count_reg[8]/Q
                         net (fo=2, routed)           2.433     4.507    counter_TDC/count_reg[8]
    SLICE_X56Y88         CARRY4 (Prop_carry4_S[0]_CO[3])
                                                      0.637     5.144 r  counter_TDC/count_reg[8]_i_1/CO[3]
                         net (fo=1, routed)           0.000     5.144    counter_TDC/count_reg[8]_i_1_n_0
    SLICE_X56Y89         CARRY4 (Prop_carry4_CI_O[3])
                                                      0.315     5.459 r  counter_TDC/count_reg[12]_i_1/O[3]
                         net (fo=1, routed)           0.000     5.459    counter_TDC/count_reg[12]_i_1_n_4
    SLICE_X56Y89         FDRE                                         r  counter_TDC/count_reg[15]/D
  -------------------------------------------------------------------    -------------------

                         (clock clk_out1_PLL_A rise edge)
                                                      6.667     6.667 r  
    BUFGCTRL_X0Y1        BUFG                         0.000     6.667 r  clk_IBUF_BUFG_inst/O
                         net (fo=45, routed)          1.455     8.122    plla/inst/clk_in1
    MMCME2_ADV_X0Y0      MMCME2_ADV (Prop_mmcme2_adv_CLKIN1_CLKOUT0)
                                                     -3.133     4.989 r  plla/inst/mmcm_adv_inst/CLKOUT0
                         net (fo=1, routed)           1.587     6.576    plla/inst/clk_out1_PLL_A
    BUFGCTRL_X0Y0        BUFG (Prop_bufg_I_O)         0.091     6.667 r  plla/inst/clkout1_buf/O
                         net (fo=235, routed)         1.441     8.107    counter_TDC/clk_out1
    SLICE_X56Y89         FDRE                                         r  counter_TDC/count_reg[15]/C
                         clock pessimism              0.091     8.199    
                         clock uncertainty           -0.231     7.967    
    SLICE_X56Y89         FDRE (Setup_fdre_C_D)        0.109     8.076    counter_TDC/count_reg[15]
  -------------------------------------------------------------------
                         required time                          8.076    
                         arrival time                          -5.459    
  -------------------------------------------------------------------
                         slack                                  2.617    





Min Delay Paths
--------------------------------------------------------------------------------------
Slack (MET) :             0.178ns  (arrival time - required time)
  Source:                 Delay_line/metaThermo_reg[33]/C
                            (rising edge-triggered cell FDRE clocked by clk_out1_PLL_A  {rise@0.000ns fall@3.333ns period=6.667ns})
  Destination:            Delay_line/thermo_s_reg[33]/D
                            (rising edge-triggered cell FDRE clocked by clk_out1_PLL_A  {rise@0.000ns fall@3.333ns period=6.667ns})
  Path Group:             clk_out1_PLL_A
  Path Type:              Hold (Min at Fast Process Corner)
  Requirement:            0.000ns  (clk_out1_PLL_A rise@0.000ns - clk_out1_PLL_A rise@0.000ns)
  Data Path Delay:        0.269ns  (logic 0.164ns (60.944%)  route 0.105ns (39.056%))
  Logic Levels:           0  
  Clock Path Skew:        0.016ns (DCD - SCD - CPR)
    Destination Clock Delay (DCD):    0.861ns
    Source Clock Delay      (SCD):    0.591ns
    Clock Pessimism Removal (CPR):    0.255ns

    Location             Delay type                Incr(ns)  Path(ns)    Netlist Resource(s)
  -------------------------------------------------------------------    -------------------
                         (clock clk_out1_PLL_A rise edge)
                                                      0.000     0.000 r  
    BUFGCTRL_X0Y1        BUFG                         0.000     0.000 r  clk_IBUF_BUFG_inst/O
                         net (fo=45, routed)          0.549     0.549    plla/inst/clk_in1
    MMCME2_ADV_X0Y0      MMCME2_ADV (Prop_mmcme2_adv_CLKIN1_CLKOUT0)
                                                     -1.063    -0.515 r  plla/inst/mmcm_adv_inst/CLKOUT0
                         net (fo=1, routed)           0.489    -0.026    plla/inst/clk_out1_PLL_A
    BUFGCTRL_X0Y0        BUFG (Prop_bufg_I_O)         0.026     0.000 r  plla/inst/clkout1_buf/O
                         net (fo=235, routed)         0.591     0.591    Delay_line/clk_out1
    SLICE_X64Y88         FDRE                                         r  Delay_line/metaThermo_reg[33]/C
  -------------------------------------------------------------------    -------------------
    SLICE_X64Y88         FDRE (Prop_fdre_C_Q)         0.164     0.755 r  Delay_line/metaThermo_reg[33]/Q
                         net (fo=1, routed)           0.105     0.860    Delay_line/metaThermo[33]
    SLICE_X62Y89         FDRE                                         r  Delay_line/thermo_s_reg[33]/D
  -------------------------------------------------------------------    -------------------

                         (clock clk_out1_PLL_A rise edge)
                                                      0.000     0.000 r  
    BUFGCTRL_X0Y1        BUFG                         0.000     0.000 r  clk_IBUF_BUFG_inst/O
                         net (fo=45, routed)          0.816     0.816    plla/inst/clk_in1
    MMCME2_ADV_X0Y0      MMCME2_ADV (Prop_mmcme2_adv_CLKIN1_CLKOUT0)
                                                     -1.378    -0.563 r  plla/inst/mmcm_adv_inst/CLKOUT0
                         net (fo=1, routed)           0.534    -0.029    plla/inst/clk_out1_PLL_A
    BUFGCTRL_X0Y0        BUFG (Prop_bufg_I_O)         0.029    -0.000 r  plla/inst/clkout1_buf/O
                         net (fo=235, routed)         0.861     0.861    Delay_line/clk_out1
    SLICE_X62Y89         FDRE                                         r  Delay_line/thermo_s_reg[33]/C
                         clock pessimism             -0.255     0.607    
    SLICE_X62Y89         FDRE (Hold_fdre_C_D)         0.075     0.682    Delay_line/thermo_s_reg[33]
  -------------------------------------------------------------------
                         required time                         -0.682    
                         arrival time                           0.860    
  -------------------------------------------------------------------
                         slack                                  0.178    

Slack (MET) :             0.182ns  (arrival time - required time)
  Source:                 encoder/Adder_tree/x_reg[23]/C
                            (rising edge-triggered cell FDRE clocked by clk_out1_PLL_A  {rise@0.000ns fall@3.333ns period=6.667ns})
  Destination:            encoder/Adder_tree/RECURSE.NEXT_LEVEL/x_reg[14]/D
                            (rising edge-triggered cell FDRE clocked by clk_out1_PLL_A  {rise@0.000ns fall@3.333ns period=6.667ns})
  Path Group:             clk_out1_PLL_A
  Path Type:              Hold (Min at Fast Process Corner)
  Requirement:            0.000ns  (clk_out1_PLL_A rise@0.000ns - clk_out1_PLL_A rise@0.000ns)
  Data Path Delay:        0.289ns  (logic 0.186ns (64.442%)  route 0.103ns (35.558%))
  Logic Levels:           1  (LUT6=1)
  Clock Path Skew:        0.015ns (DCD - SCD - CPR)
    Destination Clock Delay (DCD):    0.861ns
    Source Clock Delay      (SCD):    0.592ns
    Clock Pessimism Removal (CPR):    0.255ns

    Location             Delay type                Incr(ns)  Path(ns)    Netlist Resource(s)
  -------------------------------------------------------------------    -------------------
                         (clock clk_out1_PLL_A rise edge)
                                                      0.000     0.000 r  
    BUFGCTRL_X0Y1        BUFG                         0.000     0.000 r  clk_IBUF_BUFG_inst/O
                         net (fo=45, routed)          0.549     0.549    plla/inst/clk_in1
    MMCME2_ADV_X0Y0      MMCME2_ADV (Prop_mmcme2_adv_CLKIN1_CLKOUT0)
                                                     -1.063    -0.515 r  plla/inst/mmcm_adv_inst/CLKOUT0
                         net (fo=1, routed)           0.489    -0.026    plla/inst/clk_out1_PLL_A
    BUFGCTRL_X0Y0        BUFG (Prop_bufg_I_O)         0.026     0.000 r  plla/inst/clkout1_buf/O
                         net (fo=235, routed)         0.592     0.592    encoder/Adder_tree/clk_out1
    SLICE_X65Y90         FDRE                                         r  encoder/Adder_tree/x_reg[23]/C
  -------------------------------------------------------------------    -------------------
    SLICE_X65Y90         FDRE (Prop_fdre_C_Q)         0.141     0.733 r  encoder/Adder_tree/x_reg[23]/Q
                         net (fo=2, routed)           0.103     0.835    encoder/Adder_tree/p_0_in5_in[2]
    SLICE_X63Y89         LUT6 (Prop_lut6_I4_O)        0.045     0.880 r  encoder/Adder_tree/x[14]_i_1/O
                         net (fo=1, routed)           0.000     0.880    encoder/Adder_tree/RECURSE.NEXT_LEVEL/D[14]
    SLICE_X63Y89         FDRE                                         r  encoder/Adder_tree/RECURSE.NEXT_LEVEL/x_reg[14]/D
  -------------------------------------------------------------------    -------------------

                         (clock clk_out1_PLL_A rise edge)
                                                      0.000     0.000 r  
    BUFGCTRL_X0Y1        BUFG                         0.000     0.000 r  clk_IBUF_BUFG_inst/O
                         net (fo=45, routed)          0.816     0.816    plla/inst/clk_in1
    MMCME2_ADV_X0Y0      MMCME2_ADV (Prop_mmcme2_adv_CLKIN1_CLKOUT0)
                                                     -1.378    -0.563 r  plla/inst/mmcm_adv_inst/CLKOUT0
                         net (fo=1, routed)           0.534    -0.029    plla/inst/clk_out1_PLL_A
    BUFGCTRL_X0Y0        BUFG (Prop_bufg_I_O)         0.029    -0.000 r  plla/inst/clkout1_buf/O
                         net (fo=235, routed)         0.861     0.861    encoder/Adder_tree/RECURSE.NEXT_LEVEL/clk_out1
    SLICE_X63Y89         FDRE                                         r  encoder/Adder_tree/RECURSE.NEXT_LEVEL/x_reg[14]/C
                         clock pessimism             -0.255     0.607    
    SLICE_X63Y89         FDRE (Hold_fdre_C_D)         0.092     0.699    encoder/Adder_tree/RECURSE.NEXT_LEVEL/x_reg[14]
  -------------------------------------------------------------------
                         required time                         -0.699    
                         arrival time                           0.880    
  -------------------------------------------------------------------
                         slack                                  0.182    

Slack (MET) :             0.188ns  (arrival time - required time)
  Source:                 Delay_line/thermo_s_reg[49]/C
                            (rising edge-triggered cell FDRE clocked by clk_out1_PLL_A  {rise@0.000ns fall@3.333ns period=6.667ns})
  Destination:            encoder/Adder_tree/x_reg[26]/D
                            (rising edge-triggered cell FDRE clocked by clk_out1_PLL_A  {rise@0.000ns fall@3.333ns period=6.667ns})
  Path Group:             clk_out1_PLL_A
  Path Type:              Hold (Min at Fast Process Corner)
  Requirement:            0.000ns  (clk_out1_PLL_A rise@0.000ns - clk_out1_PLL_A rise@0.000ns)
  Data Path Delay:        0.297ns  (logic 0.186ns (62.659%)  route 0.111ns (37.341%))
  Logic Levels:           1  (LUT6=1)
  Clock Path Skew:        0.017ns (DCD - SCD - CPR)
    Destination Clock Delay (DCD):    0.863ns
    Source Clock Delay      (SCD):    0.592ns
    Clock Pessimism Removal (CPR):    0.255ns

    Location             Delay type                Incr(ns)  Path(ns)    Netlist Resource(s)
  -------------------------------------------------------------------    -------------------
                         (clock clk_out1_PLL_A rise edge)
                                                      0.000     0.000 r  
    BUFGCTRL_X0Y1        BUFG                         0.000     0.000 r  clk_IBUF_BUFG_inst/O
                         net (fo=45, routed)          0.549     0.549    plla/inst/clk_in1
    MMCME2_ADV_X0Y0      MMCME2_ADV (Prop_mmcme2_adv_CLKIN1_CLKOUT0)
                                                     -1.063    -0.515 r  plla/inst/mmcm_adv_inst/CLKOUT0
                         net (fo=1, routed)           0.489    -0.026    plla/inst/clk_out1_PLL_A
    BUFGCTRL_X0Y0        BUFG (Prop_bufg_I_O)         0.026     0.000 r  plla/inst/clkout1_buf/O
                         net (fo=235, routed)         0.592     0.592    Delay_line/clk_out1
    SLICE_X65Y92         FDRE                                         r  Delay_line/thermo_s_reg[49]/C
  -------------------------------------------------------------------    -------------------
    SLICE_X65Y92         FDRE (Prop_fdre_C_Q)         0.141     0.733 r  Delay_line/thermo_s_reg[49]/Q
                         net (fo=3, routed)           0.111     0.844    encoder/Q[49]
    SLICE_X63Y93         LUT6 (Prop_lut6_I1_O)        0.045     0.889 r  encoder/LUTs[8].LUT6_inst2/O
                         net (fo=1, routed)           0.000     0.889    encoder/Adder_tree/D[26]
    SLICE_X63Y93         FDRE                                         r  encoder/Adder_tree/x_reg[26]/D
  -------------------------------------------------------------------    -------------------

                         (clock clk_out1_PLL_A rise edge)
                                                      0.000     0.000 r  
    BUFGCTRL_X0Y1        BUFG                         0.000     0.000 r  clk_IBUF_BUFG_inst/O
                         net (fo=45, routed)          0.816     0.816    plla/inst/clk_in1
    MMCME2_ADV_X0Y0      MMCME2_ADV (Prop_mmcme2_adv_CLKIN1_CLKOUT0)
                                                     -1.378    -0.563 r  plla/inst/mmcm_adv_inst/CLKOUT0
                         net (fo=1, routed)           0.534    -0.029    plla/inst/clk_out1_PLL_A
    BUFGCTRL_X0Y0        BUFG (Prop_bufg_I_O)         0.029    -0.000 r  plla/inst/clkout1_buf/O
                         net (fo=235, routed)         0.863     0.863    encoder/Adder_tree/clk_out1
    SLICE_X63Y93         FDRE                                         r  encoder/Adder_tree/x_reg[26]/C
                         clock pessimism             -0.255     0.609    
    SLICE_X63Y93         FDRE (Hold_fdre_C_D)         0.092     0.701    encoder/Adder_tree/x_reg[26]
  -------------------------------------------------------------------
                         required time                         -0.701    
                         arrival time                           0.889    
  -------------------------------------------------------------------
                         slack                                  0.188    

Slack (MET) :             0.189ns  (arrival time - required time)
  Source:                 Delay_line/metaThermo_reg[10]/C
                            (rising edge-triggered cell FDRE clocked by clk_out1_PLL_A  {rise@0.000ns fall@3.333ns period=6.667ns})
  Destination:            Delay_line/thermo_s_reg[10]/D
                            (rising edge-triggered cell FDRE clocked by clk_out1_PLL_A  {rise@0.000ns fall@3.333ns period=6.667ns})
  Path Group:             clk_out1_PLL_A
  Path Type:              Hold (Min at Fast Process Corner)
  Requirement:            0.000ns  (clk_out1_PLL_A rise@0.000ns - clk_out1_PLL_A rise@0.000ns)
  Data Path Delay:        0.277ns  (logic 0.164ns (59.205%)  route 0.113ns (40.795%))
  Logic Levels:           0  
  Clock Path Skew:        0.013ns (DCD - SCD - CPR)
    Destination Clock Delay (DCD):    0.855ns
    Source Clock Delay      (SCD):    0.587ns
    Clock Pessimism Removal (CPR):    0.256ns

    Location             Delay type                Incr(ns)  Path(ns)    Netlist Resource(s)
  -------------------------------------------------------------------    -------------------
                         (clock clk_out1_PLL_A rise edge)
                                                      0.000     0.000 r  
    BUFGCTRL_X0Y1        BUFG                         0.000     0.000 r  clk_IBUF_BUFG_inst/O
                         net (fo=45, routed)          0.549     0.549    plla/inst/clk_in1
    MMCME2_ADV_X0Y0      MMCME2_ADV (Prop_mmcme2_adv_CLKIN1_CLKOUT0)
                                                     -1.063    -0.515 r  plla/inst/mmcm_adv_inst/CLKOUT0
                         net (fo=1, routed)           0.489    -0.026    plla/inst/clk_out1_PLL_A
    BUFGCTRL_X0Y0        BUFG (Prop_bufg_I_O)         0.026     0.000 r  plla/inst/clkout1_buf/O
                         net (fo=235, routed)         0.587     0.587    Delay_line/clk_out1
    SLICE_X64Y82         FDRE                                         r  Delay_line/metaThermo_reg[10]/C
  -------------------------------------------------------------------    -------------------
    SLICE_X64Y82         FDRE (Prop_fdre_C_Q)         0.164     0.751 r  Delay_line/metaThermo_reg[10]/Q
                         net (fo=1, routed)           0.113     0.864    Delay_line/metaThermo[10]
    SLICE_X65Y82         FDRE                                         r  Delay_line/thermo_s_reg[10]/D
  -------------------------------------------------------------------    -------------------

                         (clock clk_out1_PLL_A rise edge)
                                                      0.000     0.000 r  
    BUFGCTRL_X0Y1        BUFG                         0.000     0.000 r  clk_IBUF_BUFG_inst/O
                         net (fo=45, routed)          0.816     0.816    plla/inst/clk_in1
    MMCME2_ADV_X0Y0      MMCME2_ADV (Prop_mmcme2_adv_CLKIN1_CLKOUT0)
                                                     -1.378    -0.563 r  plla/inst/mmcm_adv_inst/CLKOUT0
                         net (fo=1, routed)           0.534    -0.029    plla/inst/clk_out1_PLL_A
    BUFGCTRL_X0Y0        BUFG (Prop_bufg_I_O)         0.029    -0.000 r  plla/inst/clkout1_buf/O
                         net (fo=235, routed)         0.855     0.855    Delay_line/clk_out1
    SLICE_X65Y82         FDRE                                         r  Delay_line/thermo_s_reg[10]/C
                         clock pessimism             -0.256     0.600    
    SLICE_X65Y82         FDRE (Hold_fdre_C_D)         0.075     0.675    Delay_line/thermo_s_reg[10]
  -------------------------------------------------------------------
                         required time                         -0.675    
                         arrival time                           0.864    
  -------------------------------------------------------------------
                         slack                                  0.189    

Slack (MET) :             0.189ns  (arrival time - required time)
  Source:                 Delay_line/metaThermo_reg[9]/C
                            (rising edge-triggered cell FDRE clocked by clk_out1_PLL_A  {rise@0.000ns fall@3.333ns period=6.667ns})
  Destination:            Delay_line/thermo_s_reg[9]/D
                            (rising edge-triggered cell FDRE clocked by clk_out1_PLL_A  {rise@0.000ns fall@3.333ns period=6.667ns})
  Path Group:             clk_out1_PLL_A
  Path Type:              Hold (Min at Fast Process Corner)
  Requirement:            0.000ns  (clk_out1_PLL_A rise@0.000ns - clk_out1_PLL_A rise@0.000ns)
  Data Path Delay:        0.274ns  (logic 0.164ns (59.853%)  route 0.110ns (40.147%))
  Logic Levels:           0  
  Clock Path Skew:        0.013ns (DCD - SCD - CPR)
    Destination Clock Delay (DCD):    0.855ns
    Source Clock Delay      (SCD):    0.587ns
    Clock Pessimism Removal (CPR):    0.256ns

    Location             Delay type                Incr(ns)  Path(ns)    Netlist Resource(s)
  -------------------------------------------------------------------    -------------------
                         (clock clk_out1_PLL_A rise edge)
                                                      0.000     0.000 r  
    BUFGCTRL_X0Y1        BUFG                         0.000     0.000 r  clk_IBUF_BUFG_inst/O
                         net (fo=45, routed)          0.549     0.549    plla/inst/clk_in1
    MMCME2_ADV_X0Y0      MMCME2_ADV (Prop_mmcme2_adv_CLKIN1_CLKOUT0)
                                                     -1.063    -0.515 r  plla/inst/mmcm_adv_inst/CLKOUT0
                         net (fo=1, routed)           0.489    -0.026    plla/inst/clk_out1_PLL_A
    BUFGCTRL_X0Y0        BUFG (Prop_bufg_I_O)         0.026     0.000 r  plla/inst/clkout1_buf/O
                         net (fo=235, routed)         0.587     0.587    Delay_line/clk_out1
    SLICE_X64Y82         FDRE                                         r  Delay_line/metaThermo_reg[9]/C
  -------------------------------------------------------------------    -------------------
    SLICE_X64Y82         FDRE (Prop_fdre_C_Q)         0.164     0.751 r  Delay_line/metaThermo_reg[9]/Q
                         net (fo=1, routed)           0.110     0.861    Delay_line/metaThermo[9]
    SLICE_X65Y82         FDRE                                         r  Delay_line/thermo_s_reg[9]/D
  -------------------------------------------------------------------    -------------------

                         (clock clk_out1_PLL_A rise edge)
                                                      0.000     0.000 r  
    BUFGCTRL_X0Y1        BUFG                         0.000     0.000 r  clk_IBUF_BUFG_inst/O
                         net (fo=45, routed)          0.816     0.816    plla/inst/clk_in1
    MMCME2_ADV_X0Y0      MMCME2_ADV (Prop_mmcme2_adv_CLKIN1_CLKOUT0)
                                                     -1.378    -0.563 r  plla/inst/mmcm_adv_inst/CLKOUT0
                         net (fo=1, routed)           0.534    -0.029    plla/inst/clk_out1_PLL_A
    BUFGCTRL_X0Y0        BUFG (Prop_bufg_I_O)         0.029    -0.000 r  plla/inst/clkout1_buf/O
                         net (fo=235, routed)         0.855     0.855    Delay_line/clk_out1
    SLICE_X65Y82         FDRE                                         r  Delay_line/thermo_s_reg[9]/C
                         clock pessimism             -0.256     0.600    
    SLICE_X65Y82         FDRE (Hold_fdre_C_D)         0.072     0.672    Delay_line/thermo_s_reg[9]
  -------------------------------------------------------------------
                         required time                         -0.672    
                         arrival time                           0.861    
  -------------------------------------------------------------------
                         slack                                  0.189    

Slack (MET) :             0.189ns  (arrival time - required time)
  Source:                 Delay_line/metaThermo_reg[22]/C
                            (rising edge-triggered cell FDRE clocked by clk_out1_PLL_A  {rise@0.000ns fall@3.333ns period=6.667ns})
  Destination:            Delay_line/thermo_s_reg[22]/D
                            (rising edge-triggered cell FDRE clocked by clk_out1_PLL_A  {rise@0.000ns fall@3.333ns period=6.667ns})
  Path Group:             clk_out1_PLL_A
  Path Type:              Hold (Min at Fast Process Corner)
  Requirement:            0.000ns  (clk_out1_PLL_A rise@0.000ns - clk_out1_PLL_A rise@0.000ns)
  Data Path Delay:        0.277ns  (logic 0.164ns (59.205%)  route 0.113ns (40.795%))
  Logic Levels:           0  
  Clock Path Skew:        0.013ns (DCD - SCD - CPR)
    Destination Clock Delay (DCD):    0.858ns
    Source Clock Delay      (SCD):    0.589ns
    Clock Pessimism Removal (CPR):    0.257ns

    Location             Delay type                Incr(ns)  Path(ns)    Netlist Resource(s)
  -------------------------------------------------------------------    -------------------
                         (clock clk_out1_PLL_A rise edge)
                                                      0.000     0.000 r  
    BUFGCTRL_X0Y1        BUFG                         0.000     0.000 r  clk_IBUF_BUFG_inst/O
                         net (fo=45, routed)          0.549     0.549    plla/inst/clk_in1
    MMCME2_ADV_X0Y0      MMCME2_ADV (Prop_mmcme2_adv_CLKIN1_CLKOUT0)
                                                     -1.063    -0.515 r  plla/inst/mmcm_adv_inst/CLKOUT0
                         net (fo=1, routed)           0.489    -0.026    plla/inst/clk_out1_PLL_A
    BUFGCTRL_X0Y0        BUFG (Prop_bufg_I_O)         0.026     0.000 r  plla/inst/clkout1_buf/O
                         net (fo=235, routed)         0.589     0.589    Delay_line/clk_out1
    SLICE_X64Y85         FDRE                                         r  Delay_line/metaThermo_reg[22]/C
  -------------------------------------------------------------------    -------------------
    SLICE_X64Y85         FDRE (Prop_fdre_C_Q)         0.164     0.753 r  Delay_line/metaThermo_reg[22]/Q
                         net (fo=1, routed)           0.113     0.866    Delay_line/metaThermo[22]
    SLICE_X65Y85         FDRE                                         r  Delay_line/thermo_s_reg[22]/D
  -------------------------------------------------------------------    -------------------

                         (clock clk_out1_PLL_A rise edge)
                                                      0.000     0.000 r  
    BUFGCTRL_X0Y1        BUFG                         0.000     0.000 r  clk_IBUF_BUFG_inst/O
                         net (fo=45, routed)          0.816     0.816    plla/inst/clk_in1
    MMCME2_ADV_X0Y0      MMCME2_ADV (Prop_mmcme2_adv_CLKIN1_CLKOUT0)
                                                     -1.378    -0.563 r  plla/inst/mmcm_adv_inst/CLKOUT0
                         net (fo=1, routed)           0.534    -0.029    plla/inst/clk_out1_PLL_A
    BUFGCTRL_X0Y0        BUFG (Prop_bufg_I_O)         0.029    -0.000 r  plla/inst/clkout1_buf/O
                         net (fo=235, routed)         0.858     0.858    Delay_line/clk_out1
    SLICE_X65Y85         FDRE                                         r  Delay_line/thermo_s_reg[22]/C
                         clock pessimism             -0.257     0.602    
    SLICE_X65Y85         FDRE (Hold_fdre_C_D)         0.075     0.677    Delay_line/thermo_s_reg[22]
  -------------------------------------------------------------------
                         required time                         -0.677    
                         arrival time                           0.866    
  -------------------------------------------------------------------
                         slack                                  0.189    

Slack (MET) :             0.190ns  (arrival time - required time)
  Source:                 encoder/Adder_tree/x_reg[22]/C
                            (rising edge-triggered cell FDRE clocked by clk_out1_PLL_A  {rise@0.000ns fall@3.333ns period=6.667ns})
  Destination:            encoder/Adder_tree/RECURSE.NEXT_LEVEL/x_reg[15]/D
                            (rising edge-triggered cell FDRE clocked by clk_out1_PLL_A  {rise@0.000ns fall@3.333ns period=6.667ns})
  Path Group:             clk_out1_PLL_A
  Path Type:              Hold (Min at Fast Process Corner)
  Requirement:            0.000ns  (clk_out1_PLL_A rise@0.000ns - clk_out1_PLL_A rise@0.000ns)
  Data Path Delay:        0.297ns  (logic 0.186ns (62.659%)  route 0.111ns (37.341%))
  Logic Levels:           1  (LUT6=1)
  Clock Path Skew:        0.015ns (DCD - SCD - CPR)
    Destination Clock Delay (DCD):    0.861ns
    Source Clock Delay      (SCD):    0.592ns
    Clock Pessimism Removal (CPR):    0.255ns

    Location             Delay type                Incr(ns)  Path(ns)    Netlist Resource(s)
  -------------------------------------------------------------------    -------------------
                         (clock clk_out1_PLL_A rise edge)
                                                      0.000     0.000 r  
    BUFGCTRL_X0Y1        BUFG                         0.000     0.000 r  clk_IBUF_BUFG_inst/O
                         net (fo=45, routed)          0.549     0.549    plla/inst/clk_in1
    MMCME2_ADV_X0Y0      MMCME2_ADV (Prop_mmcme2_adv_CLKIN1_CLKOUT0)
                                                     -1.063    -0.515 r  plla/inst/mmcm_adv_inst/CLKOUT0
                         net (fo=1, routed)           0.489    -0.026    plla/inst/clk_out1_PLL_A
    BUFGCTRL_X0Y0        BUFG (Prop_bufg_I_O)         0.026     0.000 r  plla/inst/clkout1_buf/O
                         net (fo=235, routed)         0.592     0.592    encoder/Adder_tree/clk_out1
    SLICE_X65Y90         FDRE                                         r  encoder/Adder_tree/x_reg[22]/C
  -------------------------------------------------------------------    -------------------
    SLICE_X65Y90         FDRE (Prop_fdre_C_Q)         0.141     0.733 r  encoder/Adder_tree/x_reg[22]/Q
                         net (fo=3, routed)           0.111     0.844    encoder/Adder_tree/p_0_in5_in[1]
    SLICE_X63Y89         LUT6 (Prop_lut6_I5_O)        0.045     0.889 r  encoder/Adder_tree/x[15]_i_1/O
                         net (fo=1, routed)           0.000     0.889    encoder/Adder_tree/RECURSE.NEXT_LEVEL/D[15]
    SLICE_X63Y89         FDRE                                         r  encoder/Adder_tree/RECURSE.NEXT_LEVEL/x_reg[15]/D
  -------------------------------------------------------------------    -------------------

                         (clock clk_out1_PLL_A rise edge)
                                                      0.000     0.000 r  
    BUFGCTRL_X0Y1        BUFG                         0.000     0.000 r  clk_IBUF_BUFG_inst/O
                         net (fo=45, routed)          0.816     0.816    plla/inst/clk_in1
    MMCME2_ADV_X0Y0      MMCME2_ADV (Prop_mmcme2_adv_CLKIN1_CLKOUT0)
                                                     -1.378    -0.563 r  plla/inst/mmcm_adv_inst/CLKOUT0
                         net (fo=1, routed)           0.534    -0.029    plla/inst/clk_out1_PLL_A
    BUFGCTRL_X0Y0        BUFG (Prop_bufg_I_O)         0.029    -0.000 r  plla/inst/clkout1_buf/O
                         net (fo=235, routed)         0.861     0.861    encoder/Adder_tree/RECURSE.NEXT_LEVEL/clk_out1
    SLICE_X63Y89         FDRE                                         r  encoder/Adder_tree/RECURSE.NEXT_LEVEL/x_reg[15]/C
                         clock pessimism             -0.255     0.607    
    SLICE_X63Y89         FDRE (Hold_fdre_C_D)         0.092     0.699    encoder/Adder_tree/RECURSE.NEXT_LEVEL/x_reg[15]
  -------------------------------------------------------------------
                         required time                         -0.699    
                         arrival time                           0.889    
  -------------------------------------------------------------------
                         slack                                  0.190    

Slack (MET) :             0.191ns  (arrival time - required time)
  Source:                 Delay_line/thermo_s_reg[53]/C
                            (rising edge-triggered cell FDRE clocked by clk_out1_PLL_A  {rise@0.000ns fall@3.333ns period=6.667ns})
  Destination:            encoder/Adder_tree/x_reg[25]/D
                            (rising edge-triggered cell FDRE clocked by clk_out1_PLL_A  {rise@0.000ns fall@3.333ns period=6.667ns})
  Path Group:             clk_out1_PLL_A
  Path Type:              Hold (Min at Fast Process Corner)
  Requirement:            0.000ns  (clk_out1_PLL_A rise@0.000ns - clk_out1_PLL_A rise@0.000ns)
  Data Path Delay:        0.299ns  (logic 0.186ns (62.156%)  route 0.113ns (37.844%))
  Logic Levels:           1  (LUT6=1)
  Clock Path Skew:        0.016ns (DCD - SCD - CPR)
    Destination Clock Delay (DCD):    0.863ns
    Source Clock Delay      (SCD):    0.593ns
    Clock Pessimism Removal (CPR):    0.255ns

    Location             Delay type                Incr(ns)  Path(ns)    Netlist Resource(s)
  -------------------------------------------------------------------    -------------------
                         (clock clk_out1_PLL_A rise edge)
                                                      0.000     0.000 r  
    BUFGCTRL_X0Y1        BUFG                         0.000     0.000 r  clk_IBUF_BUFG_inst/O
                         net (fo=45, routed)          0.549     0.549    plla/inst/clk_in1
    MMCME2_ADV_X0Y0      MMCME2_ADV (Prop_mmcme2_adv_CLKIN1_CLKOUT0)
                                                     -1.063    -0.515 r  plla/inst/mmcm_adv_inst/CLKOUT0
                         net (fo=1, routed)           0.489    -0.026    plla/inst/clk_out1_PLL_A
    BUFGCTRL_X0Y0        BUFG (Prop_bufg_I_O)         0.026     0.000 r  plla/inst/clkout1_buf/O
                         net (fo=235, routed)         0.593     0.593    Delay_line/clk_out1
    SLICE_X65Y93         FDRE                                         r  Delay_line/thermo_s_reg[53]/C
  -------------------------------------------------------------------    -------------------
    SLICE_X65Y93         FDRE (Prop_fdre_C_Q)         0.141     0.734 r  Delay_line/thermo_s_reg[53]/Q
                         net (fo=3, routed)           0.113     0.847    encoder/Q[53]
    SLICE_X63Y93         LUT6 (Prop_lut6_I5_O)        0.045     0.892 r  encoder/LUTs[8].LUT6_inst1/O
                         net (fo=1, routed)           0.000     0.892    encoder/Adder_tree/D[25]
    SLICE_X63Y93         FDRE                                         r  encoder/Adder_tree/x_reg[25]/D
  -------------------------------------------------------------------    -------------------

                         (clock clk_out1_PLL_A rise edge)
                                                      0.000     0.000 r  
    BUFGCTRL_X0Y1        BUFG                         0.000     0.000 r  clk_IBUF_BUFG_inst/O
                         net (fo=45, routed)          0.816     0.816    plla/inst/clk_in1
    MMCME2_ADV_X0Y0      MMCME2_ADV (Prop_mmcme2_adv_CLKIN1_CLKOUT0)
                                                     -1.378    -0.563 r  plla/inst/mmcm_adv_inst/CLKOUT0
                         net (fo=1, routed)           0.534    -0.029    plla/inst/clk_out1_PLL_A
    BUFGCTRL_X0Y0        BUFG (Prop_bufg_I_O)         0.029    -0.000 r  plla/inst/clkout1_buf/O
                         net (fo=235, routed)         0.863     0.863    encoder/Adder_tree/clk_out1
    SLICE_X63Y93         FDRE                                         r  encoder/Adder_tree/x_reg[25]/C
                         clock pessimism             -0.255     0.609    
    SLICE_X63Y93         FDRE (Hold_fdre_C_D)         0.092     0.701    encoder/Adder_tree/x_reg[25]
  -------------------------------------------------------------------
                         required time                         -0.701    
                         arrival time                           0.892    
  -------------------------------------------------------------------
                         slack                                  0.191    

Slack (MET) :             0.193ns  (arrival time - required time)
  Source:                 encoder/Adder_tree/x_reg[11]/C
                            (rising edge-triggered cell FDRE clocked by clk_out1_PLL_A  {rise@0.000ns fall@3.333ns period=6.667ns})
  Destination:            encoder/Adder_tree/RECURSE.NEXT_LEVEL/x_reg[6]/D
                            (rising edge-triggered cell FDRE clocked by clk_out1_PLL_A  {rise@0.000ns fall@3.333ns period=6.667ns})
  Path Group:             clk_out1_PLL_A
  Path Type:              Hold (Min at Fast Process Corner)
  Requirement:            0.000ns  (clk_out1_PLL_A rise@0.000ns - clk_out1_PLL_A rise@0.000ns)
  Data Path Delay:        0.299ns  (logic 0.186ns (62.164%)  route 0.113ns (37.836%))
  Logic Levels:           1  (LUT6=1)
  Clock Path Skew:        0.014ns (DCD - SCD - CPR)
    Destination Clock Delay (DCD):    0.858ns
    Source Clock Delay      (SCD):    0.589ns
    Clock Pessimism Removal (CPR):    0.255ns

    Location             Delay type                Incr(ns)  Path(ns)    Netlist Resource(s)
  -------------------------------------------------------------------    -------------------
                         (clock clk_out1_PLL_A rise edge)
                                                      0.000     0.000 r  
    BUFGCTRL_X0Y1        BUFG                         0.000     0.000 r  clk_IBUF_BUFG_inst/O
                         net (fo=45, routed)          0.549     0.549    plla/inst/clk_in1
    MMCME2_ADV_X0Y0      MMCME2_ADV (Prop_mmcme2_adv_CLKIN1_CLKOUT0)
                                                     -1.063    -0.515 r  plla/inst/mmcm_adv_inst/CLKOUT0
                         net (fo=1, routed)           0.489    -0.026    plla/inst/clk_out1_PLL_A
    BUFGCTRL_X0Y0        BUFG (Prop_bufg_I_O)         0.026     0.000 r  plla/inst/clkout1_buf/O
                         net (fo=235, routed)         0.589     0.589    encoder/Adder_tree/clk_out1
    SLICE_X63Y85         FDRE                                         r  encoder/Adder_tree/x_reg[11]/C
  -------------------------------------------------------------------    -------------------
    SLICE_X63Y85         FDRE (Prop_fdre_C_Q)         0.141     0.730 r  encoder/Adder_tree/x_reg[11]/Q
                         net (fo=2, routed)           0.113     0.843    encoder/Adder_tree/x_reg_n_0_[11]
    SLICE_X63Y84         LUT6 (Prop_lut6_I4_O)        0.045     0.888 r  encoder/Adder_tree/x[6]_i_1/O
                         net (fo=1, routed)           0.000     0.888    encoder/Adder_tree/RECURSE.NEXT_LEVEL/D[6]
    SLICE_X63Y84         FDRE                                         r  encoder/Adder_tree/RECURSE.NEXT_LEVEL/x_reg[6]/D
  -------------------------------------------------------------------    -------------------

                         (clock clk_out1_PLL_A rise edge)
                                                      0.000     0.000 r  
    BUFGCTRL_X0Y1        BUFG                         0.000     0.000 r  clk_IBUF_BUFG_inst/O
                         net (fo=45, routed)          0.816     0.816    plla/inst/clk_in1
    MMCME2_ADV_X0Y0      MMCME2_ADV (Prop_mmcme2_adv_CLKIN1_CLKOUT0)
                                                     -1.378    -0.563 r  plla/inst/mmcm_adv_inst/CLKOUT0
                         net (fo=1, routed)           0.534    -0.029    plla/inst/clk_out1_PLL_A
    BUFGCTRL_X0Y0        BUFG (Prop_bufg_I_O)         0.029    -0.000 r  plla/inst/clkout1_buf/O
                         net (fo=235, routed)         0.857     0.857    encoder/Adder_tree/RECURSE.NEXT_LEVEL/clk_out1
    SLICE_X63Y84         FDRE                                         r  encoder/Adder_tree/RECURSE.NEXT_LEVEL/x_reg[6]/C
                         clock pessimism             -0.255     0.603    
    SLICE_X63Y84         FDRE (Hold_fdre_C_D)         0.092     0.695    encoder/Adder_tree/RECURSE.NEXT_LEVEL/x_reg[6]
  -------------------------------------------------------------------
                         required time                         -0.695    
                         arrival time                           0.888    
  -------------------------------------------------------------------
                         slack                                  0.193    

Slack (MET) :             0.193ns  (arrival time - required time)
  Source:                 Delay_line/thermo_s_reg[53]/C
                            (rising edge-triggered cell FDRE clocked by clk_out1_PLL_A  {rise@0.000ns fall@3.333ns period=6.667ns})
  Destination:            encoder/Adder_tree/x_reg[24]/D
                            (rising edge-triggered cell FDRE clocked by clk_out1_PLL_A  {rise@0.000ns fall@3.333ns period=6.667ns})
  Path Group:             clk_out1_PLL_A
  Path Type:              Hold (Min at Fast Process Corner)
  Requirement:            0.000ns  (clk_out1_PLL_A rise@0.000ns - clk_out1_PLL_A rise@0.000ns)
  Data Path Delay:        0.300ns  (logic 0.186ns (61.949%)  route 0.114ns (38.051%))
  Logic Levels:           1  (LUT6=1)
  Clock Path Skew:        0.016ns (DCD - SCD - CPR)
    Destination Clock Delay (DCD):    0.863ns
    Source Clock Delay      (SCD):    0.593ns
    Clock Pessimism Removal (CPR):    0.255ns

    Location             Delay type                Incr(ns)  Path(ns)    Netlist Resource(s)
  -------------------------------------------------------------------    -------------------
                         (clock clk_out1_PLL_A rise edge)
                                                      0.000     0.000 r  
    BUFGCTRL_X0Y1        BUFG                         0.000     0.000 r  clk_IBUF_BUFG_inst/O
                         net (fo=45, routed)          0.549     0.549    plla/inst/clk_in1
    MMCME2_ADV_X0Y0      MMCME2_ADV (Prop_mmcme2_adv_CLKIN1_CLKOUT0)
                                                     -1.063    -0.515 r  plla/inst/mmcm_adv_inst/CLKOUT0
                         net (fo=1, routed)           0.489    -0.026    plla/inst/clk_out1_PLL_A
    BUFGCTRL_X0Y0        BUFG (Prop_bufg_I_O)         0.026     0.000 r  plla/inst/clkout1_buf/O
                         net (fo=235, routed)         0.593     0.593    Delay_line/clk_out1
    SLICE_X65Y93         FDRE                                         r  Delay_line/thermo_s_reg[53]/C
  -------------------------------------------------------------------    -------------------
    SLICE_X65Y93         FDRE (Prop_fdre_C_Q)         0.141     0.734 r  Delay_line/thermo_s_reg[53]/Q
                         net (fo=3, routed)           0.114     0.848    encoder/Q[53]
    SLICE_X63Y93         LUT6 (Prop_lut6_I5_O)        0.045     0.893 r  encoder/LUTs[8].LUT6_inst0/O
                         net (fo=1, routed)           0.000     0.893    encoder/Adder_tree/D[24]
    SLICE_X63Y93         FDRE                                         r  encoder/Adder_tree/x_reg[24]/D
  -------------------------------------------------------------------    -------------------

                         (clock clk_out1_PLL_A rise edge)
                                                      0.000     0.000 r  
    BUFGCTRL_X0Y1        BUFG                         0.000     0.000 r  clk_IBUF_BUFG_inst/O
                         net (fo=45, routed)          0.816     0.816    plla/inst/clk_in1
    MMCME2_ADV_X0Y0      MMCME2_ADV (Prop_mmcme2_adv_CLKIN1_CLKOUT0)
                                                     -1.378    -0.563 r  plla/inst/mmcm_adv_inst/CLKOUT0
                         net (fo=1, routed)           0.534    -0.029    plla/inst/clk_out1_PLL_A
    BUFGCTRL_X0Y0        BUFG (Prop_bufg_I_O)         0.029    -0.000 r  plla/inst/clkout1_buf/O
                         net (fo=235, routed)         0.863     0.863    encoder/Adder_tree/clk_out1
    SLICE_X63Y93         FDRE                                         r  encoder/Adder_tree/x_reg[24]/C
                         clock pessimism             -0.255     0.609    
    SLICE_X63Y93         FDRE (Hold_fdre_C_D)         0.091     0.700    encoder/Adder_tree/x_reg[24]
  -------------------------------------------------------------------
                         required time                         -0.700    
                         arrival time                           0.893    
  -------------------------------------------------------------------
                         slack                                  0.193    





Pulse Width Checks
--------------------------------------------------------------------------------------
Clock Name:         clk_out1_PLL_A
Waveform(ns):       { 0.000 3.333 }
Period(ns):         6.667
Sources:            { plla/inst/mmcm_adv_inst/CLKOUT0 }

Check Type        Corner  Lib Pin             Reference Pin  Required(ns)  Actual(ns)  Slack(ns)  Location         Pin
Min Period        n/a     BUFG/I              n/a            2.155         6.667       4.511      BUFGCTRL_X0Y0    plla/inst/clkout1_buf/I
Min Period        n/a     MMCME2_ADV/CLKOUT0  n/a            1.249         6.667       5.418      MMCME2_ADV_X0Y0  plla/inst/mmcm_adv_inst/CLKOUT0
Min Period        n/a     FDRE/C              n/a            1.000         6.667       5.667      SLICE_X63Y81     Delay_line/RED/q_reg/C
Min Period        n/a     FDRE/C              n/a            1.000         6.667       5.667      SLICE_X64Y80     Delay_line/metaThermo_reg[0]/C
Min Period        n/a     FDRE/C              n/a            1.000         6.667       5.667      SLICE_X64Y82     Delay_line/metaThermo_reg[10]/C
Min Period        n/a     FDRE/C              n/a            1.000         6.667       5.667      SLICE_X64Y82     Delay_line/metaThermo_reg[11]/C
Min Period        n/a     FDRE/C              n/a            1.000         6.667       5.667      SLICE_X64Y83     Delay_line/metaThermo_reg[12]/C
Min Period        n/a     FDRE/C              n/a            1.000         6.667       5.667      SLICE_X64Y83     Delay_line/metaThermo_reg[13]/C
Min Period        n/a     FDRE/C              n/a            1.000         6.667       5.667      SLICE_X64Y83     Delay_line/metaThermo_reg[14]/C
Min Period        n/a     FDRE/C              n/a            1.000         6.667       5.667      SLICE_X64Y83     Delay_line/metaThermo_reg[15]/C
Max Period        n/a     MMCME2_ADV/CLKOUT0  n/a            213.360       6.667       206.693    MMCME2_ADV_X0Y0  plla/inst/mmcm_adv_inst/CLKOUT0
Low Pulse Width   Slow    SRL16E/CLK          n/a            0.980         3.333       2.353      SLICE_X60Y81     encoder/Adder_tree/RECURSE.NEXT_LEVEL/RECURSE.NEXT_LEVEL/RECURSE.NEXT_LEVEL/valid_reg_srl4/CLK
Low Pulse Width   Fast    SRL16E/CLK          n/a            0.980         3.333       2.353      SLICE_X60Y89     encoder/Adder_tree/RECURSE.NEXT_LEVEL/RECURSE.NEXT_LEVEL/x_reg[10]_srl2/CLK
Low Pulse Width   Fast    SRL16E/CLK          n/a            0.980         3.333       2.353      SLICE_X60Y89     encoder/Adder_tree/RECURSE.NEXT_LEVEL/RECURSE.NEXT_LEVEL/x_reg[11]_srl2/CLK
Low Pulse Width   Fast    SRL16E/CLK          n/a            0.980         3.333       2.353      SLICE_X60Y89     encoder/Adder_tree/RECURSE.NEXT_LEVEL/RECURSE.NEXT_LEVEL/x_reg[12]_srl2/CLK
Low Pulse Width   Fast    SRL16E/CLK          n/a            0.980         3.333       2.353      SLICE_X60Y89     encoder/Adder_tree/RECURSE.NEXT_LEVEL/RECURSE.NEXT_LEVEL/x_reg[13]_srl2/CLK
Low Pulse Width   Fast    SRL16E/CLK          n/a            0.980         3.333       2.353      SLICE_X60Y81     encoder/Adder_tree/RECURSE.NEXT_LEVEL/RECURSE.NEXT_LEVEL/RECURSE.NEXT_LEVEL/valid_reg_srl4/CLK
Low Pulse Width   Slow    SRL16E/CLK          n/a            0.980         3.333       2.353      SLICE_X60Y89     encoder/Adder_tree/RECURSE.NEXT_LEVEL/RECURSE.NEXT_LEVEL/x_reg[10]_srl2/CLK
Low Pulse Width   Slow    SRL16E/CLK          n/a            0.980         3.333       2.353      SLICE_X60Y89     encoder/Adder_tree/RECURSE.NEXT_LEVEL/RECURSE.NEXT_LEVEL/x_reg[11]_srl2/CLK
Low Pulse Width   Slow    SRL16E/CLK          n/a            0.980         3.333       2.353      SLICE_X60Y89     encoder/Adder_tree/RECURSE.NEXT_LEVEL/RECURSE.NEXT_LEVEL/x_reg[12]_srl2/CLK
Low Pulse Width   Slow    SRL16E/CLK          n/a            0.980         3.333       2.353      SLICE_X60Y89     encoder/Adder_tree/RECURSE.NEXT_LEVEL/RECURSE.NEXT_LEVEL/x_reg[13]_srl2/CLK
High Pulse Width  Slow    SRL16E/CLK          n/a            0.980         3.333       2.353      SLICE_X60Y81     encoder/Adder_tree/RECURSE.NEXT_LEVEL/RECURSE.NEXT_LEVEL/RECURSE.NEXT_LEVEL/valid_reg_srl4/CLK
High Pulse Width  Fast    SRL16E/CLK          n/a            0.980         3.333       2.353      SLICE_X60Y81     encoder/Adder_tree/RECURSE.NEXT_LEVEL/RECURSE.NEXT_LEVEL/RECURSE.NEXT_LEVEL/valid_reg_srl4/CLK
High Pulse Width  Slow    SRL16E/CLK          n/a            0.980         3.333       2.353      SLICE_X60Y89     encoder/Adder_tree/RECURSE.NEXT_LEVEL/RECURSE.NEXT_LEVEL/x_reg[10]_srl2/CLK
High Pulse Width  Fast    SRL16E/CLK          n/a            0.980         3.333       2.353      SLICE_X60Y89     encoder/Adder_tree/RECURSE.NEXT_LEVEL/RECURSE.NEXT_LEVEL/x_reg[10]_srl2/CLK
High Pulse Width  Slow    SRL16E/CLK          n/a            0.980         3.333       2.353      SLICE_X60Y89     encoder/Adder_tree/RECURSE.NEXT_LEVEL/RECURSE.NEXT_LEVEL/x_reg[11]_srl2/CLK
High Pulse Width  Fast    SRL16E/CLK          n/a            0.980         3.333       2.353      SLICE_X60Y89     encoder/Adder_tree/RECURSE.NEXT_LEVEL/RECURSE.NEXT_LEVEL/x_reg[11]_srl2/CLK
High Pulse Width  Slow    SRL16E/CLK          n/a            0.980         3.333       2.353      SLICE_X60Y89     encoder/Adder_tree/RECURSE.NEXT_LEVEL/RECURSE.NEXT_LEVEL/x_reg[12]_srl2/CLK
High Pulse Width  Fast    SRL16E/CLK          n/a            0.980         3.333       2.353      SLICE_X60Y89     encoder/Adder_tree/RECURSE.NEXT_LEVEL/RECURSE.NEXT_LEVEL/x_reg[12]_srl2/CLK
High Pulse Width  Slow    SRL16E/CLK          n/a            0.980         3.333       2.353      SLICE_X60Y89     encoder/Adder_tree/RECURSE.NEXT_LEVEL/RECURSE.NEXT_LEVEL/x_reg[13]_srl2/CLK
High Pulse Width  Fast    SRL16E/CLK          n/a            0.980         3.333       2.353      SLICE_X60Y89     encoder/Adder_tree/RECURSE.NEXT_LEVEL/RECURSE.NEXT_LEVEL/x_reg[13]_srl2/CLK



---------------------------------------------------------------------------------------------------
From Clock:  clkfbout_PLL_A
  To Clock:  clkfbout_PLL_A

Setup :           NA  Failing Endpoints,  Worst Slack           NA  ,  Total Violation           NA
Hold  :           NA  Failing Endpoints,  Worst Slack           NA  ,  Total Violation           NA
PW    :            0  Failing Endpoints,  Worst Slack       16.667ns,  Total Violation        0.000ns
---------------------------------------------------------------------------------------------------


Pulse Width Checks
--------------------------------------------------------------------------------------
Clock Name:         clkfbout_PLL_A
Waveform(ns):       { 0.000 41.667 }
Period(ns):         83.333
Sources:            { plla/inst/mmcm_adv_inst/CLKFBOUT }

Check Type  Corner  Lib Pin              Reference Pin  Required(ns)  Actual(ns)  Slack(ns)  Location         Pin
Min Period  n/a     BUFG/I               n/a            2.155         83.333      81.178     BUFGCTRL_X0Y3    plla/inst/clkf_buf/I
Min Period  n/a     MMCME2_ADV/CLKFBOUT  n/a            1.249         83.333      82.084     MMCME2_ADV_X0Y0  plla/inst/mmcm_adv_inst/CLKFBOUT
Min Period  n/a     MMCME2_ADV/CLKFBIN   n/a            1.249         83.333      82.084     MMCME2_ADV_X0Y0  plla/inst/mmcm_adv_inst/CLKFBIN
Max Period  n/a     MMCME2_ADV/CLKFBIN   n/a            100.000       83.333      16.667     MMCME2_ADV_X0Y0  plla/inst/mmcm_adv_inst/CLKFBIN
Max Period  n/a     MMCME2_ADV/CLKFBOUT  n/a            213.360       83.333      130.027    MMCME2_ADV_X0Y0  plla/inst/mmcm_adv_inst/CLKFBOUT



---------------------------------------------------------------------------------------------------
From Clock:  pllb/inst/clk_in1
  To Clock:  pllb/inst/clk_in1

Setup :           NA  Failing Endpoints,  Worst Slack           NA  ,  Total Violation           NA
Hold  :           NA  Failing Endpoints,  Worst Slack           NA  ,  Total Violation           NA
PW    :            0  Failing Endpoints,  Worst Slack       16.667ns,  Total Violation        0.000ns
---------------------------------------------------------------------------------------------------


Pulse Width Checks
--------------------------------------------------------------------------------------
Clock Name:         pllb/inst/clk_in1
Waveform(ns):       { 0.000 41.667 }
Period(ns):         83.333
Sources:            { pllb/inst/clk_in1 }

Check Type        Corner  Lib Pin            Reference Pin  Required(ns)  Actual(ns)  Slack(ns)  Location         Pin
Min Period        n/a     MMCME2_ADV/CLKIN1  n/a            1.249         83.333      82.084     MMCME2_ADV_X1Y0  pllb/inst/mmcm_adv_inst/CLKIN1
Max Period        n/a     MMCME2_ADV/CLKIN1  n/a            100.000       83.333      16.667     MMCME2_ADV_X1Y0  pllb/inst/mmcm_adv_inst/CLKIN1
Low Pulse Width   Slow    MMCME2_ADV/CLKIN1  n/a            10.000        41.666      31.666     MMCME2_ADV_X1Y0  pllb/inst/mmcm_adv_inst/CLKIN1
Low Pulse Width   Fast    MMCME2_ADV/CLKIN1  n/a            10.000        41.667      31.667     MMCME2_ADV_X1Y0  pllb/inst/mmcm_adv_inst/CLKIN1
High Pulse Width  Slow    MMCME2_ADV/CLKIN1  n/a            10.000        41.666      31.666     MMCME2_ADV_X1Y0  pllb/inst/mmcm_adv_inst/CLKIN1
High Pulse Width  Fast    MMCME2_ADV/CLKIN1  n/a            10.000        41.666      31.666     MMCME2_ADV_X1Y0  pllb/inst/mmcm_adv_inst/CLKIN1



---------------------------------------------------------------------------------------------------
From Clock:  clk_out1_PLL_B
  To Clock:  clk_out1_PLL_B

Setup :            0  Failing Endpoints,  Worst Slack       93.490ns,  Total Violation        0.000ns
Hold  :            0  Failing Endpoints,  Worst Slack        0.280ns,  Total Violation        0.000ns
PW    :            0  Failing Endpoints,  Worst Slack       49.483ns,  Total Violation        0.000ns
---------------------------------------------------------------------------------------------------


Max Delay Paths
--------------------------------------------------------------------------------------
Slack (MET) :             93.490ns  (required time - arrival time)
  Source:                 counter_reg[19]/C
                            (rising edge-triggered cell FDRE clocked by clk_out1_PLL_B  {rise@0.000ns fall@49.983ns period=99.967ns})
  Destination:            counter_reg[29]/R
                            (rising edge-triggered cell FDRE clocked by clk_out1_PLL_B  {rise@0.000ns fall@49.983ns period=99.967ns})
  Path Group:             clk_out1_PLL_B
  Path Type:              Setup (Max at Slow Process Corner)
  Requirement:            99.967ns  (clk_out1_PLL_B rise@99.967ns - clk_out1_PLL_B rise@0.000ns)
  Data Path Delay:        5.680ns  (logic 0.828ns (14.577%)  route 4.852ns (85.423%))
  Logic Levels:           3  (LUT4=2 LUT6=1)
  Clock Path Skew:        -0.022ns (DCD - SCD + CPR)
    Destination Clock Delay (DCD):    1.505ns = ( 101.472 - 99.967 ) 
    Source Clock Delay      (SCD):    1.619ns
    Clock Pessimism Removal (CPR):    0.092ns
  Clock Uncertainty:      0.346ns  ((TSJ^2 + DJ^2)^1/2) / 2 + PE
    Total System Jitter     (TSJ):    0.071ns
    Discrete Jitter          (DJ):    0.688ns
    Phase Error              (PE):    0.000ns

    Location             Delay type                Incr(ns)  Path(ns)    Netlist Resource(s)
  -------------------------------------------------------------------    -------------------
                         (clock clk_out1_PLL_B rise edge)
                                                      0.000     0.000 r  
    BUFGCTRL_X0Y1        BUFG                         0.000     0.000 r  clk_IBUF_BUFG_inst/O
                         net (fo=45, routed)          1.575     1.575    pllb/inst/clk_in1
    MMCME2_ADV_X1Y0      MMCME2_ADV (Prop_mmcme2_adv_CLKIN1_CLKOUT0)
                                                     -3.333    -1.757 r  pllb/inst/mmcm_adv_inst/CLKOUT0
                         net (fo=1, routed)           1.661    -0.096    pllb/inst/clk_out1_PLL_B
    BUFGCTRL_X0Y2        BUFG (Prop_bufg_I_O)         0.096    -0.000 r  pllb/inst/clkout1_buf/O
                         net (fo=33, routed)          1.619     1.619    clk_10sblisga
    SLICE_X62Y84         FDRE                                         r  counter_reg[19]/C
  -------------------------------------------------------------------    -------------------
    SLICE_X62Y84         FDRE (Prop_fdre_C_Q)         0.456     2.075 r  counter_reg[19]/Q
                         net (fo=2, routed)           0.875     2.950    counter_reg_n_0_[19]
    SLICE_X63Y84         LUT4 (Prop_lut4_I0_O)        0.124     3.074 f  counter[0]_i_6/O
                         net (fo=1, routed)           1.162     4.236    counter[0]_i_6_n_0
    SLICE_X63Y86         LUT6 (Prop_lut6_I1_O)        0.124     4.360 f  counter[0]_i_2/O
                         net (fo=2, routed)           1.326     5.686    counter[0]_i_2_n_0
    SLICE_X60Y81         LUT4 (Prop_lut4_I0_O)        0.124     5.810 r  counter[31]_i_1/O
                         net (fo=32, routed)          1.489     7.299    counter[31]_i_1_n_0
    SLICE_X62Y87         FDRE                                         r  counter_reg[29]/R
  -------------------------------------------------------------------    -------------------

                         (clock clk_out1_PLL_B rise edge)
                                                     99.967    99.967 r  
    BUFGCTRL_X0Y1        BUFG                         0.000    99.967 r  clk_IBUF_BUFG_inst/O
                         net (fo=45, routed)          1.457   101.424    pllb/inst/clk_in1
    MMCME2_ADV_X1Y0      MMCME2_ADV (Prop_mmcme2_adv_CLKIN1_CLKOUT0)
                                                     -3.129    98.295 r  pllb/inst/mmcm_adv_inst/CLKOUT0
                         net (fo=1, routed)           1.581    99.876    pllb/inst/clk_out1_PLL_B
    BUFGCTRL_X0Y2        BUFG (Prop_bufg_I_O)         0.091    99.967 r  pllb/inst/clkout1_buf/O
                         net (fo=33, routed)          1.505   101.472    clk_10sblisga
    SLICE_X62Y87         FDRE                                         r  counter_reg[29]/C
                         clock pessimism              0.092   101.564    
                         clock uncertainty           -0.346   101.218    
    SLICE_X62Y87         FDRE (Setup_fdre_C_R)       -0.429   100.789    counter_reg[29]
  -------------------------------------------------------------------
                         required time                        100.789    
                         arrival time                          -7.299    
  -------------------------------------------------------------------
                         slack                                 93.490    

Slack (MET) :             93.490ns  (required time - arrival time)
  Source:                 counter_reg[19]/C
                            (rising edge-triggered cell FDRE clocked by clk_out1_PLL_B  {rise@0.000ns fall@49.983ns period=99.967ns})
  Destination:            counter_reg[30]/R
                            (rising edge-triggered cell FDRE clocked by clk_out1_PLL_B  {rise@0.000ns fall@49.983ns period=99.967ns})
  Path Group:             clk_out1_PLL_B
  Path Type:              Setup (Max at Slow Process Corner)
  Requirement:            99.967ns  (clk_out1_PLL_B rise@99.967ns - clk_out1_PLL_B rise@0.000ns)
  Data Path Delay:        5.680ns  (logic 0.828ns (14.577%)  route 4.852ns (85.423%))
  Logic Levels:           3  (LUT4=2 LUT6=1)
  Clock Path Skew:        -0.022ns (DCD - SCD + CPR)
    Destination Clock Delay (DCD):    1.505ns = ( 101.472 - 99.967 ) 
    Source Clock Delay      (SCD):    1.619ns
    Clock Pessimism Removal (CPR):    0.092ns
  Clock Uncertainty:      0.346ns  ((TSJ^2 + DJ^2)^1/2) / 2 + PE
    Total System Jitter     (TSJ):    0.071ns
    Discrete Jitter          (DJ):    0.688ns
    Phase Error              (PE):    0.000ns

    Location             Delay type                Incr(ns)  Path(ns)    Netlist Resource(s)
  -------------------------------------------------------------------    -------------------
                         (clock clk_out1_PLL_B rise edge)
                                                      0.000     0.000 r  
    BUFGCTRL_X0Y1        BUFG                         0.000     0.000 r  clk_IBUF_BUFG_inst/O
                         net (fo=45, routed)          1.575     1.575    pllb/inst/clk_in1
    MMCME2_ADV_X1Y0      MMCME2_ADV (Prop_mmcme2_adv_CLKIN1_CLKOUT0)
                                                     -3.333    -1.757 r  pllb/inst/mmcm_adv_inst/CLKOUT0
                         net (fo=1, routed)           1.661    -0.096    pllb/inst/clk_out1_PLL_B
    BUFGCTRL_X0Y2        BUFG (Prop_bufg_I_O)         0.096    -0.000 r  pllb/inst/clkout1_buf/O
                         net (fo=33, routed)          1.619     1.619    clk_10sblisga
    SLICE_X62Y84         FDRE                                         r  counter_reg[19]/C
  -------------------------------------------------------------------    -------------------
    SLICE_X62Y84         FDRE (Prop_fdre_C_Q)         0.456     2.075 r  counter_reg[19]/Q
                         net (fo=2, routed)           0.875     2.950    counter_reg_n_0_[19]
    SLICE_X63Y84         LUT4 (Prop_lut4_I0_O)        0.124     3.074 f  counter[0]_i_6/O
                         net (fo=1, routed)           1.162     4.236    counter[0]_i_6_n_0
    SLICE_X63Y86         LUT6 (Prop_lut6_I1_O)        0.124     4.360 f  counter[0]_i_2/O
                         net (fo=2, routed)           1.326     5.686    counter[0]_i_2_n_0
    SLICE_X60Y81         LUT4 (Prop_lut4_I0_O)        0.124     5.810 r  counter[31]_i_1/O
                         net (fo=32, routed)          1.489     7.299    counter[31]_i_1_n_0
    SLICE_X62Y87         FDRE                                         r  counter_reg[30]/R
  -------------------------------------------------------------------    -------------------

                         (clock clk_out1_PLL_B rise edge)
                                                     99.967    99.967 r  
    BUFGCTRL_X0Y1        BUFG                         0.000    99.967 r  clk_IBUF_BUFG_inst/O
                         net (fo=45, routed)          1.457   101.424    pllb/inst/clk_in1
    MMCME2_ADV_X1Y0      MMCME2_ADV (Prop_mmcme2_adv_CLKIN1_CLKOUT0)
                                                     -3.129    98.295 r  pllb/inst/mmcm_adv_inst/CLKOUT0
                         net (fo=1, routed)           1.581    99.876    pllb/inst/clk_out1_PLL_B
    BUFGCTRL_X0Y2        BUFG (Prop_bufg_I_O)         0.091    99.967 r  pllb/inst/clkout1_buf/O
                         net (fo=33, routed)          1.505   101.472    clk_10sblisga
    SLICE_X62Y87         FDRE                                         r  counter_reg[30]/C
                         clock pessimism              0.092   101.564    
                         clock uncertainty           -0.346   101.218    
    SLICE_X62Y87         FDRE (Setup_fdre_C_R)       -0.429   100.789    counter_reg[30]
  -------------------------------------------------------------------
                         required time                        100.789    
                         arrival time                          -7.299    
  -------------------------------------------------------------------
                         slack                                 93.490    

Slack (MET) :             93.490ns  (required time - arrival time)
  Source:                 counter_reg[19]/C
                            (rising edge-triggered cell FDRE clocked by clk_out1_PLL_B  {rise@0.000ns fall@49.983ns period=99.967ns})
  Destination:            counter_reg[31]/R
                            (rising edge-triggered cell FDRE clocked by clk_out1_PLL_B  {rise@0.000ns fall@49.983ns period=99.967ns})
  Path Group:             clk_out1_PLL_B
  Path Type:              Setup (Max at Slow Process Corner)
  Requirement:            99.967ns  (clk_out1_PLL_B rise@99.967ns - clk_out1_PLL_B rise@0.000ns)
  Data Path Delay:        5.680ns  (logic 0.828ns (14.577%)  route 4.852ns (85.423%))
  Logic Levels:           3  (LUT4=2 LUT6=1)
  Clock Path Skew:        -0.022ns (DCD - SCD + CPR)
    Destination Clock Delay (DCD):    1.505ns = ( 101.472 - 99.967 ) 
    Source Clock Delay      (SCD):    1.619ns
    Clock Pessimism Removal (CPR):    0.092ns
  Clock Uncertainty:      0.346ns  ((TSJ^2 + DJ^2)^1/2) / 2 + PE
    Total System Jitter     (TSJ):    0.071ns
    Discrete Jitter          (DJ):    0.688ns
    Phase Error              (PE):    0.000ns

    Location             Delay type                Incr(ns)  Path(ns)    Netlist Resource(s)
  -------------------------------------------------------------------    -------------------
                         (clock clk_out1_PLL_B rise edge)
                                                      0.000     0.000 r  
    BUFGCTRL_X0Y1        BUFG                         0.000     0.000 r  clk_IBUF_BUFG_inst/O
                         net (fo=45, routed)          1.575     1.575    pllb/inst/clk_in1
    MMCME2_ADV_X1Y0      MMCME2_ADV (Prop_mmcme2_adv_CLKIN1_CLKOUT0)
                                                     -3.333    -1.757 r  pllb/inst/mmcm_adv_inst/CLKOUT0
                         net (fo=1, routed)           1.661    -0.096    pllb/inst/clk_out1_PLL_B
    BUFGCTRL_X0Y2        BUFG (Prop_bufg_I_O)         0.096    -0.000 r  pllb/inst/clkout1_buf/O
                         net (fo=33, routed)          1.619     1.619    clk_10sblisga
    SLICE_X62Y84         FDRE                                         r  counter_reg[19]/C
  -------------------------------------------------------------------    -------------------
    SLICE_X62Y84         FDRE (Prop_fdre_C_Q)         0.456     2.075 r  counter_reg[19]/Q
                         net (fo=2, routed)           0.875     2.950    counter_reg_n_0_[19]
    SLICE_X63Y84         LUT4 (Prop_lut4_I0_O)        0.124     3.074 f  counter[0]_i_6/O
                         net (fo=1, routed)           1.162     4.236    counter[0]_i_6_n_0
    SLICE_X63Y86         LUT6 (Prop_lut6_I1_O)        0.124     4.360 f  counter[0]_i_2/O
                         net (fo=2, routed)           1.326     5.686    counter[0]_i_2_n_0
    SLICE_X60Y81         LUT4 (Prop_lut4_I0_O)        0.124     5.810 r  counter[31]_i_1/O
                         net (fo=32, routed)          1.489     7.299    counter[31]_i_1_n_0
    SLICE_X62Y87         FDRE                                         r  counter_reg[31]/R
  -------------------------------------------------------------------    -------------------

                         (clock clk_out1_PLL_B rise edge)
                                                     99.967    99.967 r  
    BUFGCTRL_X0Y1        BUFG                         0.000    99.967 r  clk_IBUF_BUFG_inst/O
                         net (fo=45, routed)          1.457   101.424    pllb/inst/clk_in1
    MMCME2_ADV_X1Y0      MMCME2_ADV (Prop_mmcme2_adv_CLKIN1_CLKOUT0)
                                                     -3.129    98.295 r  pllb/inst/mmcm_adv_inst/CLKOUT0
                         net (fo=1, routed)           1.581    99.876    pllb/inst/clk_out1_PLL_B
    BUFGCTRL_X0Y2        BUFG (Prop_bufg_I_O)         0.091    99.967 r  pllb/inst/clkout1_buf/O
                         net (fo=33, routed)          1.505   101.472    clk_10sblisga
    SLICE_X62Y87         FDRE                                         r  counter_reg[31]/C
                         clock pessimism              0.092   101.564    
                         clock uncertainty           -0.346   101.218    
    SLICE_X62Y87         FDRE (Setup_fdre_C_R)       -0.429   100.789    counter_reg[31]
  -------------------------------------------------------------------
                         required time                        100.789    
                         arrival time                          -7.299    
  -------------------------------------------------------------------
                         slack                                 93.490    

Slack (MET) :             93.627ns  (required time - arrival time)
  Source:                 counter_reg[19]/C
                            (rising edge-triggered cell FDRE clocked by clk_out1_PLL_B  {rise@0.000ns fall@49.983ns period=99.967ns})
  Destination:            counter_reg[25]/R
                            (rising edge-triggered cell FDRE clocked by clk_out1_PLL_B  {rise@0.000ns fall@49.983ns period=99.967ns})
  Path Group:             clk_out1_PLL_B
  Path Type:              Setup (Max at Slow Process Corner)
  Requirement:            99.967ns  (clk_out1_PLL_B rise@99.967ns - clk_out1_PLL_B rise@0.000ns)
  Data Path Delay:        5.542ns  (logic 0.828ns (14.941%)  route 4.714ns (85.059%))
  Logic Levels:           3  (LUT4=2 LUT6=1)
  Clock Path Skew:        -0.023ns (DCD - SCD + CPR)
    Destination Clock Delay (DCD):    1.504ns = ( 101.471 - 99.967 ) 
    Source Clock Delay      (SCD):    1.619ns
    Clock Pessimism Removal (CPR):    0.092ns
  Clock Uncertainty:      0.346ns  ((TSJ^2 + DJ^2)^1/2) / 2 + PE
    Total System Jitter     (TSJ):    0.071ns
    Discrete Jitter          (DJ):    0.688ns
    Phase Error              (PE):    0.000ns

    Location             Delay type                Incr(ns)  Path(ns)    Netlist Resource(s)
  -------------------------------------------------------------------    -------------------
                         (clock clk_out1_PLL_B rise edge)
                                                      0.000     0.000 r  
    BUFGCTRL_X0Y1        BUFG                         0.000     0.000 r  clk_IBUF_BUFG_inst/O
                         net (fo=45, routed)          1.575     1.575    pllb/inst/clk_in1
    MMCME2_ADV_X1Y0      MMCME2_ADV (Prop_mmcme2_adv_CLKIN1_CLKOUT0)
                                                     -3.333    -1.757 r  pllb/inst/mmcm_adv_inst/CLKOUT0
                         net (fo=1, routed)           1.661    -0.096    pllb/inst/clk_out1_PLL_B
    BUFGCTRL_X0Y2        BUFG (Prop_bufg_I_O)         0.096    -0.000 r  pllb/inst/clkout1_buf/O
                         net (fo=33, routed)          1.619     1.619    clk_10sblisga
    SLICE_X62Y84         FDRE                                         r  counter_reg[19]/C
  -------------------------------------------------------------------    -------------------
    SLICE_X62Y84         FDRE (Prop_fdre_C_Q)         0.456     2.075 r  counter_reg[19]/Q
                         net (fo=2, routed)           0.875     2.950    counter_reg_n_0_[19]
    SLICE_X63Y84         LUT4 (Prop_lut4_I0_O)        0.124     3.074 f  counter[0]_i_6/O
                         net (fo=1, routed)           1.162     4.236    counter[0]_i_6_n_0
    SLICE_X63Y86         LUT6 (Prop_lut6_I1_O)        0.124     4.360 f  counter[0]_i_2/O
                         net (fo=2, routed)           1.326     5.686    counter[0]_i_2_n_0
    SLICE_X60Y81         LUT4 (Prop_lut4_I0_O)        0.124     5.810 r  counter[31]_i_1/O
                         net (fo=32, routed)          1.351     7.161    counter[31]_i_1_n_0
    SLICE_X62Y86         FDRE                                         r  counter_reg[25]/R
  -------------------------------------------------------------------    -------------------

                         (clock clk_out1_PLL_B rise edge)
                                                     99.967    99.967 r  
    BUFGCTRL_X0Y1        BUFG                         0.000    99.967 r  clk_IBUF_BUFG_inst/O
                         net (fo=45, routed)          1.457   101.424    pllb/inst/clk_in1
    MMCME2_ADV_X1Y0      MMCME2_ADV (Prop_mmcme2_adv_CLKIN1_CLKOUT0)
                                                     -3.129    98.295 r  pllb/inst/mmcm_adv_inst/CLKOUT0
                         net (fo=1, routed)           1.581    99.876    pllb/inst/clk_out1_PLL_B
    BUFGCTRL_X0Y2        BUFG (Prop_bufg_I_O)         0.091    99.967 r  pllb/inst/clkout1_buf/O
                         net (fo=33, routed)          1.504   101.471    clk_10sblisga
    SLICE_X62Y86         FDRE                                         r  counter_reg[25]/C
                         clock pessimism              0.092   101.563    
                         clock uncertainty           -0.346   101.217    
    SLICE_X62Y86         FDRE (Setup_fdre_C_R)       -0.429   100.788    counter_reg[25]
  -------------------------------------------------------------------
                         required time                        100.788    
                         arrival time                          -7.161    
  -------------------------------------------------------------------
                         slack                                 93.627    

Slack (MET) :             93.627ns  (required time - arrival time)
  Source:                 counter_reg[19]/C
                            (rising edge-triggered cell FDRE clocked by clk_out1_PLL_B  {rise@0.000ns fall@49.983ns period=99.967ns})
  Destination:            counter_reg[26]/R
                            (rising edge-triggered cell FDRE clocked by clk_out1_PLL_B  {rise@0.000ns fall@49.983ns period=99.967ns})
  Path Group:             clk_out1_PLL_B
  Path Type:              Setup (Max at Slow Process Corner)
  Requirement:            99.967ns  (clk_out1_PLL_B rise@99.967ns - clk_out1_PLL_B rise@0.000ns)
  Data Path Delay:        5.542ns  (logic 0.828ns (14.941%)  route 4.714ns (85.059%))
  Logic Levels:           3  (LUT4=2 LUT6=1)
  Clock Path Skew:        -0.023ns (DCD - SCD + CPR)
    Destination Clock Delay (DCD):    1.504ns = ( 101.471 - 99.967 ) 
    Source Clock Delay      (SCD):    1.619ns
    Clock Pessimism Removal (CPR):    0.092ns
  Clock Uncertainty:      0.346ns  ((TSJ^2 + DJ^2)^1/2) / 2 + PE
    Total System Jitter     (TSJ):    0.071ns
    Discrete Jitter          (DJ):    0.688ns
    Phase Error              (PE):    0.000ns

    Location             Delay type                Incr(ns)  Path(ns)    Netlist Resource(s)
  -------------------------------------------------------------------    -------------------
                         (clock clk_out1_PLL_B rise edge)
                                                      0.000     0.000 r  
    BUFGCTRL_X0Y1        BUFG                         0.000     0.000 r  clk_IBUF_BUFG_inst/O
                         net (fo=45, routed)          1.575     1.575    pllb/inst/clk_in1
    MMCME2_ADV_X1Y0      MMCME2_ADV (Prop_mmcme2_adv_CLKIN1_CLKOUT0)
                                                     -3.333    -1.757 r  pllb/inst/mmcm_adv_inst/CLKOUT0
                         net (fo=1, routed)           1.661    -0.096    pllb/inst/clk_out1_PLL_B
    BUFGCTRL_X0Y2        BUFG (Prop_bufg_I_O)         0.096    -0.000 r  pllb/inst/clkout1_buf/O
                         net (fo=33, routed)          1.619     1.619    clk_10sblisga
    SLICE_X62Y84         FDRE                                         r  counter_reg[19]/C
  -------------------------------------------------------------------    -------------------
    SLICE_X62Y84         FDRE (Prop_fdre_C_Q)         0.456     2.075 r  counter_reg[19]/Q
                         net (fo=2, routed)           0.875     2.950    counter_reg_n_0_[19]
    SLICE_X63Y84         LUT4 (Prop_lut4_I0_O)        0.124     3.074 f  counter[0]_i_6/O
                         net (fo=1, routed)           1.162     4.236    counter[0]_i_6_n_0
    SLICE_X63Y86         LUT6 (Prop_lut6_I1_O)        0.124     4.360 f  counter[0]_i_2/O
                         net (fo=2, routed)           1.326     5.686    counter[0]_i_2_n_0
    SLICE_X60Y81         LUT4 (Prop_lut4_I0_O)        0.124     5.810 r  counter[31]_i_1/O
                         net (fo=32, routed)          1.351     7.161    counter[31]_i_1_n_0
    SLICE_X62Y86         FDRE                                         r  counter_reg[26]/R
  -------------------------------------------------------------------    -------------------

                         (clock clk_out1_PLL_B rise edge)
                                                     99.967    99.967 r  
    BUFGCTRL_X0Y1        BUFG                         0.000    99.967 r  clk_IBUF_BUFG_inst/O
                         net (fo=45, routed)          1.457   101.424    pllb/inst/clk_in1
    MMCME2_ADV_X1Y0      MMCME2_ADV (Prop_mmcme2_adv_CLKIN1_CLKOUT0)
                                                     -3.129    98.295 r  pllb/inst/mmcm_adv_inst/CLKOUT0
                         net (fo=1, routed)           1.581    99.876    pllb/inst/clk_out1_PLL_B
    BUFGCTRL_X0Y2        BUFG (Prop_bufg_I_O)         0.091    99.967 r  pllb/inst/clkout1_buf/O
                         net (fo=33, routed)          1.504   101.471    clk_10sblisga
    SLICE_X62Y86         FDRE                                         r  counter_reg[26]/C
                         clock pessimism              0.092   101.563    
                         clock uncertainty           -0.346   101.217    
    SLICE_X62Y86         FDRE (Setup_fdre_C_R)       -0.429   100.788    counter_reg[26]
  -------------------------------------------------------------------
                         required time                        100.788    
                         arrival time                          -7.161    
  -------------------------------------------------------------------
                         slack                                 93.627    

Slack (MET) :             93.627ns  (required time - arrival time)
  Source:                 counter_reg[19]/C
                            (rising edge-triggered cell FDRE clocked by clk_out1_PLL_B  {rise@0.000ns fall@49.983ns period=99.967ns})
  Destination:            counter_reg[27]/R
                            (rising edge-triggered cell FDRE clocked by clk_out1_PLL_B  {rise@0.000ns fall@49.983ns period=99.967ns})
  Path Group:             clk_out1_PLL_B
  Path Type:              Setup (Max at Slow Process Corner)
  Requirement:            99.967ns  (clk_out1_PLL_B rise@99.967ns - clk_out1_PLL_B rise@0.000ns)
  Data Path Delay:        5.542ns  (logic 0.828ns (14.941%)  route 4.714ns (85.059%))
  Logic Levels:           3  (LUT4=2 LUT6=1)
  Clock Path Skew:        -0.023ns (DCD - SCD + CPR)
    Destination Clock Delay (DCD):    1.504ns = ( 101.471 - 99.967 ) 
    Source Clock Delay      (SCD):    1.619ns
    Clock Pessimism Removal (CPR):    0.092ns
  Clock Uncertainty:      0.346ns  ((TSJ^2 + DJ^2)^1/2) / 2 + PE
    Total System Jitter     (TSJ):    0.071ns
    Discrete Jitter          (DJ):    0.688ns
    Phase Error              (PE):    0.000ns

    Location             Delay type                Incr(ns)  Path(ns)    Netlist Resource(s)
  -------------------------------------------------------------------    -------------------
                         (clock clk_out1_PLL_B rise edge)
                                                      0.000     0.000 r  
    BUFGCTRL_X0Y1        BUFG                         0.000     0.000 r  clk_IBUF_BUFG_inst/O
                         net (fo=45, routed)          1.575     1.575    pllb/inst/clk_in1
    MMCME2_ADV_X1Y0      MMCME2_ADV (Prop_mmcme2_adv_CLKIN1_CLKOUT0)
                                                     -3.333    -1.757 r  pllb/inst/mmcm_adv_inst/CLKOUT0
                         net (fo=1, routed)           1.661    -0.096    pllb/inst/clk_out1_PLL_B
    BUFGCTRL_X0Y2        BUFG (Prop_bufg_I_O)         0.096    -0.000 r  pllb/inst/clkout1_buf/O
                         net (fo=33, routed)          1.619     1.619    clk_10sblisga
    SLICE_X62Y84         FDRE                                         r  counter_reg[19]/C
  -------------------------------------------------------------------    -------------------
    SLICE_X62Y84         FDRE (Prop_fdre_C_Q)         0.456     2.075 r  counter_reg[19]/Q
                         net (fo=2, routed)           0.875     2.950    counter_reg_n_0_[19]
    SLICE_X63Y84         LUT4 (Prop_lut4_I0_O)        0.124     3.074 f  counter[0]_i_6/O
                         net (fo=1, routed)           1.162     4.236    counter[0]_i_6_n_0
    SLICE_X63Y86         LUT6 (Prop_lut6_I1_O)        0.124     4.360 f  counter[0]_i_2/O
                         net (fo=2, routed)           1.326     5.686    counter[0]_i_2_n_0
    SLICE_X60Y81         LUT4 (Prop_lut4_I0_O)        0.124     5.810 r  counter[31]_i_1/O
                         net (fo=32, routed)          1.351     7.161    counter[31]_i_1_n_0
    SLICE_X62Y86         FDRE                                         r  counter_reg[27]/R
  -------------------------------------------------------------------    -------------------

                         (clock clk_out1_PLL_B rise edge)
                                                     99.967    99.967 r  
    BUFGCTRL_X0Y1        BUFG                         0.000    99.967 r  clk_IBUF_BUFG_inst/O
                         net (fo=45, routed)          1.457   101.424    pllb/inst/clk_in1
    MMCME2_ADV_X1Y0      MMCME2_ADV (Prop_mmcme2_adv_CLKIN1_CLKOUT0)
                                                     -3.129    98.295 r  pllb/inst/mmcm_adv_inst/CLKOUT0
                         net (fo=1, routed)           1.581    99.876    pllb/inst/clk_out1_PLL_B
    BUFGCTRL_X0Y2        BUFG (Prop_bufg_I_O)         0.091    99.967 r  pllb/inst/clkout1_buf/O
                         net (fo=33, routed)          1.504   101.471    clk_10sblisga
    SLICE_X62Y86         FDRE                                         r  counter_reg[27]/C
                         clock pessimism              0.092   101.563    
                         clock uncertainty           -0.346   101.217    
    SLICE_X62Y86         FDRE (Setup_fdre_C_R)       -0.429   100.788    counter_reg[27]
  -------------------------------------------------------------------
                         required time                        100.788    
                         arrival time                          -7.161    
  -------------------------------------------------------------------
                         slack                                 93.627    

Slack (MET) :             93.627ns  (required time - arrival time)
  Source:                 counter_reg[19]/C
                            (rising edge-triggered cell FDRE clocked by clk_out1_PLL_B  {rise@0.000ns fall@49.983ns period=99.967ns})
  Destination:            counter_reg[28]/R
                            (rising edge-triggered cell FDRE clocked by clk_out1_PLL_B  {rise@0.000ns fall@49.983ns period=99.967ns})
  Path Group:             clk_out1_PLL_B
  Path Type:              Setup (Max at Slow Process Corner)
  Requirement:            99.967ns  (clk_out1_PLL_B rise@99.967ns - clk_out1_PLL_B rise@0.000ns)
  Data Path Delay:        5.542ns  (logic 0.828ns (14.941%)  route 4.714ns (85.059%))
  Logic Levels:           3  (LUT4=2 LUT6=1)
  Clock Path Skew:        -0.023ns (DCD - SCD + CPR)
    Destination Clock Delay (DCD):    1.504ns = ( 101.471 - 99.967 ) 
    Source Clock Delay      (SCD):    1.619ns
    Clock Pessimism Removal (CPR):    0.092ns
  Clock Uncertainty:      0.346ns  ((TSJ^2 + DJ^2)^1/2) / 2 + PE
    Total System Jitter     (TSJ):    0.071ns
    Discrete Jitter          (DJ):    0.688ns
    Phase Error              (PE):    0.000ns

    Location             Delay type                Incr(ns)  Path(ns)    Netlist Resource(s)
  -------------------------------------------------------------------    -------------------
                         (clock clk_out1_PLL_B rise edge)
                                                      0.000     0.000 r  
    BUFGCTRL_X0Y1        BUFG                         0.000     0.000 r  clk_IBUF_BUFG_inst/O
                         net (fo=45, routed)          1.575     1.575    pllb/inst/clk_in1
    MMCME2_ADV_X1Y0      MMCME2_ADV (Prop_mmcme2_adv_CLKIN1_CLKOUT0)
                                                     -3.333    -1.757 r  pllb/inst/mmcm_adv_inst/CLKOUT0
                         net (fo=1, routed)           1.661    -0.096    pllb/inst/clk_out1_PLL_B
    BUFGCTRL_X0Y2        BUFG (Prop_bufg_I_O)         0.096    -0.000 r  pllb/inst/clkout1_buf/O
                         net (fo=33, routed)          1.619     1.619    clk_10sblisga
    SLICE_X62Y84         FDRE                                         r  counter_reg[19]/C
  -------------------------------------------------------------------    -------------------
    SLICE_X62Y84         FDRE (Prop_fdre_C_Q)         0.456     2.075 r  counter_reg[19]/Q
                         net (fo=2, routed)           0.875     2.950    counter_reg_n_0_[19]
    SLICE_X63Y84         LUT4 (Prop_lut4_I0_O)        0.124     3.074 f  counter[0]_i_6/O
                         net (fo=1, routed)           1.162     4.236    counter[0]_i_6_n_0
    SLICE_X63Y86         LUT6 (Prop_lut6_I1_O)        0.124     4.360 f  counter[0]_i_2/O
                         net (fo=2, routed)           1.326     5.686    counter[0]_i_2_n_0
    SLICE_X60Y81         LUT4 (Prop_lut4_I0_O)        0.124     5.810 r  counter[31]_i_1/O
                         net (fo=32, routed)          1.351     7.161    counter[31]_i_1_n_0
    SLICE_X62Y86         FDRE                                         r  counter_reg[28]/R
  -------------------------------------------------------------------    -------------------

                         (clock clk_out1_PLL_B rise edge)
                                                     99.967    99.967 r  
    BUFGCTRL_X0Y1        BUFG                         0.000    99.967 r  clk_IBUF_BUFG_inst/O
                         net (fo=45, routed)          1.457   101.424    pllb/inst/clk_in1
    MMCME2_ADV_X1Y0      MMCME2_ADV (Prop_mmcme2_adv_CLKIN1_CLKOUT0)
                                                     -3.129    98.295 r  pllb/inst/mmcm_adv_inst/CLKOUT0
                         net (fo=1, routed)           1.581    99.876    pllb/inst/clk_out1_PLL_B
    BUFGCTRL_X0Y2        BUFG (Prop_bufg_I_O)         0.091    99.967 r  pllb/inst/clkout1_buf/O
                         net (fo=33, routed)          1.504   101.471    clk_10sblisga
    SLICE_X62Y86         FDRE                                         r  counter_reg[28]/C
                         clock pessimism              0.092   101.563    
                         clock uncertainty           -0.346   101.217    
    SLICE_X62Y86         FDRE (Setup_fdre_C_R)       -0.429   100.788    counter_reg[28]
  -------------------------------------------------------------------
                         required time                        100.788    
                         arrival time                          -7.161    
  -------------------------------------------------------------------
                         slack                                 93.627    

Slack (MET) :             93.776ns  (required time - arrival time)
  Source:                 counter_reg[19]/C
                            (rising edge-triggered cell FDRE clocked by clk_out1_PLL_B  {rise@0.000ns fall@49.983ns period=99.967ns})
  Destination:            counter_reg[21]/R
                            (rising edge-triggered cell FDRE clocked by clk_out1_PLL_B  {rise@0.000ns fall@49.983ns period=99.967ns})
  Path Group:             clk_out1_PLL_B
  Path Type:              Setup (Max at Slow Process Corner)
  Requirement:            99.967ns  (clk_out1_PLL_B rise@99.967ns - clk_out1_PLL_B rise@0.000ns)
  Data Path Delay:        5.394ns  (logic 0.828ns (15.352%)  route 4.566ns (84.648%))
  Logic Levels:           3  (LUT4=2 LUT6=1)
  Clock Path Skew:        -0.023ns (DCD - SCD + CPR)
    Destination Clock Delay (DCD):    1.504ns = ( 101.471 - 99.967 ) 
    Source Clock Delay      (SCD):    1.619ns
    Clock Pessimism Removal (CPR):    0.092ns
  Clock Uncertainty:      0.346ns  ((TSJ^2 + DJ^2)^1/2) / 2 + PE
    Total System Jitter     (TSJ):    0.071ns
    Discrete Jitter          (DJ):    0.688ns
    Phase Error              (PE):    0.000ns

    Location             Delay type                Incr(ns)  Path(ns)    Netlist Resource(s)
  -------------------------------------------------------------------    -------------------
                         (clock clk_out1_PLL_B rise edge)
                                                      0.000     0.000 r  
    BUFGCTRL_X0Y1        BUFG                         0.000     0.000 r  clk_IBUF_BUFG_inst/O
                         net (fo=45, routed)          1.575     1.575    pllb/inst/clk_in1
    MMCME2_ADV_X1Y0      MMCME2_ADV (Prop_mmcme2_adv_CLKIN1_CLKOUT0)
                                                     -3.333    -1.757 r  pllb/inst/mmcm_adv_inst/CLKOUT0
                         net (fo=1, routed)           1.661    -0.096    pllb/inst/clk_out1_PLL_B
    BUFGCTRL_X0Y2        BUFG (Prop_bufg_I_O)         0.096    -0.000 r  pllb/inst/clkout1_buf/O
                         net (fo=33, routed)          1.619     1.619    clk_10sblisga
    SLICE_X62Y84         FDRE                                         r  counter_reg[19]/C
  -------------------------------------------------------------------    -------------------
    SLICE_X62Y84         FDRE (Prop_fdre_C_Q)         0.456     2.075 r  counter_reg[19]/Q
                         net (fo=2, routed)           0.875     2.950    counter_reg_n_0_[19]
    SLICE_X63Y84         LUT4 (Prop_lut4_I0_O)        0.124     3.074 f  counter[0]_i_6/O
                         net (fo=1, routed)           1.162     4.236    counter[0]_i_6_n_0
    SLICE_X63Y86         LUT6 (Prop_lut6_I1_O)        0.124     4.360 f  counter[0]_i_2/O
                         net (fo=2, routed)           1.326     5.686    counter[0]_i_2_n_0
    SLICE_X60Y81         LUT4 (Prop_lut4_I0_O)        0.124     5.810 r  counter[31]_i_1/O
                         net (fo=32, routed)          1.203     7.013    counter[31]_i_1_n_0
    SLICE_X62Y85         FDRE                                         r  counter_reg[21]/R
  -------------------------------------------------------------------    -------------------

                         (clock clk_out1_PLL_B rise edge)
                                                     99.967    99.967 r  
    BUFGCTRL_X0Y1        BUFG                         0.000    99.967 r  clk_IBUF_BUFG_inst/O
                         net (fo=45, routed)          1.457   101.424    pllb/inst/clk_in1
    MMCME2_ADV_X1Y0      MMCME2_ADV (Prop_mmcme2_adv_CLKIN1_CLKOUT0)
                                                     -3.129    98.295 r  pllb/inst/mmcm_adv_inst/CLKOUT0
                         net (fo=1, routed)           1.581    99.876    pllb/inst/clk_out1_PLL_B
    BUFGCTRL_X0Y2        BUFG (Prop_bufg_I_O)         0.091    99.967 r  pllb/inst/clkout1_buf/O
                         net (fo=33, routed)          1.504   101.471    clk_10sblisga
    SLICE_X62Y85         FDRE                                         r  counter_reg[21]/C
                         clock pessimism              0.092   101.563    
                         clock uncertainty           -0.346   101.217    
    SLICE_X62Y85         FDRE (Setup_fdre_C_R)       -0.429   100.788    counter_reg[21]
  -------------------------------------------------------------------
                         required time                        100.788    
                         arrival time                          -7.013    
  -------------------------------------------------------------------
                         slack                                 93.776    

Slack (MET) :             93.776ns  (required time - arrival time)
  Source:                 counter_reg[19]/C
                            (rising edge-triggered cell FDRE clocked by clk_out1_PLL_B  {rise@0.000ns fall@49.983ns period=99.967ns})
  Destination:            counter_reg[22]/R
                            (rising edge-triggered cell FDRE clocked by clk_out1_PLL_B  {rise@0.000ns fall@49.983ns period=99.967ns})
  Path Group:             clk_out1_PLL_B
  Path Type:              Setup (Max at Slow Process Corner)
  Requirement:            99.967ns  (clk_out1_PLL_B rise@99.967ns - clk_out1_PLL_B rise@0.000ns)
  Data Path Delay:        5.394ns  (logic 0.828ns (15.352%)  route 4.566ns (84.648%))
  Logic Levels:           3  (LUT4=2 LUT6=1)
  Clock Path Skew:        -0.023ns (DCD - SCD + CPR)
    Destination Clock Delay (DCD):    1.504ns = ( 101.471 - 99.967 ) 
    Source Clock Delay      (SCD):    1.619ns
    Clock Pessimism Removal (CPR):    0.092ns
  Clock Uncertainty:      0.346ns  ((TSJ^2 + DJ^2)^1/2) / 2 + PE
    Total System Jitter     (TSJ):    0.071ns
    Discrete Jitter          (DJ):    0.688ns
    Phase Error              (PE):    0.000ns

    Location             Delay type                Incr(ns)  Path(ns)    Netlist Resource(s)
  -------------------------------------------------------------------    -------------------
                         (clock clk_out1_PLL_B rise edge)
                                                      0.000     0.000 r  
    BUFGCTRL_X0Y1        BUFG                         0.000     0.000 r  clk_IBUF_BUFG_inst/O
                         net (fo=45, routed)          1.575     1.575    pllb/inst/clk_in1
    MMCME2_ADV_X1Y0      MMCME2_ADV (Prop_mmcme2_adv_CLKIN1_CLKOUT0)
                                                     -3.333    -1.757 r  pllb/inst/mmcm_adv_inst/CLKOUT0
                         net (fo=1, routed)           1.661    -0.096    pllb/inst/clk_out1_PLL_B
    BUFGCTRL_X0Y2        BUFG (Prop_bufg_I_O)         0.096    -0.000 r  pllb/inst/clkout1_buf/O
                         net (fo=33, routed)          1.619     1.619    clk_10sblisga
    SLICE_X62Y84         FDRE                                         r  counter_reg[19]/C
  -------------------------------------------------------------------    -------------------
    SLICE_X62Y84         FDRE (Prop_fdre_C_Q)         0.456     2.075 r  counter_reg[19]/Q
                         net (fo=2, routed)           0.875     2.950    counter_reg_n_0_[19]
    SLICE_X63Y84         LUT4 (Prop_lut4_I0_O)        0.124     3.074 f  counter[0]_i_6/O
                         net (fo=1, routed)           1.162     4.236    counter[0]_i_6_n_0
    SLICE_X63Y86         LUT6 (Prop_lut6_I1_O)        0.124     4.360 f  counter[0]_i_2/O
                         net (fo=2, routed)           1.326     5.686    counter[0]_i_2_n_0
    SLICE_X60Y81         LUT4 (Prop_lut4_I0_O)        0.124     5.810 r  counter[31]_i_1/O
                         net (fo=32, routed)          1.203     7.013    counter[31]_i_1_n_0
    SLICE_X62Y85         FDRE                                         r  counter_reg[22]/R
  -------------------------------------------------------------------    -------------------

                         (clock clk_out1_PLL_B rise edge)
                                                     99.967    99.967 r  
    BUFGCTRL_X0Y1        BUFG                         0.000    99.967 r  clk_IBUF_BUFG_inst/O
                         net (fo=45, routed)          1.457   101.424    pllb/inst/clk_in1
    MMCME2_ADV_X1Y0      MMCME2_ADV (Prop_mmcme2_adv_CLKIN1_CLKOUT0)
                                                     -3.129    98.295 r  pllb/inst/mmcm_adv_inst/CLKOUT0
                         net (fo=1, routed)           1.581    99.876    pllb/inst/clk_out1_PLL_B
    BUFGCTRL_X0Y2        BUFG (Prop_bufg_I_O)         0.091    99.967 r  pllb/inst/clkout1_buf/O
                         net (fo=33, routed)          1.504   101.471    clk_10sblisga
    SLICE_X62Y85         FDRE                                         r  counter_reg[22]/C
                         clock pessimism              0.092   101.563    
                         clock uncertainty           -0.346   101.217    
    SLICE_X62Y85         FDRE (Setup_fdre_C_R)       -0.429   100.788    counter_reg[22]
  -------------------------------------------------------------------
                         required time                        100.788    
                         arrival time                          -7.013    
  -------------------------------------------------------------------
                         slack                                 93.776    

Slack (MET) :             93.776ns  (required time - arrival time)
  Source:                 counter_reg[19]/C
                            (rising edge-triggered cell FDRE clocked by clk_out1_PLL_B  {rise@0.000ns fall@49.983ns period=99.967ns})
  Destination:            counter_reg[23]/R
                            (rising edge-triggered cell FDRE clocked by clk_out1_PLL_B  {rise@0.000ns fall@49.983ns period=99.967ns})
  Path Group:             clk_out1_PLL_B
  Path Type:              Setup (Max at Slow Process Corner)
  Requirement:            99.967ns  (clk_out1_PLL_B rise@99.967ns - clk_out1_PLL_B rise@0.000ns)
  Data Path Delay:        5.394ns  (logic 0.828ns (15.352%)  route 4.566ns (84.648%))
  Logic Levels:           3  (LUT4=2 LUT6=1)
  Clock Path Skew:        -0.023ns (DCD - SCD + CPR)
    Destination Clock Delay (DCD):    1.504ns = ( 101.471 - 99.967 ) 
    Source Clock Delay      (SCD):    1.619ns
    Clock Pessimism Removal (CPR):    0.092ns
  Clock Uncertainty:      0.346ns  ((TSJ^2 + DJ^2)^1/2) / 2 + PE
    Total System Jitter     (TSJ):    0.071ns
    Discrete Jitter          (DJ):    0.688ns
    Phase Error              (PE):    0.000ns

    Location             Delay type                Incr(ns)  Path(ns)    Netlist Resource(s)
  -------------------------------------------------------------------    -------------------
                         (clock clk_out1_PLL_B rise edge)
                                                      0.000     0.000 r  
    BUFGCTRL_X0Y1        BUFG                         0.000     0.000 r  clk_IBUF_BUFG_inst/O
                         net (fo=45, routed)          1.575     1.575    pllb/inst/clk_in1
    MMCME2_ADV_X1Y0      MMCME2_ADV (Prop_mmcme2_adv_CLKIN1_CLKOUT0)
                                                     -3.333    -1.757 r  pllb/inst/mmcm_adv_inst/CLKOUT0
                         net (fo=1, routed)           1.661    -0.096    pllb/inst/clk_out1_PLL_B
    BUFGCTRL_X0Y2        BUFG (Prop_bufg_I_O)         0.096    -0.000 r  pllb/inst/clkout1_buf/O
                         net (fo=33, routed)          1.619     1.619    clk_10sblisga
    SLICE_X62Y84         FDRE                                         r  counter_reg[19]/C
  -------------------------------------------------------------------    -------------------
    SLICE_X62Y84         FDRE (Prop_fdre_C_Q)         0.456     2.075 r  counter_reg[19]/Q
                         net (fo=2, routed)           0.875     2.950    counter_reg_n_0_[19]
    SLICE_X63Y84         LUT4 (Prop_lut4_I0_O)        0.124     3.074 f  counter[0]_i_6/O
                         net (fo=1, routed)           1.162     4.236    counter[0]_i_6_n_0
    SLICE_X63Y86         LUT6 (Prop_lut6_I1_O)        0.124     4.360 f  counter[0]_i_2/O
                         net (fo=2, routed)           1.326     5.686    counter[0]_i_2_n_0
    SLICE_X60Y81         LUT4 (Prop_lut4_I0_O)        0.124     5.810 r  counter[31]_i_1/O
                         net (fo=32, routed)          1.203     7.013    counter[31]_i_1_n_0
    SLICE_X62Y85         FDRE                                         r  counter_reg[23]/R
  -------------------------------------------------------------------    -------------------

                         (clock clk_out1_PLL_B rise edge)
                                                     99.967    99.967 r  
    BUFGCTRL_X0Y1        BUFG                         0.000    99.967 r  clk_IBUF_BUFG_inst/O
                         net (fo=45, routed)          1.457   101.424    pllb/inst/clk_in1
    MMCME2_ADV_X1Y0      MMCME2_ADV (Prop_mmcme2_adv_CLKIN1_CLKOUT0)
                                                     -3.129    98.295 r  pllb/inst/mmcm_adv_inst/CLKOUT0
                         net (fo=1, routed)           1.581    99.876    pllb/inst/clk_out1_PLL_B
    BUFGCTRL_X0Y2        BUFG (Prop_bufg_I_O)         0.091    99.967 r  pllb/inst/clkout1_buf/O
                         net (fo=33, routed)          1.504   101.471    clk_10sblisga
    SLICE_X62Y85         FDRE                                         r  counter_reg[23]/C
                         clock pessimism              0.092   101.563    
                         clock uncertainty           -0.346   101.217    
    SLICE_X62Y85         FDRE (Setup_fdre_C_R)       -0.429   100.788    counter_reg[23]
  -------------------------------------------------------------------
                         required time                        100.788    
                         arrival time                          -7.013    
  -------------------------------------------------------------------
                         slack                                 93.776    





Min Delay Paths
--------------------------------------------------------------------------------------
Slack (MET) :             0.280ns  (arrival time - required time)
  Source:                 counter_reg[23]/C
                            (rising edge-triggered cell FDRE clocked by clk_out1_PLL_B  {rise@0.000ns fall@49.983ns period=99.967ns})
  Destination:            counter_reg[23]/D
                            (rising edge-triggered cell FDRE clocked by clk_out1_PLL_B  {rise@0.000ns fall@49.983ns period=99.967ns})
  Path Group:             clk_out1_PLL_B
  Path Type:              Hold (Min at Fast Process Corner)
  Requirement:            0.000ns  (clk_out1_PLL_B rise@0.000ns - clk_out1_PLL_B rise@0.000ns)
  Data Path Delay:        0.385ns  (logic 0.252ns (65.465%)  route 0.133ns (34.535%))
  Logic Levels:           1  (CARRY4=1)
  Clock Path Skew:        0.000ns (DCD - SCD - CPR)
    Destination Clock Delay (DCD):    0.859ns
    Source Clock Delay      (SCD):    0.589ns
    Clock Pessimism Removal (CPR):    0.270ns

    Location             Delay type                Incr(ns)  Path(ns)    Netlist Resource(s)
  -------------------------------------------------------------------    -------------------
                         (clock clk_out1_PLL_B rise edge)
                                                      0.000     0.000 r  
    BUFGCTRL_X0Y1        BUFG                         0.000     0.000 r  clk_IBUF_BUFG_inst/O
                         net (fo=45, routed)          0.549     0.549    pllb/inst/clk_in1
    MMCME2_ADV_X1Y0      MMCME2_ADV (Prop_mmcme2_adv_CLKIN1_CLKOUT0)
                                                     -1.061    -0.512 r  pllb/inst/mmcm_adv_inst/CLKOUT0
                         net (fo=1, routed)           0.486    -0.026    pllb/inst/clk_out1_PLL_B
    BUFGCTRL_X0Y2        BUFG (Prop_bufg_I_O)         0.026     0.000 r  pllb/inst/clkout1_buf/O
                         net (fo=33, routed)          0.589     0.589    clk_10sblisga
    SLICE_X62Y85         FDRE                                         r  counter_reg[23]/C
  -------------------------------------------------------------------    -------------------
    SLICE_X62Y85         FDRE (Prop_fdre_C_Q)         0.141     0.730 r  counter_reg[23]/Q
                         net (fo=2, routed)           0.133     0.863    counter_reg_n_0_[23]
    SLICE_X62Y85         CARRY4 (Prop_carry4_S[2]_O[2])
                                                      0.111     0.974 r  counter_reg[24]_i_1/O[2]
                         net (fo=1, routed)           0.000     0.974    counter_reg[24]_i_1_n_5
    SLICE_X62Y85         FDRE                                         r  counter_reg[23]/D
  -------------------------------------------------------------------    -------------------

                         (clock clk_out1_PLL_B rise edge)
                                                      0.000     0.000 r  
    BUFGCTRL_X0Y1        BUFG                         0.000     0.000 r  clk_IBUF_BUFG_inst/O
                         net (fo=45, routed)          0.817     0.817    pllb/inst/clk_in1
    MMCME2_ADV_X1Y0      MMCME2_ADV (Prop_mmcme2_adv_CLKIN1_CLKOUT0)
                                                     -1.375    -0.559 r  pllb/inst/mmcm_adv_inst/CLKOUT0
                         net (fo=1, routed)           0.530    -0.029    pllb/inst/clk_out1_PLL_B
    BUFGCTRL_X0Y2        BUFG (Prop_bufg_I_O)         0.029     0.000 r  pllb/inst/clkout1_buf/O
                         net (fo=33, routed)          0.858     0.858    clk_10sblisga
    SLICE_X62Y85         FDRE                                         r  counter_reg[23]/C
                         clock pessimism             -0.270     0.589    
    SLICE_X62Y85         FDRE (Hold_fdre_C_D)         0.105     0.694    counter_reg[23]
  -------------------------------------------------------------------
                         required time                         -0.694    
                         arrival time                           0.974    
  -------------------------------------------------------------------
                         slack                                  0.280    

Slack (MET) :             0.280ns  (arrival time - required time)
  Source:                 counter_reg[27]/C
                            (rising edge-triggered cell FDRE clocked by clk_out1_PLL_B  {rise@0.000ns fall@49.983ns period=99.967ns})
  Destination:            counter_reg[27]/D
                            (rising edge-triggered cell FDRE clocked by clk_out1_PLL_B  {rise@0.000ns fall@49.983ns period=99.967ns})
  Path Group:             clk_out1_PLL_B
  Path Type:              Hold (Min at Fast Process Corner)
  Requirement:            0.000ns  (clk_out1_PLL_B rise@0.000ns - clk_out1_PLL_B rise@0.000ns)
  Data Path Delay:        0.385ns  (logic 0.252ns (65.465%)  route 0.133ns (34.535%))
  Logic Levels:           1  (CARRY4=1)
  Clock Path Skew:        0.000ns (DCD - SCD - CPR)
    Destination Clock Delay (DCD):    0.859ns
    Source Clock Delay      (SCD):    0.589ns
    Clock Pessimism Removal (CPR):    0.270ns

    Location             Delay type                Incr(ns)  Path(ns)    Netlist Resource(s)
  -------------------------------------------------------------------    -------------------
                         (clock clk_out1_PLL_B rise edge)
                                                      0.000     0.000 r  
    BUFGCTRL_X0Y1        BUFG                         0.000     0.000 r  clk_IBUF_BUFG_inst/O
                         net (fo=45, routed)          0.549     0.549    pllb/inst/clk_in1
    MMCME2_ADV_X1Y0      MMCME2_ADV (Prop_mmcme2_adv_CLKIN1_CLKOUT0)
                                                     -1.061    -0.512 r  pllb/inst/mmcm_adv_inst/CLKOUT0
                         net (fo=1, routed)           0.486    -0.026    pllb/inst/clk_out1_PLL_B
    BUFGCTRL_X0Y2        BUFG (Prop_bufg_I_O)         0.026     0.000 r  pllb/inst/clkout1_buf/O
                         net (fo=33, routed)          0.589     0.589    clk_10sblisga
    SLICE_X62Y86         FDRE                                         r  counter_reg[27]/C
  -------------------------------------------------------------------    -------------------
    SLICE_X62Y86         FDRE (Prop_fdre_C_Q)         0.141     0.730 r  counter_reg[27]/Q
                         net (fo=2, routed)           0.133     0.863    counter_reg_n_0_[27]
    SLICE_X62Y86         CARRY4 (Prop_carry4_S[2]_O[2])
                                                      0.111     0.974 r  counter_reg[28]_i_1/O[2]
                         net (fo=1, routed)           0.000     0.974    counter_reg[28]_i_1_n_5
    SLICE_X62Y86         FDRE                                         r  counter_reg[27]/D
  -------------------------------------------------------------------    -------------------

                         (clock clk_out1_PLL_B rise edge)
                                                      0.000     0.000 r  
    BUFGCTRL_X0Y1        BUFG                         0.000     0.000 r  clk_IBUF_BUFG_inst/O
                         net (fo=45, routed)          0.817     0.817    pllb/inst/clk_in1
    MMCME2_ADV_X1Y0      MMCME2_ADV (Prop_mmcme2_adv_CLKIN1_CLKOUT0)
                                                     -1.375    -0.559 r  pllb/inst/mmcm_adv_inst/CLKOUT0
                         net (fo=1, routed)           0.530    -0.029    pllb/inst/clk_out1_PLL_B
    BUFGCTRL_X0Y2        BUFG (Prop_bufg_I_O)         0.029     0.000 r  pllb/inst/clkout1_buf/O
                         net (fo=33, routed)          0.858     0.858    clk_10sblisga
    SLICE_X62Y86         FDRE                                         r  counter_reg[27]/C
                         clock pessimism             -0.270     0.589    
    SLICE_X62Y86         FDRE (Hold_fdre_C_D)         0.105     0.694    counter_reg[27]
  -------------------------------------------------------------------
                         required time                         -0.694    
                         arrival time                           0.974    
  -------------------------------------------------------------------
                         slack                                  0.280    

Slack (MET) :             0.280ns  (arrival time - required time)
  Source:                 counter_reg[11]/C
                            (rising edge-triggered cell FDRE clocked by clk_out1_PLL_B  {rise@0.000ns fall@49.983ns period=99.967ns})
  Destination:            counter_reg[11]/D
                            (rising edge-triggered cell FDRE clocked by clk_out1_PLL_B  {rise@0.000ns fall@49.983ns period=99.967ns})
  Path Group:             clk_out1_PLL_B
  Path Type:              Hold (Min at Fast Process Corner)
  Requirement:            0.000ns  (clk_out1_PLL_B rise@0.000ns - clk_out1_PLL_B rise@0.000ns)
  Data Path Delay:        0.385ns  (logic 0.252ns (65.465%)  route 0.133ns (34.535%))
  Logic Levels:           1  (CARRY4=1)
  Clock Path Skew:        0.000ns (DCD - SCD - CPR)
    Destination Clock Delay (DCD):    0.855ns
    Source Clock Delay      (SCD):    0.587ns
    Clock Pessimism Removal (CPR):    0.269ns

    Location             Delay type                Incr(ns)  Path(ns)    Netlist Resource(s)
  -------------------------------------------------------------------    -------------------
                         (clock clk_out1_PLL_B rise edge)
                                                      0.000     0.000 r  
    BUFGCTRL_X0Y1        BUFG                         0.000     0.000 r  clk_IBUF_BUFG_inst/O
                         net (fo=45, routed)          0.549     0.549    pllb/inst/clk_in1
    MMCME2_ADV_X1Y0      MMCME2_ADV (Prop_mmcme2_adv_CLKIN1_CLKOUT0)
                                                     -1.061    -0.512 r  pllb/inst/mmcm_adv_inst/CLKOUT0
                         net (fo=1, routed)           0.486    -0.026    pllb/inst/clk_out1_PLL_B
    BUFGCTRL_X0Y2        BUFG (Prop_bufg_I_O)         0.026     0.000 r  pllb/inst/clkout1_buf/O
                         net (fo=33, routed)          0.587     0.587    clk_10sblisga
    SLICE_X62Y82         FDRE                                         r  counter_reg[11]/C
  -------------------------------------------------------------------    -------------------
    SLICE_X62Y82         FDRE (Prop_fdre_C_Q)         0.141     0.728 r  counter_reg[11]/Q
                         net (fo=2, routed)           0.133     0.861    counter_reg_n_0_[11]
    SLICE_X62Y82         CARRY4 (Prop_carry4_S[2]_O[2])
                                                      0.111     0.972 r  counter_reg[12]_i_1/O[2]
                         net (fo=1, routed)           0.000     0.972    counter_reg[12]_i_1_n_5
    SLICE_X62Y82         FDRE                                         r  counter_reg[11]/D
  -------------------------------------------------------------------    -------------------

                         (clock clk_out1_PLL_B rise edge)
                                                      0.000     0.000 r  
    BUFGCTRL_X0Y1        BUFG                         0.000     0.000 r  clk_IBUF_BUFG_inst/O
                         net (fo=45, routed)          0.817     0.817    pllb/inst/clk_in1
    MMCME2_ADV_X1Y0      MMCME2_ADV (Prop_mmcme2_adv_CLKIN1_CLKOUT0)
                                                     -1.375    -0.559 r  pllb/inst/mmcm_adv_inst/CLKOUT0
                         net (fo=1, routed)           0.530    -0.029    pllb/inst/clk_out1_PLL_B
    BUFGCTRL_X0Y2        BUFG (Prop_bufg_I_O)         0.029     0.000 r  pllb/inst/clkout1_buf/O
                         net (fo=33, routed)          0.855     0.855    clk_10sblisga
    SLICE_X62Y82         FDRE                                         r  counter_reg[11]/C
                         clock pessimism             -0.269     0.587    
    SLICE_X62Y82         FDRE (Hold_fdre_C_D)         0.105     0.692    counter_reg[11]
  -------------------------------------------------------------------
                         required time                         -0.692    
                         arrival time                           0.972    
  -------------------------------------------------------------------
                         slack                                  0.280    

Slack (MET) :             0.280ns  (arrival time - required time)
  Source:                 counter_reg[19]/C
                            (rising edge-triggered cell FDRE clocked by clk_out1_PLL_B  {rise@0.000ns fall@49.983ns period=99.967ns})
  Destination:            counter_reg[19]/D
                            (rising edge-triggered cell FDRE clocked by clk_out1_PLL_B  {rise@0.000ns fall@49.983ns period=99.967ns})
  Path Group:             clk_out1_PLL_B
  Path Type:              Hold (Min at Fast Process Corner)
  Requirement:            0.000ns  (clk_out1_PLL_B rise@0.000ns - clk_out1_PLL_B rise@0.000ns)
  Data Path Delay:        0.385ns  (logic 0.252ns (65.465%)  route 0.133ns (34.535%))
  Logic Levels:           1  (CARRY4=1)
  Clock Path Skew:        0.000ns (DCD - SCD - CPR)
    Destination Clock Delay (DCD):    0.857ns
    Source Clock Delay      (SCD):    0.589ns
    Clock Pessimism Removal (CPR):    0.269ns

    Location             Delay type                Incr(ns)  Path(ns)    Netlist Resource(s)
  -------------------------------------------------------------------    -------------------
                         (clock clk_out1_PLL_B rise edge)
                                                      0.000     0.000 r  
    BUFGCTRL_X0Y1        BUFG                         0.000     0.000 r  clk_IBUF_BUFG_inst/O
                         net (fo=45, routed)          0.549     0.549    pllb/inst/clk_in1
    MMCME2_ADV_X1Y0      MMCME2_ADV (Prop_mmcme2_adv_CLKIN1_CLKOUT0)
                                                     -1.061    -0.512 r  pllb/inst/mmcm_adv_inst/CLKOUT0
                         net (fo=1, routed)           0.486    -0.026    pllb/inst/clk_out1_PLL_B
    BUFGCTRL_X0Y2        BUFG (Prop_bufg_I_O)         0.026     0.000 r  pllb/inst/clkout1_buf/O
                         net (fo=33, routed)          0.589     0.589    clk_10sblisga
    SLICE_X62Y84         FDRE                                         r  counter_reg[19]/C
  -------------------------------------------------------------------    -------------------
    SLICE_X62Y84         FDRE (Prop_fdre_C_Q)         0.141     0.730 r  counter_reg[19]/Q
                         net (fo=2, routed)           0.133     0.863    counter_reg_n_0_[19]
    SLICE_X62Y84         CARRY4 (Prop_carry4_S[2]_O[2])
                                                      0.111     0.974 r  counter_reg[20]_i_1/O[2]
                         net (fo=1, routed)           0.000     0.974    counter_reg[20]_i_1_n_5
    SLICE_X62Y84         FDRE                                         r  counter_reg[19]/D
  -------------------------------------------------------------------    -------------------

                         (clock clk_out1_PLL_B rise edge)
                                                      0.000     0.000 r  
    BUFGCTRL_X0Y1        BUFG                         0.000     0.000 r  clk_IBUF_BUFG_inst/O
                         net (fo=45, routed)          0.817     0.817    pllb/inst/clk_in1
    MMCME2_ADV_X1Y0      MMCME2_ADV (Prop_mmcme2_adv_CLKIN1_CLKOUT0)
                                                     -1.375    -0.559 r  pllb/inst/mmcm_adv_inst/CLKOUT0
                         net (fo=1, routed)           0.530    -0.029    pllb/inst/clk_out1_PLL_B
    BUFGCTRL_X0Y2        BUFG (Prop_bufg_I_O)         0.029     0.000 r  pllb/inst/clkout1_buf/O
                         net (fo=33, routed)          0.857     0.857    clk_10sblisga
    SLICE_X62Y84         FDRE                                         r  counter_reg[19]/C
                         clock pessimism             -0.269     0.589    
    SLICE_X62Y84         FDRE (Hold_fdre_C_D)         0.105     0.694    counter_reg[19]
  -------------------------------------------------------------------
                         required time                         -0.694    
                         arrival time                           0.974    
  -------------------------------------------------------------------
                         slack                                  0.280    

Slack (MET) :             0.281ns  (arrival time - required time)
  Source:                 counter_reg[15]/C
                            (rising edge-triggered cell FDRE clocked by clk_out1_PLL_B  {rise@0.000ns fall@49.983ns period=99.967ns})
  Destination:            counter_reg[15]/D
                            (rising edge-triggered cell FDRE clocked by clk_out1_PLL_B  {rise@0.000ns fall@49.983ns period=99.967ns})
  Path Group:             clk_out1_PLL_B
  Path Type:              Hold (Min at Fast Process Corner)
  Requirement:            0.000ns  (clk_out1_PLL_B rise@0.000ns - clk_out1_PLL_B rise@0.000ns)
  Data Path Delay:        0.386ns  (logic 0.252ns (65.354%)  route 0.134ns (34.646%))
  Logic Levels:           1  (CARRY4=1)
  Clock Path Skew:        0.000ns (DCD - SCD - CPR)
    Destination Clock Delay (DCD):    0.857ns
    Source Clock Delay      (SCD):    0.588ns
    Clock Pessimism Removal (CPR):    0.269ns

    Location             Delay type                Incr(ns)  Path(ns)    Netlist Resource(s)
  -------------------------------------------------------------------    -------------------
                         (clock clk_out1_PLL_B rise edge)
                                                      0.000     0.000 r  
    BUFGCTRL_X0Y1        BUFG                         0.000     0.000 r  clk_IBUF_BUFG_inst/O
                         net (fo=45, routed)          0.549     0.549    pllb/inst/clk_in1
    MMCME2_ADV_X1Y0      MMCME2_ADV (Prop_mmcme2_adv_CLKIN1_CLKOUT0)
                                                     -1.061    -0.512 r  pllb/inst/mmcm_adv_inst/CLKOUT0
                         net (fo=1, routed)           0.486    -0.026    pllb/inst/clk_out1_PLL_B
    BUFGCTRL_X0Y2        BUFG (Prop_bufg_I_O)         0.026     0.000 r  pllb/inst/clkout1_buf/O
                         net (fo=33, routed)          0.588     0.588    clk_10sblisga
    SLICE_X62Y83         FDRE                                         r  counter_reg[15]/C
  -------------------------------------------------------------------    -------------------
    SLICE_X62Y83         FDRE (Prop_fdre_C_Q)         0.141     0.729 r  counter_reg[15]/Q
                         net (fo=2, routed)           0.134     0.862    counter_reg_n_0_[15]
    SLICE_X62Y83         CARRY4 (Prop_carry4_S[2]_O[2])
                                                      0.111     0.973 r  counter_reg[16]_i_1/O[2]
                         net (fo=1, routed)           0.000     0.973    counter_reg[16]_i_1_n_5
    SLICE_X62Y83         FDRE                                         r  counter_reg[15]/D
  -------------------------------------------------------------------    -------------------

                         (clock clk_out1_PLL_B rise edge)
                                                      0.000     0.000 r  
    BUFGCTRL_X0Y1        BUFG                         0.000     0.000 r  clk_IBUF_BUFG_inst/O
                         net (fo=45, routed)          0.817     0.817    pllb/inst/clk_in1
    MMCME2_ADV_X1Y0      MMCME2_ADV (Prop_mmcme2_adv_CLKIN1_CLKOUT0)
                                                     -1.375    -0.559 r  pllb/inst/mmcm_adv_inst/CLKOUT0
                         net (fo=1, routed)           0.530    -0.029    pllb/inst/clk_out1_PLL_B
    BUFGCTRL_X0Y2        BUFG (Prop_bufg_I_O)         0.029     0.000 r  pllb/inst/clkout1_buf/O
                         net (fo=33, routed)          0.856     0.856    clk_10sblisga
    SLICE_X62Y83         FDRE                                         r  counter_reg[15]/C
                         clock pessimism             -0.269     0.588    
    SLICE_X62Y83         FDRE (Hold_fdre_C_D)         0.105     0.693    counter_reg[15]
  -------------------------------------------------------------------
                         required time                         -0.693    
                         arrival time                           0.973    
  -------------------------------------------------------------------
                         slack                                  0.281    

Slack (MET) :             0.281ns  (arrival time - required time)
  Source:                 counter_reg[31]/C
                            (rising edge-triggered cell FDRE clocked by clk_out1_PLL_B  {rise@0.000ns fall@49.983ns period=99.967ns})
  Destination:            counter_reg[31]/D
                            (rising edge-triggered cell FDRE clocked by clk_out1_PLL_B  {rise@0.000ns fall@49.983ns period=99.967ns})
  Path Group:             clk_out1_PLL_B
  Path Type:              Hold (Min at Fast Process Corner)
  Requirement:            0.000ns  (clk_out1_PLL_B rise@0.000ns - clk_out1_PLL_B rise@0.000ns)
  Data Path Delay:        0.386ns  (logic 0.252ns (65.354%)  route 0.134ns (34.646%))
  Logic Levels:           1  (CARRY4=1)
  Clock Path Skew:        0.000ns (DCD - SCD - CPR)
    Destination Clock Delay (DCD):    0.859ns
    Source Clock Delay      (SCD):    0.590ns
    Clock Pessimism Removal (CPR):    0.270ns

    Location             Delay type                Incr(ns)  Path(ns)    Netlist Resource(s)
  -------------------------------------------------------------------    -------------------
                         (clock clk_out1_PLL_B rise edge)
                                                      0.000     0.000 r  
    BUFGCTRL_X0Y1        BUFG                         0.000     0.000 r  clk_IBUF_BUFG_inst/O
                         net (fo=45, routed)          0.549     0.549    pllb/inst/clk_in1
    MMCME2_ADV_X1Y0      MMCME2_ADV (Prop_mmcme2_adv_CLKIN1_CLKOUT0)
                                                     -1.061    -0.512 r  pllb/inst/mmcm_adv_inst/CLKOUT0
                         net (fo=1, routed)           0.486    -0.026    pllb/inst/clk_out1_PLL_B
    BUFGCTRL_X0Y2        BUFG (Prop_bufg_I_O)         0.026     0.000 r  pllb/inst/clkout1_buf/O
                         net (fo=33, routed)          0.590     0.590    clk_10sblisga
    SLICE_X62Y87         FDRE                                         r  counter_reg[31]/C
  -------------------------------------------------------------------    -------------------
    SLICE_X62Y87         FDRE (Prop_fdre_C_Q)         0.141     0.731 r  counter_reg[31]/Q
                         net (fo=2, routed)           0.134     0.864    counter_reg_n_0_[31]
    SLICE_X62Y87         CARRY4 (Prop_carry4_S[2]_O[2])
                                                      0.111     0.975 r  counter_reg[31]_i_2/O[2]
                         net (fo=1, routed)           0.000     0.975    counter_reg[31]_i_2_n_5
    SLICE_X62Y87         FDRE                                         r  counter_reg[31]/D
  -------------------------------------------------------------------    -------------------

                         (clock clk_out1_PLL_B rise edge)
                                                      0.000     0.000 r  
    BUFGCTRL_X0Y1        BUFG                         0.000     0.000 r  clk_IBUF_BUFG_inst/O
                         net (fo=45, routed)          0.817     0.817    pllb/inst/clk_in1
    MMCME2_ADV_X1Y0      MMCME2_ADV (Prop_mmcme2_adv_CLKIN1_CLKOUT0)
                                                     -1.375    -0.559 r  pllb/inst/mmcm_adv_inst/CLKOUT0
                         net (fo=1, routed)           0.530    -0.029    pllb/inst/clk_out1_PLL_B
    BUFGCTRL_X0Y2        BUFG (Prop_bufg_I_O)         0.029     0.000 r  pllb/inst/clkout1_buf/O
                         net (fo=33, routed)          0.859     0.859    clk_10sblisga
    SLICE_X62Y87         FDRE                                         r  counter_reg[31]/C
                         clock pessimism             -0.270     0.590    
    SLICE_X62Y87         FDRE (Hold_fdre_C_D)         0.105     0.695    counter_reg[31]
  -------------------------------------------------------------------
                         required time                         -0.695    
                         arrival time                           0.975    
  -------------------------------------------------------------------
                         slack                                  0.281    

Slack (MET) :             0.281ns  (arrival time - required time)
  Source:                 counter_reg[7]/C
                            (rising edge-triggered cell FDRE clocked by clk_out1_PLL_B  {rise@0.000ns fall@49.983ns period=99.967ns})
  Destination:            counter_reg[7]/D
                            (rising edge-triggered cell FDRE clocked by clk_out1_PLL_B  {rise@0.000ns fall@49.983ns period=99.967ns})
  Path Group:             clk_out1_PLL_B
  Path Type:              Hold (Min at Fast Process Corner)
  Requirement:            0.000ns  (clk_out1_PLL_B rise@0.000ns - clk_out1_PLL_B rise@0.000ns)
  Data Path Delay:        0.386ns  (logic 0.252ns (65.354%)  route 0.134ns (34.646%))
  Logic Levels:           1  (CARRY4=1)
  Clock Path Skew:        0.000ns (DCD - SCD - CPR)
    Destination Clock Delay (DCD):    0.854ns
    Source Clock Delay      (SCD):    0.586ns
    Clock Pessimism Removal (CPR):    0.269ns

    Location             Delay type                Incr(ns)  Path(ns)    Netlist Resource(s)
  -------------------------------------------------------------------    -------------------
                         (clock clk_out1_PLL_B rise edge)
                                                      0.000     0.000 r  
    BUFGCTRL_X0Y1        BUFG                         0.000     0.000 r  clk_IBUF_BUFG_inst/O
                         net (fo=45, routed)          0.549     0.549    pllb/inst/clk_in1
    MMCME2_ADV_X1Y0      MMCME2_ADV (Prop_mmcme2_adv_CLKIN1_CLKOUT0)
                                                     -1.061    -0.512 r  pllb/inst/mmcm_adv_inst/CLKOUT0
                         net (fo=1, routed)           0.486    -0.026    pllb/inst/clk_out1_PLL_B
    BUFGCTRL_X0Y2        BUFG (Prop_bufg_I_O)         0.026     0.000 r  pllb/inst/clkout1_buf/O
                         net (fo=33, routed)          0.586     0.586    clk_10sblisga
    SLICE_X62Y81         FDRE                                         r  counter_reg[7]/C
  -------------------------------------------------------------------    -------------------
    SLICE_X62Y81         FDRE (Prop_fdre_C_Q)         0.141     0.727 r  counter_reg[7]/Q
                         net (fo=2, routed)           0.134     0.860    counter_reg_n_0_[7]
    SLICE_X62Y81         CARRY4 (Prop_carry4_S[2]_O[2])
                                                      0.111     0.971 r  counter_reg[8]_i_1/O[2]
                         net (fo=1, routed)           0.000     0.971    counter_reg[8]_i_1_n_5
    SLICE_X62Y81         FDRE                                         r  counter_reg[7]/D
  -------------------------------------------------------------------    -------------------

                         (clock clk_out1_PLL_B rise edge)
                                                      0.000     0.000 r  
    BUFGCTRL_X0Y1        BUFG                         0.000     0.000 r  clk_IBUF_BUFG_inst/O
                         net (fo=45, routed)          0.817     0.817    pllb/inst/clk_in1
    MMCME2_ADV_X1Y0      MMCME2_ADV (Prop_mmcme2_adv_CLKIN1_CLKOUT0)
                                                     -1.375    -0.559 r  pllb/inst/mmcm_adv_inst/CLKOUT0
                         net (fo=1, routed)           0.530    -0.029    pllb/inst/clk_out1_PLL_B
    BUFGCTRL_X0Y2        BUFG (Prop_bufg_I_O)         0.029     0.000 r  pllb/inst/clkout1_buf/O
                         net (fo=33, routed)          0.854     0.854    clk_10sblisga
    SLICE_X62Y81         FDRE                                         r  counter_reg[7]/C
                         clock pessimism             -0.269     0.586    
    SLICE_X62Y81         FDRE (Hold_fdre_C_D)         0.105     0.691    counter_reg[7]
  -------------------------------------------------------------------
                         required time                         -0.691    
                         arrival time                           0.971    
  -------------------------------------------------------------------
                         slack                                  0.281    

Slack (MET) :             0.313ns  (arrival time - required time)
  Source:                 counter_reg[23]/C
                            (rising edge-triggered cell FDRE clocked by clk_out1_PLL_B  {rise@0.000ns fall@49.983ns period=99.967ns})
  Destination:            counter_reg[24]/D
                            (rising edge-triggered cell FDRE clocked by clk_out1_PLL_B  {rise@0.000ns fall@49.983ns period=99.967ns})
  Path Group:             clk_out1_PLL_B
  Path Type:              Hold (Min at Fast Process Corner)
  Requirement:            0.000ns  (clk_out1_PLL_B rise@0.000ns - clk_out1_PLL_B rise@0.000ns)
  Data Path Delay:        0.418ns  (logic 0.285ns (68.192%)  route 0.133ns (31.808%))
  Logic Levels:           1  (CARRY4=1)
  Clock Path Skew:        0.000ns (DCD - SCD - CPR)
    Destination Clock Delay (DCD):    0.859ns
    Source Clock Delay      (SCD):    0.589ns
    Clock Pessimism Removal (CPR):    0.270ns

    Location             Delay type                Incr(ns)  Path(ns)    Netlist Resource(s)
  -------------------------------------------------------------------    -------------------
                         (clock clk_out1_PLL_B rise edge)
                                                      0.000     0.000 r  
    BUFGCTRL_X0Y1        BUFG                         0.000     0.000 r  clk_IBUF_BUFG_inst/O
                         net (fo=45, routed)          0.549     0.549    pllb/inst/clk_in1
    MMCME2_ADV_X1Y0      MMCME2_ADV (Prop_mmcme2_adv_CLKIN1_CLKOUT0)
                                                     -1.061    -0.512 r  pllb/inst/mmcm_adv_inst/CLKOUT0
                         net (fo=1, routed)           0.486    -0.026    pllb/inst/clk_out1_PLL_B
    BUFGCTRL_X0Y2        BUFG (Prop_bufg_I_O)         0.026     0.000 r  pllb/inst/clkout1_buf/O
                         net (fo=33, routed)          0.589     0.589    clk_10sblisga
    SLICE_X62Y85         FDRE                                         r  counter_reg[23]/C
  -------------------------------------------------------------------    -------------------
    SLICE_X62Y85         FDRE (Prop_fdre_C_Q)         0.141     0.730 r  counter_reg[23]/Q
                         net (fo=2, routed)           0.133     0.863    counter_reg_n_0_[23]
    SLICE_X62Y85         CARRY4 (Prop_carry4_S[2]_O[3])
                                                      0.144     1.007 r  counter_reg[24]_i_1/O[3]
                         net (fo=1, routed)           0.000     1.007    counter_reg[24]_i_1_n_4
    SLICE_X62Y85         FDRE                                         r  counter_reg[24]/D
  -------------------------------------------------------------------    -------------------

                         (clock clk_out1_PLL_B rise edge)
                                                      0.000     0.000 r  
    BUFGCTRL_X0Y1        BUFG                         0.000     0.000 r  clk_IBUF_BUFG_inst/O
                         net (fo=45, routed)          0.817     0.817    pllb/inst/clk_in1
    MMCME2_ADV_X1Y0      MMCME2_ADV (Prop_mmcme2_adv_CLKIN1_CLKOUT0)
                                                     -1.375    -0.559 r  pllb/inst/mmcm_adv_inst/CLKOUT0
                         net (fo=1, routed)           0.530    -0.029    pllb/inst/clk_out1_PLL_B
    BUFGCTRL_X0Y2        BUFG (Prop_bufg_I_O)         0.029     0.000 r  pllb/inst/clkout1_buf/O
                         net (fo=33, routed)          0.858     0.858    clk_10sblisga
    SLICE_X62Y85         FDRE                                         r  counter_reg[24]/C
                         clock pessimism             -0.270     0.589    
    SLICE_X62Y85         FDRE (Hold_fdre_C_D)         0.105     0.694    counter_reg[24]
  -------------------------------------------------------------------
                         required time                         -0.694    
                         arrival time                           1.007    
  -------------------------------------------------------------------
                         slack                                  0.313    

Slack (MET) :             0.313ns  (arrival time - required time)
  Source:                 counter_reg[27]/C
                            (rising edge-triggered cell FDRE clocked by clk_out1_PLL_B  {rise@0.000ns fall@49.983ns period=99.967ns})
  Destination:            counter_reg[28]/D
                            (rising edge-triggered cell FDRE clocked by clk_out1_PLL_B  {rise@0.000ns fall@49.983ns period=99.967ns})
  Path Group:             clk_out1_PLL_B
  Path Type:              Hold (Min at Fast Process Corner)
  Requirement:            0.000ns  (clk_out1_PLL_B rise@0.000ns - clk_out1_PLL_B rise@0.000ns)
  Data Path Delay:        0.418ns  (logic 0.285ns (68.192%)  route 0.133ns (31.808%))
  Logic Levels:           1  (CARRY4=1)
  Clock Path Skew:        0.000ns (DCD - SCD - CPR)
    Destination Clock Delay (DCD):    0.859ns
    Source Clock Delay      (SCD):    0.589ns
    Clock Pessimism Removal (CPR):    0.270ns

    Location             Delay type                Incr(ns)  Path(ns)    Netlist Resource(s)
  -------------------------------------------------------------------    -------------------
                         (clock clk_out1_PLL_B rise edge)
                                                      0.000     0.000 r  
    BUFGCTRL_X0Y1        BUFG                         0.000     0.000 r  clk_IBUF_BUFG_inst/O
                         net (fo=45, routed)          0.549     0.549    pllb/inst/clk_in1
    MMCME2_ADV_X1Y0      MMCME2_ADV (Prop_mmcme2_adv_CLKIN1_CLKOUT0)
                                                     -1.061    -0.512 r  pllb/inst/mmcm_adv_inst/CLKOUT0
                         net (fo=1, routed)           0.486    -0.026    pllb/inst/clk_out1_PLL_B
    BUFGCTRL_X0Y2        BUFG (Prop_bufg_I_O)         0.026     0.000 r  pllb/inst/clkout1_buf/O
                         net (fo=33, routed)          0.589     0.589    clk_10sblisga
    SLICE_X62Y86         FDRE                                         r  counter_reg[27]/C
  -------------------------------------------------------------------    -------------------
    SLICE_X62Y86         FDRE (Prop_fdre_C_Q)         0.141     0.730 r  counter_reg[27]/Q
                         net (fo=2, routed)           0.133     0.863    counter_reg_n_0_[27]
    SLICE_X62Y86         CARRY4 (Prop_carry4_S[2]_O[3])
                                                      0.144     1.007 r  counter_reg[28]_i_1/O[3]
                         net (fo=1, routed)           0.000     1.007    counter_reg[28]_i_1_n_4
    SLICE_X62Y86         FDRE                                         r  counter_reg[28]/D
  -------------------------------------------------------------------    -------------------

                         (clock clk_out1_PLL_B rise edge)
                                                      0.000     0.000 r  
    BUFGCTRL_X0Y1        BUFG                         0.000     0.000 r  clk_IBUF_BUFG_inst/O
                         net (fo=45, routed)          0.817     0.817    pllb/inst/clk_in1
    MMCME2_ADV_X1Y0      MMCME2_ADV (Prop_mmcme2_adv_CLKIN1_CLKOUT0)
                                                     -1.375    -0.559 r  pllb/inst/mmcm_adv_inst/CLKOUT0
                         net (fo=1, routed)           0.530    -0.029    pllb/inst/clk_out1_PLL_B
    BUFGCTRL_X0Y2        BUFG (Prop_bufg_I_O)         0.029     0.000 r  pllb/inst/clkout1_buf/O
                         net (fo=33, routed)          0.858     0.858    clk_10sblisga
    SLICE_X62Y86         FDRE                                         r  counter_reg[28]/C
                         clock pessimism             -0.270     0.589    
    SLICE_X62Y86         FDRE (Hold_fdre_C_D)         0.105     0.694    counter_reg[28]
  -------------------------------------------------------------------
                         required time                         -0.694    
                         arrival time                           1.007    
  -------------------------------------------------------------------
                         slack                                  0.313    

Slack (MET) :             0.313ns  (arrival time - required time)
  Source:                 counter_reg[11]/C
                            (rising edge-triggered cell FDRE clocked by clk_out1_PLL_B  {rise@0.000ns fall@49.983ns period=99.967ns})
  Destination:            counter_reg[12]/D
                            (rising edge-triggered cell FDRE clocked by clk_out1_PLL_B  {rise@0.000ns fall@49.983ns period=99.967ns})
  Path Group:             clk_out1_PLL_B
  Path Type:              Hold (Min at Fast Process Corner)
  Requirement:            0.000ns  (clk_out1_PLL_B rise@0.000ns - clk_out1_PLL_B rise@0.000ns)
  Data Path Delay:        0.418ns  (logic 0.285ns (68.192%)  route 0.133ns (31.808%))
  Logic Levels:           1  (CARRY4=1)
  Clock Path Skew:        0.000ns (DCD - SCD - CPR)
    Destination Clock Delay (DCD):    0.855ns
    Source Clock Delay      (SCD):    0.587ns
    Clock Pessimism Removal (CPR):    0.269ns

    Location             Delay type                Incr(ns)  Path(ns)    Netlist Resource(s)
  -------------------------------------------------------------------    -------------------
                         (clock clk_out1_PLL_B rise edge)
                                                      0.000     0.000 r  
    BUFGCTRL_X0Y1        BUFG                         0.000     0.000 r  clk_IBUF_BUFG_inst/O
                         net (fo=45, routed)          0.549     0.549    pllb/inst/clk_in1
    MMCME2_ADV_X1Y0      MMCME2_ADV (Prop_mmcme2_adv_CLKIN1_CLKOUT0)
                                                     -1.061    -0.512 r  pllb/inst/mmcm_adv_inst/CLKOUT0
                         net (fo=1, routed)           0.486    -0.026    pllb/inst/clk_out1_PLL_B
    BUFGCTRL_X0Y2        BUFG (Prop_bufg_I_O)         0.026     0.000 r  pllb/inst/clkout1_buf/O
                         net (fo=33, routed)          0.587     0.587    clk_10sblisga
    SLICE_X62Y82         FDRE                                         r  counter_reg[11]/C
  -------------------------------------------------------------------    -------------------
    SLICE_X62Y82         FDRE (Prop_fdre_C_Q)         0.141     0.728 r  counter_reg[11]/Q
                         net (fo=2, routed)           0.133     0.861    counter_reg_n_0_[11]
    SLICE_X62Y82         CARRY4 (Prop_carry4_S[2]_O[3])
                                                      0.144     1.005 r  counter_reg[12]_i_1/O[3]
                         net (fo=1, routed)           0.000     1.005    counter_reg[12]_i_1_n_4
    SLICE_X62Y82         FDRE                                         r  counter_reg[12]/D
  -------------------------------------------------------------------    -------------------

                         (clock clk_out1_PLL_B rise edge)
                                                      0.000     0.000 r  
    BUFGCTRL_X0Y1        BUFG                         0.000     0.000 r  clk_IBUF_BUFG_inst/O
                         net (fo=45, routed)          0.817     0.817    pllb/inst/clk_in1
    MMCME2_ADV_X1Y0      MMCME2_ADV (Prop_mmcme2_adv_CLKIN1_CLKOUT0)
                                                     -1.375    -0.559 r  pllb/inst/mmcm_adv_inst/CLKOUT0
                         net (fo=1, routed)           0.530    -0.029    pllb/inst/clk_out1_PLL_B
    BUFGCTRL_X0Y2        BUFG (Prop_bufg_I_O)         0.029     0.000 r  pllb/inst/clkout1_buf/O
                         net (fo=33, routed)          0.855     0.855    clk_10sblisga
    SLICE_X62Y82         FDRE                                         r  counter_reg[12]/C
                         clock pessimism             -0.269     0.587    
    SLICE_X62Y82         FDRE (Hold_fdre_C_D)         0.105     0.692    counter_reg[12]
  -------------------------------------------------------------------
                         required time                         -0.692    
                         arrival time                           1.005    
  -------------------------------------------------------------------
                         slack                                  0.313    





Pulse Width Checks
--------------------------------------------------------------------------------------
Clock Name:         clk_out1_PLL_B
Waveform(ns):       { 0.000 49.983 }
Period(ns):         99.967
Sources:            { pllb/inst/mmcm_adv_inst/CLKOUT0 }

Check Type        Corner  Lib Pin             Reference Pin  Required(ns)  Actual(ns)  Slack(ns)  Location         Pin
Min Period        n/a     BUFG/I              n/a            2.155         99.967      97.812     BUFGCTRL_X0Y2    pllb/inst/clkout1_buf/I
Min Period        n/a     MMCME2_ADV/CLKOUT0  n/a            1.249         99.967      98.718     MMCME2_ADV_X1Y0  pllb/inst/mmcm_adv_inst/CLKOUT0
Min Period        n/a     FDRE/C              n/a            1.000         99.967      98.967     SLICE_X62Y83     counter_reg[13]/C
Min Period        n/a     FDRE/C              n/a            1.000         99.967      98.967     SLICE_X62Y83     counter_reg[14]/C
Min Period        n/a     FDRE/C              n/a            1.000         99.967      98.967     SLICE_X62Y83     counter_reg[15]/C
Min Period        n/a     FDRE/C              n/a            1.000         99.967      98.967     SLICE_X62Y83     counter_reg[16]/C
Min Period        n/a     FDRE/C              n/a            1.000         99.967      98.967     SLICE_X62Y84     counter_reg[17]/C
Min Period        n/a     FDRE/C              n/a            1.000         99.967      98.967     SLICE_X62Y84     counter_reg[18]/C
Min Period        n/a     FDRE/C              n/a            1.000         99.967      98.967     SLICE_X62Y84     counter_reg[19]/C
Min Period        n/a     FDRE/C              n/a            1.000         99.967      98.967     SLICE_X62Y80     counter_reg[1]/C
Max Period        n/a     MMCME2_ADV/CLKOUT0  n/a            213.360       99.967      113.393    MMCME2_ADV_X1Y0  pllb/inst/mmcm_adv_inst/CLKOUT0
Low Pulse Width   Slow    FDRE/C              n/a            0.500         49.983      49.483     SLICE_X62Y83     counter_reg[13]/C
Low Pulse Width   Slow    FDRE/C              n/a            0.500         49.983      49.483     SLICE_X62Y83     counter_reg[14]/C
Low Pulse Width   Slow    FDRE/C              n/a            0.500         49.983      49.483     SLICE_X62Y83     counter_reg[15]/C
Low Pulse Width   Slow    FDRE/C              n/a            0.500         49.983      49.483     SLICE_X62Y83     counter_reg[16]/C
Low Pulse Width   Fast    FDRE/C              n/a            0.500         49.983      49.483     SLICE_X62Y83     counter_reg[13]/C
Low Pulse Width   Fast    FDRE/C              n/a            0.500         49.983      49.483     SLICE_X62Y83     counter_reg[14]/C
Low Pulse Width   Fast    FDRE/C              n/a            0.500         49.983      49.483     SLICE_X62Y83     counter_reg[15]/C
Low Pulse Width   Fast    FDRE/C              n/a            0.500         49.983      49.483     SLICE_X62Y83     counter_reg[16]/C
Low Pulse Width   Slow    FDRE/C              n/a            0.500         49.983      49.483     SLICE_X62Y84     counter_reg[17]/C
Low Pulse Width   Fast    FDRE/C              n/a            0.500         49.983      49.483     SLICE_X62Y84     counter_reg[17]/C
High Pulse Width  Fast    FDRE/C              n/a            0.500         49.983      49.483     SLICE_X62Y83     counter_reg[13]/C
High Pulse Width  Fast    FDRE/C              n/a            0.500         49.983      49.483     SLICE_X62Y83     counter_reg[14]/C
High Pulse Width  Fast    FDRE/C              n/a            0.500         49.983      49.483     SLICE_X62Y83     counter_reg[15]/C
High Pulse Width  Fast    FDRE/C              n/a            0.500         49.983      49.483     SLICE_X62Y83     counter_reg[16]/C
High Pulse Width  Fast    FDRE/C              n/a            0.500         49.983      49.483     SLICE_X62Y84     counter_reg[17]/C
High Pulse Width  Fast    FDRE/C              n/a            0.500         49.983      49.483     SLICE_X62Y84     counter_reg[18]/C
High Pulse Width  Fast    FDRE/C              n/a            0.500         49.983      49.483     SLICE_X62Y84     counter_reg[19]/C
High Pulse Width  Fast    FDRE/C              n/a            0.500         49.983      49.483     SLICE_X62Y80     counter_reg[1]/C
High Pulse Width  Fast    FDRE/C              n/a            0.500         49.983      49.483     SLICE_X62Y84     counter_reg[20]/C
High Pulse Width  Fast    FDRE/C              n/a            0.500         49.983      49.483     SLICE_X62Y85     counter_reg[21]/C



---------------------------------------------------------------------------------------------------
From Clock:  clkfbout_PLL_B
  To Clock:  clkfbout_PLL_B

Setup :           NA  Failing Endpoints,  Worst Slack           NA  ,  Total Violation           NA
Hold  :           NA  Failing Endpoints,  Worst Slack           NA  ,  Total Violation           NA
PW    :            0  Failing Endpoints,  Worst Slack       16.667ns,  Total Violation        0.000ns
---------------------------------------------------------------------------------------------------


Pulse Width Checks
--------------------------------------------------------------------------------------
Clock Name:         clkfbout_PLL_B
Waveform(ns):       { 0.000 41.667 }
Period(ns):         83.333
Sources:            { pllb/inst/mmcm_adv_inst/CLKFBOUT }

Check Type  Corner  Lib Pin              Reference Pin  Required(ns)  Actual(ns)  Slack(ns)  Location         Pin
Min Period  n/a     BUFG/I               n/a            2.155         83.333      81.178     BUFGCTRL_X0Y4    pllb/inst/clkf_buf/I
Min Period  n/a     MMCME2_ADV/CLKFBOUT  n/a            1.249         83.333      82.084     MMCME2_ADV_X1Y0  pllb/inst/mmcm_adv_inst/CLKFBOUT
Min Period  n/a     MMCME2_ADV/CLKFBIN   n/a            1.249         83.333      82.084     MMCME2_ADV_X1Y0  pllb/inst/mmcm_adv_inst/CLKFBIN
Max Period  n/a     MMCME2_ADV/CLKFBIN   n/a            100.000       83.333      16.667     MMCME2_ADV_X1Y0  pllb/inst/mmcm_adv_inst/CLKFBIN
Max Period  n/a     MMCME2_ADV/CLKFBOUT  n/a            213.360       83.333      130.027    MMCME2_ADV_X1Y0  pllb/inst/mmcm_adv_inst/CLKFBOUT



---------------------------------------------------------------------------------------------------
From Clock:  sys_clk_pin
  To Clock:  sys_clk_pin

Setup :            0  Failing Endpoints,  Worst Slack       76.733ns,  Total Violation        0.000ns
Hold  :            0  Failing Endpoints,  Worst Slack        0.150ns,  Total Violation        0.000ns
PW    :            0  Failing Endpoints,  Worst Slack       41.160ns,  Total Violation        0.000ns
---------------------------------------------------------------------------------------------------


Max Delay Paths
--------------------------------------------------------------------------------------
Slack (MET) :             76.733ns  (required time - arrival time)
  Source:                 converter/char_idx_reg[2]/C
                            (rising edge-triggered cell FDRE clocked by sys_clk_pin  {rise@0.000ns fall@41.660ns period=83.330ns})
  Destination:            converter/uart_data_reg[1]/D
                            (rising edge-triggered cell FDRE clocked by sys_clk_pin  {rise@0.000ns fall@41.660ns period=83.330ns})
  Path Group:             sys_clk_pin
  Path Type:              Setup (Max at Slow Process Corner)
  Requirement:            83.330ns  (sys_clk_pin rise@83.330ns - sys_clk_pin rise@0.000ns)
  Data Path Delay:        6.566ns  (logic 1.448ns (22.053%)  route 5.118ns (77.947%))
  Logic Levels:           4  (LUT4=1 LUT5=1 LUT6=1 MUXF7=1)
  Clock Path Skew:        -0.027ns (DCD - SCD + CPR)
    Destination Clock Delay (DCD):    4.868ns = ( 88.198 - 83.330 ) 
    Source Clock Delay      (SCD):    5.167ns
    Clock Pessimism Removal (CPR):    0.271ns
  Clock Uncertainty:      0.035ns  ((TSJ^2 + TIJ^2)^1/2 + DJ) / 2 + PE
    Total System Jitter     (TSJ):    0.071ns
    Total Input Jitter      (TIJ):    0.000ns
    Discrete Jitter          (DJ):    0.000ns
    Phase Error              (PE):    0.000ns

    Location             Delay type                Incr(ns)  Path(ns)    Netlist Resource(s)
  -------------------------------------------------------------------    -------------------
                         (clock sys_clk_pin rise edge)
                                                      0.000     0.000 r  
    L17                                               0.000     0.000 r  clk (IN)
                         net (fo=0)                   0.000     0.000    clk
    L17                  IBUF (Prop_ibuf_I_O)         1.476     1.476 r  clk_IBUF_inst/O
                         net (fo=1, routed)           1.972     3.448    clk_IBUF
    BUFGCTRL_X0Y1        BUFG (Prop_bufg_I_O)         0.096     3.544 r  clk_IBUF_BUFG_inst/O
                         net (fo=45, routed)          1.623     5.167    converter/clk
    SLICE_X59Y89         FDRE                                         r  converter/char_idx_reg[2]/C
  -------------------------------------------------------------------    -------------------
    SLICE_X59Y89         FDRE (Prop_fdre_C_Q)         0.456     5.623 r  converter/char_idx_reg[2]/Q
                         net (fo=21, routed)          1.862     7.484    counter_TDC/Q[2]
    SLICE_X57Y88         LUT5 (Prop_lut5_I3_O)        0.124     7.608 f  counter_TDC/uart_data[0]_i_5/O
                         net (fo=1, routed)           0.000     7.608    counter_TDC/uart_data[0]_i_5_n_0
    SLICE_X57Y88         MUXF7 (Prop_muxf7_I0_O)      0.212     7.820 f  counter_TDC/uart_data_reg[0]_i_2/O
                         net (fo=3, routed)           2.088     9.908    counter_TDC/char_idx_reg[0]_2
    SLICE_X59Y87         LUT4 (Prop_lut4_I3_O)        0.324    10.232 r  counter_TDC/uart_data[1]_i_2/O
                         net (fo=1, routed)           1.169    11.401    converter/uart_data_reg[1]_0
    SLICE_X58Y87         LUT6 (Prop_lut6_I0_O)        0.332    11.733 r  converter/uart_data[1]_i_1/O
                         net (fo=1, routed)           0.000    11.733    converter/uart_data[1]
    SLICE_X58Y87         FDRE                                         r  converter/uart_data_reg[1]/D
  -------------------------------------------------------------------    -------------------

                         (clock sys_clk_pin rise edge)
                                                     83.330    83.330 r  
    L17                                               0.000    83.330 r  clk (IN)
                         net (fo=0)                   0.000    83.330    clk
    L17                  IBUF (Prop_ibuf_I_O)         1.406    84.736 r  clk_IBUF_inst/O
                         net (fo=1, routed)           1.868    86.604    clk_IBUF
    BUFGCTRL_X0Y1        BUFG (Prop_bufg_I_O)         0.091    86.695 r  clk_IBUF_BUFG_inst/O
                         net (fo=45, routed)          1.504    88.198    converter/clk
    SLICE_X58Y87         FDRE                                         r  converter/uart_data_reg[1]/C
                         clock pessimism              0.271    88.470    
                         clock uncertainty           -0.035    88.434    
    SLICE_X58Y87         FDRE (Setup_fdre_C_D)        0.031    88.465    converter/uart_data_reg[1]
  -------------------------------------------------------------------
                         required time                         88.465    
                         arrival time                         -11.733    
  -------------------------------------------------------------------
                         slack                                 76.733    

Slack (MET) :             76.824ns  (required time - arrival time)
  Source:                 converter/char_idx_reg[0]/C
                            (rising edge-triggered cell FDRE clocked by sys_clk_pin  {rise@0.000ns fall@41.660ns period=83.330ns})
  Destination:            converter/uart_data_reg[2]/D
                            (rising edge-triggered cell FDRE clocked by sys_clk_pin  {rise@0.000ns fall@41.660ns period=83.330ns})
  Path Group:             sys_clk_pin
  Path Type:              Setup (Max at Slow Process Corner)
  Requirement:            83.330ns  (sys_clk_pin rise@83.330ns - sys_clk_pin rise@0.000ns)
  Data Path Delay:        6.511ns  (logic 1.330ns (20.428%)  route 5.181ns (79.572%))
  Logic Levels:           4  (LUT4=1 LUT6=2 MUXF7=1)
  Clock Path Skew:        -0.024ns (DCD - SCD + CPR)
    Destination Clock Delay (DCD):    4.869ns = ( 88.199 - 83.330 ) 
    Source Clock Delay      (SCD):    5.165ns
    Clock Pessimism Removal (CPR):    0.271ns
  Clock Uncertainty:      0.035ns  ((TSJ^2 + TIJ^2)^1/2 + DJ) / 2 + PE
    Total System Jitter     (TSJ):    0.071ns
    Total Input Jitter      (TIJ):    0.000ns
    Discrete Jitter          (DJ):    0.000ns
    Phase Error              (PE):    0.000ns

    Location             Delay type                Incr(ns)  Path(ns)    Netlist Resource(s)
  -------------------------------------------------------------------    -------------------
                         (clock sys_clk_pin rise edge)
                                                      0.000     0.000 r  
    L17                                               0.000     0.000 r  clk (IN)
                         net (fo=0)                   0.000     0.000    clk
    L17                  IBUF (Prop_ibuf_I_O)         1.476     1.476 r  clk_IBUF_inst/O
                         net (fo=1, routed)           1.972     3.448    clk_IBUF
    BUFGCTRL_X0Y1        BUFG (Prop_bufg_I_O)         0.096     3.544 r  clk_IBUF_BUFG_inst/O
                         net (fo=45, routed)          1.621     5.165    converter/clk
    SLICE_X60Y87         FDRE                                         r  converter/char_idx_reg[0]/C
  -------------------------------------------------------------------    -------------------
    SLICE_X60Y87         FDRE (Prop_fdre_C_Q)         0.518     5.683 r  converter/char_idx_reg[0]/Q
                         net (fo=22, routed)          1.328     7.011    converter/Q[0]
    SLICE_X59Y88         LUT4 (Prop_lut4_I2_O)        0.150     7.161 f  converter/uart_data[1]_i_9/O
                         net (fo=2, routed)           1.416     8.577    converter/uart_data[1]_i_9_n_0
    SLICE_X58Y88         LUT6 (Prop_lut6_I0_O)        0.326     8.903 r  converter/uart_data[2]_i_4/O
                         net (fo=1, routed)           2.436    11.339    converter/uart_data[2]_i_4_n_0
    SLICE_X58Y88         LUT6 (Prop_lut6_I1_O)        0.124    11.463 r  converter/uart_data[2]_i_2/O
                         net (fo=1, routed)           0.000    11.463    converter/uart_data[2]_i_2_n_0
    SLICE_X58Y88         MUXF7 (Prop_muxf7_I0_O)      0.212    11.675 r  converter/uart_data_reg[2]_i_1/O
                         net (fo=1, routed)           0.000    11.675    converter/uart_data[2]
    SLICE_X58Y88         FDRE                                         r  converter/uart_data_reg[2]/D
  -------------------------------------------------------------------    -------------------

                         (clock sys_clk_pin rise edge)
                                                     83.330    83.330 r  
    L17                                               0.000    83.330 r  clk (IN)
                         net (fo=0)                   0.000    83.330    clk
    L17                  IBUF (Prop_ibuf_I_O)         1.406    84.736 r  clk_IBUF_inst/O
                         net (fo=1, routed)           1.868    86.604    clk_IBUF
    BUFGCTRL_X0Y1        BUFG (Prop_bufg_I_O)         0.091    86.695 r  clk_IBUF_BUFG_inst/O
                         net (fo=45, routed)          1.505    88.199    converter/clk
    SLICE_X58Y88         FDRE                                         r  converter/uart_data_reg[2]/C
                         clock pessimism              0.271    88.471    
                         clock uncertainty           -0.035    88.435    
    SLICE_X58Y88         FDRE (Setup_fdre_C_D)        0.064    88.499    converter/uart_data_reg[2]
  -------------------------------------------------------------------
                         required time                         88.499    
                         arrival time                         -11.675    
  -------------------------------------------------------------------
                         slack                                 76.824    

Slack (MET) :             77.115ns  (required time - arrival time)
  Source:                 converter/char_idx_reg[0]/C
                            (rising edge-triggered cell FDRE clocked by sys_clk_pin  {rise@0.000ns fall@41.660ns period=83.330ns})
  Destination:            converter/uart_data_reg[3]/D
                            (rising edge-triggered cell FDRE clocked by sys_clk_pin  {rise@0.000ns fall@41.660ns period=83.330ns})
  Path Group:             sys_clk_pin
  Path Type:              Setup (Max at Slow Process Corner)
  Requirement:            83.330ns  (sys_clk_pin rise@83.330ns - sys_clk_pin rise@0.000ns)
  Data Path Delay:        6.219ns  (logic 1.102ns (17.721%)  route 5.117ns (82.279%))
  Logic Levels:           4  (LUT5=1 LUT6=2 MUXF7=1)
  Clock Path Skew:        -0.025ns (DCD - SCD + CPR)
    Destination Clock Delay (DCD):    4.868ns = ( 88.198 - 83.330 ) 
    Source Clock Delay      (SCD):    5.165ns
    Clock Pessimism Removal (CPR):    0.271ns
  Clock Uncertainty:      0.035ns  ((TSJ^2 + TIJ^2)^1/2 + DJ) / 2 + PE
    Total System Jitter     (TSJ):    0.071ns
    Total Input Jitter      (TIJ):    0.000ns
    Discrete Jitter          (DJ):    0.000ns
    Phase Error              (PE):    0.000ns

    Location             Delay type                Incr(ns)  Path(ns)    Netlist Resource(s)
  -------------------------------------------------------------------    -------------------
                         (clock sys_clk_pin rise edge)
                                                      0.000     0.000 r  
    L17                                               0.000     0.000 r  clk (IN)
                         net (fo=0)                   0.000     0.000    clk
    L17                  IBUF (Prop_ibuf_I_O)         1.476     1.476 r  clk_IBUF_inst/O
                         net (fo=1, routed)           1.972     3.448    clk_IBUF
    BUFGCTRL_X0Y1        BUFG (Prop_bufg_I_O)         0.096     3.544 r  clk_IBUF_BUFG_inst/O
                         net (fo=45, routed)          1.621     5.165    converter/clk
    SLICE_X60Y87         FDRE                                         r  converter/char_idx_reg[0]/C
  -------------------------------------------------------------------    -------------------
    SLICE_X60Y87         FDRE (Prop_fdre_C_Q)         0.518     5.683 r  converter/char_idx_reg[0]/Q
                         net (fo=22, routed)          1.506     7.189    encoder/uart_data_reg[5][0]
    SLICE_X59Y88         LUT5 (Prop_lut5_I1_O)        0.124     7.313 r  encoder/uart_data[3]_i_6/O
                         net (fo=1, routed)           1.488     8.801    converter/uart_data[3]_i_3_0
    SLICE_X59Y88         LUT6 (Prop_lut6_I2_O)        0.124     8.925 r  converter/uart_data[3]_i_5/O
                         net (fo=1, routed)           2.122    11.047    converter/uart_data[3]_i_5_n_0
    SLICE_X58Y87         LUT6 (Prop_lut6_I5_O)        0.124    11.171 r  converter/uart_data[3]_i_3/O
                         net (fo=1, routed)           0.000    11.171    converter/uart_data[3]_i_3_n_0
    SLICE_X58Y87         MUXF7 (Prop_muxf7_I0_O)      0.212    11.383 r  converter/uart_data_reg[3]_i_1/O
                         net (fo=1, routed)           0.000    11.383    converter/uart_data[3]
    SLICE_X58Y87         FDRE                                         r  converter/uart_data_reg[3]/D
  -------------------------------------------------------------------    -------------------

                         (clock sys_clk_pin rise edge)
                                                     83.330    83.330 r  
    L17                                               0.000    83.330 r  clk (IN)
                         net (fo=0)                   0.000    83.330    clk
    L17                  IBUF (Prop_ibuf_I_O)         1.406    84.736 r  clk_IBUF_inst/O
                         net (fo=1, routed)           1.868    86.604    clk_IBUF
    BUFGCTRL_X0Y1        BUFG (Prop_bufg_I_O)         0.091    86.695 r  clk_IBUF_BUFG_inst/O
                         net (fo=45, routed)          1.504    88.198    converter/clk
    SLICE_X58Y87         FDRE                                         r  converter/uart_data_reg[3]/C
                         clock pessimism              0.271    88.470    
                         clock uncertainty           -0.035    88.434    
    SLICE_X58Y87         FDRE (Setup_fdre_C_D)        0.064    88.498    converter/uart_data_reg[3]
  -------------------------------------------------------------------
                         required time                         88.498    
                         arrival time                         -11.383    
  -------------------------------------------------------------------
                         slack                                 77.115    

Slack (MET) :             77.580ns  (required time - arrival time)
  Source:                 converter/char_idx_reg[2]/C
                            (rising edge-triggered cell FDRE clocked by sys_clk_pin  {rise@0.000ns fall@41.660ns period=83.330ns})
  Destination:            converter/uart_data_reg[0]/D
                            (rising edge-triggered cell FDRE clocked by sys_clk_pin  {rise@0.000ns fall@41.660ns period=83.330ns})
  Path Group:             sys_clk_pin
  Path Type:              Setup (Max at Slow Process Corner)
  Requirement:            83.330ns  (sys_clk_pin rise@83.330ns - sys_clk_pin rise@0.000ns)
  Data Path Delay:        5.718ns  (logic 1.220ns (21.335%)  route 4.498ns (78.665%))
  Logic Levels:           4  (LUT3=1 LUT5=1 LUT6=1 MUXF7=1)
  Clock Path Skew:        -0.027ns (DCD - SCD + CPR)
    Destination Clock Delay (DCD):    4.868ns = ( 88.198 - 83.330 ) 
    Source Clock Delay      (SCD):    5.167ns
    Clock Pessimism Removal (CPR):    0.271ns
  Clock Uncertainty:      0.035ns  ((TSJ^2 + TIJ^2)^1/2 + DJ) / 2 + PE
    Total System Jitter     (TSJ):    0.071ns
    Total Input Jitter      (TIJ):    0.000ns
    Discrete Jitter          (DJ):    0.000ns
    Phase Error              (PE):    0.000ns

    Location             Delay type                Incr(ns)  Path(ns)    Netlist Resource(s)
  -------------------------------------------------------------------    -------------------
                         (clock sys_clk_pin rise edge)
                                                      0.000     0.000 r  
    L17                                               0.000     0.000 r  clk (IN)
                         net (fo=0)                   0.000     0.000    clk
    L17                  IBUF (Prop_ibuf_I_O)         1.476     1.476 r  clk_IBUF_inst/O
                         net (fo=1, routed)           1.972     3.448    clk_IBUF
    BUFGCTRL_X0Y1        BUFG (Prop_bufg_I_O)         0.096     3.544 r  clk_IBUF_BUFG_inst/O
                         net (fo=45, routed)          1.623     5.167    converter/clk
    SLICE_X59Y89         FDRE                                         r  converter/char_idx_reg[2]/C
  -------------------------------------------------------------------    -------------------
    SLICE_X59Y89         FDRE (Prop_fdre_C_Q)         0.456     5.623 r  converter/char_idx_reg[2]/Q
                         net (fo=21, routed)          1.470     7.093    counter_TDC/Q[2]
    SLICE_X57Y87         LUT5 (Prop_lut5_I3_O)        0.124     7.217 r  counter_TDC/uart_data[6]_i_11/O
                         net (fo=1, routed)           0.000     7.217    counter_TDC/uart_data[6]_i_11_n_0
    SLICE_X57Y87         MUXF7 (Prop_muxf7_I1_O)      0.217     7.434 r  counter_TDC/uart_data_reg[6]_i_6/O
                         net (fo=4, routed)           1.830     9.264    counter_TDC/uart_data_reg[6]_i_6_n_0
    SLICE_X59Y87         LUT3 (Prop_lut3_I2_O)        0.299     9.563 r  counter_TDC/uart_data[6]_i_3/O
                         net (fo=4, routed)           1.198    10.761    converter/uart_data_reg[5]_0
    SLICE_X59Y87         LUT6 (Prop_lut6_I1_O)        0.124    10.885 r  converter/uart_data[0]_i_1/O
                         net (fo=1, routed)           0.000    10.885    converter/uart_data[0]
    SLICE_X59Y87         FDRE                                         r  converter/uart_data_reg[0]/D
  -------------------------------------------------------------------    -------------------

                         (clock sys_clk_pin rise edge)
                                                     83.330    83.330 r  
    L17                                               0.000    83.330 r  clk (IN)
                         net (fo=0)                   0.000    83.330    clk
    L17                  IBUF (Prop_ibuf_I_O)         1.406    84.736 r  clk_IBUF_inst/O
                         net (fo=1, routed)           1.868    86.604    clk_IBUF
    BUFGCTRL_X0Y1        BUFG (Prop_bufg_I_O)         0.091    86.695 r  clk_IBUF_BUFG_inst/O
                         net (fo=45, routed)          1.504    88.198    converter/clk
    SLICE_X59Y87         FDRE                                         r  converter/uart_data_reg[0]/C
                         clock pessimism              0.271    88.470    
                         clock uncertainty           -0.035    88.434    
    SLICE_X59Y87         FDRE (Setup_fdre_C_D)        0.031    88.465    converter/uart_data_reg[0]
  -------------------------------------------------------------------
                         required time                         88.465    
                         arrival time                         -10.885    
  -------------------------------------------------------------------
                         slack                                 77.580    

Slack (MET) :             77.722ns  (required time - arrival time)
  Source:                 converter/char_idx_reg[2]/C
                            (rising edge-triggered cell FDRE clocked by sys_clk_pin  {rise@0.000ns fall@41.660ns period=83.330ns})
  Destination:            converter/uart_data_reg[5]/D
                            (rising edge-triggered cell FDRE clocked by sys_clk_pin  {rise@0.000ns fall@41.660ns period=83.330ns})
  Path Group:             sys_clk_pin
  Path Type:              Setup (Max at Slow Process Corner)
  Requirement:            83.330ns  (sys_clk_pin rise@83.330ns - sys_clk_pin rise@0.000ns)
  Data Path Delay:        5.573ns  (logic 1.220ns (21.890%)  route 4.353ns (78.110%))
  Logic Levels:           4  (LUT3=1 LUT5=1 LUT6=1 MUXF7=1)
  Clock Path Skew:        -0.028ns (DCD - SCD + CPR)
    Destination Clock Delay (DCD):    4.867ns = ( 88.197 - 83.330 ) 
    Source Clock Delay      (SCD):    5.167ns
    Clock Pessimism Removal (CPR):    0.271ns
  Clock Uncertainty:      0.035ns  ((TSJ^2 + TIJ^2)^1/2 + DJ) / 2 + PE
    Total System Jitter     (TSJ):    0.071ns
    Total Input Jitter      (TIJ):    0.000ns
    Discrete Jitter          (DJ):    0.000ns
    Phase Error              (PE):    0.000ns

    Location             Delay type                Incr(ns)  Path(ns)    Netlist Resource(s)
  -------------------------------------------------------------------    -------------------
                         (clock sys_clk_pin rise edge)
                                                      0.000     0.000 r  
    L17                                               0.000     0.000 r  clk (IN)
                         net (fo=0)                   0.000     0.000    clk
    L17                  IBUF (Prop_ibuf_I_O)         1.476     1.476 r  clk_IBUF_inst/O
                         net (fo=1, routed)           1.972     3.448    clk_IBUF
    BUFGCTRL_X0Y1        BUFG (Prop_bufg_I_O)         0.096     3.544 r  clk_IBUF_BUFG_inst/O
                         net (fo=45, routed)          1.623     5.167    converter/clk
    SLICE_X59Y89         FDRE                                         r  converter/char_idx_reg[2]/C
  -------------------------------------------------------------------    -------------------
    SLICE_X59Y89         FDRE (Prop_fdre_C_Q)         0.456     5.623 r  converter/char_idx_reg[2]/Q
                         net (fo=21, routed)          1.470     7.093    counter_TDC/Q[2]
    SLICE_X57Y87         LUT5 (Prop_lut5_I3_O)        0.124     7.217 f  counter_TDC/uart_data[6]_i_11/O
                         net (fo=1, routed)           0.000     7.217    counter_TDC/uart_data[6]_i_11_n_0
    SLICE_X57Y87         MUXF7 (Prop_muxf7_I1_O)      0.217     7.434 f  counter_TDC/uart_data_reg[6]_i_6/O
                         net (fo=4, routed)           1.830     9.264    counter_TDC/uart_data_reg[6]_i_6_n_0
    SLICE_X59Y87         LUT3 (Prop_lut3_I2_O)        0.299     9.563 f  counter_TDC/uart_data[6]_i_3/O
                         net (fo=4, routed)           1.053    10.616    converter/uart_data_reg[5]_0
    SLICE_X59Y86         LUT6 (Prop_lut6_I0_O)        0.124    10.740 r  converter/uart_data[5]_i_1/O
                         net (fo=1, routed)           0.000    10.740    converter/uart_data[5]
    SLICE_X59Y86         FDRE                                         r  converter/uart_data_reg[5]/D
  -------------------------------------------------------------------    -------------------

                         (clock sys_clk_pin rise edge)
                                                     83.330    83.330 r  
    L17                                               0.000    83.330 r  clk (IN)
                         net (fo=0)                   0.000    83.330    clk
    L17                  IBUF (Prop_ibuf_I_O)         1.406    84.736 r  clk_IBUF_inst/O
                         net (fo=1, routed)           1.868    86.604    clk_IBUF
    BUFGCTRL_X0Y1        BUFG (Prop_bufg_I_O)         0.091    86.695 r  clk_IBUF_BUFG_inst/O
                         net (fo=45, routed)          1.503    88.197    converter/clk
    SLICE_X59Y86         FDRE                                         r  converter/uart_data_reg[5]/C
                         clock pessimism              0.271    88.469    
                         clock uncertainty           -0.035    88.433    
    SLICE_X59Y86         FDRE (Setup_fdre_C_D)        0.029    88.462    converter/uart_data_reg[5]
  -------------------------------------------------------------------
                         required time                         88.462    
                         arrival time                         -10.740    
  -------------------------------------------------------------------
                         slack                                 77.722    

Slack (MET) :             77.728ns  (required time - arrival time)
  Source:                 converter/char_idx_reg[2]/C
                            (rising edge-triggered cell FDRE clocked by sys_clk_pin  {rise@0.000ns fall@41.660ns period=83.330ns})
  Destination:            converter/uart_data_reg[4]/D
                            (rising edge-triggered cell FDRE clocked by sys_clk_pin  {rise@0.000ns fall@41.660ns period=83.330ns})
  Path Group:             sys_clk_pin
  Path Type:              Setup (Max at Slow Process Corner)
  Requirement:            83.330ns  (sys_clk_pin rise@83.330ns - sys_clk_pin rise@0.000ns)
  Data Path Delay:        5.569ns  (logic 1.220ns (21.908%)  route 4.349ns (78.092%))
  Logic Levels:           4  (LUT3=1 LUT5=1 LUT6=1 MUXF7=1)
  Clock Path Skew:        -0.027ns (DCD - SCD + CPR)
    Destination Clock Delay (DCD):    4.868ns = ( 88.198 - 83.330 ) 
    Source Clock Delay      (SCD):    5.167ns
    Clock Pessimism Removal (CPR):    0.271ns
  Clock Uncertainty:      0.035ns  ((TSJ^2 + TIJ^2)^1/2 + DJ) / 2 + PE
    Total System Jitter     (TSJ):    0.071ns
    Total Input Jitter      (TIJ):    0.000ns
    Discrete Jitter          (DJ):    0.000ns
    Phase Error              (PE):    0.000ns

    Location             Delay type                Incr(ns)  Path(ns)    Netlist Resource(s)
  -------------------------------------------------------------------    -------------------
                         (clock sys_clk_pin rise edge)
                                                      0.000     0.000 r  
    L17                                               0.000     0.000 r  clk (IN)
                         net (fo=0)                   0.000     0.000    clk
    L17                  IBUF (Prop_ibuf_I_O)         1.476     1.476 r  clk_IBUF_inst/O
                         net (fo=1, routed)           1.972     3.448    clk_IBUF
    BUFGCTRL_X0Y1        BUFG (Prop_bufg_I_O)         0.096     3.544 r  clk_IBUF_BUFG_inst/O
                         net (fo=45, routed)          1.623     5.167    converter/clk
    SLICE_X59Y89         FDRE                                         r  converter/char_idx_reg[2]/C
  -------------------------------------------------------------------    -------------------
    SLICE_X59Y89         FDRE (Prop_fdre_C_Q)         0.456     5.623 r  converter/char_idx_reg[2]/Q
                         net (fo=21, routed)          1.470     7.093    counter_TDC/Q[2]
    SLICE_X57Y87         LUT5 (Prop_lut5_I3_O)        0.124     7.217 f  counter_TDC/uart_data[6]_i_11/O
                         net (fo=1, routed)           0.000     7.217    counter_TDC/uart_data[6]_i_11_n_0
    SLICE_X57Y87         MUXF7 (Prop_muxf7_I1_O)      0.217     7.434 f  counter_TDC/uart_data_reg[6]_i_6/O
                         net (fo=4, routed)           1.830     9.264    counter_TDC/uart_data_reg[6]_i_6_n_0
    SLICE_X59Y87         LUT3 (Prop_lut3_I2_O)        0.299     9.563 f  counter_TDC/uart_data[6]_i_3/O
                         net (fo=4, routed)           1.049    10.611    converter/uart_data_reg[5]_0
    SLICE_X59Y87         LUT6 (Prop_lut6_I0_O)        0.124    10.735 r  converter/uart_data[4]_i_1/O
                         net (fo=1, routed)           0.000    10.735    converter/uart_data[4]
    SLICE_X59Y87         FDRE                                         r  converter/uart_data_reg[4]/D
  -------------------------------------------------------------------    -------------------

                         (clock sys_clk_pin rise edge)
                                                     83.330    83.330 r  
    L17                                               0.000    83.330 r  clk (IN)
                         net (fo=0)                   0.000    83.330    clk
    L17                  IBUF (Prop_ibuf_I_O)         1.406    84.736 r  clk_IBUF_inst/O
                         net (fo=1, routed)           1.868    86.604    clk_IBUF
    BUFGCTRL_X0Y1        BUFG (Prop_bufg_I_O)         0.091    86.695 r  clk_IBUF_BUFG_inst/O
                         net (fo=45, routed)          1.504    88.198    converter/clk
    SLICE_X59Y87         FDRE                                         r  converter/uart_data_reg[4]/C
                         clock pessimism              0.271    88.470    
                         clock uncertainty           -0.035    88.434    
    SLICE_X59Y87         FDRE (Setup_fdre_C_D)        0.029    88.463    converter/uart_data_reg[4]
  -------------------------------------------------------------------
                         required time                         88.463    
                         arrival time                         -10.735    
  -------------------------------------------------------------------
                         slack                                 77.728    

Slack (MET) :             77.734ns  (required time - arrival time)
  Source:                 converter/char_idx_reg[2]/C
                            (rising edge-triggered cell FDRE clocked by sys_clk_pin  {rise@0.000ns fall@41.660ns period=83.330ns})
  Destination:            converter/uart_data_reg[6]/D
                            (rising edge-triggered cell FDRE clocked by sys_clk_pin  {rise@0.000ns fall@41.660ns period=83.330ns})
  Path Group:             sys_clk_pin
  Path Type:              Setup (Max at Slow Process Corner)
  Requirement:            83.330ns  (sys_clk_pin rise@83.330ns - sys_clk_pin rise@0.000ns)
  Data Path Delay:        5.563ns  (logic 1.220ns (21.929%)  route 4.343ns (78.071%))
  Logic Levels:           4  (LUT3=1 LUT5=1 LUT6=1 MUXF7=1)
  Clock Path Skew:        -0.028ns (DCD - SCD + CPR)
    Destination Clock Delay (DCD):    4.867ns = ( 88.197 - 83.330 ) 
    Source Clock Delay      (SCD):    5.167ns
    Clock Pessimism Removal (CPR):    0.271ns
  Clock Uncertainty:      0.035ns  ((TSJ^2 + TIJ^2)^1/2 + DJ) / 2 + PE
    Total System Jitter     (TSJ):    0.071ns
    Total Input Jitter      (TIJ):    0.000ns
    Discrete Jitter          (DJ):    0.000ns
    Phase Error              (PE):    0.000ns

    Location             Delay type                Incr(ns)  Path(ns)    Netlist Resource(s)
  -------------------------------------------------------------------    -------------------
                         (clock sys_clk_pin rise edge)
                                                      0.000     0.000 r  
    L17                                               0.000     0.000 r  clk (IN)
                         net (fo=0)                   0.000     0.000    clk
    L17                  IBUF (Prop_ibuf_I_O)         1.476     1.476 r  clk_IBUF_inst/O
                         net (fo=1, routed)           1.972     3.448    clk_IBUF
    BUFGCTRL_X0Y1        BUFG (Prop_bufg_I_O)         0.096     3.544 r  clk_IBUF_BUFG_inst/O
                         net (fo=45, routed)          1.623     5.167    converter/clk
    SLICE_X59Y89         FDRE                                         r  converter/char_idx_reg[2]/C
  -------------------------------------------------------------------    -------------------
    SLICE_X59Y89         FDRE (Prop_fdre_C_Q)         0.456     5.623 r  converter/char_idx_reg[2]/Q
                         net (fo=21, routed)          1.470     7.093    counter_TDC/Q[2]
    SLICE_X57Y87         LUT5 (Prop_lut5_I3_O)        0.124     7.217 r  counter_TDC/uart_data[6]_i_11/O
                         net (fo=1, routed)           0.000     7.217    counter_TDC/uart_data[6]_i_11_n_0
    SLICE_X57Y87         MUXF7 (Prop_muxf7_I1_O)      0.217     7.434 r  counter_TDC/uart_data_reg[6]_i_6/O
                         net (fo=4, routed)           1.830     9.264    counter_TDC/uart_data_reg[6]_i_6_n_0
    SLICE_X59Y87         LUT3 (Prop_lut3_I2_O)        0.299     9.563 r  counter_TDC/uart_data[6]_i_3/O
                         net (fo=4, routed)           1.043    10.606    converter/uart_data_reg[5]_0
    SLICE_X59Y86         LUT6 (Prop_lut6_I2_O)        0.124    10.730 r  converter/uart_data[6]_i_2/O
                         net (fo=1, routed)           0.000    10.730    converter/uart_data[6]
    SLICE_X59Y86         FDRE                                         r  converter/uart_data_reg[6]/D
  -------------------------------------------------------------------    -------------------

                         (clock sys_clk_pin rise edge)
                                                     83.330    83.330 r  
    L17                                               0.000    83.330 r  clk (IN)
                         net (fo=0)                   0.000    83.330    clk
    L17                  IBUF (Prop_ibuf_I_O)         1.406    84.736 r  clk_IBUF_inst/O
                         net (fo=1, routed)           1.868    86.604    clk_IBUF
    BUFGCTRL_X0Y1        BUFG (Prop_bufg_I_O)         0.091    86.695 r  clk_IBUF_BUFG_inst/O
                         net (fo=45, routed)          1.503    88.197    converter/clk
    SLICE_X59Y86         FDRE                                         r  converter/uart_data_reg[6]/C
                         clock pessimism              0.271    88.469    
                         clock uncertainty           -0.035    88.433    
    SLICE_X59Y86         FDRE (Setup_fdre_C_D)        0.031    88.464    converter/uart_data_reg[6]
  -------------------------------------------------------------------
                         required time                         88.464    
                         arrival time                         -10.730    
  -------------------------------------------------------------------
                         slack                                 77.734    

Slack (MET) :             78.398ns  (required time - arrival time)
  Source:                 converter/char_idx_reg[0]/C
                            (rising edge-triggered cell FDRE clocked by sys_clk_pin  {rise@0.000ns fall@41.660ns period=83.330ns})
  Destination:            converter/char_idx_reg[2]/CE
                            (rising edge-triggered cell FDRE clocked by sys_clk_pin  {rise@0.000ns fall@41.660ns period=83.330ns})
  Path Group:             sys_clk_pin
  Path Type:              Setup (Max at Slow Process Corner)
  Requirement:            83.330ns  (sys_clk_pin rise@83.330ns - sys_clk_pin rise@0.000ns)
  Data Path Delay:        4.668ns  (logic 0.766ns (16.408%)  route 3.902ns (83.592%))
  Logic Levels:           2  (LUT4=1 LUT6=1)
  Clock Path Skew:        -0.023ns (DCD - SCD + CPR)
    Destination Clock Delay (DCD):    4.870ns = ( 88.200 - 83.330 ) 
    Source Clock Delay      (SCD):    5.165ns
    Clock Pessimism Removal (CPR):    0.271ns
  Clock Uncertainty:      0.035ns  ((TSJ^2 + TIJ^2)^1/2 + DJ) / 2 + PE
    Total System Jitter     (TSJ):    0.071ns
    Total Input Jitter      (TIJ):    0.000ns
    Discrete Jitter          (DJ):    0.000ns
    Phase Error              (PE):    0.000ns

    Location             Delay type                Incr(ns)  Path(ns)    Netlist Resource(s)
  -------------------------------------------------------------------    -------------------
                         (clock sys_clk_pin rise edge)
                                                      0.000     0.000 r  
    L17                                               0.000     0.000 r  clk (IN)
                         net (fo=0)                   0.000     0.000    clk
    L17                  IBUF (Prop_ibuf_I_O)         1.476     1.476 r  clk_IBUF_inst/O
                         net (fo=1, routed)           1.972     3.448    clk_IBUF
    BUFGCTRL_X0Y1        BUFG (Prop_bufg_I_O)         0.096     3.544 r  clk_IBUF_BUFG_inst/O
                         net (fo=45, routed)          1.621     5.165    converter/clk
    SLICE_X60Y87         FDRE                                         r  converter/char_idx_reg[0]/C
  -------------------------------------------------------------------    -------------------
    SLICE_X60Y87         FDRE (Prop_fdre_C_Q)         0.518     5.683 f  converter/char_idx_reg[0]/Q
                         net (fo=22, routed)          1.045     6.727    converter/Q[0]
    SLICE_X60Y87         LUT4 (Prop_lut4_I0_O)        0.124     6.851 r  converter/FSM_sequential_state[2]_i_3/O
                         net (fo=12, routed)          0.522     7.373    converter/char_idx_reg[0]_0
    SLICE_X61Y87         LUT6 (Prop_lut6_I5_O)        0.124     7.497 r  converter/char_idx[3]_i_1/O
                         net (fo=4, routed)           2.336     9.833    converter/char_idx[3]_i_1_n_0
    SLICE_X59Y89         FDRE                                         r  converter/char_idx_reg[2]/CE
  -------------------------------------------------------------------    -------------------

                         (clock sys_clk_pin rise edge)
                                                     83.330    83.330 r  
    L17                                               0.000    83.330 r  clk (IN)
                         net (fo=0)                   0.000    83.330    clk
    L17                  IBUF (Prop_ibuf_I_O)         1.406    84.736 r  clk_IBUF_inst/O
                         net (fo=1, routed)           1.868    86.604    clk_IBUF
    BUFGCTRL_X0Y1        BUFG (Prop_bufg_I_O)         0.091    86.695 r  clk_IBUF_BUFG_inst/O
                         net (fo=45, routed)          1.506    88.200    converter/clk
    SLICE_X59Y89         FDRE                                         r  converter/char_idx_reg[2]/C
                         clock pessimism              0.271    88.472    
                         clock uncertainty           -0.035    88.436    
    SLICE_X59Y89         FDRE (Setup_fdre_C_CE)      -0.205    88.231    converter/char_idx_reg[2]
  -------------------------------------------------------------------
                         required time                         88.231    
                         arrival time                          -9.833    
  -------------------------------------------------------------------
                         slack                                 78.398    

Slack (MET) :             78.398ns  (required time - arrival time)
  Source:                 converter/char_idx_reg[0]/C
                            (rising edge-triggered cell FDRE clocked by sys_clk_pin  {rise@0.000ns fall@41.660ns period=83.330ns})
  Destination:            converter/char_idx_reg[3]/CE
                            (rising edge-triggered cell FDRE clocked by sys_clk_pin  {rise@0.000ns fall@41.660ns period=83.330ns})
  Path Group:             sys_clk_pin
  Path Type:              Setup (Max at Slow Process Corner)
  Requirement:            83.330ns  (sys_clk_pin rise@83.330ns - sys_clk_pin rise@0.000ns)
  Data Path Delay:        4.668ns  (logic 0.766ns (16.408%)  route 3.902ns (83.592%))
  Logic Levels:           2  (LUT4=1 LUT6=1)
  Clock Path Skew:        -0.023ns (DCD - SCD + CPR)
    Destination Clock Delay (DCD):    4.870ns = ( 88.200 - 83.330 ) 
    Source Clock Delay      (SCD):    5.165ns
    Clock Pessimism Removal (CPR):    0.271ns
  Clock Uncertainty:      0.035ns  ((TSJ^2 + TIJ^2)^1/2 + DJ) / 2 + PE
    Total System Jitter     (TSJ):    0.071ns
    Total Input Jitter      (TIJ):    0.000ns
    Discrete Jitter          (DJ):    0.000ns
    Phase Error              (PE):    0.000ns

    Location             Delay type                Incr(ns)  Path(ns)    Netlist Resource(s)
  -------------------------------------------------------------------    -------------------
                         (clock sys_clk_pin rise edge)
                                                      0.000     0.000 r  
    L17                                               0.000     0.000 r  clk (IN)
                         net (fo=0)                   0.000     0.000    clk
    L17                  IBUF (Prop_ibuf_I_O)         1.476     1.476 r  clk_IBUF_inst/O
                         net (fo=1, routed)           1.972     3.448    clk_IBUF
    BUFGCTRL_X0Y1        BUFG (Prop_bufg_I_O)         0.096     3.544 r  clk_IBUF_BUFG_inst/O
                         net (fo=45, routed)          1.621     5.165    converter/clk
    SLICE_X60Y87         FDRE                                         r  converter/char_idx_reg[0]/C
  -------------------------------------------------------------------    -------------------
    SLICE_X60Y87         FDRE (Prop_fdre_C_Q)         0.518     5.683 f  converter/char_idx_reg[0]/Q
                         net (fo=22, routed)          1.045     6.727    converter/Q[0]
    SLICE_X60Y87         LUT4 (Prop_lut4_I0_O)        0.124     6.851 r  converter/FSM_sequential_state[2]_i_3/O
                         net (fo=12, routed)          0.522     7.373    converter/char_idx_reg[0]_0
    SLICE_X61Y87         LUT6 (Prop_lut6_I5_O)        0.124     7.497 r  converter/char_idx[3]_i_1/O
                         net (fo=4, routed)           2.336     9.833    converter/char_idx[3]_i_1_n_0
    SLICE_X59Y89         FDRE                                         r  converter/char_idx_reg[3]/CE
  -------------------------------------------------------------------    -------------------

                         (clock sys_clk_pin rise edge)
                                                     83.330    83.330 r  
    L17                                               0.000    83.330 r  clk (IN)
                         net (fo=0)                   0.000    83.330    clk
    L17                  IBUF (Prop_ibuf_I_O)         1.406    84.736 r  clk_IBUF_inst/O
                         net (fo=1, routed)           1.868    86.604    clk_IBUF
    BUFGCTRL_X0Y1        BUFG (Prop_bufg_I_O)         0.091    86.695 r  clk_IBUF_BUFG_inst/O
                         net (fo=45, routed)          1.506    88.200    converter/clk
    SLICE_X59Y89         FDRE                                         r  converter/char_idx_reg[3]/C
                         clock pessimism              0.271    88.472    
                         clock uncertainty           -0.035    88.436    
    SLICE_X59Y89         FDRE (Setup_fdre_C_CE)      -0.205    88.231    converter/char_idx_reg[3]
  -------------------------------------------------------------------
                         required time                         88.231    
                         arrival time                          -9.833    
  -------------------------------------------------------------------
                         slack                                 78.398    

Slack (MET) :             78.478ns  (required time - arrival time)
  Source:                 converter/char_idx_reg[0]/C
                            (rising edge-triggered cell FDRE clocked by sys_clk_pin  {rise@0.000ns fall@41.660ns period=83.330ns})
  Destination:            converter/char_idx_reg[1]/CE
                            (rising edge-triggered cell FDRE clocked by sys_clk_pin  {rise@0.000ns fall@41.660ns period=83.330ns})
  Path Group:             sys_clk_pin
  Path Type:              Setup (Max at Slow Process Corner)
  Requirement:            83.330ns  (sys_clk_pin rise@83.330ns - sys_clk_pin rise@0.000ns)
  Data Path Delay:        4.590ns  (logic 0.766ns (16.688%)  route 3.824ns (83.312%))
  Logic Levels:           2  (LUT4=1 LUT6=1)
  Clock Path Skew:        -0.022ns (DCD - SCD + CPR)
    Destination Clock Delay (DCD):    4.868ns = ( 88.198 - 83.330 ) 
    Source Clock Delay      (SCD):    5.165ns
    Clock Pessimism Removal (CPR):    0.274ns
  Clock Uncertainty:      0.035ns  ((TSJ^2 + TIJ^2)^1/2 + DJ) / 2 + PE
    Total System Jitter     (TSJ):    0.071ns
    Total Input Jitter      (TIJ):    0.000ns
    Discrete Jitter          (DJ):    0.000ns
    Phase Error              (PE):    0.000ns

    Location             Delay type                Incr(ns)  Path(ns)    Netlist Resource(s)
  -------------------------------------------------------------------    -------------------
                         (clock sys_clk_pin rise edge)
                                                      0.000     0.000 r  
    L17                                               0.000     0.000 r  clk (IN)
                         net (fo=0)                   0.000     0.000    clk
    L17                  IBUF (Prop_ibuf_I_O)         1.476     1.476 r  clk_IBUF_inst/O
                         net (fo=1, routed)           1.972     3.448    clk_IBUF
    BUFGCTRL_X0Y1        BUFG (Prop_bufg_I_O)         0.096     3.544 r  clk_IBUF_BUFG_inst/O
                         net (fo=45, routed)          1.621     5.165    converter/clk
    SLICE_X60Y87         FDRE                                         r  converter/char_idx_reg[0]/C
  -------------------------------------------------------------------    -------------------
    SLICE_X60Y87         FDRE (Prop_fdre_C_Q)         0.518     5.683 f  converter/char_idx_reg[0]/Q
                         net (fo=22, routed)          1.045     6.727    converter/Q[0]
    SLICE_X60Y87         LUT4 (Prop_lut4_I0_O)        0.124     6.851 r  converter/FSM_sequential_state[2]_i_3/O
                         net (fo=12, routed)          0.522     7.373    converter/char_idx_reg[0]_0
    SLICE_X61Y87         LUT6 (Prop_lut6_I5_O)        0.124     7.497 r  converter/char_idx[3]_i_1/O
                         net (fo=4, routed)           2.257     9.755    converter/char_idx[3]_i_1_n_0
    SLICE_X61Y87         FDRE                                         r  converter/char_idx_reg[1]/CE
  -------------------------------------------------------------------    -------------------

                         (clock sys_clk_pin rise edge)
                                                     83.330    83.330 r  
    L17                                               0.000    83.330 r  clk (IN)
                         net (fo=0)                   0.000    83.330    clk
    L17                  IBUF (Prop_ibuf_I_O)         1.406    84.736 r  clk_IBUF_inst/O
                         net (fo=1, routed)           1.868    86.604    clk_IBUF
    BUFGCTRL_X0Y1        BUFG (Prop_bufg_I_O)         0.091    86.695 r  clk_IBUF_BUFG_inst/O
                         net (fo=45, routed)          1.504    88.198    converter/clk
    SLICE_X61Y87         FDRE                                         r  converter/char_idx_reg[1]/C
                         clock pessimism              0.274    88.473    
                         clock uncertainty           -0.035    88.437    
    SLICE_X61Y87         FDRE (Setup_fdre_C_CE)      -0.205    88.232    converter/char_idx_reg[1]
  -------------------------------------------------------------------
                         required time                         88.232    
                         arrival time                          -9.755    
  -------------------------------------------------------------------
                         slack                                 78.478    





Min Delay Paths
--------------------------------------------------------------------------------------
Slack (MET) :             0.150ns  (arrival time - required time)
  Source:                 uartTX/clk_count_reg[2]/C
                            (rising edge-triggered cell FDRE clocked by sys_clk_pin  {rise@0.000ns fall@41.660ns period=83.330ns})
  Destination:            uartTX/clk_count_reg[5]/D
                            (rising edge-triggered cell FDRE clocked by sys_clk_pin  {rise@0.000ns fall@41.660ns period=83.330ns})
  Path Group:             sys_clk_pin
  Path Type:              Hold (Min at Fast Process Corner)
  Requirement:            0.000ns  (sys_clk_pin rise@0.000ns - sys_clk_pin rise@0.000ns)
  Data Path Delay:        0.284ns  (logic 0.186ns (65.421%)  route 0.098ns (34.579%))
  Logic Levels:           1  (LUT6=1)
  Clock Path Skew:        0.013ns (DCD - SCD - CPR)
    Destination Clock Delay (DCD):    1.976ns
    Source Clock Delay      (SCD):    1.464ns
    Clock Pessimism Removal (CPR):    0.499ns

    Location             Delay type                Incr(ns)  Path(ns)    Netlist Resource(s)
  -------------------------------------------------------------------    -------------------
                         (clock sys_clk_pin rise edge)
                                                      0.000     0.000 r  
    L17                                               0.000     0.000 r  clk (IN)
                         net (fo=0)                   0.000     0.000    clk
    L17                  IBUF (Prop_ibuf_I_O)         0.244     0.244 r  clk_IBUF_inst/O
                         net (fo=1, routed)           0.634     0.878    clk_IBUF
    BUFGCTRL_X0Y1        BUFG (Prop_bufg_I_O)         0.026     0.904 r  clk_IBUF_BUFG_inst/O
                         net (fo=45, routed)          0.560     1.464    uartTX/clk
    SLICE_X57Y82         FDRE                                         r  uartTX/clk_count_reg[2]/C
  -------------------------------------------------------------------    -------------------
    SLICE_X57Y82         FDRE (Prop_fdre_C_Q)         0.141     1.605 r  uartTX/clk_count_reg[2]/Q
                         net (fo=6, routed)           0.098     1.703    uartTX/clk_count_reg[2]
    SLICE_X56Y82         LUT6 (Prop_lut6_I4_O)        0.045     1.748 r  uartTX/clk_count[5]_i_2/O
                         net (fo=1, routed)           0.000     1.748    uartTX/clk_count[5]_i_2_n_0
    SLICE_X56Y82         FDRE                                         r  uartTX/clk_count_reg[5]/D
  -------------------------------------------------------------------    -------------------

                         (clock sys_clk_pin rise edge)
                                                      0.000     0.000 r  
    L17                                               0.000     0.000 r  clk (IN)
                         net (fo=0)                   0.000     0.000    clk
    L17                  IBUF (Prop_ibuf_I_O)         0.432     0.432 r  clk_IBUF_inst/O
                         net (fo=1, routed)           0.689     1.120    clk_IBUF
    BUFGCTRL_X0Y1        BUFG (Prop_bufg_I_O)         0.029     1.149 r  clk_IBUF_BUFG_inst/O
                         net (fo=45, routed)          0.826     1.976    uartTX/clk
    SLICE_X56Y82         FDRE                                         r  uartTX/clk_count_reg[5]/C
                         clock pessimism             -0.499     1.477    
    SLICE_X56Y82         FDRE (Hold_fdre_C_D)         0.121     1.598    uartTX/clk_count_reg[5]
  -------------------------------------------------------------------
                         required time                         -1.598    
                         arrival time                           1.748    
  -------------------------------------------------------------------
                         slack                                  0.150    

Slack (MET) :             0.163ns  (arrival time - required time)
  Source:                 uartTX/bit_index_reg[2]/C
                            (rising edge-triggered cell FDRE clocked by sys_clk_pin  {rise@0.000ns fall@41.660ns period=83.330ns})
  Destination:            uartTX/tx_line_reg/D
                            (rising edge-triggered cell FDPE clocked by sys_clk_pin  {rise@0.000ns fall@41.660ns period=83.330ns})
  Path Group:             sys_clk_pin
  Path Type:              Hold (Min at Fast Process Corner)
  Requirement:            0.000ns  (sys_clk_pin rise@0.000ns - sys_clk_pin rise@0.000ns)
  Data Path Delay:        0.296ns  (logic 0.186ns (62.765%)  route 0.110ns (37.235%))
  Logic Levels:           1  (LUT5=1)
  Clock Path Skew:        0.013ns (DCD - SCD - CPR)
    Destination Clock Delay (DCD):    1.978ns
    Source Clock Delay      (SCD):    1.466ns
    Clock Pessimism Removal (CPR):    0.499ns

    Location             Delay type                Incr(ns)  Path(ns)    Netlist Resource(s)
  -------------------------------------------------------------------    -------------------
                         (clock sys_clk_pin rise edge)
                                                      0.000     0.000 r  
    L17                                               0.000     0.000 r  clk (IN)
                         net (fo=0)                   0.000     0.000    clk
    L17                  IBUF (Prop_ibuf_I_O)         0.244     0.244 r  clk_IBUF_inst/O
                         net (fo=1, routed)           0.634     0.878    clk_IBUF
    BUFGCTRL_X0Y1        BUFG (Prop_bufg_I_O)         0.026     0.904 r  clk_IBUF_BUFG_inst/O
                         net (fo=45, routed)          0.562     1.466    uartTX/clk
    SLICE_X57Y84         FDRE                                         r  uartTX/bit_index_reg[2]/C
  -------------------------------------------------------------------    -------------------
    SLICE_X57Y84         FDRE (Prop_fdre_C_Q)         0.141     1.607 r  uartTX/bit_index_reg[2]/Q
                         net (fo=3, routed)           0.110     1.717    uartTX/bit_index_reg_n_0_[2]
    SLICE_X56Y84         LUT5 (Prop_lut5_I1_O)        0.045     1.762 r  uartTX/tx_line_i_1/O
                         net (fo=1, routed)           0.000     1.762    uartTX/tx_line_i_1_n_0
    SLICE_X56Y84         FDPE                                         r  uartTX/tx_line_reg/D
  -------------------------------------------------------------------    -------------------

                         (clock sys_clk_pin rise edge)
                                                      0.000     0.000 r  
    L17                                               0.000     0.000 r  clk (IN)
                         net (fo=0)                   0.000     0.000    clk
    L17                  IBUF (Prop_ibuf_I_O)         0.432     0.432 r  clk_IBUF_inst/O
                         net (fo=1, routed)           0.689     1.120    clk_IBUF
    BUFGCTRL_X0Y1        BUFG (Prop_bufg_I_O)         0.029     1.149 r  clk_IBUF_BUFG_inst/O
                         net (fo=45, routed)          0.828     1.978    uartTX/clk
    SLICE_X56Y84         FDPE                                         r  uartTX/tx_line_reg/C
                         clock pessimism             -0.499     1.479    
    SLICE_X56Y84         FDPE (Hold_fdpe_C_D)         0.120     1.599    uartTX/tx_line_reg
  -------------------------------------------------------------------
                         required time                         -1.599    
                         arrival time                           1.762    
  -------------------------------------------------------------------
                         slack                                  0.163    

Slack (MET) :             0.166ns  (arrival time - required time)
  Source:                 converter/uart_data_reg[5]/C
                            (rising edge-triggered cell FDRE clocked by sys_clk_pin  {rise@0.000ns fall@41.660ns period=83.330ns})
  Destination:            uartTX/data_hold_reg[5]/D
                            (rising edge-triggered cell FDRE clocked by sys_clk_pin  {rise@0.000ns fall@41.660ns period=83.330ns})
  Path Group:             sys_clk_pin
  Path Type:              Hold (Min at Fast Process Corner)
  Requirement:            0.000ns  (sys_clk_pin rise@0.000ns - sys_clk_pin rise@0.000ns)
  Data Path Delay:        0.251ns  (logic 0.141ns (56.174%)  route 0.110ns (43.826%))
  Logic Levels:           0  
  Clock Path Skew:        0.015ns (DCD - SCD - CPR)
    Destination Clock Delay (DCD):    2.006ns
    Source Clock Delay      (SCD):    1.492ns
    Clock Pessimism Removal (CPR):    0.499ns

    Location             Delay type                Incr(ns)  Path(ns)    Netlist Resource(s)
  -------------------------------------------------------------------    -------------------
                         (clock sys_clk_pin rise edge)
                                                      0.000     0.000 r  
    L17                                               0.000     0.000 r  clk (IN)
                         net (fo=0)                   0.000     0.000    clk
    L17                  IBUF (Prop_ibuf_I_O)         0.244     0.244 r  clk_IBUF_inst/O
                         net (fo=1, routed)           0.634     0.878    clk_IBUF
    BUFGCTRL_X0Y1        BUFG (Prop_bufg_I_O)         0.026     0.904 r  clk_IBUF_BUFG_inst/O
                         net (fo=45, routed)          0.588     1.492    converter/clk
    SLICE_X59Y86         FDRE                                         r  converter/uart_data_reg[5]/C
  -------------------------------------------------------------------    -------------------
    SLICE_X59Y86         FDRE (Prop_fdre_C_Q)         0.141     1.633 r  converter/uart_data_reg[5]/Q
                         net (fo=1, routed)           0.110     1.743    uartTX/D[5]
    SLICE_X59Y85         FDRE                                         r  uartTX/data_hold_reg[5]/D
  -------------------------------------------------------------------    -------------------

                         (clock sys_clk_pin rise edge)
                                                      0.000     0.000 r  
    L17                                               0.000     0.000 r  clk (IN)
                         net (fo=0)                   0.000     0.000    clk
    L17                  IBUF (Prop_ibuf_I_O)         0.432     0.432 r  clk_IBUF_inst/O
                         net (fo=1, routed)           0.689     1.120    clk_IBUF
    BUFGCTRL_X0Y1        BUFG (Prop_bufg_I_O)         0.029     1.149 r  clk_IBUF_BUFG_inst/O
                         net (fo=45, routed)          0.856     2.006    uartTX/clk
    SLICE_X59Y85         FDRE                                         r  uartTX/data_hold_reg[5]/C
                         clock pessimism             -0.499     1.507    
    SLICE_X59Y85         FDRE (Hold_fdre_C_D)         0.070     1.577    uartTX/data_hold_reg[5]
  -------------------------------------------------------------------
                         required time                         -1.577    
                         arrival time                           1.743    
  -------------------------------------------------------------------
                         slack                                  0.166    

Slack (MET) :             0.170ns  (arrival time - required time)
  Source:                 uartTX/data_hold_reg[3]/C
                            (rising edge-triggered cell FDRE clocked by sys_clk_pin  {rise@0.000ns fall@41.660ns period=83.330ns})
  Destination:            uartTX/shift_reg_reg[3]/D
                            (rising edge-triggered cell FDRE clocked by sys_clk_pin  {rise@0.000ns fall@41.660ns period=83.330ns})
  Path Group:             sys_clk_pin
  Path Type:              Hold (Min at Fast Process Corner)
  Requirement:            0.000ns  (sys_clk_pin rise@0.000ns - sys_clk_pin rise@0.000ns)
  Data Path Delay:        0.257ns  (logic 0.141ns (54.912%)  route 0.116ns (45.088%))
  Logic Levels:           0  
  Clock Path Skew:        0.015ns (DCD - SCD - CPR)
    Destination Clock Delay (DCD):    2.006ns
    Source Clock Delay      (SCD):    1.492ns
    Clock Pessimism Removal (CPR):    0.499ns

    Location             Delay type                Incr(ns)  Path(ns)    Netlist Resource(s)
  -------------------------------------------------------------------    -------------------
                         (clock sys_clk_pin rise edge)
                                                      0.000     0.000 r  
    L17                                               0.000     0.000 r  clk (IN)
                         net (fo=0)                   0.000     0.000    clk
    L17                  IBUF (Prop_ibuf_I_O)         0.244     0.244 r  clk_IBUF_inst/O
                         net (fo=1, routed)           0.634     0.878    clk_IBUF
    BUFGCTRL_X0Y1        BUFG (Prop_bufg_I_O)         0.026     0.904 r  clk_IBUF_BUFG_inst/O
                         net (fo=45, routed)          0.588     1.492    uartTX/clk
    SLICE_X58Y86         FDRE                                         r  uartTX/data_hold_reg[3]/C
  -------------------------------------------------------------------    -------------------
    SLICE_X58Y86         FDRE (Prop_fdre_C_Q)         0.141     1.633 r  uartTX/data_hold_reg[3]/Q
                         net (fo=1, routed)           0.116     1.749    uartTX/data_hold[3]
    SLICE_X58Y85         FDRE                                         r  uartTX/shift_reg_reg[3]/D
  -------------------------------------------------------------------    -------------------

                         (clock sys_clk_pin rise edge)
                                                      0.000     0.000 r  
    L17                                               0.000     0.000 r  clk (IN)
                         net (fo=0)                   0.000     0.000    clk
    L17                  IBUF (Prop_ibuf_I_O)         0.432     0.432 r  clk_IBUF_inst/O
                         net (fo=1, routed)           0.689     1.120    clk_IBUF
    BUFGCTRL_X0Y1        BUFG (Prop_bufg_I_O)         0.029     1.149 r  clk_IBUF_BUFG_inst/O
                         net (fo=45, routed)          0.856     2.006    uartTX/clk
    SLICE_X58Y85         FDRE                                         r  uartTX/shift_reg_reg[3]/C
                         clock pessimism             -0.499     1.507    
    SLICE_X58Y85         FDRE (Hold_fdre_C_D)         0.072     1.579    uartTX/shift_reg_reg[3]
  -------------------------------------------------------------------
                         required time                         -1.579    
                         arrival time                           1.749    
  -------------------------------------------------------------------
                         slack                                  0.170    

Slack (MET) :             0.170ns  (arrival time - required time)
  Source:                 converter/uart_data_reg[6]/C
                            (rising edge-triggered cell FDRE clocked by sys_clk_pin  {rise@0.000ns fall@41.660ns period=83.330ns})
  Destination:            uartTX/data_hold_reg[6]/D
                            (rising edge-triggered cell FDRE clocked by sys_clk_pin  {rise@0.000ns fall@41.660ns period=83.330ns})
  Path Group:             sys_clk_pin
  Path Type:              Hold (Min at Fast Process Corner)
  Requirement:            0.000ns  (sys_clk_pin rise@0.000ns - sys_clk_pin rise@0.000ns)
  Data Path Delay:        0.251ns  (logic 0.141ns (56.174%)  route 0.110ns (43.826%))
  Logic Levels:           0  
  Clock Path Skew:        0.015ns (DCD - SCD - CPR)
    Destination Clock Delay (DCD):    2.006ns
    Source Clock Delay      (SCD):    1.492ns
    Clock Pessimism Removal (CPR):    0.499ns

    Location             Delay type                Incr(ns)  Path(ns)    Netlist Resource(s)
  -------------------------------------------------------------------    -------------------
                         (clock sys_clk_pin rise edge)
                                                      0.000     0.000 r  
    L17                                               0.000     0.000 r  clk (IN)
                         net (fo=0)                   0.000     0.000    clk
    L17                  IBUF (Prop_ibuf_I_O)         0.244     0.244 r  clk_IBUF_inst/O
                         net (fo=1, routed)           0.634     0.878    clk_IBUF
    BUFGCTRL_X0Y1        BUFG (Prop_bufg_I_O)         0.026     0.904 r  clk_IBUF_BUFG_inst/O
                         net (fo=45, routed)          0.588     1.492    converter/clk
    SLICE_X59Y86         FDRE                                         r  converter/uart_data_reg[6]/C
  -------------------------------------------------------------------    -------------------
    SLICE_X59Y86         FDRE (Prop_fdre_C_Q)         0.141     1.633 r  converter/uart_data_reg[6]/Q
                         net (fo=1, routed)           0.110     1.743    uartTX/D[6]
    SLICE_X59Y85         FDRE                                         r  uartTX/data_hold_reg[6]/D
  -------------------------------------------------------------------    -------------------

                         (clock sys_clk_pin rise edge)
                                                      0.000     0.000 r  
    L17                                               0.000     0.000 r  clk (IN)
                         net (fo=0)                   0.000     0.000    clk
    L17                  IBUF (Prop_ibuf_I_O)         0.432     0.432 r  clk_IBUF_inst/O
                         net (fo=1, routed)           0.689     1.120    clk_IBUF
    BUFGCTRL_X0Y1        BUFG (Prop_bufg_I_O)         0.029     1.149 r  clk_IBUF_BUFG_inst/O
                         net (fo=45, routed)          0.856     2.006    uartTX/clk
    SLICE_X59Y85         FDRE                                         r  uartTX/data_hold_reg[6]/C
                         clock pessimism             -0.499     1.507    
    SLICE_X59Y85         FDRE (Hold_fdre_C_D)         0.066     1.573    uartTX/data_hold_reg[6]
  -------------------------------------------------------------------
                         required time                         -1.573    
                         arrival time                           1.743    
  -------------------------------------------------------------------
                         slack                                  0.170    

Slack (MET) :             0.198ns  (arrival time - required time)
  Source:                 uartTX/FSM_sequential_state_reg[0]/C
                            (rising edge-triggered cell FDCE clocked by sys_clk_pin  {rise@0.000ns fall@41.660ns period=83.330ns})
  Destination:            uartTX/FSM_sequential_state_reg[1]/D
                            (rising edge-triggered cell FDCE clocked by sys_clk_pin  {rise@0.000ns fall@41.660ns period=83.330ns})
  Path Group:             sys_clk_pin
  Path Type:              Hold (Min at Fast Process Corner)
  Requirement:            0.000ns  (sys_clk_pin rise@0.000ns - sys_clk_pin rise@0.000ns)
  Data Path Delay:        0.331ns  (logic 0.186ns (56.247%)  route 0.145ns (43.753%))
  Logic Levels:           1  (LUT5=1)
  Clock Path Skew:        0.013ns (DCD - SCD - CPR)
    Destination Clock Delay (DCD):    1.979ns
    Source Clock Delay      (SCD):    1.466ns
    Clock Pessimism Removal (CPR):    0.500ns

    Location             Delay type                Incr(ns)  Path(ns)    Netlist Resource(s)
  -------------------------------------------------------------------    -------------------
                         (clock sys_clk_pin rise edge)
                                                      0.000     0.000 r  
    L17                                               0.000     0.000 r  clk (IN)
                         net (fo=0)                   0.000     0.000    clk
    L17                  IBUF (Prop_ibuf_I_O)         0.244     0.244 r  clk_IBUF_inst/O
                         net (fo=1, routed)           0.634     0.878    clk_IBUF
    BUFGCTRL_X0Y1        BUFG (Prop_bufg_I_O)         0.026     0.904 r  clk_IBUF_BUFG_inst/O
                         net (fo=45, routed)          0.562     1.466    uartTX/clk
    SLICE_X57Y85         FDCE                                         r  uartTX/FSM_sequential_state_reg[0]/C
  -------------------------------------------------------------------    -------------------
    SLICE_X57Y85         FDCE (Prop_fdce_C_Q)         0.141     1.607 r  uartTX/FSM_sequential_state_reg[0]/Q
                         net (fo=10, routed)          0.145     1.751    uartTX/state__0[0]
    SLICE_X56Y85         LUT5 (Prop_lut5_I1_O)        0.045     1.796 r  uartTX/FSM_sequential_state[1]_i_1/O
                         net (fo=1, routed)           0.000     1.796    uartTX/FSM_sequential_state[1]_i_1_n_0
    SLICE_X56Y85         FDCE                                         r  uartTX/FSM_sequential_state_reg[1]/D
  -------------------------------------------------------------------    -------------------

                         (clock sys_clk_pin rise edge)
                                                      0.000     0.000 r  
    L17                                               0.000     0.000 r  clk (IN)
                         net (fo=0)                   0.000     0.000    clk
    L17                  IBUF (Prop_ibuf_I_O)         0.432     0.432 r  clk_IBUF_inst/O
                         net (fo=1, routed)           0.689     1.120    clk_IBUF
    BUFGCTRL_X0Y1        BUFG (Prop_bufg_I_O)         0.029     1.149 r  clk_IBUF_BUFG_inst/O
                         net (fo=45, routed)          0.829     1.979    uartTX/clk
    SLICE_X56Y85         FDCE                                         r  uartTX/FSM_sequential_state_reg[1]/C
                         clock pessimism             -0.500     1.479    
    SLICE_X56Y85         FDCE (Hold_fdce_C_D)         0.120     1.599    uartTX/FSM_sequential_state_reg[1]
  -------------------------------------------------------------------
                         required time                         -1.599    
                         arrival time                           1.796    
  -------------------------------------------------------------------
                         slack                                  0.198    

Slack (MET) :             0.201ns  (arrival time - required time)
  Source:                 uartTX/FSM_sequential_state_reg[0]/C
                            (rising edge-triggered cell FDCE clocked by sys_clk_pin  {rise@0.000ns fall@41.660ns period=83.330ns})
  Destination:            uartTX/FSM_sequential_state_reg[2]_inv/D
                            (rising edge-triggered cell FDPE clocked by sys_clk_pin  {rise@0.000ns fall@41.660ns period=83.330ns})
  Path Group:             sys_clk_pin
  Path Type:              Hold (Min at Fast Process Corner)
  Requirement:            0.000ns  (sys_clk_pin rise@0.000ns - sys_clk_pin rise@0.000ns)
  Data Path Delay:        0.335ns  (logic 0.186ns (55.575%)  route 0.149ns (44.425%))
  Logic Levels:           1  (LUT5=1)
  Clock Path Skew:        0.013ns (DCD - SCD - CPR)
    Destination Clock Delay (DCD):    1.979ns
    Source Clock Delay      (SCD):    1.466ns
    Clock Pessimism Removal (CPR):    0.500ns

    Location             Delay type                Incr(ns)  Path(ns)    Netlist Resource(s)
  -------------------------------------------------------------------    -------------------
                         (clock sys_clk_pin rise edge)
                                                      0.000     0.000 r  
    L17                                               0.000     0.000 r  clk (IN)
                         net (fo=0)                   0.000     0.000    clk
    L17                  IBUF (Prop_ibuf_I_O)         0.244     0.244 r  clk_IBUF_inst/O
                         net (fo=1, routed)           0.634     0.878    clk_IBUF
    BUFGCTRL_X0Y1        BUFG (Prop_bufg_I_O)         0.026     0.904 r  clk_IBUF_BUFG_inst/O
                         net (fo=45, routed)          0.562     1.466    uartTX/clk
    SLICE_X57Y85         FDCE                                         r  uartTX/FSM_sequential_state_reg[0]/C
  -------------------------------------------------------------------    -------------------
    SLICE_X57Y85         FDCE (Prop_fdce_C_Q)         0.141     1.607 r  uartTX/FSM_sequential_state_reg[0]/Q
                         net (fo=10, routed)          0.149     1.755    uartTX/state__0[0]
    SLICE_X56Y85         LUT5 (Prop_lut5_I1_O)        0.045     1.800 r  uartTX/FSM_sequential_state[2]_inv_i_1/O
                         net (fo=1, routed)           0.000     1.800    uartTX/FSM_sequential_state[2]_inv_i_1_n_0
    SLICE_X56Y85         FDPE                                         r  uartTX/FSM_sequential_state_reg[2]_inv/D
  -------------------------------------------------------------------    -------------------

                         (clock sys_clk_pin rise edge)
                                                      0.000     0.000 r  
    L17                                               0.000     0.000 r  clk (IN)
                         net (fo=0)                   0.000     0.000    clk
    L17                  IBUF (Prop_ibuf_I_O)         0.432     0.432 r  clk_IBUF_inst/O
                         net (fo=1, routed)           0.689     1.120    clk_IBUF
    BUFGCTRL_X0Y1        BUFG (Prop_bufg_I_O)         0.029     1.149 r  clk_IBUF_BUFG_inst/O
                         net (fo=45, routed)          0.829     1.979    uartTX/clk
    SLICE_X56Y85         FDPE                                         r  uartTX/FSM_sequential_state_reg[2]_inv/C
                         clock pessimism             -0.500     1.479    
    SLICE_X56Y85         FDPE (Hold_fdpe_C_D)         0.121     1.600    uartTX/FSM_sequential_state_reg[2]_inv
  -------------------------------------------------------------------
                         required time                         -1.600    
                         arrival time                           1.800    
  -------------------------------------------------------------------
                         slack                                  0.201    

Slack (MET) :             0.222ns  (arrival time - required time)
  Source:                 uartTX/data_hold_reg[6]/C
                            (rising edge-triggered cell FDRE clocked by sys_clk_pin  {rise@0.000ns fall@41.660ns period=83.330ns})
  Destination:            uartTX/shift_reg_reg[6]/D
                            (rising edge-triggered cell FDRE clocked by sys_clk_pin  {rise@0.000ns fall@41.660ns period=83.330ns})
  Path Group:             sys_clk_pin
  Path Type:              Hold (Min at Fast Process Corner)
  Requirement:            0.000ns  (sys_clk_pin rise@0.000ns - sys_clk_pin rise@0.000ns)
  Data Path Delay:        0.311ns  (logic 0.141ns (45.298%)  route 0.170ns (54.702%))
  Logic Levels:           0  
  Clock Path Skew:        0.013ns (DCD - SCD - CPR)
    Destination Clock Delay (DCD):    2.006ns
    Source Clock Delay      (SCD):    1.492ns
    Clock Pessimism Removal (CPR):    0.501ns

    Location             Delay type                Incr(ns)  Path(ns)    Netlist Resource(s)
  -------------------------------------------------------------------    -------------------
                         (clock sys_clk_pin rise edge)
                                                      0.000     0.000 r  
    L17                                               0.000     0.000 r  clk (IN)
                         net (fo=0)                   0.000     0.000    clk
    L17                  IBUF (Prop_ibuf_I_O)         0.244     0.244 r  clk_IBUF_inst/O
                         net (fo=1, routed)           0.634     0.878    clk_IBUF
    BUFGCTRL_X0Y1        BUFG (Prop_bufg_I_O)         0.026     0.904 r  clk_IBUF_BUFG_inst/O
                         net (fo=45, routed)          0.588     1.492    uartTX/clk
    SLICE_X59Y85         FDRE                                         r  uartTX/data_hold_reg[6]/C
  -------------------------------------------------------------------    -------------------
    SLICE_X59Y85         FDRE (Prop_fdre_C_Q)         0.141     1.633 r  uartTX/data_hold_reg[6]/Q
                         net (fo=1, routed)           0.170     1.803    uartTX/data_hold[6]
    SLICE_X58Y85         FDRE                                         r  uartTX/shift_reg_reg[6]/D
  -------------------------------------------------------------------    -------------------

                         (clock sys_clk_pin rise edge)
                                                      0.000     0.000 r  
    L17                                               0.000     0.000 r  clk (IN)
                         net (fo=0)                   0.000     0.000    clk
    L17                  IBUF (Prop_ibuf_I_O)         0.432     0.432 r  clk_IBUF_inst/O
                         net (fo=1, routed)           0.689     1.120    clk_IBUF
    BUFGCTRL_X0Y1        BUFG (Prop_bufg_I_O)         0.029     1.149 r  clk_IBUF_BUFG_inst/O
                         net (fo=45, routed)          0.856     2.006    uartTX/clk
    SLICE_X58Y85         FDRE                                         r  uartTX/shift_reg_reg[6]/C
                         clock pessimism             -0.501     1.505    
    SLICE_X58Y85         FDRE (Hold_fdre_C_D)         0.076     1.581    uartTX/shift_reg_reg[6]
  -------------------------------------------------------------------
                         required time                         -1.581    
                         arrival time                           1.803    
  -------------------------------------------------------------------
                         slack                                  0.222    

Slack (MET) :             0.228ns  (arrival time - required time)
  Source:                 uartTX/data_hold_reg[2]/C
                            (rising edge-triggered cell FDRE clocked by sys_clk_pin  {rise@0.000ns fall@41.660ns period=83.330ns})
  Destination:            uartTX/shift_reg_reg[2]/D
                            (rising edge-triggered cell FDRE clocked by sys_clk_pin  {rise@0.000ns fall@41.660ns period=83.330ns})
  Path Group:             sys_clk_pin
  Path Type:              Hold (Min at Fast Process Corner)
  Requirement:            0.000ns  (sys_clk_pin rise@0.000ns - sys_clk_pin rise@0.000ns)
  Data Path Delay:        0.290ns  (logic 0.141ns (48.556%)  route 0.149ns (51.444%))
  Logic Levels:           0  
  Clock Path Skew:        0.015ns (DCD - SCD - CPR)
    Destination Clock Delay (DCD):    2.006ns
    Source Clock Delay      (SCD):    1.492ns
    Clock Pessimism Removal (CPR):    0.499ns

    Location             Delay type                Incr(ns)  Path(ns)    Netlist Resource(s)
  -------------------------------------------------------------------    -------------------
                         (clock sys_clk_pin rise edge)
                                                      0.000     0.000 r  
    L17                                               0.000     0.000 r  clk (IN)
                         net (fo=0)                   0.000     0.000    clk
    L17                  IBUF (Prop_ibuf_I_O)         0.244     0.244 r  clk_IBUF_inst/O
                         net (fo=1, routed)           0.634     0.878    clk_IBUF
    BUFGCTRL_X0Y1        BUFG (Prop_bufg_I_O)         0.026     0.904 r  clk_IBUF_BUFG_inst/O
                         net (fo=45, routed)          0.588     1.492    uartTX/clk
    SLICE_X58Y86         FDRE                                         r  uartTX/data_hold_reg[2]/C
  -------------------------------------------------------------------    -------------------
    SLICE_X58Y86         FDRE (Prop_fdre_C_Q)         0.141     1.633 r  uartTX/data_hold_reg[2]/Q
                         net (fo=1, routed)           0.149     1.782    uartTX/data_hold[2]
    SLICE_X58Y85         FDRE                                         r  uartTX/shift_reg_reg[2]/D
  -------------------------------------------------------------------    -------------------

                         (clock sys_clk_pin rise edge)
                                                      0.000     0.000 r  
    L17                                               0.000     0.000 r  clk (IN)
                         net (fo=0)                   0.000     0.000    clk
    L17                  IBUF (Prop_ibuf_I_O)         0.432     0.432 r  clk_IBUF_inst/O
                         net (fo=1, routed)           0.689     1.120    clk_IBUF
    BUFGCTRL_X0Y1        BUFG (Prop_bufg_I_O)         0.029     1.149 r  clk_IBUF_BUFG_inst/O
                         net (fo=45, routed)          0.856     2.006    uartTX/clk
    SLICE_X58Y85         FDRE                                         r  uartTX/shift_reg_reg[2]/C
                         clock pessimism             -0.499     1.507    
    SLICE_X58Y85         FDRE (Hold_fdre_C_D)         0.047     1.554    uartTX/shift_reg_reg[2]
  -------------------------------------------------------------------
                         required time                         -1.554    
                         arrival time                           1.782    
  -------------------------------------------------------------------
                         slack                                  0.228    

Slack (MET) :             0.233ns  (arrival time - required time)
  Source:                 uartTX/FSM_sequential_state_reg[1]/C
                            (rising edge-triggered cell FDCE clocked by sys_clk_pin  {rise@0.000ns fall@41.660ns period=83.330ns})
  Destination:            uartTX/FSM_sequential_state_reg[0]/D
                            (rising edge-triggered cell FDCE clocked by sys_clk_pin  {rise@0.000ns fall@41.660ns period=83.330ns})
  Path Group:             sys_clk_pin
  Path Type:              Hold (Min at Fast Process Corner)
  Requirement:            0.000ns  (sys_clk_pin rise@0.000ns - sys_clk_pin rise@0.000ns)
  Data Path Delay:        0.337ns  (logic 0.209ns (62.101%)  route 0.128ns (37.899%))
  Logic Levels:           1  (LUT6=1)
  Clock Path Skew:        0.013ns (DCD - SCD - CPR)
    Destination Clock Delay (DCD):    1.979ns
    Source Clock Delay      (SCD):    1.466ns
    Clock Pessimism Removal (CPR):    0.500ns

    Location             Delay type                Incr(ns)  Path(ns)    Netlist Resource(s)
  -------------------------------------------------------------------    -------------------
                         (clock sys_clk_pin rise edge)
                                                      0.000     0.000 r  
    L17                                               0.000     0.000 r  clk (IN)
                         net (fo=0)                   0.000     0.000    clk
    L17                  IBUF (Prop_ibuf_I_O)         0.244     0.244 r  clk_IBUF_inst/O
                         net (fo=1, routed)           0.634     0.878    clk_IBUF
    BUFGCTRL_X0Y1        BUFG (Prop_bufg_I_O)         0.026     0.904 r  clk_IBUF_BUFG_inst/O
                         net (fo=45, routed)          0.562     1.466    uartTX/clk
    SLICE_X56Y85         FDCE                                         r  uartTX/FSM_sequential_state_reg[1]/C
  -------------------------------------------------------------------    -------------------
    SLICE_X56Y85         FDCE (Prop_fdce_C_Q)         0.164     1.630 r  uartTX/FSM_sequential_state_reg[1]/Q
                         net (fo=10, routed)          0.128     1.757    uartTX/state__0[1]
    SLICE_X57Y85         LUT6 (Prop_lut6_I2_O)        0.045     1.802 r  uartTX/FSM_sequential_state[0]_i_1/O
                         net (fo=1, routed)           0.000     1.802    uartTX/FSM_sequential_state[0]_i_1_n_0
    SLICE_X57Y85         FDCE                                         r  uartTX/FSM_sequential_state_reg[0]/D
  -------------------------------------------------------------------    -------------------

                         (clock sys_clk_pin rise edge)
                                                      0.000     0.000 r  
    L17                                               0.000     0.000 r  clk (IN)
                         net (fo=0)                   0.000     0.000    clk
    L17                  IBUF (Prop_ibuf_I_O)         0.432     0.432 r  clk_IBUF_inst/O
                         net (fo=1, routed)           0.689     1.120    clk_IBUF
    BUFGCTRL_X0Y1        BUFG (Prop_bufg_I_O)         0.029     1.149 r  clk_IBUF_BUFG_inst/O
                         net (fo=45, routed)          0.829     1.979    uartTX/clk
    SLICE_X57Y85         FDCE                                         r  uartTX/FSM_sequential_state_reg[0]/C
                         clock pessimism             -0.500     1.479    
    SLICE_X57Y85         FDCE (Hold_fdce_C_D)         0.091     1.570    uartTX/FSM_sequential_state_reg[0]
  -------------------------------------------------------------------
                         required time                         -1.570    
                         arrival time                           1.802    
  -------------------------------------------------------------------
                         slack                                  0.233    





Pulse Width Checks
--------------------------------------------------------------------------------------
Clock Name:         sys_clk_pin
Waveform(ns):       { 0.000 41.660 }
Period(ns):         83.330
Sources:            { clk }

Check Type        Corner  Lib Pin  Reference Pin  Required(ns)  Actual(ns)  Slack(ns)  Location       Pin
Min Period        n/a     BUFG/I   n/a            2.155         83.330      81.175     BUFGCTRL_X0Y1  clk_IBUF_BUFG_inst/I
Min Period        n/a     FDCE/C   n/a            1.000         83.330      82.330     SLICE_X60Y88   converter/FSM_sequential_state_reg[1]/C
Min Period        n/a     FDCE/C   n/a            1.000         83.330      82.330     SLICE_X60Y88   converter/FSM_sequential_state_reg[2]/C
Min Period        n/a     FDRE/C   n/a            1.000         83.330      82.330     SLICE_X60Y87   converter/char_idx_reg[0]/C
Min Period        n/a     FDRE/C   n/a            1.000         83.330      82.330     SLICE_X61Y87   converter/char_idx_reg[1]/C
Min Period        n/a     FDRE/C   n/a            1.000         83.330      82.330     SLICE_X59Y89   converter/char_idx_reg[2]/C
Min Period        n/a     FDRE/C   n/a            1.000         83.330      82.330     SLICE_X59Y89   converter/char_idx_reg[3]/C
Min Period        n/a     FDCE/C   n/a            1.000         83.330      82.330     SLICE_X57Y85   uartTX/FSM_sequential_state_reg[0]/C
Min Period        n/a     FDCE/C   n/a            1.000         83.330      82.330     SLICE_X56Y85   uartTX/FSM_sequential_state_reg[1]/C
Min Period        n/a     FDPE/C   n/a            1.000         83.330      82.330     SLICE_X56Y85   uartTX/FSM_sequential_state_reg[2]_inv/C
Low Pulse Width   Fast    FDRE/C   n/a            0.500         41.670      41.170     SLICE_X58Y84   uartTX/bit_index_reg[0]/C
Low Pulse Width   Fast    FDRE/C   n/a            0.500         41.670      41.170     SLICE_X58Y84   uartTX/bit_index_reg[1]/C
Low Pulse Width   Slow    FDRE/C   n/a            0.500         41.670      41.170     SLICE_X57Y83   uartTX/clk_count_reg[0]/C
Low Pulse Width   Slow    FDRE/C   n/a            0.500         41.670      41.170     SLICE_X56Y83   uartTX/clk_count_reg[6]/C
Low Pulse Width   Fast    FDRE/C   n/a            0.500         41.670      41.170     SLICE_X58Y86   uartTX/data_hold_reg[0]/C
Low Pulse Width   Fast    FDRE/C   n/a            0.500         41.670      41.170     SLICE_X58Y86   uartTX/data_hold_reg[1]/C
Low Pulse Width   Fast    FDRE/C   n/a            0.500         41.670      41.170     SLICE_X58Y86   uartTX/data_hold_reg[2]/C
Low Pulse Width   Fast    FDRE/C   n/a            0.500         41.670      41.170     SLICE_X58Y86   uartTX/data_hold_reg[3]/C
Low Pulse Width   Fast    FDRE/C   n/a            0.500         41.670      41.170     SLICE_X58Y86   uartTX/data_hold_reg[4]/C
Low Pulse Width   Fast    FDRE/C   n/a            0.500         41.670      41.170     SLICE_X59Y85   uartTX/data_hold_reg[5]/C
High Pulse Width  Slow    FDCE/C   n/a            0.500         41.660      41.160     SLICE_X60Y88   converter/FSM_sequential_state_reg[1]/C
High Pulse Width  Slow    FDCE/C   n/a            0.500         41.660      41.160     SLICE_X60Y88   converter/FSM_sequential_state_reg[2]/C
High Pulse Width  Slow    FDCE/C   n/a            0.500         41.660      41.160     SLICE_X57Y85   uartTX/FSM_sequential_state_reg[0]/C
High Pulse Width  Fast    FDCE/C   n/a            0.500         41.660      41.160     SLICE_X57Y85   uartTX/FSM_sequential_state_reg[0]/C
High Pulse Width  Slow    FDCE/C   n/a            0.500         41.660      41.160     SLICE_X56Y85   uartTX/FSM_sequential_state_reg[1]/C
High Pulse Width  Fast    FDCE/C   n/a            0.500         41.660      41.160     SLICE_X56Y85   uartTX/FSM_sequential_state_reg[1]/C
High Pulse Width  Slow    FDPE/C   n/a            0.500         41.660      41.160     SLICE_X56Y85   uartTX/FSM_sequential_state_reg[2]_inv/C
High Pulse Width  Fast    FDPE/C   n/a            0.500         41.660      41.160     SLICE_X56Y85   uartTX/FSM_sequential_state_reg[2]_inv/C
High Pulse Width  Slow    FDRE/C   n/a            0.500         41.660      41.160     SLICE_X58Y84   uartTX/bit_index_reg[0]/C
High Pulse Width  Slow    FDRE/C   n/a            0.500         41.660      41.160     SLICE_X58Y84   uartTX/bit_index_reg[1]/C



---------------------------------------------------------------------------------------------------
From Clock:  clk_out1_PLL_A
  To Clock:  sys_clk_pin

Setup :           12  Failing Endpoints,  Worst Slack       -2.113ns,  Total Violation      -13.377ns
Hold  :            0  Failing Endpoints,  Worst Slack        0.036ns,  Total Violation        0.000ns
---------------------------------------------------------------------------------------------------


Max Delay Paths
--------------------------------------------------------------------------------------
Slack (VIOLATED) :        -2.113ns  (required time - arrival time)
  Source:                 encoder/ones_reg[1]/C
                            (rising edge-triggered cell FDRE clocked by clk_out1_PLL_A  {rise@0.000ns fall@3.333ns period=6.667ns})
  Destination:            converter/uart_data_reg[1]/D
                            (rising edge-triggered cell FDRE clocked by sys_clk_pin  {rise@0.000ns fall@41.660ns period=83.330ns})
  Path Group:             sys_clk_pin
  Path Type:              Setup (Max at Slow Process Corner)
  Requirement:            3.097ns  (sys_clk_pin rise@6583.070ns - clk_out1_PLL_A rise@6579.973ns)
  Data Path Delay:        7.587ns  (logic 0.828ns (10.914%)  route 6.759ns (89.086%))
  Logic Levels:           3  (LUT5=1 LUT6=2)
  Clock Path Skew:        3.245ns (DCD - SCD + CPR)
    Destination Clock Delay (DCD):    4.868ns = ( 6587.938 - 6583.070 ) 
    Source Clock Delay      (SCD):    1.623ns = ( 6581.596 - 6579.973 ) 
    Clock Pessimism Removal (CPR):    0.000ns
  Clock Uncertainty:      0.900ns  ((TSJ^2 + DJ^2)^1/2) / 2 + PE
    Total System Jitter     (TSJ):    0.071ns
    Discrete Jitter          (DJ):    0.457ns
    Phase Error              (PE):    0.668ns
  Clock Domain Crossing:  Inter clock paths are considered valid unless explicitly excluded by timing constraints such as set_clock_groups or set_false_path.

    Location             Delay type                Incr(ns)  Path(ns)    Netlist Resource(s)
  -------------------------------------------------------------------    -------------------
                         (clock clk_out1_PLL_A rise edge)
                                                   6579.973  6579.973 r  
    BUFGCTRL_X0Y1        BUFG                         0.000  6579.973 r  clk_IBUF_BUFG_inst/O
                         net (fo=45, routed)          1.574  6581.547    plla/inst/clk_in1
    MMCME2_ADV_X0Y0      MMCME2_ADV (Prop_mmcme2_adv_CLKIN1_CLKOUT0)
                                                     -3.337  6578.210 r  plla/inst/mmcm_adv_inst/CLKOUT0
                         net (fo=1, routed)           1.666  6579.876    plla/inst/clk_out1_PLL_A
    BUFGCTRL_X0Y0        BUFG (Prop_bufg_I_O)         0.096  6579.973 r  plla/inst/clkout1_buf/O
                         net (fo=235, routed)         1.623  6581.596    encoder/clk_out1
    SLICE_X62Y88         FDRE                                         r  encoder/ones_reg[1]/C
  -------------------------------------------------------------------    -------------------
    SLICE_X62Y88         FDRE (Prop_fdre_C_Q)         0.456  6582.052 r  encoder/ones_reg[1]/Q
                         net (fo=4, routed)           3.047  6585.099    encoder/ones_reg[5]_1[1]
    SLICE_X60Y87         LUT5 (Prop_lut5_I3_O)        0.124  6585.223 r  encoder/uart_data[5]_i_2/O
                         net (fo=5, routed)           1.861  6587.084    converter/uart_data_reg[5]_1
    SLICE_X58Y87         LUT6 (Prop_lut6_I2_O)        0.124  6587.208 r  converter/uart_data[1]_i_4/O
                         net (fo=1, routed)           1.850  6589.059    converter/uart_data[1]_i_4_n_0
    SLICE_X58Y87         LUT6 (Prop_lut6_I3_O)        0.124  6589.183 r  converter/uart_data[1]_i_1/O
                         net (fo=1, routed)           0.000  6589.183    converter/uart_data[1]
    SLICE_X58Y87         FDRE                                         r  converter/uart_data_reg[1]/D
  -------------------------------------------------------------------    -------------------

                         (clock sys_clk_pin rise edge)
                                                   6583.070  6583.070 r  
    L17                                               0.000  6583.070 r  clk (IN)
                         net (fo=0)                   0.000  6583.070    clk
    L17                  IBUF (Prop_ibuf_I_O)         1.406  6584.476 r  clk_IBUF_inst/O
                         net (fo=1, routed)           1.868  6586.344    clk_IBUF
    BUFGCTRL_X0Y1        BUFG (Prop_bufg_I_O)         0.091  6586.435 r  clk_IBUF_BUFG_inst/O
                         net (fo=45, routed)          1.504  6587.938    converter/clk
    SLICE_X58Y87         FDRE                                         r  converter/uart_data_reg[1]/C
                         clock pessimism              0.000  6587.938    
                         clock uncertainty           -0.900  6587.039    
    SLICE_X58Y87         FDRE (Setup_fdre_C_D)        0.031  6587.070    converter/uart_data_reg[1]
  -------------------------------------------------------------------
                         required time                       6587.069    
                         arrival time                       -6589.182    
  -------------------------------------------------------------------
                         slack                                 -2.113    

Slack (VIOLATED) :        -1.781ns  (required time - arrival time)
  Source:                 encoder/ones_reg[1]/C
                            (rising edge-triggered cell FDRE clocked by clk_out1_PLL_A  {rise@0.000ns fall@3.333ns period=6.667ns})
  Destination:            converter/uart_data_reg[2]/D
                            (rising edge-triggered cell FDRE clocked by sys_clk_pin  {rise@0.000ns fall@41.660ns period=83.330ns})
  Path Group:             sys_clk_pin
  Path Type:              Setup (Max at Slow Process Corner)
  Requirement:            3.097ns  (sys_clk_pin rise@6583.070ns - clk_out1_PLL_A rise@6579.973ns)
  Data Path Delay:        7.289ns  (logic 1.268ns (17.395%)  route 6.021ns (82.605%))
  Logic Levels:           4  (LUT4=1 LUT6=2 MUXF7=1)
  Clock Path Skew:        3.246ns (DCD - SCD + CPR)
    Destination Clock Delay (DCD):    4.869ns = ( 6587.939 - 6583.070 ) 
    Source Clock Delay      (SCD):    1.623ns = ( 6581.596 - 6579.973 ) 
    Clock Pessimism Removal (CPR):    0.000ns
  Clock Uncertainty:      0.900ns  ((TSJ^2 + DJ^2)^1/2) / 2 + PE
    Total System Jitter     (TSJ):    0.071ns
    Discrete Jitter          (DJ):    0.457ns
    Phase Error              (PE):    0.668ns
  Clock Domain Crossing:  Inter clock paths are considered valid unless explicitly excluded by timing constraints such as set_clock_groups or set_false_path.

    Location             Delay type                Incr(ns)  Path(ns)    Netlist Resource(s)
  -------------------------------------------------------------------    -------------------
                         (clock clk_out1_PLL_A rise edge)
                                                   6579.973  6579.973 r  
    BUFGCTRL_X0Y1        BUFG                         0.000  6579.973 r  clk_IBUF_BUFG_inst/O
                         net (fo=45, routed)          1.574  6581.547    plla/inst/clk_in1
    MMCME2_ADV_X0Y0      MMCME2_ADV (Prop_mmcme2_adv_CLKIN1_CLKOUT0)
                                                     -3.337  6578.210 r  plla/inst/mmcm_adv_inst/CLKOUT0
                         net (fo=1, routed)           1.666  6579.876    plla/inst/clk_out1_PLL_A
    BUFGCTRL_X0Y0        BUFG (Prop_bufg_I_O)         0.096  6579.973 r  plla/inst/clkout1_buf/O
                         net (fo=235, routed)         1.623  6581.596    encoder/clk_out1
    SLICE_X62Y88         FDRE                                         r  encoder/ones_reg[1]/C
  -------------------------------------------------------------------    -------------------
    SLICE_X62Y88         FDRE (Prop_fdre_C_Q)         0.456  6582.052 r  encoder/ones_reg[1]/Q
                         net (fo=4, routed)           2.169  6584.221    converter/uart_data[1]_i_4_0[0]
    SLICE_X59Y88         LUT4 (Prop_lut4_I1_O)        0.150  6584.371 f  converter/uart_data[1]_i_9/O
                         net (fo=2, routed)           1.416  6585.787    converter/uart_data[1]_i_9_n_0
    SLICE_X58Y88         LUT6 (Prop_lut6_I0_O)        0.326  6586.113 r  converter/uart_data[2]_i_4/O
                         net (fo=1, routed)           2.436  6588.549    converter/uart_data[2]_i_4_n_0
    SLICE_X58Y88         LUT6 (Prop_lut6_I1_O)        0.124  6588.673 r  converter/uart_data[2]_i_2/O
                         net (fo=1, routed)           0.000  6588.673    converter/uart_data[2]_i_2_n_0
    SLICE_X58Y88         MUXF7 (Prop_muxf7_I0_O)      0.212  6588.885 r  converter/uart_data_reg[2]_i_1/O
                         net (fo=1, routed)           0.000  6588.885    converter/uart_data[2]
    SLICE_X58Y88         FDRE                                         r  converter/uart_data_reg[2]/D
  -------------------------------------------------------------------    -------------------

                         (clock sys_clk_pin rise edge)
                                                   6583.070  6583.070 r  
    L17                                               0.000  6583.070 r  clk (IN)
                         net (fo=0)                   0.000  6583.070    clk
    L17                  IBUF (Prop_ibuf_I_O)         1.406  6584.476 r  clk_IBUF_inst/O
                         net (fo=1, routed)           1.868  6586.344    clk_IBUF
    BUFGCTRL_X0Y1        BUFG (Prop_bufg_I_O)         0.091  6586.435 r  clk_IBUF_BUFG_inst/O
                         net (fo=45, routed)          1.505  6587.939    converter/clk
    SLICE_X58Y88         FDRE                                         r  converter/uart_data_reg[2]/C
                         clock pessimism              0.000  6587.939    
                         clock uncertainty           -0.900  6587.040    
    SLICE_X58Y88         FDRE (Setup_fdre_C_D)        0.064  6587.104    converter/uart_data_reg[2]
  -------------------------------------------------------------------
                         required time                       6587.104    
                         arrival time                       -6588.885    
  -------------------------------------------------------------------
                         slack                                 -1.781    

Slack (VIOLATED) :        -1.551ns  (required time - arrival time)
  Source:                 encoder/ones_reg[1]/C
                            (rising edge-triggered cell FDRE clocked by clk_out1_PLL_A  {rise@0.000ns fall@3.333ns period=6.667ns})
  Destination:            converter/uart_data_reg[0]/D
                            (rising edge-triggered cell FDRE clocked by sys_clk_pin  {rise@0.000ns fall@41.660ns period=83.330ns})
  Path Group:             sys_clk_pin
  Path Type:              Setup (Max at Slow Process Corner)
  Requirement:            3.097ns  (sys_clk_pin rise@6583.070ns - clk_out1_PLL_A rise@6579.973ns)
  Data Path Delay:        7.025ns  (logic 0.828ns (11.786%)  route 6.197ns (88.214%))
  Logic Levels:           3  (LUT5=1 LUT6=2)
  Clock Path Skew:        3.245ns (DCD - SCD + CPR)
    Destination Clock Delay (DCD):    4.868ns = ( 6587.938 - 6583.070 ) 
    Source Clock Delay      (SCD):    1.623ns = ( 6581.596 - 6579.973 ) 
    Clock Pessimism Removal (CPR):    0.000ns
  Clock Uncertainty:      0.900ns  ((TSJ^2 + DJ^2)^1/2) / 2 + PE
    Total System Jitter     (TSJ):    0.071ns
    Discrete Jitter          (DJ):    0.457ns
    Phase Error              (PE):    0.668ns
  Clock Domain Crossing:  Inter clock paths are considered valid unless explicitly excluded by timing constraints such as set_clock_groups or set_false_path.

    Location             Delay type                Incr(ns)  Path(ns)    Netlist Resource(s)
  -------------------------------------------------------------------    -------------------
                         (clock clk_out1_PLL_A rise edge)
                                                   6579.973  6579.973 r  
    BUFGCTRL_X0Y1        BUFG                         0.000  6579.973 r  clk_IBUF_BUFG_inst/O
                         net (fo=45, routed)          1.574  6581.547    plla/inst/clk_in1
    MMCME2_ADV_X0Y0      MMCME2_ADV (Prop_mmcme2_adv_CLKIN1_CLKOUT0)
                                                     -3.337  6578.210 r  plla/inst/mmcm_adv_inst/CLKOUT0
                         net (fo=1, routed)           1.666  6579.876    plla/inst/clk_out1_PLL_A
    BUFGCTRL_X0Y0        BUFG (Prop_bufg_I_O)         0.096  6579.973 r  plla/inst/clkout1_buf/O
                         net (fo=235, routed)         1.623  6581.596    encoder/clk_out1
    SLICE_X62Y88         FDRE                                         r  encoder/ones_reg[1]/C
  -------------------------------------------------------------------    -------------------
    SLICE_X62Y88         FDRE (Prop_fdre_C_Q)         0.456  6582.052 r  encoder/ones_reg[1]/Q
                         net (fo=4, routed)           3.047  6585.099    encoder/ones_reg[5]_1[1]
    SLICE_X60Y87         LUT5 (Prop_lut5_I3_O)        0.124  6585.223 r  encoder/uart_data[5]_i_2/O
                         net (fo=5, routed)           1.592  6586.815    converter/uart_data_reg[5]_1
    SLICE_X60Y86         LUT6 (Prop_lut6_I3_O)        0.124  6586.939 r  converter/uart_data[0]_i_4/O
                         net (fo=1, routed)           1.558  6588.498    converter/uart_data[0]_i_4_n_0
    SLICE_X59Y87         LUT6 (Prop_lut6_I5_O)        0.124  6588.622 r  converter/uart_data[0]_i_1/O
                         net (fo=1, routed)           0.000  6588.622    converter/uart_data[0]
    SLICE_X59Y87         FDRE                                         r  converter/uart_data_reg[0]/D
  -------------------------------------------------------------------    -------------------

                         (clock sys_clk_pin rise edge)
                                                   6583.070  6583.070 r  
    L17                                               0.000  6583.070 r  clk (IN)
                         net (fo=0)                   0.000  6583.070    clk
    L17                  IBUF (Prop_ibuf_I_O)         1.406  6584.476 r  clk_IBUF_inst/O
                         net (fo=1, routed)           1.868  6586.344    clk_IBUF
    BUFGCTRL_X0Y1        BUFG (Prop_bufg_I_O)         0.091  6586.435 r  clk_IBUF_BUFG_inst/O
                         net (fo=45, routed)          1.504  6587.938    converter/clk
    SLICE_X59Y87         FDRE                                         r  converter/uart_data_reg[0]/C
                         clock pessimism              0.000  6587.938    
                         clock uncertainty           -0.900  6587.039    
    SLICE_X59Y87         FDRE (Setup_fdre_C_D)        0.031  6587.070    converter/uart_data_reg[0]
  -------------------------------------------------------------------
                         required time                       6587.069    
                         arrival time                       -6588.621    
  -------------------------------------------------------------------
                         slack                                 -1.551    

Slack (VIOLATED) :        -1.196ns  (required time - arrival time)
  Source:                 counter_TDC/count_reg[21]/C
                            (rising edge-triggered cell FDRE clocked by clk_out1_PLL_A  {rise@0.000ns fall@3.333ns period=6.667ns})
  Destination:            converter/uart_data_reg[5]/D
                            (rising edge-triggered cell FDRE clocked by sys_clk_pin  {rise@0.000ns fall@41.660ns period=83.330ns})
  Path Group:             sys_clk_pin
  Path Type:              Setup (Max at Slow Process Corner)
  Requirement:            3.097ns  (sys_clk_pin rise@6583.070ns - clk_out1_PLL_A rise@6579.973ns)
  Data Path Delay:        6.732ns  (logic 1.282ns (19.043%)  route 5.450ns (80.957%))
  Logic Levels:           4  (LUT3=1 LUT5=1 LUT6=1 MUXF7=1)
  Clock Path Skew:        3.309ns (DCD - SCD + CPR)
    Destination Clock Delay (DCD):    4.867ns = ( 6587.937 - 6583.070 ) 
    Source Clock Delay      (SCD):    1.558ns = ( 6581.531 - 6579.973 ) 
    Clock Pessimism Removal (CPR):    0.000ns
  Clock Uncertainty:      0.900ns  ((TSJ^2 + DJ^2)^1/2) / 2 + PE
    Total System Jitter     (TSJ):    0.071ns
    Discrete Jitter          (DJ):    0.457ns
    Phase Error              (PE):    0.668ns
  Clock Domain Crossing:  Inter clock paths are considered valid unless explicitly excluded by timing constraints such as set_clock_groups or set_false_path.

    Location             Delay type                Incr(ns)  Path(ns)    Netlist Resource(s)
  -------------------------------------------------------------------    -------------------
                         (clock clk_out1_PLL_A rise edge)
                                                   6579.973  6579.973 r  
    BUFGCTRL_X0Y1        BUFG                         0.000  6579.973 r  clk_IBUF_BUFG_inst/O
                         net (fo=45, routed)          1.574  6581.547    plla/inst/clk_in1
    MMCME2_ADV_X0Y0      MMCME2_ADV (Prop_mmcme2_adv_CLKIN1_CLKOUT0)
                                                     -3.337  6578.210 r  plla/inst/mmcm_adv_inst/CLKOUT0
                         net (fo=1, routed)           1.666  6579.876    plla/inst/clk_out1_PLL_A
    BUFGCTRL_X0Y0        BUFG (Prop_bufg_I_O)         0.096  6579.973 r  plla/inst/clkout1_buf/O
                         net (fo=235, routed)         1.558  6581.531    counter_TDC/clk_out1
    SLICE_X56Y91         FDRE                                         r  counter_TDC/count_reg[21]/C
  -------------------------------------------------------------------    -------------------
    SLICE_X56Y91         FDRE (Prop_fdre_C_Q)         0.518  6582.049 f  counter_TDC/count_reg[21]/Q
                         net (fo=2, routed)           2.531  6584.580    counter_TDC/count_reg[21]
    SLICE_X58Y89         LUT5 (Prop_lut5_I2_O)        0.124  6584.704 f  counter_TDC/uart_data[1]_i_8/O
                         net (fo=1, routed)           0.000  6584.704    counter_TDC/uart_data[1]_i_8_n_0
    SLICE_X58Y89         MUXF7 (Prop_muxf7_I1_O)      0.217  6584.920 f  counter_TDC/uart_data_reg[1]_i_3/O
                         net (fo=5, routed)           1.866  6586.786    counter_TDC/char_idx_reg[0]_0
    SLICE_X59Y87         LUT3 (Prop_lut3_I1_O)        0.299  6587.085 f  counter_TDC/uart_data[6]_i_3/O
                         net (fo=4, routed)           1.053  6588.138    converter/uart_data_reg[5]_0
    SLICE_X59Y86         LUT6 (Prop_lut6_I0_O)        0.124  6588.262 r  converter/uart_data[5]_i_1/O
                         net (fo=1, routed)           0.000  6588.262    converter/uart_data[5]
    SLICE_X59Y86         FDRE                                         r  converter/uart_data_reg[5]/D
  -------------------------------------------------------------------    -------------------

                         (clock sys_clk_pin rise edge)
                                                   6583.070  6583.070 r  
    L17                                               0.000  6583.070 r  clk (IN)
                         net (fo=0)                   0.000  6583.070    clk
    L17                  IBUF (Prop_ibuf_I_O)         1.406  6584.476 r  clk_IBUF_inst/O
                         net (fo=1, routed)           1.868  6586.344    clk_IBUF
    BUFGCTRL_X0Y1        BUFG (Prop_bufg_I_O)         0.091  6586.435 r  clk_IBUF_BUFG_inst/O
                         net (fo=45, routed)          1.503  6587.938    converter/clk
    SLICE_X59Y86         FDRE                                         r  converter/uart_data_reg[5]/C
                         clock pessimism              0.000  6587.938    
                         clock uncertainty           -0.900  6587.038    
    SLICE_X59Y86         FDRE (Setup_fdre_C_D)        0.029  6587.067    converter/uart_data_reg[5]
  -------------------------------------------------------------------
                         required time                       6587.067    
                         arrival time                       -6588.263    
  -------------------------------------------------------------------
                         slack                                 -1.196    

Slack (VIOLATED) :        -1.191ns  (required time - arrival time)
  Source:                 counter_TDC/count_reg[21]/C
                            (rising edge-triggered cell FDRE clocked by clk_out1_PLL_A  {rise@0.000ns fall@3.333ns period=6.667ns})
  Destination:            converter/uart_data_reg[4]/D
                            (rising edge-triggered cell FDRE clocked by sys_clk_pin  {rise@0.000ns fall@41.660ns period=83.330ns})
  Path Group:             sys_clk_pin
  Path Type:              Setup (Max at Slow Process Corner)
  Requirement:            3.097ns  (sys_clk_pin rise@6583.070ns - clk_out1_PLL_A rise@6579.973ns)
  Data Path Delay:        6.728ns  (logic 1.282ns (19.056%)  route 5.446ns (80.944%))
  Logic Levels:           4  (LUT3=1 LUT5=1 LUT6=1 MUXF7=1)
  Clock Path Skew:        3.310ns (DCD - SCD + CPR)
    Destination Clock Delay (DCD):    4.868ns = ( 6587.938 - 6583.070 ) 
    Source Clock Delay      (SCD):    1.558ns = ( 6581.531 - 6579.973 ) 
    Clock Pessimism Removal (CPR):    0.000ns
  Clock Uncertainty:      0.900ns  ((TSJ^2 + DJ^2)^1/2) / 2 + PE
    Total System Jitter     (TSJ):    0.071ns
    Discrete Jitter          (DJ):    0.457ns
    Phase Error              (PE):    0.668ns
  Clock Domain Crossing:  Inter clock paths are considered valid unless explicitly excluded by timing constraints such as set_clock_groups or set_false_path.

    Location             Delay type                Incr(ns)  Path(ns)    Netlist Resource(s)
  -------------------------------------------------------------------    -------------------
                         (clock clk_out1_PLL_A rise edge)
                                                   6579.973  6579.973 r  
    BUFGCTRL_X0Y1        BUFG                         0.000  6579.973 r  clk_IBUF_BUFG_inst/O
                         net (fo=45, routed)          1.574  6581.547    plla/inst/clk_in1
    MMCME2_ADV_X0Y0      MMCME2_ADV (Prop_mmcme2_adv_CLKIN1_CLKOUT0)
                                                     -3.337  6578.210 r  plla/inst/mmcm_adv_inst/CLKOUT0
                         net (fo=1, routed)           1.666  6579.876    plla/inst/clk_out1_PLL_A
    BUFGCTRL_X0Y0        BUFG (Prop_bufg_I_O)         0.096  6579.973 r  plla/inst/clkout1_buf/O
                         net (fo=235, routed)         1.558  6581.531    counter_TDC/clk_out1
    SLICE_X56Y91         FDRE                                         r  counter_TDC/count_reg[21]/C
  -------------------------------------------------------------------    -------------------
    SLICE_X56Y91         FDRE (Prop_fdre_C_Q)         0.518  6582.049 f  counter_TDC/count_reg[21]/Q
                         net (fo=2, routed)           2.531  6584.580    counter_TDC/count_reg[21]
    SLICE_X58Y89         LUT5 (Prop_lut5_I2_O)        0.124  6584.704 f  counter_TDC/uart_data[1]_i_8/O
                         net (fo=1, routed)           0.000  6584.704    counter_TDC/uart_data[1]_i_8_n_0
    SLICE_X58Y89         MUXF7 (Prop_muxf7_I1_O)      0.217  6584.920 f  counter_TDC/uart_data_reg[1]_i_3/O
                         net (fo=5, routed)           1.866  6586.786    counter_TDC/char_idx_reg[0]_0
    SLICE_X59Y87         LUT3 (Prop_lut3_I1_O)        0.299  6587.085 f  counter_TDC/uart_data[6]_i_3/O
                         net (fo=4, routed)           1.049  6588.134    converter/uart_data_reg[5]_0
    SLICE_X59Y87         LUT6 (Prop_lut6_I0_O)        0.124  6588.258 r  converter/uart_data[4]_i_1/O
                         net (fo=1, routed)           0.000  6588.258    converter/uart_data[4]
    SLICE_X59Y87         FDRE                                         r  converter/uart_data_reg[4]/D
  -------------------------------------------------------------------    -------------------

                         (clock sys_clk_pin rise edge)
                                                   6583.070  6583.070 r  
    L17                                               0.000  6583.070 r  clk (IN)
                         net (fo=0)                   0.000  6583.070    clk
    L17                  IBUF (Prop_ibuf_I_O)         1.406  6584.476 r  clk_IBUF_inst/O
                         net (fo=1, routed)           1.868  6586.344    clk_IBUF
    BUFGCTRL_X0Y1        BUFG (Prop_bufg_I_O)         0.091  6586.435 r  clk_IBUF_BUFG_inst/O
                         net (fo=45, routed)          1.504  6587.938    converter/clk
    SLICE_X59Y87         FDRE                                         r  converter/uart_data_reg[4]/C
                         clock pessimism              0.000  6587.938    
                         clock uncertainty           -0.900  6587.039    
    SLICE_X59Y87         FDRE (Setup_fdre_C_D)        0.029  6587.068    converter/uart_data_reg[4]
  -------------------------------------------------------------------
                         required time                       6587.068    
                         arrival time                       -6588.258    
  -------------------------------------------------------------------
                         slack                                 -1.191    

Slack (VIOLATED) :        -1.184ns  (required time - arrival time)
  Source:                 counter_TDC/count_reg[21]/C
                            (rising edge-triggered cell FDRE clocked by clk_out1_PLL_A  {rise@0.000ns fall@3.333ns period=6.667ns})
  Destination:            converter/uart_data_reg[6]/D
                            (rising edge-triggered cell FDRE clocked by sys_clk_pin  {rise@0.000ns fall@41.660ns period=83.330ns})
  Path Group:             sys_clk_pin
  Path Type:              Setup (Max at Slow Process Corner)
  Requirement:            3.097ns  (sys_clk_pin rise@6583.070ns - clk_out1_PLL_A rise@6579.973ns)
  Data Path Delay:        6.722ns  (logic 1.282ns (19.071%)  route 5.440ns (80.929%))
  Logic Levels:           4  (LUT3=1 LUT5=1 LUT6=1 MUXF7=1)
  Clock Path Skew:        3.309ns (DCD - SCD + CPR)
    Destination Clock Delay (DCD):    4.867ns = ( 6587.937 - 6583.070 ) 
    Source Clock Delay      (SCD):    1.558ns = ( 6581.531 - 6579.973 ) 
    Clock Pessimism Removal (CPR):    0.000ns
  Clock Uncertainty:      0.900ns  ((TSJ^2 + DJ^2)^1/2) / 2 + PE
    Total System Jitter     (TSJ):    0.071ns
    Discrete Jitter          (DJ):    0.457ns
    Phase Error              (PE):    0.668ns
  Clock Domain Crossing:  Inter clock paths are considered valid unless explicitly excluded by timing constraints such as set_clock_groups or set_false_path.

    Location             Delay type                Incr(ns)  Path(ns)    Netlist Resource(s)
  -------------------------------------------------------------------    -------------------
                         (clock clk_out1_PLL_A rise edge)
                                                   6579.973  6579.973 r  
    BUFGCTRL_X0Y1        BUFG                         0.000  6579.973 r  clk_IBUF_BUFG_inst/O
                         net (fo=45, routed)          1.574  6581.547    plla/inst/clk_in1
    MMCME2_ADV_X0Y0      MMCME2_ADV (Prop_mmcme2_adv_CLKIN1_CLKOUT0)
                                                     -3.337  6578.210 r  plla/inst/mmcm_adv_inst/CLKOUT0
                         net (fo=1, routed)           1.666  6579.876    plla/inst/clk_out1_PLL_A
    BUFGCTRL_X0Y0        BUFG (Prop_bufg_I_O)         0.096  6579.973 r  plla/inst/clkout1_buf/O
                         net (fo=235, routed)         1.558  6581.531    counter_TDC/clk_out1
    SLICE_X56Y91         FDRE                                         r  counter_TDC/count_reg[21]/C
  -------------------------------------------------------------------    -------------------
    SLICE_X56Y91         FDRE (Prop_fdre_C_Q)         0.518  6582.049 r  counter_TDC/count_reg[21]/Q
                         net (fo=2, routed)           2.531  6584.580    counter_TDC/count_reg[21]
    SLICE_X58Y89         LUT5 (Prop_lut5_I2_O)        0.124  6584.704 r  counter_TDC/uart_data[1]_i_8/O
                         net (fo=1, routed)           0.000  6584.704    counter_TDC/uart_data[1]_i_8_n_0
    SLICE_X58Y89         MUXF7 (Prop_muxf7_I1_O)      0.217  6584.920 r  counter_TDC/uart_data_reg[1]_i_3/O
                         net (fo=5, routed)           1.866  6586.786    counter_TDC/char_idx_reg[0]_0
    SLICE_X59Y87         LUT3 (Prop_lut3_I1_O)        0.299  6587.085 r  counter_TDC/uart_data[6]_i_3/O
                         net (fo=4, routed)           1.043  6588.128    converter/uart_data_reg[5]_0
    SLICE_X59Y86         LUT6 (Prop_lut6_I2_O)        0.124  6588.252 r  converter/uart_data[6]_i_2/O
                         net (fo=1, routed)           0.000  6588.252    converter/uart_data[6]
    SLICE_X59Y86         FDRE                                         r  converter/uart_data_reg[6]/D
  -------------------------------------------------------------------    -------------------

                         (clock sys_clk_pin rise edge)
                                                   6583.070  6583.070 r  
    L17                                               0.000  6583.070 r  clk (IN)
                         net (fo=0)                   0.000  6583.070    clk
    L17                  IBUF (Prop_ibuf_I_O)         1.406  6584.476 r  clk_IBUF_inst/O
                         net (fo=1, routed)           1.868  6586.344    clk_IBUF
    BUFGCTRL_X0Y1        BUFG (Prop_bufg_I_O)         0.091  6586.435 r  clk_IBUF_BUFG_inst/O
                         net (fo=45, routed)          1.503  6587.938    converter/clk
    SLICE_X59Y86         FDRE                                         r  converter/uart_data_reg[6]/C
                         clock pessimism              0.000  6587.938    
                         clock uncertainty           -0.900  6587.038    
    SLICE_X59Y86         FDRE (Setup_fdre_C_D)        0.031  6587.069    converter/uart_data_reg[6]
  -------------------------------------------------------------------
                         required time                       6587.068    
                         arrival time                       -6588.253    
  -------------------------------------------------------------------
                         slack                                 -1.184    

Slack (VIOLATED) :        -1.154ns  (required time - arrival time)
  Source:                 encoder/ones_reg[1]/C
                            (rising edge-triggered cell FDRE clocked by clk_out1_PLL_A  {rise@0.000ns fall@3.333ns period=6.667ns})
  Destination:            converter/uart_data_reg[3]/D
                            (rising edge-triggered cell FDRE clocked by sys_clk_pin  {rise@0.000ns fall@41.660ns period=83.330ns})
  Path Group:             sys_clk_pin
  Path Type:              Setup (Max at Slow Process Corner)
  Requirement:            3.097ns  (sys_clk_pin rise@6583.070ns - clk_out1_PLL_A rise@6579.973ns)
  Data Path Delay:        6.660ns  (logic 1.040ns (15.615%)  route 5.620ns (84.385%))
  Logic Levels:           4  (LUT5=1 LUT6=2 MUXF7=1)
  Clock Path Skew:        3.245ns (DCD - SCD + CPR)
    Destination Clock Delay (DCD):    4.868ns = ( 6587.938 - 6583.070 ) 
    Source Clock Delay      (SCD):    1.623ns = ( 6581.596 - 6579.973 ) 
    Clock Pessimism Removal (CPR):    0.000ns
  Clock Uncertainty:      0.900ns  ((TSJ^2 + DJ^2)^1/2) / 2 + PE
    Total System Jitter     (TSJ):    0.071ns
    Discrete Jitter          (DJ):    0.457ns
    Phase Error              (PE):    0.668ns
  Clock Domain Crossing:  Inter clock paths are considered valid unless explicitly excluded by timing constraints such as set_clock_groups or set_false_path.

    Location             Delay type                Incr(ns)  Path(ns)    Netlist Resource(s)
  -------------------------------------------------------------------    -------------------
                         (clock clk_out1_PLL_A rise edge)
                                                   6579.973  6579.973 r  
    BUFGCTRL_X0Y1        BUFG                         0.000  6579.973 r  clk_IBUF_BUFG_inst/O
                         net (fo=45, routed)          1.574  6581.547    plla/inst/clk_in1
    MMCME2_ADV_X0Y0      MMCME2_ADV (Prop_mmcme2_adv_CLKIN1_CLKOUT0)
                                                     -3.337  6578.210 r  plla/inst/mmcm_adv_inst/CLKOUT0
                         net (fo=1, routed)           1.666  6579.876    plla/inst/clk_out1_PLL_A
    BUFGCTRL_X0Y0        BUFG (Prop_bufg_I_O)         0.096  6579.973 r  plla/inst/clkout1_buf/O
                         net (fo=235, routed)         1.623  6581.596    encoder/clk_out1
    SLICE_X62Y88         FDRE                                         r  encoder/ones_reg[1]/C
  -------------------------------------------------------------------    -------------------
    SLICE_X62Y88         FDRE (Prop_fdre_C_Q)         0.456  6582.052 f  encoder/ones_reg[1]/Q
                         net (fo=4, routed)           2.010  6584.062    encoder/ones_reg[5]_1[1]
    SLICE_X59Y88         LUT5 (Prop_lut5_I2_O)        0.124  6584.186 r  encoder/uart_data[3]_i_6/O
                         net (fo=1, routed)           1.488  6585.674    converter/uart_data[3]_i_3_0
    SLICE_X59Y88         LUT6 (Prop_lut6_I2_O)        0.124  6585.798 r  converter/uart_data[3]_i_5/O
                         net (fo=1, routed)           2.122  6587.920    converter/uart_data[3]_i_5_n_0
    SLICE_X58Y87         LUT6 (Prop_lut6_I5_O)        0.124  6588.044 r  converter/uart_data[3]_i_3/O
                         net (fo=1, routed)           0.000  6588.044    converter/uart_data[3]_i_3_n_0
    SLICE_X58Y87         MUXF7 (Prop_muxf7_I0_O)      0.212  6588.256 r  converter/uart_data_reg[3]_i_1/O
                         net (fo=1, routed)           0.000  6588.256    converter/uart_data[3]
    SLICE_X58Y87         FDRE                                         r  converter/uart_data_reg[3]/D
  -------------------------------------------------------------------    -------------------

                         (clock sys_clk_pin rise edge)
                                                   6583.070  6583.070 r  
    L17                                               0.000  6583.070 r  clk (IN)
                         net (fo=0)                   0.000  6583.070    clk
    L17                  IBUF (Prop_ibuf_I_O)         1.406  6584.476 r  clk_IBUF_inst/O
                         net (fo=1, routed)           1.868  6586.344    clk_IBUF
    BUFGCTRL_X0Y1        BUFG (Prop_bufg_I_O)         0.091  6586.435 r  clk_IBUF_BUFG_inst/O
                         net (fo=45, routed)          1.504  6587.938    converter/clk
    SLICE_X58Y87         FDRE                                         r  converter/uart_data_reg[3]/C
                         clock pessimism              0.000  6587.938    
                         clock uncertainty           -0.900  6587.039    
    SLICE_X58Y87         FDRE (Setup_fdre_C_D)        0.064  6587.103    converter/uart_data_reg[3]
  -------------------------------------------------------------------
                         required time                       6587.103    
                         arrival time                       -6588.256    
  -------------------------------------------------------------------
                         slack                                 -1.154    

Slack (VIOLATED) :        -0.984ns  (required time - arrival time)
  Source:                 encoder/validOut_reg/C
                            (rising edge-triggered cell FDRE clocked by clk_out1_PLL_A  {rise@0.000ns fall@3.333ns period=6.667ns})
  Destination:            converter/FSM_sequential_state_reg[0]/D
                            (rising edge-triggered cell FDCE clocked by sys_clk_pin  {rise@0.000ns fall@41.660ns period=83.330ns})
  Path Group:             sys_clk_pin
  Path Type:              Setup (Max at Slow Process Corner)
  Requirement:            3.097ns  (sys_clk_pin rise@6583.070ns - clk_out1_PLL_A rise@6579.973ns)
  Data Path Delay:        6.518ns  (logic 0.773ns (11.859%)  route 5.745ns (88.141%))
  Logic Levels:           1  (LUT6=1)
  Clock Path Skew:        3.255ns (DCD - SCD + CPR)
    Destination Clock Delay (DCD):    4.869ns = ( 6587.939 - 6583.070 ) 
    Source Clock Delay      (SCD):    1.614ns = ( 6581.586 - 6579.973 ) 
    Clock Pessimism Removal (CPR):    0.000ns
  Clock Uncertainty:      0.900ns  ((TSJ^2 + DJ^2)^1/2) / 2 + PE
    Total System Jitter     (TSJ):    0.071ns
    Discrete Jitter          (DJ):    0.457ns
    Phase Error              (PE):    0.668ns
  Clock Domain Crossing:  Inter clock paths are considered valid unless explicitly excluded by timing constraints such as set_clock_groups or set_false_path.

    Location             Delay type                Incr(ns)  Path(ns)    Netlist Resource(s)
  -------------------------------------------------------------------    -------------------
                         (clock clk_out1_PLL_A rise edge)
                                                   6579.973  6579.973 r  
    BUFGCTRL_X0Y1        BUFG                         0.000  6579.973 r  clk_IBUF_BUFG_inst/O
                         net (fo=45, routed)          1.574  6581.547    plla/inst/clk_in1
    MMCME2_ADV_X0Y0      MMCME2_ADV (Prop_mmcme2_adv_CLKIN1_CLKOUT0)
                                                     -3.337  6578.210 r  plla/inst/mmcm_adv_inst/CLKOUT0
                         net (fo=1, routed)           1.666  6579.876    plla/inst/clk_out1_PLL_A
    BUFGCTRL_X0Y0        BUFG (Prop_bufg_I_O)         0.096  6579.973 r  plla/inst/clkout1_buf/O
                         net (fo=235, routed)         1.614  6581.586    encoder/clk_out1
    SLICE_X60Y81         FDRE                                         r  encoder/validOut_reg/C
  -------------------------------------------------------------------    -------------------
    SLICE_X60Y81         FDRE (Prop_fdre_C_Q)         0.478  6582.064 r  encoder/validOut_reg/Q
                         net (fo=4, routed)           5.745  6587.810    converter/validOut
    SLICE_X60Y88         LUT6 (Prop_lut6_I0_O)        0.295  6588.105 r  converter/FSM_sequential_state[0]_i_1__0/O
                         net (fo=1, routed)           0.000  6588.105    converter/FSM_sequential_state[0]_i_1__0_n_0
    SLICE_X60Y88         FDCE                                         r  converter/FSM_sequential_state_reg[0]/D
  -------------------------------------------------------------------    -------------------

                         (clock sys_clk_pin rise edge)
                                                   6583.070  6583.070 r  
    L17                                               0.000  6583.070 r  clk (IN)
                         net (fo=0)                   0.000  6583.070    clk
    L17                  IBUF (Prop_ibuf_I_O)         1.406  6584.476 r  clk_IBUF_inst/O
                         net (fo=1, routed)           1.868  6586.344    clk_IBUF
    BUFGCTRL_X0Y1        BUFG (Prop_bufg_I_O)         0.091  6586.435 r  clk_IBUF_BUFG_inst/O
                         net (fo=45, routed)          1.505  6587.939    converter/clk
    SLICE_X60Y88         FDCE                                         r  converter/FSM_sequential_state_reg[0]/C
                         clock pessimism              0.000  6587.939    
                         clock uncertainty           -0.900  6587.040    
    SLICE_X60Y88         FDCE (Setup_fdce_C_D)        0.081  6587.121    converter/FSM_sequential_state_reg[0]
  -------------------------------------------------------------------
                         required time                       6587.121    
                         arrival time                       -6588.105    
  -------------------------------------------------------------------
                         slack                                 -0.984    

Slack (VIOLATED) :        -0.615ns  (required time - arrival time)
  Source:                 encoder/validOut_reg/C
                            (rising edge-triggered cell FDRE clocked by clk_out1_PLL_A  {rise@0.000ns fall@3.333ns period=6.667ns})
  Destination:            converter/char_idx_reg[2]/CE
                            (rising edge-triggered cell FDRE clocked by sys_clk_pin  {rise@0.000ns fall@41.660ns period=83.330ns})
  Path Group:             sys_clk_pin
  Path Type:              Setup (Max at Slow Process Corner)
  Requirement:            3.097ns  (sys_clk_pin rise@6583.070ns - clk_out1_PLL_A rise@6579.973ns)
  Data Path Delay:        5.864ns  (logic 0.773ns (13.182%)  route 5.091ns (86.818%))
  Logic Levels:           1  (LUT6=1)
  Clock Path Skew:        3.256ns (DCD - SCD + CPR)
    Destination Clock Delay (DCD):    4.870ns = ( 6587.940 - 6583.070 ) 
    Source Clock Delay      (SCD):    1.614ns = ( 6581.586 - 6579.973 ) 
    Clock Pessimism Removal (CPR):    0.000ns
  Clock Uncertainty:      0.900ns  ((TSJ^2 + DJ^2)^1/2) / 2 + PE
    Total System Jitter     (TSJ):    0.071ns
    Discrete Jitter          (DJ):    0.457ns
    Phase Error              (PE):    0.668ns
  Clock Domain Crossing:  Inter clock paths are considered valid unless explicitly excluded by timing constraints such as set_clock_groups or set_false_path.

    Location             Delay type                Incr(ns)  Path(ns)    Netlist Resource(s)
  -------------------------------------------------------------------    -------------------
                         (clock clk_out1_PLL_A rise edge)
                                                   6579.973  6579.973 r  
    BUFGCTRL_X0Y1        BUFG                         0.000  6579.973 r  clk_IBUF_BUFG_inst/O
                         net (fo=45, routed)          1.574  6581.547    plla/inst/clk_in1
    MMCME2_ADV_X0Y0      MMCME2_ADV (Prop_mmcme2_adv_CLKIN1_CLKOUT0)
                                                     -3.337  6578.210 r  plla/inst/mmcm_adv_inst/CLKOUT0
                         net (fo=1, routed)           1.666  6579.876    plla/inst/clk_out1_PLL_A
    BUFGCTRL_X0Y0        BUFG (Prop_bufg_I_O)         0.096  6579.973 r  plla/inst/clkout1_buf/O
                         net (fo=235, routed)         1.614  6581.586    encoder/clk_out1
    SLICE_X60Y81         FDRE                                         r  encoder/validOut_reg/C
  -------------------------------------------------------------------    -------------------
    SLICE_X60Y81         FDRE (Prop_fdre_C_Q)         0.478  6582.064 r  encoder/validOut_reg/Q
                         net (fo=4, routed)           2.755  6584.820    converter/validOut
    SLICE_X61Y87         LUT6 (Prop_lut6_I3_O)        0.295  6585.115 r  converter/char_idx[3]_i_1/O
                         net (fo=4, routed)           2.336  6587.451    converter/char_idx[3]_i_1_n_0
    SLICE_X59Y89         FDRE                                         r  converter/char_idx_reg[2]/CE
  -------------------------------------------------------------------    -------------------

                         (clock sys_clk_pin rise edge)
                                                   6583.070  6583.070 r  
    L17                                               0.000  6583.070 r  clk (IN)
                         net (fo=0)                   0.000  6583.070    clk
    L17                  IBUF (Prop_ibuf_I_O)         1.406  6584.476 r  clk_IBUF_inst/O
                         net (fo=1, routed)           1.868  6586.344    clk_IBUF
    BUFGCTRL_X0Y1        BUFG (Prop_bufg_I_O)         0.091  6586.435 r  clk_IBUF_BUFG_inst/O
                         net (fo=45, routed)          1.506  6587.940    converter/clk
    SLICE_X59Y89         FDRE                                         r  converter/char_idx_reg[2]/C
                         clock pessimism              0.000  6587.940    
                         clock uncertainty           -0.900  6587.041    
    SLICE_X59Y89         FDRE (Setup_fdre_C_CE)      -0.205  6586.836    converter/char_idx_reg[2]
  -------------------------------------------------------------------
                         required time                       6586.836    
                         arrival time                       -6587.451    
  -------------------------------------------------------------------
                         slack                                 -0.615    

Slack (VIOLATED) :        -0.615ns  (required time - arrival time)
  Source:                 encoder/validOut_reg/C
                            (rising edge-triggered cell FDRE clocked by clk_out1_PLL_A  {rise@0.000ns fall@3.333ns period=6.667ns})
  Destination:            converter/char_idx_reg[3]/CE
                            (rising edge-triggered cell FDRE clocked by sys_clk_pin  {rise@0.000ns fall@41.660ns period=83.330ns})
  Path Group:             sys_clk_pin
  Path Type:              Setup (Max at Slow Process Corner)
  Requirement:            3.097ns  (sys_clk_pin rise@6583.070ns - clk_out1_PLL_A rise@6579.973ns)
  Data Path Delay:        5.864ns  (logic 0.773ns (13.182%)  route 5.091ns (86.818%))
  Logic Levels:           1  (LUT6=1)
  Clock Path Skew:        3.256ns (DCD - SCD + CPR)
    Destination Clock Delay (DCD):    4.870ns = ( 6587.940 - 6583.070 ) 
    Source Clock Delay      (SCD):    1.614ns = ( 6581.586 - 6579.973 ) 
    Clock Pessimism Removal (CPR):    0.000ns
  Clock Uncertainty:      0.900ns  ((TSJ^2 + DJ^2)^1/2) / 2 + PE
    Total System Jitter     (TSJ):    0.071ns
    Discrete Jitter          (DJ):    0.457ns
    Phase Error              (PE):    0.668ns
  Clock Domain Crossing:  Inter clock paths are considered valid unless explicitly excluded by timing constraints such as set_clock_groups or set_false_path.

    Location             Delay type                Incr(ns)  Path(ns)    Netlist Resource(s)
  -------------------------------------------------------------------    -------------------
                         (clock clk_out1_PLL_A rise edge)
                                                   6579.973  6579.973 r  
    BUFGCTRL_X0Y1        BUFG                         0.000  6579.973 r  clk_IBUF_BUFG_inst/O
                         net (fo=45, routed)          1.574  6581.547    plla/inst/clk_in1
    MMCME2_ADV_X0Y0      MMCME2_ADV (Prop_mmcme2_adv_CLKIN1_CLKOUT0)
                                                     -3.337  6578.210 r  plla/inst/mmcm_adv_inst/CLKOUT0
                         net (fo=1, routed)           1.666  6579.876    plla/inst/clk_out1_PLL_A
    BUFGCTRL_X0Y0        BUFG (Prop_bufg_I_O)         0.096  6579.973 r  plla/inst/clkout1_buf/O
                         net (fo=235, routed)         1.614  6581.586    encoder/clk_out1
    SLICE_X60Y81         FDRE                                         r  encoder/validOut_reg/C
  -------------------------------------------------------------------    -------------------
    SLICE_X60Y81         FDRE (Prop_fdre_C_Q)         0.478  6582.064 r  encoder/validOut_reg/Q
                         net (fo=4, routed)           2.755  6584.820    converter/validOut
    SLICE_X61Y87         LUT6 (Prop_lut6_I3_O)        0.295  6585.115 r  converter/char_idx[3]_i_1/O
                         net (fo=4, routed)           2.336  6587.451    converter/char_idx[3]_i_1_n_0
    SLICE_X59Y89         FDRE                                         r  converter/char_idx_reg[3]/CE
  -------------------------------------------------------------------    -------------------

                         (clock sys_clk_pin rise edge)
                                                   6583.070  6583.070 r  
    L17                                               0.000  6583.070 r  clk (IN)
                         net (fo=0)                   0.000  6583.070    clk
    L17                  IBUF (Prop_ibuf_I_O)         1.406  6584.476 r  clk_IBUF_inst/O
                         net (fo=1, routed)           1.868  6586.344    clk_IBUF
    BUFGCTRL_X0Y1        BUFG (Prop_bufg_I_O)         0.091  6586.435 r  clk_IBUF_BUFG_inst/O
                         net (fo=45, routed)          1.506  6587.940    converter/clk
    SLICE_X59Y89         FDRE                                         r  converter/char_idx_reg[3]/C
                         clock pessimism              0.000  6587.940    
                         clock uncertainty           -0.900  6587.041    
    SLICE_X59Y89         FDRE (Setup_fdre_C_CE)      -0.205  6586.836    converter/char_idx_reg[3]
  -------------------------------------------------------------------
                         required time                       6586.836    
                         arrival time                       -6587.451    
  -------------------------------------------------------------------
                         slack                                 -0.615    





Min Delay Paths
--------------------------------------------------------------------------------------
Slack (MET) :             0.036ns  (arrival time - required time)
  Source:                 counter_TDC/count_reg[12]/C
                            (rising edge-triggered cell FDRE clocked by clk_out1_PLL_A  {rise@0.000ns fall@3.333ns period=6.667ns})
  Destination:            converter/uart_data_reg[0]/D
                            (rising edge-triggered cell FDRE clocked by sys_clk_pin  {rise@0.000ns fall@41.660ns period=83.330ns})
  Path Group:             sys_clk_pin
  Path Type:              Hold (Min at Slow Process Corner)
  Requirement:            0.000ns  (sys_clk_pin rise@0.000ns - clk_out1_PLL_A rise@0.000ns)
  Data Path Delay:        4.930ns  (logic 0.934ns (18.946%)  route 3.996ns (81.054%))
  Logic Levels:           3  (LUT5=1 LUT6=1 MUXF7=1)
  Clock Path Skew:        3.724ns (DCD - SCD - CPR)
    Destination Clock Delay (DCD):    5.165ns
    Source Clock Delay      (SCD):    1.441ns
    Clock Pessimism Removal (CPR):    -0.000ns
  Clock Uncertainty:      0.900ns  ((TSJ^2 + DJ^2)^1/2) / 2 + PE
    Total System Jitter     (TSJ):    0.071ns
    Discrete Jitter          (DJ):    0.457ns
    Phase Error              (PE):    0.668ns
  Clock Domain Crossing:  Inter clock paths are considered valid unless explicitly excluded by timing constraints such as set_clock_groups or set_false_path.

    Location             Delay type                Incr(ns)  Path(ns)    Netlist Resource(s)
  -------------------------------------------------------------------    -------------------
                         (clock clk_out1_PLL_A rise edge)
                                                      0.000     0.000 r  
    BUFGCTRL_X0Y1        BUFG                         0.000     0.000 r  clk_IBUF_BUFG_inst/O
                         net (fo=45, routed)          1.455     1.455    plla/inst/clk_in1
    MMCME2_ADV_X0Y0      MMCME2_ADV (Prop_mmcme2_adv_CLKIN1_CLKOUT0)
                                                     -3.133    -1.678 r  plla/inst/mmcm_adv_inst/CLKOUT0
                         net (fo=1, routed)           1.587    -0.091    plla/inst/clk_out1_PLL_A
    BUFGCTRL_X0Y0        BUFG (Prop_bufg_I_O)         0.091     0.000 r  plla/inst/clkout1_buf/O
                         net (fo=235, routed)         1.441     1.441    counter_TDC/clk_out1
    SLICE_X56Y89         FDRE                                         r  counter_TDC/count_reg[12]/C
  -------------------------------------------------------------------    -------------------
    SLICE_X56Y89         FDRE (Prop_fdre_C_Q)         0.418     1.859 f  counter_TDC/count_reg[12]/Q
                         net (fo=2, routed)           1.911     3.769    counter_TDC/count_reg[12]
    SLICE_X57Y88         LUT5 (Prop_lut5_I0_O)        0.100     3.869 r  counter_TDC/uart_data[0]_i_6/O
                         net (fo=1, routed)           0.000     3.869    counter_TDC/uart_data[0]_i_6_n_0
    SLICE_X57Y88         MUXF7 (Prop_muxf7_I1_O)      0.175     4.044 r  counter_TDC/uart_data_reg[0]_i_2/O
                         net (fo=3, routed)           2.085     6.130    converter/uart_data_reg[0]_0
    SLICE_X59Y87         LUT6 (Prop_lut6_I0_O)        0.241     6.371 r  converter/uart_data[0]_i_1/O
                         net (fo=1, routed)           0.000     6.371    converter/uart_data[0]
    SLICE_X59Y87         FDRE                                         r  converter/uart_data_reg[0]/D
  -------------------------------------------------------------------    -------------------

                         (clock sys_clk_pin rise edge)
                                                      0.000     0.000 r  
    L17                                               0.000     0.000 r  clk (IN)
                         net (fo=0)                   0.000     0.000    clk
    L17                  IBUF (Prop_ibuf_I_O)         1.476     1.476 r  clk_IBUF_inst/O
                         net (fo=1, routed)           1.972     3.448    clk_IBUF
    BUFGCTRL_X0Y1        BUFG (Prop_bufg_I_O)         0.096     3.544 r  clk_IBUF_BUFG_inst/O
                         net (fo=45, routed)          1.621     5.165    converter/clk
    SLICE_X59Y87         FDRE                                         r  converter/uart_data_reg[0]/C
                         clock pessimism              0.000     5.165    
                         clock uncertainty            0.900     6.064    
    SLICE_X59Y87         FDRE (Hold_fdre_C_D)         0.270     6.334    converter/uart_data_reg[0]
  -------------------------------------------------------------------
                         required time                         -6.334    
                         arrival time                           6.371    
  -------------------------------------------------------------------
                         slack                                  0.036    

Slack (MET) :             0.055ns  (arrival time - required time)
  Source:                 counter_TDC/count_reg[12]/C
                            (rising edge-triggered cell FDRE clocked by clk_out1_PLL_A  {rise@0.000ns fall@3.333ns period=6.667ns})
  Destination:            converter/uart_data_reg[2]/D
                            (rising edge-triggered cell FDRE clocked by sys_clk_pin  {rise@0.000ns fall@41.660ns period=83.330ns})
  Path Group:             sys_clk_pin
  Path Type:              Hold (Min at Slow Process Corner)
  Requirement:            0.000ns  (sys_clk_pin rise@0.000ns - clk_out1_PLL_A rise@0.000ns)
  Data Path Delay:        4.976ns  (logic 1.109ns (22.287%)  route 3.867ns (77.713%))
  Logic Levels:           4  (LUT5=2 MUXF7=2)
  Clock Path Skew:        3.725ns (DCD - SCD - CPR)
    Destination Clock Delay (DCD):    5.166ns
    Source Clock Delay      (SCD):    1.441ns
    Clock Pessimism Removal (CPR):    -0.000ns
  Clock Uncertainty:      0.900ns  ((TSJ^2 + DJ^2)^1/2) / 2 + PE
    Total System Jitter     (TSJ):    0.071ns
    Discrete Jitter          (DJ):    0.457ns
    Phase Error              (PE):    0.668ns
  Clock Domain Crossing:  Inter clock paths are considered valid unless explicitly excluded by timing constraints such as set_clock_groups or set_false_path.

    Location             Delay type                Incr(ns)  Path(ns)    Netlist Resource(s)
  -------------------------------------------------------------------    -------------------
                         (clock clk_out1_PLL_A rise edge)
                                                      0.000     0.000 r  
    BUFGCTRL_X0Y1        BUFG                         0.000     0.000 r  clk_IBUF_BUFG_inst/O
                         net (fo=45, routed)          1.455     1.455    plla/inst/clk_in1
    MMCME2_ADV_X0Y0      MMCME2_ADV (Prop_mmcme2_adv_CLKIN1_CLKOUT0)
                                                     -3.133    -1.678 r  plla/inst/mmcm_adv_inst/CLKOUT0
                         net (fo=1, routed)           1.587    -0.091    plla/inst/clk_out1_PLL_A
    BUFGCTRL_X0Y0        BUFG (Prop_bufg_I_O)         0.091     0.000 r  plla/inst/clkout1_buf/O
                         net (fo=235, routed)         1.441     1.441    counter_TDC/clk_out1
    SLICE_X56Y89         FDRE                                         r  counter_TDC/count_reg[12]/C
  -------------------------------------------------------------------    -------------------
    SLICE_X56Y89         FDRE (Prop_fdre_C_Q)         0.418     1.859 r  counter_TDC/count_reg[12]/Q
                         net (fo=2, routed)           1.911     3.769    counter_TDC/count_reg[12]
    SLICE_X57Y88         LUT5 (Prop_lut5_I0_O)        0.100     3.869 f  counter_TDC/uart_data[0]_i_6/O
                         net (fo=1, routed)           0.000     3.869    counter_TDC/uart_data[0]_i_6_n_0
    SLICE_X57Y88         MUXF7 (Prop_muxf7_I1_O)      0.175     4.044 f  counter_TDC/uart_data_reg[0]_i_2/O
                         net (fo=3, routed)           1.956     6.001    counter_TDC/char_idx_reg[0]_2
    SLICE_X58Y88         LUT5 (Prop_lut5_I1_O)        0.241     6.242 r  counter_TDC/uart_data[2]_i_3/O
                         net (fo=1, routed)           0.000     6.242    converter/uart_data_reg[2]_0
    SLICE_X58Y88         MUXF7 (Prop_muxf7_I1_O)      0.175     6.417 r  converter/uart_data_reg[2]_i_1/O
                         net (fo=1, routed)           0.000     6.417    converter/uart_data[2]
    SLICE_X58Y88         FDRE                                         r  converter/uart_data_reg[2]/D
  -------------------------------------------------------------------    -------------------

                         (clock sys_clk_pin rise edge)
                                                      0.000     0.000 r  
    L17                                               0.000     0.000 r  clk (IN)
                         net (fo=0)                   0.000     0.000    clk
    L17                  IBUF (Prop_ibuf_I_O)         1.476     1.476 r  clk_IBUF_inst/O
                         net (fo=1, routed)           1.972     3.448    clk_IBUF
    BUFGCTRL_X0Y1        BUFG (Prop_bufg_I_O)         0.096     3.544 r  clk_IBUF_BUFG_inst/O
                         net (fo=45, routed)          1.622     5.166    converter/clk
    SLICE_X58Y88         FDRE                                         r  converter/uart_data_reg[2]/C
                         clock pessimism              0.000     5.166    
                         clock uncertainty            0.900     6.065    
    SLICE_X58Y88         FDRE (Hold_fdre_C_D)         0.297     6.362    converter/uart_data_reg[2]
  -------------------------------------------------------------------
                         required time                         -6.362    
                         arrival time                           6.417    
  -------------------------------------------------------------------
                         slack                                  0.055    

Slack (MET) :             0.139ns  (arrival time - required time)
  Source:                 counter_TDC/count_reg[1]/C
                            (rising edge-triggered cell FDRE clocked by clk_out1_PLL_A  {rise@0.000ns fall@3.333ns period=6.667ns})
  Destination:            converter/uart_data_reg[3]/D
                            (rising edge-triggered cell FDRE clocked by sys_clk_pin  {rise@0.000ns fall@41.660ns period=83.330ns})
  Path Group:             sys_clk_pin
  Path Type:              Hold (Min at Slow Process Corner)
  Requirement:            0.000ns  (sys_clk_pin rise@0.000ns - clk_out1_PLL_A rise@0.000ns)
  Data Path Delay:        5.062ns  (logic 1.105ns (21.827%)  route 3.957ns (78.173%))
  Logic Levels:           4  (LUT5=2 MUXF7=2)
  Clock Path Skew:        3.727ns (DCD - SCD - CPR)
    Destination Clock Delay (DCD):    5.165ns
    Source Clock Delay      (SCD):    1.438ns
    Clock Pessimism Removal (CPR):    -0.000ns
  Clock Uncertainty:      0.900ns  ((TSJ^2 + DJ^2)^1/2) / 2 + PE
    Total System Jitter     (TSJ):    0.071ns
    Discrete Jitter          (DJ):    0.457ns
    Phase Error              (PE):    0.668ns
  Clock Domain Crossing:  Inter clock paths are considered valid unless explicitly excluded by timing constraints such as set_clock_groups or set_false_path.

    Location             Delay type                Incr(ns)  Path(ns)    Netlist Resource(s)
  -------------------------------------------------------------------    -------------------
                         (clock clk_out1_PLL_A rise edge)
                                                      0.000     0.000 r  
    BUFGCTRL_X0Y1        BUFG                         0.000     0.000 r  clk_IBUF_BUFG_inst/O
                         net (fo=45, routed)          1.455     1.455    plla/inst/clk_in1
    MMCME2_ADV_X0Y0      MMCME2_ADV (Prop_mmcme2_adv_CLKIN1_CLKOUT0)
                                                     -3.133    -1.678 r  plla/inst/mmcm_adv_inst/CLKOUT0
                         net (fo=1, routed)           1.587    -0.091    plla/inst/clk_out1_PLL_A
    BUFGCTRL_X0Y0        BUFG (Prop_bufg_I_O)         0.091     0.000 r  plla/inst/clkout1_buf/O
                         net (fo=235, routed)         1.438     1.438    counter_TDC/clk_out1
    SLICE_X56Y86         FDRE                                         r  counter_TDC/count_reg[1]/C
  -------------------------------------------------------------------    -------------------
    SLICE_X56Y86         FDRE (Prop_fdre_C_Q)         0.418     1.856 f  counter_TDC/count_reg[1]/Q
                         net (fo=3, routed)           1.943     3.799    counter_TDC/D[1]
    SLICE_X58Y89         LUT5 (Prop_lut5_I4_O)        0.100     3.899 f  counter_TDC/uart_data[1]_i_7/O
                         net (fo=1, routed)           0.000     3.899    counter_TDC/uart_data[1]_i_7_n_0
    SLICE_X58Y89         MUXF7 (Prop_muxf7_I0_O)      0.171     4.070 f  counter_TDC/uart_data_reg[1]_i_3/O
                         net (fo=5, routed)           2.015     6.084    counter_TDC/char_idx_reg[0]_0
    SLICE_X58Y87         LUT5 (Prop_lut5_I3_O)        0.241     6.325 r  counter_TDC/uart_data[3]_i_4/O
                         net (fo=1, routed)           0.000     6.325    converter/uart_data_reg[3]_0
    SLICE_X58Y87         MUXF7 (Prop_muxf7_I1_O)      0.175     6.500 r  converter/uart_data_reg[3]_i_1/O
                         net (fo=1, routed)           0.000     6.500    converter/uart_data[3]
    SLICE_X58Y87         FDRE                                         r  converter/uart_data_reg[3]/D
  -------------------------------------------------------------------    -------------------

                         (clock sys_clk_pin rise edge)
                                                      0.000     0.000 r  
    L17                                               0.000     0.000 r  clk (IN)
                         net (fo=0)                   0.000     0.000    clk
    L17                  IBUF (Prop_ibuf_I_O)         1.476     1.476 r  clk_IBUF_inst/O
                         net (fo=1, routed)           1.972     3.448    clk_IBUF
    BUFGCTRL_X0Y1        BUFG (Prop_bufg_I_O)         0.096     3.544 r  clk_IBUF_BUFG_inst/O
                         net (fo=45, routed)          1.621     5.165    converter/clk
    SLICE_X58Y87         FDRE                                         r  converter/uart_data_reg[3]/C
                         clock pessimism              0.000     5.165    
                         clock uncertainty            0.900     6.064    
    SLICE_X58Y87         FDRE (Hold_fdre_C_D)         0.297     6.361    converter/uart_data_reg[3]
  -------------------------------------------------------------------
                         required time                         -6.361    
                         arrival time                           6.500    
  -------------------------------------------------------------------
                         slack                                  0.139    

Slack (MET) :             0.205ns  (arrival time - required time)
  Source:                 encoder/ones_reg[2]/C
                            (rising edge-triggered cell FDRE clocked by clk_out1_PLL_A  {rise@0.000ns fall@3.333ns period=6.667ns})
  Destination:            converter/uart_data_reg[4]/D
                            (rising edge-triggered cell FDRE clocked by sys_clk_pin  {rise@0.000ns fall@41.660ns period=83.330ns})
  Path Group:             sys_clk_pin
  Path Type:              Hold (Min at Slow Process Corner)
  Requirement:            0.000ns  (sys_clk_pin rise@0.000ns - clk_out1_PLL_A rise@0.000ns)
  Data Path Delay:        5.033ns  (logic 0.567ns (11.266%)  route 4.466ns (88.734%))
  Logic Levels:           2  (LUT5=1 LUT6=1)
  Clock Path Skew:        3.659ns (DCD - SCD - CPR)
    Destination Clock Delay (DCD):    5.165ns
    Source Clock Delay      (SCD):    1.506ns
    Clock Pessimism Removal (CPR):    -0.000ns
  Clock Uncertainty:      0.900ns  ((TSJ^2 + DJ^2)^1/2) / 2 + PE
    Total System Jitter     (TSJ):    0.071ns
    Discrete Jitter          (DJ):    0.457ns
    Phase Error              (PE):    0.668ns
  Clock Domain Crossing:  Inter clock paths are considered valid unless explicitly excluded by timing constraints such as set_clock_groups or set_false_path.

    Location             Delay type                Incr(ns)  Path(ns)    Netlist Resource(s)
  -------------------------------------------------------------------    -------------------
                         (clock clk_out1_PLL_A rise edge)
                                                      0.000     0.000 r  
    BUFGCTRL_X0Y1        BUFG                         0.000     0.000 r  clk_IBUF_BUFG_inst/O
                         net (fo=45, routed)          1.455     1.455    plla/inst/clk_in1
    MMCME2_ADV_X0Y0      MMCME2_ADV (Prop_mmcme2_adv_CLKIN1_CLKOUT0)
                                                     -3.133    -1.678 r  plla/inst/mmcm_adv_inst/CLKOUT0
                         net (fo=1, routed)           1.587    -0.091    plla/inst/clk_out1_PLL_A
    BUFGCTRL_X0Y0        BUFG (Prop_bufg_I_O)         0.091     0.000 r  plla/inst/clkout1_buf/O
                         net (fo=235, routed)         1.506     1.506    encoder/clk_out1
    SLICE_X62Y88         FDRE                                         r  encoder/ones_reg[2]/C
  -------------------------------------------------------------------    -------------------
    SLICE_X62Y88         FDRE (Prop_fdre_C_Q)         0.367     1.873 f  encoder/ones_reg[2]/Q
                         net (fo=4, routed)           2.377     4.250    encoder/ones_reg[5]_1[2]
    SLICE_X60Y87         LUT5 (Prop_lut5_I1_O)        0.100     4.350 f  encoder/uart_data[5]_i_2/O
                         net (fo=5, routed)           2.089     6.439    converter/uart_data_reg[5]_1
    SLICE_X59Y87         LUT6 (Prop_lut6_I5_O)        0.100     6.539 r  converter/uart_data[4]_i_1/O
                         net (fo=1, routed)           0.000     6.539    converter/uart_data[4]
    SLICE_X59Y87         FDRE                                         r  converter/uart_data_reg[4]/D
  -------------------------------------------------------------------    -------------------

                         (clock sys_clk_pin rise edge)
                                                      0.000     0.000 r  
    L17                                               0.000     0.000 r  clk (IN)
                         net (fo=0)                   0.000     0.000    clk
    L17                  IBUF (Prop_ibuf_I_O)         1.476     1.476 r  clk_IBUF_inst/O
                         net (fo=1, routed)           1.972     3.448    clk_IBUF
    BUFGCTRL_X0Y1        BUFG (Prop_bufg_I_O)         0.096     3.544 r  clk_IBUF_BUFG_inst/O
                         net (fo=45, routed)          1.621     5.165    converter/clk
    SLICE_X59Y87         FDRE                                         r  converter/uart_data_reg[4]/C
                         clock pessimism              0.000     5.165    
                         clock uncertainty            0.900     6.064    
    SLICE_X59Y87         FDRE (Hold_fdre_C_D)         0.269     6.333    converter/uart_data_reg[4]
  -------------------------------------------------------------------
                         required time                         -6.333    
                         arrival time                           6.539    
  -------------------------------------------------------------------
                         slack                                  0.205    

Slack (MET) :             0.249ns  (arrival time - required time)
  Source:                 counter_TDC/count_reg[11]/C
                            (rising edge-triggered cell FDRE clocked by clk_out1_PLL_A  {rise@0.000ns fall@3.333ns period=6.667ns})
  Destination:            converter/uart_data_reg[5]/D
                            (rising edge-triggered cell FDRE clocked by sys_clk_pin  {rise@0.000ns fall@41.660ns period=83.330ns})
  Path Group:             sys_clk_pin
  Path Type:              Hold (Min at Fast Process Corner)
  Requirement:            0.000ns  (sys_clk_pin rise@0.000ns - clk_out1_PLL_A rise@0.000ns)
  Data Path Delay:        2.682ns  (logic 0.433ns (16.147%)  route 2.249ns (83.853%))
  Logic Levels:           4  (LUT3=1 LUT5=1 LUT6=1 MUXF7=1)
  Clock Path Skew:        1.442ns (DCD - SCD - CPR)
    Destination Clock Delay (DCD):    2.006ns
    Source Clock Delay      (SCD):    0.564ns
    Clock Pessimism Removal (CPR):    -0.000ns
  Clock Uncertainty:      0.900ns  ((TSJ^2 + DJ^2)^1/2) / 2 + PE
    Total System Jitter     (TSJ):    0.071ns
    Discrete Jitter          (DJ):    0.457ns
    Phase Error              (PE):    0.668ns
  Clock Domain Crossing:  Inter clock paths are considered valid unless explicitly excluded by timing constraints such as set_clock_groups or set_false_path.

    Location             Delay type                Incr(ns)  Path(ns)    Netlist Resource(s)
  -------------------------------------------------------------------    -------------------
                         (clock clk_out1_PLL_A rise edge)
                                                      0.000     0.000 r  
    BUFGCTRL_X0Y1        BUFG                         0.000     0.000 r  clk_IBUF_BUFG_inst/O
                         net (fo=45, routed)          0.549     0.549    plla/inst/clk_in1
    MMCME2_ADV_X0Y0      MMCME2_ADV (Prop_mmcme2_adv_CLKIN1_CLKOUT0)
                                                     -1.063    -0.515 r  plla/inst/mmcm_adv_inst/CLKOUT0
                         net (fo=1, routed)           0.489    -0.026    plla/inst/clk_out1_PLL_A
    BUFGCTRL_X0Y0        BUFG (Prop_bufg_I_O)         0.026     0.000 r  plla/inst/clkout1_buf/O
                         net (fo=235, routed)         0.564     0.564    counter_TDC/clk_out1
    SLICE_X56Y88         FDRE                                         r  counter_TDC/count_reg[11]/C
  -------------------------------------------------------------------    -------------------
    SLICE_X56Y88         FDRE (Prop_fdre_C_Q)         0.164     0.728 f  counter_TDC/count_reg[11]/Q
                         net (fo=2, routed)           1.011     1.738    counter_TDC/count_reg[11]
    SLICE_X57Y88         LUT5 (Prop_lut5_I0_O)        0.045     1.783 f  counter_TDC/uart_data[6]_i_8/O
                         net (fo=1, routed)           0.000     1.783    counter_TDC/uart_data[6]_i_8_n_0
    SLICE_X57Y88         MUXF7 (Prop_muxf7_I0_O)      0.071     1.854 f  counter_TDC/uart_data_reg[6]_i_5/O
                         net (fo=4, routed)           0.734     2.588    counter_TDC/uart_data_reg[6]_i_5_n_0
    SLICE_X59Y87         LUT3 (Prop_lut3_I0_O)        0.108     2.696 f  counter_TDC/uart_data[6]_i_3/O
                         net (fo=4, routed)           0.504     3.200    converter/uart_data_reg[5]_0
    SLICE_X59Y86         LUT6 (Prop_lut6_I0_O)        0.045     3.245 r  converter/uart_data[5]_i_1/O
                         net (fo=1, routed)           0.000     3.245    converter/uart_data[5]
    SLICE_X59Y86         FDRE                                         r  converter/uart_data_reg[5]/D
  -------------------------------------------------------------------    -------------------

                         (clock sys_clk_pin rise edge)
                                                      0.000     0.000 r  
    L17                                               0.000     0.000 r  clk (IN)
                         net (fo=0)                   0.000     0.000    clk
    L17                  IBUF (Prop_ibuf_I_O)         0.432     0.432 r  clk_IBUF_inst/O
                         net (fo=1, routed)           0.689     1.120    clk_IBUF
    BUFGCTRL_X0Y1        BUFG (Prop_bufg_I_O)         0.029     1.149 r  clk_IBUF_BUFG_inst/O
                         net (fo=45, routed)          0.856     2.006    converter/clk
    SLICE_X59Y86         FDRE                                         r  converter/uart_data_reg[5]/C
                         clock pessimism              0.000     2.006    
                         clock uncertainty            0.900     2.906    
    SLICE_X59Y86         FDRE (Hold_fdre_C_D)         0.091     2.997    converter/uart_data_reg[5]
  -------------------------------------------------------------------
                         required time                         -2.997    
                         arrival time                           3.245    
  -------------------------------------------------------------------
                         slack                                  0.249    

Slack (MET) :             0.285ns  (arrival time - required time)
  Source:                 counter_TDC/count_reg[11]/C
                            (rising edge-triggered cell FDRE clocked by clk_out1_PLL_A  {rise@0.000ns fall@3.333ns period=6.667ns})
  Destination:            converter/uart_data_reg[6]/D
                            (rising edge-triggered cell FDRE clocked by sys_clk_pin  {rise@0.000ns fall@41.660ns period=83.330ns})
  Path Group:             sys_clk_pin
  Path Type:              Hold (Min at Fast Process Corner)
  Requirement:            0.000ns  (sys_clk_pin rise@0.000ns - clk_out1_PLL_A rise@0.000ns)
  Data Path Delay:        2.719ns  (logic 0.433ns (15.927%)  route 2.286ns (84.073%))
  Logic Levels:           4  (LUT3=1 LUT5=1 LUT6=1 MUXF7=1)
  Clock Path Skew:        1.442ns (DCD - SCD - CPR)
    Destination Clock Delay (DCD):    2.006ns
    Source Clock Delay      (SCD):    0.564ns
    Clock Pessimism Removal (CPR):    -0.000ns
  Clock Uncertainty:      0.900ns  ((TSJ^2 + DJ^2)^1/2) / 2 + PE
    Total System Jitter     (TSJ):    0.071ns
    Discrete Jitter          (DJ):    0.457ns
    Phase Error              (PE):    0.668ns
  Clock Domain Crossing:  Inter clock paths are considered valid unless explicitly excluded by timing constraints such as set_clock_groups or set_false_path.

    Location             Delay type                Incr(ns)  Path(ns)    Netlist Resource(s)
  -------------------------------------------------------------------    -------------------
                         (clock clk_out1_PLL_A rise edge)
                                                      0.000     0.000 r  
    BUFGCTRL_X0Y1        BUFG                         0.000     0.000 r  clk_IBUF_BUFG_inst/O
                         net (fo=45, routed)          0.549     0.549    plla/inst/clk_in1
    MMCME2_ADV_X0Y0      MMCME2_ADV (Prop_mmcme2_adv_CLKIN1_CLKOUT0)
                                                     -1.063    -0.515 r  plla/inst/mmcm_adv_inst/CLKOUT0
                         net (fo=1, routed)           0.489    -0.026    plla/inst/clk_out1_PLL_A
    BUFGCTRL_X0Y0        BUFG (Prop_bufg_I_O)         0.026     0.000 r  plla/inst/clkout1_buf/O
                         net (fo=235, routed)         0.564     0.564    counter_TDC/clk_out1
    SLICE_X56Y88         FDRE                                         r  counter_TDC/count_reg[11]/C
  -------------------------------------------------------------------    -------------------
    SLICE_X56Y88         FDRE (Prop_fdre_C_Q)         0.164     0.728 r  counter_TDC/count_reg[11]/Q
                         net (fo=2, routed)           1.011     1.738    counter_TDC/count_reg[11]
    SLICE_X57Y88         LUT5 (Prop_lut5_I0_O)        0.045     1.783 r  counter_TDC/uart_data[6]_i_8/O
                         net (fo=1, routed)           0.000     1.783    counter_TDC/uart_data[6]_i_8_n_0
    SLICE_X57Y88         MUXF7 (Prop_muxf7_I0_O)      0.071     1.854 r  counter_TDC/uart_data_reg[6]_i_5/O
                         net (fo=4, routed)           0.734     2.588    counter_TDC/uart_data_reg[6]_i_5_n_0
    SLICE_X59Y87         LUT3 (Prop_lut3_I0_O)        0.108     2.696 r  counter_TDC/uart_data[6]_i_3/O
                         net (fo=4, routed)           0.541     3.237    converter/uart_data_reg[5]_0
    SLICE_X59Y86         LUT6 (Prop_lut6_I2_O)        0.045     3.282 r  converter/uart_data[6]_i_2/O
                         net (fo=1, routed)           0.000     3.282    converter/uart_data[6]
    SLICE_X59Y86         FDRE                                         r  converter/uart_data_reg[6]/D
  -------------------------------------------------------------------    -------------------

                         (clock sys_clk_pin rise edge)
                                                      0.000     0.000 r  
    L17                                               0.000     0.000 r  clk (IN)
                         net (fo=0)                   0.000     0.000    clk
    L17                  IBUF (Prop_ibuf_I_O)         0.432     0.432 r  clk_IBUF_inst/O
                         net (fo=1, routed)           0.689     1.120    clk_IBUF
    BUFGCTRL_X0Y1        BUFG (Prop_bufg_I_O)         0.029     1.149 r  clk_IBUF_BUFG_inst/O
                         net (fo=45, routed)          0.856     2.006    converter/clk
    SLICE_X59Y86         FDRE                                         r  converter/uart_data_reg[6]/C
                         clock pessimism              0.000     2.006    
                         clock uncertainty            0.900     2.906    
    SLICE_X59Y86         FDRE (Hold_fdre_C_D)         0.092     2.998    converter/uart_data_reg[6]
  -------------------------------------------------------------------
                         required time                         -2.998    
                         arrival time                           3.282    
  -------------------------------------------------------------------
                         slack                                  0.285    

Slack (MET) :             0.334ns  (arrival time - required time)
  Source:                 counter_TDC/count_reg[11]/C
                            (rising edge-triggered cell FDRE clocked by clk_out1_PLL_A  {rise@0.000ns fall@3.333ns period=6.667ns})
  Destination:            converter/uart_data_reg[1]/D
                            (rising edge-triggered cell FDRE clocked by sys_clk_pin  {rise@0.000ns fall@41.660ns period=83.330ns})
  Path Group:             sys_clk_pin
  Path Type:              Hold (Min at Fast Process Corner)
  Requirement:            0.000ns  (sys_clk_pin rise@0.000ns - clk_out1_PLL_A rise@0.000ns)
  Data Path Delay:        2.769ns  (logic 0.499ns (18.021%)  route 2.270ns (81.979%))
  Logic Levels:           4  (LUT4=1 LUT5=1 LUT6=1 MUXF7=1)
  Clock Path Skew:        1.443ns (DCD - SCD - CPR)
    Destination Clock Delay (DCD):    2.007ns
    Source Clock Delay      (SCD):    0.564ns
    Clock Pessimism Removal (CPR):    -0.000ns
  Clock Uncertainty:      0.900ns  ((TSJ^2 + DJ^2)^1/2) / 2 + PE
    Total System Jitter     (TSJ):    0.071ns
    Discrete Jitter          (DJ):    0.457ns
    Phase Error              (PE):    0.668ns
  Clock Domain Crossing:  Inter clock paths are considered valid unless explicitly excluded by timing constraints such as set_clock_groups or set_false_path.

    Location             Delay type                Incr(ns)  Path(ns)    Netlist Resource(s)
  -------------------------------------------------------------------    -------------------
                         (clock clk_out1_PLL_A rise edge)
                                                      0.000     0.000 r  
    BUFGCTRL_X0Y1        BUFG                         0.000     0.000 r  clk_IBUF_BUFG_inst/O
                         net (fo=45, routed)          0.549     0.549    plla/inst/clk_in1
    MMCME2_ADV_X0Y0      MMCME2_ADV (Prop_mmcme2_adv_CLKIN1_CLKOUT0)
                                                     -1.063    -0.515 r  plla/inst/mmcm_adv_inst/CLKOUT0
                         net (fo=1, routed)           0.489    -0.026    plla/inst/clk_out1_PLL_A
    BUFGCTRL_X0Y0        BUFG (Prop_bufg_I_O)         0.026     0.000 r  plla/inst/clkout1_buf/O
                         net (fo=235, routed)         0.564     0.564    counter_TDC/clk_out1
    SLICE_X56Y88         FDRE                                         r  counter_TDC/count_reg[11]/C
  -------------------------------------------------------------------    -------------------
    SLICE_X56Y88         FDRE (Prop_fdre_C_Q)         0.164     0.728 f  counter_TDC/count_reg[11]/Q
                         net (fo=2, routed)           1.011     1.738    counter_TDC/count_reg[11]
    SLICE_X57Y88         LUT5 (Prop_lut5_I0_O)        0.045     1.783 f  counter_TDC/uart_data[6]_i_8/O
                         net (fo=1, routed)           0.000     1.783    counter_TDC/uart_data[6]_i_8_n_0
    SLICE_X57Y88         MUXF7 (Prop_muxf7_I0_O)      0.071     1.854 f  counter_TDC/uart_data_reg[6]_i_5/O
                         net (fo=4, routed)           0.734     2.588    counter_TDC/uart_data_reg[6]_i_5_n_0
    SLICE_X59Y87         LUT4 (Prop_lut4_I2_O)        0.107     2.695 r  counter_TDC/uart_data[1]_i_2/O
                         net (fo=1, routed)           0.526     3.221    converter/uart_data_reg[1]_0
    SLICE_X58Y87         LUT6 (Prop_lut6_I0_O)        0.112     3.333 r  converter/uart_data[1]_i_1/O
                         net (fo=1, routed)           0.000     3.333    converter/uart_data[1]
    SLICE_X58Y87         FDRE                                         r  converter/uart_data_reg[1]/D
  -------------------------------------------------------------------    -------------------

                         (clock sys_clk_pin rise edge)
                                                      0.000     0.000 r  
    L17                                               0.000     0.000 r  clk (IN)
                         net (fo=0)                   0.000     0.000    clk
    L17                  IBUF (Prop_ibuf_I_O)         0.432     0.432 r  clk_IBUF_inst/O
                         net (fo=1, routed)           0.689     1.120    clk_IBUF
    BUFGCTRL_X0Y1        BUFG (Prop_bufg_I_O)         0.029     1.149 r  clk_IBUF_BUFG_inst/O
                         net (fo=45, routed)          0.858     2.007    converter/clk
    SLICE_X58Y87         FDRE                                         r  converter/uart_data_reg[1]/C
                         clock pessimism              0.000     2.007    
                         clock uncertainty            0.900     2.907    
    SLICE_X58Y87         FDRE (Hold_fdre_C_D)         0.092     2.999    converter/uart_data_reg[1]
  -------------------------------------------------------------------
                         required time                         -2.999    
                         arrival time                           3.333    
  -------------------------------------------------------------------
                         slack                                  0.334    

Slack (MET) :             0.415ns  (arrival time - required time)
  Source:                 encoder/validOut_reg/C
                            (rising edge-triggered cell FDRE clocked by clk_out1_PLL_A  {rise@0.000ns fall@3.333ns period=6.667ns})
  Destination:            converter/char_idx_reg[0]/CE
                            (rising edge-triggered cell FDRE clocked by sys_clk_pin  {rise@0.000ns fall@41.660ns period=83.330ns})
  Path Group:             sys_clk_pin
  Path Type:              Hold (Min at Slow Process Corner)
  Requirement:            0.000ns  (sys_clk_pin rise@0.000ns - clk_out1_PLL_A rise@0.000ns)
  Data Path Delay:        4.982ns  (logic 0.623ns (12.504%)  route 4.359ns (87.496%))
  Logic Levels:           1  (LUT6=1)
  Clock Path Skew:        3.667ns (DCD - SCD - CPR)
    Destination Clock Delay (DCD):    5.165ns
    Source Clock Delay      (SCD):    1.498ns
    Clock Pessimism Removal (CPR):    -0.000ns
  Clock Uncertainty:      0.900ns  ((TSJ^2 + DJ^2)^1/2) / 2 + PE
    Total System Jitter     (TSJ):    0.071ns
    Discrete Jitter          (DJ):    0.457ns
    Phase Error              (PE):    0.668ns
  Clock Domain Crossing:  Inter clock paths are considered valid unless explicitly excluded by timing constraints such as set_clock_groups or set_false_path.

    Location             Delay type                Incr(ns)  Path(ns)    Netlist Resource(s)
  -------------------------------------------------------------------    -------------------
                         (clock clk_out1_PLL_A rise edge)
                                                      0.000     0.000 r  
    BUFGCTRL_X0Y1        BUFG                         0.000     0.000 r  clk_IBUF_BUFG_inst/O
                         net (fo=45, routed)          1.455     1.455    plla/inst/clk_in1
    MMCME2_ADV_X0Y0      MMCME2_ADV (Prop_mmcme2_adv_CLKIN1_CLKOUT0)
                                                     -3.133    -1.678 r  plla/inst/mmcm_adv_inst/CLKOUT0
                         net (fo=1, routed)           1.587    -0.091    plla/inst/clk_out1_PLL_A
    BUFGCTRL_X0Y0        BUFG (Prop_bufg_I_O)         0.091     0.000 r  plla/inst/clkout1_buf/O
                         net (fo=235, routed)         1.498     1.498    encoder/clk_out1
    SLICE_X60Y81         FDRE                                         r  encoder/validOut_reg/C
  -------------------------------------------------------------------    -------------------
    SLICE_X60Y81         FDRE (Prop_fdre_C_Q)         0.385     1.883 r  encoder/validOut_reg/Q
                         net (fo=4, routed)           2.418     4.301    converter/validOut
    SLICE_X61Y87         LUT6 (Prop_lut6_I3_O)        0.238     4.539 r  converter/char_idx[3]_i_1/O
                         net (fo=4, routed)           1.941     6.480    converter/char_idx[3]_i_1_n_0
    SLICE_X60Y87         FDRE                                         r  converter/char_idx_reg[0]/CE
  -------------------------------------------------------------------    -------------------

                         (clock sys_clk_pin rise edge)
                                                      0.000     0.000 r  
    L17                                               0.000     0.000 r  clk (IN)
                         net (fo=0)                   0.000     0.000    clk
    L17                  IBUF (Prop_ibuf_I_O)         1.476     1.476 r  clk_IBUF_inst/O
                         net (fo=1, routed)           1.972     3.448    clk_IBUF
    BUFGCTRL_X0Y1        BUFG (Prop_bufg_I_O)         0.096     3.544 r  clk_IBUF_BUFG_inst/O
                         net (fo=45, routed)          1.621     5.165    converter/clk
    SLICE_X60Y87         FDRE                                         r  converter/char_idx_reg[0]/C
                         clock pessimism              0.000     5.165    
                         clock uncertainty            0.900     6.064    
    SLICE_X60Y87         FDRE (Hold_fdre_C_CE)        0.001     6.065    converter/char_idx_reg[0]
  -------------------------------------------------------------------
                         required time                         -6.065    
                         arrival time                           6.480    
  -------------------------------------------------------------------
                         slack                                  0.415    

Slack (MET) :             0.502ns  (arrival time - required time)
  Source:                 encoder/validOut_reg/C
                            (rising edge-triggered cell FDRE clocked by clk_out1_PLL_A  {rise@0.000ns fall@3.333ns period=6.667ns})
  Destination:            converter/char_idx_reg[1]/CE
                            (rising edge-triggered cell FDRE clocked by sys_clk_pin  {rise@0.000ns fall@41.660ns period=83.330ns})
  Path Group:             sys_clk_pin
  Path Type:              Hold (Min at Slow Process Corner)
  Requirement:            0.000ns  (sys_clk_pin rise@0.000ns - clk_out1_PLL_A rise@0.000ns)
  Data Path Delay:        5.024ns  (logic 0.623ns (12.401%)  route 4.401ns (87.599%))
  Logic Levels:           1  (LUT6=1)
  Clock Path Skew:        3.667ns (DCD - SCD - CPR)
    Destination Clock Delay (DCD):    5.165ns
    Source Clock Delay      (SCD):    1.498ns
    Clock Pessimism Removal (CPR):    -0.000ns
  Clock Uncertainty:      0.900ns  ((TSJ^2 + DJ^2)^1/2) / 2 + PE
    Total System Jitter     (TSJ):    0.071ns
    Discrete Jitter          (DJ):    0.457ns
    Phase Error              (PE):    0.668ns
  Clock Domain Crossing:  Inter clock paths are considered valid unless explicitly excluded by timing constraints such as set_clock_groups or set_false_path.

    Location             Delay type                Incr(ns)  Path(ns)    Netlist Resource(s)
  -------------------------------------------------------------------    -------------------
                         (clock clk_out1_PLL_A rise edge)
                                                      0.000     0.000 r  
    BUFGCTRL_X0Y1        BUFG                         0.000     0.000 r  clk_IBUF_BUFG_inst/O
                         net (fo=45, routed)          1.455     1.455    plla/inst/clk_in1
    MMCME2_ADV_X0Y0      MMCME2_ADV (Prop_mmcme2_adv_CLKIN1_CLKOUT0)
                                                     -3.133    -1.678 r  plla/inst/mmcm_adv_inst/CLKOUT0
                         net (fo=1, routed)           1.587    -0.091    plla/inst/clk_out1_PLL_A
    BUFGCTRL_X0Y0        BUFG (Prop_bufg_I_O)         0.091     0.000 r  plla/inst/clkout1_buf/O
                         net (fo=235, routed)         1.498     1.498    encoder/clk_out1
    SLICE_X60Y81         FDRE                                         r  encoder/validOut_reg/C
  -------------------------------------------------------------------    -------------------
    SLICE_X60Y81         FDRE (Prop_fdre_C_Q)         0.385     1.883 r  encoder/validOut_reg/Q
                         net (fo=4, routed)           2.418     4.301    converter/validOut
    SLICE_X61Y87         LUT6 (Prop_lut6_I3_O)        0.238     4.539 r  converter/char_idx[3]_i_1/O
                         net (fo=4, routed)           1.982     6.521    converter/char_idx[3]_i_1_n_0
    SLICE_X61Y87         FDRE                                         r  converter/char_idx_reg[1]/CE
  -------------------------------------------------------------------    -------------------

                         (clock sys_clk_pin rise edge)
                                                      0.000     0.000 r  
    L17                                               0.000     0.000 r  clk (IN)
                         net (fo=0)                   0.000     0.000    clk
    L17                  IBUF (Prop_ibuf_I_O)         1.476     1.476 r  clk_IBUF_inst/O
                         net (fo=1, routed)           1.972     3.448    clk_IBUF
    BUFGCTRL_X0Y1        BUFG (Prop_bufg_I_O)         0.096     3.544 r  clk_IBUF_BUFG_inst/O
                         net (fo=45, routed)          1.621     5.165    converter/clk
    SLICE_X61Y87         FDRE                                         r  converter/char_idx_reg[1]/C
                         clock pessimism              0.000     5.165    
                         clock uncertainty            0.900     6.064    
    SLICE_X61Y87         FDRE (Hold_fdre_C_CE)       -0.045     6.019    converter/char_idx_reg[1]
  -------------------------------------------------------------------
                         required time                         -6.019    
                         arrival time                           6.521    
  -------------------------------------------------------------------
                         slack                                  0.502    

Slack (MET) :             0.562ns  (arrival time - required time)
  Source:                 encoder/validOut_reg/C
                            (rising edge-triggered cell FDRE clocked by clk_out1_PLL_A  {rise@0.000ns fall@3.333ns period=6.667ns})
  Destination:            converter/char_idx_reg[2]/CE
                            (rising edge-triggered cell FDRE clocked by sys_clk_pin  {rise@0.000ns fall@41.660ns period=83.330ns})
  Path Group:             sys_clk_pin
  Path Type:              Hold (Min at Slow Process Corner)
  Requirement:            0.000ns  (sys_clk_pin rise@0.000ns - clk_out1_PLL_A rise@0.000ns)
  Data Path Delay:        5.085ns  (logic 0.623ns (12.251%)  route 4.462ns (87.749%))
  Logic Levels:           1  (LUT6=1)
  Clock Path Skew:        3.669ns (DCD - SCD - CPR)
    Destination Clock Delay (DCD):    5.167ns
    Source Clock Delay      (SCD):    1.498ns
    Clock Pessimism Removal (CPR):    -0.000ns
  Clock Uncertainty:      0.900ns  ((TSJ^2 + DJ^2)^1/2) / 2 + PE
    Total System Jitter     (TSJ):    0.071ns
    Discrete Jitter          (DJ):    0.457ns
    Phase Error              (PE):    0.668ns
  Clock Domain Crossing:  Inter clock paths are considered valid unless explicitly excluded by timing constraints such as set_clock_groups or set_false_path.

    Location             Delay type                Incr(ns)  Path(ns)    Netlist Resource(s)
  -------------------------------------------------------------------    -------------------
                         (clock clk_out1_PLL_A rise edge)
                                                      0.000     0.000 r  
    BUFGCTRL_X0Y1        BUFG                         0.000     0.000 r  clk_IBUF_BUFG_inst/O
                         net (fo=45, routed)          1.455     1.455    plla/inst/clk_in1
    MMCME2_ADV_X0Y0      MMCME2_ADV (Prop_mmcme2_adv_CLKIN1_CLKOUT0)
                                                     -3.133    -1.678 r  plla/inst/mmcm_adv_inst/CLKOUT0
                         net (fo=1, routed)           1.587    -0.091    plla/inst/clk_out1_PLL_A
    BUFGCTRL_X0Y0        BUFG (Prop_bufg_I_O)         0.091     0.000 r  plla/inst/clkout1_buf/O
                         net (fo=235, routed)         1.498     1.498    encoder/clk_out1
    SLICE_X60Y81         FDRE                                         r  encoder/validOut_reg/C
  -------------------------------------------------------------------    -------------------
    SLICE_X60Y81         FDRE (Prop_fdre_C_Q)         0.385     1.883 r  encoder/validOut_reg/Q
                         net (fo=4, routed)           2.418     4.301    converter/validOut
    SLICE_X61Y87         LUT6 (Prop_lut6_I3_O)        0.238     4.539 r  converter/char_idx[3]_i_1/O
                         net (fo=4, routed)           2.044     6.583    converter/char_idx[3]_i_1_n_0
    SLICE_X59Y89         FDRE                                         r  converter/char_idx_reg[2]/CE
  -------------------------------------------------------------------    -------------------

                         (clock sys_clk_pin rise edge)
                                                      0.000     0.000 r  
    L17                                               0.000     0.000 r  clk (IN)
                         net (fo=0)                   0.000     0.000    clk
    L17                  IBUF (Prop_ibuf_I_O)         1.476     1.476 r  clk_IBUF_inst/O
                         net (fo=1, routed)           1.972     3.448    clk_IBUF
    BUFGCTRL_X0Y1        BUFG (Prop_bufg_I_O)         0.096     3.544 r  clk_IBUF_BUFG_inst/O
                         net (fo=45, routed)          1.623     5.167    converter/clk
    SLICE_X59Y89         FDRE                                         r  converter/char_idx_reg[2]/C
                         clock pessimism              0.000     5.167    
                         clock uncertainty            0.900     6.066    
    SLICE_X59Y89         FDRE (Hold_fdre_C_CE)       -0.045     6.021    converter/char_idx_reg[2]
  -------------------------------------------------------------------
                         required time                         -6.021    
                         arrival time                           6.583    
  -------------------------------------------------------------------
                         slack                                  0.562    





